code,n_rows,last_price,prev_close,gap_pct,rvol,avg_vol_20d,avg_dollar_vol_20d,adr_pct,sma50,sma200,perf_4w,perf_13w,perf_26w,perf_ytd,perf_52w,consecutive_up_days
HK.00001,491,73.25,72.25,1.384083044982699,0.7796646140500126,6564860.0,480875995.0,2.3098051842775535,69.48399978637696,61.26912412643433,4.642857142857143,10.223468022760555,19.35024946824879,38.7999150230329,42.55249696755621,1
HK.00002,491,77.5999984741211,76.30000305175781,1.7037947186993352,1.4604739781208373,3457680.3,268315986.00399855,1.528474646599085,75.29872863769532,71.67719705581665,1.3054830547259668,3.929199470707546,8.22641857157161,13.955129326218374,19.54578139614588,1
HK.00003,491,6.809999942779541,6.784999847412109,0.3684612517267339,1.8536798377115615,25521246.35,173799686.18316257,1.639714854723364,6.7872513484954835,6.995023815631867,2.7149294906731947,-2.8219365846947055,-3.355887407915888,-1.0451314444824067,1.3813358343598103,1
HK.00004,491,21.579999923706055,20.360000610351562,5.9921379016767435,3.974872878212523,1530071.55,33018943.932264805,3.105045763216521,19.637799911499023,22.624096174240112,14.78723829501693,-14.838201287452794,-13.100246510014973,-2.43245054180216,-5.0823141451000104,3
HK.00005,491,161.1999969482422,160.10000610351562,0.6870648362220193,0.7642534859397904,15402241.8,2482841331.1560884,1.6133473067385995,152.43,130.52269172668457,5.0162846568353014,19.190992104180054,28.08486304784152,33.95841918864668,67.66940169192986,1
HK.00006,491,57.70000076293945,57.599998474121094,0.17361508935332537,0.8886512493718126,2399634.3,138458900.94077566,1.6497367022646048,57.74999977111816,56.76565225601196,-1.28314797298607,-8.333803005880059,0.2237618373623164,8.03812392038367,15.9042973459888,1
HK.00007,490,0.03200000151991844,0.03200000151991844,0.0,,0.0,0.0,0.0,0.03200000151991844,0.03200000151991844,0.0,0.0,0.0,0.0,0.0,0
HK.00008,491,5.514999866485596,5.625,-1.9555579291449652,2.00976847982403,8473538.55,46731563.97191055,2.031482446805798,5.656999988555908,5.607808156013489,-0.9874381235319816,-6.12345595239564,4.760776848667696,4.382576299424333,4.93061128210246,0
HK.00010,491,13.239999771118164,13.460000038146973,-1.6344744903811743,0.8043548968324362,722663.2,9568060.60259552,2.1123916457334575,13.51720001220703,14.802456197738648,2.874902011259878,-15.1825800548769,-15.286777450276585,-9.860699464006958,-2.7995711547895827,0
HK.00012,491,26.8799991607666,27.479999542236328,-2.183407538080688,2.0015657023704154,7320660.45,196779346.75225726,2.5109032410912224,27.08113063812256,29.16499882698059,5.993684991453033,-15.337680012082206,-8.665614341759234,-4.754882146098518,0.7179035432712122,0
HK.00013,491,19.479999542236328,18.459999084472656,5.5254632088342275,3.577240490665079,3433293.15,66880548.99036312,4.035993533420849,17.560799999237062,21.221949944496156,9.994356574052734,-6.256020699963881,-19.90131666661961,-6.972306373377057,-36.23567912039447,5
HK.00014,491,17.920000076293945,18.09000015258789,-0.9397461296849449,0.8213131493164351,1043798.6,18704870.991635513,2.56619875299236,17.597799911499024,18.322399559020997,3.344866889286003,-9.49494562225903,-11.366420215975484,-1.038359581458298,19.66019414384404,0
HK.00016,491,115.4000015258789,116.0,-0.5172400638974947,1.5493750467815222,4695495.65,541860205.1747578,2.697981156460789,119.13399948120117,117.81872051239014,-2.2033885373907576,-16.738819304459067,1.4990624945897664,20.30686237150338,26.006916768189463,0
HK.00017,491,6.739999771118164,6.715000152587891,0.3722951297423105,0.7350981790020337,3691535.05,24880945.392074678,3.2338634372700223,6.994500026702881,8.132024972438812,4.012341840731239,-23.40909517008402,-28.45010916634894,-8.795671273490118,3.0581010769374575,1
HK.00018,491,0.21299999952316284,0.21400000154972076,-0.4672906632318794,0.06759869409337634,798632.0,170108.6156191826,3.060546225184693,0.25315999776124953,0.29639000110328195,-14.800000190734863,-21.111114422480135,-31.29032326290436,-30.163936220295636,-41.577139804139264,0
HK.00019,491,98.94999694824219,96.6500015258789,2.3797158676168637,1.7326074511912595,1051948.5,104090300.86470795,3.477525904164447,87.09699981689454,77.40934986114502,12.956619488382898,15.52830728011689,36.72522113948876,59.90626250849876,41.36257727375332,2
HK.00020,491,1.4600000381469727,1.5199999809265137,-3.9473647060816504,1.1625553990116155,472464968.95,689798872.6901082,5.222818609053327,1.4520000052452087,2.0093000042438507,3.5461044474619707,-26.999998092651367,-41.129031172652155,-34.23423336345785,-8.749998975545182,0
HK.00021,491,0.0820000022649765,0.07000000029802322,17.142859879805105,15.003383680580553,1215510.0,99671.82275310159,8.32308585249243,0.07602000035345555,0.08514499975368381,13.888896937355929,24.242428347427346,-4.651163395125501,-20.388347407697072,-39.259259995119045,3
HK.00022,491,1.8799999952316284,1.875,0.2666664123535156,0.5466363490204185,84258.0,158405.03959822655,5.48780502731892,2.2142999958992005,6.493824992775917,-3.0927866092331895,-40.31746227574841,-82.26415162665344,-76.79012460872863,-77.88235299727496,1
HK.00023,491,16.139999389648438,16.389999389648438,-1.5253203740684365,0.6532951743152943,2308249.4,37255143.90715637,2.954417108784477,13.925600013732911,13.731584181785584,23.583452305295822,19.290463475154034,19.512915418916947,21.55209030757304,35.008520191069906,0
HK.00025,490,4.824999809265137,4.820000171661377,0.1037269175456579,1.183249764963961,13019.15,62817.3962667942,0.2247073840867209,4.581100006103515,4.213260459899902,-5.945424919527921,20.927313226381187,14.880953056742035,16.265052973160042,25.47487280469522,1
HK.00026,491,58.0,58.5,-0.8547008547008548,5.43493615865254,2340.65,135757.7,0.7440201451121576,57.88700012207031,57.19524303436279,0.172708931754343,2.713293531164663,-0.149496464071069,1.9871334444317146,4.424999634273711,0
HK.00027,491,32.880001068115234,33.540000915527344,-1.9677991335610323,0.40185884412441036,15972612.2,525179506.1965904,2.710054557061043,31.503199920654296,35.65560631752014,4.447273018541634,4.042527662849531,-19.354591218306545,-12.759368532645391,-10.941374999922507,0
HK.00028,491,3.450000047683716,3.559999942779541,-3.089884743367175,0.8333333333333334,54550.0,188197.5026011467,2.433178530810722,3.6650000286102293,4.162161923646927,-11.311055150506167,-17.464110302249747,-23.85330152965398,-21.535791125179983,-22.212210936903638,0
HK.00029,491,9.585000038146973,9.399999618530273,1.9680896502592065,0.5340653589186245,36848.6,353193.8324056625,1.0235368618160066,10.264500026702882,11.41403061389923,-2.4923691501587872,-18.076921415360303,-20.753509424012602,-26.069194360557002,-26.771934883815142,1
HK.00030,491,0.24300000071525574,0.2460000067949295,-1.2195146328490274,0.38871049518337,445600.0,108280.80031871796,3.635478495674538,0.24051999986171724,0.2506849992275238,-10.000003311369023,-2.0161271424775755,-2.0161271424775755,-0.409836891524983,-10.000003311369023,0
HK.00031,491,0.5099999904632568,0.5149999856948853,-0.9708728874782327,0.23516616247722502,9255136.0,4720119.271736145,5.034040857861135,0.5951000028848648,0.5848250013589859,-16.393446147009282,3.0303001111897543,-23.88060033440874,-28.16901325682895,-1.9230751596258298,0
HK.00032,491,7.635000228881836,7.639999866485596,-0.06544028391533993,0.40826210342073516,11659.65,89021.4304186821,0.6995023541265244,7.673884143829346,7.924369351863861,1.8000030517578127,-5.938114184363165,-2.222087604897446,-2.5828887022963274,0.4341465746177743,0
HK.00033,490,0.4000000059604645,0.4000000059604645,0.0,,0.0,0.0,0.0,0.4000000059604645,0.4000000059604645,0.0,0.0,0.0,0.0,-39.393940899107136,0
HK.00034,491,4.789999961853027,4.730000019073486,1.2684977280675322,0.342611936358019,247478.05,1185419.8500594615,2.2901212914497138,4.844957542419434,4.465970081090927,-2.642278707825595,5.233539944788145,0.5087693652584634,15.068446389637083,62.88054641597739,1
HK.00035,491,0.6800000071525574,0.6800000071525574,0.0,0.38850366446106016,679222.85,461871.5428581804,3.4146444034731034,0.6947000026702881,0.7590750008821487,-2.8571401810159034,-10.526313725600916,-13.924052065485734,-8.108108325802206,-12.820508705793602,0
HK.00036,490,0.2750000059604645,0.2750000059604645,0.0,,0.0,0.0,0.0,0.2750000059604645,0.2454600042104721,0.0,0.0,10.887100989857716,74.05062867336005,-40.217391093083734,0
HK.00037,491,0.49000000953674316,0.48500001430511475,1.0309268214748768,0.7115789473684211,490900.0,240541.00468158722,2.4322539857100742,0.5016999989748001,0.4969249936938286,-7.5471630211864165,-5.769225478877488,-9.259261098908716,8.888893892735743,2.083337601895229,1
HK.00038,491,8.369999885559082,8.75,-4.342858450753348,1.4462959389933523,4447003.1,37221415.43808088,4.529506055864497,7.795001993179321,8.178244378566742,15.767632966502882,-4.660413226731555,-2.2769216996677346,2.3765631047440277,19.738799515182738,0
HK.00039,490,0.04500000178813934,0.04500000178813934,0.0,,0.0,0.0,0.0,0.04500000178813934,0.06646000077947974,0.0,0.0,-47.05882198257844,-44.44444240038942,-53.12499854480849,0
HK.00040,491,0.6899999976158142,0.6899999976158142,0.0,0.09593729538373719,40543.9,27975.290903335812,1.881133703539557,0.700799993276596,0.7084444013237953,-2.816898807176702,0.0,-5.479454851034117,-6.7567582806154425,13.8672644226097,0
HK.00041,491,15.529999732971191,15.600000381469727,-0.4487220947871552,0.6006378847240347,158407.1,2460062.220700741,2.4017006865866657,15.608600063323975,15.619527225494386,3.1208452872437196,-10.547022457418006,4.111734490921382,6.587304943101764,10.275961031872548,0
HK.00042,491,0.24400000274181366,0.24799999594688416,-1.6129005122754927,0.03071724773460298,315350.0,76945.40086463094,4.139756159799435,0.2847799998521805,0.3295199993252754,-11.272728198815948,-39.753085920095195,-17.28813098717318,-14.38596287592624,-22.53968108298045,0
HK.00045,491,5.900000095367432,5.920000076293945,-0.33783751129669093,0.8831585559664936,344558.65,2032896.0678596736,3.003274234073531,5.606400012969971,6.028050000667572,7.272729006680575,1.7241362300696461,-4.065040587370328,0.340135723422776,0.0,0
HK.00046,490,1.2599999904632568,1.2599999904632568,0.0,1.3043478260869565,4700.0,5921.999955177307,0.22023788489857532,1.228400011062622,1.3585458981990814,0.7999992370605469,2.439022026387315,-14.646345840848463,-18.887523155625065,-16.359935272924613,0
HK.00048,490,0.36500000953674316,0.36500000953674316,0.0,0.0,27620.0,10081.300263404846,0.6572479261377275,0.36430000245571137,0.264144025593996,0.0,30.357145708130318,15.87301977757817,157.0422518214308,102.77777501830359,0
HK.00050,491,4.860000133514404,4.864999771118164,-0.10276747870453973,0.8300513539666625,48670.45,236538.39349820613,0.6432867475015249,4.846329202651978,4.841467418670654,-0.20533372237502118,-2.7943239332434793,3.218405401786971,4.076770125041305,5.5211812969936975,0
HK.00051,490,4.550000190734863,4.550000190734863,0.0,0.0,1900.8,8648.640362548827,0.09991309828262843,4.516400032043457,4.507050034999847,2.24719967990831,0.6637214587377087,3.8812801792733485,5.568451302589691,1.1111153496636283,0
HK.00052,491,4.619999885559082,4.664999961853027,-0.9646318684227903,0.7535213632300762,57020.95,263436.78247447015,1.358735814956502,4.334000010490417,4.486836850643158,2.6666641235351562,14.356433890658407,2.6666641235351562,-1.2820501064172196,-13.303375129859148,0
HK.00053,491,71.6500015258789,71.5,0.20979234388658216,0.3574811875525051,5444.7,390112.76330795285,0.37367689564590695,69.1620002746582,70.88860572814941,4.904829171943757,2.065533676170661,2.840859253045784,4.777021172718751,-2.410965275615785,3
HK.00055,490,0.1379999965429306,0.13699999451637268,0.7299285157550963,0.3996003996003996,56155.0,7749.389805868268,0.18143186994235744,0.14227999716997147,0.15772499911487103,0.7299285157550963,-13.20754628567926,-16.36364178224022,-9.210525670829222,-28.125002425319185,1
HK.00057,490,1.590000033378601,1.5700000524520874,1.2738840928875717,1.2945958151437604,60930.0,96878.70203375816,0.9569853450219342,1.5911999988555907,1.6482327437400819,3.2467579716956885,-3.048777606854592,-3.6363602210010213,-0.6249993946403356,-0.015015116316551336,1
HK.00058,490,0.2800000011920929,0.2800000011920929,0.0,8.928571428571429,12200.0,3416.0000145435333,0.5357143047208688,0.2453399994969368,0.2314249999076128,16.18257471788577,-6.666669978035689,39.9999985098839,33.971288386441714,94.4444536426925,0
HK.00059,490,0.009999999776482582,0.009999999776482582,0.0,,0.0,0.0,0.0,0.009999999776482582,0.009999999776482582,0.0,0.0,0.0,0.0,0.0,0
HK.00060,491,0.5199999809265137,0.47999998927116394,8.333331781129008,1.0600706713780919,178400.0,92767.99659729004,3.1057539819879834,0.46759999930858615,0.47527499675750734,9.473681568769173,15.555554378179826,8.333331781129008,15.555554378179826,8.333331781129008,4
HK.00061,491,0.1899999976158142,0.1809999942779541,4.972377691923669,1.2726937198928392,33429.4,6351.5859202981,1.730382545141921,0.23003999888896942,0.28701000109314917,-22.13114939311663,-35.81081244351655,-39.873421243264175,-39.873421243264175,-51.030929893879154,1
HK.00062,491,9.414999961853027,9.414999961853027,0.0,0.315031395120518,102048.85,960789.9188571454,1.4792041990144376,9.475300045013428,10.018799319267274,-2.9381428145997117,-0.16254372793377625,-4.683128273688176,-6.92482753360588,12.384803033464623,0
HK.00063,491,0.03400000184774399,0.029999999329447746,13.333342025677558,0.34852405344035486,956950.0,32536.30176819861,4.437425175133959,0.04207999996840954,0.05286499997600913,-8.108104298461395,-33.33332846367272,-42.37287857346892,-38.181814487315386,-44.26229267920005,1
HK.00064,491,3.7899999618530273,3.7850000858306885,0.13209711780605024,0.16447927198006568,430311.5,1630880.568584919,0.52071798121507,3.4841000127792356,3.1532347059249877,11.470583986658657,21.474362207352645,26.333332061767578,26.333332061767578,28.86855674929546,1
HK.00065,490,0.25,0.2800000011920929,-10.714286094417377,0.01325046746573039,948864.0,237216.0,6.12377420649368,0.21559999972581864,0.31139499954879285,24.99999813735488,-10.714286094417377,-19.35483932991305,-29.577462660417304,-37.50000093132256,0
HK.00066,491,31.899999618530273,32.34000015258789,-1.3605458626517903,0.7600523292081764,4953645.85,158021300.72533405,1.7911122910000905,31.75900001525879,31.50324354171753,2.1780919927339912,-3.1881068909528207,-2.9589568892069025,8.465184793953732,18.12358038014736,0
HK.00068,77,9.800000190734863,9.260000228881836,5.831532921227945,1.8709470494335547,2470314.8,24209085.511175156,9.274250088858974,11.901400060653687,,-2.7777751497070007,-60.29173391590417,,-47.3118280121213,,1
HK.00069,491,4.099999904632568,4.170000076293945,-1.678661160207677,1.0658048545692085,538206.3,2206645.7786726477,2.3154781696080304,4.077004690170288,4.4482143688201905,0.7370941451077506,-5.2403595220714,-12.544758354723362,-12.544758354723362,-10.072063060564265,0
HK.00070,491,0.04699999839067459,0.04699999839067459,0.0,1.3314179601275358,15220.5,715.3634755052626,0.31914880125702394,0.04843999989330769,0.054325000140815975,-4.081633428840149,4.444436717916725,-11.320756706278218,-6.000004619359902,-32.85714544203815,0
HK.00071,491,10.149999618530273,10.010000228881836,1.398595269203866,0.8682271090243814,53330.2,541301.5096561431,1.3377444057450667,10.10975763320923,10.173090410232543,-0.4901979575474675,-5.055286791028865,0.9074233619348657,1.2989104441742432,7.952449195472204,2
HK.00072,491,0.25,0.2549999952316284,-1.960782480441495,25.07246376811594,31100.0,7775.0,1.6433389556793152,0.25539999961853027,0.24892999820411205,-9.090911061310528,0.0,9.649122749687745,4.166668994973155,-20.634920034218744,0
HK.00073,491,2.009999990463257,2.134999990463257,-5.854800962920717,10.49186622914194,4367.35,8778.373458349706,0.7501103419284495,2.024799988269806,1.9055499941110612,2.030454886909114,5.789474509759633,21.81818300042272,21.08433920960936,-11.842104575200306,0
HK.00075,491,0.13099999725818634,0.12200000137090683,7.377045726350071,0.36094627265280027,20380.9,2669.8978441193703,7.247494077847919,0.154719999730587,0.14957000106573104,-11.486489479780333,-10.273973161987668,-0.7575772969519223,-7.092202254196896,-18.633541292460094,1
HK.00076,491,0.1289999932050705,0.14000000059604645,-7.857148102959785,0.05974646162250052,115711.25,14926.750463750213,1.3949168436400852,0.13664000034332274,0.17368499979376792,-2.272731890855767,-21.81818904298696,-24.117651854006837,-7.857148102959785,-47.98387285752243,0
HK.00077,491,0.550000011920929,0.5099999904632568,7.843141608951449,2.946258070382832,123970.0,68183.50147783756,1.580297964538917,0.4673000019788742,0.44615000128746035,11.11111244903803,30.95238787922481,22.222228109100875,19.565217813832543,36.111120740004466,2
HK.00078,491,0.41499999165534973,0.41499999165534973,0.0,0.10476292304577862,310242.3,128750.5519111365,5.250499884167701,0.435699999332428,0.5271250003576279,0.0,-23.14815274727179,-23.14815274727179,-23.14815274727179,-24.545457698096847,0
HK.00079,491,0.11500000208616257,0.11800000071525574,-2.5423717041599243,1.3147747816083235,406705.0,46771.07584845275,6.379982072504635,0.09608000069856644,0.095585000179708,21.05263529391835,41.97531079958895,17.346943973229,6.481480651084145,-7.999998331069946,0
HK.00081,491,2.505000114440918,2.515000104904175,-0.39761391833571513,1.6289866304894434,5667116.7,14196127.982050037,4.129425329407492,2.4595287466049194,2.443796246647835,14.383563880827294,-12.034677991573298,16.746603517221427,29.918019230756155,23.45918257995499,0
HK.00082,491,0.07699999958276749,0.07400000095367432,4.054052149230698,0.20466583139575667,3303729.9,254387.20092157647,7.194682330105927,0.08166000038385392,0.08396500032395124,-8.333332594188422,-15.38461412500748,-18.085104021997918,-6.097564078171489,-15.38461412500748,1
HK.00083,491,10.1899995803833,10.369999885559082,-1.735779239751427,1.1663691146444446,5658195.55,57657010.280226655,2.5089644736591596,10.825,11.127262892723083,-1.1639266183255865,-21.43408349583909,-8.732650110174369,-0.7467548753504288,16.499280778383905,0
HK.00084,491,0.06800000369548798,0.06800000369548798,0.0,1.8915371634663107,197234.0,13411.912728875875,0.6639592840487165,0.06578000158071518,0.06710000038146972,1.492540300967864,6.250000727595727,-1.4492675377223445,-2.85713799145759,-11.688306410450553,0
HK.00085,491,0.9350000023841858,0.9300000071525574,0.5376338917391232,0.4593510754648195,1079400.0,1009239.0025734901,2.9384926417100927,1.0274588775634765,1.2060934156179428,-8.691399724375065,-17.275975565908755,-30.86635251904396,-28.305844482240467,-35.475261213626545,1
HK.00086,491,4.090000152587891,4.105000019073486,-0.36540478479659616,0.544382159816467,185389.9,758244.7192882538,1.011160230840766,4.099400029182434,4.021290105581284,1.2376284952223042,0.0,-0.02574723811626259,2.636993583446841,21.63549562976792,0
HK.00087,491,15.279999732971191,14.760000228881836,3.523031815892788,2.0493680077639733,1013361.5,15484163.449403286,2.647002680470455,13.41920000076294,12.544458527565002,17.53845948439378,14.11500628221366,27.086942516748426,36.125686076901786,27.659467159215623,1
HK.00088,490,3.359999895095825,3.359999895095825,0.0,1.344460343221519,52065.5,174940.0745381117,1.198832328838985,3.4692000007629393,3.602236555814743,-1.7543912239656678,-15.789476514664566,-7.438022336995916,-3.4482794057458057,6.43216719493078,0
HK.00089,491,1.8899999856948853,1.9049999713897705,-0.787400835704065,0.6214689265536724,6675.0,12615.749904513359,0.9035294614557035,2.0372999858856202,2.2024139273166656,-7.8048766021002,-13.798699656999219,-20.86437761479492,-12.231399990101828,-7.599363297202921,0
HK.00090,491,0.9300000071525574,0.949999988079071,-2.1052611765768803,2.5560538116591927,48900.0,45477.000349760056,2.367170394394105,0.9811185204982757,1.071726943552494,-11.428566725075436,-3.000348762824494,-18.7726562636656,-16.042329642372476,-52.872809048385285,0
HK.00092,491,0.15299999713897705,0.15000000596046448,1.9999940395357594,1.3632584798937633,250664.6,38351.68308284283,2.2283775497462255,0.17748000025749205,0.19299000069499017,-14.044946924241325,-18.181822528291885,-26.086958712626068,-15.934065799107945,-22.7272737535235,1
HK.00093,491,0.33000001311302185,0.36500000953674316,-9.589039865544988,0.7228915662650602,8600.0,2838.000112771988,3.2747619924367464,0.4160999995470047,0.4554250009357929,-24.99999661337244,-19.512191221587756,-33.33333132644295,-33.99999737739563,-43.10344437781741,0
HK.00094,490,0.052000001072883606,0.05299999937415123,-1.8867892699548516,0.0,496650.0,25825.800532847643,5.048693537935641,0.05899999976158142,0.06615619646385312,-10.344823156610696,-28.76712077105549,-36.585366296881645,-33.70288541102362,19.064211101223197,0
HK.00095,491,0.18299999833106995,0.18000000715255737,1.666661699613133,0.01231733945467779,1355500.0,248056.4977377653,7.4781253273470485,0.18842000097036363,0.25302999921143055,-11.165049456664603,-33.454547503762946,-26.80000066757202,-33.454547503762946,-37.966099503190215,1
HK.00096,490,0.5,0.5,0.0,0.0,24000.0,12000.0,0.04999995231628418,0.5037449949979782,0.5444165216386319,-1.960782480441495,-11.080140052408883,-7.904428676666751,-7.904428676666751,-9.520146379493411,0
HK.00097,491,0.15000000596046448,0.1469999998807907,2.0408204640181054,1.1302756530899418,216995.7,32549.35629339516,4.107101332894985,0.15072000086307524,0.1789749999344349,-2.5973981991849837,-15.254234434327088,-15.730335197429499,-17.58241263395796,5.633803555899658,3
HK.00098,491,6.635000228881836,6.639999866485596,-0.0752957485585909,0.9174311926605505,11400.0,75639.00260925293,0.7970105428643435,6.682905445098877,6.942267601490021,2.5502387023307462,-4.40225214505054,-2.163743952383641,-1.8934711155301236,-16.827722028483446,0
HK.00099,490,1.2799999713897705,1.2799999713897705,0.0,,0.0,0.0,0.0,1.2940000104904175,1.2858630949258805,6.666660043928621,-13.333337100015665,0.0,3.9999938011171743,2.003637484616214,0
HK.00100,141,326.3999938964844,297.20001220703125,9.82502708280922,3.974405722681629,9481689.7,3094823460.2083583,15.279529272344112,384.6380001831055,,21.518982308099144,-58.28754071610424,-13.19149098497756,-5.391306116961051,,3
HK.00101,491,7.335000038146973,7.380000114440918,-0.6097571218988301,1.2019662499482011,8945890.15,65618104.59150863,2.764492362909133,7.4640000057220455,8.407055857181549,3.3098610798723067,-17.491566311847627,-16.865145827192503,-12.09824628612389,0.3853608681899551,0
HK.00103,491,1.690000057220459,1.6349999904632568,3.3639184757192915,0.550098231827112,25800.0,43602.00147628784,2.3509001582240736,1.8198152995109558,2.552923787236214,-3.467181118043821,-21.83404615936831,-42.08030867082629,-43.37978640416552,-41.114978236619564,3
HK.00104,491,0.2409999966621399,0.23999999463558197,0.41666752037904586,0.12282501464074175,143791.6,34653.775120043756,1.8643463707968828,0.24243999898433685,0.2297649997472763,-1.2295106745749491,7.589280903244501,8.071745013473523,8.071745013473523,3.1081821297569454,1
HK.00105,490,5.25,5.25,0.0,0.0,1200.0,6300.0,0.0,5.287200021743774,5.219975237846374,-1.8691571292548694,0.0,0.9615421647857579,1.9417456850635995,7.055698182423864,0
HK.00106,490,0.01899999938905239,0.01899999938905239,0.0,,0.0,0.0,0.0,0.01899999938905239,0.01899999938905239,0.0,0.0,0.0,0.0,-5.000000931322596,0
HK.00107,491,4.565000057220459,4.639999866485596,-1.6163752461903123,1.481232104420776,1224299.1,5588925.461554957,2.4112843001125506,4.7669015312194825,5.077459647655487,1.8973222719885525,-12.126974447015318,-6.888383246229118,-6.888383246229118,0.6612086243853447,0
HK.00108,491,1.565000057220459,1.5449999570846558,1.294504899116146,0.30353367562669886,1264100.0,1978316.5723323822,8.488260747508138,1.922199993133545,2.486149990558624,-14.010988345196296,-33.96623912278054,-56.64819660115483,-33.68643530567132,34.91380191834472,1
HK.00110,491,0.6000000238418579,0.6600000262260437,-9.090909090909092,0.006796210653816278,1154826.55,692895.9575332105,12.046268848907067,0.49930000126361845,0.3272300000488758,30.43478542555027,25.00000776102163,167.85714523296568,172.72728504228206,233.33333333333334,0
HK.00111,491,0.5249999761581421,0.5149999856948853,1.9417457749564655,0.07864841246722983,676900.0,355372.4838614464,7.917579531123445,0.6407999980449677,0.6367605639994145,-15.322585141869629,-26.652896656808817,-21.559348539307432,4.587535280923425,-5.871224953336567,1
HK.00113,491,6.474999904632568,6.539999961853027,-0.9938846727766957,1.4240325092175148,50328.95,325879.94645025727,1.196878749222713,6.30750002861023,5.799045903682709,2.7777731523733853,5.800654014898824,11.830741749440602,16.03942640078181,26.46360804069989,0
HK.00114,490,0.6800000071525574,0.6899999976158142,-1.449273985189887,0.0,112250.0,76330.00080287457,1.8148875784802052,0.6630000019073486,0.618040292263031,6.250003492459733,7.936509888789085,7.936509888789085,7.936509888789085,33.81110108927811,0
HK.00115,490,5.199999809265137,5.239999771118164,-0.7633580839735752,,0.0,0.0,0.0,6.6560000133514405,6.870000004768372,-17.460322986774656,-37.64988352366416,-26.96629363980926,-30.666669209798176,100.0,0
HK.00116,491,12.109999656677246,12.109999656677246,0.0,0.6646040327476781,815727.35,9878457.92844224,3.453882477272214,10.759599990844727,11.943075885772705,16.89189245167674,6.4147586546152855,-8.411959608595572,5.522081161454184,53.18799063084486,0
HK.00117,491,2.9600000381469727,2.809999942779541,5.338081794373899,0.6956348087325291,8080429.9,23918072.81224394,16.449474297720258,4.391300044059753,1.518725009560585,-17.5487434842492,248.2352888377894,770.5882373565621,745.7143110158497,369.8412794525001,1
HK.00118,490,0.18799999356269836,0.19300000369548798,-2.590678775674295,6.4120603015075375,127300.0,23932.3991805315,0.5456972529489589,0.20969999969005584,0.21876999989151955,-3.589743354616777,-3.589743354616777,-3.0927896816374685,-24.800002574920654,-13.761468767848925,0
HK.00119,491,1.4950000047683716,1.5149999856948853,-1.320130766690422,1.5257826808288886,11801810.95,17643707.426525418,3.81207115789101,1.6688542437553406,1.902720165848732,1.0135125338900728,-21.719407105905457,-28.702185546923413,-23.686254497994756,-6.256569101547611,0
HK.00120,491,0.05000000074505806,0.052000001072883606,-3.846154397232281,0.675874365784327,332011.5,16600.575247367844,20.04766782631607,0.055459999814629554,0.08112499995157123,13.636365945427883,-32.43243229637362,-46.23655961357605,-45.0549431205472,-63.23529556780324,0
HK.00122,490,1.4800000190734863,1.4800000190734863,0.0,0.0,22777.0,33709.9604344368,2.786165059792771,1.4261999893188477,1.4876275944709778,2.7777750183035925,-0.671140295251806,0.0,0.680271446845552,-25.999999046325684,0
HK.00123,491,3.5,3.5450000762939453,-1.269395636825763,1.9316490110173417,5349641.05,18723743.675,3.384846308834699,3.8106999921798708,4.180524985790253,0.0,-9.560720839805136,-17.647058823529413,-12.935322969993301,-25.723221440677857,0
HK.00124,491,0.19699999690055847,0.2029999941587448,-2.9556637590316273,0.055081701200163646,633811.65,124860.89308553786,1.3022113220576952,0.20979999899864196,0.23021999895572662,-4.368933654098912,-11.261263801025736,-14.347828988316778,-13.973801286184932,-24.230767643663246,0
HK.00125,491,0.30000001192092896,0.30000001192092896,0.0,17.5,1500.0,450.00001788139343,0.4166667494508922,0.2975999963283539,0.3377499996125698,1.6949238156632322,0.0,-19.99999682108561,-14.285709420028917,-18.918916741977938,0
HK.00126,490,0.10100000351667404,0.10100000351667404,0.0,0.0,147200.0,14867.200517654419,3.2738569429447626,0.1103800006210804,0.1272900003939867,-6.481480651084145,-15.833328521499922,-20.472440713913436,-30.344823156610694,-15.833328521499922,0
HK.00127,491,1.100000023841858,1.0850000381469727,1.382487112212744,1.3023782559456398,184350.0,202785.0043952465,2.419841538040087,1.1055000114440918,1.2193249994516373,1.851850012202395,-11.999998092651367,-11.290321340173895,-11.999998092651367,-17.288563446092265,1
HK.00128,491,0.5299999713897705,0.30000001192092896,76.66665010982156,,35600.0,18867.99898147583,0.047170331190415034,0.30460001111030577,0.30115001171827316,76.66665010982156,76.66665010982156,76.66665010982156,76.66665010982156,76.66665010982156,1
HK.00129,491,0.18299999833106995,0.1809999942779541,1.1049746499132604,0.9730515632469373,87881.75,16082.360103331506,2.9864648534166314,0.1878199979662895,0.22688999928534032,-6.153843567451216,-7.575757917841168,-21.79487163158929,-26.80000066757202,-40.96774292786088,1
HK.00130,490,0.18000000715255737,0.18000000715255737,0.0,0.0,85000.0,15300.000607967377,1.2506566974994944,0.18828000098466874,0.17650000102818011,-5.759158382414196,-5.2631529414422,9.090909090909092,16.129035979478314,44.0000057220459,0
HK.00131,491,1.3200000524520874,1.309999942779541,0.7633671839197399,0.21239056197025621,31458.15,41524.759650045635,0.9918821935188732,1.3213999962806702,1.2513296979665756,-2.222220063700145,0.0,17.494019170487118,15.485580263528693,-7.129902660943083,1
HK.00132,491,0.17000000178813934,0.17000000178813934,0.0,1.2050777154618701,65986.65,11217.730617993324,3.3918578648655995,0.18047856360673906,0.20406260773539542,-5.555558315029741,-12.308953005590825,-20.280867482824426,-23.746914637702655,-35.0436733311128,0
HK.00135,491,6.849999904632568,6.954999923706055,-1.5097055388253091,0.6610962138956489,9438152.3,64651342.35490766,2.1426583141200384,6.857826347351074,7.308371150493622,3.4743205898720655,-6.5913557984985935,-10.064240673263692,-5.202843144410234,-7.307667887724613,0
HK.00136,491,1.440000057220459,1.4600000381469727,-1.3698616715036243,0.2745235369053545,91955409.25,132415794.58173072,4.201478363706691,1.4414000034332275,1.900700005888939,-8.28025419671734,0.0,-39.240500980835975,-36.28318303995716,-55.55555392031153,0
HK.00137,490,0.7200000286102295,0.7200000286102295,0.0,0.0,10000.0,7200.000286102295,2.4682063653399955,0.6257999980449677,0.6576499998569488,22.03390857879588,4.347830593924006,1.4084577986089954,4.347830593924006,-3.9999961853027344,0
HK.00138,490,0.33000001311302185,0.33000001311302185,0.0,0.0,3740.0,1234.2000490427017,1.412698408793851,0.36680000245571137,0.5873999980092048,-17.499997951090364,-36.53845668897103,-52.17391097778483,-53.52112350897088,-62.06896421789321,0
HK.00139,491,0.1120000034570694,0.11299999803304672,-0.8849509675963695,0.10995509425750236,41210269.2,4615550.292866761,16.69040058560019,0.12100000075995922,0.18769332295283675,96.49123403247447,0.9009027150183835,-37.0674503058296,-22.939728747838632,-70.189842517093,0
HK.00142,491,5.300000190734863,5.355000019073486,-1.0270742883795365,0.7362172294853254,3258710.0,17271163.621549606,2.424585941912777,5.155599985122681,5.655056626796722,6.212433543804232,-4.5709977175834,-10.67219520576872,-8.727026463966414,-10.667392156988818,0
HK.00144,491,14.850000381469727,14.949999809265137,-0.6688925021486378,0.7168265573418449,3182231.65,47256141.21642504,3.0409512262165435,14.078024463653565,14.999961214065552,12.67071348729891,-2.028944437624887,2.3529400938331175,0.8715136925869447,0.11385111889520953,0
HK.00145,491,0.21899999678134918,0.23399999737739563,-6.410256736821419,1.528245860298476,2292582.0,502075.45062097907,7.427099680043156,0.18408000111579895,0.214347850009799,27.325575199963616,12.307694776523839,3.791469897181986,-5.603446946983208,19.672130480105647,0
HK.00146,490,1.4299999475479126,1.4299999475479126,0.0,0.0,23250.0,33247.49878048897,2.463572884647096,1.517599971294403,1.6993349862098694,-8.333333333333332,-9.493676664125799,-23.118282981188454,-24.338626541197943,4.915620728352123,0
HK.00147,491,0.050999999046325684,0.04899999871850014,4.081633428840149,0.3101852636574741,5896700.0,300731.69437646866,4.632854656019741,0.05931999996304512,0.12999999959021807,-13.559324174254684,-23.88060033440874,-69.27710783889977,-70.00000087653888,-67.09677506187828,1
HK.00148,491,47.13999938964844,44.34000015258789,6.314838131314543,1.455041337172072,44095857.75,2078678707.4210243,11.136686555372071,75.6636385345459,44.321073598861695,-35.86394640864158,6.903237677720875,51.59838414044322,62.053454370277926,69.5709887472222,1
HK.00149,490,0.06700000166893005,0.06599999964237213,1.5151545939038447,0.09130558107461334,7523777.95,504093.13520665915,6.33431665604168,0.06476000063121319,0.0693200004659593,3.0769294253470134,-1.470591135606476,-8.219174447080158,-8.219174447080158,48.88888668130954,1
HK.00150,491,0.15600000321865082,0.1550000011920929,0.6451625928174096,0.5764805619474386,79630.0,12422.280256301165,1.5440462863894588,0.15761999905109406,0.16937173947691916,-7.692305657556503,-6.024090869797868,-13.333334989017844,-13.333334989017844,0.7784374417002194,1
HK.00151,491,3.2750000953674316,3.3399999141693115,-1.9461024093482926,0.6880088189182951,12929022.55,42342550.08425768,3.549561313187087,3.6968000030517576,4.484799993038178,-1.651646534496377,-26.73377518823068,-28.95878523823911,-30.021362916800776,-41.069439181898304,0
HK.00152,491,5.670000076293945,5.755000114440918,-1.4769771756160976,1.6324681004422197,3429890.0,19447476.56167984,2.2823491788544747,5.8466999721527095,7.264854247570038,0.5319186262152056,-17.534118073943088,-31.059275730151132,-29.698075757222814,-24.52624251592309,0
HK.00154,491,0.4000000059604645,0.4050000011920929,-1.2345667202249964,0.5927439959121104,83250.0,33300.00049620867,2.9846106186780776,0.4250000035762787,0.5240499979257583,1.265821543245696,-25.925927765575384,-25.925927765575384,-24.52829668809585,-41.17647033042974,0
HK.00156,491,0.9750000238418579,0.9950000047683716,-2.0100483246901604,0.25265285497726125,36280.0,35373.000864982605,1.6354274569506264,0.9976999986171723,0.9235749965906144,-1.5151500555948771,-4.411760580993364,13.372093909749974,18.90244296907602,28.289478431117892,0
HK.00157,491,0.4449999928474426,0.4650000035762787,-4.301077543014524,7.142857142857143,9500.0,4227.499932050705,0.5998160286562848,0.4613000047206879,0.48572500333189966,-4.301077543014524,-5.319150217845466,-10.101012411974777,-9.183676696627934,-14.423075159625828,0
HK.00158,490,58.0,58.0,0.0,0.0,25.0,1450.0,0.0,56.68185050964355,59.102561473846436,2.6548672566371683,-3.71026707622843,-4.63316293063208,-2.6621578001696014,-0.6079483560292004,0
HK.00159,490,0.07100000232458115,0.07199999690055847,-1.3888814153123512,0.0,147000.0,10437.000341713428,2.1687119712404597,0.0745600002259016,0.08550500059500336,-10.126583472292943,-10.126583472292943,-19.318178739429488,-20.224717878329173,-53.594768854741524,0
HK.00160,491,0.6949999928474426,0.6949999928474426,0.0,0.2062952721421443,48269.05,33546.98940475285,0.5937242517520738,0.8022000014781951,0.9426999944448471,-2.112674105382526,-27.604165793551733,-26.063830360615075,-26.842105098048073,-31.953715408787232,0
HK.00162,491,0.04100000113248825,0.039000000804662704,5.128205862976375,1.4019607843137254,218300.0,8950.300247222185,10.09194058333323,0.04082000032067299,0.04256500029936433,24.242428347427346,0.0,7.894743291707789,0.0,-19.60783941339679,2
HK.00163,491,0.14499999582767487,0.14000000059604645,3.571425150243618,0.1016948980178139,83833.35,12155.835400220007,1.049093778577496,0.15426000118255614,0.18577499993145466,-3.3333399560713786,-20.76502887975349,-28.21782634703726,-27.135680837795697,-25.64102505320861,1
HK.00164,491,0.4699999988079071,0.4699999988079071,0.0,0.1946931040432647,402185.6,189027.2315205574,2.0263254392927705,0.492499994635582,0.4348499973118305,-2.083331393077926,-4.081634763179803,20.51282462753973,32.394369862614646,6.818182126057051,0
HK.00165,491,6.085000038146973,5.885000228881836,3.3984673149815183,0.6757075056154374,7893680.6,48033046.75212002,5.501329243541941,5.775800018310547,7.856009457111359,8.467021271441629,-5.4239785595954775,-40.49974327713406,-35.489195279253096,-26.11926291384617,1
HK.00166,491,0.03200000151991844,0.03099999949336052,3.2258130416166604,0.004320782642061852,1550980.0,49631.362357363105,7.978377091008798,0.03238000024110079,0.040740000130608675,3.2258130416166604,-21.951217960914253,-25.581394341457496,-23.809519163470085,-34.69387274119107,1
HK.00167,491,6.21999979019165,5.710000038146973,8.93169437193532,10.720961771066232,136098.7,846533.8854453565,1.8018645459571287,6.827800016403199,4.966949996352196,-8.529417415803534,2.809910646236494,113.74569095299836,80.81394438165934,334.96503624754484,2
HK.00168,491,44.5,44.65999984741211,-0.3582620867863277,1.209351008221703,3551720.2,158051548.9,2.3330254503621,45.189398498535155,47.71983892440796,0.13501659573624303,-12.432682868168094,-4.300918252462166,-4.956130212961705,-8.35187313106033,0
HK.00169,491,0.09700000286102295,0.09300000220537186,4.30107587182406,0.4334079831379265,700250.0,67924.25200343132,4.757851699364274,0.104740000218153,0.11295600067824126,0.0,16.867477774603053,-2.999998584389708,-13.392857261648283,-34.10326038816917,1
HK.00171,491,0.0430000014603138,0.041999999433755875,2.380957238190364,0.035191064529702026,2612800.0,112350.40381550789,11.27820411460772,0.04120000012218952,0.07395499987527727,26.470585657238686,-33.84614917300845,-49.4117635199768,-48.19276735309856,-60.90908936971474,1
HK.00173,491,2.009999990463257,2.0399999618530273,-1.4705868603311214,1.3580416500272023,636834.4,1280037.137926674,1.8676059001052525,2.0435940504074095,2.2352197480201723,1.5151500555948771,-11.013215626535793,-11.013215626535793,-4.716970256458479,-8.170384542698253,0
HK.00174,490,0.20499999821186066,0.20499999821186066,0.0,0.0,13500.0,2767.499975860119,0.3873129476498761,0.21643999993801116,0.21672499895095826,-2.3809501846360366,-3.755869168643927,-10.4803509646387,-9.691629984865147,-2.3809501846360366,0
HK.00175,491,18.420000076293945,18.559999465942383,-0.7543070780003874,0.6758076694897488,45090057.5,830558862.5900984,3.752947034447412,18.541044883728027,18.321353068351744,-1.1802538656555264,-17.793215916614642,11.945293309434385,3.8876887293074667,-1.214419889796635,0
HK.00176,490,0.013000000268220901,0.013000000268220901,0.0,,0.0,0.0,0.0,0.013000000268220901,0.013000000268220901,0.0,0.0,0.0,0.0,0.0,0
HK.00177,491,9.460000038146973,9.585000038146973,-1.3041210172406605,1.4249183848040359,4265894.15,40355358.82173095,2.3403348848905305,9.918152923583984,9.605255498886109,-1.149421736520406,-4.599769335909775,2.8748881363961774,3.0874387187784555,1.3082560344595153,0
HK.00178,491,0.9300000071525574,0.9350000023841858,-0.5347588469389063,0.2851110869855854,3309901.15,3078208.093174258,2.465635043903507,0.886100001335144,0.7226517421007156,2.1978000384744694,-1.0638287753851585,57.62712686303671,54.99999503294647,54.53375315362909,0
HK.00179,491,19.829999923706055,19.5,1.692307301056691,0.38669099797457296,8088658.15,160398090.49738437,5.6439517429792865,20.799258346557618,25.93224793434143,-1.4132813360098186,-2.734049530025157,-28.470855293819298,-34.423928742134784,-18.049502631818115,1
HK.00180,490,0.20200000703334808,0.2029999941587448,-0.49260450944384976,0.0,9700.0,1959.4000682234764,1.7467543601797226,0.1967399987578392,0.19855000026524067,7.446815930863683,-0.9803868575261968,1.0000020116567312,5.208336082028408,-20.78430948602096,0
HK.00181,491,0.10100000351667404,0.09799999743700027,3.0612307736052076,88.57142857142857,38000.0,3838.0001336336136,1.4220535888990522,0.10864000096917152,0.11360499989241361,-1.9417442720587457,-14.406777199607115,-18.548382929565935,8.60215174364812,8.60215174364812,1
HK.00182,491,0.32499998807907104,0.3449999988079071,-5.797104579113893,3.467583983259575,11145812.55,3622388.945881561,5.680497542193974,0.3883903658390045,0.34498269520699976,-9.722229120907686,-10.294425757365497,-3.6984196130713185,2.3204331142372485,-20.14015542996106,0
HK.00183,491,0.14000000059604645,0.14100000262260437,-0.7092212822396128,0.36203522504892366,82720.0,11580.800049304962,0.4776798977458798,0.14677999883890153,0.1603699991106987,-9.677419664956526,-15.662647033398619,-29.292928608762107,-18.604653580502003,-48.14814998779761,0
HK.00184,490,2.3399999141693115,2.3399999141693115,0.0,0.0,24396.25,57087.222906053066,1.0708754613455793,2.3009814643859863,2.2023961639404295,-2.5000074505803007,3.0493660282886554,5.737613255621034,14.715332221011202,-12.366841572778183,0
HK.00185,491,0.07999999821186066,0.07999999821186066,0.0,0.12323116286355804,961850.0,76947.99828007817,3.545875241133975,0.06807999953627586,0.09775999952107668,26.98412210342423,-20.000002980232196,-36.50793894828789,-23.076926383393687,-47.36842053666337,0
HK.00186,491,0.4950000047683716,0.36500000953674316,35.616436119172704,5.4358554611329115,211316.0,104601.42100763321,5.654585634648472,0.15505999818444252,0.15799500230699778,227.81458770458752,219.35483932991303,213.2911278396024,213.2911278396024,153.84616560249447,8
HK.00187,491,3.0299999713897705,3.059999942779541,-0.9803912402207475,0.6296242564920934,1277500.0,3870824.963450432,3.3204709246899466,3.108100028038025,4.079675015211105,2.020200074126503,-26.277375353784738,-31.1363657791752,-26.097559954423673,-42.28571483067104,0
HK.00188,491,0.22499999403953552,0.2240000069141388,0.44642281005823026,2.594033722438392,130650.0,29396.249221265316,0.542089292456834,0.24077999949455262,0.2440353786200285,-5.462189556540201,-5.462189556540201,-4.87804862683712,-6.399999801635737,-17.372875002640324,1
HK.00189,491,13.489999771118164,13.109999656677246,2.8985516734729626,1.146944196502778,23475924.05,316690210.0612874,5.369951287914822,15.869405269622803,12.513820753097534,-2.0334108739091614,5.0150039570059795,12.307712217724976,26.578858802007787,30.174838386811135,1
HK.00191,491,0.5199999809265137,0.5249999761581421,-0.9523800873701953,0.5077516755805295,136610.0,71037.19739437103,2.0210967675808647,0.6498000001907349,0.6649249988794327,-21.212127232792163,-36.58536762655102,-17.46031986312503,-27.77778329672615,-13.333339956071377,0
HK.00193,491,0.19300000369548798,0.1899999976158142,1.57895058806257,0.1996292599458149,17707.5,3417.5475654378533,1.2178749060027654,0.20103999972343445,0.20417499952018262,-1.5306077841691428,-10.232557913881825,-12.272725117600643,6.6298396667935595,-14.222218307447918,1
HK.00194,491,4.300000190734863,4.304999828338623,-0.11613560518280476,3.5344827586206895,26400.0,113520.00503540039,0.4873704259225789,4.35540002822876,4.39300751209259,-0.4629625030505988,-4.633118845413767,0.9766945522830112,0.5218405206143392,2.4956985412206936,0
HK.00195,490,0.2849999964237213,0.2849999964237213,0.0,,0.0,0.0,0.0,0.2849999964237213,0.2849999964237213,0.0,0.0,0.0,0.0,0.0,0
HK.00196,491,0.12399999797344208,0.12999999523162842,-4.615382675588413,0.11393435211140247,349750.0,43368.99929121137,3.1896298003766366,0.14679999887943268,0.17925999917089938,-4.615382675588413,-35.41666828354612,-30.726260099178464,-27.485382919749146,-49.3877569142603,0
HK.00197,491,0.3149999976158142,0.3050000071525574,3.2786853209006517,0.12462372030781428,173928.95,54787.618835321075,8.911784113725945,0.3068000000715256,0.3079649995267391,-1.5624985448084445,4.999995032946466,8.620691958562439,8.620691958562439,10.526316339839756,1
HK.00199,491,2.8499999046325684,2.694999933242798,5.751390546539441,1.7238080837222272,3556128.8,10134966.740861129,7.831669794138747,2.32270001411438,1.311975000053644,27.23213805798063,199.99999372582678,147.82608380164444,171.42857467236178,1207.339437250115,1
HK.00200,491,3.380000114440918,3.515000104904175,-3.8406824021115407,1.0608331315392017,3536214.25,11952404.569687605,3.9003589884285206,3.493500003814697,4.148275001049042,0.0,-16.33663004069404,-23.702026062865222,-21.395349662454752,-37.753218760688775,0
HK.00201,491,0.06499999761581421,0.06400000303983688,1.5624914507502095,0.06891144629588498,6209602.5,403624.14769515395,2.738042650666743,0.06724000036716461,0.06948500037193299,-2.985080601935728,-5.7971025447188715,-7.1428609441737585,-7.1428609441737585,-8.45071058073706,1
HK.00202,491,0.05000000074505806,0.05000000074505806,0.0,0.12099213551119177,131300.0,6565.000097826123,2.784772499369317,0.058699999898672105,0.10076500065624713,-10.714287139779408,-35.89743626482152,-53.703704214717455,-60.31746036439015,-15.25423653901086,0
HK.00205,491,0.5799999833106995,0.5600000023841858,3.571425150243618,13.782670812673334,244725.0,141940.49591571093,3.527678973663467,0.6725999999046326,0.6682249994575977,-9.375000582076622,-25.64102505320861,-38.947369411711556,-17.142858115994215,100.0,1
HK.00206,491,0.24400000274181366,0.2549999952316284,-4.313722625689836,1.1225761563655037,1302613.75,317837.7585715242,4.977192846433382,0.30856000155210495,0.36187499813735485,-12.857142248932199,-43.255814259731814,-34.0540541629011,-6.153841657045865,6.08695578935693,0
HK.00209,491,5.840000152587891,5.5,6.181820956143466,0.43785539787025063,6787772.7,39640593.60373192,6.274956810999924,5.353699998855591,3.331286867260933,10.188678158861622,62.222230758196275,161.88341267433154,274.35899787165556,321.20448240684976,1
HK.00210,491,0.33500000834465027,0.3400000035762787,-1.4705868173635692,0.10879419764279238,110900.0,37151.500925421715,2.226818458589524,0.34678421437740325,0.37739605888724326,0.0,-14.79250223048637,-12.68861405034182,-12.68861405034182,-34.516463080943424,0
HK.00211,490,0.2549999952316284,0.2549999952316284,0.0,0.0,17109.5,4362.922418415546,1.1120942954621604,0.25427999436855314,0.2578199960291386,-1.9230751596258298,-3.7735815105932082,1.9999980926513672,-8.928573519295567,-3.7735815105932082,0
HK.00212,490,28.520000457763672,28.520000457763672,0.0,0.0,1050.0,29946.000480651855,0.37537730839321815,28.334400062561034,28.52986580848694,0.0701770447848136,-0.0273387666318352,1.0571102292528778,-0.6271721428730453,16.909202388177142,0
HK.00213,490,0.3400000035762787,0.3400000035762787,0.0,0.0,7200.0,2448.0000257492065,0.29411780174215607,0.3638000059127808,0.37094999983906746,-5.555558315029741,-13.924052065485734,-2.8571401810159034,-2.8571401810159034,-8.170934526886416,0
HK.00214,491,0.20000000298023224,0.19699999690055847,1.5228457496819698,20.397077896883903,9110.45,1822.090027151257,1.0566440183416552,0.20557999908924102,0.26033999979496003,9.289620111584455,-19.6787130088395,-21.56862481563465,-29.824559477227524,-41.17647033042974,2
HK.00215,491,1.159999966621399,1.1549999713897705,0.43290003077767186,1.1260798545499837,2577333.7,2989707.0059722066,1.6099897312717242,1.1304999947547913,1.10988222271204,2.6548647359614446,0.21893960437001722,5.447752144735032,4.5387200916342785,11.581666948369492,1
HK.00216,490,0.47999998927116394,0.47999998927116394,0.0,0.0,6400.0,3071.999931335449,0.2061856715354033,0.5269999945163727,0.5910000038146973,-4.000002145767212,-20.000004967053535,-17.241378778793283,-15.789474509759632,-22.580647487173948,0
HK.00217,491,0.11800000071525574,0.11800000071525574,0.0,0.7411747473267907,690200.0,81443.60049366951,5.304076185545723,0.12357401803135871,0.13122874189168215,-5.59999942779541,-25.697856971551268,-3.70441800902246,-4.468670688092287,-51.26741643728655,0
HK.00218,491,0.949999988079071,0.9850000143051147,-3.5533021033238334,0.44121195408638103,734025.0,697323.7412497401,4.955513325008672,0.9294000005722046,1.2150999981164932,6.741573409952315,-14.414416591355394,-28.57143177253721,-31.654676413241152,-56.01852081808034,0
HK.00219,490,0.7300000190734863,0.7300000190734863,0.0,0.0,32120.65,23448.07511265278,0.07246369925949435,0.7106000137329102,0.6609000083804131,4.285718786473254,2.816907202197346,4.285718786473254,19.672131467909935,17.741937654695683,0
HK.00220,491,7.699999809265137,7.46999979019165,3.0789829388681342,1.7768218599842318,7326184.05,56411615.78764129,2.7478982243394934,7.369949226379394,7.470164685249329,4.336039158021894,13.107021276327494,3.0937964336647155,2.5821651121017206,-14.849402529934144,2
HK.00222,491,2.9600000381469727,3.0199999809265137,-1.9867530847180164,0.7051282051282052,31500.0,93240.00120162964,2.1121396690313885,2.849280285835266,2.9897530388832094,-9.202452551960075,26.350659580660984,-11.8483749503953,-15.766221231164396,-17.147105707088592,0
HK.00223,491,0.08399999886751175,0.07999999821186066,5.000000931322596,0.49445044435480723,780530.0,65564.51911605895,7.1871835821521595,0.09896000012755395,0.11790999956429005,-4.545455315142628,-33.33333530438637,-32.8000009059906,-40.000001064368654,-22.93577900128314,1
HK.00224,490,0.5600000023841858,0.5600000023841858,0.0,0.0,5400.0,3024.0000128746033,0.2777775018303592,0.5214999973773956,0.5586499986052513,15.46391461174027,5.66038351204981,1.8181800448205245,3.70370002440479,-9.677419664956526,0
HK.00225,490,5.369999885559082,5.369999885559082,0.0,0.0,2500.0,13424.999713897705,0.11285476600683393,5.307708377838135,5.487183964252472,2.0912481348053036,2.8811211502961407,-3.4387986039331153,-4.726273773686761,-1.440984082592196,0
HK.00227,491,0.16200000047683716,0.16300000250339508,-0.6134981663801469,0.534629404617254,338000.0,54756.00016117096,3.83106716416025,0.17664000034332275,0.23266499914228916,-9.49720902923766,-24.651163822254514,-37.69230522347616,-35.19999980926514,-63.18181787394295,0
HK.00228,491,1.1299999952316284,1.100000023841858,2.7272700672307866,2.3997473950110515,69640.0,78693.1996679306,1.8735973198607727,1.2684000134468079,1.486850003004074,-6.611573586217279,-22.602742074868658,-27.56410021283444,-27.09677225841314,-44.607842335193155,1
HK.00229,491,0.7900000214576721,0.7900000214576721,0.0,0.817717206132879,59100.0,46689.00126814842,0.8407197633706731,0.8322999930381775,0.8809333130717277,-5.9523754615900915,-10.193254561245906,-12.124579410990739,-11.169410323502433,-0.7948685187800749,0
HK.00232,491,0.44999998807907104,0.44999998807907104,0.0,0.15685050831700287,58490968.05,26320934.925233323,2.0086135140598036,0.38535564988851545,0.2081268835440278,11.111107840623067,153.37287089389,157.61932994549719,176.13091055390333,205.38981535330993,0
HK.00234,491,0.028999999165534973,0.028999999165534973,0.0,5.386356117661129,817249.0,23700.22031803429,2.7713459842286468,0.029820000007748603,0.03386500017717481,3.5714223942892365,-9.375006912159405,-12.121214173713673,-17.142859879805105,-12.121214173713673,0
HK.00235,491,0.020999999716877937,0.020999999716877937,0.0,0.04650387762120172,12595649.9,264508.6443338936,7.677642491722088,0.020639999657869338,0.02714999998919666,5.000000931322596,-12.500001940255348,-36.36363687676175,-29.999999379118268,-32.258064322305394,0
HK.00236,490,1.0399999618530273,1.0399999618530273,0.0,0.15929654645087293,62576.0,65079.03761291504,1.573182607328525,1.1544000005722046,1.176959473490715,-11.864406094746942,-13.333339956071377,-11.970146250719065,-11.254456018824632,9.157018208534819,0
HK.00237,490,2.259999990463257,2.259999990463257,0.0,0.0,12700.0,28701.99987888336,0.5184520196525922,2.1810000371932983,2.1185467928647994,3.1963439001751235,-3.0042890787505803,11.330050360346785,12.43781100428667,9.707813547593446,0
HK.00239,490,2.3350000381469727,2.375,-1.6842089201274673,0.0,19250.0,44948.75073432922,1.0362706126430834,2.332875533103943,2.3167478597164153,0.2145971933323019,-2.28319504827821,3.9540584136956927,2.6436958815392164,2.20043419296751,0
HK.00240,491,1.4299999475479126,1.4149999618530273,1.0600696889943286,0.164257555847569,280400.0,400971.9852924347,1.5210146804629403,1.472399995326996,1.4682898175716401,2.8776951269557505,-16.57548234707319,8.686880053652537,8.686880053652537,26.286479975853812,1
HK.00241,491,3.5799999237060547,3.505000114440918,2.139794773647245,0.6167961711473715,104389839.75,373715618.3406873,3.821352528637846,3.4351999950408936,4.917399988174439,3.1700257691318026,-19.004528011053992,-46.0843374142887,-31.28599045117581,-26.185567131938488,1
HK.00242,491,0.48500001430511475,0.4950000047683716,-2.020200074126503,1.8081665038751038,1586921.35,769656.877451092,3.225481545239233,0.5258999979496002,0.6249250018596649,-4.901956201103737,-21.774191842739107,-27.611939966559124,-26.51515226773538,-28.676469234756137,0
HK.00243,490,0.45500001311302185,0.46000000834465027,-1.086955465418649,0.5957543259810174,447529.25,203625.81461846083,6.642085657764864,0.5043999981880188,0.43269999876618387,10.975613922394897,-14.15093628780453,13.750001583248354,26.388887509151797,12.345681919446163,0
HK.00244,490,0.26499998569488525,0.25999999046325684,1.9230751596258298,0.10582010582010581,66500.0,17622.49904870987,1.3364290977188285,0.2813200008869171,0.31755500108003615,-5.357148369051949,-13.114760826108633,-20.895528628688425,-17.187502619344798,3.92156496088299,2
HK.00245,490,1.0,1.0,0.0,0.0,166050.75,166050.75,3.2586477473044764,1.0120999908447266,1.0582749953866004,-1.960782480441495,-4.7619004368509765,-4.7619004368509765,-8.256883543354942,-5.660372265889812,0
HK.00247,490,19.350000381469727,19.350000381469727,0.0,,0.0,0.0,0.0,19.350000381469727,19.708430919647217,0.0,0.0,-2.985074484136464,-2.985074484136464,0.5436009055588321,0
HK.00248,491,0.23199999332427979,0.2409999966621399,-3.734441270751258,14.062497757892578,48344.45,11215.912077265977,0.5624916852382879,0.25343999624252317,0.2860946684330702,-12.452827981885585,-5.691062229246363,-13.955846020801022,-35.9247001466024,3.8463400920054505,0
HK.00251,490,1.2000000476837158,1.2000000476837158,0.0,0.0,3934.0,4720.800187587738,0.2796822732568355,1.2577999925613403,1.294235154390335,-3.225803350434739,-6.90908720999053,-8.97777416087963,-4.744182261385659,2.386130948239842,0
HK.00252,491,1.600000023841858,1.600000023841858,0.0,,100.0,160.0000023841858,0.0,1.600000023841858,1.600000023841858,0.0,0.0,0.0,0.0,1.265821543245696,0
HK.00253,490,0.6399999856948853,0.6399999856948853,0.0,0.0,17875.0,11439.999744296074,0.912298470471223,0.645999995470047,0.6251999995112419,1.5873000855468575,-3.0303090509739805,-1.5384601277006635,12.280700653653822,4.918027981350978,0
HK.00254,491,0.1509999930858612,0.14800000190734863,2.0270210404393345,0.18233767844021057,7092345.5,1070944.1214625388,10.8111273013117,0.4660600009560585,0.5457150024920702,18.89762855653747,-76.76923098084491,-74.8333354857232,-74.8333354857232,-58.05555914287199,3
HK.00255,490,1.440000057220459,1.440000057220459,0.0,0.0,25088.25,36127.08143556118,0.4162209768373922,1.437799997329712,1.475810979604721,-0.6896544920278584,0.6993083943600166,9.918251935599582,-5.403682143862318,12.800681533135794,0
HK.00256,491,0.08500000089406967,0.07999999821186066,6.250003492459733,0.8351306341969478,7597200.0,645762.0067924261,11.807415011590065,0.07951999977231025,0.13200000021606684,11.842110035863763,11.842110035863763,-57.711443394641606,-57.28643191622042,-78.48101301637143,4
HK.00257,491,4.889999866485596,4.965000152587891,-1.5105797340852603,1.2390298781821774,6192961.7,30283581.88615041,2.6791740942346025,4.897840547561645,4.983333330154419,4.487180466874539,-12.049463612750756,4.2580281922681245,3.3963988061959967,21.589939277788172,0
HK.00258,491,2.0799999237060547,2.1600000858306885,-3.7037110623015317,9.96458844731562,514082.9,1069292.3927785873,2.555140763727665,2.1445000076293947,2.3466793513298034,-3.255821793320155,-8.286242019601845,-19.62539675286364,-8.286242019601845,-32.612756575316986,0
HK.00259,491,3.200000047683716,3.140000104904175,1.9108261393313575,1.2216805276742184,711400.0,2276480.0339221954,5.332336872465428,4.105400004386902,3.820849999189377,-14.438501617007073,-2.1406707538562197,-13.513513339358235,-17.737790195701198,69.0682076797843,1
HK.00261,491,0.23600000143051147,0.23000000417232513,2.6086944127578815,0.012708012250788867,1870920.4,441537.21707637305,4.901309184470064,0.19329999953508378,0.2450899988412857,19.796956925658936,3.5087725031225445,-26.249997904524157,-1.6666638726988803,-27.38461228094146,1
HK.00262,490,0.07999999821186066,0.07800000160932541,2.564098155475083,85.45454545454545,14500.0,1159.9999740719795,0.25416671763070053,0.08001999989151955,0.08538500010967255,0.0,-1.234570399524046,-1.234570399524046,-20.000002980232196,12.676050130442873,1
HK.00264,491,2.1600000858306885,2.319999933242798,-6.8965453455194,1.3404452690166977,4461800.0,9637488.382959366,7.770777715695434,2.0664000034332277,2.0690500068664552,17.39130688299524,78.51239815980271,-1.8181800448205245,-7.296130619822838,50.0,0
HK.00265,491,1.399999976158142,1.399999976158142,0.0,2.9229082937522834,784.25,1097.949981302023,0.17857126131349393,1.5055999660491943,1.737099984884262,-9.09090838719426,-12.500002793967683,-22.22222148636239,-26.315789803903854,72.83950272065768,0
HK.00266,490,1.9199999570846558,1.9199999570846558,0.0,0.0,726.6,1395.071968817711,0.0,1.8855999946594237,1.968094317317009,2.127657550770317,-0.5181342349755989,-5.418719992877978,-5.88235328491722,-3.101346132245465,0
HK.00267,491,11.890000343322754,11.9399995803833,-0.4187540939506615,0.5572271005335765,13036464.05,155003562.03021476,2.2872618445728854,11.899493446350098,11.84440234184265,7.894735475679229,-4.425582724748505,3.4922967874525277,-0.10234495176494361,2.2352055180711154,0
HK.00268,491,8.545000076293945,8.489999771118164,0.6478245778390346,0.7860709977907776,49160112.25,420073162.9268689,6.080900358280999,7.202499961853027,10.67257499217987,22.42120419690478,-0.40792363313904906,-40.286514145868715,-39.61130525329658,-50.6069337969183,1
HK.00269,490,0.009999999776482582,0.009999999776482582,0.0,0.0,240007.5,2400.0749463541433,0.0,0.009999999776482582,0.009999999776482582,0.0,0.0,0.0,0.0,-9.090910630285256,0
HK.00270,491,8.125,8.265000343322754,-1.693893980728741,0.8337993932466772,10242153.5,83217497.1875,2.241262786810646,7.948769779205322,7.499531230926514,7.189974693660431,2.5321950548501655,18.23924875842391,21.869406733323057,21.960456272349074,0
HK.00271,490,0.15700000524520874,0.1599999964237213,-1.874994528479752,0.0,2696.8,423.39761414527896,0.7238919856901976,0.16082000106573105,0.17880000062286855,0.0,-10.795451081858175,-11.797751398072124,-14.673910358663662,-4.8484854505519435,0
HK.00272,491,0.4749999940395355,0.4749999940395355,0.0,0.7995198667222411,4059578.85,1928299.9295530245,3.5639292990976874,0.4735999989509583,0.6075499990582466,-8.653843949532288,-15.178572854065159,-32.14285683875181,-31.15942091582278,-39.87342010914289,0
HK.00274,490,0.49000000953674316,0.49000000953674316,0.0,,0.0,0.0,0.0,0.49000000953674316,0.49000000953674316,0.0,0.0,0.0,0.0,0.0,0
HK.00276,491,0.5400000214576721,0.574999988079071,-6.086950842960002,1.0018440383545668,57047.8,30805.81322411299,1.7981685435943446,0.5400999987125397,0.6420249983668327,1.8868020014566025,-5.2631529414422,-21.739127054556995,-20.588232973867658,-14.285710230976514,0
HK.00277,490,1.149999976158142,1.149999976158142,0.0,0.0,1200.0,1379.9999713897705,0.043478220306857156,1.4311999583244324,1.4804017651081085,-25.80645086862044,-25.80645086862044,-28.12500256113704,-21.768710627483628,-35.472031679035716,0
HK.00279,491,0.38499999046325684,0.38999998569488525,-1.2820501064172196,0.0537333482592634,666375.0,256554.36864495277,7.259039407839718,0.41079999923706056,0.5642500001192093,-3.750003818422499,-21.428574904060852,-34.74576142765052,-33.62068938939664,-56.25000084665689,0
HK.00280,491,0.6399999856948853,0.6399999856948853,0.0,0.6482041359293748,767800.0,491391.9890165329,2.191596840678472,0.5581000024080276,0.5293096090853214,3.225803350434739,27.99999713897705,18.51851115992069,27.99999713897705,52.72088106149183,0
HK.00285,491,23.940000534057617,23.979999542236328,-0.1668015385415671,0.699403746353186,12807211.45,306604648.95278883,4.538214500996059,24.151762237548827,30.113842401504517,10.01838365002537,-11.040424994615202,-29.918476998504506,-31.666536730178024,-30.724006410405007,0
HK.00286,490,1.309999942779541,1.309999942779541,0.0,,0.0,0.0,0.0,1.309999942779541,1.309999942779541,0.0,0.0,0.0,0.0,0.0,0
HK.00287,490,4.360000133514404,4.360000133514404,0.0,,0.0,0.0,0.0,4.360000133514404,4.1970012307167055,0.0,0.0,6.862750368730701,6.862750368730701,5.79220209731267,0
HK.00288,491,7.965000152587891,8.220000267028809,-3.102191072471704,2.245612936441326,37414592.1,298007231.7855137,2.6586276955075934,8.507399969100952,8.694662737846375,0.3148626597892416,-13.117643148633821,-5.407945752127807,-4.429411440264177,9.120643463510651,0
HK.00289,491,13.220000267028809,13.5,-2.0740720960828996,1.1764705882352942,9000.0,118980.00240325928,0.9736204015893057,13.52820140838623,13.342382230758666,0.37965216738961016,-10.068152584301284,1.5338359324163224,0.9452336420831011,13.302791061567218,0
HK.00290,491,1.7450000047683716,1.7300000190734863,0.867051186676784,0.5534007593229564,52330000.0,91315850.24952888,9.529334221229337,2.522799999713898,3.5729500108957293,-26.371304260349078,-78.97590404014349,-41.44295323491606,-34.15094558604454,4.491020934793587,3
HK.00291,491,22.360000610351562,22.059999465942383,1.3599326911695548,1.0108402829428547,11021813.5,246447756.5871811,2.810517650914791,23.032400054931642,25.21628293991089,0.7207200086191535,-13.967879554972667,-10.47282823439998,-13.838508316111076,-12.430928620227712,1
HK.00293,491,14.90999984741211,15.140000343322754,-1.5191577985140696,0.8840385121187503,14228785.9,212151195.5978596,2.5310765486421323,13.220600013732911,12.054399242401123,12.358698817443889,27.10997808418936,27.034066224614545,24.720695526533447,33.74763535342639,0
HK.00294,491,0.949999988079071,0.9399999976158142,1.0638287753851585,0.1282051282051282,78500.0,74574.99906420708,1.1844314262773696,0.8558000016212464,0.8387999963760376,7.954544684857372,14.457832190515981,14.457832190515981,14.457832190515981,4.214178971998212,1
HK.00295,490,0.017000000923871994,0.01600000075995922,6.250000727595727,0.01856665428889714,1334000.0,22678.00123244524,3.7965036867804516,0.017239999920129777,0.01958000013139099,13.333342025677558,-29.166663432907757,6.250000727595727,13.333342025677558,13.333342025677558,1
HK.00296,491,0.2070000022649765,0.1979999989271164,4.545456255872506,0.3599096626746687,169708.5,35129.659884385765,3.0397488366873153,0.19860000014305115,0.23187499858438967,6.701028948193119,-10.000000647876561,-15.163934451258331,-7.999996556175988,-26.071428077257412,3
HK.00297,491,1.2549999952316284,1.2549999952316284,0.0,1.104509801175661,23292297.75,29231833.56518367,3.2762120354474136,1.344190812110901,1.4799285697937012,0.39999961853027344,-18.351492779704436,-19.84506545967959,-15.190906803793606,-11.775777108218676,0
HK.00298,490,0.09799999743700027,0.09799999743700027,0.0,0.0,70070.5,6866.908820409328,1.2443554377472934,0.10395999982953072,0.11115000013262033,-2.0000040233134624,-12.500004989227925,-10.091743307396198,-7.547171137518811,-20.325207536522534,0
HK.00299,490,0.10599999874830246,0.10599999874830246,0.0,,0.0,0.0,0.0,0.10599999874830246,0.10599999874830246,0.0,0.0,0.0,0.0,0.0,0
HK.00300,454,95.69999694824219,97.5,-1.8461569761618588,1.003098988788511,6484202.1,620538121.1817856,2.0557090612100866,88.92115188598633,84.18546752929687,7.830982476892606,16.13354498030507,17.97152320378394,12.687253005705518,28.150957444808693,0
HK.00301,491,7.0,6.880000114440918,1.7441843541136839,1.4084718097221276,1471302.9,10299120.299999999,9.176443746836595,4.344900002479553,2.222275002002716,35.6589187402923,225.58138090704182,426.3157724909605,422.38804668911774,382.75860481398337,4
HK.00302,491,0.2290000021457672,0.2280000001192093,0.4385973798399445,0.38989210355804715,1746050.0,399845.45374661684,7.794135054479148,0.1996000012755394,0.30276000022888183,27.22221835895836,-21.034479746495272,-38.93333276112874,-44.146340452865914,-59.10714264807044,1
HK.00303,491,51.650001525878906,52.20000076293945,-1.053638369773801,1.086053165291399,774313.2,39993277.96150818,2.0048347336965344,50.32807624816895,56.24806098937988,2.5871012786888596,-10.7500600668992,-9.115172770432567,-11.330074617775455,-5.056378599293631,0
HK.00305,491,0.4099999964237213,0.39500001072883606,3.7974646297370884,1.2754710815782193,1030870.3,422656.81931332056,4.126610491152513,0.3920459997653961,0.45588662564754484,7.894737254879816,-13.282570210850805,-21.463456544437463,-10.48523795236951,-16.751270970698844,1
HK.00306,490,2.7300000190734863,2.7300000190734863,0.0,0.0,26300.0,71799.00050163269,1.762311783775076,2.64300000667572,2.581699631214142,-3.191486393612005,11.885244059517873,-1.798559454347344,-3.873235859867965,49.055293435381216,0
HK.00308,491,1.1749999523162842,1.1749999523162842,0.0,0.7526034685779219,7986685.05,9384354.55291518,2.6136843598088193,1.1207065987586975,1.2416908061504364,10.84905808911547,5.78496981087607,-12.237658722099285,-12.882971537945782,-19.43262061201401,0
HK.00309,491,1.0499999523162842,1.0,4.999995231628418,0.12881721642097466,30151.75,31659.33606225252,3.1573536564214537,1.0513999998569488,1.3922499999403954,-0.9433953776483021,-22.79412196530186,-32.69230828012472,-37.50000088697391,-46.42857490406085,1
HK.00311,490,0.2750000059604645,0.2750000059604645,0.0,0.0,59200.0,16280.000352859497,2.7424996567782447,0.2638199990987778,0.23931499905884265,10.000002384185791,14.583338377997393,22.222228109100875,25.00000338662756,72.95598468610422,0
HK.00312,491,0.04500000178813934,0.04800000041723251,-6.249997089616979,0.05460750853242321,146900.0,6610.5002626776695,7.192908009386077,0.058060000166296956,0.06832000020891428,-18.181814487315386,-19.642856430110296,-49.4382011184577,-44.44444240038942,-58.715593696453226,0
HK.00313,491,0.05999999865889549,0.04899999871850014,22.448980057304087,0.5046540882195905,152366.65,9141.998795660398,2.57183434585013,0.060040000155568124,0.08087499981746077,11.111105745466787,-18.918921776153955,-25.0,-28.571429204981353,-18.918921776153955,1
HK.00314,491,1.4500000476837158,1.3899999856948853,4.3165512666415955,0.9194437556034565,1088350.0,1578107.551896572,5.136893529156668,1.324100012779236,2.0134750068187715,5.0724675865189495,1.3986084524057727,-46.494463938266655,-41.99999809265137,-77.23704750810286,1
HK.00315,491,4.829999923706055,4.864999771118164,-0.7194213578362628,1.0415780584665755,327045.25,1579628.5325484276,1.3445872180450769,4.808700037002564,4.807017953395843,1.898737488053921,-4.356440766723906,3.2791802793619746,5.025976946684607,10.046459802992356,0
HK.00316,491,148.60000610351562,143.89999389648438,3.2661656750397374,1.2062741296139756,999832.2,148575071.02249146,2.7737675928201004,136.21399978637695,133.1220848083496,15.372672812593999,10.410275247663943,22.608827901076463,19.712556613204036,10.6340665200581,1
HK.00317,491,11.800000190734863,11.949999809265137,-1.255226953342501,0.8345762916853806,3301785.4,38961068.349765584,3.8740968942475806,12.594705085754395,14.246262855529785,-10.197869996775362,-25.454432736725252,-23.049735523048547,-9.43590659450249,-25.023509691010037,0
HK.00318,490,0.8899999856948853,0.8899999856948853,0.0,0.0,12125.0,10791.249826550484,1.7036944535534542,0.8403999948501587,0.6637249965965748,0.0,-11.000001430511475,41.26984006843749,39.062500873114935,102.27272511760064,0
HK.00320,491,0.45500001311302185,0.45500001311302185,0.0,17.865168539325843,101100.0,46000.50132572651,0.4846304025279995,0.47409999966621397,0.4888000014424324,-4.2105223531537606,-2.150535566956493,-8.080806317177142,-8.99999737739563,-18.97554119910493,0
HK.00321,491,1.0950000286102295,1.1150000095367432,-1.7937202471256661,0.9685158889487343,1898600.0,2078967.0543193817,1.9359577068508766,1.110400013923645,1.1026809027791022,-0.45454501120513113,-12.39999771118164,-3.9473647060816504,6.310685342326266,35.72720644928113,0
HK.00322,491,11.3100004196167,11.34000015258789,-0.2645479062391829,0.909326155159907,13875105.2,156927445.63422585,2.852187530601163,11.037109146118164,11.198116526603698,2.2603977442585315,1.010454178434786,0.5964759239825073,4.8058959417016185,5.799736040279462,0
HK.00323,491,1.7350000143051147,1.715000033378601,1.1661796231638033,0.4134719011915026,4984872.4,8648753.685309172,3.4828704991287776,1.7384000039100647,2.3761499935388564,7.763975086295308,-31.422923560269815,-36.90909038890492,-33.52490099462572,-24.235805973499513,1
HK.00325,386,56.0,54.849998474121094,2.0966300052341684,0.5982929273661486,925266.0,51814896.0,7.516539776058358,49.41240020751953,65.21215009689331,12.179491294206397,-14.307572597455739,-29.648239857433833,-17.15976144372526,-56.45412337311772,3
HK.00326,491,8.600000381469727,8.96500015258789,-4.071386111608721,0.45863735392769805,5286547.15,45464307.5066577,7.1074614734493435,6.521600046157837,4.887600001692772,34.796241805762854,-11.248702230289032,122.22223865072084,191.52543194778198,224.52830460284594,0
HK.00327,491,3.880000114440918,3.869999885559082,0.25840385471720106,0.35487065776320154,1254279.0,4866602.66354084,2.777371426661222,3.6037999963760377,4.470550009012222,4.58221225191294,-2.999997138977051,-22.39999771118164,-24.366471191321377,-37.278300902898934,1
HK.00328,491,0.4000000059604645,0.4099999964237213,-2.439022085483674,2.1890872963812784,32366302.0,12946520.992918193,12.993773378463771,0.529300001859665,1.514390244781971,-27.27272776532763,-50.0,-91.4893612299315,-85.5595664723914,-75.83004194716561,0
HK.00329,491,0.17399999499320984,0.17800000309944153,-2.247195526169201,0.8728190793922727,578725.0,100698.14710244536,13.933242425286299,0.22157999813556672,0.2957949997484684,-1.694918678807493,-41.01694822790837,-47.272730885129846,-42.95082265156239,-58.57142847006013,0
HK.00330,490,0.48500001430511475,0.48500001430511475,0.0,0.0,78349.5,37999.50862079859,3.4415189136857522,0.49599999785423277,0.8724499967694282,2.1052674507500932,-33.56164361191727,-52.45097810055187,-58.89830204543956,-47.282608097070565,0
HK.00331,491,5.210000038146973,5.210000038146973,0.0,1.6131612578955594,51091.35,266185.9354489803,0.878977674207123,5.233299989700317,5.459989769458771,0.5791546486975764,-5.615941011787984,-5.357110065121243,-5.023269649334526,-4.486322628459664,0
HK.00332,490,0.1850000023841858,0.1850000023841858,0.0,0.0,200231.55,37042.83722738922,4.957097310136431,0.24023999869823456,0.3396600018441677,-28.846150319251656,-42.187497962731825,-45.58823516521487,-45.58823516521487,-55.95237900948572,0
HK.00333,491,0.19599999487400055,0.19599999487400055,0.0,3.167420814479638,5120.0,1003.5199737548828,0.7880777953602142,0.19487999856472016,0.23663000002503395,-1.5075407363300193,-7.547171137518811,-17.6470628747595,-24.615383821831625,-38.75000023283065,0
HK.00334,490,0.3400000035762787,0.3400000035762787,0.0,0.0,268760.0,91378.40096116066,2.459678620897354,0.37820000052452085,0.3767750006914139,-4.225348210765052,-17.073169136104084,-9.333332379659016,6.250003492459733,7.936509888789085,0
HK.00335,491,0.6399999856948853,0.6299999952316284,1.5873000855468575,6.052803840279293,597000.0,382079.9914598465,0.668387504607383,0.6487999773025512,0.6642499974370003,-1.5384601277006635,-1.5384601277006635,-4.477616454795883,-9.8591542201391,-3.7908530230197655,1
HK.00336,491,3.059999942779541,3.1449999809265137,-2.7027039320341024,0.4197098055280945,4972548.5,15215998.125468493,4.643449507393701,3.235799994468689,3.848055078983307,0.9900980750178164,-28.06459304157574,-26.534052993647318,-22.503502705433885,-14.703054337735916,0
HK.00337,491,0.1289999932050705,0.12800000607967377,0.7812399046092898,0.4359012658387628,607121.25,78318.6371246539,4.223255148813262,0.1499999988079071,0.19390999913215637,-11.034484884826865,-32.105265882206794,-37.68116338475194,-43.17180868326774,-53.090912578519635,1
HK.00338,491,1.1399999856948853,1.1349999904632568,0.440528217941891,0.49784823216250906,16830720.0,19187020.55923462,2.557317503475858,1.1425,1.3224250036478042,2.7027000903735274,-13.636368151866849,-24.503311728820496,-17.391305098987335,-19.7183084402782,1
HK.00340,491,2.7699999809265137,2.5950000286102295,6.743736045737411,2.1928361212361445,10400994.85,28810755.536116768,5.4323636324962825,1.9677964329719544,2.7169279605150223,45.78947450975963,1.8099532443788275,-19.1938147795987,0.00482024696535327,40.305261364880366,3
HK.00341,491,5.510000228881836,5.585000038146973,-1.3428792972760772,1.4084586915882866,973853.55,5365933.283397389,2.6966431772706034,4.982799997329712,4.918724123239517,-1.0771982213717723,36.72456431817082,18.750008349788843,10.200004577636719,-21.82285700716105,0
HK.00343,491,0.10700000077486038,0.10700000077486038,0.0,0.07732083313197699,519325.0,55567.77540240437,5.109777899770588,0.11232000008225441,0.15403500009328128,-2.727271495771795,-17.054258596151133,-38.15028605493292,-31.84713554133734,-12.295082317616659,0
HK.00345,491,6.360000133514404,6.429999828338623,-1.0886422502798916,0.7966944488382875,821767.7,5226442.681717824,1.9629322288265991,6.299100008010864,6.6471897149086,-2.003076150823378,0.632910771622848,-8.489204200613013,-1.3953438513510017,-30.33900820876455,0
HK.00346,491,0.2549999952316284,0.25999999046325684,-1.9230751596258298,0.10693281055070397,141025.0,35961.3743275404,3.101840961449865,0.2891999998688698,0.3761750004440546,-5.5555610745039266,-35.44304093533718,-33.766233364111,-30.136989433158213,-43.333332891817435,0
HK.00347,491,1.1749999523162842,1.1699999570846558,0.4273500354724066,0.5252479278128773,5438349.15,6390059.991929305,3.1229434653603523,1.1848000025749206,1.676100005507469,5.85585019580931,-18.96552319475624,-39.11917180054148,-40.051024007777315,-52.23577503676105,1
HK.00348,491,0.09300000220537186,0.1080000028014183,-13.888889080519043,6.2382965693490835,2198420.0,204453.0648483336,12.637835599869875,0.06724000029265881,0.11265499981120229,55.00000714013989,40.909095014094014,-29.007630418434854,-32.60869236584338,-14.6788950064157,0
HK.00351,491,0.3400000035762787,0.33500000834465027,1.4925358528601556,0.19330604839864002,1185142.8,402948.5562384009,6.1954229237966825,0.3604000008106232,0.31322499938309195,-5.555558315029741,30.769236941309597,13.33333002196431,15.25424362359079,55.25114546724701,1
HK.00352,490,0.36000001430511475,0.36000001430511475,0.0,,0.0,0.0,0.0,0.36000001430511475,0.36000001430511475,0.0,0.0,0.0,0.0,227.27274205073846,0
HK.00353,491,0.4050000011920929,0.4000000059604645,1.2499987892806712,1.5848711108304787,683690.0,276894.450815022,5.482982257539062,0.3634999972581863,0.345649997740984,15.714288025486264,8.000000317891438,24.615389553047677,26.56250320142142,17.391305098987335,1
HK.00354,491,3.625,3.7049999237060547,-2.159242249755082,0.5683441109569647,78543688.55,284720870.99375,8.078597518942345,3.476713013648987,4.280759725570679,14.715186757568526,8.076782497027674,-31.389461206746784,-29.13340230284077,-35.60979047324776,0
HK.00355,491,0.07699999958276749,0.07400000095367432,4.054052149230698,0.03854282428968787,1544060.0,118892.61935576797,5.040046549900642,0.06830000042915345,0.078270000256598,22.222219594151507,-14.444448307708305,-14.444448307708305,-26.66666477445566,20.31249363353739,1
HK.00357,491,5.695000171661377,5.570000171661377,2.2441651013938113,0.8167964322036835,553562.8,3152540.241025353,5.011881754334099,4.654200019836426,7.845949988365174,36.89904760944101,-8.440508621208446,-46.324219076884575,-46.52581806902167,-47.26851786033281,1
HK.00358,491,39.81999969482422,38.29999923706055,3.9686696815723725,1.5218813376837257,13899680.55,553485275.2591542,4.8559741206986216,34.08511653900146,36.49009348869324,27.546446414529672,11.095674318344507,-10.032652093814978,-6.860725002719165,145.56118690476652,4
HK.00360,491,0.03099999949336052,0.03099999949336052,0.0,0.5032382937541875,2360600.0,73178.59880402684,4.373334074545418,0.03888000003993511,0.04385000005364418,-13.888886589326876,-40.384617588929125,-29.545455315142625,-29.545455315142625,-41.50943422750376,0
HK.00361,491,0.03999999910593033,0.039000000804662704,2.564098155475083,1.1561561561561562,2581000.0,103239.99769240618,6.160007155526875,0.04442000009119511,0.07030500032007694,-20.000002980232196,-27.272728504228205,-42.857144377669506,-51.807228158599706,-9.090910630285256,1
HK.00362,490,0.014999999664723873,0.014999999664723873,0.0,,0.0,0.0,0.0,0.014999999664723873,0.014999999664723873,0.0,0.0,0.0,0.0,0.0,0
HK.00363,491,13.319999694824219,13.390000343322754,-0.5227830224324278,0.5469430576836658,698944.25,9309937.196699142,1.8434625845807389,13.313460807800293,13.894808697700501,4.225351902472099,-8.735436876392374,-5.524500835748089,-3.165893285134782,-3.5810976583797824,0
HK.00365,491,0.4000000059604645,0.4000000059604645,0.0,0.2331981460023175,1341400.0,536560.007995367,9.946070441326983,0.554799998998642,0.4147399976104498,-19.19191876621517,-68.74999883584675,40.35088104554496,37.931040507009456,70.21276892553688,0
HK.00366,490,0.8799999952316284,0.8849999904632568,-0.5649712187014997,0.0,132000.0,116159.99937057495,1.8141208098857713,0.8205943882465363,0.8796918591856957,9.999997764825855,-7.192796366451152,-4.230864335593209,-1.0736400829204575,-0.17213670756801083,0
HK.00367,491,0.24799999594688416,0.2460000067949295,0.8130036978502531,8.017767528528024,143971.75,35704.99341646582,0.24609841111920752,0.2567999997735024,0.299600001052022,-0.40160724285009064,-17.333337969249964,-22.499999534338702,-24.848489062954513,-30.14084410085677,3
HK.00368,491,5.079999923706055,4.739999771118164,7.17299934610935,2.0906299824748653,1585680.0,8055254.279022217,10.014006787518374,2.2245999705791473,0.9488499923050404,161.8556584469611,534.9999810010198,1109.5238291217092,1081.3953114432738,1892.156870078234,1
HK.00369,491,1.965000033378601,1.9299999475479126,1.8134759990618907,0.5256577292337037,26933.3,52923.935398995876,1.2706639430276705,2.008299984931946,1.9554278630018234,-0.7575750277974386,-12.125901298300297,6.006852277313046,11.929024042215149,16.581684903549814,1
HK.00370,491,0.27000001072883606,0.26499998569488525,1.8868020014566025,0.7137878660603405,4090570.0,1104453.943887055,6.905111704890654,0.3177000004053116,0.6943249990046024,-20.588232973867658,-58.46153528732649,-71.27659453046219,-70.65217327925119,-82.8025476618845,1
HK.00371,491,2.234999895095825,2.265000104904175,-1.3245125129748647,0.8379747838752063,17018724.15,38036846.689914785,2.7279256696578833,2.3853020238876343,2.5318148028850556,-2.826089502958412,-17.050690714138195,-12.337665920333178,-5.53936192027505,-13.480143367428967,0
HK.00372,490,0.19499999284744263,0.19499999284744263,0.0,0.0,15000.0,2924.9998927116394,0.7967034905329623,0.20509999692440034,0.24370999917387962,-3.9408874588667384,-11.36363913451346,-22.00000286102295,-29.090913228752107,-2.5000050291418283,0
HK.00373,491,2.2300000190734863,2.240000009536743,-0.44642814378045226,0.47258141691723327,166683.0,371703.0931792259,2.139421160105363,2.2624000263214112,2.4910105711221693,1.3636350336153933,-10.880409283425285,-21.71928205318768,-11.560707578787463,39.58490000067157,0
HK.00374,490,2.5,2.5,0.0,0.0,1800.0,4500.0,0.0,2.52959997177124,2.615943406820297,0.0,-0.7936500427734288,-7.749078789333347,-7.749078789333347,-0.19313631734702222,0
HK.00375,490,0.9900000095367432,0.9900000095367432,0.0,0.0,14800.0,14652.000141143799,0.9377312958369299,1.1361999988555909,1.0468999940156936,-13.913040864219683,-6.603767643538114,8.791206703858654,12.50000169331378,12.288862322959123,0
HK.00376,491,1.6799999475479126,1.6100000143051147,4.347821901915338,0.6571055735349682,4871577.6,8184250.112475585,6.265476089246203,1.753999993801117,2.8881499975919724,3.0674817461689026,-38.46154081280648,-52.272728504228205,-49.244713698177634,-56.47668411384228,1
HK.00377,491,4.599999904632568,4.599999904632568,0.0,1.0845915037015417,79461.5,365522.89242196083,20.070339391307147,1.7511999750137328,1.2452499994635582,251.14504622590653,346.60194489382616,384.21052235315375,399.99998056370316,289.8305177209163,0
HK.00379,491,0.07699999958276749,0.07699999958276749,0.0,1.1621944966672364,308550.0,23758.349871262908,2.928279895958339,0.08487999990582466,0.08215500000864268,22.222219594151507,-30.630631900512867,20.31249363353739,11.594205089437743,1.315792182517271,0
HK.00380,491,0.11999999731779099,0.11299999803304672,6.194689740345943,0.4565322972316659,421200.0,50543.99887025356,2.9167896371237365,0.13129999980330467,0.13856500051915646,-5.511816151121705,-16.083921877071052,-20.000004967053535,-22.077923397387362,-28.99408432717025,1
HK.00381,491,0.08399999886751175,0.08299999684095383,1.2048217646009618,2.7552442081536888,3109392.7,261188.9832786493,8.869442676333295,0.09813999950885773,0.1912200001999736,-11.578947450975964,-40.42553382616369,-58.62068902237295,-60.74766436485507,-82.31578949019519,2
HK.00382,491,0.49000000953674316,0.4950000047683716,-1.0101000370632516,1.091093153219267,418675.7,205151.09699280263,2.6043487599120163,0.5137999993562699,1.0712084405124187,3.1578980390385336,-33.78378334839559,-62.610565052456316,-63.91788721825896,-67.59709772044721,0
HK.00383,491,0.8100000023841858,0.8199999928474426,-1.219511042741837,0.44473434535104367,17239.0,13963.590041100979,0.30788926411199613,0.8774000072479248,0.9765999895334244,-4.705884745376678,-22.857139126783967,-21.359220885097752,-21.359220885097752,-10.9890132922939,0
HK.00384,491,5.704999923706055,5.880000114440918,-2.976193662055781,1.2765956711092061,11328876.5,64631239.568175316,2.5012716743345496,6.09600004196167,7.361096200942993,4.105837661486167,-22.38095241184562,-27.324840853318634,-25.13123815768403,-28.10613531866146,0
HK.00385,490,0.24400000274181366,0.2460000067949295,-0.813009755232685,0.0,59040.0,14405.760161876678,3.317187650420733,0.26771666944026945,0.36016751036047934,-9.629632205138869,-18.57619656404756,-45.12743776397339,-46.29493725015001,-36.89655406296454,0
HK.00386,491,4.360000133514404,4.264999866485596,2.227438921518415,0.6695257793257792,139943300.4,610152808.4284464,2.2587482393084635,4.206519632339478,4.463780312538147,7.3891673636201665,-2.281265810284917,-12.03402314349556,-4.3603882492634245,-0.027815052207344156,1
HK.00387,491,0.7850000262260437,0.7900000214576721,-0.632910771622848,2.0,6600.0,5181.000173091888,0.7614309477796805,0.7892038035392761,0.7088579365611076,-1.8749981839210066,-0.489411017305171,11.779021000862482,16.56954835226355,49.377226035826176,0
HK.00388,491,411.6000061035156,410.0,0.39024539110137196,0.6940651485392565,3905222.05,1607389419.6155837,1.5976828533636733,390.2679998779297,405.67432327270507,6.909092494419642,-1.578193665917033,-0.9137006536812983,0.5637765302929226,-3.869254061888906,1
HK.00389,490,0.36000001430511475,0.3400000035762787,5.882356034843122,2.5959893449861107,424483.15,152813.94007228018,9.673641466734756,0.203340000808239,0.3324450032413006,101.11732066806816,28.57143313300851,-16.27906783327278,-16.27906783327278,-16.27906783327278,6
HK.00390,491,3.5450000762939453,3.515000104904175,0.853484224592601,1.1072081040906308,26257776.3,93083818.98680936,2.3678493125810958,3.4308201599121095,3.8420572686195373,8.190085792084043,-3.5448206454763533,-10.196899569677603,-5.787959661088259,-7.856578390282161,1
HK.00391,491,0.16099999845027924,0.17000000178813934,-5.294119554819925,0.669392890846178,3885750.0,625605.7439781725,7.2330228202180376,0.11271999940276146,0.10285000029951334,57.84313868715508,67.70833026126238,60.99999605119234,59.40593350939817,60.99999605119234,0
HK.00392,491,29.81999969482422,30.3799991607666,-1.8433162653459794,0.8202326021340287,1539074.7,45895207.08431167,2.427491884632999,29.756145896911622,31.95750461578369,2.1232839578266938,-1.7494939092203257,-9.70007006008533,-4.331791290719712,-5.269538504418639,0
HK.00393,491,1.3350000381469727,1.3350000381469727,0.0,2.307653476984762,95956.1,128101.39716043473,0.9817692979683059,1.3338000345230103,1.3247638493776321,0.3759394789693757,-0.4906694608109535,0.951498390010493,-1.1964111371419992,7.994613959095906,0
HK.00396,491,0.3449999988079071,0.32499998807907104,6.153849680748341,0.6355293795370497,749200.0,258473.999106884,8.985315551984044,0.27849999904632566,0.21994066499173642,35.29411970950332,-18.613345725704196,244.32812942213843,241.0488472349518,321.6772047001159,1
HK.00397,491,0.039000000804662704,0.039000000804662704,0.0,0.8722892387979905,1451061.15,56591.38601761479,6.625332210538708,0.03895999982953072,0.04467938005924225,0.0,-9.302326790251001,-15.217389719867077,-13.333334989017844,-25.0,0
HK.00398,491,3.309999942779541,3.2899999618530273,0.6079021628696032,1.6330828043950871,333437.65,1103678.6024205447,0.8657865612320048,3.271599979400635,3.314760158061981,0.6079021628696032,0.6079021628696032,-2.3598867153101506,-4.390530995068344,7.9639426153922,1
HK.00399,490,0.0729999989271164,0.0729999989271164,0.0,,0.0,0.0,0.0,0.0729999989271164,0.12169499987736344,0.0,32.727271495771795,-25.510203228275834,-16.09195284176285,-88.93939454146104,0
HK.00400,491,4.079999923706055,4.065000057220459,0.3690004003555223,0.5341792552158788,5784215.4,23599598.390699387,7.937567282544322,4.305799980163574,3.336449999809265,-11.879053501951736,85.45453796701999,4.615380100950092,35.54817065225699,109.2307602019002,1
HK.00401,490,0.12600000202655792,0.12600000202655792,0.0,0.0,37961.45,4783.142776931077,1.0932121428097643,0.12818000018596648,0.13339094012975694,11.504428513095515,-33.68420862755284,14.545457008456408,34.0425599371488,70.27027081450552,0
HK.00403,491,0.19499999284744263,0.1850000023841858,5.405400180747055,0.9810479375696767,375600.0,73241.99731349945,9.380081958379844,0.16143999963998795,0.16219999969005586,32.65305646637918,25.80644603078253,26.62337266498077,25.80644603078253,1.0362637894609572,2
HK.00406,491,0.5099999904632568,0.5299999713897705,-3.7735815105932082,,6000.0,3059.999942779541,0.0,0.5585999894142151,0.6856499996781349,-3.7735815105932082,-32.00000127156575,-29.166670805877942,-32.00000127156575,-34.61538343975055,0
HK.00408,491,2.5799999237060547,2.555000066757202,0.9784679567770923,0.44120396335763695,271550.0,700598.9792823792,2.048082394145504,2.251594467163086,2.0310451984405518,18.34861672934997,12.348510009492408,38.71602003243538,44.61882663448194,65.41184343653208,1
HK.00410,491,0.33500000834465027,0.33500000834465027,0.0,0.5945643385782698,1638425.0,548872.3886720836,3.8840001880687662,0.36650000035762786,0.4700999964773655,-8.219178194041364,-22.988504250907326,-37.96296388278769,-36.792447843683775,-42.24137620962748,0
HK.00411,490,11.300000190734863,11.0,2.72727446122603,33.333333333333336,400.0,4520.000076293945,0.0,11.386599998474122,11.758908019065856,0.0,-10.317461518864055,-11.364399543241511,1.6354870031840143,7.236214895459046,1
HK.00412,491,0.4650000035762787,0.46000000834465027,1.086955465418649,0.6589216591073506,6605452.05,3071535.2268729373,7.345726885760029,0.5944999980926514,1.360174994468689,3.3333368654605247,-62.5,-72.48520782058058,-67.25351988524343,-97.34285712242126,1
HK.00413,490,0.024000000208616257,0.024000000208616257,0.0,0.0,137719.35,3305.2644287304956,0.4166667313418449,0.023440000116825104,0.029555000336840748,0.0,-7.692308794464562,-33.33332988399032,-27.2727262464765,-29.41176792845164,0
HK.00417,491,0.6800000071525574,0.7149999737739563,-4.895100406320293,1.1347303124290793,111300.0,75684.00079607964,2.3512276868681448,0.7064000046253205,0.8870000031590461,-1.449273985189887,-15.000000372529025,-30.61224551858229,-26.08695708511005,0.0,0
HK.00418,490,0.6499999761581421,0.6600000262260437,-1.515159040990203,2.4074731286566093,79074.95,51398.71561470628,2.5495658771461924,0.6850999999046326,0.7515249997377396,-5.797104579113893,-7.142858967489158,-18.750004190951525,-19.75308959939424,-35.00000238418579,0
HK.00419,491,0.6399999856948853,0.44999998807907104,42.22222281091009,89.25634427988018,14478803.25,9266433.872879058,12.965850873290407,0.45839999556541444,0.3870849983394146,29.292925157518816,141.50944160116526,58.024687360761526,75.34245725285629,-1.5384601277006635,1
HK.00420,491,0.7200000286102295,0.7400000095367432,-2.7027000903735274,1.209989447766444,301500.0,217080.0086259842,2.019179109559703,0.6536197304725647,0.6169180396199226,9.090909090909092,8.728939589152882,24.261654831754072,24.261654831754072,26.265873394995232,0
HK.00422,490,0.25999999046325684,0.25999999046325684,0.0,0.4821988266495218,26600.0,6915.999746322632,3.327703402844452,0.2670999985933304,0.2847249999642372,0.0,-8.77193202602569,-10.344828294942289,-5.454550971669479,-41.57303491184741,0
HK.00423,490,0.6899999976158142,0.699999988079071,-1.4285700905079517,0.08385744234800839,68650.0,47368.499836325645,1.146019977384885,0.705799994468689,0.7581259053945542,-1.4285700905079517,-11.538458599376382,-9.210525490240366,-8.000000317891438,-7.241807552062446,0
HK.00425,491,28.100000381469727,28.84000015258789,-2.565879914018523,1.4900876350924634,4075386.3,114518356.5846365,4.910999132631848,28.95995822906494,33.33173832893372,1.8115941778598428,-15.871369732957069,-28.235854528832423,-14.070757551861451,6.666405536273256,0
HK.00426,491,0.13199999928474426,0.13199999928474426,0.0,1.9536423841059603,66200.0,8738.39995265007,2.196828082182028,0.14048000037670136,0.10859000034630299,-9.589040257018498,0.7633603415937713,46.66666004392862,48.314603355373094,153.8461472332126,0
HK.00430,490,0.3449999988079071,0.3449999988079071,0.0,0.0,7725.0,2665.1249907910824,1.149067240810942,0.36896200001239776,0.3876860010623932,0.0,-9.733124961402016,-15.170884852014646,-15.170884852014646,-9.165930135406668,0
HK.00432,491,0.2280000001192093,0.23000000417232513,-0.8695669638411668,0.1814516368149279,421388.45,96076.56665023342,4.160122869809277,0.23207999914884567,0.23489999808371068,2.242150278942381,-22.71186093084073,13.999998360872294,20.0000015685433,9.615382411070875,0
HK.00433,491,0.0560000017285347,0.052000001072883606,7.692308794464562,0.5547908622929812,32310643.25,1809396.077850068,7.814605449121791,0.06322000026702881,0.07113500030711294,-11.111109797075754,-12.500001455191454,-25.333333995607138,-29.11392512506365,7.692308794464562,3
HK.00434,491,2.265000104904175,2.25,0.6666713290744358,0.45117261512422796,2649919.45,6002067.832237613,4.774292231581144,2.1687534737586973,3.1492214435338974,13.81910020349445,-23.2107792836481,-37.73846982546047,-35.651492385517244,-69.52808736918384,1
HK.00436,490,0.054999999701976776,0.054999999701976776,0.0,0.0,52000.0,2859.9999845027924,1.8545455707991383,0.055716000720858576,0.06274276612326503,9.999997764825855,0.5808899885636879,-17.16868314815725,-17.16868314815725,-2.8874122282158803,0
HK.00438,491,1.3200000524520874,1.2000000476837158,10.0,0.13341525498112877,28672.5,37847.701503932476,5.2264561230666935,1.3079999947547913,1.8335499900579453,0.7633671839197399,-21.893490665137026,-35.92232577098899,-33.33333132644295,-44.30379256576631,1
HK.00439,491,0.675000011920929,0.675000011920929,0.0,0.07418163744837422,124004.25,83702.87022824585,5.968468814903031,0.609199994802475,0.9410499992966652,29.80769936149668,-3.571425226269879,-36.320750154859624,-41.81034212553252,-47.67441613321278,0
HK.00440,491,47.84000015258789,48.959999084472656,-2.287579560515078,0.9398973906477683,524944.25,25113333.000100136,3.190275689548701,41.9916284942627,38.46502138137817,20.564515586326078,20.39196942011458,31.99523590851858,39.262399392356485,70.93970179460551,0
HK.00442,490,0.5849999785423279,0.550000011920929,6.363630156871835,3.681592039800995,47200.0,27611.998987197876,1.5825831180769496,0.677299998998642,0.7723659455776215,-11.363643136891183,-23.026317646959175,-25.0,-25.0,-22.00000286102295,1
HK.00444,490,0.009999999776482582,0.009999999776482582,0.0,,0.0,0.0,0.0,0.009999999776482582,0.009999999776482582,0.0,0.0,0.0,0.0,0.0,0
HK.00450,490,0.7450000047683716,0.7450000047683716,0.0,0.0,46000.0,34270.00021934509,1.102049939392052,0.7532285726070405,0.810264274775982,3.47221877287949,-2.1575931898256946,-12.792641860449539,-12.792641860449539,-14.619730363125308,0
HK.00451,491,0.6600000262260437,0.6399999856948853,3.1250064028428435,0.4549877577922792,4153807.75,2741513.2239379436,7.006636472427886,0.784999998807907,0.9613000014424324,-18.518515520571142,-23.255812180500048,-59.509200726576964,-32.65305985911895,43.478263968105296,1
HK.00455,490,0.10300000011920929,0.11800000071525574,-12.711864834850935,12.228260869565217,59300.0,6107.900007069111,1.9889109221551367,0.0943600009381771,0.10649500101804733,11.956521651103728,5.1020436867085515,-8.03571701791053,-25.899279727173674,-39.76608314534052,0
HK.00456,491,0.5049999952316284,0.5,0.9999990463256836,0.2567267341397186,102575.0,51800.374510884285,9.437681713245412,0.5673999971151352,0.5004499980807304,10.989006742333125,18.823524956884807,5.2083346915121185,16.091952290524272,20.23809785678011,1
HK.00458,491,1.649999976158142,1.7000000476837158,-2.9411805954770314,2.6251025430680888,8618.75,14220.937294512987,0.0,1.8457599949836732,1.7027254527807236,-17.500001192092896,-1.989899464114037,1.2953554627371973,0.7326059043244227,-24.450551070045282,0
HK.00460,491,0.9049999713897705,0.8700000047683716,4.02298464707679,0.9627125021491072,34050456.85,30815662.475058615,5.414067568560233,0.8934084653854371,1.2436019799113274,6.470581882965372,-26.702312244486738,-31.6252887603038,-28.420225883386767,-33.145954715982874,1
HK.00464,491,0.7850000262260437,0.7799999713897705,0.6410326948300152,0.09174311926605505,363400.0,285269.0095305443,3.783580512912395,0.7744000005722046,1.0434999980032444,-9.77011242258076,33.05085781695251,-42.70072821213128,-49.02597106031866,57.00000524520874,1
HK.00465,491,3.5299999713897705,2.5899999141693115,36.29343970545823,3.485707030006047,660655.8,2332114.955098486,20.475616887824298,3.6062999820709227,1.6806999944150447,0.0,57.58928376611095,390.2777543222472,390.2777543222472,894.3662191756879,2
HK.00467,491,0.35499998927116394,0.3499999940395355,1.4285700905079517,0.616714566601664,53776336.2,19090598.774042506,4.6346340953438805,0.3837000024318695,0.4980249997973442,-4.054058190241914,-30.392157664806845,-30.392157664806845,-24.46808719753734,-38.79310353686778,1
HK.00468,490,2.2739999294281006,2.2739999294281006,0.0,,0.0,0.0,0.0,2.2739999294281006,2.2739999294281006,0.0,0.0,0.0,0.0,0.0,0
HK.00470,118,31.139999389648438,31.579999923706055,-1.393288584929107,1.097009384877806,1377200.45,42886021.17242355,5.384937805271623,34.723800086975096,,7.527625601150732,-40.02657056808897,,-31.580529264220914,,0
HK.00471,490,0.14000000059604645,0.13300000131130219,5.263157305058922,0.2611822631379501,460661.25,64492.5752745755,3.6787048562071893,0.15472000032663347,0.4830996957421303,-9.090908211265567,-31.372547444129413,-72.48151871642217,-80.28168946096665,-76.66666749450893,1
HK.00472,491,0.24300000071525574,0.24500000476837158,-0.8163281690572588,0.7119971520113919,306125.0,74388.37521895766,2.505790999562036,0.23737999886274339,0.2874249995499849,8.000003178914472,-28.529412306097544,-28.529412306097544,-30.571427184708238,24.615389553047677,0
HK.00474,490,0.11400000005960464,0.11400000005960464,0.0,,0.0,0.0,0.0,0.1134400001168251,0.11569999966770411,0.0,-4.999997826913944,-4.999997826913944,-4.999997826913944,442.8571504597762,0
HK.00475,490,0.4099999964237213,0.4099999964237213,0.0,0.0,0.0,0.0,0.0,0.4477000015974045,0.43407500088214873,2.4999975785613424,26.153849680748344,-14.583332169180089,-18.000000715255737,-33.870968827347845,0
HK.00476,491,0.5199999809265137,0.5099999904632568,1.960782480441495,1.1417878494743017,93322.6,48527.75022001267,3.28001272096278,0.46849999904632567,0.6939749979972839,16.853930176305184,-10.344828294942289,-39.53488694454536,-36.58536762655102,-25.714287173991323,1
HK.00480,491,1.090000033378601,1.100000023841858,-0.9090900224102623,0.33695906551755717,298652.0,325530.68996858597,3.1778834187023595,1.058400013446808,1.118650006055832,2.830197379104905,-8.403362943984458,-6.034477177329475,-0.9090900224102623,12.37113414731564,0
HK.00482,491,0.5649999976158142,0.5799999833106995,-2.5862045045697752,0.7656674706175108,54242.0,30646.729870676994,4.112910938746953,0.6448000013828278,0.7242859336733818,-7.3770517432794795,-24.666666984558105,-21.587566216216885,-4.698773135045629,-30.3979744826342,0
HK.00483,490,0.20000000298023224,0.18799999356269836,6.382983951290322,0.0,11200.0,2240.000033378601,0.21212118201785735,0.18995999902486801,0.256899997740984,13.636365945427883,-25.925927765575384,-31.034479746495276,-34.426230068842386,-11.111107431811954,1
HK.00484,490,0.7699999809265137,0.699999988079071,9.999999148505061,1.6504634863215013,23940.0,18433.799543380737,4.680500680668533,0.7019999921321869,0.7962999966740608,20.31249970896169,-2.5316506313829312,-12.50000169331378,-8.333332742017395,-4.938274239498084,1
HK.00485,490,0.3700000047683716,0.36000001430511475,2.7777750183035925,0.0,10450.0,3866.500049829483,0.4166662527455388,0.38750000834465026,0.4074000018835068,-6.329115261120019,-7.500000186264512,-17.77777453999452,-11.90475801897145,49.193552748128674,1
HK.00486,491,3.059999942779541,3.119999885559082,-1.9230751596258298,0.8183041722745625,179400.0,548963.9897346497,2.8522198467793,3.2609999847412108,4.3551500022411345,-1.6077155627924413,-26.79425673575292,-49.08486146016577,-36.64596291687711,-25.0,0
HK.00487,491,0.04100000113248825,0.0430000014603138,-4.651163395125501,0.6796116504854369,42600.0,1746.6000482439995,1.892594568479087,0.04284000024199486,0.0593400003015995,7.894743291707789,-4.651163395125501,-34.92063416975758,-14.583331716453879,-67.96875063664626,0
HK.00488,490,0.8100000023841858,0.8100000023841858,0.0,0.0,10102.65,8183.146524086595,5.127919751390027,0.7406000065803527,0.6993500059843063,3.8461579608730645,-18.18181872915192,26.56250320142142,32.78688252276555,14.084510825924799,0
HK.00491,490,0.02500000037252903,0.023000000044703484,8.695653582340375,10.545071088324061,84002.0,2100.0500312931836,1.6347828579309505,0.024600000269711018,0.03072000002488494,4.166667313418449,-19.3548361899701,-28.57142781116525,-28.57142781116525,-32.43243229637362,1
HK.00493,491,0.009999999776482582,0.009999999776482582,0.0,0.09087583777302354,12547045.45,125470.4516955168,0.9545456246465223,0.010739999897778034,0.014040000070817769,0.0,-23.076926383393687,-37.50000436557436,-33.33333333333333,-50.0,0
HK.00496,491,0.1679999977350235,0.18299999833106995,-8.196721711936613,0.8126410835214447,37150.0,6241.199915856123,2.36204368220705,0.21545999944210054,0.34008999973535536,-11.578947450975964,-48.30769110854556,-59.02439043892061,-59.518072020940046,-58.000001192092874,0
HK.00497,490,0.18199999630451202,0.17900000512599945,1.6759726774314094,0.0,174000.0,31667.999356985092,1.2239679451509624,0.1904800009727478,0.19515500023961066,-1.6216248870330903,-18.385653670159265,-6.666665138342386,3.409089369714744,-3.191488012570239,1
HK.00498,490,0.07100000232458115,0.07100000232458115,0.0,,0.0,0.0,0.0,0.07100000232458115,0.12282000113278628,0.0,-5.333333995607138,-63.02083244404963,-54.19354723966086,-20.224717878329173,0
HK.00499,490,0.1720000058412552,0.17299999296665192,-0.5780272636135249,0.0,64100.0,11025.200374424458,0.5128939303527533,0.18295999854803086,0.14069499999284743,-13.567836674887515,-12.244892683886986,28.358210117043058,47.00855364870219,38.70968439700588,0
HK.00500,491,0.06199999898672104,0.06800000369548798,-8.82353585690328,14.518725185105698,316730.0,19637.259679064155,6.278949076175468,0.062000000178813935,0.07150000032037497,-3.1250061845636785,-10.144926753772236,-16.216218665274816,-22.499999534338702,-43.6363642521141,0
HK.00505,491,0.8700000047683716,0.8799999952316284,-1.136362558800321,0.04420866489832007,110750.0,96352.50052809715,2.9764438931426698,0.9431999957561493,0.9616999998688698,-8.421050980480734,-5.4347838058588644,-16.34615031925166,-5.4347838058588644,-14.705880290496681,0
HK.00506,491,3.315000057220459,3.325000047683716,-0.30075158856683615,0.9003614778172987,3022235.7,10018711.518433714,2.723597784240288,3.278774480819702,3.7088760340213778,3.9184952275178384,-2.409908735369068,-16.418055975261783,-18.75057632022473,5.2326857031968474,0
HK.00508,491,0.33500000834465027,0.33000001311302185,1.5151500099837776,1.5763546798029557,191625.0,64194.37659904361,4.224793753724938,0.37810000240802766,0.4704250000417233,-6.944445824181537,-37.96296388278769,-40.17857019314353,-15.18987360873143,8.064517989739157,1
HK.00509,490,0.17000000178813934,0.17000000178813934,0.0,,0.0,0.0,0.0,0.17000000178813934,0.17000000178813934,0.0,0.0,0.0,0.0,0.0,0
HK.00510,491,0.5600000023841858,0.5249999761581421,6.666671964857554,0.5791111420186204,114787.1,64280.77627367378,3.8636431112946292,0.5432999956607819,0.5660499994456768,-12.49999767169351,14.285712547969572,-23.28767291062047,13.131312523164532,33.33333806386084,1
HK.00511,491,2.5299999713897705,2.509999990463257,0.796811992131617,0.3544819182540731,2261674.55,5722036.546792972,4.856933091004749,2.4169999742507935,2.8641999769210815,4.545450067269504,-8.664260331744392,-17.857141751305264,-19.169332942926097,-41.43518817461555,1
HK.00512,491,5.235000133514404,5.110000133514404,2.4461838891192205,1.149453346405928,4453271.7,23312877.94407592,3.1323102962989307,5.051176738739014,6.700614898204804,3.254437007227139,-12.499887422794952,-30.826858702845968,-30.56080861374059,-41.38250082598278,1
HK.00513,490,0.11999999731779099,0.11999999731779099,0.0,0.0,20000.0,2399.9999463558197,0.4166665890564504,0.12779999852180482,0.1421499991044402,11.111105745466787,-25.0,-11.111116630059483,-8.396946695132815,-50.0,0
HK.00515,490,0.17299999296665192,0.17299999296665192,0.0,,0.0,0.0,0.0,0.17299999296665192,0.17299999296665192,0.0,0.0,0.0,0.0,-60.68181956725673,0
HK.00517,491,5.829999923706055,5.804999828338623,0.43066487694602756,1.276444341736951,1029154.5,5999970.656481743,1.9396012982032276,5.67431321144104,6.004753246307373,7.169115117341822,-3.7461121018378183,-4.495756111964281,-2.366680854156069,9.711130599126665,1
HK.00518,490,0.17800000309944153,0.17800000309944153,0.0,0.0,8100.0,1441.8000251054764,0.80187773532772,0.19569999903440474,0.1982200003415346,-4.30107587182406,-4.30107587182406,-6.315786666817247,-8.247423789011854,-11.49495589076341,0
HK.00519,491,0.15000000596046448,0.1509999930858612,-0.6622431597252582,1.3003901170351104,204750.0,30712.5012204051,2.7577344541178848,0.15138000011444092,0.19267999969422817,-5.063291736146471,2.0408204640181054,-30.875570973718126,-29.24527937182327,35.1351387633701,0
HK.00520,491,0.2370000034570694,0.24300000071525574,-2.4691346668830096,0.6203049465351076,663924.4,157350.08509523273,3.803536938839578,0.2849799981713295,0.589569997265935,-10.566031603508982,-44.23529486837682,-69.61538305766948,-67.97297291854944,-70.37500000931323,0
HK.00521,491,0.19599999487400055,0.19499999284744263,0.5128215708911689,4.7992715391413805,4555900.0,892956.3766464591,4.828219218393331,0.2363799986243248,0.2615199989080429,-18.3333336437742,-15.879828847689344,-26.03773379079713,-21.60000205039978,1.554399544595816,1
HK.00522,491,161.60000610351562,161.3000030517578,0.18599072912698444,0.729117743690805,4127365.5,666982289.9914398,7.337964745581205,181.84800018310546,125.36879333496094,-13.996800770231863,-0.3919100377933741,56.103661817540505,100.3202099097108,135.43655871859735,1
HK.00524,491,2.0,2.075000047683716,-3.6144600462750343,0.8810705110364446,201447.1,402894.2,8.06155829061682,2.2075000047683715,0.8977500016987324,-27.007299524128697,73.91304708383491,614.285711244661,654.7170218728814,555.7376895403231,0
HK.00525,491,2.2200000286102295,2.25,-1.3333320617675781,1.21727684425593,3675184.8,8158910.361147881,2.046769192798692,2.1814787912368776,2.1549268674850466,0.9090900224102623,-2.5081494886453704,3.558006677240429,7.872916623705279,13.10947920543104,0
HK.00526,491,0.10300000011920929,0.10400000214576721,-0.9615403903129845,0.05498189620490814,1363600.0,140450.8001625538,5.471893350476744,0.12703999936580657,0.10318499997258186,-22.55639165136123,6.185564001253541,25.60975277338769,19.767437931684242,-6.363635747885897,0
HK.00527,491,0.6899999976158142,0.6200000047683716,11.290321340173895,7.857113529049476,1923480.0,1327201.1954140663,4.473806957682151,0.6390999972820282,0.6656750002503395,13.114751054855619,11.290321340173895,9.523809974335942,14.999995032946467,68.29268381327552,2
HK.00528,490,1.2000000476837158,1.2000000476837158,0.0,0.021733224667209998,368500.0,442200.0175714493,2.5653953303468553,1.0881263375282288,1.07918949842453,13.207557779396225,5.555557303222568,27.946129657953605,20.634931667812538,1.3333362861915559,0
HK.00529,490,1.8250000476837158,1.8200000524520874,0.27472500480930867,0.0,3200.0,5840.000152587891,0.0,1.818951859474182,1.9667118018865586,0.8287351037779467,-0.5075093736380816,-12.295710357190858,-14.720720736779693,0.030285061819749978,2
HK.00532,491,0.3100000023841858,0.30000001192092896,3.3333300219643105,1.5674757823897014,701978.05,217613.1971736461,6.6233517850487,0.4533999991416931,0.35312499791383745,-19.480516866721533,-32.60869635638757,1.6393426604503258,-4.61538038310199,10.714286094417377,2
HK.00533,489,0.8899999856948853,0.8999999761581421,-1.111110080907347,3.8192090395480225,43350.0,38581.499379873276,0.49882022636136436,0.9227183687686921,0.9534941458702088,-2.197806588435245,-17.833255853471496,-6.82122284133166,-6.82122284133166,-12.196917308795996,0
HK.00535,491,0.0949999988079071,0.0949999988079071,0.0,0.313740542354549,2899836.45,275484.4592931256,5.0371000693281935,0.1029399996995926,0.14662000019103288,0.0,-18.803418912273806,-44.1176483478513,-40.62499941792338,-69.35483932991305,0
HK.00536,491,1.149999976158142,1.149999976158142,0.0,0.8974358974358975,401400.0,461609.99042987823,1.4215072998087022,1.132810924053192,1.048391841650009,1.7699098239742965,4.865895910024184,13.686383511896008,16.96580942169641,29.89845475505429,0
HK.00537,22,25.260000228881836,25.219999313354492,0.15860791679785047,0.3856575805018623,995782.75,25153472.492916584,6.879138868739286,,,-7.4725240483133515,,,-12.291663548460631,,1
HK.00538,491,0.8149999976158142,0.8149999976158142,0.0,0.33915992695016955,194250.0,158313.7495368719,1.7504815418803488,0.8204496729373932,0.8218595668673515,1.8749981839210066,-4.3584200198453695,0.8394938522886997,4.238587156927073,3.0803801090764567,0
HK.00540,490,0.20399999618530273,0.20399999618530273,0.0,0.0,2400.0,489.59999084472656,0.0,0.20461999714374543,0.1854050000756979,2.512560405862701,-2.392349273511376,6.249997089616979,7.368420392192293,29.113915693949405,0
HK.00542,490,0.7799999713897705,0.7400000095367432,5.405400180747055,0.7017543859649122,4900.0,3821.9998598098755,2.0250966867543894,0.7169999933242798,0.9874250027537346,20.0,-13.333334216365131,-40.90909542459412,-8.235300057486924,151.61289206156505,1
HK.00543,490,0.2750000059604645,0.2750000059604645,0.0,0.0,21851.25,6009.093880243599,1.2367724477837618,0.26869999706745146,0.2850335156917572,0.0,-2.616174729384981,-9.67297739227677,-1.0704051940382806,-27.528319812963925,0
HK.00544,490,0.9100000262260437,0.9800000190734863,-7.142856273984786,0.07972545822973709,196451.5,178770.87015214562,6.24389134793871,1.4435999941825868,1.7460500037670135,-41.290319082516056,-49.44444164817708,-52.105261176576875,-52.105261176576875,-58.25688080919701,0
HK.00546,491,5.164999961853027,5.179999828338623,-0.2895727216733634,1.138018025460035,3148259.3,16260759.164403437,2.9543085063436223,5.183944435119629,7.110424830913543,8.054387764558571,-15.796840703377427,-38.05971497767087,-34.84402836529268,-37.70497026435873,0
HK.00547,491,0.24699999392032623,0.2409999966621399,2.4896254528159982,104.6624679026111,2358001.8,582426.4302641182,4.5540039212506125,0.24515999764204024,0.29200499936938284,-4.999998853756789,-4.999998853756789,-28.405798616291122,-36.666665902504526,-41.88235600184396,2
HK.00548,491,6.630000114440918,6.730000019073486,-1.485882679779476,1.713126147223732,679008.1,4501823.78070631,1.9923541738014936,6.501287202835083,6.917542533874512,4.24528262984984,-5.956340953528596,-4.13530210981903,-2.6542455733051975,1.0352390832147187,0
HK.00550,491,1.0700000524520874,1.090000033378601,-1.8348605792718238,0.42551692556976295,1398050.0,1495913.5733306408,7.690945901183202,1.1492999982833862,0.619915000833571,-4.464281437804522,-8.547000709448131,205.71430590688,791.666730307044,698.5074819395707,0
HK.00551,491,13.960000038146973,13.8100004196167,1.086166647158123,0.6935447059255017,2322079.7,32416232.700580314,2.3692205572997267,13.496991786956787,14.674008798599242,7.219658581676855,2.4118354584651307,-13.83648727953819,-6.82254717857275,20.004271191998686,1
HK.00552,491,4.114999771118164,4.164999961853027,-1.2004847825405014,1.2595724741238468,6651106.3,27369300.90218258,2.0043032425423037,4.073910012245178,4.197127718925476,2.363178871701268,1.3693789951184054,-4.385207804050049,-5.82457650535013,-5.82457650535013,0
HK.00553,491,3.440000057220459,3.424999952316284,0.43795927337255647,0.31836547991156516,12807200.0,44056768.73283386,6.545054949302578,3.5226739835739136,4.609044691324234,1.775146175977735,-25.625960448639955,-39.350518999172166,-28.55164776220629,-27.19502978269226,1
HK.00554,491,0.20000000298023224,0.20000000298023224,0.0,0.0927766732935719,144400.0,28880.000430345535,2.8634647164817317,0.19840000063180924,0.22301499992609025,-0.4975134336559546,5.263160784158717,-9.090907243657693,-23.076919109158116,-27.27272776532763,0
HK.00556,491,0.4699999988079071,0.44999998807907104,4.444446946367871,0.6649755854076991,672153.9,315912.33219873015,6.296512025778979,0.49262446641922,0.4567322596907616,-11.481581889700138,15.61588032813169,4.025609274335073,4.025609274335073,73.3760230813552,1
HK.00557,490,0.5600000023841858,0.5600000023841858,0.0,,0.0,0.0,0.0,0.5871000009775161,0.6456499978899956,-3.4482726727597,14.285712547969572,-19.999998297010123,-19.999998297010123,-29.113925674217167,0
HK.00558,491,1.5299999713897705,1.4900000095367432,2.684561181007224,0.5572873058731741,1968484.5,3011781.2286812067,4.689007974806243,1.795600001811981,2.883511491417885,4.081628681073312,-45.35714294837446,-58.42391457514295,-56.53409148635697,-53.64191024411937,1
HK.00559,490,0.12600000202655792,0.12600000202655792,0.0,,0.0,0.0,0.0,0.12600000202655792,0.12386500146239995,0.0,0.0,26.00000014901161,35.4838699340159,-42.727271495771795,0
HK.00560,491,0.6050000190734863,0.6100000143051147,-0.8196713302251629,0.2308375258952353,341300.0,206486.50650978088,2.15620444250011,0.6532000029087066,0.7081685650348664,-6.923070574652987,-11.678829639745178,-17.566906229194206,-19.708025039804987,-21.740738830347325,0
HK.00563,491,0.23000000417232513,0.23000000417232513,0.0,0.01279553009482021,456358.75,104962.51440407708,3.8883621987656443,0.2429399999976158,0.29131000079214575,-4.95867544685781,-17.857141716747872,-25.806450837608686,-26.984125106933572,-33.33333189360761,0
HK.00564,491,14.380000114440918,14.390000343322754,-0.0694942921698834,0.3517316450602595,1291514.6,18571980.095802117,2.8544152072438997,13.956594696044922,17.521689229011535,8.939396380502474,-9.74934795297696,-29.733416580362647,-24.69036116007383,3.4146784081714925,0
HK.00565,491,2.880000114440918,2.890000104904175,-0.3460204186943589,0.9605343369821623,9505500.0,27375841.087818146,6.4107473869500025,2.908399991989136,2.2241999983787535,0.0,4.347830593924006,111.76471206968624,107.19425496980533,148.27587907861493,0
HK.00567,490,0.2849999964237213,0.2849999964237213,0.0,0.905511811023622,260000.0,74099.99907016754,3.2745425368946828,0.29199999809265137,0.20354999992996453,-1.72413633637985,-9.523809974335942,196.87499369417012,206.45160179067088,213.186815616057,0
HK.00568,491,4.869999885559082,4.800000190734863,1.458326917555852,0.35062401285143424,100705421.2,490435389.71917915,8.088074552017325,5.207399997711182,5.6412000238895414,-1.0162640235673854,-44.02298859394531,19.070897405166537,50.77398937465095,20.544552760969793,1
HK.00570,491,1.4450000524520874,1.434999942779541,0.6968717819720989,1.065719591816377,12787557.2,18478020.824734066,3.311167378740148,1.4547999906539917,1.9050999915599822,1.0489584233828948,-15.988370440920502,-34.01826416908514,-31.839616487950188,-36.34360948926959,1
HK.00571,491,0.041999999433755875,0.041999999433755875,0.0,4.56140350877193,28000.0,1175.9999841451645,0.6913962190325446,0.044540000632405284,0.047365000043064355,-2.3255860292955086,-12.500001940255348,-16.000002384185755,-4.545455315142628,-10.63829601728408,0
HK.00572,490,0.38499999046325684,0.4000000059604645,-3.750003818422499,10.915510432692647,10901.35,4197.019646036625,0.3387027743699692,0.3758000010251999,0.44699999809265134,2.6666641235351562,-3.750003818422499,-22.22222489807606,-18.085108204306717,-23.000001907348633,0
HK.00573,491,0.27000001072883606,0.26499998569488525,1.8868020014566025,6.413373860182371,42800.0,11556.000459194183,0.9544879090329413,0.2657999974489212,0.3019499990344048,3.846161781683767,-10.0,-16.92307057465299,-16.92307057465299,-11.475408394405292,1
HK.00574,490,0.017999999225139618,0.017999999225139618,0.0,,0.0,0.0,0.0,0.023839999549090864,0.041502364920452235,0.0,-53.84615678523883,-64.70588321229305,-61.702127996857435,-73.52941434276131,0
HK.00575,491,0.9100000262260437,0.8999999761581421,1.111116703645831,1.3293814831086255,42117.05,38326.5166045636,2.3140483824109945,0.8551000010967255,0.8385249993205071,-3.191486326155476,42.18750727595778,-8.99999737739563,-11.65048043659767,-7.142856273984786,1
HK.00576,491,6.244999885559082,6.329999923706055,-1.342812625141507,0.9551205627826281,7523234.6,46982599.21603412,2.1254726080329274,6.4918999767303465,6.78814415216446,-0.23962208904636534,-8.479375054987297,-2.2973638735401725,-7.461061008212454,-11.99008558121244,0
HK.00579,491,1.7050000429153442,1.725000023841858,-1.1594191681209625,0.8404885598509886,6494816.35,11073662.155477278,2.2148329102980915,1.8649602460861205,2.037851840853691,-6.8306009327116985,-14.94397602018807,-18.229402381782737,-17.162825992424835,-23.789808387748973,0
HK.00580,491,1.4450000524520874,1.4299999475479126,1.0489584233828948,0.275277125446732,11448470.25,16543040.111746162,6.3782473719951245,2.1276008343696593,1.9871114665269851,-22.31182573447823,-14.139286928062816,-31.230039670463512,-26.34284196189492,-6.502280183105764,1
HK.00581,491,1.1449999809265137,1.125,1.7777760823567708,0.6371209596801066,1445000.0,1654524.9724388123,2.7185297540163496,1.0997756695747376,1.2280898410081864,14.499998092651367,-3.7742217322582845,-8.800952538298077,-8.115245152136213,-36.01741666521781,3
HK.00582,491,0.07100000232458115,0.07400000095367432,-4.054052149230698,0.07858255296492542,1375151.7,97635.7738966517,6.436741571917397,0.05065999999642372,0.10047500025480986,82.05128425559579,-6.578941305794679,-50.34965104191416,-39.83050686930899,-51.36986070680087,0
HK.00583,490,0.21199999749660492,0.21199999749660492,0.0,3.8444687842278205,182500.0,38689.9995431304,2.7871757697884183,0.20619999915361403,0.22047499902546405,17.77777170693457,-9.787234879014935,-11.666665735344072,-13.114756100666625,-9.012874795388825,0
HK.00585,491,4.800000190734863,4.639999866485596,3.448282949422888,0.8407703615688775,558704.1,2681779.78656435,9.38978497155388,4.812800002098084,2.1643999990820886,-17.808218059586352,69.61131873279258,433.33336865460524,500.000014901161,954.9450664614694,4
HK.00586,491,8.8100004196167,8.789999961853027,0.22753649431706668,0.21285155895910263,21262687.05,187324281.83267856,5.930144233677693,9.597743377685546,10.346222805976868,-11.81180559095638,-26.462570515836774,-11.438793007829528,-5.626970754025584,-8.924981246124881,1
HK.00587,491,0.27000001072883606,0.2750000059604645,-1.8181800448205245,0.43556003198661775,893695.5,241297.7945883125,6.552496234651005,0.31800000071525575,0.4827249975502491,-11.475408394405292,-43.74999650754027,-50.90909002241026,-51.78571257512181,-60.8695635272785,0
HK.00588,491,0.6899999976158142,0.6899999976158142,0.0,0.9900687547746372,1909400.0,1317485.9954476357,2.339935088450017,0.7214999985694885,0.78407499730587,1.4705868173635692,-20.68965588114916,-12.658230522240038,-9.210525490240366,-26.595744748307652,0
HK.00590,491,25.31999969482422,25.440000534057617,-0.47170140217862094,1.283690658174581,1161845.45,29417926.439432904,3.419308470742657,22.721199989318848,24.93062650680542,12.934877826323572,12.834220553584977,-21.07232465830636,6.476025919728216,24.698979316740207,0
HK.00591,491,0.25,0.24899999797344208,0.40160724285009064,0.4577101019628981,1962050.0,490512.5,5.641507359883972,0.2540399977564812,0.2786099998652935,-7.407411086706321,21.951220575930613,-35.06493345644402,-23.07692025540133,-36.70886247858288,1
HK.00595,491,1.1299999952316284,1.149999976158142,-1.7391288122742863,1.123053962597555,4011329.6,4532802.42887249,8.149367490412054,1.145600004196167,0.7236250001192093,-14.393943156858738,-24.161074630935243,179.01234368038078,175.6097573385857,175.60977737227233,0
HK.00596,491,2.2799999713897705,2.2799999713897705,0.0,0.44240732157666973,5267500.15,12009900.191295613,5.004545060585371,2.574486479759216,4.344241616725921,-6.172843261177539,2.616882541332668,-55.90985557926985,-66.86940521395795,-75.69033952742878,0
HK.00598,491,4.474999904632568,4.510000228881836,-0.7760603652551301,1.3531244329419951,4336497.7,19405826.793939352,2.643932566109141,4.359382271766663,4.793922299146653,11.318406116041526,-7.026171552832258,-6.0851412207128845,-3.345964771490919,5.695294978097921,0
HK.00599,491,0.12999999523162842,0.125,3.9999961853027344,0.20618556701030927,64000.0,8319.999694824219,0.34887901892784445,0.12937999665737152,0.1586300002783537,-1.5151545939038447,-5.7971025447188715,-29.729733212835296,-29.729733212835296,7.438013170286715,1
HK.00600,119,14.220000267028809,13.960000038146973,1.8624658178464297,0.8849804159493709,1665258.5,23679976.314671993,9.924300596995533,14.55480001449585,,0.07037458729760847,-37.07964589820041,,-49.574468502437824,,1
HK.00601,490,0.06400000303983688,0.06400000303983688,0.0,,0.0,0.0,0.0,0.06400000303983688,0.06400000303983688,0.0,0.0,0.0,0.0,0.0,0
HK.00602,490,0.04500000178813934,0.04500000178813934,0.0,0.0,8375.0,376.875014975667,2.155529122731339,0.04446000032126904,0.047569999992847445,-6.249997089616979,9.756098890644923,-4.255312065993758,-6.249997089616979,-13.461536808303157,0
HK.00603,491,0.11299999803304672,0.11699999868869781,-3.418804017505935,3.00829005403214,2557308.0,288975.79896989465,4.773307826923232,0.13717999890446664,0.16871999997645618,-11.023626435644703,-31.09756407817149,-30.674848897199812,-29.374999650754024,-31.09756407817149,0
HK.00604,491,0.6850000023841858,0.6800000071525574,0.7352934086817846,0.5964606333159048,4962602.05,3399382.416081765,3.126448767831544,0.6951999998092652,0.801899996995926,5.384619616898009,-18.452378122511817,-17.46987757133904,-15.432098720008652,-27.127659136000236,1
HK.00605,491,0.7900000214576721,0.7950000166893005,-0.6289302046118699,6.391045626883846,58414.8,46147.69325344563,4.779541068085633,0.8200000023841858,0.875599997639656,-1.2499987892806712,1.282057748038625,-9.195400330141219,-3.6585331282255105,-45.138889578757436,0
HK.00606,491,0.23600000143051147,0.26499998569488525,-10.943390879184303,71.58110882956879,446000.0,105256.00063800812,3.3039925048987984,0.2671999979019165,0.28099999979138374,-5.59999942779541,-12.592595536031723,-15.71428556223305,-12.592595536031723,-19.999995959006956,0
HK.00607,490,0.41499999165534973,0.41999998688697815,-1.1904750923180183,0.9678794769755543,73765.0,30612.474384456873,3.5103479185444835,0.7395999979972839,0.84265499740839,-4.597703590624888,-69.92753673265823,-65.7024811097616,176.66665010982155,13.698624880055862,0
HK.00608,490,1.1299999952316284,1.1299999952316284,0.0,0.0,1500.0,1694.9999928474426,0.3750001241763384,1.1795810413360597,1.3184997892379762,-9.600000381469727,-5.271904167110954,-21.801640006929606,-29.384513715080946,-14.65614151530992,0
HK.00609,491,1.0299999713897705,1.0800000429153442,-4.629636068402729,9.565217391304348,47600.0,49027.998638153076,0.6124865713299956,1.0929417550563811,1.31785459369421,0.7227920151200774,-15.39286417574868,-34.71671705313079,-28.055153353130326,-11.145168795843286,0
HK.00610,490,0.9350000023841858,0.9350000023841858,0.0,0.0,96500.0,90227.50023007393,1.5567273776891568,0.8683000004291535,0.8794250023365021,8.720928701340952,2.747250048093087,7.471264052822595,1.6304331981279736,28.082188760883152,0
HK.00611,491,0.47999998927116394,0.47999998927116394,0.0,2.0837229916123285,840150.1,403272.0389861673,1.8987842107026114,0.48839999973773957,0.5189499971270561,2.127657550770317,-5.88235328491722,-7.692306369719372,-9.433959399563019,-3.0303061318608857,0
HK.00613,491,6.045000076293945,5.449999809265137,10.917436474351671,1.6474659765850312,2022610.0,12226677.604312897,6.494458155783903,3.6331000185012816,2.1669750034809114,64.26630344115101,203.7688465992106,383.6000061035156,235.83334646843133,111.36364678402919,5
HK.00616,491,0.10199999809265137,0.10100000351667404,0.9900936051078819,1.8047346065880536,4416375.0,450470.2415764332,13.514365283595714,0.15624000027775764,0.24533499989658594,-32.450329295940826,-60.0,-68.61538405108027,-72.43243330320882,41.66667011600968,1
HK.00617,491,0.18000000715255737,0.17499999701976776,2.857148695965302,0.36322007569246934,759582.5,136724.8554329574,4.490883360091545,0.17636000007390976,0.2228549998998642,10.429450544829413,-23.07691915814297,-23.404252081232507,-27.99999713897705,-37.931030230346266,2
HK.00618,491,0.3449999988079071,0.3149999976158142,9.523809974335942,0.7579313342025207,1079300.0,372358.49871337414,10.173482051500896,0.3522000020742416,0.2597150007635355,16.94915733677141,4.545450029951333,54.01785185665137,67.47572738282226,118.35441957574888,1
HK.00619,490,0.2849999964237213,0.30000001192092896,-5.000004967053534,15.767245424683248,4763.75,1357.6687329635024,1.163419667102279,0.31860000371932984,0.34455000057816504,-13.636368151866849,-18.57142820650217,-25.974025069249763,-26.92307515962583,-18.57142820650217,0
HK.00620,491,0.3499999940395355,0.3499999940395355,0.0,0.01015331505736623,187680.0,65687.99888134003,7.646423696861635,0.3192399999499321,0.44696999952197075,-6.66666825612386,42.85713764390872,-30.000001192092896,-44.4444449700586,-66.01941711053804,0
HK.00621,491,0.5450000166893005,0.5450000166893005,0.0,0.5414156979316879,1926890.0,1050155.0821584463,5.6824145218109825,0.5866000068187713,0.554150001257658,0.9259250061011975,25.287359471774053,-0.9090900224102623,6.862750368730701,-0.9090900224102623,0
HK.00622,491,2.6600000858306885,2.6549999713897705,0.1883282295592884,0.5683282780809263,24629106.8,65513426.2019332,4.800322731776453,2.28239999294281,1.4872749964892864,32.33831335579371,30.392163508399577,192.30769331537857,254.66667811075845,454.166696934651,3
HK.00623,491,2.0199999809265137,1.8899999856948853,6.878306678072914,6.2720051175563665,151600.0,306231.9971084595,1.0777785601208814,1.9190106534957885,1.8936919587850571,7.446807768615783,3.0893111183467346,0.6579691466621805,9.4332638092025,-5.157838848697625,2
HK.00626,491,1.4199999570846558,1.4500000476837158,-2.0689716974136187,0.22823330515638207,239300.0,339805.9897303581,1.7395331614307814,1.3605447030067443,1.3805540269613266,7.460273298846662,-1.2527213519625153,0.7903342054748783,7.223759020922356,2.847276604746137,0
HK.00627,490,0.6000000238418579,0.6000000238418579,0.0,,0.0,0.0,0.0,0.6370000100135803,0.569000000655651,0.0,33.33334216365132,22.44898207432918,11.11111111111111,-14.285709420028917,0
HK.00628,491,0.33500000834465027,0.33000001311302185,1.5151500099837776,0.3723291520949879,44695631.0,14973036.75796941,11.771699306539547,0.34842000097036363,0.2847749996930361,11.666665010982156,-19.277104799832877,59.523818478022314,73.57513053378352,26.415104312632455,1
HK.00629,490,0.25999999046325684,0.27000001072883606,-3.7037110623015317,0.9777777777777777,11800.0,3067.9998874664307,1.516923237834458,0.2776799985766411,0.28828689731657503,3.9999961853027344,-10.189976185934393,-7.038750973790478,-14.535626189025406,-20.91357193376364,0
HK.00630,491,0.10999999940395355,0.10999999940395355,0.0,0.16129032258064516,62500.0,6874.999962747097,2.4724536042390204,0.19297999992966652,0.2517100003734231,-35.29411867828104,-60.00000108372079,-56.00000023841858,-56.00000023841858,-62.71186295133725,0
HK.00631,491,7.659999847412109,7.565000057220459,1.2557804292542905,0.44936475864260944,9492707.6,72714138.76752777,5.194304356532172,7.333683271408081,9.33907039642334,13.146231447459975,-30.832957304996295,-31.248552893626414,-7.511037922227945,6.368439394090886,1
HK.00632,491,0.1850000023841858,0.1899999976158142,-2.6315764707211,0.08210187208139132,16887405.7,3124170.0947627127,8.26512802393323,0.23001999884843827,0.28788499943912027,-19.565217813832543,-30.18867457706566,-9.756095610793878,-3.6458329291134697,-66.36363665919657,0
HK.00635,490,0.46000000834465027,0.4650000035762787,-1.0752677834782465,11.5,31500.0,14490.000262856483,0.5881834920455806,0.4745000010728836,0.4858929196000099,-1.0752677834782465,-11.538456688971031,-1.4949499616670496,-2.479996603393498,-8.812463009619478,0
HK.00636,491,5.684999942779541,5.730000019073486,-0.7853416430044202,0.6342588515832027,648256.45,3685337.8811564683,1.7474746961026608,5.894199991226197,6.540612201690674,-0.7853416430044202,-12.140501692589043,-17.600697051560914,-19.198461652320844,-32.35192451573756,0
HK.00637,491,0.18000000715255737,0.17299999296665192,4.046251139012939,0.4132231404958678,112300.0,20214.000803232193,2.2726091691258317,0.17976000130176545,0.1810600008070469,-2.7027000903735274,-0.5524790922706275,11.111115199221167,18.421061145054278,20.0,1
HK.00639,491,2.434999942779541,2.380000114440918,2.3109170459658976,1.3438845476635481,11679209.7,28438874.95121026,3.8609009946239308,2.383289213180542,2.8171196460723875,13.25580626839011,-5.915840473692467,-25.957435455722088,-16.018835289072676,-13.039032146028537,2
HK.00640,491,2.4100000858306885,2.4149999618530273,-0.20703420709383644,0.3546099290780142,23300.0,56153.00199985504,0.8996920651051956,2.4611722803115845,2.455608856678009,-2.032518355322763,-2.1210345105055826,-4.391651085486765,2.0326334105253085,19.510438969093055,0
HK.00641,491,0.3700000047683716,0.375,-1.3333320617675781,0.15113350125944586,40000.0,14800.000190734863,3.832350161567836,0.3864000004529953,0.3273999993503094,-2.6315764707211,-9.756095610793878,32.14285828325213,25.423736005157117,15.625004074536356,0
HK.00643,491,0.2150000035762787,0.20999999344348907,2.3809572804273027,1.3932980599647267,606500.0,130397.50216901302,5.632479483201483,0.19961999893188476,0.2594299986958504,20.786516759871475,-13.654616334892411,-24.561401307307644,2.8708119984716682,-34.84848635365259,4
HK.00645,490,0.1770000010728836,0.1770000010728836,0.0,0.0,7700.0,1362.9000082612038,0.2673794149469638,0.17850000262260438,0.15686500031501055,-1.6666699780356893,-6.84210352950477,35.1145074637188,35.1145074637188,9.937889923362679,0
HK.00646,491,0.1599999964237213,0.12999999523162842,23.076924840374172,5.098174302445746,72860.0,11657.599739432335,2.3774947638913755,0.12029999926686287,0.14373000044375658,45.45454299154359,44.144139064615196,2.564098155475083,-2.439029265698055,-9.090910630285256,1
HK.00648,491,0.574999988079071,0.6299999952316284,-8.730159931562515,0.45397099148177045,3730628.45,2145111.3142774436,8.918330862005371,2.940600014925003,5.208899991810322,-30.7228916095258,-91.41791038137153,-83.93854747673221,-83.57142891202655,-92.43421058823196,0
HK.00650,491,0.2199999988079071,0.21699999272823334,1.3824913272835533,0.23444096756568816,5948800.0,1308735.9929084778,9.862256341400347,0.3283599996566772,0.3046700000017881,-26.66666997803569,-72.83950639995673,-3.930132425121666,18.27956644671966,0.4566219366461133,1
HK.00653,491,0.02500000037252903,0.027000000700354576,-7.407408429434898,0.34866034434267373,25797673.0,644941.8346103821,18.416458338385596,0.03806000016629696,0.07351000001654029,-35.89743626482152,-65.27777576566102,-80.31496096482552,-78.07017512328261,-77.27272681091442,0
HK.00655,491,0.4650000035762787,0.4650000035762787,0.0,1.7968678674085967,370631.8,172343.7883254826,3.468774909523302,0.4374999970197678,0.33862999856472015,16.249999161809694,16.249999161809694,50.0,54.99999503294647,50.0,0
HK.00656,491,5.090000152587891,4.739999771118164,7.383974649162517,2.0625109005265614,11116423.25,56582596.038731575,3.5943074074749504,4.1315000534057615,4.296625009775162,33.59580653627361,22.946867554098272,22.650603267931576,15.94533729821451,-9.269161649747732,1
HK.00657,491,0.02500000037252903,0.027000000700354576,-7.407408429434898,1.5432098765432098,34900.0,872.5000130012631,0.9330482178708259,0.03073999997228384,0.03117500021122396,-16.666663562258016,-16.666663562258016,-37.499997671693514,0.0,-19.3548361899701,0
HK.00658,491,1.1799999475479126,1.25,-5.600004196166992,0.14932971321907348,566700.0,668705.9702754021,4.749654730423808,1.4377000069618224,1.7396250081062317,-4.838714639304418,-39.487183656761374,-34.80663067116808,-28.484850630396796,-9.230769936149668,0
HK.00659,491,7.724999904632568,7.679999828338623,0.5859385065074925,1.9190227218836717,1254637.85,9692077.271598412,1.654605386543888,7.964199981689453,7.955683779716492,0.45513455333783215,-6.927714131189504,-9.559263486726891,6.763587884155848,17.690220403746384,1
HK.00660,490,0.49000000953674316,0.4749999940395355,3.1578980390385336,2.070393374741201,53300.0,26117.00050830841,2.0580479253157495,0.4990000033378601,0.38313999861478804,7.692306684621419,-25.757577262743496,122.72727826902693,160.63831186958376,250.00000532184328,2
HK.00661,491,0.09799999743700027,0.09700000286102295,1.030922212868458,0.4823674893874504,14530458.0,1423984.8467584401,5.385364206796192,0.09642000004649162,0.11841500017791987,3.1578933334086234,-17.6470628747595,-53.554502587223,-10.909092756342305,55.55554898537876,1
HK.00662,491,4.75,4.800000190734863,-1.0416705989173811,22.666666666666668,3200.0,15200.0,0.11578961422568873,4.65822813987732,4.561279718875885,2.59179012079943,4.965670444486054,4.965670444486054,2.341517629882348,1.5807131217585142,0
HK.00664,87,13.739999771118164,14.029999732971191,-2.06699905468646,0.86911802519928,19865.0,272945.0954532623,4.189771380801834,17.078599987030028,,-7.785234074566581,-39.31095343845094,,-54.950820422563396,,0
HK.00666,491,10.9399995803833,10.84000015258789,0.9225039334666131,0.6646626493379426,3527329.1,38588978.87387381,5.3913461454375735,12.403600025177003,14.029999990463256,-8.909247527950756,-38.40090405746532,-14.196081722483916,-16.742775536207724,-10.766726132589353,1
HK.00667,491,4.335000038146973,4.335000038146973,0.0,0.3755381312108398,3986823.2,17282878.724085238,4.4924538747591045,4.275249614715576,5.251701986789703,3.9568335451847223,-8.20254108348853,-25.73688413549101,-31.151900598690386,-40.987347839385485,0
HK.00669,491,146.60000610351562,145.3000030517578,0.8947027009316263,1.1064035068556666,5745771.25,842330100.3194046,3.7896949777092943,126.02600021362305,109.03795490264892,16.626897106353276,33.84912835424655,45.12338408519576,60.09829613970024,51.10907973784066,3
HK.00670,491,3.2100000381469727,3.319999933242798,-3.313249918905366,0.5025761908609633,17846532.85,57287371.12929121,4.089205097532085,3.3087000274658203,4.287975020408631,2.5559080121741244,-20.149252403549898,-42.26618577009845,-39.661655365237976,9.556312798984418,0
HK.00672,491,0.08500000089406967,0.0820000022649765,3.6585348124734343,0.6178079483292691,1495980.0,127158.30133751035,5.883056328566861,0.08717999905347824,0.10771999962627887,1.190478619095182,-14.141412773079773,-30.327868902516663,-22.018345927321157,-40.972219060324456,1
HK.00673,491,0.36000001430511475,0.4099999964237213,-12.195117696277553,6.037280205267527,25876.5,9315.540370166302,2.5436533288402443,0.44779999554157257,0.5805499973893166,-13.25300685690411,-36.842101960961465,-55.55555392031153,-54.999998882412925,-2.7027000903735274,0
HK.00674,490,0.04500000178813934,0.04600000008940697,-2.1739093463565164,0.0,468800.0,21096.000838279724,4.697868044070157,0.062120000347495076,0.07700000012293458,-37.499994825985475,-34.78260447037007,-39.18918755648345,-45.12195055467754,-50.0,0
HK.00675,490,0.3700000047683716,0.3700000047683716,0.0,0.0,7000.0,2590.000033378601,1.9143277549815183,0.3694897478818893,0.3743314097821713,5.714288876981205,8.054682271378516e-06,-4.878049901722473,-4.878049901722473,1.172058768283394,0
HK.00676,490,1.0,1.0199999809265137,-1.960782480441495,60.0,1200.0,1200.0,0.0,1.0021999979019165,1.0005499982833863,-1.960782480441495,0.0,2.040814340536656,0.0,-0.9900980750178164,0
HK.00677,490,0.35499998927116394,0.35499998927116394,0.0,0.0,139700.0,49593.4985011816,1.3483177313539343,0.34509999930858615,0.34673106580972674,4.411760452090707,0.0,1.4285700905079517,2.898547970379774,5.321595942971646,0
HK.00679,491,5.210000038146973,3.319999933242798,56.927715147817004,4.152760234241488,2167925.8,11294893.500699805,23.649955378839618,10.232936992645264,4.65371812671423,-20.33639038935431,-37.54510992777953,411.885166267099,449.603004361334,422.3382584871538,1
HK.00681,491,0.028999999165534973,0.028999999165534973,0.0,0.01865807240840037,3643940.5,105674.2714592591,3.85891489110336,0.031159999668598174,0.03209000004455447,-3.3333339542150635,7.407401530749339,-21.62162488703309,-17.142859879805105,-9.375006912159405,0
HK.00682,490,0.23000000417232513,0.23000000417232513,0.0,0.0,24974.35,5744.100604201108,1.4153584435550735,0.2359799987077713,0.26406999871134756,-2.5423717041599243,-20.689651451552983,-19.298243137387765,-20.689651451552983,2.2222267845531776,0
HK.00683,491,19.079999923706055,19.190000534057617,-0.5732183808767383,1.2807537010696135,1364905.35,26042393.973865986,2.660544606875545,19.24419998168945,20.778113708496093,5.1239687312516295,-17.57707414459791,-13.42009082940164,-2.671655830585071,-5.1041922797878705,0
HK.00684,490,0.4300000071525574,0.4099999964237213,4.87805143982653,0.20202020202020202,9400.0,4042.0000672340393,0.1852407865445283,0.4546999979019165,0.5183999986946582,1.1764694332664312,-10.416663174206933,-28.333334989017843,-18.867918799126038,-29.5081972018649,1
HK.00685,490,0.1850000023841858,0.1850000023841858,0.0,0.0,24650.0,4560.25005877018,1.9405676726280408,0.19161999851465225,0.2073899994790554,-1.5957400432101987,-15.909089369714744,-15.909089369714744,-21.27659453046219,-7.500000186264512,0
HK.00686,491,0.7850000262260437,0.7799999713897705,0.6410326948300152,0.1783660728953977,208045.0,163315.33045619726,4.060631550518763,0.8295526301860809,0.9986302801966667,0.6410326948300152,-18.363431053994525,-30.872265764791184,-25.46226856010094,-34.56610802410252,1
HK.00687,491,0.3499999940395355,0.3499999940395355,0.0,0.016739903745553463,448400.0,156939.99732732773,3.350013908189712,0.3184999984502792,0.31048214197158813,11.111110059882801,9.375000582076622,17.78846891602483,16.003779984140422,67.0258498544539,0
HK.00688,491,13.140000343322754,13.210000038146973,-0.5298992779869661,0.8160957348990515,15019153.5,197351682.14641714,3.1116138372869453,13.716922149658203,13.326515893936158,1.7815685408915753,-4.179069414542083,-0.7746301217505327,7.328653025614461,-5.313246253309723,0
HK.00689,491,0.16899999976158142,0.16500000655651093,2.424238209772759,0.023618841962667506,1198022.35,202465.77686436923,4.919469115260186,0.18891999989748,0.20522303499281405,-8.152174221136956,-37.40740998291665,-12.435234960810334,-20.28301803905074,53.6363642521141,2
HK.00690,491,0.07500000298023224,0.07000000029802322,7.1428609441737585,0.43397661785471753,2707790.5,203084.29556984454,5.779809196245003,0.0834200006723404,0.1015041446685791,-8.536584257795896,-19.894521429621854,-32.43277076363971,-32.43277076363971,-37.83814760047431,1
HK.00691,490,0.2409999966621399,0.2409999966621399,0.0,0.0,24700.0,5952.699917554855,3.3381255353089014,0.29752000004053114,0.5002049977332353,-13.92857298711124,-33.972605379376205,-56.181819738435316,-59.15254112291317,-65.07246413117721,0
HK.00693,490,1.600000023841858,1.600000023841858,0.0,0.0,1050.0,1680.0000250339508,0.03124996973201678,1.624800012111664,1.6442070710659027,-0.621117414559334,4.970666451434838,-9.369588721934281,-15.810325521977598,19.957055327128028,0
HK.00694,491,1.690000057220459,1.7200000286102295,-1.7441843541136839,1.0806151922478813,5256529.8,8883535.662781047,3.6652000713420936,1.6376000142097473,2.2151999962329865,9.03226511039319,-12.435227816061667,-36.226415230142294,-38.76811365724686,-45.83332951252263,0
HK.00695,491,8.324999809265137,8.34000015258789,-0.17986022839699015,0.2967741935483871,1240900.0,10330492.263317108,6.140953869520345,8.055599927902222,7.320749988555908,5.113632942800494,18.75890923605656,-3.8683607857924107,0.3012002163346942,231.6733004341023,0
HK.00696,491,8.34000015258789,8.354999542236328,-0.1795259182554391,0.5259012574881563,2890059.75,24103098.75598812,2.4356796959491693,8.434495096206666,9.603831932544708,1.7073212997464737,-12.010625786246102,-20.55172749619844,-16.97844954397654,-32.220693732483326,0
HK.00697,491,1.8300000429153442,1.8049999475479126,1.3850468750092875,1.911347927933357,34471386.0,63082637.8593514,4.067278479701084,1.6790718531608582,1.8553239798545837,22.00000286102295,15.91802711613608,-9.841529170153315,-14.390815666542084,4.589734147414119,1
HK.00698,491,2.240000009536743,2.049999952316284,9.268295689752524,0.34499478727054306,97723.7,218901.08893196582,4.14097917605043,2.0599999952316286,3.31414999961853,27.272728504228205,-25.58139479621746,-40.89709677882028,-43.57682636287296,-61.04347809501316,1
HK.00700,491,478.79998779296875,479.20001220703125,-0.08347754671794028,0.5348862727164174,29305218.75,14031338379.770279,3.230849865324485,454.14800231933594,530.7147299194336,4.041715578566714,2.5790836406317394,-18.59185495042708,-22.250650615411118,-12.72460484333302,0
HK.00701,490,0.0989999994635582,0.0989999994635582,0.0,0.0,155851.0,15429.248916395009,1.7916354781911614,0.10617999970912934,0.16329500038176775,-9.174310233434214,-17.499998603016106,-46.48648746610993,-49.746192375053006,-53.73831834269565,0
HK.00702,490,0.03400000184774399,0.03400000184774399,0.0,,0.0,0.0,0.0,0.03400000184774399,0.03400000184774399,0.0,0.0,0.0,0.0,0.0,0
HK.00703,490,0.09799999743700027,0.09799999743700027,0.0,0.0,4500.0,440.99998846650124,1.6768121580246993,0.10791999951004982,0.12337499953806401,-10.909092756342305,-27.407412190495993,-25.19084008539844,-25.757577296951922,-40.243905652391895,0
HK.00704,490,0.13300000131130219,0.13300000131130219,0.0,,0.0,0.0,0.0,0.13300000131130219,0.13474500039592385,0.0,0.0,-8.275858525288555,32.99999932944775,5.555554898537877,0
HK.00707,490,0.05999999865889549,0.05999999865889549,0.0,,0.0,0.0,0.0,0.05999999865889549,0.05999999865889549,0.0,0.0,0.0,0.0,1.694912364756178,0
HK.00708,490,0.17000000178813934,0.17000000178813934,0.0,,0.0,0.0,0.0,0.17000000178813934,0.17000000178813934,0.0,0.0,0.0,0.0,0.0,0
HK.00709,491,1.3849999904632568,1.3949999809265137,-0.7168452042999433,1.6511476705776507,942324.3,1305119.1465132951,1.324353834827727,1.4057936668395996,1.418303668498993,-1.773047996451114,-4.2464148104839685,1.1104267852398308,1.8224717322714363,-0.3466699672234469,0
HK.00710,491,3.924999952316284,3.9049999713897705,0.5121634077604301,0.33630654533417026,1504634.25,5905689.359503448,3.5291130709714937,4.129361906051636,4.471782364845276,-7.429241410520378,-5.303830989758924,-17.90453501133593,-24.59379021915866,-34.004290235085,1
HK.00711,491,0.46000000834465027,0.44999998807907104,2.2222267845531776,0.187422934648582,379400.0,174524.0031659603,3.4619123197751414,0.4321000015735626,0.4300478355586529,3.3707900535517603,6.976744347227267,6.976744347227267,6.976744347227267,9.082287766757993,4
HK.00712,491,0.06800000369548798,0.06599999964237213,3.0303091878076893,0.072811999417504,344600.0,23432.801273465157,4.083763527376496,0.06629999972879887,0.10013500010594725,9.677427107784306,-27.65956805970864,-43.333328987161224,-33.98057901282846,-32.67326601205327,1
HK.00713,491,0.36000001430511475,0.36000001430511475,0.0,0.19047619047619047,53000.0,19080.00075817108,0.5585448639619331,0.3690000021457672,0.40222499787807464,0.0,-7.692300638503319,-12.195117696277553,-9.999997764825855,-27.27272508339232,0
HK.00716,491,0.45500001311302185,0.45500001311302185,0.0,4.182724747548392,578930.6,263413.4305915296,2.6086221695187612,0.4540247243642807,0.5870722828805447,2.2471956014182424,-19.415338338816394,-27.962203537589893,-32.07864538706087,-29.037386933346692,0
HK.00717,491,0.06599999964237213,0.06599999964237213,0.0,0.4722811869469303,2069900.25,136613.41575974599,5.154385705054593,0.06628000020980834,0.0889400001987815,-1.492540300967864,-25.0,-29.032260131968208,-29.032260131968208,-31.250000970127672,0
HK.00718,490,0.02800000086426735,0.027000000700354576,3.703704214717449,0.0,1237000.0,34636.00106909871,4.203064811683119,0.031920000724494454,0.034365000287070874,-19.999997871262696,-15.151512072762822,-9.67741509071863,-12.500001455191454,-39.13043302207453,1
HK.00719,491,6.139999866485596,6.184999942779541,-0.7275679338765243,0.6100127166247461,727225.4,4465163.8589049345,2.9449517237431824,5.857875518798828,6.402540810108185,5.862063182236797,3.5013673837872483,-9.269240623100163,-5.893839529663344,-25.33726485741412,0
HK.00720,491,0.25999999046325684,0.25999999046325684,0.0,0.1389451771239771,3552291.6,923595.7821227073,4.610684500172229,0.310600004196167,0.2844700022786856,-21.212127232792163,-26.760563853240598,6.122443021609968,73.33332008785725,74.49663328773312,0
HK.00722,490,0.4449999928474426,0.4300000071525574,3.4883687082273678,81.08108108108108,18400.0,8187.999868392944,0.3972062746552792,0.45709999799728396,0.45579042539000514,-2.197806588435245,-3.2608728750215663,-2.5048531378553633,-4.536005147428511,-1.6262150857808757,1
HK.00723,490,0.20499999821186066,0.20499999821186066,0.0,0.0,437878.7,89765.13271701187,3.21975538389607,0.21556000053882599,0.239804999306798,-0.48543787640803315,-13.135594504552811,-31.66666997803569,-30.508472093457662,-43.83561839572388,0
HK.00725,491,0.9950000047683716,0.9399999976158142,5.851064605538045,6.122448979591836,6200.0,6169.000029563904,0.5825133800381816,1.06349999666214,0.8557872647047042,-6.132069954713963,-15.2443005673285,36.05521517294148,29.25244967380139,68.23333995785833,1
HK.00726,491,0.04100000113248825,0.03999999910593033,2.500005122274275,0.09003331232556046,277175.0,11364.17531389743,2.543173552952611,0.040820000022649766,0.039915000330656765,2.500005122274275,20.588232071548358,-8.888889992678562,24.242428347427346,-50.0,1
HK.00727,491,0.6000000238418579,0.5799999833106995,3.448282949422888,12.5,13000.0,7800.000309944153,0.4166672461562456,0.6013999974727631,0.732146090567112,7.1428609441737585,-7.692300638503319,-14.285709420028917,-19.99999682108561,-55.8823516521487,1
HK.00728,491,4.5,4.550000190734863,-1.0989052448102827,1.288681517461681,60335341.55,271509036.97499996,2.2629025687136255,4.678793144226074,5.095229456424713,-0.44247745599357413,-10.506020408250356,-12.384709503460211,-16.068716475833515,-20.94176402569389,0
HK.00730,491,0.11800000071525574,0.12399999797344208,-4.838707545359315,0.30519541970284847,2145650.0,253186.70153468847,5.23835389720376,0.12221999928355216,0.12176538463681937,-9.230765351176826,1.769125970112272,-6.84210352950477,-3.1157890383886837,0.9210579724948766,0
HK.00731,491,0.27000001072883606,0.27000001072883606,0.0,0.041988579106483036,408320.0,110246.40438079834,3.1140101096675052,0.3800999993085861,0.280169999524951,-25.0,-28.94736470608165,43.61703190100936,25.581398250090825,33.66336699397336,0
HK.00732,491,0.8149999976158142,0.8450000286102295,-3.550299405759346,2.6756260355691475,2163322.0,1763107.4248422384,2.3102042122297406,0.9094000005722046,0.9719207045435906,-8.426965088152592,-16.293181222274484,-18.684797646720757,-20.94356058100633,-26.369279300042862,0
HK.00733,490,0.22100000083446503,0.22100000083446503,0.0,0.0,11600.0,2563.6000096797943,0.36162705222634256,0.21705999940633774,0.2647300010174513,15.7068069362643,-5.555554140440516,-19.636365074756686,-13.333331385469089,-43.333331040846915,0
HK.00736,491,0.14499999582767487,0.14499999582767487,0.0,0.285341019598848,170683.75,24749.1430378519,8.423618773651,0.23041999846696853,0.5049049990624189,-38.29787395938374,-65.47619039171677,-75.42372842829515,-78.98550777844936,-33.179723185857384,0
HK.00737,491,1.850000023841858,1.8700000047683716,-1.0695176938778126,0.3106650493916551,183397.85,339286.0268725455,1.5686691216185857,1.8207678699493408,1.823224681019783,3.8804304294622094,-1.9199984629698015,2.775324663713658,3.8804304294622094,9.723582765558126,0
HK.00738,491,0.30000001192092896,0.3050000071525574,-1.6393426604503258,0.06269176748587928,1662950.0,498885.0198239088,5.263969788401189,0.2815799996256828,0.27549000084400177,5.263163398397555,-11.764703304297399,27.118648348509367,26.050422272602336,24.48133447134513,0
HK.00743,491,1.7799999713897705,2.069999933242798,-14.009660444709404,,326800.0,581703.990650177,0.4915732425235348,2.0601199436187745,2.042029995918274,-14.009660444709404,-12.573675848865573,-12.573675848865573,-12.573675848865573,-12.573675848865573,0
HK.00745,491,5.599999904632568,5.599999904632568,0.0,0.3343357175000244,241114.7,1350242.2970055104,5.415783604416706,4.725,1.968250005543232,21.475048643077674,138.29787795281422,688.7324047712932,677.7777336261909,723.5293890778171,0
HK.00746,491,5.150000095367432,5.119999885559082,0.5859416109161438,0.731610337972167,257000.0,1323550.02450943,3.110920187750018,4.526900005340576,5.027579779624939,17.045454176004277,7.0686103250017025,-9.849716598784761,1.3544287939054083,30.037306312093158,1
HK.00747,491,0.0729999989271164,0.07400000095367432,-1.3513540725275752,4.1060735671514115,140900.0,10285.6998488307,3.126640797271983,0.07450000062584877,0.08557500075548888,-1.3513540725275752,-27.00000216066834,-23.157894901951927,-12.048190716199207,19.67212804396673,0
HK.00750,491,0.21299999952316284,0.20499999821186066,3.9024396980893874,1.2499849931180205,412405.1,87842.28610334992,3.5810725709293973,0.2174599999189377,0.23558999948203563,5.9701463768457605,-14.800000190734863,-8.583689367701508,-10.878658531339013,-29.00000298023212,1
HK.00751,491,4.480000019073486,4.474999904632568,0.11173440329555753,0.6356915370385674,880215.8,3943366.8007887844,3.2132095419774562,4.68319995880127,5.375199996232986,-2.6086932184114295,-29.670328107387622,-36.81241293854894,-13.513510279201052,36.17021492456842,1
HK.00752,491,2.2100000381469727,2.200000047683716,0.45454501120513113,0.2634177364179411,444727.7,982848.2339650154,1.8380760328278722,2.2209894371032717,2.4139708316326143,-1.7777760823567708,-6.420278951889098,-7.056195764301219,-10.871064171808412,-6.327224308687443,1
HK.00753,491,4.230000019073486,4.364999771118164,-3.09277798679232,1.0901144769496343,18188942.75,76939228.17942655,3.2733384843405053,4.345000014305115,5.652200003862381,2.173916799284606,-14.198779586997103,-40.921786184082585,-40.506329962857,-25.919439740560502,0
HK.00754,490,2.640000104904175,2.640000104904175,0.0,,0.0,0.0,0.0,2.640000104904175,2.903450049161911,0.0,0.0,-15.654951808979956,-10.2040798121586,-33.66833939064285,0
HK.00755,490,0.26499998569488525,0.27000001072883606,-1.8518610500991368,3.4363277111193837,20460.5,5422.0322073102,2.2600983801350942,0.2979599994421005,0.3486899995803833,-25.352114449652248,-31.16883317944497,-22.05882855662007,-27.397266090150964,-44.791668412896534,0
HK.00756,491,0.4449999928474426,0.4000000059604645,11.249996554106525,28.484848484848484,4120.0,1833.3999705314636,1.4424160782703093,0.6100999993085862,0.5692000046372414,-9.183676696627934,-38.19444789378718,30.88234946080149,15.584416589722485,-44.37500172294674,1
HK.00757,491,0.06599999964237213,0.05900000035762787,11.86440549544719,3.349244232299125,826700.0,54562.19970434904,4.405078110851327,0.06169999986886978,0.07864500004798174,8.196719509400037,-10.810812443516545,-20.481925115198997,-17.499998603016106,-31.95876526216826,1
HK.00759,491,0.22300000488758087,0.22499999403953552,-0.8888840910827873,3.532250441531305,46701.0,10414.323228254914,3.137169286138699,0.22889999955892562,0.2272349987179041,-6.3025211136301165,-2.1929803636027114,2.293582684904959,-1.32742974811169,-20.35714145065571,0
HK.00760,490,0.12300000339746475,0.12399999797344208,-0.8064472518713275,3.1974420463629096,108825.0,13385.475369729102,1.5197856237562475,0.14911999806761742,0.16810500096529724,-18.000000993410705,-27.64705758606275,-33.15217219652267,-23.124996158294294,-14.583327296983054,0
HK.00762,491,6.394999980926514,6.485000133514404,-1.387820365997695,1.2267261460270877,22774690.0,145644142.11560726,1.9184415543553361,6.7719074153900145,7.635995211601258,-0.07812678697516343,-10.90373211768348,-16.06374487629603,-19.083791824566845,-29.900100764815296,0
HK.00763,491,24.700000762939453,24.940000534057617,-0.9623086045664861,0.48459574276259276,23198130.8,572993848.4587692,5.600634621171291,25.05172058105469,27.062122058868407,-3.891050468146463,-3.47180314378399,-13.608257477655245,-8.787852236184543,-2.424205708922616,0
HK.00764,491,0.25999999046325684,0.2849999964237213,-8.77193202602569,3.853765935751719,65385.2,17000.15137643814,0.7117552037293697,0.3017999982833862,0.7115749987959862,-8.77193202602569,-47.474749907341874,-75.23809502184254,-73.73737495367094,-48.00000190734863,0
HK.00765,491,0.12999999523162842,0.12999999523162842,0.0,4.385542168674699,50600.0,6577.999758720398,0.7720180736074963,0.14350000023841858,0.23840499997138978,-7.1428609441737585,-31.93717514395809,-54.38596601301284,-57.37705174327948,-69.76744347227269,0
HK.00767,491,0.38999998569488525,0.4099999964237213,-4.87805143982653,0.09155738796477221,1014211.15,395542.33399159316,5.592718841092109,0.42789999783039095,0.48069999769330024,-22.00000286102295,-10.34483136612886,-23.52941313966888,-22.00000286102295,-19.587634187256896,0
HK.00769,490,0.699999988079071,0.699999988079071,0.0,,0.0,0.0,0.0,0.699999988079071,0.699999988079071,0.0,0.0,0.0,0.0,0.0,0
HK.00771,491,0.6800000071525574,0.6800000071525574,0.0,0.5540679271448167,129238.3,87882.04492438436,1.2510886639219791,0.7433999943733215,0.7468822520971298,-12.820508705793602,-17.656247868508185,-12.166663125157251,-2.4074051420833875,-23.25242546673812,0
HK.00772,491,20.360000610351562,20.040000915527344,1.5968047914422867,0.43068664576020993,4609336.65,93846097.00731583,4.659988122575306,20.73780014038086,29.797450017929076,-0.876340297724665,-20.03141656525605,-45.091694700780835,-39.44080530281515,-34.53376089833544,1
HK.00775,491,0.5799999833106995,0.5550000071525574,4.504500150622547,1.9065982222409918,2617487.05,1518142.445315972,2.971516350750516,0.6155999982357026,0.7618999996781349,-1.694913713180618,-21.62162488703309,-30.95238078343354,-30.120482533361187,-42.000001668930054,1
HK.00776,491,0.2409999966621399,0.24199999868869781,-0.413223980155594,0.18384916594199455,1893209.5,456263.48318073153,10.66579231135077,0.44785453855991364,0.9606136347353459,-39.75000173225997,-72.92134825440762,-79.9166677428616,-81.02362202507112,-75.15464025218294,0
HK.00777,491,7.675000190734863,7.679999828338623,-0.06509944942070803,0.9736254478232265,867423.95,6657478.981697988,2.7023031504784427,7.691298656463623,9.096774289608001,0.7217887926745796,-7.957706723491389,-21.639673718571313,-24.200470479909853,-22.73072132783219,0
HK.00780,491,13.760000228881836,13.84000015258789,-0.5780341244511894,0.760233966524247,12362214.5,170104074.34948635,3.719420395308891,13.294976177215576,18.590532393455504,9.992006212071244,-19.250157963692697,-39.663278041839924,-39.19271027591522,-30.694705028479312,0
HK.00784,491,0.6100000143051147,0.5899999737739563,3.3898375288438505,0.49232858688962927,601000.0,366610.00859737396,4.910407465249893,0.6637000000476837,0.39912499994039535,-12.857139329520963,-34.40860111681158,242.69663128282755,609.3023181267855,1029.629626819054,1
HK.00788,491,9.734999656677246,9.795000076293945,-0.612561706476281,0.9041701116277188,13163706.65,128148679.71834998,1.8952036373057466,9.537000045776367,10.62676974773407,6.161391228817147,-9.742186772609953,-11.487064985064144,-13.760512454765585,-10.317549498311275,0
HK.00789,491,1.149999976158142,1.1799999475479126,-2.5423705697709273,0.821119185449768,25357.0,29160.54939544201,1.7504879600291217,1.5239000034332275,1.856099995970726,-23.333334922790527,-37.837839927701175,-45.88235406314625,-41.02564369041141,-31.343283050972186,0
HK.00794,490,0.2750000059604645,0.2750000059604645,0.0,0.0,19900.0,5472.500118613243,0.7968251129697277,0.27009999722242356,0.23099499925971032,5.769236941309597,-1.785712575121809,37.50000093132256,37.50000093132256,74.05062867336005,0
HK.00797,491,0.7749999761581421,0.8050000071525574,-3.726711891659637,0.048914562564054784,2911000.0,2256024.9305963516,13.24298020239904,1.1102999973297119,0.7646749994158745,-31.41593102402784,19.23076993614967,4.7297251581536734,54.99999523162842,9.154929518344925,0
HK.00798,490,0.15000000596046448,0.15000000596046448,0.0,0.0,85200.0,12780.000507831573,1.916296150437539,0.15614470809698106,0.19899063609540463,0.0,-20.722621199411826,-32.1969795707831,-28.430151262246405,-41.66381447267173,0
HK.00799,491,3.4100000858306885,3.450000047683716,-1.1594191681209625,0.5874062183047197,1141379.2,3892103.169965362,3.1929689846565807,3.3724999904632567,3.184317865371704,-4.213479195500693,0.2941173583166078,5.591439922836162,3.6864324577782277,-2.7807578376708073,0
HK.00800,184,15.600000381469727,15.399999618530273,1.2987062850235354,0.30513073751686565,709213.95,11063737.89054365,3.998286849469685,16.124399929046632,,9.090910303463831,-22.077921954192004,-34.232711496383395,-33.21917819404136,,1
HK.00804,491,9.244999885559082,9.199999809265137,0.48913127420531716,0.8004431330510571,287557.35,2658467.667841673,10.528954730863338,4.332499971389771,3.791874984502792,177.62763055171635,144.57671840034502,160.42253548558375,140.7552107343994,214.42530190070116,3
HK.00805,385,8.84000015258789,8.869999885559082,-0.33821570866120143,0.051580234159525874,13334290.0,117875125.63465118,13.033926301798685,5.56139997959137,2.3091499960422515,71.65048522115013,493.2885970474819,675.4386196066031,840.425550532913,682.300901760257,0
HK.00806,491,2.134999990463257,2.200000047683716,-2.9545479914373054,0.24246764540385699,2812650.0,6005007.723176479,3.025262684528763,2.065699963569641,2.225523964762688,5.693069832802478,4.7482271731027454,-11.724281040242818,-11.366888687281914,-0.9394603664431949,0
HK.00807,491,0.9900000095367432,0.9850000143051147,0.5076137217272785,4.380148683946152,181510.0,179694.90173101425,1.6167527506189998,0.9878000104427338,1.0571421977877618,1.020407170268328,-6.524577767907784,-7.39008379442832,-8.23971924502351,-9.893053959538078,1
HK.00809,491,0.39500001072883606,0.375,5.333336194356283,0.874125366083587,448944.25,177332.98356664926,6.026815595249644,0.44910000026226043,0.6152749989926815,8.219178194041364,-33.05084266322859,-39.23076535117683,-38.28124694409774,-66.5254213316143,2
HK.00811,491,9.25,9.385000228881836,-1.438468040377665,1.5804512778293174,905384.6,8374807.55,2.4023538175148103,9.312579250335693,9.794680209159852,3.932588724397326,-5.4579772044365304,-10.424701296475254,-3.677701133901244,-17.958656418175263,0
HK.00813,491,0.06800000369548798,0.0689999982714653,-1.4492675377223445,0.7615014471919764,24256601.5,1649448.9916399792,6.008536090641021,0.07872000075876713,0.17525500064715743,-11.688306410450553,-57.76397245339847,-64.94845273720497,-64.39790375769057,-91.99999978963066,0
HK.00814,491,0.29499998688697815,0.25999999046325684,13.461537579812916,0.1287001287001287,39100.0,11534.499487280846,5.63888133664619,0.2778400036692619,0.3028350017219782,9.259250061011974,-9.230769936149668,-10.606068131899294,-6.349209803242228,0.0,1
HK.00815,491,0.3199999928474426,0.30000001192092896,6.666660043928621,1.1435028742859852,66352950.0,21232943.52540672,10.127622021868074,0.28635999917984006,0.5224399988353252,30.081294312402594,-22.891566438103197,-52.941178017421564,-56.756758280615436,-29.670333269209216,4
HK.00816,491,2.255000114440918,2.265000104904175,-0.4415006622562565,0.48420904131381143,262315.0,591520.3550195694,2.8256228676428052,2.300178761482239,2.4875427615642547,1.1210805001615471,-9.294903700549611,-9.294903700549611,-9.992640987236353,-24.574586712156155,0
HK.00817,491,1.3450000286102295,1.3550000190734863,-0.7380066658666594,0.5647616109929843,39845996.55,53592866.4997531,4.388684829803343,1.4203000044822693,1.461825004220009,4.263571192529107,-19.94047198790934,-5.281685263456316,9.349594126296717,-8.017585015642673,0
HK.00818,491,0.3449999988079071,0.3449999988079071,0.0,0.06993006993006994,461700.0,159286.4994496107,3.255575359362238,0.3940999990701675,0.46169999897480013,-11.538458599376382,-18.82353196919576,-34.90565708838717,-31.00000023841858,-31.00000023841858,0
HK.00819,491,4.880000114440918,4.885000228881836,-0.10235648324754495,0.5266349394273382,4085685.5,19938145.7075696,2.9425506237493884,4.9958505535125735,6.468202362060547,3.8297938825645397,-22.062895545520785,-32.02095811366349,-26.97489414176662,-28.379227719663945,0
HK.00821,491,0.26499998569488525,0.27000001072883606,-1.8518610500991368,0.19181357793884646,6013840.0,1593667.5139713287,6.3504060972619385,0.29469999730587004,0.32417999967932704,-7.017547712211622,10.416663174206933,-1.8518610500991368,-19.696977222808385,-37.64706393839152,0
HK.00822,490,0.3700000047683716,0.36500000953674316,1.3698616715036243,1.3400125234815279,164400.0,60828.00078392029,2.677031109441293,0.37480000019073484,0.3564749997854233,-1.3333320617675781,4.225356605785697,-1.3333320617675781,-3.896100276999047,8.82352966957026,1
HK.00825,491,0.27000001072883606,0.2750000059604645,-1.8181800448205245,0.11086408758984825,773774.6,208919.15030170084,3.7464567373273217,0.28390000224113465,0.31282500207424163,-1.8181800448205245,-18.181818181818183,-25.0,-1.8181800448205245,-3.571425150243618,0
HK.00826,491,3.0299999713897705,2.9649999141693115,2.192244826376992,0.36238899350069864,22085615.3,66919413.72712548,5.956327040258793,3.3895445585250856,3.344635851383209,-11.143698090211295,-8.00948341737438,-10.699272882345985,-3.959591926123629,43.61170283512613,1
HK.00827,491,0.041999999433755875,0.041999999433755875,0.0,0.03628214704940775,1778400.0,74692.79899299145,8.821747873022275,0.04188000041991472,0.039000000171363354,-16.000002384185755,5.000000931322596,27.2727262464765,49.999993347696105,67.99999523162849,0
HK.00828,490,0.18400000035762787,0.17900000512599945,2.793293345499562,0.0,53900.0,9917.600019276142,2.087185176182539,0.18498000025749206,0.23360499955713748,0.0,-14.01869204431884,-26.399999856948853,-27.843135765358717,-40.64516163145218,1
HK.00829,490,0.1550000011920929,0.1599999964237213,-3.124997089616889,1.1193765497697485,244200.0,37851.000291109085,2.4663972263724223,0.1545199990272522,0.22007499873638153,-3.124997089616889,-17.98941544477799,-40.384612739438744,-43.63636442452421,-49.18032866977484,0
HK.00830,491,0.6600000262260437,0.6600000262260437,0.0,0.12583892617449666,236500.0,156090.00620245934,4.502146569404399,0.7015083301067352,0.9755076310038566,1.53846929764635,-23.06944692145797,-42.795227825882826,-44.68630038980977,-54.57268312935485,0
HK.00831,491,0.3700000047683716,0.36500000953674316,1.3698616715036243,0.5658709106984969,232600.0,86062.00110912323,1.3413236694980346,0.34670000076293944,0.32486118376255035,5.714288876981205,4.341375919038393,23.60440108344532,25.5357200456595,14.918258079153027,2
HK.00832,491,0.03400000184774399,0.03099999949336052,9.677427107784306,1.126209419554709,490471.4,16676.028506265582,8.906765052256103,0.040300000458955765,0.05880500039085746,-2.85713799145759,-27.65956805970864,-46.031743966833325,-51.428568995728796,-67.30769120553543,1
HK.00833,491,0.8349999785423279,0.8500000238418579,-1.7647111622106002,0.30467899891186073,695300.0,580575.4850804806,6.76427913707443,0.9332776117324829,0.6975873233377934,-11.17021482338351,49.84598214381218,31.403406645728126,29.4124347197674,82.88328699124277,0
HK.00834,491,0.27000001072883606,0.27000001072883606,0.0,4.516129032258065,15200.0,4104.000163078308,0.9559384887660486,0.2725399988889694,0.3525800013542175,0.0,-10.0,-19.402983879612854,-32.49999832361939,8.87097384738014,0
HK.00836,491,18.459999084472656,18.68000030517578,-1.1777367082920653,0.8936271443804691,14414605.35,266093601.56403464,2.2404661026310118,18.806181755065918,18.18420289993286,5.727377161716517,-2.1479741594417767,6.678326854206248,8.675141773286706,-0.7902049358286511,0
HK.00837,491,6.150000095367432,6.300000190734863,-2.380953822636867,0.6637692611615962,126175.0,775976.2620329857,2.4095285124305166,6.21322925567627,7.0399935436248775,2.671124046126633,-14.28105531691356,-14.506337575176179,-17.540328883883795,10.647411864161624,0
HK.00838,491,0.7950000166893005,0.7900000214576721,0.632910771622848,0.2938295788442703,1110800.0,883086.018538475,2.5425655046725995,0.8711000013351441,0.8862669548392296,-4.216863533152283,4.238139196685858,-10.653031525853901,-4.346182546293491,9.385661204526922,1
HK.00839,491,1.7999999523162842,1.850000023841858,-2.7027065341188257,1.1696605877101947,4798818.85,8637873.701174485,2.591418867035914,1.855400004386902,2.57564999461174,-1.0989065691980104,-8.629445371829501,-41.55844165897225,-42.49201640563515,-37.50000413921128,0
HK.00840,491,0.16300000250339508,0.17000000178813934,-4.1176465947735315,2.7184466019417477,58500.0,9535.500146448612,1.864345337813529,0.18378000140190123,0.20594499997794627,-15.544041770810727,-13.29786804006764,-18.090451395856906,-24.186046608336362,-22.009570537852763,0
HK.00841,491,0.17499999701976776,0.15399999916553497,13.636362316898351,4.297872340425532,114200.0,19984.99965965748,8.722669224429394,0.16266000032424927,0.18543499995023013,38.88888428976514,-10.256408492959162,-16.66666548403479,-36.36363882663816,74.99999441206462,1
HK.00842,491,0.9100000262260437,0.9150000214576721,-0.546447553483442,0.21443298969072164,239000.0,217490.00626802444,2.854198843012622,1.0301999998092652,1.1280500015616417,-14.15093628780453,-7.142856273984786,33.82353186091747,-56.666663449907915,-54.499998688697815,0
HK.00844,490,0.39500001072883606,0.39500001072883606,0.0,0.0,35200.0,13904.00037765503,1.7721524240114361,0.43379999935626984,0.45962499946355817,-4.819272609316895,-1.2499987892806712,-2.4691334404499927,-22.549016055855397,6.7567582806154425,0
HK.00845,490,0.009999999776482582,0.009999999776482582,0.0,,0.0,0.0,0.0,0.009999999776482582,0.009999999776482582,0.0,0.0,0.0,0.0,0.0,0
HK.00846,491,0.07800000160932541,0.07800000160932541,0.0,2.6852288815479,235300.0,18353.40037867427,1.117948501142216,0.08740000098943711,0.10421000000089407,1.2987039376318668,-17.89473411779321,-28.440363774264625,-28.440363774264625,-49.6774187035913,0
HK.00848,490,0.10499999672174454,0.10000000149011612,4.999995157122685,12.027972027972028,68650.0,7208.2497749477625,1.3340551642004106,0.10650000035762787,0.1205900002643466,4.999995157122685,-8.69565668088043,-24.460433235721794,-16.666670608772737,-24.460433235721794,1
HK.00851,490,0.17000000178813934,0.17000000178813934,0.0,0.0,40500.0,6885.000072419643,0.05882364800231968,0.1769999998807907,0.22418999932706357,11.842110035863763,-15.000000372529025,-44.262295802797354,-33.33333138546909,-31.999999284744263,0
HK.00852,490,0.16599999368190765,0.16599999368190765,0.0,,0.0,0.0,0.0,0.16599999368190765,0.16599999368190765,0.0,0.0,0.0,0.0,0.0,0
HK.00853,491,6.929999828338623,6.534999847412109,6.044376283848507,1.6623355021586677,11213844.6,77711941.15301599,5.008412169818027,6.780599975585938,9.585399994850158,0.5805509815405883,-19.51219390625348,-46.19565398474817,-35.53488531778025,-46.61016893114118,1
HK.00854,491,5.53000020980835,5.380000114440918,2.7881058025408505,0.17050298380221654,10530.0,58230.90220928192,1.3168512626212672,5.502200002670288,5.550399990081787,6.346161781683766,-29.37419842028659,-1.2499945717197585,-4.819272559876097,-51.99652786401134,1
HK.00855,491,4.505000114440918,4.514999866485596,-0.22147845715134834,0.5036585822145339,1099935.25,4955208.4271276,2.446722575309234,4.582099981307984,5.1258677172660825,0.5580378406471957,-8.319366783765402,-15.04821326160975,-12.313025219053388,-26.024940362963385,0
HK.00856,491,10.170000076293945,10.239999771118164,-0.6835907850472059,1.321433003145951,4229483.1,43013843.44968395,4.835574257747113,9.647299880981445,8.716604690551758,5.497922345389761,0.09962073158769427,31.318812884368402,31.15648858858072,16.856384469128937,0
HK.00857,491,9.505000114440918,9.414999961853027,0.9559230265804176,0.9102273368699954,90001145.15,855460894.9505637,2.5506708963597586,9.608239078521729,9.269513187408448,5.260248012359957,-16.14558693331343,16.320608698514082,14.9553492905194,34.2223071544542,1
HK.00858,491,0.07800000160932541,0.07500000298023224,3.9999980131785864,0.9556907037358818,2333500.0,182013.00375536084,7.175378037086251,0.07308000072836876,0.08080500043928623,11.428573253203405,11.428573253203405,-9.302326790251001,-4.878049445322461,-39.062501637090385,4
HK.00859,490,0.11800000071525574,0.11800000071525574,0.0,0.0,58000.0,6844.000041484833,2.957369192546448,0.10604000121355056,0.11658000033348799,32.584268157943605,5.357140243737754,-18.620686820230844,0.8547025963809027,-9.230765351176826,0
HK.00860,491,0.48500001430511475,0.4749999940395355,2.1052674507500932,2.9725856880786727,85129.05,41287.59046778083,6.183899109303931,0.522599995136261,0.6119999977946281,10.22727657571314,-24.2187460709828,-27.611939966559124,-27.611939966559124,-42.261901256245984,2
HK.00861,491,1.850000023841858,1.8450000286102295,0.27100244737636836,1.5145893856473027,340107.8,629199.4381088018,3.7038671790920303,1.923133337497711,2.386038096547127,-2.116400114062477,-20.08803180799037,-34.058654810452666,-29.10066830903797,-38.16647963918598,1
HK.00862,491,1.0499999523162842,1.0499999523162842,0.0,0.4161257032524385,67071.1,70424.65180180073,4.392323669466925,1.0938999938964844,0.6243249973654748,-21.641796555118503,114.28570038375658,84.2105202617627,128.2608550584161,218.18179108879892,0
HK.00863,491,12.149999618530273,12.15999984741211,-0.08223872538916344,0.6950065101875638,785191.5,9540076.425473213,4.479579838997353,11.504799995422363,14.422950010299683,6.766252164727543,-6.967846645085587,-28.905795728208737,-28.445229999516986,-32.724252614498745,0
HK.00864,490,0.1899999976158142,0.1899999976158142,0.0,0.0,3600.0,683.9999914169312,0.0,0.19430000096559524,0.18041999980807305,-1.554407265404577,-11.627909555636291,12.426034250804001,39.70587300749025,14.45783424540113,0
HK.00865,491,0.041999999433755875,0.03799999877810478,10.526317853346493,1.6040738383195416,338600.0,14221.19980826974,4.8289685018949395,0.0522000002861023,0.04165500001981855,-25.000003326151948,10.526317853346493,13.513510520219668,13.513510520219668,-2.3255860292955086,1
HK.00866,491,1.7649999856948853,1.7599999904632568,0.28409063970008025,0.7800385556604899,4041397.95,7133067.323937339,5.948028776601707,1.6028999996185302,2.790025002360344,26.97841754383407,-40.77181293966426,-45.01557742305319,-33.14394259242084,-1.9444426415878573,3
HK.00867,491,12.430000305175781,12.0,3.5833358764648438,1.72686204714281,6449236.95,80164017.25665092,3.7714802063335995,11.360599994659424,12.873133974075317,4.4537874255072145,-1.5835297502211458,-8.406460894039462,-4.0748077842051895,-7.251243755427297,2
HK.00868,491,9.270000457763672,9.335000038146973,-0.6962997334513499,0.6504186071233912,10461960.4,96982377.69710541,4.030451261723269,9.102886180877686,9.31552848815918,8.675272543469607,-0.3114964474759845,5.109959791274498,11.547801922005705,13.441094378677093,0
HK.00869,490,0.4399999976158142,0.4399999976158142,0.0,1.7540367175403673,98350.0,43273.99976551533,2.2502958263414023,0.4665999972820282,0.46397500023245813,-3.29670660767248,-8.333331781129008,9.999997764825855,9.999997764825855,-20.096856100466585,0
HK.00871,490,0.04800000041723251,0.04800000041723251,0.0,0.0,147925.0,7100.40006171912,2.381491407218578,0.06334000065922737,0.07275000004097819,-27.2727262464765,-36.00000198682141,-42.16867199499895,-25.000002910382907,-34.24657380453392,0
HK.00873,491,0.4449999928474426,0.4699999988079071,-5.319150217845466,0.19552036097586475,478532.9,212947.137077266,5.127647374939557,0.47370000183582306,0.5832250030338764,0.0,-27.049183211189415,-27.049183211189415,-24.576269046084192,-45.06172943980096,0
HK.00874,491,15.470000267028809,15.390000343322754,0.5198175563443972,0.882140817590871,704122.35,10892772.942520952,1.7348087076572232,15.221273727416992,17.013378424644472,1.7763188233666523,-3.977851084217877,-14.8569584897603,-11.807756386181321,-9.505274159091815,1
HK.00875,491,0.25999999046325684,0.25,3.9999961853027344,2.883290329569855,2852351.85,741611.453797853,12.59874690724595,0.4644000005722046,1.0464750005304813,-50.9433953776483,-60.0,-84.43113789552768,-82.0689667646156,-24.637683663291117,1
HK.00876,491,2.0,1.8300000429153442,9.289614923387187,0.6068627134510475,15959.5,31919.0,5.33326042223336,2.436000015735626,4.93175000846386,1.0101000370632516,-61.53846012770067,-76.60818765633147,-47.3684203921923,90.47619912629806,1
HK.00878,491,6.244999885559082,6.235000133514404,0.160380943553265,1.2411141508138541,19934.6,124491.57471866607,0.5679444255043782,6.446300058364868,6.449523463249206,-2.2691703279527844,-9.49275027801681,0.5636046247521944,0.5636046247521944,3.0163762409803643,1
HK.00880,491,1.440000057220459,1.4700000286102295,-2.040814340536656,1.4122508438957404,10717065.95,15432575.581235431,3.1951612843496022,1.603699998855591,2.198925008773804,-4.635757197675371,-30.09708265926072,-40.49586728006576,-40.49586728006576,-55.828218974447594,0
HK.00881,491,4.440000057220459,4.335000038146973,2.4221457473935653,0.9455426425160565,8249690.05,36628624.29405105,5.460933868998939,5.106800012588501,9.077849991321564,-12.25296230376054,-36.298419069272676,-65.63467468264864,-61.888410278071795,-68.99441234747205,1
HK.00882,491,2.119999885559082,2.115000009536743,0.23640075649143896,0.39070130884938464,256150.0,543037.9706859589,2.256326189771473,2.0825243330001832,2.324166650772095,1.4354053886023366,-5.812425091267502,-13.538749595499464,-9.656825082861005,-21.369227072880793,1
HK.00883,491,23.260000228881836,22.700000762939453,2.4669579168325444,0.8795795282557067,78268530.15,1820526029.203245,2.5923187146927273,23.378797225952148,23.5374152469635,6.599452585689955,-16.766401878529255,5.933670336417311,8.74434651409983,30.49582240066431,1
HK.00884,491,0.04100000113248825,0.03999999910593033,2.500005122274275,0.5651904074955186,52125577.4,2137148.732431604,7.567040496825032,0.04477999985218048,0.10632999984547496,13.888896937355929,-41.42857006009745,-51.764705057375174,-74.37499871943143,-86.1016939135674,1
HK.00887,491,0.2849999964237213,0.2800000011920929,1.785712575121809,0.5187560608315319,5193366.0,1480109.2914270759,4.195215376182391,0.257879998087883,0.27301339372992517,14.45783082059259,-2.663938722844314,23.184651906255098,28.517311646732825,-28.03874660116544,2
HK.00888,490,0.03999999910593033,0.03999999910593033,0.0,0.0,80300.0,3211.9999282062054,2.428770761728087,0.046760000213980676,0.06974500011652708,-4.761905606641802,-20.000002980232196,-51.21951463284903,-54.54545531514263,-55.55555831502974,0
HK.00889,491,0.3799999952316284,0.3700000047683716,2.7027000903735274,0.35131744040150564,513200.0,195015.9975528717,6.567338743557991,0.5523000007867813,0.4043500016629696,-26.92307515962583,10.144926534683554,-1.2987000923330156,2.7027000903735274,20.634920034218744,1
HK.00893,491,0.07199999690055847,0.07000000029802322,2.85713799145759,0.08815868563414145,498300.0,35877.59845554829,6.305590569329825,0.06600000038743019,0.08001000016927719,12.499989813659825,-10.000001862645192,-30.76923517785825,-12.195128156342978,-17.24138049157048,1
HK.00894,491,1.7450000047683716,1.659999966621399,5.120484328681849,0.9844546335485667,8365590.15,14597954.851640243,15.671159346433958,3.8806000113487245,1.598100000321865,-49.856321976890115,112.80488048650766,105.29411244969896,123.71795753520418,320.4819373147274,1
HK.00895,491,1.6649999618530273,1.690000057220459,-1.4792955337853222,0.5219156236408448,4558235.0,7589461.101117134,3.9258293455083857,1.7581999945640563,2.1562999910116196,-4.310347544405118,-17.980296289701833,-30.33473268739525,-22.916671495746492,-38.78676675221394,0
HK.00896,491,0.2750000059604645,0.2750000059604645,0.0,4.8508221836380345,8792.1,2417.827552405,1.9152392165315564,0.2669200012087822,0.25164999909698965,1.851850012202395,3.7735927567532066,20.087337722126534,13.168726399596158,0.0,0
HK.00897,490,0.2849999964237213,0.2849999964237213,0.0,0.0,85746.15,24437.65244334787,1.9768072916833284,0.3104000025987625,0.3598250004649162,-8.064517989739157,-10.937499126885067,-22.972974932219852,-26.92307515962583,-9.523809974335942,0
HK.00898,490,0.9700000286102295,1.100000023841858,-11.818181128541315,25.625,7300.0,7081.000208854675,0.15463902322123155,0.9782000076770783,0.9911856397986412,2.1052674507500932,-3.6559574184421413,-3.6559574184421413,-0.7942543463435654,5.283179139388501,0
HK.00899,491,0.1940000057220459,0.21799999475479126,-11.009169545962974,4.415955224737424,177516.1,34438.12441575527,2.4977565704494924,0.22661999702453614,0.20557020395994186,-26.792446719067776,6.010933055352033,12.790697170728748,10.857148014769349,-68.70967673709563,0
HK.00900,491,8.75,8.789999961853027,-0.4550621390969257,0.1270247138282405,90243.9,789634.125,1.3855821822596657,8.410738668441773,7.677854008674622,0.22910033003906025,7.024185377445535,22.436819707131068,24.788141601213248,27.598016405347998,0
HK.00901,51,63.349998474121094,64.0,-1.015627384185791,0.7927944045935111,175551.0,11121155.582130432,6.917668887316732,62.9060001373291,,2.840909161280574,,,3.513068111730487,,0
HK.00902,491,5.84499979019165,5.894999980926514,-0.8481796589760935,0.8915451678277262,24178634.6,141324114.16412058,2.7603956895705912,6.054247484207154,5.761559009552002,4.749101614854349,0.3943420418429438,8.731594109618337,8.543805140900988,25.69372323669833,0
HK.00907,490,0.061000000685453415,0.061000000685453415,0.0,,0.0,0.0,0.0,0.061000000685453415,0.059780000410974025,0.0,0.0,21.99999955296517,15.094342275037622,-38.38383735758761,0
HK.00909,491,1.315000057220459,1.309999942779541,0.3816881419329523,0.9296462042065353,7566418.1,9949840.234453917,4.956294797806045,1.4794000053405763,2.357598766088486,-4.014594697553417,-33.71669940166075,-56.43645044952399,-58.647137424411476,-57.50549257173782,1
HK.00910,491,0.014999999664723873,0.017000000923871994,-11.764712649748445,2.5945212443228853,4193951.2,62909.26659386829,6.8941992620734345,0.014300000425428151,0.014075000430457294,7.142851440882373,7.142851440882373,7.142851440882373,7.142851440882373,7.142851440882373,0
HK.00911,491,0.5799999833106995,0.6000000238418579,-3.3333399560713786,0.10310607036989303,96372.5,55896.048391610384,3.741950153904578,0.6745000016689301,0.4404249995946884,-19.444449963392817,-37.63441087634786,110.90908026892315,107.14285030048725,136.73468245808579,0
HK.00912,491,1.1150000095367432,1.100000023841858,1.3636350336153933,0.511727078891258,35700.0,39805.50034046173,1.611705281819901,1.092000002861023,1.1015347456932068,-0.44642814378045226,-2.1929803922675832,-0.44642814378045226,3.2407375213541907,3.7895689979460236,1
HK.00914,491,17.920000076293945,17.959999084472656,-0.22271163818316753,0.3804157093138876,6665889.4,119452738.55656701,2.778160420855948,17.72888828277588,20.809774408340456,6.350146413058353,-4.545101257320604,-22.133100498351947,-18.15750482527315,-21.335612518628412,0
HK.00915,490,0.04600000008940697,0.0430000014603138,6.976740760955494,2.184655396618986,126800.0,5832.800011336803,3.9988395145202484,0.04845999971032142,0.05533999981358648,4.545455315142628,-13.207545976233071,-23.333331470688144,-8.000001192092878,-44.57831103589914,1
HK.00916,491,5.489999771118164,5.545000076293945,-0.9918900706768112,0.6537868083284447,19108214.9,104904095.42747669,2.823708394044435,5.684499998092651,6.686879184246063,5.374275065663497,-19.61932895397146,-22.27716586397915,-17.908137596813,-22.60179360790218,0
HK.00917,288,8.380000114440918,8.3100004196167,0.8423548891643438,0.6655385538990046,4654364.15,39003572.10964971,6.410754235566171,9.27010000228882,20.974474992752075,-8.415295477499017,-47.62499928474426,-72.63226686883814,-64.18803311515927,-92.82534255523309,1
HK.00918,491,3.0,2.7249999046325684,10.091746972171432,1.248602560598302,6805414.0,20416242.0,17.487159973734062,1.5080999946594238,0.8926249992847443,206.12244302160997,233.33334216365128,426.3157960780771,426.3157960780771,417.24139419378804,1
HK.00919,490,0.0820000022649765,0.08299999684095383,-1.2048127879974913,1.021505376344086,143600.0,11775.200325250626,3.2715052624308933,0.08933999940752983,0.0846050002425909,2.500005122274275,-8.888889992678562,-13.68420705900954,5.128205862976375,-17.171714435048436,0
HK.00921,491,22.739999771118164,23.239999771118164,-2.151463016025422,0.4383737108279411,866268.5,19698945.491726875,3.459156238886048,23.24236671447754,22.362071447372436,4.407709156140125,5.15458434586759,3.974093487921239,2.0355923991701457,-0.6993840472972518,0
HK.00922,490,0.10700000077486038,0.10300000011920929,3.8834957776908783,0.8702329152802661,381200.0,40788.40029537678,3.7633612843988846,0.11052000090479851,0.12580500055104493,0.9433981494022772,-19.548872391050384,-4.464287971317394,-6.956522753198096,-32.95739491110421,1
HK.00923,490,0.017000000923871994,0.01600000075995922,6.250000727595727,0.010783608914450037,2135700.0,36306.90197311342,4.562434175104226,0.01877999968826771,0.019919999623671174,-19.047613556828285,-5.5555463573075095,-19.047613556828285,-19.047613556828285,6.250000727595727,1
HK.00924,490,0.12399999797344208,0.12399999797344208,0.0,0.0,6400.0,793.5999870300293,0.0,0.10663999915122986,0.14279500041157006,-1.5873047785303125,-8.82353585690328,-47.89916171578728,-10.144926753772236,-68.60759630242973,0
HK.00926,490,2.390000104904175,2.390000104904175,0.0,0.0,1950.0,4660.500204563141,0.02092048122244283,2.4244000720977783,2.478950023651123,-0.8298746976857471,-1.6460889199236395,-13.090905276211826,0.0,5.686959803816139,0
HK.00927,491,0.4699999988079071,0.46000000834465027,2.173910930837298,31.11111111111111,6900.0,3242.999991774559,0.3125685490739191,0.4944999998807907,0.5795171354711056,-2.083331393077926,-7.843135765358715,-29.850748193957067,-26.562498544808445,-28.04653706762107,1
HK.00928,491,0.09799999743700027,0.10300000011920929,-4.854371530506945,0.5736992163547938,4011346.5,393111.94671892,12.358968525048404,0.07440000019967556,0.08704000009223818,53.12498872226623,24.05062395780293,-5.769235177858251,0.0,4.2553199921436,0
HK.00929,491,0.5,0.5199999809265137,-3.8461503192516595,6.0370504903741375,862000.0,431000.0,5.633736095993775,0.6389236330986023,0.6844308938086033,-16.66666997803569,-17.640009444989076,-30.817606847010037,-35.1415077563217,25.02841924886737,0
HK.00931,491,0.3149999976158142,0.3050000071525574,3.2786853209006517,0.6681426089956828,2174674.9,685022.588315171,5.0249052729295505,0.29530000150203706,0.4102000002563,8.620691958562439,-29.213482544076296,-29.999998675452304,-35.05154879899717,25.999999046325684,6
HK.00932,490,0.028999999165534973,0.028999999165534973,0.0,1.0166580800274772,1208800.0,35055.198991298676,1.7681526255049158,0.02774000059813261,0.03344500013627112,3.5714223942892365,3.5714223942892365,-21.62162488703309,-23.684210268331686,-9.375006912159405,0
HK.00933,491,0.32499998807907104,0.33000001311302185,-1.515159040990203,0.428981308419802,3171491.95,1030734.8459428699,6.020814136682899,0.3956000000238419,0.5471382874250412,-12.16216651604412,-45.79873724441108,-52.08294300250035,-48.339419590582466,-42.99521994104852,0
HK.00934,491,3.684999942779541,3.6500000953674316,0.9588999040446895,0.8394452945493618,1679358.0,6188434.133906364,2.335181842626557,3.664978127479553,3.9031746089458466,2.646240414526904,-5.079286626100207,-8.695312627378108,-8.91219568023911,-13.910775394048997,2
HK.00936,491,0.27000001072883606,0.26499998569488525,1.8868020014566025,6.625766871165644,108500.0,29295.001164078712,3.9557522802546403,0.26147999852895737,0.3230599996447563,-6.8965453455194,5.882359128509954,-27.99999713897705,-27.027025067780148,150.00000344934278,1
HK.00938,490,0.39500001072883606,0.4099999964237213,-3.6585331282255105,0.0,50200.0,19829.00053858757,2.019012246701269,0.4134000009298325,0.4255750000476837,-1.2499987892806712,-7.058823611909541,1.282057748038625,36.206904170629606,-37.301585124042944,0
HK.00939,491,8.789999961853027,8.859999656677246,-0.7900643062831747,0.6647325087364501,267653436.75,2352673698.8223314,2.2652043223639793,8.447492904663086,7.977386021614075,8.118079189688869,3.106882220893003,18.959051526646128,16.061334190268912,13.378175835642796,0
HK.00941,491,81.8499984741211,82.4000015258789,-0.667479419384569,1.030280331771967,12539732.3,1026377069.620887,1.2822947030980354,80.68590576171874,80.4385483932495,3.936505998883929,0.6062684500430576,6.111132870917663,1.088504806919016,0.617430768466041,0
HK.00943,490,0.1599999964237213,0.1599999964237213,0.0,0.0,160722.5,25715.59942521155,2.243119370986102,0.15989999920129777,0.18898499973118305,-4.191616445885584,-5.882356034843122,-31.330472267691373,-17.948716773083888,-27.272728504228205,0
HK.00945,491,351.3999938964844,343.0,2.448977812386115,1.6462604316221674,25026.15,8794188.957252502,1.3016941545448861,322.60230041503905,289.84717308044435,8.256311549304831,16.624286409377685,23.190498219330852,24.2322923527822,44.17686210956423,1
HK.00947,491,0.17000000178813934,0.17000000178813934,0.0,0.8100164317619014,223545.0,38002.65039972961,4.5788078461205135,0.1757399994134903,0.18042499981820584,0.0,-23.423423604835172,12.582787796205,28.787880840380343,49.12280850811862,0
HK.00948,490,0.2070000022649765,0.2070000022649765,0.0,0.0,11000.0,2277.0000249147415,2.156862481563465,0.23287999868392945,0.2686300003528595,-16.53225578708836,-1.8957314175100652,-41.69013844480396,-1.4285672724651155,-0.9569397094045503,0
HK.00950,491,1.059999942779541,1.0700000524520874,-0.934589643208842,1.0550142702489913,525950.0,557506.9699048996,3.8543373809595174,1.0789999914169313,1.370014374256134,-0.934589643208842,-4.955259539988931,-29.182346980157188,-30.096124153866572,-33.204839941142836,0
HK.00951,491,1.2799999713897705,1.3200000524520874,-3.0303090509739805,1.2918388848366966,642400.0,822271.9816207886,3.2761319257667108,1.3917299938201904,1.446005961894989,0.787400835704065,-38.87442927209378,-6.5897955347014925,-5.927312337463277,-5.927312337463277,0
HK.00952,491,0.09700000286102295,0.09700000286102295,0.0,15.384615384615385,34500.0,3346.5000987052917,0.05263168626875233,0.09605999901890755,0.12760999999940395,6.593411901754186,-30.71428396568007,-33.10344437781741,-31.6901410667699,-39.06274031942456,0
HK.00953,491,0.1899999976158142,0.1940000057220459,-2.0618597877583125,0.546916890080429,738000.0,140219.9982404709,5.300606057389569,0.17840000182390214,0.25105000033974645,11.764703304297399,-1.041668768609959,-37.70492027536954,-36.666669978035685,3.2608680687633522,0
HK.00954,490,0.25,0.25,0.0,0.0,5400.0,1350.0,0.0,0.29240000069141386,0.3046249994635582,-7.407411086706321,-21.874998253770134,-12.280700653653822,-12.280700653653822,-23.07692025540133,0
HK.00956,491,3.0799999237060547,3.184999942779541,-3.296703954784159,2.7159055165365302,5909818.55,18202240.683116626,2.4659532469298173,3.126922173500061,3.651276161670685,3.35570147625903,-12.704446868259254,-14.057862470024762,-16.43315286041394,-20.998560558721902,0
HK.00959,490,0.7200000286102295,0.7200000286102295,0.0,,0.0,0.0,0.0,0.7200000286102295,0.7200000286102295,0.0,0.0,0.0,0.0,0.0,0
HK.00960,491,6.514999866485596,6.59499979019165,-1.2130390637014699,0.630804981946601,12444339.5,81074870.18100142,4.2928340824021785,6.950600023269653,8.666318035125732,6.803278169526869,-19.368812772248646,-30.749169980123312,-24.806589309361453,-37.47048107878339,0
HK.00966,491,21.239999771118164,21.31999969482422,-0.37523416909558394,0.4945031985226104,7821219.95,166122709.94786483,3.6890128472566284,19.621273040771484,19.603836908340455,14.316468559390247,-0.6450115723609141,-2.777090970427356,17.311952740964635,27.694116465292414,0
HK.00968,491,2.440000057220459,2.319999933242798,5.1724192858027385,1.7734184126099057,71123111.2,173540395.39769706,4.821182346195598,2.248624725341797,2.9955514442920683,22.613067614430435,-18.153034545569128,-31.832191097628666,-20.025347195468328,-24.87379929759097,1
HK.00969,491,0.0860000029206276,0.07800000160932541,10.25641172595275,0.06825938566552901,29400.0,2528.4000858664513,0.7540986511245679,0.08356000021100045,0.10910000033676624,7.500006053596871,4.878049445322461,-26.495723175648905,-27.118642034458052,-39.43661964441003,1
HK.00970,491,0.29499998688697815,0.30000001192092896,-1.666674945089223,8.482758620689655,29075.0,8577.12461873889,4.396814193309827,0.3530000007152557,0.46520000144839285,-11.940304615312076,-32.954548071484936,-35.86956923140913,-43.269231210093544,-50.83333747254461,0
HK.00974,491,0.8199999928474426,0.7599999904632568,7.894737254879816,1.2765957446808511,13350.0,10946.999904513359,1.0300318096313068,0.7944000053405762,0.97530000269413,-3.529415312110247,2.4999975785613424,-26.78571523604344,-25.454547720507108,12.328763208552237,1
HK.00975,491,8.704999923706055,7.449999809265137,16.845639551294305,4.018515622910541,3063772.25,26670137.202502728,5.218194819250281,7.264500007629395,10.08397500038147,27.63929185628576,-6.397852202428752,-31.18576927896037,-18.872317846420213,5.6432058920408235,4
HK.00976,490,0.4300000071525574,0.4300000071525574,0.0,,0.0,0.0,0.0,0.4300000071525574,0.4300000071525574,0.0,0.0,0.0,0.0,0.0,0
HK.00978,491,0.23999999463558197,0.23499999940395355,2.127657550770317,0.9373618275607959,348950.0,83747.99812808633,3.9142642948275084,0.24849999874830245,0.2672499990463257,0.0,-14.285716566504256,-12.72727656955553,-9.433959399563019,-20.000004967053535,1
HK.00979,491,0.3100000023841858,0.2849999964237213,8.77193202602569,0.14857614527445315,731000.0,226610.0017428398,8.786209825839435,0.33320000052452087,0.3001099995523691,-10.144926534683554,16.981139289989432,3.3333300219643105,12.727271150951577,19.230774521122513,3
HK.00980,490,0.3050000071525574,0.26499998569488525,15.094348534692829,3.7608397991784575,260300.0,79391.50186181068,7.709295854346357,0.28879999816417695,0.3314000016450882,7.017547712211622,-18.66666475931803,-14.084502430904152,-4.687495634425334,-32.222218837267,1
HK.00981,491,66.9000015258789,65.3499984741211,2.3718486426156855,0.6385563597407447,119927944.7,8023179683.425521,7.248486841751712,75.26300010681152,70.62699983596802,-16.0075326500244,-5.50847649403043,-14.340585361155128,-10.91877112496593,25.398319473862063,1
HK.00983,490,0.3400000035762787,0.33500000834465027,1.4925358528601556,6.4599667854805105,45657.9,15523.686163285374,3.860832069268325,0.30830000042915345,0.3488250018656254,13.33333002196431,4.615389553047677,-4.225348210765052,0.0,-10.526313725600916,2
HK.00984,490,0.23899999260902405,0.23899999260902405,0.0,0.0,30475.0,7283.524774760008,2.812562867872772,0.23019999772310257,0.33794999845325946,9.633026770415206,-20.333338962660672,-40.987656319619234,-37.92207830409455,-56.54545683112021,0
HK.00986,491,0.3199999928474426,0.3400000035762787,-5.882356034843122,1.840726919794508,27851.8,8912.575800788401,7.064629193808367,0.3209399998188019,0.657884998768568,23.076924840374172,-20.000002980232196,-60.0000014901161,-63.6363642521141,-65.21739271277514,0
HK.00987,491,0.1979999989271164,0.20100000500679016,-1.492540300967864,5.773086595521789,646970.8,128100.21770587565,2.36307814180028,0.1922861412167549,0.1448889683187008,-5.263161271983044,-3.3443199683661726,75.86972762772606,74.55725697362386,51.887489300763754,0
HK.00989,491,0.550000011920929,0.550000011920929,0.0,0.19268982958993194,209587.5,115273.1274984777,5.976809187979751,0.6937999975681305,0.7099750001728534,-31.24999953433872,-14.062496216501957,-22.535207247454903,-23.611112490848203,-9.836065733954968,0
HK.00990,491,0.5649999976158142,0.5350000262260437,5.60747101292574,1.1733519558416958,21366040.0,12071812.549059391,5.494577535247812,0.6128999996185303,0.742124999165535,2.7272700672307866,-27.56410021283444,-37.912089963449255,-21.52778122712051,-37.912089963449255,1
HK.00991,491,2.4749999046325684,2.494999885559082,-0.8016024787124212,0.6336450382870331,31940452.8,79052617.63392106,3.2669259990929045,2.578053312301636,2.438322347402573,4.430380765555053,-10.548746955431813,5.0870466262497995,18.042985518475817,33.73549263462309,0
HK.00992,491,28.100000381469727,25.940000534057617,8.326907490137339,1.0977526329297722,104428845.9,2934450609.6264434,6.302638225190514,23.348821868896483,13.457833070755004,16.345957326501697,144.68633049386887,222.18878533184693,198.2354855962263,181.25978479535513,1
HK.00993,490,0.10499999672174454,0.10499999672174454,0.0,0.0,967111.15,101546.66757956259,7.1027581320085815,0.09829999953508377,0.12792000029236078,16.66665838824411,0.0,-9.482758842169465,-29.530205403000892,-57.48987882339222,0
HK.00994,491,0.27000001072883606,0.29499998688697815,-8.47456856590309,0.44323646247125237,921000.0,248670.009881258,4.103579386723664,0.32330000042915347,0.3277100000530481,-14.285710230976514,-33.3333308804673,-25.0,-8.47456856590309,29.807694787545262,0
HK.00995,491,14.789999961853027,14.789999961853027,0.0,0.25747562714927613,739001.65,10929834.375309324,3.5502847197140373,15.423173446655273,13.78860950946808,0.47554139642925425,3.0528304238854655,19.882657773070285,21.29083487855892,26.957709331233914,0
HK.00997,491,0.014999999664723873,0.01600000075995922,-6.250006548361542,1.146512881072219,368884.0,5533.259876322001,5.498881382222311,0.01829999977722764,0.02616499999072403,-16.66666494199516,-34.78261028013292,-48.2758617367458,-54.54545531514263,-42.307694787545266,0
HK.00998,491,7.340000152587891,7.460000038146973,-1.6085775461857694,0.6633814067492086,16688657.6,122494749.33048706,2.3941766216443954,7.272800006866455,7.2453772473335265,7.624632959500935,-6.532699931823277,8.84287515645226,6.99022046117342,5.5589725218534785,0
HK.00999,391,7.570000171661377,7.599999904632568,-0.39473333352155854,1.0160325644812322,1876447.4,14204707.140113544,4.457122769417036,7.079600009918213,8.056382930278778,6.770098853922923,12.481428680642601,-12.583540282037585,-11.498226780344199,-17.598204121563644,0
HK.01000,491,0.5199999809265137,0.5,3.9999961853027344,0.24691358024691357,1975.0,1026.9999623298645,0.460975766713813,0.5146000003814697,0.6177499979734421,-3.7037110623015317,-10.344828294942289,-23.529415373983642,1.960782480441495,-18.750001164153243,1
HK.01001,491,0.38499999046325684,0.3799999952316284,1.31578823536055,6.402486402486402,67650.0,26045.249354839325,1.3448084571658752,0.4149000018835068,0.3936683768033981,-2.5316506313829312,5.479446686014497,-4.938274239498084,-3.750003818422499,1.0782868218534214,1
HK.01002,491,0.04600000008940697,0.04600000008940697,0.0,0.06380221313926827,500350.0,23016.100044734776,4.9193825725836335,0.053920000046491626,0.05490500019863248,-8.000001192092878,-19.29824549937549,-13.207545976233071,-11.538463191696843,-11.538463191696843,0
HK.01003,491,0.2029999941587448,0.20399999618530273,-0.49019708100855736,1.2376515867715256,848200.2,172184.63564544616,3.2396785365021623,0.2074799993634224,0.2684949990361929,0.49504311414783325,-20.392157664806845,-34.51613142016525,-37.53846104469523,-47.948717537246026,0
HK.01004,491,0.17299999296665192,0.13500000536441803,28.148137846111187,14.811680067710537,36130.0,6250.489745885134,0.8850889842152576,0.16156000077724456,0.33669000178575514,50.43477376377216,-40.34482829494229,-56.75000240281221,-66.73076936302806,-42.33333796924996,1
HK.01005,490,0.4099999964237213,0.4099999964237213,0.0,0.0,7500.0,3074.99997317791,1.1036032319917113,0.4038000017404556,0.42404999941587446,10.810808416175734,10.810808416175734,0.0,-7.8651678620858325,-8.888893304047587,0
HK.01007,490,0.6700000166893005,0.6700000166893005,0.0,,0.0,0.0,0.0,0.6700000166893005,0.6700000166893005,0.0,0.0,0.0,0.0,0.0,0
HK.01008,490,0.16300000250339508,0.164000004529953,-0.6097573164245137,0.0,57400.0,9356.200143694878,0.3631821494669607,0.17004820048809052,0.174834700897336,-4.67836323557707,-5.851096151518975,-10.355827396320644,-5.375594292576763,-38.57170004859795,0
HK.01009,491,1.4500000476837158,1.4500000476837158,0.0,0.49019607843137253,41800.0,60610.00199317932,0.44733068856289876,1.4332000160217284,1.2202000120282173,-2.0270250677801456,35.514016505026675,29.46428942056941,21.848737643807468,14.173233815789917,0
HK.01010,491,0.03500000014901161,0.029999999329447746,16.66666977107532,0.7883330783743817,1958400.0,68544.00029182434,11.873680402456147,0.05341999992728233,0.08236000023782253,-16.666665188376843,-55.69620438205406,-63.541666828354614,-62.76595601335588,-64.2857131996238,2
HK.01011,491,0.3799999952316284,0.3799999952316284,0.0,0.7222824124232575,196675.0,74736.49906218052,3.963560381492512,0.4247000014781952,0.6744749990105628,-9.523807834335413,-44.1176483478513,-54.21686712379361,-55.294119462009895,-42.4242454345779,0
HK.01013,491,0.3400000035762787,0.28999999165534973,17.241383917124878,0.9558597617178165,76732.5,26089.050274416804,4.8999092158541755,0.44300000071525575,0.4254749997705221,-15.000000372529025,-65.99999964237213,81.81817747170811,78.94737254879817,48.4716158910146,1
HK.01020,491,0.20999999344348907,0.20999999344348907,0.0,1.8049766095709632,5877700.0,1234316.9614627957,6.826170664651013,0.212219999730587,0.2527200011536479,-1.8691626529275176,-17.64705985475166,-47.50000242143866,-7.079647301376584,262.0689646313221,0
HK.01021,88,10.899999618530273,10.699999809265137,1.8691571292548694,0.49523723319202156,677968.9,7389860.751375389,8.64143015285697,15.569399948120116,,-20.43795788114726,-41.680046511139004,,-40.76087041027381,,6
HK.01022,491,0.38499999046325684,0.38499999046325684,0.0,1.0790634543603665,215400.0,82928.99794578552,6.644554539953623,0.43539999723434447,0.5603749978542328,-11.494255551007942,-31.250001995691225,-43.38235493916952,-35.83333747254461,-1.2820501064172196,0
HK.01023,490,0.45500001311302185,0.46000000834465027,-1.086955465418649,0.009732360097323601,293400.0,133497.0038473606,0.9708256732479246,0.4682000035047531,0.48498234927654266,-3.191486326155476,-8.080806317177142,-8.928566635152816,-10.646891845593132,-1.923075811230758,0
HK.01024,491,44.18000030517578,44.2400016784668,-0.13562696883942582,0.4532617386696159,50172077.25,2216602388.216303,4.123951977201832,43.991553115844724,57.42402351379395,2.6486974103134027,1.7168478490460382,-44.69107434118678,-32.16830030945464,-37.262044212853716,0
HK.01025,491,0.20800000429153442,0.1979999989271164,5.050507787173788,0.4278956562702416,470770.0,97920.16202032566,3.581681877812727,0.21476000010967256,0.24621588967740535,-3.2558135666545565,-19.999995415027158,-3.703704214717449,-8.817117708678188,-25.714284497864398,2
HK.01026,490,0.06300000101327896,0.05900000035762787,6.779662087127342,,1000.0,63.00000101327896,0.0,0.06780000023543835,0.0917200001142919,5.000004035731247,-12.499994825985473,-42.727271495771795,-39.999997161683496,-60.377356457062305,1
HK.01027,491,4.099999904632568,4.005000114440918,2.3720296498646163,0.6607233748480956,147877.0,606295.6858973503,4.841030953993254,3.293499999046326,3.294074993133545,34.42622848301603,60.7843129921766,33.1168833179445,16.809114409468766,220.3124997089617,4
HK.01028,491,0.8050000071525574,0.8199999928474426,-1.8292665641127552,0.6161152055259181,1585650.0,1276448.2613414526,7.604335549925738,1.0243999993801116,0.8004949998110533,-1.8292665641127552,-15.263156078528805,15.000002980232289,11.805552106212824,292.682933743549,0
HK.01029,491,0.45500001311302185,0.44999998807907104,1.111116703645831,0.22122102947217165,87948.05,40016.363903264704,1.1268989658350743,0.4463999992609024,0.5095499983429909,8.33333983780866,-14.15093628780453,-12.499994268783945,-8.080806317177142,-41.66666284585596,1
HK.01030,491,1.3700000047683716,1.3949999809265137,-1.792113010749858,2.5671013701012937,16391546.65,22456418.988660987,3.6860513522471625,1.4875,2.032274998426437,0.7352934086817846,-37.727273860253554,-40.69263901712919,-33.816422756005984,-48.689139864371086,0
HK.01033,491,0.6449999809265137,0.6399999856948853,0.7812492724042223,0.18006153588724227,47335184.55,30531193.131903004,4.713829688763634,0.6353999972343445,0.7918999966979027,5.73769931157614,-20.37037295950674,-23.214285587575155,-6.521741571708836,-20.37037295950674,1
HK.01036,490,1.649999976158142,1.649999976158142,0.0,0.0,37600.0,62039.99910354614,1.3956907963719658,1.622984278202057,1.6107623952627181,5.095536371550287,-0.06125770206936807,5.020380073963128,3.2700406672515143,9.991755308687203,0
HK.01037,491,0.6050000190734863,0.5950000286102295,1.6806705852795165,0.140287100946129,2659540.5,1609022.0532267094,7.403350046494622,0.5041999983787536,0.595699999332428,49.382720319186554,27.368426666365508,-22.435892145544155,-20.394733333521557,142.00000762939453,1
HK.01038,491,61.20000076293945,61.29999923706055,-0.16312964986243753,0.9092170494746111,1234635.4,75559687.42195205,1.7676780248203898,59.98199996948242,58.96735586166382,0.9901028117592893,-4.425289246233359,-0.6595405606546786,10.387958672805228,14.248499400101863,0
HK.01039,490,0.04600000008940697,0.04500000178813934,2.2222183589583624,0.0,25750.0,1184.5000023022294,0.8319445818231395,0.04994000032544136,0.05112999999895692,-6.122446341943493,-19.29824549937549,-11.538463191696843,-9.803919706698395,-6.122446341943493,1
HK.01044,491,23.700000762939453,23.6200008392334,0.3386956852819957,0.7751086845277112,3738392.55,88599906.28716716,3.0357481145990204,23.653199996948242,26.11421682357788,2.3316101860323775,-9.66192141193957,-10.912966676030193,-13.497937247290082,4.8725156277496,1
HK.01045,491,2.2049999237060547,2.190000057220459,0.6849253924053995,0.6192180225428032,3481823.05,7677419.559607983,3.92689773895135,2.44607527256012,2.922178890109062,-9.631152787025183,-42.69860142416445,-52.909540720820424,-39.940780062534465,11.965128783130243,1
HK.01046,491,0.41999998688697815,0.41499999165534973,1.2048181523292238,6.368247372280616,3236175.0,1359193.4575639665,4.287777686282755,0.3794000005722046,0.3750500014424324,13.513508506549263,37.704910504116526,4.999995157122685,2.439022085483674,10.526313725600916,3
HK.01047,491,0.38999998569488525,0.41499999165534973,-6.024097942928766,0.18181818181818182,24000.0,9359.999656677246,2.2979156388825985,0.3507000035047531,0.34457500010728837,2.6315764707211,5.405400180747055,11.428569239013012,5.405400180747055,23.809520205312456,0
HK.01049,490,0.8799999952316284,0.8799999952316284,0.0,0.0,2126.6,1871.407989859581,0.4651161743022757,0.9925999927520752,1.0901499927043914,-5.376345326492771,-24.78632243505666,-6.3829789932306245,-21.428572188834753,-14.563104885891246,0
HK.01050,491,1.9299999475479126,1.9149999618530273,0.7832890858321843,0.30071010938990733,3988878.25,7698534.813275009,5.078302248351276,2.3526999950408936,2.4728088891506195,-4.9261096182871515,-26.893944285734538,-23.107571518687408,-24.313726131845474,113.25603170623326,1
HK.01051,490,8.28499984741211,8.149999618530273,1.6564446036892104,0.0,37154.7,307826.68383064267,3.221568641360391,7.724463024139404,9.457279372215272,0.7907491273938299,3.9963613342564472,-24.45897545370516,-27.059353569762244,-19.585357132311444,1
HK.01052,491,3.509999990463257,3.5399999618530273,-0.8474568280522494,1.9994548967290913,824664.9,2894573.791135383,1.717724037953234,3.7002641010284423,4.100646284818649,-1.6806706975212815,-9.474345778442471,-21.426861262382925,-22.10130698515269,-2.2759172647412647,0
HK.01053,491,0.9100000262260437,0.9049999713897705,0.5524922645682319,0.1478032738425156,1957650.0,1781461.5513414145,2.769063677264146,0.9150999987125397,1.1389250031113625,2.2471956014182424,-16.513761618394014,-25.409835665112578,-24.79338863330593,-43.47825974282336,1
HK.01055,491,3.424999952316284,3.5350000858306885,-3.1117434467771843,0.9450799465212975,11564098.5,39607036.81108081,3.5672230609634292,3.5302000045776367,4.657499998807907,0.4398787714969128,-15.847670568569121,-42.43697374606649,-41.552903169266365,-9.391534967207038,0
HK.01057,491,3.930000066757202,4.074999809265137,-3.558276056314295,0.9407854888239112,14650297.0,57575668.18801284,5.366893294677753,3.965,4.907350008487701,7.967031689430727,-15.301720262034358,-38.01261873545797,-20.606056198199347,-26.12782067768417,0
HK.01058,491,0.4300000071525574,0.4099999964237213,4.87805143982653,0.42718446601941745,52600.0,22618.000376224518,3.433705329324254,0.38429999828338623,0.38282500132918357,10.256416134580567,6.172840959723081,10.256416134580567,19.444441684970258,11.68831631272344,2
HK.01059,491,0.30000001192092896,0.2750000059604645,9.090911061310528,1.2888154980063635,19821.75,5946.5252362936735,3.1346274893289325,0.385,0.40635000079870226,-31.03448039616946,-26.82926474689796,-23.076917198752763,-30.23255652772732,-24.99999813735488,1
HK.01060,491,0.5350000262260437,0.5199999809265137,2.884624201870852,1.064264233975607,143224641.9,76625187.17271572,5.23707784780056,0.5173000007867813,0.7381249986588955,8.080812337848274,-7.758613513709325,-41.84782429121171,-39.887636536495926,-52.654864735961446,2
HK.01061,491,2.365000009536743,2.390000104904175,-1.0460290489583053,1.6821146584277378,463950.0,1097241.754424572,3.692523090592878,2.681599998474121,3.542205272912979,-16.725349260142632,-23.605826780155397,-41.925770819780084,-36.438443572695604,-55.53926795155917,0
HK.01063,490,0.3499999940395355,0.30000001192092896,16.666660043928623,0.20108020284970862,227251.35,79537.9711454764,9.808284431941445,0.31849999964237213,0.47929999709129334,42.85713764390872,-33.333331441122304,-29.292931178189953,-24.731184656405823,-33.333331441122304,1
HK.01064,491,0.05999999865889549,0.05999999865889549,0.0,,250.0,14.999999664723873,0.0,0.06541999965906144,0.06997000044211746,0.0,-6.250006548361542,-7.692306369719372,-9.090910630285256,50.0,0
HK.01065,491,3.6500000953674316,3.7049999237060547,-1.4844758291818683,2.3784804152902312,435400.0,1589210.0415229797,1.8997066092771722,3.7913000106811525,3.981510809659958,1.3888942238726676,-9.368350647377804,-11.44230275314694,-8.294515231833067,-1.5274453827013967,0
HK.01066,491,3.440000057220459,3.4200000762939453,0.5847947508874469,0.6404242949179485,15627242.25,53757714.234197974,3.1384727443294294,3.3172060585021974,4.3721878111362455,4.55927346828743,0.8384493708152749,-31.594970940059103,-30.511325545375385,-50.46287140814424,2
HK.01068,491,0.07900000363588333,0.07999999821186066,-1.2499932479111833,1.7312072892938497,213950.0,16902.05077789724,3.640056509648427,0.082260000705719,0.1096600003913045,0.0,-26.85185038268734,-30.701751232826002,-28.18181448731539,-53.529410114750334,0
HK.01069,490,0.2849999964237213,0.2849999964237213,0.0,0.0,17489.7,4984.564437451959,0.08771921569070334,0.28018000066280363,0.3734180651605129,1.785712575121809,-18.57142820650217,-32.14285587575156,-32.14285587575156,-28.75000195577738,0
HK.01070,491,16.350000381469727,16.549999237060547,-1.2084523553509372,0.5948081528517942,11244511.6,183847768.94944075,5.0364529873249015,14.343159942626952,12.142511339187623,12.525813365079596,13.273505192286002,38.25082512775177,62.28296207696832,64.32326875695014,0
HK.01071,491,4.025000095367432,4.079999923706055,-1.3480350335071607,1.1231508557505663,6193924.3,24930545.898198653,2.209526140855279,4.155608758926392,4.177947188615799,5.091388395451646,-1.6986803504547219,1.410605609444012,3.167721612394055,2.355469006018284,0
HK.01072,491,23.3799991607666,23.0,1.6521702642026153,0.6663665768122813,8870748.6,207398094.8233715,4.982457199255359,24.255443496704103,27.89701940536499,4.8430491509219165,-39.44425880425233,-15.11918667999238,-7.175971116220441,22.470890334485023,1
HK.01073,491,0.10499999672174454,0.10499999672174454,0.0,0.3194888178913738,31800.0,3338.9998957514763,0.3337904705972528,0.1022840003669262,0.10846135351806879,0.9615332262933276,2.8225817631083854,-1.8511748829017183,0.9006616637067273,-18.503195483460722,0
HK.01075,491,1.850000023841858,1.840000033378601,0.5434777327093245,1.3986013986013985,22260.0,41181.00053071976,0.5317560711695343,1.90694885969162,2.6362331062555313,2.209949299826521,-30.252373561085893,-35.65370455093333,-38.942975398452226,-17.625644191382897,1
HK.01079,491,0.22100000083446503,0.23499999940395355,-5.957446214892626,0.20255420857006856,1225437.5,270821.68852258474,8.58474534421074,0.24335999757051469,0.2944650012999773,-14.999996561270368,-22.45613908503523,-30.937498195562473,-25.084742149790117,61.313875679063344,0
HK.01080,491,0.05000000074505806,0.05000000074505806,0.0,0.6394402863651155,1864275.0,93213.75138899311,3.8225159455762214,0.06393999978899956,0.07874000050127507,-18.032786584900006,-23.076919109158116,-43.82022486019279,-42.528733122079394,-12.280700493130402,0
HK.01081,44,38.540000915527344,38.119998931884766,1.1017890750549713,0.7007229180290119,1910760.7,73640719.12735367,11.406535855391098,,,-15.110132995130462,,,-41.95783128031004,,1
HK.01082,491,1.0449999570846558,1.0499999523162842,-0.47619004368509765,5.314603198764855,575065.0,600942.9003208876,7.811369586809672,1.312699987888336,1.4404249954223634,-26.40845150234351,-30.33333619435628,-31.25000196067913,-29.391895701538605,-30.33333619435628,0
HK.01083,491,3.194999933242798,3.2850000858306885,-2.7397306008024653,1.9980534433640889,1884116.1,6019750.813721681,2.3364030269572336,3.2224999952316282,3.477563478946686,1.4285662385072788,-6.362837827403905,-7.914837585569661,-11.578703512477809,-18.472081703125923,0
HK.01084,490,0.6800000071525574,0.6800000071525574,0.0,0.4149377593360996,22700.0,15436.000162363052,3.3471979552420437,0.6822858870029449,0.6465214565396309,-8.108108325802206,6.4947126063394585,13.477962898493063,8.158687758190371,-2.504842494377271,0
HK.01085,491,1.850000023841858,1.8300000429153442,1.092895106966884,0.4005167958656331,120900.0,223665.00288248062,4.542368289613432,1.798399999141693,1.5849999994039536,3.9325872796185197,44.531255093170444,8.823527761809187,16.352200314787492,55.46217940215843,1
HK.01086,491,0.8949999809265137,0.8999999761581421,-0.5555550404536735,0.4184950430684219,1152150.0,1031174.2280244827,3.3997010128477827,0.8585853898525238,0.9788104039430618,6.547620103540367,3.0732359402198064,-15.332702785331334,-17.541413511941155,-16.818086887925844,0
HK.01087,491,1.5800000429153442,1.684999942779541,-6.231448274769144,0.01754286618999687,8063790.0,12740788.546060324,10.042196868439616,1.3161000037193298,1.0948499980568887,-14.130434007973678,107.89474509759633,46.29629445664684,39.82301323740045,216.00000858306885,0
HK.01088,491,42.97999954223633,42.84000015258789,0.32679595973339504,0.7547829171842662,10865745.9,467009753.8080563,2.5464981210203774,42.49321022033691,41.971372528076174,5.188445668666193,-7.424518226532663,8.81598936849354,11.669467583892725,31.941235939095737,2
HK.01090,491,0.7200000286102295,0.7200000286102295,0.0,6.578947368421052,10100.0,7272.000288963318,1.2676336562768602,0.7189999938011169,0.8024999961256981,-1.3698616715036243,-12.195117696277553,-18.181814487315386,-15.294116657085514,-16.27906783327278,0
HK.01091,491,0.4000000059604645,0.38999998569488525,2.5641078544558447,0.9798570316426449,1719928.15,687971.2702515706,3.350536557121312,0.4259999972581863,0.4958999973535538,-1.2345667202249964,-29.824559477227524,-32.20338580663828,-28.57142781116525,12.676061422336446,1
HK.01093,491,8.6899995803833,8.5,2.235289180980009,0.8446470746410434,86405867.05,750866948.4071553,4.460934067315795,7.69528603553772,8.293796200752258,7.15166397360474,5.771944098112115,-9.430760458084023,4.7740891436813415,-8.600979235996116,2
HK.01094,491,0.48500001430511475,0.49000000953674316,-1.020407170268328,1.0574435827230841,1780763.0,863670.080474019,7.326242607230146,0.2974999979138374,0.3526499996334314,86.5384738826192,18.2926874477051,61.66666501098216,38.571435018461685,1.041671905356266,0
HK.01097,491,0.0689999982714653,0.06800000369548798,1.4705801788708996,1.1488275469742224,3330952.95,229835.74779233226,6.3007736378584225,0.06448000073432922,0.07731000008061528,-5.479453033478419,27.77777126235253,-13.750000232830647,-39.47368575843087,53.33332339922626,1
HK.01098,491,0.5,0.5,0.0,0.0713436385255648,41150.0,20575.0,1.9947907832571559,0.5359000027179718,0.6331250020861625,-1.960782480441495,-23.07692025540133,-26.470589008710782,-24.242427252759718,-44.44444297272478,0
HK.01099,491,16.959999084472656,17.100000381469727,-0.8187210168064181,0.5384086705312688,4334110.0,73506501.63200378,2.1770323904910307,16.649831790924072,18.48972098827362,1.3747731531950997,-4.483933301888242,-14.311069857408432,-9.663974951146304,-8.221947073790927,0
HK.01100,491,1.4500000476837158,1.4500000476837158,0.0,6.074074074074074,17100.0,24795.00081539154,1.8299065900884859,1.4813000130653382,1.366190350651741,-0.6849308357518121,-5.749998585879828,20.640010410156805,18.74017208491397,11.505483472577502,0
HK.01101,490,0.019999999552965164,0.019999999552965164,0.0,,0.0,0.0,0.0,0.019999999552965164,0.019999999552965164,0.0,0.0,0.0,0.0,0.0,0
HK.01102,491,0.17800000309944153,0.16699999570846558,6.586830942306629,0.33745986372873715,30570757.5,5441594.929752275,15.761997444315265,0.08968000039458275,0.060285000205039976,97.77777336261909,217.85713858066177,235.8490664176392,313.953481521911,256.0000008940697,1
HK.01104,491,1.7100000381469727,1.690000057220459,1.1834307839851566,2.4474735882737555,2653641.75,4537727.493728399,5.292277371490792,1.5267265605926514,2.191362966299057,11.038966266556931,-27.234037976936097,-45.88607621200572,-35.22727385614853,34.658440508266494,3
HK.01105,490,0.18000000715255737,0.18000000715255737,0.0,6.102719033232629,43200.0,7776.0003089904785,0.4220424416664174,0.17717999905347825,0.202564999461174,3.448282949422888,-4.761898754885748,-13.461536808303157,-9.999997764825855,-18.181814487315386,0
HK.01107,490,0.013000000268220901,0.013000000268220901,0.0,,0.0,0.0,0.0,0.013000000268220901,0.016485000089742245,0.0,0.0,0.0,0.0,-38.09523598339549,0
HK.01108,491,2.4049999713897705,2.4149999618530273,-0.4140782865927606,0.5268082043900684,1253700.0,3015148.4641313553,3.354793183377965,2.5606999826431274,3.5501750099658964,3.218886272082882,-26.676829500984823,-44.83945188664006,-35.86666742960612,-51.70682806870324,0
HK.01109,491,32.81999969482422,32.86000061035156,-0.1217313292281031,0.5993239963061386,17534263.3,575474516.1549675,3.3693714823648087,33.21517547607422,30.46888264656067,1.9888110117435303,2.1352496094649154,19.869571871696028,22.031723607748354,12.98283425249234,0
HK.01110,491,0.46000000834465027,0.45500001311302185,1.0989000192372347,0.8883606922676966,2680000.0,1232800.0223636627,12.116543926892446,0.4126999986171722,0.4839249964058399,16.455695151977128,-3.1578917648653198,-14.814816654464272,-13.207540910156226,-19.298243137387765,2
HK.01111,491,0.27000001072883606,0.22300000488758087,21.076235341317105,23.290488431876607,168400.0,45468.00180673599,1.6280667717943693,0.2221200004220009,0.26595999784767627,27.358497130718117,-1.8181800448205245,-11.475408394405292,-6.8965453455194,8.000004291534424,1
HK.01112,491,15.119999885559082,14.920000076293945,1.3404812884881412,0.510938752313074,1777930.15,26882303.66453204,4.945989257358015,12.846200008392334,13.327849125862121,5.882354119716181,7.756176205701502,7.756176205701502,16.53083687084195,38.27136946353098,2
HK.01113,491,46.880001068115234,46.79999923706055,0.17094408623693882,1.0610220746879873,3347686.75,156939558.41571522,2.147210415833363,46.27160011291504,43.74322177886963,3.1236295913776093,-3.1526639160165946,9.66342417138793,19.67735552166184,32.04420946157862,1
HK.01114,491,2.180000066757202,2.125,2.588238435633042,2.0120350737608836,18839867.05,41070911.426696815,3.425477389154562,2.211600000858307,3.2750000005960462,9.547741523111327,-20.727270299738105,-44.94949379401261,-46.43734705624534,-10.779157708641048,2
HK.01115,491,0.4449999928474426,0.4449999928474426,0.0,0.908217043985548,3046900.0,1355870.478206873,4.866314054478538,0.4377999997138977,0.5260749983787537,-1.111110080907347,-14.423075159625828,-21.929824836586544,-20.535715901273846,-3.2608728750215663,0
HK.01116,491,0.22499999403953552,0.23000000417232513,-2.1739174096029172,5.2631578947368425,185100.0,41647.498896718025,2.6198586380913493,0.22449999868869783,0.2764549995213747,2.272725117600642,-8.163269526359606,-28.57142992300783,-31.818186333685034,-21.052632679679512,0
HK.01117,491,1.475000023841858,1.5850000381469727,-6.940063826983628,2.8600002181042963,33487048.1,49393396.74589344,6.300437877199147,1.1648999965190887,1.3334249982237816,43.20388978765237,13.46154445727218,-5.448712952273184,-8.950616080229324,18.951613911108712,0
HK.01118,490,1.1299999952316284,1.1299999952316284,0.0,0.0,10550.0,11921.49994969368,0.13196696129006075,1.1352747702598571,1.1050739160180092,-1.7391288122742863,3.6036062621688068,-4.03928556135051,0.9242016059285865,15.31490071421533,0
HK.01119,491,0.3100000023841858,0.3100000023841858,0.0,0.5632128162205291,2723675.0,844339.2564937472,5.486605795488293,0.30940000116825106,0.5241499988734722,6.896555622182589,-27.058825014371727,-45.61403398698716,-45.61403398698716,-72.80701699349358,0
HK.01120,491,0.6000000238418579,0.6000000238418579,0.0,0.7547169811320755,66000.0,39600.00157356262,3.1974153753152117,0.7598000037670135,0.8629000020027161,-29.411763880904594,-24.99999813735488,-39.99999761581421,-36.842101960961465,-47.82608380164445,0
HK.01121,491,0.38999998569488525,0.4300000071525574,-9.302330416818046,5.043905865823674,646400.0,252095.99075317383,5.725277079504186,0.5992999982833862,1.1233749958872794,-30.357145708130318,-66.66666666666666,-75.92592687981828,-69.7674420753728,-73.64864995481324,0
HK.01122,491,0.6100000143051147,0.6000000238418579,1.6666650109821552,2.0912303244458723,2014700.0,1228967.0288205147,4.928046442444682,0.7161000025272369,0.8924250003695487,-11.594200519873441,-40.77669599523904,-53.076920255401326,-36.458330422950226,-24.69135648029423,2
HK.01123,491,0.11500000208616257,0.11299999803304672,1.7699151220612817,10.34965034965035,344500.0,39617.500718683004,2.6862576289758544,0.11080000042915344,0.11617999967187644,6.481480651084145,2.678570121868877,-7.2580613180389735,-1.7093988247441299,-2.5423717041599243,1
HK.01124,491,0.12399999797344208,0.11999999731779099,3.3333339542150635,0.584972063290807,931989.45,115566.6899112694,8.872204602324476,0.12337999984622001,0.20606499966233968,3.3333339542150635,-31.4917116610399,-38.00000193715093,-48.11715405519216,-17.880792283921803,1
HK.01125,490,0.7200000286102295,0.7200000286102295,0.0,0.0,1020.0,734.4000291824341,0.20547965897652457,0.7734000086784363,0.9114999994635582,-1.3698616715036243,-24.99999534338702,-34.54545336321368,-24.21052235315376,-24.99999534338702,0
HK.01126,491,6.840000152587891,6.864999771118164,-0.36416051513140146,0.1537973680038053,304225.0,2080899.046421051,2.862404379943613,6.714799995422363,7.723299474716186,3.9513713054178266,-4.518467758012613,-20.5026286273933,-16.13259456607558,-49.59905222668613,0
HK.01127,490,1.1950000524520874,1.2000000476837158,-0.4166662527455388,1.8542964490223002,193800.8,231591.96616525648,0.5390041267766295,1.2307000184059143,1.2468000000715256,-2.0491783255629072,-7.364334279861281,-3.7830776094281267,-6.592329181865559,-8.477693303279922,0
HK.01128,491,5.75,5.809999942779541,-1.0327012628305925,0.48800950121784675,5912173.1,33994995.324999996,3.191546078506419,5.4178194904327395,5.679677917957306,10.789979510702604,7.088942453284444,1.462241095567218,-0.22879667576707038,-7.311070181212931,0
HK.01129,490,0.16300000250339508,0.16300000250339508,0.0,,0.0,0.0,0.0,0.1745800021290779,0.37239000007510187,0.0,-53.42856992020897,-45.666667991214275,-42.80701594779804,-40.727273101649004,0
HK.01130,491,0.6000000238418579,0.6000000238418579,0.0,0.8200653592091289,239880.0,143928.00571918488,1.2325524413667626,0.6148000049591065,0.5930249965190888,-4.761900256640573,-6.249994179233778,15.384624201870853,9.090911061310528,5.263163398397555,0
HK.01132,491,0.07699999958276749,0.07800000160932541,-1.282053853750646,0.1512161559341,766250.75,59001.307430295274,3.7904300938274766,0.06919999934732914,0.06781999984756112,6.944448468677964,20.31249363353739,20.31249363353739,18.461542164785758,57.14286040112862,0
HK.01133,491,17.729999542236328,17.229999542236328,2.901915341171876,0.8236038049789329,7061516.3,125200680.76649436,6.1370349190954725,16.49359998703003,18.324170107841493,20.36659941093614,-22.83585972495721,-5.4820097960613,2.5643668050576327,135.31044077676833,1
HK.01134,491,0.27000001072883606,0.2800000011920929,-3.571425150243618,0.48802328184463845,896000.0,241920.0096130371,7.1177545576261565,0.33100000441074373,0.2922450000792742,-15.6249947613104,-22.857138478026023,19.469033375502743,9.756098890644923,42.85715186767138,0
HK.01137,491,1.065000057220459,1.059999942779541,0.4717089349841497,1.3959659028348403,295189.95,314377.31364090444,2.0982224901459006,1.0642000079154967,1.2794000011682511,-2.2935757240897794,-2.2935757240897794,-22.82608254344941,-23.381290058931413,-36.982247268555525,1
HK.01138,491,14.729999542236328,14.359999656677246,2.576600935968937,0.5857406741260394,19612945.9,288898684.12890583,5.281341501218182,13.963940334320068,13.972967739105224,16.908559641552124,-19.006141270941143,18.90855122486665,58.13484815474309,130.29577129729356,1
HK.01141,491,0.6949999928474426,0.7649999856948853,-9.15032603351729,0.4195325694955898,27923846.65,19407073.222023085,23.632454567826894,3.0925999760627745,1.7987999942898751,-84.89130419008222,-71.280992936505,-38.495575594672374,-4.794524015282304,-0.7142850452539758,0
HK.01142,491,0.08799999952316284,0.09200000017881393,-4.3478267911701876,1.6141544981193183,10700518.0,941645.5788975954,8.421774688619822,0.08292000025510787,0.25759499963372945,3.529410114750335,-29.03225728922157,-49.13294618449723,-61.73913133617609,-98.17805381132096,0
HK.01145,490,0.14499999582767487,0.1459999978542328,-0.6849329049691699,0.0,64500.0,9352.499730885029,1.7418735352742383,0.1395600003004074,0.15264500074088574,27.19297872970346,-0.6849329049691699,-8.805030857119508,-10.493829999459143,-18.079098899006244,0
HK.01146,491,0.05999999865889549,0.05700000002980232,5.263155486885312,0.10258289063931122,533300.0,31997.999284788966,7.700549393563421,0.05392516195774078,0.04213161421008408,11.111105745466787,43.076916516885404,74.48402978880189,110.40721038112198,10.059168807676228,2
HK.01147,491,0.11699999868869781,0.11699999868869781,0.0,0.5654761904761905,689000.0,80612.9990965128,4.408289752840928,0.13526000067591668,0.1326950006186962,-19.863013419006165,1.7391274489167146,-25.949371326639948,-10.687022032447905,-19.310343410115422,0
HK.01148,491,0.23999999463558197,0.2409999966621399,-0.41493860597842014,0.09380863039399624,214200.0,51407.99885094166,4.21475442217376,0.2344199988245964,0.28519499868154524,3.448276526508396,-5.88235328491722,-30.434783923227837,-27.272731788230487,3.448276526508396,0
HK.01150,490,0.07100000232458115,0.07100000232458115,0.0,1.556420233463035,69250.0,4916.750160977244,1.1190439025042136,0.0876200008392334,0.1365949993953109,-21.11111166300595,-43.19999814033508,-56.1728382002488,-58.47953173058422,-52.66666699780357,0
HK.01152,491,0.23000000417232513,0.2240000069141388,2.678570121868877,6.724679153756107,6836811.1,1572466.5815253987,10.441343520057737,0.31659999877214434,0.28902499973773954,-19.298243137387765,-9.80391824580021,-26.984125106933572,-19.298243137387765,215.06850349677188,1
HK.01153,491,0.4000000059604645,0.4000000059604645,0.0,0.080393032603841,107600.0,43040.00064134598,2.2480871308462307,0.35080000162124636,0.38432500153779986,12.676061422336446,26.98412983746097,-2.439022085483674,-19.999998807907104,-18.367347311149377,0
HK.01156,491,0.2800000011920929,0.2800000011920929,0.0,0.45195499977081766,3415851.25,956438.354072012,10.289175449722006,0.2544999995827675,0.19841499991714953,13.360327159526708,27.272728504228205,14.285712547969572,55.55555003660718,174.50981022348236,0
HK.01157,491,7.255000114440918,7.349999904632568,-1.2925141690379314,0.4757534063032628,4611977.15,33459894.7510489,3.1677850833499415,7.325128288269043,7.828824124336243,3.9398294357588655,-6.488478047052991,-11.047300421984641,-2.5921643828986256,21.132635238881832,0
HK.01159,491,2.5,2.5799999237060547,-3.1007723283626447,0.7401696222050886,65150.0,162875.0,2.0554656319231084,2.61560001373291,2.4066500049829482,-9.74729179731632,-4.580148503841451,16.27906460965779,25.0,-29.775279770143054,0
HK.01161,491,1.3200000524520874,1.2999999523162842,1.53846929764635,0.7844983133286263,323075.0,426459.01694595814,1.8338165757558738,1.200780339241028,0.9809704157710075,7.317075770973953,33.87656715782713,52.279252449809086,50.65926062288758,59.12325137900453,1
HK.01162,490,0.18700000643730164,0.18799999356269836,-0.5319080636368377,0.9071729957805907,3142000.0,587554.0202260017,4.00706242984694,0.18692000061273575,0.19250500008463858,2.1857967992956877,-12.6168200546232,-1.058195343189913,0.537635485400107,-29.43395602571502,0
HK.01163,491,0.17900000512599945,0.18000000715255737,-0.5555566593452297,1.3445378151260505,61000.0,10919.000312685966,0.40710496764837945,0.17634000152349472,0.1635900006070733,0.0,-5.789469804129724,22.602745038882848,11.875005704350897,18.543055180285307,0
HK.01164,491,2.75,2.634999990463257,4.364326753432934,0.7671710374502703,43508643.25,119648768.9375,6.088646763144324,2.6624064350128176,3.5316474401950835,13.168721170853006,-29.67254664850425,-35.72397802486107,-14.695406983649715,27.36722044874491,1
HK.01165,490,0.024000000208616257,0.024000000208616257,0.0,,0.0,0.0,0.0,0.024000000208616257,0.023845000183209775,0.0,0.0,0.0,0.0,4.3478267911701876,0
HK.01166,490,0.1850000023841858,0.1850000023841858,0.0,0.0,667001.7,123395.31609025596,2.099616191901448,0.18672000050544738,0.46484999902546403,-5.1282004256688785,-47.14285556150939,-75.3333330154419,-77.71084263806142,-63.72548905027593,0
HK.01167,491,4.835000038146973,4.449999809265137,8.651690907497231,1.293094086051134,2796078.65,13519040.379411936,7.107910266266214,4.718700008392334,6.37672500371933,-3.299999237060547,-26.85325354787398,-28.687317278362684,-24.688473821046138,-37.93324695990295,1
HK.01168,491,5.550000190734863,5.550000190734863,0.0,0.3881160930361602,731914.05,4062123.1171015264,2.8390385612912943,3.8430000591278075,4.436050015687942,35.6968211168202,56.338035641764726,34.70874623535896,9.251973899360324,-48.895024252395274,0
HK.01170,491,0.41999998688697815,0.41999998688697815,0.0,8.832406671961875,159900.0,67157.9979032278,0.8805293287870783,0.4508000010251999,0.4771980755031109,0.0,-13.402067113599076,-14.285718630076067,-19.230768789906456,-19.05660063087424,0
HK.01171,491,12.289999961853027,12.319999694824219,-0.24350433209665304,0.7514689584851248,34123899.25,419382720.48077655,4.33299630710054,12.243542404174805,12.228528871536255,15.83412214456103,-21.23088984040987,14.116051260222251,30.15081720721795,41.011966376844576,0
HK.01172,490,0.017999999225139618,0.017999999225139618,0.0,0.0,232000.0,4175.999820232391,1.4542463914931045,0.018299999795854092,0.021594999944791197,-10.000001862645192,-10.000001862645192,-25.000003880510697,-30.76923517785825,-28.00000417232507,0
HK.01173,490,0.026000000536441803,0.026000000536441803,0.0,0.0,72000.0,1872.0000386238098,0.19230771986161407,0.027260000482201577,0.03216000004671514,-3.703704214717449,-13.333329608042952,-27.777773178653753,-18.75000218278718,8.333334626836898,0
HK.01176,491,0.014000000432133675,0.01600000075995922,-12.500001455191454,0.5146856229679837,1699200.0,23788.80073428154,7.202380029967685,0.01658000012859702,0.036510000075213614,0.0,-48.148147892641276,-68.18181702728606,-70.83333268658156,-81.08108074093406,0
HK.01177,491,5.09499979019165,4.929999828338623,3.346855326537227,0.9500789559456015,88817906.4,452527214.47326165,4.358991292612998,4.822793178558349,5.943045113086701,-1.8304482848057357,-5.270309698583734,-22.27307515455744,-18.973351494645563,-31.300642521287656,2
HK.01179,491,33.2400016784668,33.119998931884766,0.3623271450848511,0.4260528362161073,2051216.1,68182426.60689811,2.3745020477023706,33.501999893188476,36.55382222175598,3.293975647105655,-12.572326990387506,-15.393249513715915,-10.536537426345625,30.13671747529302,2
HK.01180,491,1.0499999523162842,1.0499999523162842,0.0,0.008602638482989223,930117.25,976623.0681485534,5.6892446552554325,0.8226999974250794,0.6627340346574784,38.15789019632202,55.39567152234879,69.964024629626,72.6618538624053,16.62538850135301,0
HK.01181,491,0.09799999743700027,0.10499999672174454,-6.666666193613915,0.45314832703960656,498650.0,48867.69872196019,6.3331595617855205,0.11314000010490417,0.1692099992185831,-2.9703029457602916,-32.41379292626443,-53.33333309680695,-53.33333309680695,-52.195122784478976,0
HK.01182,491,0.6449999809265137,0.6700000166893005,-3.7313485283658054,1.6078046653586222,49557.5,31964.5865547657,3.5354201128424934,0.7687000048160553,0.7394749975204468,-11.643840537820044,-19.37500358559186,-22.28915736193858,0.7812492724042223,43.333332891817435,0
HK.01183,491,0.13199999928474426,0.13300000131130219,-0.7518812155627725,0.8154121863799283,343450.0,45335.39975434542,3.2066400183025556,0.13992000192403795,0.15206000089645386,-6.382980971957283,-19.01840659051838,-10.810812443516545,-2.2222266373809187,-18.518519199870195,0
HK.01184,491,7.5,7.465000152587891,0.46885260142929774,0.1479031948938887,241802.45,1813518.375,3.993007937068036,6.971900043487548,5.248792130947113,10.782865895570971,33.425209297614586,71.92455521195605,72.30407890960319,71.26783236862985,1
HK.01186,491,4.59499979019165,4.635000228881836,-0.863008343363888,0.8768702710474917,5142355.85,23629124.051840805,1.8245464450794064,4.5703217315673825,4.928637318611145,3.530345199168656,-6.114119262304506,-9.553155798805882,-8.37851855478917,-13.361446201256438,0
HK.01187,65,32.540000915527344,32.36000061035156,0.5562432069862242,0.25995683735530706,409840.0,13336193.975219727,7.060357765096523,31.546800155639648,,10.006764704042748,,,-16.349615323589283,,1
HK.01188,490,0.012000000104308128,0.012000000104308128,0.0,,0.0,0.0,0.0,0.012000000104308128,0.012000000104308128,0.0,0.0,0.0,0.0,0.0,0
HK.01191,29,92.0,88.0,4.545454545454546,0.7517926677991489,379256.85,34891630.199999996,16.930143604382675,,,-28.293064838910365,,,-44.24242424242424,,1
HK.01193,491,15.760000228881836,15.880000114440918,-0.7556667801907433,0.6251133970114805,4308439.1,67901001.20212345,2.3989833007104826,16.154755382537843,19.122560029029845,5.488625646115963,-12.540408671506938,-24.642745714950436,-23.37029303137905,-17.704642098244143,0
HK.01195,491,0.012000000104308128,0.013000000268220901,-7.692308794464562,1.1784789577235295,2421488.85,29057.866452580973,4.358975003429977,0.013240000121295453,0.018114999788813292,-7.692308794464562,-36.84210268331689,-36.84210268331689,-36.84210268331689,-45.454544684857375,0
HK.01196,491,7.849999904632568,6.909999847412109,13.603474355683264,1.5594504165578804,25683930.65,201618853.1530895,19.974669479601634,10.027800025939941,12.081550006866456,-19.072164340307577,-34.364549501717136,-51.987769287581386,-41.59226079076491,-6.658739036147092,2
HK.01198,490,0.08299999684095383,0.0820000022649765,1.2195055467753797,0.01265022137887413,158200.0,13130.599500238895,7.922387482316065,0.08168000057339668,0.11207000020891428,29.687488904165164,-17.000004395842485,-33.60000252723694,-33.60000252723694,-69.81818362109912,3
HK.01199,491,5.074999809265137,5.119999885559082,-0.8789077597612388,1.2032154023160306,2607663.4,13233891.257627677,2.326833166189759,4.9601999950408935,5.474969179630279,5.729158491724392,-4.245290063631668,-10.745879614717047,-7.723012088900773,-5.860355501886942,0
HK.01200,491,2.0799999237060547,2.1449999809265137,-3.030305724869181,2.2900640579679807,811684.2,1688303.07407341,3.360441961936047,2.3328553676605224,2.5080634474754335,-7.1428609441737585,-25.505406356914932,-7.281397437571997,-5.24810358317538,19.355984170695237,0
HK.01201,491,2.305000066757202,2.299999952316284,0.2173962845469824,1.5375525210084033,240345.0,553995.2410447598,5.900453205777996,2.220999975204468,1.9730499854683876,8.215959761214291,15.82914852818461,-23.166664441426597,75.95421125488622,203.2894862738344,1
HK.01202,491,1.5049999952316284,1.465000033378601,2.7303727605233523,1.00664767331434,318000.0,478589.99848365784,4.954367701027865,1.498108286857605,1.2252913001179695,-0.9868411765204126,11.50538592656034,33.02398010001622,76.33409976113265,56.337451298776685,1
HK.01203,491,0.6800000071525574,0.6700000166893005,1.4925358528601556,0.6923301497268215,242370.0,164811.60173356533,3.3364384080532217,0.6734145522117615,0.7649063780903816,-1.449273985189887,-1.0582000486881644,-14.494745085671216,-19.465981819095653,-26.626294056112826,1
HK.01204,490,1.840000033378601,1.600000023841858,15.000000372529025,5.5,5100.0,9384.000170230865,1.3778428816691901,1.6434000039100647,1.8395999991893768,-7.0707062801138925,2.2222267845531776,-3.1578917648653198,-7.999998331069946,15.000000372529025,1
HK.01205,491,0.5099999904632568,0.5149999856948853,-0.9708728874782327,0.9569053821894937,3085465.0,1573587.1205747128,2.7157748632582366,0.4944000023603439,0.478274996727705,8.510636544000942,-5.5555610745039266,7.368420392192293,29.11391812932563,21.42857294909813,0
HK.01206,491,0.20399999618530273,0.2199999988079071,-7.272728504228204,3.883495145631068,80800.0,16483.19969177246,3.380266337127792,0.21967999905347824,0.30823999881744385,-10.132159515684688,-2.857141640721497,-47.692306751800444,-47.0129866912888,-40.8695661187848,0
HK.01208,491,9.279999732971191,9.204999923706055,0.8147725137073202,0.9768414304890078,46479478.25,431329545.7486403,4.899433909517271,8.107300052642822,8.445625,29.608937580149934,12.212807972209449,-11.53479565822712,1.754384313814067,130.8457655970529,6
HK.01209,491,39.959999084472656,39.34000015258789,1.5760013459074185,0.4807761392031512,5095141.1,203601833.691259,3.330271892480261,39.37740974426269,42.88969530105591,5.546747068849541,-12.584411208196206,-2.258419925287264,-5.07308773264641,10.032287197870797,1
HK.01211,491,90.1500015258789,89.8499984741211,0.33389321853379933,0.7137226397641683,20108828.3,1812810901.928637,3.421765584612214,86.37183273315429,95.8278592300415,6.183745471900509,-10.316513807077001,-9.055902860302421,-8.273092338301815,-29.399596621736922,1
HK.01213,490,0.4749999940395355,0.4749999940395355,0.0,0.0,6200.0,2944.9999630451202,1.094713909371637,0.498199999332428,0.4580904845893383,1.0638287753851585,5.555557027275219,-8.653843949532288,-13.636366591965793,66.46425698885211,0
HK.01215,491,0.017000000923871994,0.017000000923871994,0.0,1.08654602675059,2216100.0,37673.702047392726,7.886135768078149,0.019379999786615372,0.02214999998919666,-10.526308049950654,-14.999993480741832,-26.086952648563972,-26.086952648563972,13.333342025677558,0
HK.01216,491,0.2849999964237213,0.2849999964237213,0.0,2.880658436213992,96800.0,27587.999653816223,2.1216367299140506,0.28930000007152556,0.31545000106096266,3.636360089641049,-12.307690191550995,-13.636368151866849,-12.307690191550995,-25.0,0
HK.01218,490,2.299999952316284,2.299999952316284,0.0,0.0,1850.0,4254.999911785126,0.652173822904127,2.354200019836426,2.8423000144958497,-4.166672461562456,-20.962203282556732,-30.303030740897306,-27.899689308459074,43.74999487772592,0
HK.01220,490,0.0560000017285347,0.0560000017285347,0.0,,0.0,0.0,0.0,0.0560000017285347,0.0560000017285347,0.0,0.0,0.0,0.0,0.0,0
HK.01221,491,1.5499999523162842,1.5499999523162842,0.0,1.047574145169619,4687.4,7265.46977648735,0.28705812071829545,1.571800000667572,1.5839540326595307,-1.273891685835697,-3.1250044237821637,1.4857728915542752,1.4857728915542752,8.81796518770354,0
HK.01222,490,0.023000000044703484,0.023000000044703484,0.0,0.010095419180722322,45568976.4,1048086.4592370919,6.970555836938151,0.022019999884068966,0.022885000007227062,9.523811213283604,9.523811213283604,-4.166667313418449,-4.166667313418449,-4.166667313418449,0
HK.01223,491,1.2999999523162842,1.284999966621399,1.1673140921804177,1.0540941976905753,2835585.0,3686260.3647887707,2.8434260673600824,1.2936674237251282,1.403314917087555,3.576061496039674,-8.737177190064552,-9.995983109416649,-16.87526888342983,27.30518472705275,1
HK.01224,491,1.2300000190734863,1.2000000476837158,2.499997516473233,128.80415944540727,214200.0,263466.0040855408,0.20528435186847352,1.2184000301361084,1.2077500414848328,0.0,2.499997516473233,2.499997516473233,2.499997516473233,2.499997516473233,1
HK.01225,490,0.23999999463558197,0.23999999463558197,0.0,0.0,98658.0,23677.919470757246,0.0,0.2576599982380867,0.21703999929130077,-4.000002145767212,2.127657550770317,11.111105745466787,21.212119159619657,2.127657550770317,0
HK.01228,491,2.2750000953674316,2.1500000953674316,5.81395323048289,1.7581742706605408,3425309.8,7792580.121662998,9.004509459781332,2.0309000062942504,2.273924998641014,12.068971794611905,14.32161228466699,-1.5151449471464185,-3.6016865892675063,134.53608538825972,2
HK.01229,491,0.15000000596046448,0.15000000596046448,0.0,0.3225806451612903,29200.0,4380.000174045563,3.1893774847337535,0.15605999976396562,0.20491999953985215,10.294116035774179,-22.680411579277248,-30.875570973718126,-31.818178739429488,-41.176467150827804,0
HK.01231,490,0.30000001192092896,0.30000001192092896,0.0,0.0,7504.4,2251.3200894594193,0.16666749450892232,0.30700000524520876,0.3134100040048361,-1.6393426604503258,-10.447759866236506,1.6949238156632322,-1.6393426604503258,30.43478542555027,0
HK.01232,490,0.3400000035762787,0.30000001192092896,13.33333002196431,0.14999817189727999,161201.95,54808.6635765031,5.6413736234725995,0.3991000020503998,0.4040500012040138,1.4925358528601556,6.250003492459733,-5.555558315029741,-2.8571401810159034,-55.844154285930145,1
HK.01233,491,0.029999999329447746,0.029999999329447746,0.0,2.272085046826868,5600371.55,168011.14274465822,11.921502392772169,0.03199999995529652,0.07736499993130565,0.0,-44.444447127266606,-67.03296710044603,-72.72727318908558,-85.57692369688633,0
HK.01234,491,3.4149999618530273,3.4100000858306885,0.14662392658330034,0.6185798427149151,137860.8,470794.6267410278,1.2005579131384903,3.5034000158309935,3.385574266910553,-0.14620217337352523,-6.94822581163827,7.6701787866967965,6.703077770255452,-2.614976458990834,2
HK.01235,491,0.20000000298023224,0.1860000044107437,7.526880772847906,3.3707865168539324,20500.0,4100.000061094761,0.1571573392984777,0.19505999714136124,0.1807200001180172,-1.4778282092789605,9.890113758905592,14.285717934978315,11.111108351636926,32.911383881246394,1
HK.01236,62,39.7599983215332,37.13999938964844,7.054386039152723,2.7827886785569085,188585.4,7498155.187465668,7.726331400600765,36.00240001678467,,12.762337533214968,,,-33.733336130778,,1
HK.01237,491,0.6800000071525574,0.6899999976158142,-1.449273985189887,0.8994197642136049,14434.55,9815.494103243947,0.29411780174215607,0.7244000041484833,0.7634500008821488,-2.8571401810159034,-10.526313725600916,-21.839080066028245,-24.444441648177083,3.030300019967555,0
HK.01238,491,0.18299999833106995,0.18199999630451202,0.5494516741004631,3.6184519155590307,371850.0,68048.54937940836,4.988640673084501,0.2075199982523918,0.24096999764442445,-14.485982707550718,-22.12766008713819,-32.22222553359124,-28.23529343016556,-53.07692178372561,1
HK.01239,490,0.2549999952316284,0.2549999952316284,0.0,0.0,31318.75,7986.2811006605625,2.16128248547904,0.3411999988555908,0.3984999980032444,-31.08108325802206,-50.0,-58.87096882734784,-58.19672307350464,82.14285296140886,0
HK.01240,490,0.1720000058412552,0.1679999977350235,2.380957238190364,2.0338983050847457,8125.0,1397.5000474601984,0.9090909090909091,0.1711600026488304,0.18128000043332576,6.1728427993726065,1.1764729600463935,-4.972369459237667,-9.47368000022587,-12.690350991184413,1
HK.01241,490,0.14000000059604645,0.13500000536441803,3.70370002440479,0.0,54500.0,7630.000032484531,2.889140164831966,0.1273199997842312,0.17217500012367964,14.754097559733351,-29.292928608762107,-25.13369209803402,-11.949682057005097,12.000000476837158,2
HK.01243,491,0.032999999821186066,0.032999999821186066,0.0,0.2889662086453972,3440400.0,113533.19938480854,3.922963785115648,0.03300000056624412,0.0347350003104657,0.0,0.0,-5.7142866266017025,0.0,-2.941182271212952,0
HK.01244,491,2.240000009536743,2.240000009536743,0.0,0.287378640776699,177650.0,397936.0016942024,8.188767013688938,2.5616000175476072,4.090700002908707,1.8181800448205245,-37.95013643685206,-55.11021819075551,-55.11021819075551,-64.89028261196144,0
HK.01245,491,0.20499999821186066,0.19599999487400055,4.59183855777435,2.639333760409994,176700.0,36223.49968403578,3.552745037035701,0.18467000097036362,0.18205408707261087,9.042555974073881,21.481478276403244,8.250816642591376,7.717574582150864,14.280534345755068,3
HK.01247,491,1.0199999809265137,1.0299999713897705,-0.9708728874782327,0.8784403669724771,439880.0,448677.59160995483,5.6560291977341715,1.1377999949455262,2.1443000024557115,-8.928573519295567,-37.03703839974039,-62.90909160267223,-65.54054162901103,-47.422682946312804,0
HK.01250,491,1.2799999713897705,1.2999999523162842,-1.5384601277006635,0.04833252779120348,41130.0,52646.39882326126,2.6295182623696567,1.1997999954223633,1.5951499980688095,17.43118643971406,-17.419354144045744,-29.670333269209216,-27.683616656326215,-40.4651202505635,0
HK.01251,491,0.20900000631809235,0.19300000369548798,8.290156640540221,3.4341188676448793,1580500.0,330324.50998574495,9.50809408885945,0.23728000044822692,0.23218499928712844,-11.063826873109257,-21.132068830097964,7.17949435085496,10.582016505598776,-16.39999747276306,3
HK.01252,490,0.23999999463558197,0.23999999463558197,0.0,,0.0,0.0,0.0,0.23999999463558197,0.2638599954545498,0.0,0.0,-7.692306369719372,-9.433959399563019,-5.88235328491722,0
HK.01253,490,0.09799999743700027,0.09799999743700027,0.0,0.0,58500.0,5732.999850064516,0.15411312214966272,0.11113999903202057,0.16172999989241363,1.030922212868458,-35.94771289571836,-45.555559142872,-53.33333309680695,-42.352943290476134,0
HK.01255,491,2.4700000286102295,2.119999885559082,16.509441601165282,0.27713625866050806,38900.0,96083.00111293793,3.681565148980838,2.7343999910354615,1.7007999911904335,-11.78571176164,30.000003137086605,63.57616186821642,56.32911148867426,723.3333101537502,1
HK.01257,491,0.7699999809265137,0.7549999952316284,1.9867530847180164,1.2210528293202962,119512.05,92024.27622048855,2.366468825792304,0.7879999947547912,0.8569117692112923,4.054050135560291,-12.667610176521071,-15.454809972446231,-17.216167307922877,-12.292697141309958,1
HK.01258,491,16.1200008392334,15.960000038146973,1.0025112826065041,1.5956037330664434,14724258.35,237355056.95908937,4.9352411664308065,13.447943439483643,13.733452939987183,34.33334032694499,30.70835259129783,11.308389250232075,9.038290443206577,108.7382846682067,1
HK.01259,491,0.03700000047683716,0.03500000014901161,5.7142866266017025,2.6630395876583863,1554150.0,57503.55074107647,6.852217504860343,0.03320000004023314,0.0326150004286319,23.333337679505444,12.121214173713673,15.6249959982235,12.121214173713673,60.86956697792547,2
HK.01260,491,0.4050000011920929,0.4050000011920929,0.0,0.16252821670428894,658700.0,266773.5007852316,3.300515933350411,0.4500999933481216,0.45637499749660493,2.531643086491392,-27.678571523604344,-3.5714252769540553,-3.5714252769540553,-2.4096363046584477,0
HK.01262,491,3.174999952316284,3.174999952316284,0.0,1.5791190864600326,16535.0,52498.62421154976,2.9465984261680194,2.7943000268936156,2.9398750150203705,0.7936462283165878,-8.764369686365841,-10.563380423577811,64.507774020935,62.82050639371367,0
HK.01265,490,0.14300000667572021,0.1459999978542328,-2.0547885086325697,1.22,530500.0,75861.50354146957,3.319460533976224,0.15174000203609467,0.17960000075399876,-2.7210838151797825,-16.374266967455167,-26.288658526843594,-20.555555003660718,-36.72565966156034,0
HK.01268,491,0.35499998927116394,0.3700000047683716,-4.054058190241914,1.0939175502669252,2045220.35,726053.2023071662,10.048295221900688,0.542099996805191,1.1893749994039535,-30.392157664806845,-63.40206404119479,-75.34722394689359,-71.60000085830688,-83.93665234644872,0
HK.01269,490,0.052000001072883606,0.052000001072883606,0.0,1.1249988468761818,937889.8,48770.270606246595,12.280739417156,0.04,0.047000000048428775,33.33333333333333,48.571431004271204,4.000000596046439,-5.45454299154359,15.555553347976206,0
HK.01270,491,0.49000000953674316,0.49000000953674316,0.0,0.08121693082800281,334109.3,163713.56018631457,2.0502321866794504,0.49019999980926515,0.4968827152252197,0.0,-10.492237188871027,5.947953785356453,4.877774959775427,-12.009314504527955,0
HK.01271,491,0.36000001430511475,0.20200000703334808,78.21782265863115,25.287609494925533,47408.4,17067.024678182603,7.798161266523806,0.3330799987912178,0.6363949980586767,22.03390857879588,-24.99999534338702,-56.626503428452054,-71.65354175497853,-72.09302132164478,2
HK.01272,491,1.059999942779541,1.0700000524520874,-0.934589643208842,3.7771405161818925,145100.0,153805.9916973114,2.284767856829615,1.0232750928401948,1.062960163652897,0.9523800873701953,4.961565701874498,7.87716262681923,4.024405466545608,-12.400499041638295,0
HK.01273,491,0.7049999833106995,0.7049999833106995,0.0,0.9375,40800.0,28763.999319076538,0.3556236171003859,0.6798000013828278,0.6101690444350243,0.7142850452539758,19.491527906542338,17.499992549419698,17.499992549419698,81.63950800124913,0
HK.01274,491,3.0899999141693115,3.0350000858306885,1.8121853964814447,0.8041823093926529,135985.0,420193.6383283138,5.820234622587148,3.525699996948242,4.899174987077713,-1.2779616232937838,-11.206899504788172,-50.40128563869811,-49.83766248845837,-79.75098382815864,1
HK.01276,299,58.5,56.400001525878906,3.723401449124994,1.4894688368588391,3317920.5,194098349.25,4.149703025843417,56.81300010681152,66.37821172714233,-1.2658227848101267,-11.764709943781837,-19.858055215985846,-20.777361559748595,-28.234751932624242,1
HK.01277,491,1.899999976158142,1.899999976158142,0.0,1.2061127822469195,12027968.35,22853139.578230888,4.104031568084484,1.7242000007629394,1.734098922610283,21.019102718541184,-16.06645000377582,21.99036727712283,45.484804670599,50.693991927111796,0
HK.01278,491,0.06499999761581421,0.0689999982714653,-5.7971025447188715,2.116255426632833,337036.9,21907.397696441414,4.538057417151682,0.06804925344884395,0.07779634116217495,-1.5151545939038447,-16.64274471052777,-13.43669483960121,-9.974160846665676,-44.74518021884049,0
HK.01280,491,1.059999942779541,1.1200000047683716,-5.357148369051949,1.5428723435698874,676155.0,716724.2613101006,7.691718234153662,1.439199993610382,2.5945999997854234,-31.61290481360973,-37.27811201835569,-64.06779913065314,-68.35820976252228,-71.73333485921223,0
HK.01281,491,0.10400000214576721,0.10700000077486038,-2.8037370162318904,0.8154943934760448,152400.0,15849.600327014923,3.4263708284196794,0.09887999966740608,0.10446999985724688,5.050507787173788,0.0,8.333334626836898,-6.306305580659314,-11.86440549544719,0
HK.01282,491,0.08100000023841858,0.07999999821186066,1.2500025611371375,0.12642930184995815,1036850.0,83984.8502472043,8.236894595184054,0.08076000034809112,0.10987000051885844,5.194806074448718,-16.49484757802371,-20.588233575413902,-27.02702775267402,-52.352941537398365,1
HK.01283,491,1.5099999904632568,1.5299999713897705,-1.30718832029433,0.9720534629404617,205500.0,310304.9980401993,3.881232660813639,1.6176000046730041,1.6122357940673828,-4.430382946251475,-11.176473640653004,-13.714286259242467,-16.574583524880495,-3.715938409447375,0
HK.01284,491,0.47999998927116394,0.44999998807907104,6.6666671081825655,5.313432835820896,205750.0,98759.99779254198,2.819178119305258,0.437099996805191,0.37077857196331027,9.090907243657693,8.065308075620695,41.08526174324506,31.923887413932956,79.87416502012262,2
HK.01285,491,1.100000023841858,1.100000023841858,0.0,0.9328358208955224,28050.0,30855.000668764114,1.0851756098284888,1.0489586114883422,1.0062042897939683,8.910894478060415,3.7735927567532066,11.460516964734209,10.437943720562998,25.144779875322698,0
HK.01286,491,8.3149995803833,8.324999809265137,-0.12012287220362922,0.4377152658435005,3915266.35,32555438.05733886,6.42904432209085,8.30469988822937,7.319232532978058,0.18071553378012017,-22.794807549062423,21.72294986690471,65.98585231407425,173.27940352441334,0
HK.01288,491,5.860000133514404,5.934999942779541,-1.2636867731798498,0.8094183301563461,79594634.05,466424566.1600301,2.7544068938665283,5.761900024414063,5.594798517227173,6.7395332936577015,-0.17035353048776625,12.929674868356958,3.0507499311978186,18.651554239062012,0
HK.01289,491,2.049999952316284,2.049999952316284,0.0,0.4781704781704782,22175.0,45458.7489426136,1.946422289651619,2.0547716569900514,2.290292942523956,-0.4854364437391164,-1.881447845866315,-17.450071073990106,-22.591593355910987,2.6194057487861993,0
HK.01290,490,0.5799999833106995,0.5799999833106995,0.0,0.0,17600.0,10207.99970626831,4.246298215377293,0.5359999978542328,0.5420053732395173,11.538462420187086,13.487065384269092,7.514063262889128,13.487065384269092,-1.1564272952434682,0
HK.01292,491,1.8799999952316284,1.8799999952316284,0.0,3.4622467771639043,31850.0,59877.999848127365,0.5155522217456003,2.114656708240509,3.039040030837059,-7.389161491241287,-23.665667596746196,-47.49490716097713,-49.370090252102585,-38.813205523229016,0
HK.01293,490,0.0860000029206276,0.0860000029206276,0.0,,0.0,0.0,0.0,0.0860000029206276,0.0860000029206276,0.0,0.0,0.0,0.0,0.0,0
HK.01298,490,1.100000023841858,1.100000023841858,0.0,0.0,8050.0,8855.000191926956,0.04545450112051311,1.0214000117778779,1.0102000072598458,-8.333334989017844,15.78947764684624,12.244898207432918,12.244898207432918,13.402060968790517,0
HK.01299,491,74.1500015258789,73.1500015258789,1.3670539701167626,1.7917100696602155,26356173.55,1954310308.9488294,2.439516293566458,75.56199996948243,79.84453819274903,2.0646936937305913,-12.182209065853117,-9.168598748115892,-9.441205295221632,1.5406107007563787,1
HK.01300,491,1.6399999856948853,1.684999942779541,-2.670620689186776,0.5507279817668995,11137385.0,18265311.24067843,15.004207339517103,2.73970002412796,1.269075008481741,-25.791857131822386,7.1895435530757945,127.77776673988103,315.18985851894837,404.61539872299335,0
HK.01301,491,0.33500000834465027,0.3400000035762787,-1.4705868173635692,0.321285140562249,24700.0,8274.500206112862,6.016453046981564,0.34320000410079954,0.3631750014424324,0.0,0.0,-1.4705868173635692,-8.219178194041364,-50.0,0
HK.01302,491,1.440000057220459,1.3899999856948853,3.5971274849026575,0.9702924038278233,22160573.15,31911226.604038164,5.801745718283877,1.4878999924659728,1.7376749956607818,2.857148695965302,-30.769225478877487,-19.99999470180921,-8.860758347611412,-29.064035590374328,1
HK.01303,491,0.1899999976158142,0.1899999976158142,0.0,0.09442446043165467,223450.0,42455.499467253685,6.739128290971258,0.22962000072002411,0.23348499983549117,-12.844035693886942,-24.000000953674316,-12.037040422503098,-11.214955028086948,-26.92307515962583,0
HK.01304,267,111.30000305175781,107.4000015258789,3.6312862853537005,0.8157232552932813,227363.2,25305524.853857424,7.327946049650608,124.39623626708985,130.13840969085695,-15.681815869880445,-11.40239615285272,-18.495356547763777,-19.025761220835218,-28.39681524842109,1
HK.01305,490,0.8399999737739563,0.8399999737739563,0.0,0.0,36200.0,30407.999050617218,2.491261534095867,0.819599996805191,0.7524000015854836,-4.545457008456409,52.727264648626836,10.526313725600916,23.529406608594797,-1.1764764455773846,0
HK.01308,491,39.459999084472656,38.5,2.493504115513393,0.7881209418691424,4210308.45,166138767.58234748,3.255364334631024,35.13999992370606,31.045263271331788,17.72075938421774,18.641013457073583,49.658655730108094,48.34969919043146,68.7110549331811,1
HK.01310,491,6.025000095367432,6.114999771118164,-1.4717854312245615,1.127599622668245,784959.9,4729383.47235961,2.5774482017188527,6.08540002822876,6.655512664318085,-0.08292063460934583,-13.567486272410967,-6.767954690227457,-1.3977881237289749,26.825034254883633,0
HK.01312,491,0.029999999329447746,0.028999999165534973,3.448276526508396,1.7385705086928525,1011300.0,30338.999321870506,7.119111176914863,0.02861999984830618,0.029359999699518084,7.142851440882373,3.448276526508396,0.0,7.142851440882373,-6.250006548361542,1
HK.01313,491,1.0800000429153442,1.0850000381469727,-0.460829037404248,0.2968132322584417,7437872.1,8032902.187198841,3.0366030433979403,1.1076687836647034,1.4695825815200805,4.854376011108917,-16.55359423334735,-34.04235801651311,-31.156716035132526,-44.22882974689938,0
HK.01314,491,0.18400000035762787,0.18700000643730164,-1.6042812708028569,0.11695906432748537,490600.0,90270.40017545223,3.4337738583315667,0.1653200003504753,0.16362500056624413,-5.154641788385083,23.489929865536524,10.17964376408695,6.358386033632009,-10.243901481662448,0
HK.01315,491,0.09399999678134918,0.09600000083446503,-2.083337537219918,0.15309832740077314,130635.0,12279.68957953155,2.8372987229289097,0.10247999921441078,0.11725499976426362,-10.476190746506333,-21.008407886095025,-22.950823176166594,-30.370375521388848,-34.26573958523505,0
HK.01316,491,4.460000038146973,4.440000057220459,0.4504500150622546,0.7360864114276716,8287926.15,36964150.94515929,4.101162821037413,4.209960217475891,5.595692135095597,12.911392007762668,-4.195956405376369,-37.84986246406115,-30.664335042268725,-23.79942085168563,1
HK.01317,491,0.17499999701976776,0.17499999701976776,0.0,0.419947139153859,229200.2,40110.03431693018,4.897392317282419,0.18273999959230422,0.293994996920228,-3.84615353125187,-31.372548905027593,-53.94736862743991,-55.128204246479584,-53.33333412806193,0
HK.01318,406,54.099998474121094,53.70000076293945,0.744874684355117,0.6841314575945188,2708359.35,146522236.7023716,5.8715194360182945,56.54400016784668,75.20119216918945,6.81144490485249,-23.58757607034043,-38.670460088634265,-33.593630378196295,-45.64661752859878,2
HK.01319,491,0.27000001072883606,0.2750000059604645,-1.8181800448205245,0.18867924528301888,214000.0,57780.00229597092,0.7098138507694933,0.27964864432811737,0.2667713466286659,-4.761896251960935,0.3401378626570027,4.056441826024216,4.056441826024216,36.0853689366195,0
HK.01321,491,0.7900000214576721,0.800000011920929,-1.2499987892806712,6.3059701492537314,68500.0,54115.00146985054,4.79632448768177,0.7355999970436096,0.6892749986052513,21.53846929764635,5.333336194356283,41.07143180254769,31.666665010982154,14.492757128607561,0
HK.01323,491,0.20999999344348907,0.20600000023841858,1.9417442720587457,0.13320468439873281,4285080.0,899866.7719048262,7.794257414607804,0.18878000020980834,0.1421450002864003,5.527634390502074,53.28467288251771,82.60868663823913,77.96609505981048,27.272718241720845,2
HK.01326,490,0.027000000700354576,0.027000000700354576,0.0,,0.0,0.0,0.0,0.027000000700354576,0.027000000700354576,0.0,0.0,0.0,0.0,-35.71428318007459,0
HK.01327,490,1.659999966621399,1.659999966621399,0.0,0.0,236277.6,392220.80811338424,1.9264928276700257,1.1420000004768371,0.8066499969363212,21.16788035355213,115.5844165897225,137.14285641300435,127.39724976011173,167.74192804104337,0
HK.01328,491,3.5850000381469727,3.7750000953674316,-5.0331139714041715,1.5114235500878734,91100.0,326593.5034751892,5.124161379182713,4.346400003433228,3.883949999809265,-14.234445325997495,-30.388350062910096,4.8245601804731,17.54098669491419,-68.3303875018113,0
HK.01330,491,5.5,5.519999980926514,-0.36231849629747176,0.8713526746411275,741064.25,4075853.375,2.9351792604350093,5.562080812454224,5.398713116645813,6.796114527209484,-10.880244045341117,9.150478392402423,9.988493215841505,12.331406757471248,0
HK.01332,491,0.13600000739097595,0.13500000536441803,0.7407422124603064,1.2000246952450442,1130640.6,153767.1299565375,5.127613707024957,0.13852000072598458,0.176284999884665,-22.727268109144234,-9.933765815708352,34.65346797589346,-46.666662770938174,33.33334307265456,1
HK.01333,311,10.84000015258789,11.050000190734863,-1.9004528011053992,0.5522995504041855,1851699.1,20072418.526546862,9.040503324334374,14.814599914550781,21.525600018501283,-32.62896177882011,-55.82722189008138,-46.600982463103136,-61.28571374075753,-62.55613172050485,0
HK.01334,491,1.2100000381469727,1.2200000286102295,-0.8196713302251629,1.0835734870317002,654750.0,792247.5249767303,8.013398053699378,1.182349170446396,1.248513917028904,0.8333325054910776,-30.292292277168432,20.16280707602995,7.838422171532749,30.073133504671674,0
HK.01335,491,0.10400000214576721,0.10400000214576721,0.0,0.7525951557093425,239900.0,24949.600514769554,4.383995291259756,0.10866000056266785,0.12259499989449978,0.9708757528160663,-16.79999828338623,-19.37983905127883,-22.96296443468253,-16.129029156886276,0
HK.01336,491,48.459999084472656,47.959999084472656,1.0425354661065414,0.41152570432711755,9642378.5,467269653.2821388,3.6720297574734313,46.942977294921874,49.30731798171997,6.975717219939533,-0.14160266484046863,-12.709405383535838,-9.29233371401022,4.977999942980413,1
HK.01338,491,0.028999999165534973,0.029999999329447746,-3.3333339542150635,0.057666214382632294,1773900.0,51443.09851974249,7.143044442537519,0.03019999984651804,0.0342149995546788,-6.451614066167647,-6.451614066167647,-23.684210268331686,-19.444443294663436,-44.23077198616141,0
HK.01339,491,5.320000171661377,5.394999980926514,-1.3901725584854698,0.49498061117459274,34270285.9,182317926.87088445,3.061454895134553,5.078656721115112,5.938499538898468,7.474755083903113,4.274479716390512,-14.212749263701369,-21.198286779398128,-11.561691687534676,0
HK.01340,490,0.5600000023841858,0.5600000023841858,0.0,0.0,455931.25,255321.5010870248,6.192023988189982,0.5857200008630753,0.43187000185251234,11.111109797075754,37.25490511174118,45.83333268658155,62.79069283899599,75.00000465661297,0
HK.01341,490,0.01600000075995922,0.01600000075995922,0.0,,0.0,0.0,0.0,0.019480000399053097,0.06716000014916063,0.0,-15.7894669766239,-83.15789372554445,-80.24691270016766,-92.34449747546532,0
HK.01343,491,0.13300000131130219,0.12999999523162842,2.3076970690102603,0.2065613608748481,412750.0,54895.75054123998,2.7724764469315426,0.12330000013113022,0.12022999960929155,10.833336903403284,-0.746270150483932,10.833336903403284,9.016393292450003,87.32393937578198,1
HK.01345,491,2.234999895095825,2.25,-0.6666713290744358,0.6651884700665188,46300.0,103480.4951429367,2.138330033785132,2.260346522331238,2.179371003508568,1.590902120614006,8.005185114008219,-1.7291875017034934,1.7648762540310177,7.807269502159533,0
HK.01346,490,1.3700000047683716,1.3899999856948853,-1.4388475634778752,0.44543429844098,91800.0,125766.00043773651,1.12341128370403,1.3683999967575073,1.4007277262210847,0.7352934086817846,-5.517244157552911,-0.36130363741632826,-1.7262142515888776,-1.1533407428521394,0
HK.01347,491,141.1999969482422,136.6999969482422,3.2918801027507008,0.6224594962361713,44134583.6,6231803069.63194,10.268565725039789,159.30800079345704,109.14500030517578,-23.881403262403133,18.655459620371587,28.597443555336667,73.67772650432792,233.41204730981414,1
HK.01348,491,0.2160000056028366,0.2150000035762787,0.46511721391815564,1.3646402417761245,862500.0,186300.00483244658,5.6019732699400935,0.26673999905586243,0.20402499951422215,-25.517237304081842,-9.243697215924708,38.46153919630971,66.15385655820761,187.99999602635717,1
HK.01349,491,2.5399999618530273,2.4700000286102295,2.834005361618721,1.8761814744801513,1062200.0,2697987.9594802856,3.5949553814500836,2.3848000144958497,2.8514499938488007,4.526744529790008,-7.299271787868723,-19.620256554982905,-9.929077234685982,-41.33949176426228,1
HK.01351,491,0.23000000417232513,0.2329999953508377,-1.2875498877136726,2.387267904509284,35000.0,8050.00014603138,0.9625981678531386,0.24687999874353408,0.36802000023424625,-9.80391824580021,-30.30303180819804,-39.47368235304082,-36.1111124908482,-31.34328404681722,0
HK.01354,491,1.9049999713897705,1.8899999856948853,0.7936500427734288,0.9829179501540185,107220.0,204254.0969324112,4.679152550696316,1.9578999972343445,2.9728249961137774,-3.299495242460194,-24.703557591610455,-39.9053651248832,-39.52381226301005,-68.821605077543,1
HK.01355,491,0.13099999725818634,0.1420000046491623,-7.74648382452771,1.8891974020693567,644637.6,84447.52383252382,5.9806175436528966,0.14128478065133096,0.14018619522452355,-12.666671964857104,-10.273973161987668,9.1666668218871,4.799997806549072,21.296290611268383,0
HK.01357,491,4.75,4.730000019073486,0.42283257602251073,0.6626488571375022,74923556.4,355886892.90000004,6.827825923919704,4.369061198234558,5.982151206731796,17.8659988264837,14.555955419938485,-42.03025666559357,-35.3984528789031,-55.66671063736687,1
HK.01358,491,1.0099999904632568,1.0149999856948853,-0.4926103745908273,0.6039387308533917,342400.0,345823.99673461914,1.6510849376238128,1.0883972263336181,1.2035375088453293,-6.481486080605124,-12.806902425580418,-18.342971712674615,-20.855499180530394,-27.413777401693256,0
HK.01359,491,0.9449999928474426,0.9300000071525574,1.6129016752173695,0.9300400233261168,44104647.3,41678891.383038975,2.8475705501826996,0.9776160597801209,1.1369964241981507,0.5319143876925793,-13.499330340726393,-20.53190123230554,-25.384912385163982,-33.95556866722248,1
HK.01361,491,4.630000114440918,4.579999923706055,1.0917072394709566,1.6992167577367145,2814306.1,13030237.565071775,3.1109865680647144,4.4979580307006835,5.395120794773102,9.456266987323685,-9.056353078660644,-17.45358035163748,-11.930035371969849,-18.334857049619885,1
HK.01362,490,0.8399999737739563,0.8399999737739563,0.0,0.0,200.0,167.99999475479126,0.0,0.839078551530838,0.6654297497868538,2.439022085483674,-4.480843553694692,60.400090233765546,54.56735520176432,123.71591465597366,0
HK.01364,366,22.959999084472656,23.15999984741211,-0.863561158277819,0.4108563235861345,3979030.7,91358541.22908859,4.033753985925957,21.705691986083984,24.395023231506347,15.779517416866787,-7.9818884652902895,-22.375094156290317,-5.35708683868043,0.25047519999040607,0
HK.01368,491,3.6050000190734863,3.619999885559082,-0.41436096574017117,1.0810287599060018,9210943.3,33205450.772184804,2.7233320031948773,3.921200008392334,4.755639991760254,-0.41436096574017117,-13.078120471161853,-27.45103119519111,-31.11238049140872,-33.84023627058754,0
HK.01370,491,0.0989999994635582,0.0949999988079071,4.210527058783669,0.027303754266211604,73250.0,7251.749960705638,0.9559143683641977,0.13766000047326088,0.23099500026553868,-6.6037729881165355,-56.9565227531981,-67.00000149011606,-69.06249947613105,-67.00000149011606,1
HK.01371,490,0.9100000262260437,0.9200000166893005,-1.086955465418649,0.0,9142.65,8319.811739775538,0.8859963771395221,1.3099999928474426,1.9611499935388566,-18.749998004308775,-49.44444164817708,-50.81081002711206,-60.0877176471474,-75.40540501355602,0
HK.01372,491,1.225000023841858,1.2000000476837158,2.083331263727694,0.793410298542498,2395650.0,2934671.307116747,8.826861002454578,0.9968999969959259,1.225524994134903,36.11111736591968,25.0,-10.583940176776064,-21.47435456573124,-23.43749965075404,1
HK.01373,491,0.6499999761581421,0.6499999761581421,0.0,1.1272073370990747,775900.65,504335.40400108695,3.3692542806078545,0.6815999960899353,0.7197159916162491,3.174600171093715,-7.142858967489158,-7.142858967489158,-9.722221647331718,-19.8023546736248,0
HK.01375,491,1.7300000190734863,1.7400000095367432,-0.5747120924395414,0.4588837866345937,7350421.9,12716230.027198173,2.7278485994436434,1.7107565236091613,2.020584365129471,3.3493944689103827,-8.492716451798286,-21.565184117053178,-18.66019354135025,-40.254278143180514,0
HK.01376,490,0.09600000083446503,0.09600000083446503,0.0,,0.0,0.0,0.0,0.09600000083446503,0.13180500090122224,0.0,0.0,-31.4285711244661,-33.79310096770199,-17.241376209627486,0
HK.01377,22,390.0,374.0,4.27807486631016,1.3519975271415143,356604.3,139075677.0,12.34412312724555,,,1.0362694300518136,,,4.501604298889739,,6
HK.01378,491,24.18000030517578,23.559999465942383,2.631582569132282,0.813859215861668,50510283.35,1221338666.8175151,4.390160617748617,23.721599960327147,29.93753706932068,16.586309411864352,-22.87157355196099,-28.764824221013015,-24.912010361993357,19.648399954395508,1
HK.01379,490,1.7400000095367432,1.7400000095367432,0.0,0.0,9675.0,16834.50009226799,0.6771611116028279,2.070200016498566,2.8893469685316084,1.1627895694091224,-34.143594270291864,-45.99386359243432,-42.78724774818669,-20.74423276889537,0
HK.01380,491,0.5,0.47999998927116394,4.166668994973155,0.9912002018444048,1038320.2,519160.1,6.978398649122809,0.5749999946355819,0.5724899988621474,-15.254233521108176,-15.254233521108176,-38.271605119965386,-28.571427355007227,184.09091063028526,2
HK.01382,491,0.9750000238418579,0.9950000047683716,-2.0100483246901604,1.685314334133573,494378.75,482019.2930369079,2.414517890331601,0.9940000033378601,1.18065276324749,4.838711434753648,-23.228343426386665,-23.828121434780687,-22.619045141152313,-30.48225833705335,0
HK.01384,190,36.619998931884766,36.02000045776367,1.6657369974901581,0.9428006128160209,4735209.35,173403361.33925074,10.656931781781072,41.65279987335205,,7.01343549260203,-20.183090498369232,-52.53402695060079,-44.43095890141352,,1
HK.01385,491,26.979999542236328,26.579999923706055,1.5048894645538486,0.3230737708186734,5185803.35,139912972.00912762,6.5514208504690306,28.15454345703125,39.659451751708986,-14.72819196367212,-34.13560681351199,-44.65018735595942,-42.752075715778645,-19.03018872763058,1
HK.01388,490,0.27000001072883606,0.27000001072883606,0.0,0.13479359730412804,59750.0,16132.500641047955,2.290691019810696,0.2892000037431717,0.35230000242590903,-1.8181800448205245,-20.588232973867658,-25.0,-27.027025067780148,-39.99999602635691,0
HK.01389,491,0.4749999940395355,0.4749999940395355,0.0,0.128068303094984,91900.0,43652.499452233315,3.4752650418119293,0.505599992275238,0.4365399993956089,-18.103446946983208,-2.0618597877583125,69.64285429186968,31.94443754575898,63.793106106033584,0
HK.01392,34,22.0,21.34000015258789,3.092782768007954,1.7692832021778626,504376.75,11096288.5,11.361914987380358,,,33.49514933915229,,,-17.6029986091357,,8
HK.01393,491,0.03799999877810478,0.03999999910593033,-5.000000931322596,5.443786982248521,96750.0,3676.4998817816377,5.510297143199971,0.044300000220537185,0.057524999901652336,-5.000000931322596,-38.70967838847304,-37.70492073589995,-39.6825425921894,-47.94520638822996,0
HK.01395,490,0.12200000137090683,0.12600000202655792,-3.1746036439015164,1.7989417989417988,51500.0,6283.000070601702,2.9492731902374247,0.1326199999451637,0.1540850005298853,-1.6129005122754927,-23.749997438862863,-32.59668219461016,-23.749997438862863,-15.862065599024127,0
HK.01396,491,10.020000457763672,10.3100004196167,-2.812802619302016,1.533561917531611,4223823.25,42322710.89851284,7.492074452051105,11.858000030517578,8.365950028896332,-9.239125974762702,-26.754384252662337,76.09842455183383,93.81045086843389,182.2535378127506,0
HK.01397,491,0.925000011920929,0.9100000262260437,1.6483500288558521,0.32378580323785805,163200.0,150960.0019454956,1.6178889627882325,0.9459874999523162,1.068715619146824,-0.5376338917391232,-10.303029147061435,-21.066665649414062,-14.202897445015287,38.96714291880228,1
HK.01398,491,7.139999866485596,7.199999809265137,-0.8333325606805102,1.061309905494531,180252113.8,1287000068.4657464,2.2963902487871843,6.927199974060058,6.446842958927155,7.207207658720908,3.4782575043628876,19.399475935092884,15.821255973254855,24.029696889124132,0
HK.01399,490,0.36500000953674316,0.3499999940395355,4.285718786473254,0.05830903790087463,134600.0,49129.00128364563,5.56622928303335,0.3981000018119812,0.25983999997377394,1.3888875091517963,15.87301977757817,86.22449953194386,94.14894789079604,73.80953377742107,1
HK.01400,491,0.017999999225139618,0.017999999225139618,0.0,0.0521227956203584,10530000.0,189539.99184072018,5.347216481401636,0.018259999305009843,0.01840499962680042,0.0,0.0,-5.263158926673246,0.0,-10.000001862645192,0
HK.01401,491,0.27000001072883606,0.25,8.000004291534424,0.9285290041575925,4134100.0,1116207.0443540812,8.462920932953208,0.25689999997615814,0.6213000017404556,10.204083866896262,-43.15789176486532,-62.5,-59.09090909090909,-64.69914443606011,4
HK.01402,491,0.28999999165534973,0.2800000011920929,3.571425150243618,0.6543385490753911,359000.0,104109.99700427055,4.861884284550572,0.2707999983429909,0.2537049999833107,5.454540134461573,7.40740004880958,30.63062518827818,20.83333255723117,9.433965022643019,1
HK.01405,491,37.279998779296875,37.380001068115234,-0.26752885489792116,0.4231116585251839,330587.2,12324290.412451172,5.2962032735102,35.67119968414307,58.4334498500824,7.621245485464286,-24.686871152935606,-45.37729116586539,-48.365650477767076,-57.51567090678419,0
HK.01406,490,0.35499998927116394,0.35499998927116394,0.0,,0.0,0.0,0.0,0.35499998927116394,0.35499998927116394,0.0,0.0,0.0,0.0,0.0,0
HK.01407,491,0.6000000238418579,0.6100000143051147,-1.6393426604503258,0.897887323943662,105500.0,63300.00251531601,3.078739810724124,0.5678320550918579,0.5736131754517555,7.1428609441737585,1.9332145670405616,3.660914494906457,0.26218109210481627,5.448168833053031,0
HK.01408,491,0.33500000834465027,0.33500000834465027,0.0,1.792717086834734,38900.0,13031.500324606895,1.6206927399955207,0.3462999993562698,0.3279690979421139,-1.4705868173635692,-23.49851492014897,24.669077369406033,42.629888917741496,122.91824531976663,0
HK.01410,491,0.7699999809265137,0.7799999713897705,-1.2820501064172196,0.8926417370325693,1663000.0,1280509.9682807922,5.303729414493653,0.8112999939918518,0.6491499972343445,-2.5316506313829312,-8.333332742017395,32.75862122120672,57.14285019187829,263.2075424618082,0
HK.01412,490,1.1150000095367432,1.1150000095367432,0.0,0.0,133200.0,148518.0012702942,0.9967458471847743,1.0398571062088013,1.2507738053798676,8.252431117282732,0.9267310168726681,-13.277775887353895,-26.367928204522645,-24.053138536205598,0
HK.01413,491,0.17800000309944153,0.17800000309944153,0.0,0.491273432449903,227200.0,40441.600704193115,2.2856712068565237,0.17868000030517578,0.3288757299631834,1.1363659454278836,-45.230766268171394,-54.936709300082285,-53.76623181593837,-51.23287713735719,0
HK.01415,491,22.520000457763672,22.559999465942383,-0.17730057236524002,0.656828105162035,4189642.25,94350745.38786602,5.433723305320096,24.049150657653808,27.47999189376831,-3.1814263277577695,-30.78744268272795,-26.833712509760854,-19.153848471402828,-21.654246127142645,0
HK.01416,491,0.18700000643730164,0.1899999976158142,-1.5789427453460534,0.05573248407643312,1240000.0,231880.00798225403,4.517202336733322,0.19262000054121017,0.198019999563694,1.0810832580220602,-6.499998174607781,13.333332731266237,1.0810832580220602,120.0000052592333,0
HK.01417,491,7.179999828338623,7.550000190734863,-4.900666927800793,0.9812979014203906,2958750.0,21243824.4920969,14.356299353067255,3.6996999835968016,1.1425749957561493,95.64031823097837,3163.636303292818,3402.43897120347,3402.43897120347,3302.843593595184,0
HK.01418,490,0.13500000536441803,0.13500000536441803,0.0,0.0,25500.0,3442.5001367926598,3.3918744170080104,0.1542733383178711,0.18896233849227428,-8.163261582383706,-6.896554913446868,-33.812710444813185,-40.06215484553812,-55.40486939982594,0
HK.01419,490,0.7350000143051147,0.7350000143051147,0.0,0.0,11000.0,8085.000157356262,0.4036529768681765,0.7585999989509582,0.7986897653341294,-3.2894705884013753,-9.259257760285571,-6.962026032742867,-8.124999580904847,-18.004031424202935,0
HK.01420,490,0.1850000023841858,0.1899999976158142,-2.6315764707211,0.0,105000.0,19425.000250339508,1.1639126614515696,0.19731999725103377,0.21387999929487705,1.0928983996478439,-12.322271869220062,-15.137611543396694,7.558137268279371,20.91503649908022,0
HK.01421,491,0.800000011920929,0.7200000286102295,11.111108351636926,0.6626109166657466,6965375.0,5572300.0830337405,10.965583013256797,0.45649999856948853,0.4534249986708164,61.61616246756966,116.21621665160443,102.53164308649139,102.53164308649139,45.45454446934474,3
HK.01425,491,0.5849999785423279,0.5899999737739563,-0.847456856590309,5.364151766245094,698500.0,408622.485011816,1.918014299753239,0.6026833832263947,0.5996702292561531,-2.5000074505803007,-8.457316501599836,-1.3055456477906735,0.26103475307989954,-12.271599071969556,0
HK.01427,491,0.22300000488758087,0.22200000286102295,0.45045135750919174,0.6900212314225053,137350.0,30629.050671309233,9.1778999618436,0.2245999988913536,0.22189499966800214,9.313729930180754,31.176472083507512,1.3636391345134602,-10.799998044967651,-10.080641720920713,1
HK.01428,491,6.889999866485596,6.989999771118164,-1.430613847024086,0.7680769521845985,11487450.8,79148534.47825986,5.844591214472864,7.390799980163575,9.055950028896332,-2.26950808397907,-45.36082431344712,-25.51351495691248,-18.74999718846,-53.943851277295664,0
HK.01429,491,0.13600000739097595,0.14100000262260437,-3.5460958429988323,0.8469365948282948,1535975.0,208892.6113523543,10.336839102207636,0.1889999997615814,0.18049499951303005,-26.881718190367778,-49.62962889376985,-26.086952648563972,41.66667313418449,216.27907621467202,0
HK.01431,491,0.28999999165534973,0.29499998688697815,-1.694913713180618,0.7590291974629134,980650.0,284388.4918168187,6.0861822179535725,0.2564399987459183,0.2847199995815754,20.83333255723117,-9.375000582076622,-4.918037752603991,11.538462420187086,-12.121218141883071,0
HK.01432,491,0.41999998688697815,0.4000000059604645,4.999995157122685,1.658057250721966,10047266.05,4219851.609249981,3.4420722849740835,0.3401000028848648,0.33932500183582304,29.23076993614967,33.3333301796484,21.739127054556995,23.529406608594797,39.99999006589293,2
HK.01433,490,0.08100000023841858,0.08100000023841858,0.0,,0.0,0.0,0.0,0.08100000023841858,0.08789000019431115,0.0,0.0,-13.82978402985432,-14.736840784384587,-15.625000485063836,0
HK.01440,491,13.300000190734863,13.300000190734863,0.0,1.2481142291814962,1806231.7,24022881.954511356,6.900342155868187,14.212199954986572,11.56969999551773,-2.205883693530035,-12.55752690744111,81.69398741579867,77.33333587646484,54.65115814869201,0
HK.01442,490,0.3050000071525574,0.3050000071525574,0.0,0.0,750.0,228.75000536441803,0.0,0.30350000500679014,0.3114000004529953,1.6666650109821552,7.017547712211622,-4.687495634425334,-6.153840510802654,-8.955224013376348,0
HK.01443,491,0.04699999839067459,0.04699999839067459,0.0,1.122599704579025,143000.0,6720.9997698664665,1.4583333564316094,0.04717999964952469,0.05749000011011958,4.444436717916725,-2.083337537219918,-20.338986261382026,-34.72222164733172,-21.66666759798926,0
HK.01446,490,0.3400000035762787,0.3100000023841858,9.677419664956526,2.951251646903821,64500.0,21930.000230669975,2.00782850997939,0.3461000066995621,0.38050000205636025,3.030300019967555,-4.225348210765052,-20.930233041681802,-29.166664338360178,-20.000001402462193,1
HK.01447,491,0.5899999737739563,0.5899999737739563,0.0,0.6730769230769231,62900.0,37110.99835038185,0.6471234535835818,0.5788000082969665,0.5218926057219505,-1.666674945089223,-1.1786710487170324,34.65763712271405,34.65763712271405,11.398592639350975,0
HK.01448,490,2.640000104904175,2.640000104904175,0.0,,0.0,0.0,0.0,2.640000104904175,2.7242062270641325,0.0,0.0,-2.9411736347271384,-7.692300638503319,-23.88439710851854,0
HK.01449,491,0.6299999952316284,0.7099999785423279,-11.267603623727451,0.722859954083306,2329300.0,1467458.988893032,9.728596472987256,0.3558999979496002,0.28223999723792076,113.55932991041018,133.3333222954366,147.05882627933775,137.7358600905721,124.99999733907836,0
HK.01450,491,0.8500000238418579,0.9200000166893005,-7.608694736696163,0.5610399990777425,531962.0,452167.7126829624,4.77951807963083,0.7767607617378235,0.868714242875576,19.718316835298847,29.63320615117669,-9.256754869294493,-20.400660477693137,-13.577859947209692,0
HK.01451,491,1.2400000095367432,1.2799999713897705,-3.124997089616889,1.5214477211796247,319400.0,396056.00304603577,4.980154489746385,1.0400000059604644,1.1407308557629585,22.772279331209912,0.8130073421291051,-1.5873000855468575,0.8130073421291051,43.053507363246574,0
HK.01452,491,0.17000000178813934,0.17000000178813934,0.0,0.16004988567865308,484750.0,82407.50086680055,6.4766720158484254,0.1722200009226799,0.1351850001141429,3.6585348124734343,22.302160818478985,-2.8571401810159034,47.82608582977989,75.25772863296444,0
HK.01455,491,0.23800000548362732,0.24199999868869781,-1.652889763117717,0.91458153580673,291250.0,69317.50159710646,2.355258262168776,0.23547999888658525,0.22910499952733518,1.7094051927618055,4.385967262802434,3.478261376599048,2.5862122120671662,-0.8333349890178446,0
HK.01456,491,3.9700000286102295,3.9800000190734863,-0.25125604058627005,0.49199896632450185,2445700.4,9709430.657972049,3.1447704255659397,3.9472630500793455,4.7677275395393375,3.9267041358321846,-12.59792547328874,-25.635803346887183,-23.086171509740268,-36.107976889666936,0
HK.01458,491,1.2599999904632568,1.274999976158142,-1.176469488264897,0.4838212166666997,298597.8,376233.22515234945,4.000986768482536,1.299199995994568,1.5449000018835068,-2.3255792462719835,-13.698633045075482,-21.73913172248759,-23.17073161867245,-53.33333451070901,0
HK.01459,491,0.23800000548362732,0.21199999749660492,12.264154855680495,2.9405405405405407,106100.0,25251.80058181286,6.0120608831418325,0.220239999294281,0.23737999819219113,-1.652889763117717,4.845818274626696,-0.4184046679167016,-1.2448096348807376,-40.49999951571227,1
HK.01460,491,0.2370000034570694,0.23399999737739563,1.2820538945713542,32.87940935192781,319100.0,75626.70110315084,1.167412573874313,0.24564000010490417,0.258050000667572,-8.846149173008449,5.803569706099884,-16.842103006657002,-16.842103006657002,-25.89322956174464,1
HK.01461,490,0.6700000166893005,0.6700000166893005,0.0,0.0,169150.0,113330.50282299519,3.976165015096548,0.5837295353412628,0.6381514176726342,21.818182212262105,13.273084860278622,-2.9087802123757474,2.975523201002865,-17.117256813673638,0
HK.01463,491,0.3050000071525574,0.30000001192092896,1.6666650109821552,2.207792207792208,12200.0,3721.0000872612,0.4166667494508922,0.3051000016927719,0.2755999979376793,1.6666650109821552,3.3898375288438505,12.962961123313507,19.60784817878589,28.15126055681506,1
HK.01466,491,0.9700000286102295,1.0,-2.999997138977051,0.2738265866849107,844051.55,818730.0276485085,8.641070139069532,0.8778000020980835,0.6318999987840652,-14.912277124374922,86.5384738826192,76.36363774291736,70.17544575125015,40.57971477708856,0
HK.01468,491,0.18000000715255737,0.18000000715255737,0.0,0.09622323791195574,380500.0,68490.00272154808,8.075769247732797,0.244339998960495,0.48100999996066096,-0.5524790922706275,-47.05882198257844,-70.0,-73.52941099128923,-86.1538450957755,0
HK.01470,491,0.14300000667572021,0.15000000596046448,-4.666666004392862,0.11834319526627218,34000.0,4862.000226974487,0.9747794478791073,0.15094000101089478,0.1374200012534857,-3.3783751129669097,-14.371251287121293,-2.0547885086325697,38.83495777690879,88.15790957092791,0
HK.01471,490,7.90500020980835,7.90500020980835,0.0,0.0,6315.0,49920.07632493973,3.54747959475228,10.022150554656982,17.786242599487306,-19.746193871427668,-26.800997993980175,-54.33380466863251,-55.274062993852645,-43.479253890108694,0
HK.01472,491,0.1120000034570694,0.10700000077486038,4.672899669159408,0.1972757162987318,533250.0,59724.001843482256,3.691225882299161,0.10842000037431716,0.08543000031262636,12.000001788139317,5.66038186756396,74.99999708961708,89.83051318336031,93.10345979281219,1
HK.01473,491,1.2899999618530273,1.25,3.1999969482421875,0.8160214431323505,3274088.95,4223574.620603419,10.206372635696525,1.4675999975204468,0.7153249973058701,-9.154929518344925,157.99999237060547,157.99999237060547,207.14285764969938,379.1788873186331,1
HK.01475,491,6.699999809265137,6.65500020980835,0.6761772808130837,1.0197465788139888,51289.95,343642.6552172184,1.8307775216222515,6.532179384231568,6.801522450447083,4.199066689497502,-6.18859760515471,-3.958116170961156,-0.7659730743765174,0.5416515416822388,1
HK.01476,491,1.2699999809265137,1.2000000476837158,5.833327538437544,0.40816326530612246,5000.0,6349.999904632568,0.6380826209489394,1.2250000143051147,1.5796433240175247,6.722682341118066,-7.456144846616633,-31.938642424838697,-29.707124344810477,-36.63252817698277,1
HK.01477,491,5.295000076293945,5.065000057220459,4.540967748768485,0.3674579756726621,1816512.45,9618433.561338902,6.709505739369701,5.261999969482422,6.990850002765655,4.4378677912122955,-27.266484564657183,-27.066116950943048,-29.867550430107105,-47.04999923706055,1
HK.01478,491,7.275000095367432,7.179999828338623,1.3231235278565552,0.6816660219501595,6150533.95,44745135.07281063,4.874853585778516,7.636827640533447,8.78372880935669,2.754239742410948,-13.32596732665314,-23.789637999330644,-12.42416289741328,-37.34790108965378,1
HK.01480,491,1.100000023841858,1.0800000429153442,1.851850012202395,1.5626969124133585,77550.0,85305.00184893608,4.195987083229818,1.390578212738037,1.1948927012085915,-13.38582359352748,12.53846093335097,2.3076877874866772,-6.217951128488191,9.260644852512732,1
HK.01481,490,1.5399999618530273,1.5,2.6666641235351562,0.0,270000.0,415799.9897003174,0.6168118925893642,1.5424000072479247,1.9955999985337258,16.66665914082798,-36.88524894514438,-45.19572977892234,-16.756759891551766,201.9607824804415,1
HK.01483,490,1.1150000095367432,1.0199999809265137,9.31372846928257,0.5804142163129634,801500.0,893672.5076436996,5.855941982118886,1.122700002193451,1.134325001835823,5.18868582322566,-18.014706043481414,10.39604159058714,2.2935757240897794,-10.799999237060547,2
HK.01486,490,0.44999998807907104,0.44999998807907104,0.0,0.0,10000.0,4499.99988079071,1.0170054855155362,0.5239000034332275,0.5953000010550022,21.621616832351467,-35.714286322496385,-28.57142992300783,-29.68750029103831,155.6818127940016,0
HK.01488,490,0.8500000238418579,0.8500000238418579,0.0,0.0,591400.0,502690.01410007477,1.6591233219072454,0.81,0.7198500019311905,-2.2988483697581654,14.864866606417648,16.438356388082727,41.66666501098216,-12.37113414731564,0
HK.01489,491,0.7099999785423279,0.7250000238418579,-2.0689716974136187,5.089865579217641,2012000.0,1428519.9568271637,5.46468882077338,0.5391999983787537,0.4548249988257885,31.481472283234197,54.34781862229179,82.05128322691611,82.05128322691611,136.66665010982155,0
HK.01490,491,0.26499998569488525,0.2549999952316284,3.92156496088299,1.0526315789473684,176800.0,46851.99747085571,1.5130520083501238,0.2698399969935417,0.22619499891996384,-3.6363709268489552,3.92156496088299,43.243233664702935,40.211635914953,27.403836647743145,2
HK.01496,491,0.16099999845027924,0.16300000250339508,-1.2269963327602937,2.7586206896551726,51000.0,8210.999920964241,1.1736564014544186,0.16324000030755997,0.16481886364519596,-2.4242472407791844,-6.395352917097133,0.6250012805685687,5.228759124770055,14.91501606700312,0
HK.01497,491,5.489999771118164,5.489999771118164,0.0,0.2375296912114014,8520.0,46774.79804992676,2.4643588812158645,6.397000017166138,6.185068318843841,-19.264711512826146,-11.312870797036604,-7.912728373292543,-2.127954748892567,-34.1933368701939,0
HK.01498,491,0.2800000011920929,0.2800000011920929,0.0,0.14221073044602456,153175.0,42889.00018259883,2.888405605625926,0.2948000007867813,0.33300000116229056,-6.666669978035689,-6.666669978035689,-19.999998297010123,-19.999998297010123,-41.052630588288444,0
HK.01499,491,0.1080000028014183,0.10999999940395355,-1.8181787394294886,1.023081721771678,807500.0,87210.00226214528,2.674563914980036,0.11354000002145767,0.1702599996328354,-1.8181787394294886,-28.947364293307015,-45.17766269004843,-40.98360448832751,-79.23076793022405,0
HK.01500,491,0.35499998927116394,0.36500000953674316,-2.7397315080268676,0.2636867915427285,3137500.0,1113812.4663382769,5.7820453182571185,0.27425999850034716,0.19205000028014182,43.724695550265814,55.02182792347441,124.68352717259627,188.61786948412484,501.6948934226022,0
HK.01501,491,31.520000457763672,31.0,1.6774208314957155,0.5068472535741159,331940.0,10462748.951950073,5.53454614066962,32.013670120239254,32.04358695983887,-0.5050500185316258,-20.576121600316206,-3.082511326794033,8.428504428720164,18.54310174894129,2
HK.01502,491,1.9800000190734863,1.9850000143051147,-0.25188892673024776,0.6025824964131994,70350.0,139293.00134181976,0.8024721239334499,1.9934265089035035,2.0093888223171232,-0.5025120811725401,-7.117415234394617,-2.0279651394275433,5.69397800969859,-12.780990093353195,0
HK.01508,491,1.2649999856948853,1.309999942779541,-3.4351113778810887,0.8391520333342789,14863121.05,18801847.91563135,3.598143872041606,1.185934944152832,1.3935896188020707,10.000001036602539,12.377889418712067,-18.576489731201466,-23.60828074540243,-2.873382422678058,0
HK.01511,55,60.099998474121094,61.5,-2.276425245331555,0.8789088550614599,247863.7,14896607.99179001,4.326005575161289,73.97699996948242,,-2.672067248386893,,,4.521736476732337,,0
HK.01513,491,26.479999542236328,26.020000457763672,1.7678673189085392,1.379925808177624,661969.75,17528958.676974297,2.7579985892725367,25.310076217651368,27.06517659187317,3.0350146153367747,3.1450016396933274,-5.553964426403685,-1.464824987457001,-27.82487044692691,3
HK.01515,491,2.5350000858306885,2.5,1.400003433227539,1.4260519161386014,997162.8,2527807.78358717,2.5631530787213106,2.465719323158264,2.8606231951713563,4.752066359967118,-7.830460685550196,-19.876938616554515,-18.13513642115125,-40.26523599942021,1
HK.01516,491,0.8299999833106995,0.8600000143051147,-3.4883756389999006,0.23732281989690093,1647002.05,1367011.6740126878,4.045485612090503,0.8305999994277954,1.1813474476337433,0.0,-19.25739661301874,-40.01978193098111,-40.01978193098111,-55.80404824078702,0
HK.01518,491,0.25999999046325684,0.29499998688697815,-11.864406094746942,0.9166040570999249,28525.0,7416.499727964401,4.172631712542414,0.39919999957084656,0.5871499988436699,-29.729733212835296,-55.93220304737348,-62.85714358699567,-60.60606361639608,-70.7865174559237,0
HK.01519,491,10.430000305175781,10.520000457763672,-0.8555147212134508,0.7532905177181551,40000279.1,417202923.22011644,3.482328679237727,9.226399974822998,9.955400004386902,14.86784573582591,5.780939841235467,-3.066913723851731,0.192127358855283,-4.487177359841753,0
HK.01520,491,0.48500001430511475,0.49000000953674316,-1.020407170268328,0.23622711549818612,876975.0,425332.887545228,7.60695520625637,0.5292000025510788,0.8248500014841557,-1.020407170268328,-8.490558398834718,-44.25287222449603,-55.50458720613134,-71.13095062812299,0
HK.01521,491,1.2999999523162842,1.2999999523162842,0.0,2.387829649200661,349005.5,453707.1333581209,4.2245958856007135,1.0353000032901765,1.0439749997854233,17.117111311941173,32.65305377701246,29.999995231628418,28.712867781316813,-26.553674218923216,0
HK.01522,491,0.2240000069141388,0.21299999952316284,5.164322730329278,0.795374912403644,1185800.0,265619.2081987858,4.05536607872361,0.25022518515586856,0.29033407256007193,-8.94308913541224,-20.68196352477095,-26.69090603363412,-28.84705463148719,-26.69090603363412,1
HK.01523,491,8.100000381469727,8.274999618530273,-2.114794503055561,0.5561331256660745,847259.7,6862803.893203925,4.794275948399991,8.36499994277954,7.3936072754859925,0.37175573457269245,-1.2195052453833148,18.75727947914654,35.17087522676444,36.8871762142369,0
HK.01525,491,2.4000000953674316,2.5,-3.9999961853027344,0.5840468159935426,852800.0,2046720.0813293457,4.512606795681336,2.1401999950408936,2.344873698949814,0.8403352926397583,22.02722938779033,-3.053465330133734,-8.479580732755771,-9.480789622482702,0
HK.01526,491,1.1349999904632568,1.1349999904632568,0.0,0.46735395189003437,221750.0,251686.2478852272,5.69317576600612,0.9500555694103241,0.9156027829647064,-6.198350852829142,46.93612422979091,23.488874215424698,8.48554450147778,8.48554450147778,0
HK.01527,490,1.7999999523162842,1.7999999523162842,0.0,0.0,26340.0,47411.998744010925,2.5165818838562726,1.8529999995231627,1.9536000001430511,-2.7027065341188257,-10.000002384185791,-12.195122234882314,-7.692312394843655,-23.076922293167033,0
HK.01528,491,1.0499999523162842,1.0549999475479126,-0.4739332208735816,0.6370001839439777,2749071.75,2886525.206414044,3.1940645650182646,1.1120999932289124,1.2607249909639358,8.247414571799014,-27.586212566434515,-16.000003814697266,-16.000003814697266,-36.36363833403787,0
HK.01529,491,0.33500000834465027,0.33500000834465027,0.0,0.010081492060825002,595450.0,199475.754968822,11.551725748207716,0.3460000020265579,0.46952500104904177,-11.842101960961466,-34.313722625689834,-42.24137620962748,-43.22033504479491,8.064517989739157,0
HK.01530,491,17.969999313354492,17.18000030517578,4.5983643431060335,0.8820854541791782,27530528.65,494723580.9367862,5.219410065117101,16.89063823699951,22.827723989486696,0.9150899601564778,-18.22709879140611,-25.142213787675878,-25.81221893512091,-45.6472225693263,1
HK.01532,491,0.14900000393390656,0.1469999998807907,1.36054697601207,9.8,87450.0,13030.050344020128,2.2205508289373594,0.1269800002872944,0.11077500067651272,20.1612954589071,4.929576799690308,65.5555533479762,43.269231595848424,40.56604310695119,1
HK.01536,491,0.19200000166893005,0.1679999977350235,14.285716819925407,7.74288518155054,1376100.0,264211.20229661465,12.390552250661605,0.19973999857902527,0.2037999989837408,27.99999602635717,-18.297871423015877,-21.63265390527192,31.50685239093217,57.377048779866676,5
HK.01538,491,0.6700000166893005,0.6700000166893005,0.0,0.3598645215918713,469600.0,314632.00783729553,6.124087610486598,0.8069638562202454,0.5837280045449734,-20.238090760988843,-5.368839137629751,32.847600673932945,77.13013423191059,68.48962822286543,0
HK.01539,491,0.3449999988079071,0.33500000834465027,2.985071705720311,0.6366723259762309,486200.0,167738.99942040443,4.922829341617783,0.34550000190734864,0.3440950000286102,-2.816898807176702,-10.389608479527276,25.454542301903153,18.965520253504728,-8.000000317891438,1
HK.01540,491,0.5799999833106995,0.6100000143051147,-4.918037752603991,0.518691045325898,724725.1,420340.545904845,4.109264255669547,0.4853000009059906,0.4276517470180988,13.725489050275936,52.6315764707211,38.55555455092293,44.999993667006585,41.70454190493645,0
HK.01541,491,3.1500000953674316,2.9100000858306885,8.247422764877093,1.7303780746084003,504890.0,1590403.5481500626,6.068215701963818,3.395000009536743,5.2222500205039974,-8.959535819703738,-28.733030746718345,-34.10041930743496,-48.190787255020986,-73.2142854246616,1
HK.01542,491,0.6800000071525574,0.6800000071525574,0.0,0.1936264622831787,125150.0,85102.00089514256,3.843013610368044,0.9556000089645386,1.1116500049829483,-31.999999284744263,-38.18181887145868,-43.801654073174404,-40.350875817067276,-59.03614332375182,0
HK.01543,491,0.18000000715255737,0.16599999368190765,8.433743375603262,2.2511627906976743,119600.0,21528.00085544586,2.793066296141423,0.1850600004196167,0.24149999998509883,-7.692300638503319,5.882356034843122,-34.54545336321368,-41.93548201026084,-46.2686559197419,1
HK.01545,491,0.14900000393390656,0.15000000596046448,-0.6666679912142757,0.8585858585858586,411500.0,61313.50161880255,2.4643787158395067,0.13815999984741212,0.11010999999940395,11.194030016720436,17.322833998957623,53.60824694756635,58.510647910437044,75.2941204313588,0
HK.01546,491,0.13500000536441803,0.14499999582767487,-6.8965453455194,0.12072434607645875,361600.0,48816.00193977356,2.7227152820509786,0.15492000117897986,0.16989999942481518,-3.571425150243618,-36.91588580056523,-64.9350626731244,55.172424424134334,92.85714969951276,0
HK.01547,490,0.20000000298023224,0.20499999821186066,-2.439022085483674,0.0,53600.0,10720.000159740448,0.903306196326794,0.21203999757766723,0.21524999760091304,3.0927820006267703,-6.976744347227267,0.5025135787766731,2.0408205157368053,-17.631648294568247,0
HK.01548,491,22.979999542236328,19.780000686645508,16.17795118556949,2.6021291717938206,33479721.45,769363983.5951997,8.385545997263465,14.090199966430664,13.760849990844726,66.04045728958596,69.34414192360822,72.78194896752566,79.67161540872252,23.814656268738855,4
HK.01549,491,0.0729999989271164,0.0689999982714653,5.7971025447188715,0.06896551724137931,229200.0,16731.599754095078,3.310443079327273,0.08404000014066697,0.09941000025719404,-2.6666719648571027,-25.510203228275834,-27.722775856077213,-30.47618932734808,-48.95105208445353,2
HK.01551,491,1.5499999523162842,1.4550000429153442,6.52920320267422,0.9090909090909091,3450.0,5347.49983549118,2.277407292749441,1.5313191962242128,1.5024271857738496,3.3333301544189453,8.350059985955362,-0.39870112659419554,5.498739841692765,-8.88745128283683,1
HK.01552,490,0.2849999964237213,0.2800000011920929,1.785712575121809,0.0,44500.0,12682.499840855598,0.8485506984219129,0.254599996805191,0.23703999876976012,7.547174267346414,13.999998569488525,13.999998569488525,27.2321373333548,42.49999608844524,2
HK.01553,490,1.5399999618530273,1.5399999618530273,0.0,0.0,143300.0,220681.99453353882,1.1988994199065104,1.4013000059127807,1.4732750070095062,14.92536742481697,6.206890428250726,4.761900127918864,1.9867530847180164,14.07406923375184,0
HK.01555,491,0.02500000037252903,0.024000000208616257,4.166667313418449,0.2562355186043342,731800.0,18295.000272616744,4.958720357183531,0.026780000440776348,0.0311100001540035,0.0,-24.242422703048078,-13.79309968311909,-3.846154397232281,-35.89743626482152,1
HK.01556,490,0.27000001072883606,0.27000001072883606,0.0,0.0,157750.0,42592.50169247389,1.0087857597022951,0.26484105467796326,0.3078251807391644,1.8868020014566025,-6.329882035807169,-20.44456117649042,-17.035035188486493,-17.035035188486493,0
HK.01557,491,0.6150000095367432,0.6200000047683716,-0.8064508376086847,0.5714285714285714,7200.0,4428.000068664551,5.157785308854408,0.5192999976873398,0.3696999994665384,30.851066190767963,61.84210980367798,61.84210980367798,83.58208782610745,270.48194755670767,0
HK.01559,491,0.05299999937415123,0.04800000041723251,10.41666440303543,0.04310344827586207,163000.0,8638.99989798665,2.287361704026921,0.049140000119805335,0.067915910333395,12.765959976430802,0.0,-38.372095843919006,-38.372095843919006,-47.52475492201197,1
HK.01560,490,0.12300000339746475,0.12300000339746475,0.0,0.0,24100.0,2964.3000818789005,6.603333365793854,0.13194000154733657,0.13029500026255847,-12.14285509014617,0.0,-3.149606714955814,4.237290382967418,6.034488738575562,0
HK.01561,490,0.0430000014603138,0.0430000014603138,0.0,0.5395996518711923,236000.0,10148.000344634056,3.912336258947026,0.04747999995946884,0.05926000017672777,-12.244892683886986,13.157902218381034,-33.84614917300845,-36.76470717138066,-35.82089494147847,0
HK.01563,491,0.13099999725818634,0.12099999934434891,8.264461130597903,0.6342203226251206,124000.0,16243.999660015106,5.819345438250768,0.13578000128269196,0.16299000062048435,3.9682501200075637,-13.81578850624383,-20.121955097714363,-25.56818297271394,-39.351854694365805,1
HK.01565,490,0.19599999487400055,0.19599999487400055,0.0,0.0,2622050.0,513921.78655937314,5.018255977253361,0.17562000066041947,0.190390891879797,-2.9703029457602916,10.995748886505641,3.59603637369763,1.0061344699463959,-11.785037320217073,0
HK.01566,490,0.5099999904632568,0.5099999904632568,0.0,,0.0,0.0,0.0,0.18869999647140503,0.08542499840259551,900.0,900.0,900.0,900.0,900.0,0
HK.01568,491,0.6600000262260437,0.6499999761581421,1.53846929764635,0.29515938606847697,153300.0,101178.0040204525,1.5496378258905503,0.6306571388244628,0.6854178443551063,6.451616314521787,-3.950098990800413,-5.230760830158372,-3.950098990800413,-17.352409592466824,1
HK.01569,491,0.11500000208616257,0.10899999737739563,5.504591608376694,0.7104795737122558,174900.0,20113.500364869833,4.4489103291363605,0.11794000029563904,0.16083999998867513,2.678570121868877,-17.857141716747872,-40.10416610075886,-34.28571197451373,-24.342101457892404,1
HK.01570,491,12.279999732971191,12.300000190734863,-0.16260534515062433,3.9926929841988206,61144.25,750851.3736727238,1.7251759441647676,12.661199970245361,7.914450001120567,-2.6169701244306784,-16.576090283931254,101.31147417961925,139.3762077783014,789.8550561886077,0
HK.01571,491,3.8350000381469727,3.8299999237060547,0.1305512934861802,0.8939149165320409,371250.0,1423743.7641620636,1.5831302817259498,3.8718787956237795,3.769299635887146,1.187337117331886,-5.4220259352221545,7.912719884709945,8.479193777772023,7.621797454596887,1
HK.01572,491,0.07500000298023224,0.07599999755620956,-1.3157823791214334,0.347970173985087,428200.0,32115.001276135445,4.782490090771878,0.08464000016450882,0.09348500020802021,-6.249994179233778,-18.47825778863043,-24.99999813735488,-24.99999813735488,-21.874997574680815,0
HK.01575,490,0.035999998450279236,0.039000000804662704,-7.692313570477667,1.7419354838709677,134700.0,4849.199791252613,2.5254009684872396,0.039619999676942824,0.048929999973624946,-2.7027081450551504,-21.739133955850935,-26.53061348614424,-14.285716819925407,-35.714290465931356,0
HK.01576,490,1.6950000524520874,1.684999942779541,0.5934783389992532,0.0,13900.0,23560.500729084015,0.4508394328762485,1.6213043785095216,1.648646644949913,3.3536626363992337,2.0806629220243007,-0.12648999603068098,1.5197738313905478,-8.5316851738727,1
HK.01577,490,1.0299999713897705,1.0299999713897705,0.0,0.0,1200.0,1235.9999656677246,0.44528865956481606,1.0381563663482667,0.9608951714634896,-6.363640994079741,10.026274968207652,10.026274968207652,10.026274968207652,30.983663853510198,0
HK.01578,491,2.1600000858306885,2.130000114440918,1.4084492853487425,0.3913305237808549,80200.0,173232.00688362122,2.1923619219445882,2.1239000034332274,2.2378312230110167,6.930698328024783,-8.085099000528984,-3.246932232461612,-10.049870377131013,-10.049870377131013,1
HK.01579,491,14.859999656677246,15.039999961853027,-1.19681054276814,0.7558252359294478,2208893.3,32824153.679636665,3.2829389217832947,14.236400012969971,13.892437014579773,5.464865122431746,-6.905867249334498,3.4034225811465117,19.87759003702457,13.62672062545367,0
HK.01580,491,0.26499998569488525,0.27000001072883606,-1.8518610500991368,1.2552301255230125,125500.0,33257.4982047081,5.593055772396884,0.23688000023365022,0.2739900001883507,15.217382994626707,-33.750004563480545,-33.750004563480545,48.044680506209914,76.66665010982156,0
HK.01581,491,0.3199999928474426,0.3199999928474426,0.0,0.2315886984715146,205400.0,65727.99853086472,2.8552926976646096,0.3183999979496002,0.25120499908924104,6.666660043928621,1.5873000855468575,77.77776673988103,60.80401573562615,60.80401573562615,0
HK.01582,491,0.39500001072883606,0.38999998569488525,1.282057748038625,0.0761509172724126,309000.0,122055.00331521034,3.3475816156146934,0.3966999977827072,0.3718999996781349,3.947372548798166,-5.9523754615900915,12.857147844470362,11.267612018748096,-8.13953391663639,1
HK.01583,491,1.149999976158142,1.0950000286102295,5.0228261288466225,1.8067556952081696,13880.0,15961.999669075012,1.6989159384233892,0.9344961869716645,1.1157660317420959,32.183904581048544,5.358738958349716,-3.9875969825494857,-9.80653593915734,-11.810834957282154,1
HK.01585,491,9.979999542236328,10.100000381469727,-1.1881270762480527,0.39823940065890456,7138130.45,71238538.6234232,3.4069195846580786,10.159056968688965,11.066574859619141,4.612154949084887,-13.877443597018264,-10.279817754170466,-8.802628768460217,-18.417232625286072,0
HK.01586,490,1.7200000286102295,1.7200000286102295,0.0,,0.0,0.0,0.0,1.7346000003814697,1.9601000040769576,-2.8248560935074982,21.126766238887196,-20.00000221784715,-21.461187960275765,-44.51612640245888,0
HK.01587,491,0.5,0.5,0.0,0.7368421052631579,127400.0,63700.0,2.781339147428172,0.5600000131130218,0.5871207812428474,-12.280700653653822,-13.043476458082539,-14.492762634618522,-17.251055988604598,-18.56452516987308,0
HK.01588,491,4.175000190734863,4.199999809265137,-0.5952290396567317,0.06016243858417728,50015.0,208812.6345396042,4.211701493954297,4.4490999984741215,6.5425653910636905,-3.5796705704910696,-31.96684937857154,-48.069370928133495,-46.74589287686683,-46.091668932444364,0
HK.01591,491,0.13699999451637268,0.13699999451637268,0.0,0.5571030640668524,147600.0,20221.199190616608,1.8939563320685076,0.14005999878048897,0.14113999973982572,-0.7246391678327546,0.0,-8.666673951678517,3.007513658370604,-9.271522655983093,0
HK.01592,491,0.1940000057220459,0.17599999904632568,10.22727657571314,0.5420293048363997,2094525.0,406337.8619849682,7.091087848256511,0.2207400006055832,0.20495719984173774,-21.77418996264976,13.450293213017932,16.867477774603053,35.6643333324997,-41.21212181418831,1
HK.01593,490,1.0399999618530273,1.0399999618530273,0.0,0.0,185300.0,192711.99293136597,3.489084668202013,1.1209999918937683,1.2613999962806701,0.0,-16.800003051757812,-17.46031986312503,-16.800003051757812,-22.962967149187598,0
HK.01596,491,0.28999999165534973,0.2849999964237213,1.754384313814067,2.4417719592023137,583950.0,169345.49512714148,7.219859398525803,0.4038830834627152,0.593399101048708,-9.375000582076622,-54.36790104120016,-56.3810848856918,-57.0132389426693,-62.92392198664195,1
HK.01597,490,5.614999771118164,5.579999923706055,0.6272374173952249,0.41353383458646614,25250.0,141778.74422073364,4.750562296622955,7.071300029754639,4.115125006437301,-21.46853571713673,45.844153511843835,120.19607357316997,124.59999084472658,133.958314499922,1
HK.01598,490,0.11100000143051147,0.11100000143051147,0.0,,0.0,0.0,0.0,0.11100000143051147,0.11100000143051147,0.0,0.0,0.0,0.0,0.0,0
HK.01599,491,1.0299999713897705,1.0199999809265137,0.9803912402207475,1.1950655358519662,130700.0,134620.996260643,1.6619899920389611,1.054757661819458,1.2028475385904311,0.9803912402207475,-10.87767419345489,-19.33453412879731,-18.74140709781362,-21.622918059464965,1
HK.01600,491,2.684999942779541,2.740000009536743,-2.007301699480691,0.19930776186563662,388857.7,1044082.902249384,1.7457971943607826,2.7415000057220458,2.86913245677948,-2.3636384443803267,-2.5600333079993187,-8.406437807998712,-14.13103631798423,-19.66150228780224,0
HK.01601,491,0.7649999856948853,0.7599999904632568,0.657894117680275,0.7557354925775979,66900.0,51178.49904298782,1.405003001461495,0.7541373419761658,0.7731313776969909,4.794515850262685,-1.7785000741564645,-1.7785000741564645,-2.9206104520223786,-13.92961265217399,1
HK.01606,491,1.4049999713897705,1.399999976158142,0.3571425226269879,0.2605991679256096,2914972.5,4095536.279101968,2.5772083648856756,1.409781847000122,1.464031190276146,7.251910897695129,-1.234651286325886,-5.528796538373275,-14.068563930111882,-15.500757919728834,1
HK.01608,491,0.06199999898672104,0.05999999865889549,3.3333339542150635,0.10828462020633194,1205106.55,74716.6048788909,12.322360556941296,0.08512000024318694,0.13406499972566963,-25.30120319699937,-41.50943422750376,-53.38345986809223,-57.24137877879328,-77.85714331330085,1
HK.01609,66,129.8000030517578,124.5,4.257030563660893,0.7593918729401866,45732.95,5936137.049565887,8.985416375752555,163.30999938964842,,-22.5074608646222,-39.627905557321945,,-39.627905557321945,,1
HK.01610,491,1.0850000381469727,1.1100000143051147,-2.2522500753112733,0.9307283579351076,14718903.45,15970010.804731607,3.157006128049418,1.0891999983787537,1.42894999563694,3.3333416590618703,-21.942442495453538,-32.60869388157956,-30.89171962431611,-40.05524461615266,0
HK.01611,491,1.7799999713897705,1.7799999713897705,0.0,0.5945127203882921,337359.05,600499.0993480801,4.5302226891502135,1.939199993610382,2.6742000013589857,-20.17937416299577,-36.65480399871237,-38.620692660210295,-34.317345153733356,-64.82213455496627,0
HK.01612,491,0.699999988079071,0.699999988079071,0.0,3.897338403041825,125700.0,87989.99850153923,2.3250222604250905,0.7517999994754792,0.8409398835897446,-5.405408235428679,-21.569135398305384,-16.09721278780374,-13.064580877088996,-11.143356980921023,0
HK.01613,491,0.7799999713897705,0.7950000166893005,-1.8867981112750467,0.5361270447405243,6363896.45,4963839.048927463,12.300766545833934,0.4683800023794174,0.25492934055626393,69.56520809568411,387.4999930150805,293.9393816243846,345.71427695605206,205.8823474413245,0
HK.01615,491,0.38999998569488525,0.38999998569488525,0.0,0.2413793103448276,146750.0,57232.49790072441,1.7537137987755451,0.38599999725818634,0.31934499815106393,1.2987000923330156,0.0,20.0,13.04347450506333,77.27272173097307,0
HK.01616,490,0.05999999865889549,0.05999999865889549,0.0,,0.0,0.0,0.0,0.05999999865889549,0.05999999865889549,0.0,0.0,0.0,0.0,100.0,0
HK.01617,491,0.27000001072883606,0.24400000274181366,10.655740858549935,0.6365976923810432,10089800.0,2724246.10825181,10.587511003447958,0.45527999609708786,0.35343999806791543,-25.0,-63.999998569488525,119.51219778128986,172.72728504228206,123.14050594368531,1
HK.01618,491,1.4450000524520874,1.4600000381469727,-1.0273962536277181,0.46555802435805405,8374930.95,12101775.66203261,2.1788707096865814,1.4585000038146974,1.801775004863739,-1.7006786171138801,-10.802466160566818,-20.16574043460679,-23.94736470608165,-18.820220467538842,0
HK.01620,491,0.12800000607967377,0.11999999731779099,6.66667411724743,3.29938900203666,1419000.0,181632.00862705708,5.691644188734087,0.11190000042319298,0.10495500054210424,18.518521073587245,-1.5384532502413988,26.732674874157112,28.00000417232507,18.518521073587245,1
HK.01621,491,0.1860000044107437,0.18700000643730164,-0.5347604236009523,0.5901639344262295,366000.0,68076.0016143322,3.4094486276010527,0.17721999943256378,0.15383000001311303,2.1978066964018526,16.250005355104925,20.779224297794872,48.80000352859497,69.09091401691282,0
HK.01622,491,0.15800000727176666,0.1589999943971634,-0.6289227425372592,0.016239038648911984,616300.0,97375.4044815898,4.839663723265717,0.18277999967336656,0.1687099999934435,-11.235952516529824,29.508201226499907,7.4829982312220285,-18.97435227324482,39.82301771860185,0
HK.01623,491,0.22499999403953552,0.22599999606609344,-0.4424787805153204,0.01163512210537069,339992.85,76498.38922348469,3.59416017664664,0.22081999868154525,0.22208999924361705,2.739724815693386,-5.85774016838188,8.173071825601399,24.999991721577445,27.840906397000804,0
HK.01626,491,26.0,25.940000534057617,0.2313009433581438,0.9718512717967362,719055.0,18695430.0,12.942677047086992,19.124399967193604,7.973050001859665,31.645569620253166,197.14285714285717,961.2244691415813,802.7777419046133,862.9629459564254,3
HK.01627,490,0.5099999904632568,0.5149999856948853,-0.9708728874782327,0.07079646017699115,113400.0,57833.998918533325,2.2421271337983883,0.5217999982833862,0.5982249990105629,1.9999980926513672,-8.928573519295567,3.0303001111897543,-25.00000219134721,-22.823391122720963,0
HK.01628,491,0.11699999868869781,0.11900000274181366,-1.68067563616374,4.34306656976336,448114.25,52429.366662386805,6.0129911010312656,0.1260000005364418,0.13517999973148107,-6.400001049041748,-25.000002388006553,11.428573658677255,3.539823650688292,-72.14285658533069,0
HK.01629,491,0.17000000178813934,0.16599999368190765,2.4096435292019236,0.6666666666666666,6200.0,1054.000011086464,0.0,0.1683200007677078,0.16412500031292437,3.030300019967555,-8.108108325802206,6.250003492459733,17.241383917124878,41.666671323279644,1
HK.01630,491,0.3100000023841858,0.28999999165534973,6.896555622182589,1.0555099808586272,1120200.0,347262.0026707649,6.705423057398438,0.30920000016689303,0.16484500031918287,-4.61538038310199,-27.058825014371727,179.27927782798528,638.0952537228733,573.913047351436,2
HK.01631,490,1.3700000047683716,1.3700000047683716,0.0,0.37383177570093457,23750.0,32537.500113248825,2.9845025046092144,1.3573999905586243,0.7236499947309494,2.2388037792902336,168.62745693856513,176.7676750648607,149.09090455898578,144.6428569527913,0
HK.01632,490,0.050999999046325684,0.050999999046325684,0.0,,0.0,0.0,0.0,0.05457999967038631,0.07844499975442887,0.0,-17.741935677694606,-44.56521853565155,-53.6363642521141,-72.43243330320882,0
HK.01633,491,0.4950000047683716,0.5099999904632568,-2.941173720662243,1.4078691775644725,6569900.0,3252100.5313277245,11.722601403140217,0.45450000107288363,0.26026500049978496,20.731709533188774,13.793103920766105,205.5555575996106,319.4915269219783,673.437470714272,0
HK.01635,491,2.369999885559082,2.369999885559082,0.0,0.3594487820198469,10040798.0,23796690.11092186,4.034503913434992,2.4948643922805784,3.192025573253632,-2.8688594270410825,-21.60486485957882,-28.099141811667273,-29.76159075070272,-2.399640408875845,0
HK.01636,490,0.3100000023841858,0.3100000023841858,0.0,,0.0,0.0,0.0,0.3100000023841858,0.49857499957084656,0.0,0.0,-52.30769019155099,-34.73684078438459,-67.02127625846171,0
HK.01637,491,0.5699999928474426,0.5400000214576721,5.555550036607185,4.426085428018984,684300.0,390050.995105505,3.432533531897599,0.43439999878406527,0.33979966506361964,40.74073856041538,18.750001164153243,86.13097428912488,151.82427518986532,293.95818994110306,1
HK.01638,491,0.041999999433755875,0.039000000804662704,7.692304018451458,0.5834563823921403,21451430.0,900960.0478532538,10.648290490072274,0.04943999998271465,0.08406500020995736,-12.500001940255348,-44.73684107332676,-48.148148999837744,-57.1428565998119,-75.72254269290522,1
HK.01640,491,0.41499999165534973,0.41499999165534973,0.0,0.022637238256932653,168200.0,69802.99859642982,4.633151380677574,0.5825999957323075,2.325400006622076,-17.000001668930054,-58.50000083446503,-87.46223568490889,-89.41326572504305,-91.17021258517377,0
HK.01641,139,4.400000095367432,4.480000019073486,-1.785712575121809,0.1352112676056338,88650.0,390060.0084543228,2.591027547175137,4.664020709991455,,-1.1235891245119385,-29.508668228443558,-53.62232123085039,-61.201114922452426,,0
HK.01643,491,0.8450000286102295,0.8999999761581421,-6.111105444990408,0.16613076098606644,534750.0,451863.7652993202,13.134251505645562,1.2809000051021575,1.3325249984860421,-11.052627451201834,-71.45270210404394,20.714291857213496,65.6862832179029,34.12698968347663,0
HK.01645,491,2.5250000953674316,2.565000057220459,-1.5594526690331918,0.9929390997352162,4596400.0,11605910.438346863,6.497133265273758,2.624200015068054,2.9983999997377397,-6.133827447703462,11.725668408071757,-33.201055172519496,-24.626860679138545,142.78847961383525,0
HK.01647,491,0.05900000035762787,0.057999998331069946,1.724141474711444,1.9926650366748166,448250.0,26446.750160306692,5.226483749741185,0.05657999984920025,0.07144000006839633,0.0,-19.178080514036996,-23.376622496979856,-22.36841808581442,-48.69565279362106,1
HK.01650,491,0.14000000059604645,0.13899999856948853,0.71942592579093,0.5361930294906166,425600.0,59584.00025367737,1.4633894091636812,0.13863999992609025,0.11839218474924565,0.0,9.909474117421485,16.943677287045986,16.943677287045986,58.89087039353021,1
HK.01651,491,57.150001525878906,56.95000076293945,0.3511865851801793,0.7494683032421389,1282126.95,73273557.14887047,7.188536828214745,59.43840003967285,44.4817206954956,-14.892032424073893,15.454548537129103,49.37272355737186,65.65217833588089,179.95685591598863,1
HK.01652,491,1.100000023841858,1.1100000143051147,-0.9009000301245093,0.17407237746220797,110100.0,121110.00262498856,3.6075426592867936,1.0481999957561492,0.9679000008106232,7.843141608951449,-0.9009000301245093,52.77777501830359,37.50000093132256,214.2857264499277,0
HK.01653,490,1.6200000047683716,1.659999966621399,-2.4096363046584477,0.34942820838627703,625600.0,1013472.0029830933,8.173476475032487,2.282599992752075,2.564649997651577,-18.59296497463358,-37.209300283958385,-45.819398006645265,-25.68807545138487,422.5806426803478,0
HK.01655,491,0.16899999976158142,0.16699999570846558,1.197607248210522,1.2060394034247837,2768500.0,467876.49933993816,5.646626555895377,0.17998000025749206,0.20512000009417533,-5.586595015669944,-33.72548905027594,-0.5882364800231967,-11.052630588288439,8.33333094532678,1
HK.01656,490,3.9100000858306885,3.9100000858306885,0.0,,0.0,0.0,0.0,4.163821921348572,2.8890703856945037,-5.783132627024533,5.809194996794057,73.99735286238332,73.99735286238332,119.94046756897394,0
HK.01657,491,49.5,49.5,0.0,0.078125,6075.0,300712.5,6.0783673304746895,49.11459991455078,25.6727499628067,16.088181774263678,64.89007077013044,253.31905204366075,241.3793103448276,454.9327306795956,0
HK.01658,491,4.840000152587891,4.860000133514404,-0.41152222998090987,0.726661152710821,35474812.6,171698098.39702684,2.2031211837069167,4.85105604171753,4.98455061674118,3.6402585335470765,-3.1676110088165204,-1.0415568844411294,-5.565365797563992,-10.114132254985638,0
HK.01660,491,0.20800000429153442,0.2070000022649765,0.4830927611671424,0.019266662652778613,6544000.0,1361152.0280838013,11.137027294216137,0.23897999823093413,0.3739450004696846,-7.555551199265354,-31.80327888074596,-49.879516030382284,-57.113402441946924,77.77778343823793,2
HK.01661,491,1.6749999523162842,1.6649999618530273,0.6006000415836379,2.747264284272158,643670.0,1078147.2193074226,9.304474466452081,1.936299991607666,1.4595750007033348,-19.08212529783607,-29.621854127105546,59.52381222696814,94.76743307611389,82.06520890552981,1
HK.01662,491,0.5799999833106995,0.5849999785423279,-0.8547000709448132,1.3320647002854424,102200.0,59275.998294353485,4.390747859093162,0.7263000047206879,1.4615088126063347,-9.375000582076622,-18.30985903668985,-63.05732713799386,-73.39449699313715,-71.80365603768605,0
HK.01663,491,0.05000000074505806,0.054999999701976776,-9.090907243657693,1.8010291595197256,762600.0,38130.000568181276,4.687756418627629,0.0578600001335144,0.0720650003477931,-10.714287139779408,-41.17647033042974,-37.499997671693514,-19.3548361899701,-35.89743626482152,0
HK.01666,491,3.365000009536743,3.384999990463257,-0.590841387972251,1.1206285702205832,638644.95,2149040.262840593,2.7425008943419287,3.372582883834839,3.8976842403411864,2.9051996686346286,-9.092324361703211,-18.057988505920633,-19.534421818846887,-32.718049442950914,0
HK.01667,491,0.375,0.33000001311302185,13.636359120860423,2.5316455696202533,44500.0,16687.5,1.2346317177088246,0.33930000305175784,0.36590000212192536,10.294116486933829,11.94029571909666,-19.35483932991305,-8.536584568052042,188.46154904224503,1
HK.01668,490,0.10700000077486038,0.10700000077486038,0.0,,0.0,0.0,0.0,0.10700000077486038,0.10700000077486038,0.0,0.0,0.0,0.0,-2.727271495771795,0
HK.01669,491,1.3600000143051147,1.309999942779541,3.816799519814041,1.0061782877316858,115700.0,157352.00165510178,2.503351415493927,1.2677275681495666,0.9787810334563255,7.086616907894959,43.41818301587065,55.889325956885706,61.1440236981927,99.01166699403515,2
HK.01671,490,0.7200000286102295,0.7200000286102295,0.0,0.0,18400.0,13248.000526428223,2.641334452228186,0.7074000072479248,0.6748139940202236,5.882356034843122,1.3513574739980605,41.5094478873444,15.38462861049909,-23.469385621710078,0
HK.01672,491,11.15999984741211,10.1899995803833,9.519139420733143,0.6046603720630516,2849031.5,31795191.105272293,7.852894130316187,10.161099948883056,13.205424971580506,-0.0895275632366323,-33.25358668825743,-21.84873910295175,-3.1250051740140976,-0.3571425226269879,5
HK.01673,491,0.26499998569488525,0.29499998688697815,-10.169492381566323,9.6,4100.0,1086.4999413490295,0.0,0.29629999697208403,0.26422500096261503,-10.169492381566323,-11.666674945089223,21.004561456438157,12.288128851097749,17.77777453999452,0
HK.01675,491,4.59499979019165,4.670000076293945,-1.6060018174949202,0.5706007556803021,3579908.65,16449679.495655274,5.205135159829472,4.681789665222168,6.600705585479736,-2.441618832779588,-18.38856506467192,-45.43254407197794,-39.139046413646014,-57.39732979888387,0
HK.01676,491,0.23199999332427979,0.2160000056028366,7.407401530749339,0.13286018628234025,6511970.0,1510776.9965279102,8.798720438040215,0.213647238612175,0.3608118109405041,13.725489050275936,5.936071568032886,-53.13131493143298,-63.75000023283065,-57.81818394621537,2
HK.01679,491,1.2649999856948853,1.2649999856948853,0.0,0.35494347525156617,134167.5,169721.88558071852,6.286609833105057,1.6058000028133392,0.8112999995052814,-26.023394299704695,75.69443547615334,94.61538955304768,181.11111537909815,123.90847249555996,0
HK.01680,491,0.10700000077486038,0.10100000351667404,5.940591137896152,1.4444444444444444,38600.0,4130.200029909611,1.7864292272291908,0.12425999924540519,0.2395565789565444,-2.727271495771795,-43.08510402199792,-67.07692163089318,-65.48387098324783,-86.10389565904781,1
HK.01681,491,14.0,13.869999885559082,0.937275526413444,1.5163000366642827,1141314.05,15978396.700000001,3.091385999839965,13.528944339752197,15.119631743431091,3.2448345631816604,-7.036796233461503,-19.101122604800235,-7.395497094136356,7.55601918738265,3
HK.01682,491,0.16699999570846558,0.16500000655651093,1.2121145893831669,0.4557897618395839,2953000.0,493150.98732709885,6.845820765600632,0.20789999961853028,0.1851723499968648,-12.105264313663486,2.0557803695075667,-4.571429398595084,-12.105264313663486,7.741931886504297,1
HK.01683,491,0.15000000596046448,0.15000000596046448,0.0,1.2123672281983628,1482100.0,222315.0088340044,12.074485205041514,0.1633799996972084,0.28557499952614307,-5.063291736146471,-25.74257389223702,-53.12499708961689,-59.99999841054281,-81.4814808001298,0
HK.01685,491,0.7200000286102295,0.7149999737739563,0.6993083943600166,0.33154429844274647,1734050.0,1248516.0496115685,8.227618246844317,0.8322000002861023,0.5285490228235722,-25.773195116106155,31.12100485467877,140.74677843430635,153.19920453384267,85.89307528213449,3
HK.01686,491,4.835000038146973,4.760000228881836,1.5756261693028282,0.447291618462836,5348656.8,25860755.832035065,4.410532134389298,5.052300004959107,5.660880789756775,-1.124740896529942,-25.84355748019645,-22.141706788302884,1.5756261693028282,-36.18575098123314,1
HK.01688,30,6.215000152587891,6.315000057220459,-1.5835297502211458,0.752854411788048,22226495.0,138137669.816494,7.47740332965262,,,-20.1156814269419,,,-35.993819483301024,,0
HK.01689,491,0.2849999964237213,0.2800000011920929,1.785712575121809,1.108482595471443,296500.0,84502.49893963337,3.59256977686455,0.29159999787807467,0.36539999827742575,-1.72413633637985,0.0,-30.487805143982655,-32.14285587575156,-50.0,2
HK.01690,491,0.13199999928474426,0.1420000046491623,-7.042257068318358,1.7301038062283738,314000.0,41447.9997754097,1.1439667294961942,0.12310000121593476,0.09864045236259698,3.1249945430320487,-7.0569649438509225,93.12837900591657,103.71077084334874,139.85299125790235,0
HK.01691,491,1.4550000429153442,1.4500000476837158,0.3448272460139292,0.8187721764745264,2224600.0,3236793.095469475,3.903139491559636,1.3797000098228454,1.701324999332428,4.676263157511064,-15.895952203828315,-20.491802798135097,-25.765305377701246,-21.774191842739107,1
HK.01692,490,1.2100000381469727,1.2100000381469727,0.0,0.0,74200.0,89782.00283050537,2.273353627041852,1.455599992275238,1.5874265468120574,-8.333334085917201,-17.02560706943133,-27.4566721860363,-28.27637161630668,-34.13572696095669,0
HK.01693,490,6.670000076293945,6.670000076293945,0.0,0.0,700.0,4669.000053405762,0.2548726751865384,7.085800056457519,4.906200013756752,-1.9117663352134273,-18.55921345502948,146.12546060533333,183.82980199894203,131.59721566847102,0
HK.01695,491,0.07800000160932541,0.07699999958276749,1.2987039376318668,0.09501187648456057,105750.0,8248.500170186162,1.5948219726502073,0.08454000011086464,0.09243000030517579,-2.4999958090483205,-16.129032516496025,-14.285710776806553,-17.89473411779321,-22.772278323288944,1
HK.01696,491,2.1549999713897705,2.1500000953674316,0.23255236281672798,0.733663194874686,334219.35,720242.6896879077,4.651084967337512,2.4263000106811523,3.5373249971866607,-7.51072781315514,-25.432529648256715,-50.45976968655136,-49.76689998712873,-66.94019105120297,1
HK.01697,491,0.24400000274181366,0.2549999952316284,-4.313722625689836,8.03098773402195,192150.0,46884.600526839495,2.8035498643262997,0.282679999768734,0.3398699999600649,-11.272728198815948,-22.53968108298045,-31.267602784225385,-32.22222415385415,-43.90804565414316,0
HK.01698,491,37.380001068115234,37.400001525878906,-0.053477157614104834,0.2982967514576968,1955234.25,73086658.35341549,3.1754115058556645,35.39720008850097,53.81229223251343,6.678082452763184,4.2387072835824195,-40.98971406010894,-46.15787883117026,-56.59602128618976,0
HK.01701,491,0.06400000303983688,0.07199999690055847,-11.111103062644071,5.754716981132075,214400.0,13721.600651741028,1.9588291270649798,0.07789999946951866,0.10254000034183264,-16.88311248489927,-31.914888051852238,-44.34782445318085,-47.9674786406095,-47.9674786406095,0
HK.01702,490,1.440000057220459,1.440000057220459,0.0,0.0,400.0,576.0000228881836,0.0,1.557000045776367,1.7197575891017913,-9.433960566617486,-26.153845025237523,-22.655871079928545,-21.833060505628886,-13.556559516152438,0
HK.01703,491,0.36000001430511475,0.36000001430511475,0.0,0.47723406822315123,20050427.6,7218154.222823668,34.05787783857976,0.8205000013113022,0.7778250010311604,-48.571425652017346,-15.294116657085514,-33.33333333333333,-50.68493083575181,-24.99999534338702,0
HK.01705,491,0.8999999761581421,0.8849999904632568,1.6949136561044988,0.6462882096069869,883800.0,795419.978928566,5.990215285060731,0.6594000017642975,0.49128452226519587,24.999991721577445,66.66665562876992,136.84210196096146,133.766233364111,115.04764426281726,3
HK.01707,490,0.041999999433755875,0.041999999433755875,0.0,,0.0,0.0,0.0,0.041999999433755875,0.04378999980166554,0.0,0.0,5.000000931322596,19.999997871262696,-60.74766436485507,0
HK.01708,490,0.28999999165534973,0.28999999165534973,0.0,0.0,2275.0,659.7499810159206,0.0,0.2835999935865402,0.3135249970853329,1.754384313814067,0.0,1.754384313814067,15.999996662139893,-9.375000582076622,0
HK.01709,491,1.0,1.0199999809265137,-1.960782480441495,0.8100265606336305,3195770.3,3195770.3,5.300217695054058,1.0905000030994416,1.6061749997735024,-3.8461503192516595,-6.542060656134582,-53.488374156136885,-56.14035032682692,-72.6775962691532,0
HK.01710,491,0.699999988079071,0.6899999976158142,1.449273985189887,0.28635009323269467,3140100.2,2198070.102567089,13.076316222272874,0.4333000016212463,0.337319999858737,20.689656589884578,14.754093715305943,225.58138438854579,192.88703335827668,396.2939125657658,1
HK.01711,490,0.12600000202655792,0.12600000202655792,0.0,0.0,1500.0,189.00000303983688,0.0357143579393014,0.15378000110387802,0.14120000101625918,-10.638298097195728,-23.636365442564923,1.6129065208083302,6.779662087127342,77.46478577640137,0
HK.01712,491,7.449999809265137,7.304999828338623,1.9849416062134397,1.9163374860731288,1289900.0,9609754.7539711,7.586480726810185,5.181400003433228,7.445199999809265,61.255411121370344,-4.3645719416282756,-12.352943420410156,10.207094038773914,95.02617642563234,6
HK.01713,491,1.809999942779541,1.8450000286102295,-1.8970235928425838,0.0631911532385466,60400.0,109323.99654388428,1.0955501461652601,1.8762358736991882,2.1683805656433104,-0.549456559579393,-14.129711733479954,-21.111037216078543,-19.807085489644635,-35.094699605798766,0
HK.01715,491,0.5299999713897705,0.4749999940395355,11.578942745346053,73.19391634980988,242600.0,128577.99305915833,3.851722638310242,0.4404999995231628,0.47644999757409096,26.1904733183702,0.0,8.163257362146624,8.163257362146624,49.295771100695504,1
HK.01716,491,4.559999942779541,4.570000171661377,-0.2188233808796654,1.0751776057682112,941600.0,4293695.946121216,8.493202924858348,5.635,3.0260750007629396,-31.428573272410038,-38.54447579659438,776.9230980844901,700.0,936.3636289746308,0
HK.01717,491,1.1699999570846558,1.159999966621399,0.862068168189925,0.17322163850631833,353900.0,414062.9848122597,2.570562562217201,1.30047691822052,1.742128312587738,-10.0,-23.266375691974417,-39.68202666334307,-39.68202666334307,-52.26806046981086,1
HK.01718,491,0.8799999952316284,0.875,0.5714280264718192,0.9131623868871717,5694850.0,5011467.972844839,12.421911532712222,0.4685000032186508,0.36673500075936316,147.8873300921278,183.87096402052168,166.66665462532478,219.99999133023368,253.41365557982365,3
HK.01719,490,0.26499998569488525,0.27000001072883606,-1.8518610500991368,,0.0,0.0,0.0,0.2560600009560585,0.30011500231921673,12.765951645541577,-1.8518610500991368,-13.114760826108633,-19.696977222808385,-61.029414278310036,0
HK.01720,491,0.2750000059604645,0.2549999952316284,7.843141608951449,0.9594893704637875,3244600.0,892265.019339323,9.9359655756963,0.4205200007557869,0.35478499848395584,-9.836065733954968,-57.03124810825098,131.09243665910967,137.06897747715112,145.5357120286826,1
HK.01721,490,0.14000000059604645,0.14000000059604645,0.0,,0.0,0.0,0.0,0.14000000059604645,0.18258999928832054,0.0,0.0,-39.91416163539288,-25.925923881870844,-68.8888879322711,0
HK.01722,490,0.09799999743700027,0.09799999743700027,0.0,0.0,803000.0,78693.99794191122,4.1581464933439305,0.09712000042200089,0.08920000031590462,-4.854371530506945,55.55554898537876,3.1578933334086234,25.641019762855667,44.117635457574096,0
HK.01723,491,0.48500001430511475,0.5699999928474426,-14.912277124374922,2.356023190895426,1039420.0,504118.71486902237,14.683640739182554,0.823499995470047,1.341324992775917,-41.56626216177146,-46.70329666730791,-60.88709592136955,-62.69230522347616,-86.99731871782707,0
HK.01725,491,0.30000001192092896,0.3050000071525574,-1.6393426604503258,0.7665528628197235,6080110.0,1824033.0724805593,9.799789168795618,0.39289999842643736,0.6738750006258488,-28.571423503006237,-49.152538092168385,-68.74999805974458,-69.9999988079071,-59.99999841054281,0
HK.01726,490,1.0149999856948853,0.9700000286102295,4.639170696636946,2.24,139000.0,141084.99801158905,2.7593051655551695,0.9753000020980835,1.2377749967575074,9.139782568666634,-10.1769920373469,-21.923075159625828,-30.000003288532017,-40.29412016324099,1
HK.01727,491,0.2370000034570694,0.2290000021457672,3.493450321546233,0.4775869291998324,59400.0,14077.800205349922,4.632644897362711,0.24311999946832658,0.3407299993187189,0.851065556675996,-24.76190309495701,-34.16666832235118,-36.79999907811482,-56.111112214900785,1
HK.01728,490,0.14300000667572021,0.14300000667572021,0.0,,0.0,0.0,0.0,0.14300000667572021,0.14300000667572021,0.0,0.0,0.0,0.0,0.0,0
HK.01729,491,15.34000015258789,14.4399995803833,6.2326911243628995,1.0602789241176676,16646307.5,255354359.59002495,7.76000489576364,16.46094820022583,16.945387029647826,-3.7037045906157013,-30.56235271893346,-2.043313426324193,-13.124392457250433,61.00064659875044,1
HK.01731,491,0.7599999904632568,0.7599999904632568,0.0,2.4630541871921183,41400.0,31463.999605178833,0.3948039468017013,0.7669399869441986,0.7183699756860733,1.3333320617675781,-1.8087853705248866,11.111116920531057,14.114111211526142,-5.118595765063624,0
HK.01732,491,0.22200000286102295,0.21799999475479126,1.8348661479239674,0.4,255000.0,56610.00072956085,0.8060134340369584,0.20226000040769576,0.22643999949097635,10.999999776482586,5.714290377234261,-6.722690022671052,-17.777779985357125,51.02041023200905,1
HK.01733,491,0.6600000262260437,0.6299999952316284,4.76190971769537,4.640073586108166,986756.55,651259.3488787204,3.692567961362345,0.635200001001358,0.8009499993920326,8.196723073504641,-11.999996503194172,-26.666661809991776,-27.472526680773974,-34.9724866867276,1
HK.01735,491,8.204999923706055,8.199999809265137,0.06097700679539487,0.9644779900799876,7039515.2,57759221.678927615,2.0322866245176177,8.293999996185303,8.532050020694733,-1.971325736069661,-6.228572300502233,1.7990011977722833,-0.1824859225725538,-0.30376208895244144,1
HK.01736,491,0.4099999964237213,0.4000000059604645,2.4999975785613424,0.8349336227769892,30692.5,12583.924890235066,1.1552830601851822,0.4413000011444092,0.5142000025510788,-18.000000715255737,-5.747127775503971,-40.57971045791139,-31.66666997803569,-62.727273860253554,1
HK.01737,491,0.1599999964237213,0.1599999964237213,0.0,0.08333333333333333,236500.0,37839.99915421009,2.4518091844537526,0.15046000033617019,0.11497999988496303,-4.761905606641802,55.33980217334159,55.33980217334159,61.61615887949288,59.99999403953561,0
HK.01738,491,0.04699999839067459,0.04899999871850014,-4.081633428840149,0.6438339944349062,304820.0,14326.539509445429,7.633846729384662,0.05915999978780746,0.10354499995708466,-26.562506002664747,-47.77778164104164,-60.50420394304751,-53.92156934357754,-73.446328753794,0
HK.01739,491,0.1509999930858612,0.13600000739097595,11.029400646841841,0.10759919300605246,483250.0,72970.74665874243,3.9757438298749808,0.1744000008702278,0.21562499962747098,-12.716763453875693,-26.699032567428116,-34.91379421084733,-34.3478302840699,-26.02117646285833,1
HK.01740,491,0.16200000047683716,0.15800000727176666,2.5316411525161127,0.7184628237259816,310000.0,50220.00014781952,6.255320060150376,0.17026000052690507,0.11670500081032514,-6.358377420243685,51.401868508115946,86.20690245785241,72.34043194029137,170.00000682969903,1
HK.01741,490,0.18799999356269836,0.18799999356269836,0.0,0.0,75000.0,14099.999517202377,1.8273452146589357,0.19244000047445298,0.20100000068545343,17.499998603016106,-0.5291016137011844,-5.050507787173788,17.499998603016106,56.66666480402147,0
HK.01742,491,0.1420000046491623,0.14800000190734863,-4.054052149230698,2.7389162561576357,254500.0,36139.0011832118,1.9299070380372243,0.17183999955654145,0.16730499967932702,-16.470586379094126,-15.476186569281664,4.4117624500838515,14.516134653143622,94.52055717279653,0
HK.01745,490,1.8450000286102295,1.9249999523162842,-4.15584029546565,2.3157520866631147,42541.0,78488.14621710777,7.89680965041766,2.7626000118255614,5.25039999961853,-12.142851790603084,-65.83333340691931,-76.49681463662913,-63.465347348001785,-82.42857115609306,0
HK.01746,491,0.4699999988079071,0.49000000953674316,-4.081634763179803,0.1715845573898349,1551800.0,729345.9981501102,8.509880293858691,0.45420000195503235,0.39516000032424925,10.588231911708835,3.2967000577117043,84.31372846928257,64.9122823528526,27.027025067780148,0
HK.01747,491,3.7699999809265137,3.7899999618530273,-0.5277039875413395,0.06924452492197007,28383.15,107004.47495863438,1.494572920611716,3.932771143913269,4.3564707005023955,-0.7894729412163299,-17.20251626440988,-11.439346147056426,-13.05320887430415,45.685657073709955,0
HK.01748,490,1.7599999904632568,1.7599999904632568,0.0,,0.0,0.0,0.0,1.7599999904632568,1.7599999904632568,0.0,0.0,0.0,0.0,0.0,0
HK.01749,491,0.4399999976158142,0.46000000834465027,-4.347828340440215,9.333333333333334,19700.0,8667.99995303154,3.5993077393959636,0.4975,0.7006249976158142,-7.368420392192293,-18.518522197817433,-56.00000023841858,-41.33333365122478,-54.1666658905645,0
HK.01750,491,0.08900000154972076,0.08399999886751175,5.952384225736984,2.021276595744681,306500.0,27278.500474989414,2.8164857173579687,0.0910000005364418,0.08547000037506222,1.1363659454278836,-11.881189652604519,0.0,9.87654479969712,178.12499163264914,1
HK.01751,491,0.7549999952316284,0.7799999713897705,-3.205125266043049,0.18018018018018017,268800.0,202943.99871826172,5.739342478959784,0.9849999940395355,1.3882652714848518,-28.095235283953134,-53.96341452334056,-61.47959282973168,-63.34951377654345,106.84930835751811,0
HK.01752,491,0.09799999743700027,0.09799999743700027,0.0,0.06309148264984227,156500.0,15336.999598890543,1.7822720820836864,0.09580000057816505,0.08827174495905638,5.376338831247478,10.112354753445224,11.363634054572117,7.69230706250374,91.54545024951749,0
HK.01753,491,0.12999999523162842,0.13500000536441803,-3.7037110623015317,1.949069539666993,66720.0,8673.599681854248,5.101571069851651,0.14621999949216843,0.18283499930053948,-5.7971025447188715,-10.344828294942289,-39.53488694454536,-40.90909275634231,-52.72727548583474,0
HK.01755,490,2.799999952316284,2.799999952316284,0.0,,0.0,0.0,0.0,2.799999952316284,2.799999952316284,0.0,0.0,0.0,0.0,0.0,0
HK.01756,491,0.38499999046325684,0.38999998569488525,-1.2820501064172196,1.411764705882353,76600.0,29490.999269485474,1.754878415310434,0.4248999965190887,0.5672499957680702,-8.333332742017395,-27.358488444120756,-39.84375014551916,-38.8888899401172,-35.83333747254461,0
HK.01757,491,5.474999904632568,5.400000095367432,1.3888853322331935,0.04357562186043697,788300.0,4315942.424821854,18.038509164748415,13.314999952316285,10.140549990087747,-63.47565051214029,-69.78477013765857,7.3529413139668875,87.49999183498038,4702.631492780682,1
HK.01758,491,0.10000000149011612,0.10000000149011612,0.0,20.2020202020202,19900.0,1990.0000296533108,0.09090927563423068,0.1173399993777275,0.11310000017285347,-24.242422703048078,-21.875002546585044,-9.090907243657693,2.0408205157368053,-19.999998807907104,0
HK.01759,491,0.6800000071525574,0.6949999928474426,-2.158271345216813,2.0153953813855843,76400.0,51952.00054645538,2.424614191283621,0.7139000070095062,0.940924998819828,0.0,-12.820508705793602,-29.89690854681422,-31.313131252316452,-39.285713905582625,0
HK.01760,491,1.4249999523162842,1.4800000190734863,-3.7162206789452235,0.38544459618845295,3069050.4,4373396.673656273,8.553467370941174,2.0379000020027163,1.9098579573631287,-31.49038439495323,-25.774448635987206,-26.15509401757449,-26.904787004671483,-4.001622222846841,0
HK.01762,491,1.225000023841858,1.2999999523162842,-5.769225478877488,0.6477750340733412,13575513.1,16630003.871165454,8.93326376192842,1.0815999972820283,1.2016499987244607,28.947372548798167,-21.974523381154988,8.407082213372604,77.53623595284806,67.80821805958635,0
HK.01763,491,16.829999923706055,16.920000076293945,-0.5319157930382451,0.06891676974730518,109050.0,1835311.4916801453,4.304057757171281,17.438235893249512,19.46681300640106,-1.290318611136903,-9.701649400642175,-22.7765284157323,-20.25052876994761,6.811585150473462,0
HK.01765,491,0.13099999725818634,0.1289999932050705,1.5503908205145798,0.19807867086833544,11881800.0,1556515.7674223185,11.078559883033982,0.1385199999809265,0.16664000041782856,-2.9629688498412254,-22.023810104566238,-27.22222663738092,-27.62430861902949,-34.50000234693285,1
HK.01766,491,5.025000095367432,5.09499979019165,-1.3738900433121644,0.8073910383993794,18847635.45,94709369.93370058,2.5326520448678735,4.930220851898193,5.455720336437225,9.956234280416759,1.7992388474693568,-11.166577382445135,-13.110749239382272,-5.929176420157861,0
HK.01767,490,0.33000001311302185,0.3449999988079071,-4.347821955569661,0.703125,127500.0,42075.001671910286,0.8430882683445998,0.3221858155727386,0.3162670239806175,3.1250064028428435,-2.259953731103903,14.591785708815639,10.772044615883422,14.591785708815639,0
HK.01768,128,368.79998779296875,371.79998779296875,-0.8068854487619039,0.2275644682793245,387005.95,142727789.6358063,6.331728036158797,358.72800109863283,,0.1629482797518611,-17.531310884170374,,-7.800003051757813,,0
HK.01769,491,0.9850000143051147,0.9649999737739563,2.0725431165496904,0.3417730785722503,4479750.0,4412553.814083338,6.60504118771276,1.058100004196167,1.823575001358986,-4.368927993652047,-37.65822863601716,-51.95121769675319,-54.18604787844068,-67.5554822767229,1
HK.01770,22,112.0,116.19999694824219,-3.614455299954053,0.2935628866196849,86524.6,9690755.200000001,9.776168238528218,,,82.11382113821138,,,40.0,,0
HK.01771,490,0.16500000655651093,0.16500000655651093,0.0,0.0,97650.0,16112.250640243292,1.3519863903646911,0.1830200031399727,0.2217649993300438,-7.8212280271354295,4.4303790902388815,-35.29411386591058,-35.29411386591058,-38.88888888888889,0
HK.01772,491,40.31999969482422,39.34000015258789,2.4911020295760244,0.7892166735134061,14144167.95,570292847.4275424,6.503625860180024,48.34719970703125,58.509300746917724,-3.1234965651684035,-53.26874624910547,-42.25352328135102,-25.281817863064767,42.83581425965394,1
HK.01773,491,1.1050000190734863,1.0750000476837158,2.7906948892152084,2.03569373885301,10090693.6,11150216.620464707,6.824048976665223,1.2375000047683715,2.0200945067405702,-11.599998474121094,-33.433732452266554,-58.814222231227085,-54.10727794831172,-73.01563864768974,1
HK.01775,490,0.33000001311302185,0.3400000035762787,-2.9411736347271384,0.4339250493096647,100800.0,33264.0013217926,4.480248398087016,0.3669999998807907,0.3784250000119209,-10.810808416175734,-24.13792843578641,-7.042247017941754,-8.333333333333332,95.26628022400766,0
HK.01776,491,17.290000915527344,17.15999984741211,0.7575819887599811,0.7855572444867441,6540197.85,113080026.81422997,3.768229095095401,16.609660625457764,16.798877658843995,3.719261166141736,1.996443096634759,-1.7023338286744378,-0.4441986314473653,1.2120742505176756,1
HK.01777,491,0.029999999329447746,0.029999999329447746,0.0,0.5610316790374814,4642128.3,139263.8458872104,12.534807088359296,0.05415999986231327,0.07411499995738267,-44.444447127266606,-55.88235632487423,-62.5,-60.00000248352677,-58.904109903618064,0
HK.01778,491,0.16500000655651093,0.1550000011920929,6.451616314521787,0.8377086462132589,242811.4,40063.88259199559,5.3628021069994185,0.15222000032663346,0.18728499986231328,13.793111244365178,-17.499997951090364,-26.008967291417324,-2.9411736347271384,-11.290321159271858,2
HK.01779,44,113.0,107.0999984741211,5.508871717962295,1.1172426952412995,80802.9,9130727.7,11.182997100782607,,,16.2551476829481,,,-14.264038403986271,,3
HK.01780,491,6.130000114440918,6.079999923706055,0.8223715684586019,0.1985704869480942,15730221.8,96426261.43418103,16.59608128561791,3.357000021934509,1.5941000062227249,62.59947335422563,513.0000114440918,843.0769752750754,843.0769752750754,547.849886079859,5
HK.01782,491,2.325000047683716,2.4000000953674316,-3.125001862645075,13.333333333333334,132750.0,308643.7563300133,2.9332082373591306,3.140300040245056,3.843625010251999,-27.115987273380902,-32.41279043575569,-54.23228183854894,-38.65435168640571,-31.008898319354127,0
HK.01783,491,5.144999980926514,5.46999979019165,-5.941495826890147,2.086310065135982,12223815.8,62891532.05784922,8.850507726580556,4.596300005912781,3.5231750166416167,9.468089142985614,62.81645067025421,62.81645067025421,56.38297995689624,39.430891629905624,0
HK.01785,490,2.0299999713897705,2.0399999618530273,-0.49019562011037376,0.0,19950.0,40498.49942922592,0.5516591950743521,1.9255999875068666,1.9238479715585708,7.407406706588533,5.738555652428605,5.738555652428605,6.77520627380616,-0.0819229851182045,0
HK.01786,491,0.699999988079071,0.7049999833106995,-0.7092191985804456,0.5682827206535251,124525.0,87167.49851554632,2.01940910455319,0.7093532371520996,0.8139090120792389,2.9411736347271384,-8.234861787174564,-17.514478449908243,-18.430988255266282,-25.08968595849767,0
HK.01787,491,22.899999618530273,22.18000030517578,3.246164578214536,1.3857756261329923,15784928.95,361474866.93352747,5.297572274845093,20.16166877746582,31.338238286972047,24.659763594686464,-16.86394943283037,-49.76521077683162,-35.36439065373286,-8.636468235137269,3
HK.01788,490,2.0799999237060547,2.0799999237060547,0.0,0.0,25654200.0,53360734.04273987,1.8811049473636483,2.0773999738693236,2.5840326166152954,2.9702942250534496,-14.664265882890582,-22.536565407158974,-20.48260856249936,-68.4780625373648,0
HK.01789,491,5.639999866485596,5.59499979019165,0.8042909380056273,0.5445943264624804,3304899.4,18639632.174748324,4.2281464341193065,5.496358861923218,5.78521657705307,7.428568885439918,-7.975539786864365,-6.1799414533699215,-0.34656461318665965,-18.15697351899003,1
HK.01790,490,0.5,0.5,0.0,0.0,500.0,250.0,0.0,0.505799994468689,0.504524988681078,0.0,-3.8461503192516595,-10.714286094417377,-12.280700653653822,11.111114054550438,0
HK.01792,490,0.8799999952316284,0.875,0.5714280264718192,0.33713610491519563,55645.45,48967.99573466182,2.0345551939442243,0.9708289587497712,1.155732035934925,-4.347828340440215,-21.428572188834753,-22.80701699349358,-12.000000476837158,57.143139961325026,2
HK.01793,491,0.4399999976158142,0.4050000011920929,8.641974400173074,0.6842328941776455,782800.0,344431.99813365936,5.867868538834509,0.35589999675750733,0.2799049986153841,-1.1235944521335182,59.999995665116835,20.547941402593604,102.7649826545671,151.76003694903113,2
HK.01795,491,0.4300000071525574,0.4350000023841858,-1.1494241848790827,0.8709677419354839,97050.0,41731.50069415569,2.531915491708016,0.4945000022649765,0.5699999985098839,-9.473681568769173,-13.999998569488525,-25.862065599024124,-28.333334989017843,-45.569620826194296,0
HK.01796,491,0.2240000069141388,0.25999999046325684,-13.846148026765237,9.79762088676039,954100.0,213718.40659677982,14.246202337124291,0.33297999918460847,1.892220002412796,-27.74193380923476,-66.0606063616396,-93.19148907260244,-91.82481729436158,-93.59999980245318,0
HK.01797,491,21.260000228881836,20.520000457763672,3.6062366209070316,1.0035252555381837,10359555.3,220244148.04911405,7.1150087350669775,22.083199920654298,23.35130002975464,-4.492362936737634,-16.62745008281633,-5.845879979115462,17.523493916833697,4.47174363810202,1
HK.01798,491,1.1399999856948853,1.184999942779541,-3.797464916251698,1.4307182733089585,10611979.0,12097655.908194423,4.342614464184981,1.3442129230499267,1.8091657674312591,-8.064517989739157,-29.753772727062376,-43.60038316065312,-43.60038316065312,-49.25130519967777,0
HK.01799,491,4.53000020980835,3.990000009536743,13.533839573456616,5.224537202997612,1600359.8,7249630.229768849,4.788088985048584,4.214100027084351,6.280525007247925,11.851851764638841,-28.548894309422483,-42.87515374691491,-39.599997202555336,-38.367343284546514,1
HK.01800,491,3.7699999809265137,3.805000066757202,-0.9198445523423388,1.248685147333704,9973224.35,37599055.60927584,2.309564804056225,3.887151656150818,4.571134387254715,1.5671537150265122,-12.28291270065892,-22.80895940839224,-24.322514729147553,-31.39435255291987,0
HK.01801,491,94.8499984741211,90.94999694824219,4.288072189929064,1.3291341435176485,13737351.5,1302987768.813465,4.6731011121816275,83.72699935913086,85.28724990844727,5.741361985609108,3.097824428392493,13.3213882107711,20.368013706574658,-5.102549904790955,4
HK.01802,490,0.04500000178813934,0.04500000178813934,0.0,,0.0,0.0,0.0,0.04500000178813934,0.04505000157281756,0.0,0.0,0.0,0.0,-23.72881099089438,0
HK.01803,491,0.07999999821186066,0.07999999821186066,0.0,0.6725514922236234,282000.0,22559.999495744705,3.8411655780931477,0.07964000016450883,0.08750000040978194,0.0,-4.761905606641802,2.564098155475083,-9.090910630285256,-38.46153757981291,0
HK.01808,491,2.380000114440918,2.700000047683716,-11.851849170051695,0.11474297573435505,100799.0,239901.6315355301,5.698359035129102,2.3280999946594236,2.4727750021219252,-11.851849170051695,112.5000093132257,-13.45454129305753,-17.931033235384408,-34.97267599378366,0
HK.01809,491,6.699999809265137,6.699999809265137,0.0,0.5110961667787491,70375.0,471512.486577034,1.9255829704776093,6.7681866550445555,7.1371133852005,-0.9852277497512637,-10.267860079374227,-11.046200534472948,-9.58978643671586,-7.967038239391504,0
HK.01810,491,27.059999465942383,26.860000610351562,0.744597360559042,0.6536586493534512,221463455.6,5992800990.261754,4.841434753269912,26.28199993133545,34.17749997138977,4.72135954392519,-11.162178991211668,-25.33113075979524,-32.820257482602784,-51.066908066415465,1
HK.01811,491,2.2100000381469727,2.2200000286102295,-0.4504500150622546,1.2847693398159317,4233311.8,9355619.23948803,2.3107143495662967,2.3667903423309324,2.516377710103989,0.9132411143357496,-12.059011292737692,-14.020524519200936,-8.583084016587453,-8.583084016587453,0
HK.01812,491,0.6700000166893005,0.675000011920929,-0.7407400212333817,0.2771943171857169,717900.0,480993.01198124886,4.4104960165779925,0.6745000016689301,0.8470249983668328,6.349209803242228,-28.72340229907797,-20.238090760988843,-10.666664441426594,-17.28394880034615,0
HK.01813,491,0.10000000149011612,0.10000000149011612,0.0,1.403727367028876,723736.7,72373.67107845172,5.779287313850748,0.11489999949932099,0.1690299990028143,-4.761900369272073,-39.759032954098764,-35.48387050256521,-36.708862729283354,-72.97297291854944,0
HK.01815,491,1.7200000286102295,1.7799999713897705,-3.3707833564005543,0.17790816131157475,23356913.45,40173891.80224665,12.920060481996504,1.0218999981880188,1.5791749998927116,173.01587962359383,68.62745693856515,-28.333334989017843,-32.283462423541785,10.96774719508224,0
HK.01816,491,2.8299999237060547,2.8399999141693115,-0.35211235089708776,0.7389215238006518,38636378.15,109340947.21677828,2.508838256905948,2.880500011444092,3.0519795417785645,2.909088134765625,-16.87017455198734,-6.478939821307575,-1.423755985536136,-3.0612299065417505,0
HK.01817,490,0.23999999463558197,0.23999999463558197,0.0,0.0,1500.0,359.99999195337296,0.0,0.23307999819517136,0.2823500007390976,8.59728223048671,-14.285716566504256,-18.644065998710722,-21.311479013986766,-25.0,0
HK.01818,491,23.920000076293945,23.360000610351562,2.3972579251313424,1.3250677083952342,17914956.8,428525768.02280277,5.46424181491965,19.7683313369751,28.17800796508789,29.367227541330614,-13.752978180776845,-37.70551988773951,-24.62172677559368,19.630188129214275,4
HK.01820,491,2.984999895095825,3.0,-0.5000034968058269,1.8181818181818181,600.0,1790.9999370574951,0.0,2.7952535724639893,2.486848284602165,-5.238101437338528,20.15971456494447,22.562906503667097,22.562906503667097,-9.077958044405843,0
HK.01822,491,0.164000004529953,0.12600000202655792,30.158731660484854,1.505561567240927,691109.45,113341.95293069333,4.306097841533947,0.1404212799668312,0.14416532054543496,17.142859879805105,42.60869700426413,10.067114228198376,13.1034546544806,19.70803729510631,1
HK.01823,491,1.159999966621399,1.159999966621399,0.0,3.3358954650269026,145200.0,168431.99515342712,8.512549891795523,1.3137999987602234,1.3413499990105628,-8.661418579303088,-17.730496873630624,20.83333255723117,3.571425150243618,24.731178247304282,0
HK.01825,491,4.300000190734863,1.0,330.0000190734863,,641625.0,2758987.6223802567,0.656976781579981,1.0660000038146973,1.1010499998927117,330.0000190734863,330.0000190734863,280.53099193628276,255.37190538605284,264.40681202320707,1
HK.01826,491,0.16200000047683716,0.17499999701976776,-7.428569579610987,1.8496512529062257,1935500.0,313551.0009229183,6.259833574682222,0.11903248026967049,0.1242181202955544,29.600000381469727,10.20408204640181,-15.183245664834812,72.34043194029137,115.99999205271433,0
HK.01827,491,0.75,0.75,0.0,2.857142857142857,4000.0,3000.0,0.0,0.7970000004768372,0.8693000003695488,-16.666664459087173,-16.666664459087173,-18.47826234841389,-21.05263058828844,-29.245279199417357,0
HK.01828,269,30.059999465942383,29.719999313354492,1.1440113070093971,0.7098293853427825,320690.65,9639960.767732717,2.944825290827758,29.59559986114502,34.37089994430542,3.6551705722151135,0.26684431263365915,-19.840001424153648,-21.30890349325403,-21.30890349325403,1
HK.01830,491,1.4149999618530273,1.4199999570846558,-0.35211235089708776,2.399929187464642,657052.5,929729.2624354362,2.656870455540512,1.242400004863739,1.2442323195934295,2.536229474082302,17.916658802165237,16.942141920920697,10.546874490682956,-7.525015632091995,0
HK.01831,491,0.7350000143051147,0.7400000095367432,-0.6756750225933819,0.5717631452270241,7442368.95,5470141.284713942,11.228851065956025,0.6706999999284744,0.40021999955177306,-10.365851132164797,70.9302330416818,14.843754802132134,255.07246679362646,465.3846471267351,0
HK.01832,490,1.1200000047683716,1.1200000047683716,0.0,0.0,6850.0,7672.000032663345,0.2727493467031757,1.0724000000953675,0.8061499997973443,7.6923121009354265,31.764702747437457,45.454549676834446,83.60655385299071,119.60784817878589,0
HK.01833,491,7.679999828338623,7.465000152587891,2.8801027643140573,1.0724569255139824,12880207.4,98919990.62096587,4.920529370723654,7.864999980926513,12.07174997806549,1.8567621643752554,-29.734678738281062,-50.16223293715106,-47.325103782397946,-28.888891734213445,1
HK.01835,490,4.489999771118164,4.5,-0.22222730848524305,0.0,126080.0,566099.1711425781,7.6266080839705985,2.950000033378601,1.817250004708767,6.904761310067009,372.63156078528806,199.33331807454425,319.62612626313097,142.70268720288294,0
HK.01836,491,14.140000343322754,14.109999656677246,0.21262003809695806,0.35407619295280196,1174043.75,16600979.028075933,2.3828086207436887,13.34979995727539,14.019563465118408,12.84916715612562,2.257175102402938,4.017802240342312,-0.8964186699559347,-4.504194363139198,1
HK.01837,491,1.590000033378601,1.6050000190734863,-0.9345785368615916,0.740510695467999,1316611.0,2093411.5339466333,3.6157685074188715,1.5555200099945068,1.2885044834017754,-7.55813913193183,-0.6624125966311626,58.94013037538692,54.52512317336908,111.24953702651483,0
HK.01841,490,0.38499999046325684,0.38499999046325684,0.0,0.0,451500.0,173827.49569416046,8.464210172356974,0.30034000039100645,0.24657999999821187,-12.50000169331378,67.3912971648468,63.829783591386565,69.60352145294594,75.79908498703905,0
HK.01842,490,0.03799999877810478,0.03799999877810478,0.0,0.3169135377196004,458200.0,17411.59944012761,4.073602026511079,0.03899999991059303,0.047360000181943175,-7.317078711020517,-15.555561626398765,-30.909092756342304,-29.62963371773959,-44.117651892677465,0
HK.01843,491,0.29499998688697815,0.3050000071525574,-3.278695092153664,0.20516669794207792,802550.0,236752.2394761443,8.017156673920201,0.238400000333786,0.1643500005081296,29.38595909330617,34.09090385703013,145.8333279006182,165.7657505271789,118.51850012202394,0
HK.01845,491,0.18000000715255737,0.1979999989271164,-9.090904985905985,,1500.0,270.00001072883606,0.0,0.21703999638557434,0.19014499977231025,-17.431187392906445,-24.369746636438595,12.500006984919466,34.32836020064524,38.461549042245025,0
HK.01846,490,2.549999952316284,2.5,1.9999980926513672,0.12133468149646107,44750.0,114112.49786615372,1.298684044564254,2.448806018829346,2.816061911582947,9.442061622916343,-5.065327598391712,-10.998743636006271,-14.558791046606329,-16.503180466905658,2
HK.01847,491,0.46000000834465027,0.44999998807907104,2.2222267845531776,2.781289506953224,45050.0,20723.000375926495,1.1140793535978724,0.4751999980211258,0.5060999988019467,-4.166662786155852,8.235293045175972,-13.207540910156226,-9.80391824580021,-53.99999916553497,1
HK.01848,491,3.5299999713897705,3.5899999141693115,-1.6713076382739795,0.35062156195604627,193639.55,683547.605959928,2.127554003956348,3.585152812004089,4.044125777482987,0.28409063970008025,-5.254206094772331,-25.311280075845467,-21.011502869715628,-17.644272080461114,0
HK.01849,490,0.05000000074505806,0.05000000074505806,0.0,,0.0,0.0,0.0,0.05000000074505806,0.05000000074505806,0.0,0.0,0.0,0.0,0.0,0
HK.01850,491,0.45500001311302185,0.4099999964237213,10.975613922394897,0.4945415684925861,5178915.0,2356406.3929112256,8.745732968119325,0.9941999930143356,0.9006249952316284,12.345681919446163,-68.40277812271205,-20.1754352942948,-26.612901675217373,-20.23756533383655,1
HK.01851,491,4.644999980926514,4.545000076293945,2.200217886775255,0.8131532724812117,866725.0,4025937.6084685326,13.032061952350865,6.192000026702881,4.211950006484986,-30.774963419981255,-17.348753104744496,33.86166981637991,50.32362815373199,171.6374197254422,3
HK.01853,490,1.399999976158142,1.4450000524520874,-3.1141920180267535,0.0,7000.0,9799.999833106995,0.4504505520410295,1.2624999976158142,1.5743180114030837,23.89380372264239,-13.039881230053831,-13.039881230053831,-9.737598407994582,-0.26951062638016243,0
HK.01854,491,1.2799999713897705,1.3450000286102295,-4.8327179061566765,0.021930192297475788,6323892.95,8094582.795071972,6.206586425805229,1.2199999952316285,1.1657499918341636,10.344828294942289,16.36363124059263,3.225803350434739,-5.882356034843122,16.36363124059263,0
HK.01855,491,0.1860000044107437,0.1940000057220459,-4.123711894505927,0.18488308863512778,180500.0,33573.00079613924,5.396626946573561,0.19931999921798707,0.9482250031083822,-8.374379427177326,-34.73683973868905,-86.01503771360534,-85.58139458054224,-96.97560973127707,0
HK.01856,491,1.5,1.409999966621399,6.382981241783753,1.1981327800829875,194900.0,292350.0,3.5343405880219376,1.4431999850273132,1.7190999919176102,15.38461961689801,-16.666664459087173,-20.21276575507703,-20.21276575507703,15.38461961689801,2
HK.01857,491,1.3300000429153442,1.3350000381469727,-0.37453146732254694,1.4330069262001432,224350.0,298385.5096280575,1.133808806167334,1.3369000196456908,1.4612553042173386,0.7575750049918888,-6.338022316147579,-13.78888120376676,-13.22907096452361,-12.67128815076504,0
HK.01858,491,9.359999656677246,9.194999694824219,1.794453152031145,0.5378955248406946,679200.0,6357311.766815186,4.094214081535654,9.002999954223633,12.812768011093139,7.216496534655412,-6.372761086852645,-38.58728628488308,-36.837289785491215,-42.10833812978241,1
HK.01860,491,11.050000190734863,11.039999961853027,0.09058178366295422,0.8398039255947032,13526969.75,149473018.31756473,6.382640084687188,11.81240005493164,14.487750005722045,-0.45045215330202415,-39.11845496980977,-27.206851326826065,-29.617832324979652,28.041715460055027,1
HK.01861,491,2.4700000286102295,2.2200000286102295,11.261261116131863,0.6,13100.0,32357.000374794006,2.7429531881257985,2.4529067993164064,2.0133131873607635,-4.633200368177213,41.307585355771835,24.518566070219563,28.33035277084543,77.007389936892,1
HK.01862,490,0.01600000075995922,0.01600000075995922,0.0,,0.0,0.0,0.0,0.01600000075995922,0.01533000058028847,0.0,0.0,0.0,0.0,-5.882353585690328,0
HK.01865,491,0.4000000059604645,0.41999998688697815,-4.761900369272073,1.9425971298564928,4861000.0,1944400.0289738178,5.312242348549863,0.47669999837875365,0.3892699986696243,-14.893615537231566,-18.367347311149377,63.26530537770124,60.642573982321004,48.14814446884924,0
HK.01866,491,9.515000343322754,9.28499984741211,2.4771190058204433,1.0338723433895312,2762409.9,26284331.146898173,4.501540419398369,9.107409210205079,9.384120783805848,12.736976497463667,-21.959047354815425,-2.7924325574584334,8.456478108527559,52.840197586821844,1
HK.01867,491,0.23000000417232513,0.22599999606609344,1.7699151220612817,1.555444054189664,204800.0,47104.00085449219,2.045248262266699,0.20979999929666518,0.22971499942243098,10.576922801383859,15.000000372529025,-7.999998331069946,-9.80391824580021,53.33333002196431,2
HK.01868,490,0.1860000044107437,0.1860000044107437,0.0,0.05045726900031536,14675.0,2729.550064727664,2.9780724105790273,0.2590200012922287,0.3342550025880337,-4.123711894505927,-46.85714069191287,-52.30768942738886,-52.911392567421714,-49.729729185494485,0
HK.01869,491,0.04800000041723251,0.04800000041723251,0.0,0.0812327356374941,52149000.0,2503152.0217582583,19.863382512638132,0.09129999965429306,0.10675000015646219,-48.387097549488075,-57.522122785174766,-58.97435815794645,-57.89473649812648,-44.186047921959506,0
HK.01870,491,0.18199999630451202,0.17900000512599945,1.6759726774314094,0.22725487629270846,3110375.0,566088.2385056466,10.174582366153444,0.31952000081539156,0.43425499930977823,8.982036515876429,-63.600000739097595,-62.474228672905696,-65.66037620204581,-23.20675373429696,1
HK.01871,491,0.30000001192092896,0.3050000071525574,-1.6393426604503258,0.1491722757867928,1073200.0,321960.01279354095,5.787665505624616,0.3307000017166138,0.30938499949872494,-6.249994179233778,-16.666666666666664,-10.447759866236506,15.384624201870853,21.95122098960547,0
HK.01872,491,3.859999895095825,4.03000020980835,-4.218369872507003,0.24828881318098694,1498802.75,5785378.457769334,13.266548451978455,4.556799974441528,6.005950002670288,2.6595719384628964,-41.515152259525415,-46.53739602126271,-44.619798977215055,-1.5306168375089833,0
HK.01873,491,1.440000057220459,1.274999976158142,12.941183070410617,2.2831933175466013,5123418.55,7377723.005164361,6.388788472055083,1.2276000046730042,1.8321500039100647,19.00826543986847,-13.25300685690411,-40.24896240930572,-18.181814487315386,-17.7142824445452,1
HK.01875,491,3.619999885559082,3.3949999809265137,6.62739045350936,2.503738076823924,425740.0,1541178.7512779236,5.425748698362081,3.460699987411499,3.4754749858379363,0.8356538191369898,-27.016131900847867,-12.771089099491324,44.79999542236328,31.636359474875707,1
HK.01876,491,6.465000152587891,6.474999904632568,-0.1544363272889528,0.7192392074625913,20049472.4,129619842.1253067,3.1819333508912884,6.6190999984741214,7.153923332691193,3.44000244140625,-15.507932811357136,-10.557220676360615,-11.593240780486164,-22.38186181565039,0
HK.01877,491,19.479999542236328,18.15999984741211,7.268720847551799,1.1395183760112237,2846456.2,55448965.47299576,5.676609128168905,18.07739990234375,22.25999994277954,0.5678817668408686,-21.641194432935905,-14.335973006571127,-12.567329704291627,-32.125438939391906,1
HK.01878,491,1.7300000190734863,1.684999942779541,2.670627763922301,2.0118968935888963,60520.0,104699.60115432739,6.899285550727802,1.7713999986648559,2.030699996948242,-1.7045438382004816,-13.499999046325684,-16.425117156244454,-11.282052473360391,-34.22053445646912,4
HK.01879,70,321.20001220703125,304.0,5.657898752312911,1.0153622187309004,178984.05,57489679.04486389,11.201311892766624,399.70399871826174,,-6.081867775721856,-65.77517184794553,,-63.747176951802345,,6
HK.01880,491,51.45000076293945,51.0,0.8823544371361826,1.0109576227735981,1439163.1,74044942.59299432,4.168048112977191,51.24322570800781,67.05094219207764,6.301651117572277,-13.822173474220339,-43.22236092743919,-35.473552608828655,-10.075044646414069,1
HK.01882,491,20.200000762939453,20.139999389648438,0.2979214255679429,0.6358411940516976,2961980.45,59832007.34981175,2.9032496938990997,19.958200035095214,21.327153549194335,7.675908936507761,-4.985886427707405,-14.532135131416323,-5.624429067797539,-4.291572131115244,1
HK.01883,491,2.6549999713897705,2.694999933242798,-1.4842286769520179,1.1203348795941168,3660573.65,9718822.936020147,1.8494067929673093,2.637099986076355,2.53356694817543,3.3073945663383943,-0.898376463246828,10.506170690653335,11.837569000404532,11.00987705739631,0
HK.01884,491,0.10899999737739563,0.11100000143051147,-1.801805430036767,0.9090909090909091,1343200.0,146408.7964773178,7.031271349350146,0.10980000048875808,0.1125050001218915,1.8691556897681316,2.830187419357129,-3.539823650688292,-9.917357051220279,8.999995753169122,0
HK.01888,491,38.36000061035156,34.900001525878906,9.914037057869502,1.6182383330048653,133221754.3,5110386576.260106,14.75603983305972,59.99109619140625,29.980400414466857,-38.91719573825418,7.486400717784283,162.8743611110875,187.91001813423196,268.2676603260424,6
HK.01889,491,0.16899999976158142,0.16899999976158142,0.0,1.6625649439431227,14015.0,2368.5349966585636,2.0054033035767076,0.19824000030755998,0.36317999988794325,-14.213196740866382,-47.99999816601087,-65.858586235638,-66.20000004768372,-53.69863141207156,0
HK.01890,491,0.8500000238418579,0.8600000143051147,-1.1627895694091224,0.7557811618725324,351100.0,298435.0083708763,3.0056388320220115,0.8191106390953063,1.095251313149929,9.392115250285856,-10.984843377741557,-26.900122736721325,-29.066048311931564,-38.10992109409156,0
HK.01891,491,0.16099999845027924,0.16200000047683716,-0.617285199762023,1.6174582798459562,167000.0,26886.999741196632,1.5292082280938517,0.17682000011205673,0.1535000002384186,-5.847956223003628,8.783781334725182,14.184393940194562,16.666668466323863,28.79999876022339,0
HK.01894,491,0.5550000071525574,0.5600000023841858,-0.8928562875609045,1.281725734876241,939612.5,521484.9442206323,5.242660554666732,0.4484999984502792,0.490447249263525,6.730774521122511,65.67163979935475,14.920396191813353,19.340467513292477,6.994970474374929,0
HK.01895,490,0.28999999165534973,0.28999999165534973,0.0,,0.0,0.0,0.0,0.30329999685287473,0.42942499592900274,0.0,-27.500003166496708,-36.95652469682778,-39.58333372138442,-35.77029428957511,0
HK.01896,491,4.460000038146973,4.505000114440918,-0.9988917902509297,0.4506063188545898,10579251.6,47183462.53956642,4.957458102772209,4.8918214035034175,5.930536034107209,-18.014706043481414,-20.482172310569243,-34.60631501231205,-31.841859497122186,-42.0613545317721,0
HK.01897,491,0.5,0.4950000047683716,1.0101000370632516,0.3569765719244037,19237.75,9618.875,0.31092142598790334,0.449666890501976,0.4628905375301838,13.636364252114102,12.665116536752349,5.623548969769717,7.870850864183751,13.412894617137884,1
HK.01898,491,10.739999771118164,10.75,-0.09302538494731105,0.5076736332508286,18646102.5,200259136.58224583,3.185984988361949,10.924105758666991,11.530329351425172,8.266125892315173,-22.9969557635979,0.17397031243495462,9.100351984245428,12.601307077139909,0
HK.01899,491,1.1399999856948853,1.1200000047683716,1.785712575121809,0.3954621865416551,276561.25,315279.8210437596,2.551708061475787,1.1432999897003173,1.1723673754930497,5.555550036607185,-5.000004967053534,-11.286333429162147,4.289358901040514,9.295236971935175,1
HK.01900,491,0.18299999833106995,0.1979999989271164,-7.575757917841168,0.5145155628509805,179402.55,32830.666350589694,5.7852822297541,0.21111999899148942,0.2648049984872341,-12.857140931142371,-32.22222553359124,-30.943393128416304,-26.506024168486775,-8.500002197921242,0
HK.01901,491,0.17800000309944153,0.19699999690055847,-9.644667055861806,2.1105223315669948,711000.0,126558.00220370293,5.94151351338635,0.21719999849796295,0.3237699987739325,-11.881189652604519,-39.66101321637083,-58.11764750431152,-58.11764750431152,-28.79999876022339,0
HK.01903,491,2.5799999237060547,2.5399999618530273,1.57480167140813,1.0841983852364476,86700.0,223685.99338531494,3.1893233427272007,2.606399989128113,2.316549990773201,-5.839419170576572,15.695062853765593,-17.57189043531727,38.709672250724566,86.95651685658233,1
HK.01905,491,0.7699999809265137,0.7649999856948853,0.653594160147165,0.7729865494819058,905778.5,697449.4277236462,1.9361053091958549,0.7490000033378601,0.7519843557476997,4.054050135560291,4.9336913635261155,6.296465006181072,6.296465006181072,-0.9683342132515452,1
HK.01906,491,0.6299999952316284,0.6650000214576721,-5.263161668675448,1.3157362147659286,5367472.5,3381507.6494058967,9.154354691246816,0.4960000014305115,0.5250749978423118,27.27272508339232,21.15384968074834,27.27272508339232,31.250001940255405,82.60869490101267,0
HK.01907,491,1.9850000143051147,1.975000023841858,0.5063286249386676,1.355366100176405,20396324.65,40486704.72202176,4.702467305180828,2.1184957933425905,2.50330246925354,5.026456578268247,-34.86456400132498,-14.369357912131663,-14.736874822447291,-19.498759320566176,4
HK.01908,491,14.600000381469727,14.960000038146973,-2.406414811225078,1.004927012692324,4314656.8,62993990.92591095,3.696649637867142,14.543399982452392,14.61861984729767,5.950657941861438,3.1516580109582226,2.877506685031014,0.6701188238308923,-9.13694996825861,0
HK.01909,491,1.7100000381469727,1.7000000476837158,0.5882347166332156,0.948429164196799,3817.5,6527.925145626068,0.6317291389890449,1.8714000010490417,2.043148124217987,-2.285712105887277,-23.99999830457899,-9.999996862913394,11.76471046556293,-10.937496022476417,1
HK.01910,491,13.880000114440918,14.100000381469727,-1.5602855395517135,0.23186105128267953,3154922.05,43790318.415052176,2.820391456837429,13.7386177444458,15.945536408424378,-0.430412250706345,2.980819937398805,-30.633677858926795,-26.471696708173738,-10.766617885639524,0
HK.01911,491,3.0350000858306885,2.990000009536743,1.5050192692446653,0.4747836758878358,300033.4,910601.3947520733,4.639222480941473,3.207300009727478,4.109524984359741,-3.650793843018249,-18.19406860851207,-27.90973733181863,-32.555553648206924,-52.0537105464328,1
HK.01912,491,1.3899999856948853,1.4049999713897705,-1.0676146619453566,0.3806140573458513,323025.0,449004.7453790903,6.135874258589857,1.5454999971389771,0.8307499994337558,-25.268818548144946,148.21428210303495,143.8596496731731,95.77465178923494,69.51219485601735,0
HK.01913,491,44.099998474121094,44.91999816894531,-1.825466892808361,0.6339709486499848,2135643.0,94181853.0412674,3.981386630261537,39.76560012817383,40.17228281021118,11.532618748127142,23.746219283282297,10.055908788174541,2.8173275597094785,-3.2434823859624693,0
HK.01915,490,0.26499998569488525,0.26499998569488525,0.0,,0.0,0.0,0.0,0.26499998569488525,0.26499998569488525,0.0,0.0,0.0,0.0,0.0,0
HK.01916,491,0.6399999856948853,0.6200000047683716,3.225803350434739,2.020322226290736,559900.0,358335.99199056625,3.1454548641451154,0.5868475866317749,0.6294720616936683,11.979026311595975,-1.0040456117835357,0.4517768382768771,1.9510566625275092,-5.128875951269754,1
HK.01917,491,0.07999999821186066,0.08299999684095383,-3.6144563171994144,3.828125,147500.0,11799.999736249447,1.465880314374434,0.08863999977707863,0.10495999967679381,-12.087912267856074,-37.98449424358872,-33.33333333333333,-32.773112295273386,63.26530674307212,0
HK.01918,491,0.5799999833106995,0.574999988079071,0.8695644061371431,0.8812429880562515,220689370.95,127999831.46784876,6.810571870423892,0.679399995803833,1.0878999930620195,-3.3333399560713786,-50.0,-43.68932044453261,-54.68750029103832,-66.66666780851808,1
HK.01919,491,15.420000076293945,15.130000114440918,1.916721478251908,0.6365214539243513,15834954.45,244174998.82711112,2.29090975389343,14.448999996185302,13.943691048622131,10.69633695962336,6.730971321266452,19.972030095249487,14.793384868227916,12.553540060331436,1
HK.01920,491,0.4300000071525574,0.4350000023841858,-1.1494241848790827,0.21531190621013366,918885.0,395120.5565723777,7.557766328722115,0.5427999979257584,0.633474997729063,-17.307687899064575,-46.24999990686774,8.860758347611412,6.172840959723081,-12.244898207432918,0
HK.01921,491,3.694999933242798,3.6500000953674316,1.2328722383454145,0.4228168725782978,3280627.55,12121918.578244483,7.518820718162475,3.1900999975204467,5.393924998044968,21.14754068886711,-23.814432868061516,-42.624225148880186,-50.269178753547635,-31.700553836238775,6
HK.01925,491,1.3049999475479126,1.3799999952316284,-5.434786082816421,3.591549295774648,32800.0,42803.99827957153,1.6701440972525552,1.2767999982833862,1.2025996086001396,2.7559029249642277,2.7559029249642277,15.486721509269788,16.517851963563253,11.351103656375097,0
HK.01927,491,0.25,0.25,0.0,0.09624639076034648,258500.0,64625.0,3.7754307888235847,0.23179999887943267,0.16773500066250563,10.132159515684688,26.26262694679345,87.96992295875661,83.82351942179992,92.30769936149669,0
HK.01928,491,14.199999809265137,14.479999542236328,-1.9336998744680038,0.8721570508050912,17777933.2,252446648.04912832,3.1305996580860715,14.098400020599366,16.899321632385252,6.446773964319713,-7.877648317176829,-21.823673382125044,-26.597204933884743,-22.67405399207223,0
HK.01929,491,12.220000267028809,12.3100004196167,-0.7311141309505576,0.7602665745165084,13923216.65,170141711.18089995,2.985680592480851,11.413365459442138,12.202085003852844,9.379308908392945,20.608363709131037,-9.436113674168306,1.7481957472941667,-4.085764411875533,0
HK.01930,491,0.3700000047683716,0.36500000953674316,1.3698616715036243,0.3333333333333333,123000.0,45510.000586509705,3.1312133891782183,0.3748800015449524,0.3739354394376278,-6.329115261120019,-4.504087202053611,27.867418997186743,-2.0236639974367816,-5.697779946446969,1
HK.01931,491,0.5849999785423279,0.5799999833106995,0.862068168189925,0.44459528253860514,292150.0,170907.7437311411,3.294618199338601,0.6481999945640564,2.4183999955654145,-10.0,-35.00000066227385,-67.50000033113692,-76.60000085830688,-84.35828938367331,1
HK.01932,490,0.15000000596046448,0.15000000596046448,0.0,0.0,118926.3,17838.945708855987,1.8688071060236666,0.19652000069618225,0.20228999875485898,-14.285709420028917,-34.21052373594855,-23.076917198752763,4.1666752900242106,-2.5973981991849837,0
HK.01933,491,0.2849999964237213,0.2750000059604645,3.636360089641049,0.17560975609756097,1206400.0,343823.9956855774,9.299124033134722,0.24591999918222426,0.18844999939203264,36.363630530211104,25.55066027242736,117.55725373185939,120.93024142308175,96.5517273272403,2
HK.01935,491,0.75,0.7599999904632568,-1.31578823536055,3.076923076923077,30900.0,23175.0,1.607253485924065,0.8125999963283539,0.9591000008583069,0.0,-30.555558315029742,-11.764708357286219,-17.582419957678084,-12.790699125045412,0
HK.01936,491,0.8399999737739563,0.8399999737739563,0.0,0.10498687664041995,38300.0,32171.998995542526,0.7668080966962514,0.8228000020980835,0.7487999975681305,0.0,2.439022085483674,18.30985903668985,19.999998297010123,55.55554451765882,0
HK.01937,490,0.14300000667572021,0.1550000011920929,-7.741931886504297,0.6093189964157706,143500.0,20520.50095796585,3.2638811006366537,0.15832000002264976,0.18476499971002341,14.400005340576172,-27.040811012444976,-28.140700507328376,-17.816085752588307,-48.92856926182096,0
HK.01938,490,0.2199999988079071,0.21899999678134918,0.4566219366461133,0.9959931310818546,91700.0,20173.99989068508,3.6750417418966395,0.24281999945640564,0.3100550012290478,-12.000000476837158,-29.03225899486958,-38.88889164836307,-21.428572188834753,-37.14285641300434,2
HK.01939,491,0.4399999976158142,0.5,-12.000000476837158,1.4744035942542555,1670100.0,734843.9960181713,9.522950977334736,0.4909999990463257,1.9762749974429608,6.024097942928766,-43.589741826292496,-55.55555622451901,-55.55555622451901,-93.5483872941219,0
HK.01940,491,1.090000033378601,1.100000023841858,-0.9090900224102623,0.4458109146810146,256200.0,279258.0085515976,8.969489004402648,1.0743000066280366,1.1160750073194503,22.471915831275187,-21.582730604584068,-9.166667494508921,21.111118028193527,122.44898207432917,0
HK.01941,491,0.574999988079071,0.5600000023841858,2.6785688626827135,0.26740947075208915,175100.0,100682.49791264534,3.8870972356067552,0.49559999763965606,0.31793499894440175,16.161612634354285,61.97183252303194,145.72649338611316,155.55555702727523,184.65344953386293,3
HK.01942,491,0.07699999958276749,0.07599999755620956,1.315792182517271,0.2426135183575511,13032700.0,1003517.8945623338,9.336785551033978,0.08482141986489296,0.2317353542521596,-2.5316505836303587,-57.22222415385415,-72.98245594772276,-75.93749959254636,-86.25000013304607,2
HK.01943,491,0.8349999785423279,0.8199999928474426,1.8292665641127552,0.3525736387979768,3262750.0,2724396.1799889803,5.9346372398582945,0.7315000009536743,0.690975000411272,14.383555715807676,24.6268593646234,43.96551768433893,73.9583327512567,94.18603829140932,1
HK.01945,491,1.5099999904632568,1.5199999809265137,-0.657894117680275,0.52734375,19180.0,28961.799817085266,4.153924207037831,1.5562999939918518,1.5664749997854233,-6.211181549896973,-17.486341253976168,-6.790124319835579,-2.580642779585401,16.15384968074834,0
HK.01947,490,0.5299999713897705,0.5400000214576721,-1.8518610500991368,0.17857142857142858,26250.0,13912.499248981476,1.0756873932345365,0.5213999974727631,0.4105249996483326,5.999994277954102,26.1904733183702,51.42856583303326,39.47367843168257,68.25396044484367,0
HK.01948,491,3.7300000190734863,3.7300000190734863,0.0,0.08213552361396304,23450.0,87468.50044727325,1.2150176211859387,4.036217408180237,4.379836832284927,-14.449543466713214,-17.909496380877382,-29.019486215499047,-10.091351381856455,-42.34865223806457,0
HK.01949,490,0.550000011920929,0.550000011920929,0.0,0.3579418344519016,26100.0,14355.000311136246,1.0520357387502737,0.5418000024557114,0.7218749995529652,-9.836065733954968,-24.657534582124093,-19.11764615650409,-26.666665077209473,-15.384610446952324,0
HK.01950,491,0.10999999940395355,0.1080000028014183,1.8518486580159448,0.7819548872180451,133600.0,14695.999920368195,3.5171845783359745,0.11099999994039536,0.14810500029474497,2.8037370162318904,-15.384612739438744,-22.535214223598633,-40.54054162901103,-53.781513920376455,1
HK.01951,491,2.2100000381469727,2.174999952316284,1.6091993838167604,0.8065141374550151,10202626.4,22547804.73319931,3.338884088813835,2.1383295345306395,2.3206632566452026,4.245290445577358,-5.920464764116378,-10.75458177204119,-5.920464764116378,-29.87860285714026,1
HK.01952,491,27.1200008392334,25.420000076293945,6.687650502900003,1.287126088552083,2499478.1,67785848.1696455,5.410963075714024,26.63840000152588,37.01455002784729,-1.3818151300603694,-21.16279175502015,-35.39780577665847,-28.443272434394757,-61.694915719978816,1
HK.01953,491,1.2100000381469727,1.159999966621399,4.3103511176128135,0.4993633117774837,1982550.0,2398885.5756282806,7.81263776203622,1.1506000065803528,0.6080908320844174,7.079649845391881,5.217396802848253,449.59898740571987,694.2375574624024,1133.857952390963,1
HK.01955,491,0.5849999785423279,0.6000000238418579,-2.5000074505803007,1.123370110330993,105300.0,61600.497740507126,3.3551828151525895,0.5597000014781952,0.5494000017642975,10.37736040029132,6.363630156871835,8.333325054910777,-4.0983664223788265,-4.279974514115593,0
HK.01956,30,74.8499984741211,75.69999694824219,-1.1228513981344768,1.2572585811411212,246189.0,18427246.274345398,10.585812942681368,,,-13.015693411306541,,,-32.990151728648726,,0
HK.01957,491,0.27000001072883606,0.27000001072883606,0.0,0.7672413793103449,284750.0,76882.50305503607,2.8406263580278783,0.25503999680280687,0.22900999888777732,3.846161781683767,15.384621262785547,10.655740858549935,20.00000794728618,22.171950094730256,0
HK.01958,491,0.8149999976158142,0.8450000286102295,-3.550299405759346,1.7930042742843573,4028868.45,3283527.7771444293,4.643089866687055,0.9232000029087066,1.5521999976038934,3.1645538581142407,-41.366906042924775,-57.77201970128127,-58.629442346213054,-63.452915217712516,0
HK.01959,491,3.424999952316284,3.5999999046325684,-4.861109915338885,0.16740359122554077,1196717.5,4098757.380436063,14.888902103471452,2.4000999999046324,2.8908250007033347,110.12269707581075,-10.574411996276934,14.166665077209473,2.852853777380907,1507.9812018702987,0
HK.01960,491,0.33500000834465027,0.3449999988079071,-2.898547970379774,0.7830853563038371,330750.0,110801.25275999308,7.622122041978412,0.33410000026226044,0.35696999937295915,3.0769294253470134,-6.944445824181537,-24.719098038391017,24.07407223442462,76.31579607807707,0
HK.01961,490,0.0989999994635582,0.0989999994635582,0.0,,0.0,0.0,0.0,0.0989999994635582,0.22231999851763248,0.0,0.0,-65.2631576470721,-63.33333498901784,-69.53846058619794,0
HK.01962,490,0.47999998927116394,0.47999998927116394,0.0,0.0,297700.0,142895.9968060255,3.6214227318915335,0.45840000092983246,0.4458199353516102,4.347821861674596,10.854501413683149,3.0163085695959992,9.662522478222737,2.2813917602338853,0
HK.01963,491,7.96999979019165,8.104999542236328,-1.6656355295416667,1.197587100388276,2204043.6,17566227.02957325,2.6225990756168946,7.80091383934021,7.674126555919647,9.17807646508213,2.248039954931902,11.705292873585957,5.084676391361382,7.4406690899198695,0
HK.01965,491,0.13600000739097595,0.13699999451637268,-0.7299176389946654,16.0,1800.0,244.8000133037567,0.0,0.13480000019073488,0.13929500102996825,3.8168017079688568,-5.5555463573075095,-12.258060422573855,-2.85713799145759,-23.59550279614425,0
HK.01966,490,0.04500000178813934,0.04500000178813934,0.0,0.0,946650.0,42599.25169274211,5.673689450720727,0.05032000012695789,0.07165000038221478,-2.1739093463565164,-26.229506094300042,-43.03797504168788,-42.307691205535434,-59.82142821505515,0
HK.01967,491,0.3050000071525574,0.2800000011920929,8.928573519295567,1.889166034052706,95230.0,29045.15068113804,4.385480716742038,0.32269999861717225,0.3861999972164631,5.1724192858027385,-25.609753704156123,-24.69135648029423,-25.609753704156123,-35.78947137267303,1
HK.01968,491,0.18000000715255737,0.18299999833106995,-1.6393394567606567,20.566037735849058,86000.0,15480.000615119934,4.0707189013845415,0.16964000046253205,0.1695799995213747,5.882356034843122,-20.704841997800667,10.429450544829413,7.784438190517151,71.42858359278503,0
HK.01969,491,1.100000023841858,1.100000023841858,0.0,0.5198907769796386,344000.05,378400.0632016003,7.553628284382779,1.031800001859665,2.4541500124335287,15.78947764684624,-11.290321340173895,-65.40880500786969,-69.44444297272479,-76.19047508463859,0
HK.01970,491,8.600000381469727,8.300000190734863,3.6144600462750343,0.2854979661015088,92368.95,794373.005235958,1.9091592569613447,8.314600009918212,8.058050005435943,4.878055872057842,17.32606372418021,3.9903253378451624,5.521482012297367,0.467289251077145,1
HK.01971,490,0.32499998807907104,0.32499998807907104,0.0,0.0,2600.0,844.9999690055847,0.5737704197202647,0.32890000343322756,0.36020000025629995,-1.515159040990203,-7.142858967489158,-10.958909702068233,-15.584416589722485,-12.16216651604412,0
HK.01972,491,23.3799991607666,23.0,1.6521702642026153,0.9506946252170762,2928794.5,68475212.95205784,2.7229359374733644,21.958400039672853,22.514965953826906,10.387152143020527,-6.405125743755266,4.760309843997739,14.364985421508319,17.461631183878527,1
HK.01973,490,2.0,2.0,0.0,0.0,200.0,400.0,0.47500014305114746,2.192400016784668,2.654899995923042,-17.355374506315925,-14.893613567498939,-32.6599333086245,-43.66197107425167,-45.355192538306405,0
HK.01975,491,0.4050000011920929,0.4000000059604645,1.2499987892806712,1.702127659574468,50000.0,20250.000059604645,1.0571936815816803,0.40909999966621396,0.3849060827493668,2.531643086491392,-2.4096363046584477,14.580198748917711,14.580198748917711,17.807825510279272,1
HK.01977,491,0.9300000071525574,0.9399999976158142,-1.0638287753851585,1.4852320675105486,31825.0,29597.25022763014,0.3811202508956818,0.9566000032424927,0.9451970332860946,-2.1052611765768803,-13.08411574174189,-2.2966972715131466,5.218937345318938,17.457516457463086,0
HK.01978,490,0.26499998569488525,0.26499998569488525,0.0,0.0,183200.0,48547.99737930298,2.953503932049522,0.2770999985933304,0.3303000012040138,-3.6363709268489552,-18.461539872299337,-26.388895787574352,-26.388895787574352,-27.397266090150964,0
HK.01979,491,1.6549999713897705,1.6399999856948853,0.9146332820563776,0.25651728881821095,1630923.05,2699177.6010889173,6.2228554996383005,2.0900916337966917,2.2823206198215487,-17.250001430511475,-27.846439212706542,-35.984065304327714,-21.52884817452913,-11.078851406784645,1
HK.01980,491,0.5799999833106995,0.574999988079071,0.8695644061371431,0.1981981981981982,264350.0,153322.9955881834,3.8021325072456604,0.5953061509132386,0.6626642310619354,1.754384313814067,-10.684674781681574,-15.716518532858162,-11.998135921796257,-13.217210145008318,1
HK.01981,491,0.6650000214576721,0.6600000262260437,0.7575750049918888,0.1894008377344746,274400.0,182476.00588798523,5.1743303169898525,0.6658020532131195,0.8444479495286942,-2.2058802260453536,-14.292793821561434,-27.148874468505092,-23.314601277612393,-60.40699688134785,1
HK.01982,490,0.800000011920929,0.800000011920929,0.0,1.0245534385658501,313513.5,250810.80373737216,1.3053739160821463,0.8225999999046326,0.9592055436968804,5.263160784158717,-18.367347311149377,-23.076919109158116,-23.80951921415416,9.014671663893198,0
HK.01983,490,2.2300000190734863,2.2300000190734863,0.0,0.0,950.0,2118.500018119812,0.35725589797817264,2.220131416320801,2.061267877817154,-2.6200848811800905,-4.539500690033008,13.64344990255017,9.977523111828516,0.2736236669516578,0
HK.01985,491,3.2200000286102295,3.3450000286102295,-3.736920745317142,0.11087803416242134,574400.0,1849568.0164337158,7.497477790374216,2.9577000069618227,1.7295750004053116,-10.055863205805586,125.17483543490427,145.8015396380915,157.60000228881836,120.89016929697958,0
HK.01986,491,0.9700000286102295,0.9649999737739563,0.5181404116228937,1.1611170784103115,982200.0,952734.0281009674,6.467700431527319,0.9117000019550323,0.84733647108078,19.75308959939424,8.342063974937238,8.342063974937238,21.884817914616892,25.914869141042384,1
HK.01987,491,0.24500000476837158,0.24500000476837158,0.0,1.0458774462624318,623200.0,152684.00297164917,2.3792769284878688,0.21709999948740005,0.200517907589674,13.953488694454535,27.153153313398715,30.967742038265772,32.290650013686346,68.99063749346178,0
HK.01988,491,3.440000057220459,3.4549999237060547,-0.4341495460730976,0.729317573020745,19498201.1,67073812.89969602,2.523904906307797,3.4022722816467286,3.7512966978549955,5.846155606783354,-1.6378460303384306,-8.332650358368083,-11.796155819309227,-25.89504840003961,0
HK.01989,94,125.80000305175781,113.4000015258789,10.934745466514931,1.2751549317907267,1830964.35,230335320.81765977,11.294009217876773,148.81045730590822,,-7.4999977560604325,-32.64923251568985,,31.614625800248803,,1
HK.01991,491,0.7699999809265137,0.7799999713897705,-1.2820501064172196,0.17150972097949366,569699.05,438668.257633853,9.069894722088751,0.6979999971389771,0.7961749961972237,6.94443754575898,32.75862122120672,-18.085108204306717,-8.333332742017395,18.461539872299337,0
HK.01993,491,0.49000000953674316,0.5,-1.9999980926513672,0.1023541453428864,21525.0,10547.250205278397,5.417405468052772,0.5849999994039535,0.6131249986588955,-12.499998669539185,-19.672131467909935,-22.222220119765602,-5.769225478877488,-25.757577262743496,0
HK.01995,491,1.75,1.7599999904632568,-0.5681812794001605,0.3493589460495153,2515173.6,4401553.8,2.6148933548064366,1.734199993610382,1.733123020529747,2.3391790035497877,-7.875817645619897,-1.4714649048660131,7.747582570950335,-12.318304668671551,0
HK.01996,491,0.02500000037252903,0.02199999988079071,13.636365945427883,2.078078078078078,367600.0,9190.000136941671,3.452153464380682,0.022020000014454127,0.030370000167749822,25.00000465661298,4.166667313418449,-13.79309968311909,-26.470591135606476,-50.0,3
HK.01997,491,32.08000183105469,30.0,6.933339436848958,3.0497346888862444,6637908.45,212944115.23037338,4.089026681415573,23.835200119018555,24.234260940551756,40.45534858466214,31.15291509319496,25.6349006385216,30.811617740652313,33.21605721764924,2
HK.01999,491,3.125,3.1050000190734863,0.6441217650131141,1.224794394141971,5452307.25,17038460.15625,3.484781681477521,3.2105075979232787,4.117357584238053,3.135314505189774,-25.35468087406188,-31.25612913559638,-30.66350736472766,-27.94646207519598,1
HK.02000,491,0.25999999046325684,0.2549999952316284,1.960782480441495,1.7289556409360811,123320.0,32063.198823928833,1.6299385299446654,0.28079999804496764,0.31232499912381173,-5.454550971669479,-7.1428609441737585,-20.0,-26.760563853240598,-10.344828294942289,1
HK.02001,491,0.5550000071525574,0.5699999928474426,-2.6315764707211,1.1831412670191477,1040310.15,577372.140690878,2.711762798941779,0.596799989938736,0.8428999993205071,-7.500002483526767,-22.916668736272307,-40.322580335043476,-42.7835061048673,-49.545454988794866,0
HK.02002,491,1.0049999952316284,0.9950000047683716,1.0050241623450802,0.8029197080291971,114000.0,114569.99945640564,6.095201118724682,0.9428999960422516,1.2525749936699868,11.66666909500411,-6.0747714050574375,-19.600000381469727,-29.720277475887418,-48.984772556545444,1
HK.02003,491,0.949999988079071,0.949999988079071,0.0,0.6550480769230769,34370.0,32651.49959027767,2.4817733070759336,0.9411000049114228,1.831225006878376,0.0,-22.13115034421193,-58.69565183589047,-64.0151533966112,-71.784087897141,0
HK.02005,491,2.4000000953674316,2.365000009536743,1.4799190566406935,0.8153632860713601,3047840.3,7314817.010664701,2.800594937686186,2.321000003814697,2.635765322446823,3.004299311307958,0.8783827999678114,-18.961031726046066,-14.994091328786435,-23.016971960466925,1
HK.02007,491,0.17800000309944153,0.17299999296665192,2.8901793850092417,1.0068146468278616,245100912.05,43627963.10457595,4.14116501554439,0.19072000026702882,0.33277499869465826,-7.291665858226939,-34.07407554579364,-36.42857059228177,-54.936709300082285,-67.63636377429174,1
HK.02008,490,1.399999976158142,1.3600000143051147,2.9411736347271384,3.425684485006519,62050.0,86869.99852061272,3.451124160634649,1.4116000056266784,1.6647999966144562,-3.448280681469336,-17.64706253592933,-27.08333294528225,-23.076926603825033,-6.040270657889662,1
HK.02009,491,0.5849999785423279,0.5899999737739563,-0.847456856590309,0.713406017891117,6955482.8,4068957.2887515305,3.147685550918433,0.597517853975296,0.6945866203308105,2.6315764707211,-15.019460892748974,-24.124519123504065,-13.871074322145265,-25.01717252167336,0
HK.02011,490,1.350000023841858,1.350000023841858,0.0,0.0,4300.0,5805.000102519989,0.0,1.3484000062942505,1.4256500041484832,3.8461594891973454,3.8461594891973454,-9.395972134148693,-9.395972134148693,-2.8776951269557505,0
HK.02012,491,0.18299999833106995,0.17599999904632568,3.977272342428686,0.5421722414662921,1039965.5,190313.68476437032,8.923719624122512,0.22937999904155731,0.35644499957561493,-14.084507633452143,-47.71428530070246,-54.250001098960624,-57.93103509699594,-61.87499949553359,1
HK.02013,491,1.2450000047683716,1.2400000095367432,0.4032254188043424,0.5679634060351725,26708603.1,33252210.986856546,4.527899793632169,1.2442000007629395,1.7316500002145767,4.621844109518671,-16.442953234916065,-46.79486963954268,-34.81675253792525,-39.85507029374667,1
HK.02015,491,49.91999816894531,49.119998931884766,1.6286629773138117,0.5522090222371121,10866982.5,542479746.5019608,3.6751138992559107,51.408999862670896,65.85875001907348,5.272037318713384,-28.327355240046597,-24.19134498755719,-26.642180851958358,-58.36530647735587,1
HK.02016,491,2.259999990463257,2.2950000762939453,-1.5250581554318712,0.8163277369614368,6115550.05,13821143.05467757,1.8972744085117959,2.296357307434082,2.3748610627651217,3.6697211585436476,-3.998691102127658,-2.437697181743918,-5.137051556155831,-15.491805427102562,0
HK.02017,491,0.32499998807907104,0.3700000047683716,-12.16216651604412,2.5911441907405073,894700.0,290777.48933434486,11.466692987017879,0.2647599992156029,0.23700499832630156,52.582154369314296,47.727268109144234,35.41666472641126,41.30434007973676,12.068964631322139,0
HK.02018,491,41.380001068115234,41.040000915527344,0.8284603923077709,0.7623862895559025,5297348.3,219204278.3121784,4.461383672199454,42.37840019226074,38.78530839920044,6.980353520261387,6.150255264128479,8.355976754374836,3.3623605015545537,-1.610733105102682,1
HK.02020,491,74.5,74.5,0.0,0.5266051844867538,7588432.2,565338198.9,2.5254579385445166,74.18500045776368,78.6570129776001,2.1247472468813604,-3.3824336824707766,-1.9403823364101285,-7.747329406234081,-16.813520747030953,0
HK.02022,490,0.05400000140070915,0.05400000140070915,0.0,0.0,338400.0,18273.600473999977,5.99641611177492,0.0536200001090765,0.052965000066906215,12.500001940255348,19.99999834431549,0.0,5.882357667611771,5.882357667611771,0
HK.02023,491,0.7799999713897705,0.7599999904632568,2.6315764707211,2.4285714285714284,31400.0,24491.999101638794,3.1465309336670377,0.7587999951839447,0.7601499971747399,1.2987000923330156,-2.5000050291418283,3.9999961853027344,-1.265829088137235,-6.024097942928766,2
HK.02025,491,11.470000267028809,11.199999809265137,2.4107184139442173,0.6364455118583008,666600.0,7645902.178001404,4.682526520120449,11.722000751495361,12.317068724632263,-7.6489517184335725,13.392712439150198,-25.771323799788902,-0.017199762312419507,164.3223320699061,1
HK.02026,184,61.25,59.95000076293945,2.1684724278839287,0.9241741486301146,809950.75,49609483.4375,4.811573974119812,61.59499977111816,,16.777882000105752,-25.21367660701921,-53.52807391366513,-47.24375468992557,,1
HK.02028,491,1.5149999856948853,1.4850000143051147,2.020200074126503,0.28652813931106647,7434650.0,11263494.643646479,14.310284727818418,1.3550999993085862,0.41717000026255846,-15.36312748707878,1131.7072714211909,1217.3912680104015,1919.9999006589294,2654.545443461946,3
HK.02030,491,1.274999976158142,1.2799999713897705,-0.39062463620211113,4.117647058823529,22050.0,28113.749474287033,1.3027103853363964,1.2944999623298645,1.3885013729333877,-2.6717532939075133,-2.6717532939075133,-10.836899629483122,-13.828949157873502,-14.3617975296938,0
HK.02031,490,0.41499999165534973,0.41499999165534973,0.0,0.0,7000.0,2904.999941587448,0.4320987200086538,0.385699999332428,0.3539999996125698,2.4691334404499927,25.75756823173707,29.68750029103831,36.06556784366621,8.242044610361834,0
HK.02033,490,0.23999999463558197,0.23999999463558197,0.0,0.0,57700.0,13847.99969047308,1.5290938451053842,0.262099994122982,0.30462807543575765,-2.439029265698055,-15.789474509759632,-26.153845095775495,-27.272731788230487,-26.08386831008293,0
HK.02038,491,18.989999771118164,18.469999313354492,2.815378868951513,0.8639327658004484,1229787.45,23353663.39402399,7.269752626652385,21.252838745117188,20.928834705352784,2.593190363592579,-20.962681923153774,-4.065594267501869,-0.7438358614361585,38.173154486759806,4
HK.02039,491,7.525000095367432,7.434999942779541,1.2104929829258946,0.7481057336478824,6441821.5,48474707.40183997,5.787556575891493,7.887055311203003,8.83777217388153,3.0821903938870783,-28.070788681825594,-15.136142950528262,-17.13507904977492,-10.004849600233037,1
HK.02048,491,0.01899999938905239,0.02199999988079071,-13.636365945427883,1.8700997189767739,3245125.0,61657.37301739864,11.023201466199236,0.027179999984800817,0.057999999998137354,0.0,-65.45454637817116,-72.46376831155695,-72.85714384548517,-84.03361432665223,0
HK.02050,278,26.860000610351562,26.3799991607666,1.8195658258353489,0.7054554659118917,8545824.4,229540848.5999573,4.599075162729406,27.508972816467285,32.423495779037474,-4.412810513468426,-21.99318973639033,-25.379200990593535,-32.162910645013206,2.519486335904915,1
HK.02051,491,0.33000001311302185,0.3400000035762787,-2.9411736347271384,1.0304253985936085,2171450.0,716578.5284742713,8.25342781088927,0.4307999992370605,0.5553750011324883,-22.352940268995052,-51.470586817363575,-45.0,-36.53845668897103,-14.285708756526322,0
HK.02057,491,186.5,189.39999389648438,-1.5311478299568226,0.6486569945259996,1281536.7,239006594.54999998,2.255982491172132,181.50400024414063,176.2450486755371,0.5933150699723317,-5.185560298166207,9.156695176541437,12.103344683878186,20.03513904622729,0
HK.02068,491,1.9049999713897705,1.8949999809265137,0.5277039875413395,0.6794843243510752,1941200.0,3697985.9444618225,2.938486765318651,1.9397999906539918,2.4332999920845033,7.627118187458429,-27.011492415411414,-33.15789350402208,-26.730767643663246,-23.18548561538046,1
HK.02076,491,62.650001525878906,63.95000076293945,-2.032836937531246,0.24025954663701363,66047.75,4137891.6382808685,2.8134798963006027,55.986399765014646,65.87785024642945,12.98467207191031,17.43205870243659,-15.165872958232965,-21.095717478721532,-18.560728564456557,0
HK.02078,491,0.1379999965429306,0.1289999932050705,6.9767471410272535,20.15748031496063,12750.0,1759.4999559223652,2.457228070966788,0.12185999974608422,0.1307999996840954,19.999994816987503,17.948716315892906,5.343511016223952,6.153847388261919,9.52380501854544,1
HK.02080,490,0.3199999928474426,0.36000001430511475,-11.111116630059483,1.8203033838973162,93100.0,29791.99933409691,3.958242234671086,0.2918999993801117,0.33684999868273735,14.285711244660995,14.285711244660995,12.280700653653822,-11.111116630059483,25.490195620110374,0
HK.02086,491,0.5600000023841858,0.5600000023841858,0.0,22.62108262108262,37400.0,20944.00008916855,2.033356463861111,0.5094999969005585,0.48527499675750735,24.44444827091557,19.14893697969187,24.44444827091557,20.430107113391298,-5.084741139541855,0
HK.02088,490,0.03799999877810478,0.03799999877810478,0.0,,0.0,0.0,0.0,0.03799999877810478,0.03799999877810478,0.0,0.0,0.0,0.0,0.0,0
HK.02096,491,12.449999809265137,12.260000228881836,1.5497518502137053,1.048011012944898,7255767.75,90334307.10357213,4.482392215644292,11.10872589111328,11.880322670936584,2.9776646164904093,8.486808919425837,10.274540697003074,7.751305130141593,-10.961806685177114,2
HK.02097,353,229.39999389648438,226.0,1.5044220780904314,0.6009948871073671,492374.95,112950810.52478181,5.064797688713707,237.34800018310546,334.48799995422365,11.467439501830944,-21.759896198604892,-46.70074415668848,-43.60865270890025,-52.544477287352166,4
HK.02098,491,0.06499999761581421,0.06400000303983688,1.5624914507502095,0.12456140350877193,1571950.0,102176.74625217915,11.948848175900787,0.07696000047028065,0.09893000019714236,-7.1428609441737585,-29.347828815784478,-40.90909275634231,-35.64356895781356,-65.24064418275421,1
HK.02099,491,213.8000030517578,205.60000610351562,3.988325245532166,1.096515544148387,2843252.7,607887435.9369187,6.222427919319089,152.6459991455078,162.5675830078125,53.923695065885234,29.497271440261425,-1.5721996267616112,32.494289021740016,210.46450810223334,6
HK.02100,491,0.3449999988079071,0.33500000834465027,2.985071705720311,0.4093740729753782,1028400.0,354797.99877405167,5.201004766218791,0.3998631191253662,0.43225065007805824,-13.750001583248354,-30.176626079089232,-14.192961857704287,-16.211958370159206,-41.62308422583415,1
HK.02101,491,1.0149999856948853,1.0750000476837158,-5.5814008676661615,0.5171097124787261,245553.2,249236.49448733332,6.688854358769928,0.8620643484592437,0.9212521639466286,16.271230717790516,20.49927218014297,8.646879207114997,1.960928718910039,-0.11454445994410502,0
HK.02102,491,0.30000001192092896,0.30000001192092896,0.0,2.155688622754491,70000.0,21000.000834465027,1.6666982797060987,0.2799000000953674,0.2768075881898403,0.0,3.448282949422888,14.369501133091239,16.487457063582408,60.863636501648614,0
HK.02105,491,7.014999866485596,6.695000171661377,4.779681652268131,1.0103408365936106,1342037.4,9414392.181818675,7.519453295717163,7.663199949264526,12.608149979114533,-4.816825299673072,-49.96433924792784,-55.99121674307529,-48.381164181593064,-64.88988975371909,4
HK.02107,491,0.42500001192092896,0.41999998688697815,1.1904821881092846,0.21847108792176165,2310030.0,981762.7775377035,12.332121343044548,0.2887400010228157,0.23159499995410443,57.407405567757955,157.5757545654221,105.31401317421005,83.18966558196486,43.09765147657969,1
HK.02108,491,0.42500001192092896,0.4350000023841858,-2.2988483697581654,1.6296296296296295,69800.0,29665.00083208084,4.384639781385468,0.451146577000618,0.36309956908226015,-2.2988483697581654,0.8190369551798709,38.6261745883078,55.650438192168885,101.63807391035975,0
HK.02110,491,0.08100000023841858,0.08100000023841858,0.0,1.1127596439169138,284600.0,23052.600067853928,3.873867043938967,0.09104000061750411,0.10857000041753054,-11.956521651103728,-23.58490453310901,-12.90322761547218,-21.35922316051314,-40.44117953202906,0
HK.02111,491,2.3399999141693115,2.3550000190734863,-0.6369471245302243,2.42636703605066,299900.05,701766.0912593722,2.197955972809404,2.413267955780029,2.8249994993209837,-5.263162467008709,-15.04822851658675,-22.50481212689139,-24.86028252409011,-14.40585160921957,0
HK.02112,491,0.03799999877810478,0.03799999877810478,0.0,0.07974481658692185,940100.0,35723.798851296306,11.185153701115661,0.049840000048279764,0.061579999998211864,-9.523811213283604,-50.0,-36.6666672875484,-29.62963371773959,-39.6825425921894,0
HK.02113,491,0.17299999296665192,0.1899999976158142,-8.947370980254863,1.6564952048823016,308000.0,53283.99783372879,4.716520331083969,0.15317999854683875,0.09388999976217746,-1.1428594783861208,150.7246337688612,166.1538450957755,170.31247617123995,260.4166488809926,0
HK.02116,491,0.675000011920929,0.6800000071525574,-0.7352934086817846,0.3508771929824561,67300.0,45427.50080227852,3.2263971909625613,0.6904999983310699,0.6298000003397465,-3.571425226269879,-4.929572912559228,5.46875422005551,32.35294598884108,46.739130364361245,0
HK.02119,491,0.46000000834465027,0.46000000834465027,0.0,2.801302931596091,105000.0,48300.00087618828,0.7060520135597702,0.4698000019788742,0.5028212060034275,-2.127657550770317,-4.166662786155852,-12.432991693324375,-14.025121422846945,-18.656032408071535,0
HK.02120,490,8.119999885559082,8.119999885559082,0.0,0.0,4695.0,38123.39946269989,0.7029971815659825,7.6755624103546145,8.950920531749725,14.366197107425165,-5.754679869041813,-13.144587050434861,-14.279381715645254,-6.883324801174824,0
HK.02121,491,3.865000009536743,3.9100000858306885,-1.1508970666527478,3.2051297546948057,428115.6,1654666.7980828285,4.002311899533542,4.054400010108948,5.077049999237061,-7.756564277932557,-3.374999761581421,-39.60937575087882,-30.61041489368715,-38.74801831084931,0
HK.02122,491,0.1340000033378601,0.13699999451637268,-2.1897746705048577,0.8016877637130801,59200.0,7932.800197601318,2.6848772207060603,0.14053999990224839,0.20470999889075756,-10.067114228198376,-9.459458370988969,-45.7489851675527,-53.79310096770199,127.11864834850937,0
HK.02125,491,0.29499998688697815,0.30000001192092896,-1.666674945089223,0.3389830508474576,11900.0,3510.49984395504,3.204975662901519,0.3106000030040741,0.4058750009536743,-1.666674945089223,-19.178087896109595,-26.250004377216037,-37.89473882342312,-50.0,0
HK.02126,491,1.7899999618530273,1.5750000476837158,13.650787787943408,3.2832569204844795,638663.1,1143206.924636936,5.691889367319105,1.7161999940872192,2.418799998164177,2.285712105887277,-23.82978576618705,-32.19697383618097,-28.400001525878903,-68.4859152121384,1
HK.02127,490,0.019999999552965164,0.019999999552965164,0.0,,0.0,0.0,0.0,0.019999999552965164,0.019999999552965164,0.0,0.0,0.0,0.0,0.0,0
HK.02128,491,4.03000020980835,4.079999923706055,-1.2254832066832002,0.9015361511421505,5999817.5,24179265.783811808,3.3577059135128278,4.00542724609375,4.635740842819214,7.754016030270745,-9.595185639841635,-25.67068142689389,-9.010660091063379,-14.188919714390961,0
HK.02129,491,0.22100000083446503,0.23000000417232513,-3.913044858519632,1.0932203389830508,622250.0,137517.25051924586,3.301303855357065,0.20755999952554702,0.1621600003167987,9.95024643258055,41.666664278660114,41.666664278660114,45.39474206628331,64.92536964887083,0
HK.02130,490,3.140000104904175,3.1500000953674316,-0.31746000509534544,0.0,7700.0,24178.000807762146,1.4602672257966038,3.1758450746536253,3.272565760612488,-0.31746000509534544,-4.251390178430374,-4.541543201134068,-5.116591742809277,-5.971211449336525,0
HK.02131,490,0.45500001311302185,0.45500001311302185,0.0,,0.0,0.0,0.0,0.45500001311302185,0.45500001311302185,0.0,0.0,0.0,0.0,0.0,0
HK.02132,491,0.17800000309944153,0.1599999964237213,11.250004423782329,1.092896174863388,115800.0,20612.40035891533,3.529461603163793,0.1502000007033348,0.14729999996721743,12.658224624809055,27.142858815436455,6.586830942306629,42.40000247955322,95.60440298209903,1
HK.02135,491,0.10899999737739563,0.09600000083446503,13.54166294784392,1.9332161687170475,53900.0,5875.099858641624,1.8108320729700405,0.10882000043988228,0.13406500048935413,8.999995753169122,-22.69503875887068,-31.875000116415325,-23.77622916859444,-12.096774871931126,1
HK.02136,490,0.5899999737739563,0.6000000238418579,-1.666674945089223,0.5795053003533569,104375.0,61581.24726265669,2.0806054777014027,0.6098000061511993,0.5723202703893184,-1.666674945089223,-7.812502037268178,-8.73745867578294,46.02006342620088,33.68034517245354,0
HK.02137,491,0.9399999976158142,0.925000011920929,1.6216200542241166,1.4056487913474103,569339.75,535179.3636425883,4.757997279258836,1.017299998998642,1.406925002038479,-12.149537239587598,-29.32331073047596,-38.562090510239145,-33.802815068692674,-54.14634051314425,1
HK.02138,491,0.4449999928474426,0.4099999964237213,8.536584568052042,2.0143096456638214,436154.85,194088.9051303774,4.24480635597466,0.38409999787807464,0.5152249969542027,18.66666475931803,-4.301077543014524,-25.83333747254461,-21.929824836586544,-31.538460127700663,3
HK.02139,491,0.23600000143051147,0.23800000548362732,-0.84033781808187,0.27757051562956025,909166.65,214563.33070057334,3.5785108119631577,0.2371046847105026,0.19275725744664668,-3.3998332916338776,-9.362812414800645,43.953185128414226,46.83224909790234,24.43411742179877,0
HK.02142,491,14.1899995803833,12.729999542236328,11.468971646879485,3.4966154688171316,2990079.05,42429220.4648129,5.714488398803737,11.344599990844726,12.50219997882843,21.802575493761825,8.56924186465442,15.085155459742955,17.46688468545879,38.57421774955581,4
HK.02145,491,27.719999313354492,28.040000915527344,-1.1412324954513409,0.6648737936206665,1559548.4,43230680.577143095,6.237838461074309,30.10439994812012,57.651637401580814,6.451606523659473,-46.218077622492004,-61.740503639917286,-59.314831383421875,-62.44353841052291,0
HK.02146,491,2.0850000381469727,1.9850000143051147,5.037784540110683,0.6235530174409631,134700.0,280849.5051383972,6.594199360119305,1.6199999976158141,1.3806000000238419,34.516135631565454,81.30435490202603,59.16031520757523,47.872346631538534,57.95454206791805,1
HK.02147,491,0.5699999928474426,0.550000011920929,3.636360089641049,1.399507891736182,178290.0,101625.29872477055,6.616339084080371,0.5314000004529953,0.69299999833107,-6.557380413054316,13.999998569488525,-26.92307515962583,-39.361702734768905,-25.0,1
HK.02149,491,29.18000030517578,28.979999542236328,0.6901337684562967,0.2235371466140697,21940.0,640209.2066955566,5.338671126402701,32.72480003356934,39.802150135040286,-11.89613150293894,-16.676185254855433,-38.56842041015625,-32.265554631102496,-51.04026669086908,3
HK.02150,491,0.7300000190734863,0.7200000286102295,1.3888875091517963,0.20911340928755634,1766809.75,1289771.1511992216,4.639018483101045,0.7071000039577484,0.9253249981999397,5.797104579113893,-6.410250532086098,-36.521736155836194,-33.63636334080342,-50.340135723422776,1
HK.02152,490,4.28000020980835,4.28000020980835,0.0,,0.0,0.0,0.0,4.2819233226776126,4.622771134376526,0.2341973987472025,-5.962034095766526,-0.7929327181540377,-17.675534067830515,-21.66118955484971,0
HK.02153,491,0.800000011920929,0.7699999809265137,3.8961080178621965,17.4468085106383,8800.0,7040.000104904175,0.8295454286729386,0.8384999847412109,0.9332749909162521,-4.761900369272073,-10.11235676635287,-18.367347311149377,-19.999998807907104,-17.525774399498584,1
HK.02155,491,7.0,6.75,3.7037037037037033,1.3881898709335918,5815559.7,40708917.9,5.539634596224243,8.209703922271729,8.625433506965637,-19.168589799781248,8.129792898466862,-38.81887264512034,-21.85379867667331,-19.480411775817768,1
HK.02156,491,2.5850000381469727,2.569999933242798,0.5836616845840862,0.4525424914317689,1454150.0,3758977.8054714203,1.587616700335588,2.6267999744415285,2.580646493434906,-0.19304541266529243,-4.438718238713444,3.7624361980619634,1.121211886634834,-6.3692505171063045,1
HK.02157,491,4.510000228881836,4.235000133514404,6.493508540676799,1.2040490874974958,8766753.0,39538058.03655052,6.398341931012218,4.173800015449524,5.069050003290176,3.203669267484266,-10.337971356592178,-13.601524709711665,-9.437746754850263,-43.9054695238781,1
HK.02158,491,4.5,4.480000019073486,0.44642814378045226,0.7968588094058159,5235094.4,23557924.8,4.571783015443195,4.917299976348877,5.4627249765396115,-15.887848967932744,-24.369745474735083,-26.229507043393042,-15.887848967932744,-30.875578467177345,1
HK.02159,491,1.7799999713897705,1.784999966621399,-0.2801117829202136,1.1101622544833476,88080.0,156782.397480011,2.276835489599522,1.6172000002861022,1.4576000028848648,14.102566453832226,19.46308456354919,23.611104212425648,36.923079744598674,14.102566453832226,0
HK.02160,491,1.1799999475479126,1.0750000476837158,9.767432112253228,0.5876632565627838,1507072.5,1778345.4709509015,7.405422355056087,1.2544999980926514,3.6030249965190886,2.6086932184114295,-50.2109702731251,-77.08738008355853,-79.47826178177543,-82.51851929558647,1
HK.02161,491,1.9199999570846558,1.9249999523162842,-0.2597400184666031,0.8352075390509637,275526.8,529011.4441756725,1.516250109148769,2.093899986743927,2.5478568762540816,-3.5175905586243132,-23.50597751475322,-30.181819742376153,-27.547174038179,-32.1800338516064,0
HK.02162,491,81.8499984741211,76.94999694824219,6.367773515539872,0.5954209791717461,3114443.65,254917208.00023612,6.620426273720242,71.3059999847412,63.2129998588562,-2.6753864932498908,12.354152626642978,43.72255904759436,53.13376483779829,26.214341403236862,1
HK.02163,490,0.6000000238418579,0.6000000238418579,0.0,,0.0,0.0,0.0,0.6000000238418579,0.6000000238418579,0.0,0.0,0.0,0.0,0.0,0
HK.02165,490,1.600000023841858,1.590000033378601,0.6289302046118699,0.0,10650.0,17040.000253915787,0.19131213403011915,1.5792000102996826,1.8042000037431718,8.843536918467496,-11.602205832956825,-16.666663562258016,-15.789471372673027,-8.045976145262136,1
HK.02166,491,4.150000095367432,3.9200000762939453,5.867347311149377,0.7467340918668353,1008400.0,4184860.096168518,9.310156016462571,4.455857563018799,3.0830472326278686,-36.54434067929901,15.01081995009694,56.296757964786636,101.26894156199305,129.32665384707354,1
HK.02167,491,2.984999895095825,3.0,-0.5000034968058269,0.12556830482788484,43500.0,129847.4954366684,2.995203444157463,3.1269689655303954,3.9242195212841033,-6.718754668254336,-8.259295929496226,-30.151968599173962,-31.091625594073435,-12.19104231993005,0
HK.02168,490,0.9900000095367432,0.9399999976158142,5.319150217845466,1.1085972850678734,9375.0,9281.250089406967,1.5192855003075318,0.9379999971389771,1.192600002884865,10.00000397364309,-10.00000108372079,-20.161290167521738,-21.42857007699217,-36.9426766584802,1
HK.02169,491,0.46000000834465027,0.4650000035762787,-1.0752677834782465,0.2809595850443052,1280800.0,589168.0106878281,1.7913483890310258,0.5189000004529953,0.6317749993503093,-7.999998331069946,-20.689651451552983,-35.21126447228103,-41.77215242401144,-65.41353432317673,0
HK.02170,491,1.399999976158142,1.399999976158142,0.0,0.20618556701030927,19100.0,26739.999544620514,2.993149310522145,1.3955999851226806,1.8997500002384187,0.7194237817389376,-25.531915972922498,-30.69306983280248,-28.93401239461929,-51.890036602576316,0
HK.02171,491,15.329999923706055,14.880000114440918,3.0241922433079527,1.0327361817076537,2862882.65,43887990.80607939,6.40076781519535,15.144400005340577,16.630149955749513,-1.03292349758737,-27.345973239085602,-6.52438853483406,0.0652756467430901,-38.185482276962105,4
HK.02172,491,9.074999809265137,8.920000076293945,1.737665152975988,0.7214788617736544,1723417.5,15640013.483784199,3.3182053172335606,9.438368892669677,10.622059502601623,0.8333312140570747,-10.308676285252625,-27.850834727034485,-19.039690841024107,-31.876383025485254,1
HK.02175,491,2.319999933242798,2.5999999046325684,-10.769230063850333,0.9686383485510123,126350.0,293131.9915652275,9.328029540221374,2.808400011062622,3.0203000009059906,-17.142858115994215,-29.483283886237377,-20.000004932798028,-30.95238078343354,3.1111081441243487,0
HK.02176,491,0.8299999833106995,0.7850000262260437,5.732478417994072,0.8,38000.0,31539.99936580658,1.6561664343989,0.7354000067710876,1.1033795949816705,12.162158461362498,2.4901072838241687,-42.85400109309235,-41.068191348010906,-36.71751652491633,1
HK.02177,491,2.075000047683716,2.069999933242798,0.2415514300565674,0.9989806320081549,10300.0,21372.500491142273,1.463244049885266,2.1653206014633177,2.3558885931968687,-8.99122483677477,-11.040045252823267,-12.718538836634425,-19.688933276576314,-15.276234811271348,1
HK.02178,491,0.2199999988079071,0.2150000035762787,2.3255791388182447,0.24985653872510527,8095251.85,1780955.3973497078,11.898287019127913,0.18378000050783158,0.14635499976575375,29.411762643437918,0.9174330739619837,214.285711244661,339.9999910593034,214.285711244661,2
HK.02179,490,5.0,5.0,0.0,16.842105263157894,825.0,4125.0,0.0495051374716754,4.8846000385284425,5.14425000667572,-2.723732881754308,-3.660887381997734,-9.584090229658736,40.84507231437082,-37.96526377553489,0
HK.02180,491,5.150000095367432,5.139999866485596,0.19455698719061362,0.2190280629705681,18187.5,93665.62673449516,1.5947416953832956,5.160769939422607,5.14982408285141,-3.5580534043314676,-3.1727778299752063,4.231655432352604,2.227206591407046,24.02141508205486,1
HK.02181,490,0.4050000011920929,0.42500001192092896,-4.705884745376678,0.9811320754716981,27800.0,11259.000033140182,1.499458834528615,0.4062000006437302,0.48794999688863755,2.531643086491392,-9.999997350904605,-20.588233575413902,-18.99999976158142,-23.58490131044755,0
HK.02182,490,0.3149999976158142,0.3100000023841858,1.6129016752173695,4.615384615384615,59400.0,18710.999858379364,1.3111773800617907,0.3308999973535538,0.35212500020861626,-3.076920255401327,-3.076920255401327,-8.695652549493667,-17.105262745120182,-7.3529428522066915,1
HK.02185,491,2.380000114440918,2.1500000953674316,10.697674831227376,1.5535458865869975,222735.0,530109.3254899979,9.197513165000261,2.5866000199317933,4.856549990773201,-12.820509237628217,-47.921224834972094,-60.59602434648441,-59.999996794371945,-45.41284308350457,1
HK.02186,491,2.130000114440918,2.065000057220459,3.1477024416140047,1.0896617237281878,43194523.35,92004339.6787209,4.461286313110816,2.0059999990463258,2.6002499985694887,10.93750844011102,-15.810271204435075,-27.30375201669158,-23.104688479872394,-52.242150308907085,1
HK.02187,491,0.5149999856948853,0.5299999713897705,-2.830186132944906,0.30070377479206656,307300.0,158259.49560403824,3.571274467318401,0.5918999946117401,0.653524997830391,-11.206896463132214,-33.974358386541944,-33.974358386541944,-0.9615375798129149,7.2916660845900445,0
HK.02188,491,0.10599999874830246,0.1080000028014183,-1.8518555567015038,0.6204756980351603,99700.0,10568.199875205755,3.769511672027271,0.1215399992465973,0.16075999956578016,-11.666665735344072,-26.388886589326876,-36.52694522618536,-43.617020011784604,-62.1428577510678,0
HK.02189,490,0.49000000953674316,0.48500001430511475,1.0309268214748768,2.5089989039468157,109869.8,53836.20304780007,1.1930351455837642,0.4674000072479248,0.45667499959468844,6.521739271277513,2.083337601895229,10.112363463504076,8.888893892735743,11.476240787788381,1
HK.02190,491,19.489999771118164,18.889999389648438,3.176285870070074,1.8483401762082285,194951.95,3799613.46087904,3.3926927184035125,19.145600090026857,22.179666337966918,1.141667400769868,-14.23340319975451,-24.187868632121003,-13.481060427099065,-19.154437553632008,3
HK.02192,491,7.760000228881836,7.744999885559082,0.19367777332989705,0.9998471350972975,1405146.0,10903933.281612396,3.311657026723982,7.332799997329712,9.00108128786087,4.0214502573834014,-5.942185472237979,-35.03143174214322,-19.433689717103285,-47.19090148871691,1
HK.02193,490,0.4099999964237213,0.4099999964237213,0.0,0.0,83400.0,34193.99970173836,2.5452806169821307,0.33464000195264815,0.2825700004398823,24.242418221753294,7.894737254879816,65.32258190501496,69.42148704353264,102.97028819213585,0
HK.02195,491,0.25999999046325684,0.25999999046325684,0.0,0.6211180124223602,33200.0,8631.999683380127,0.7580536229222448,0.30079999685287473,0.3902749989926815,-11.864406094746942,-28.76712776165459,-43.478263968105296,-45.26315921561541,-42.22222281091009,0
HK.02196,491,17.040000915527344,16.3799991607666,4.029314948572033,1.7335890461986978,2695709.7,45934895.755995944,3.065537299056716,15.993833637237548,19.051513495445253,7.12120108453725,-6.994658828590102,-14.948469949490983,-12.262640862820406,-9.40163122065511,1
HK.02197,491,2.4000000953674316,2.0999999046325684,14.285724017085302,3.0431613979623857,5305386.15,12732927.265961051,10.47126870587899,1.7191000056266785,2.2882749980688093,54.83872059356691,-16.955017015578633,0.0,1.26583169860671,313.79313179769156,2
HK.02198,491,3.065000057220459,3.0,2.1666685740152998,0.7573113747018266,3910125.0,11984533.348739147,7.57404310271875,3.110700011253357,3.710142196416855,11.454547535289418,-44.55333567388471,-33.79503022743577,-0.7983103628020537,74.43894056591415,1
HK.02199,491,2.2899999618530273,2.2950000762939453,-0.21786990303688122,0.7415204678362574,443350.0,1015271.4830875397,5.886739630834935,1.8740999984741211,2.0412119716405868,27.932961489138503,22.45989069591897,-0.9106154980014906,-2.9579227464741136,27.27117816019228,0
HK.02202,491,2.5,2.490000009536743,0.4016060411629196,0.7591314339836387,17894277.9,44735694.75,4.271093949255449,2.4534000062942507,3.2935500049591067,6.382983040626325,-21.8750011641532,-31.69399067288301,-25.81602121967875,-54.95495650300184,1
HK.02203,490,0.1599999964237213,0.15000000596046448,6.666660043928621,2.619047619047619,187500.0,29999.999329447746,1.994758725003316,0.16883999973535538,0.19480999998748302,-3.6144563171994144,-23.44498010195959,-26.60550446173587,-21.951220575930613,-20.792083736260963,3
HK.02205,490,0.574999988079071,0.574999988079071,0.0,0.0,2300.0,1322.4999725818634,0.29195440295983466,0.914999989271164,1.0040499994158745,-39.47368470585578,-47.247709131092265,-57.089554197301155,-55.76923006385033,-29.012347359679815,0
HK.02208,491,11.550000190734863,10.859999656677246,6.353596278738112,1.3828266665043705,19976004.8,230722859.25012055,5.28725858472284,10.660344696044922,13.278102226257325,9.168244555988887,-33.47366368395322,-30.412276298654884,-27.280395982960474,61.57697422791165,6
HK.02209,491,3.7200000286102295,3.75,-0.7999992370605469,0.4497174235440298,1258000.0,4679760.035991669,7.538328046810262,2.851052451133728,3.4610240650177,40.3773545183378,28.131720314211066,0.9624321764691723,-6.389201851935958,-19.65073833847888,0
HK.02210,490,1.875,1.8799999952316284,-0.26595719384628963,0.0,41900.0,78562.5,0.37584672072396125,1.9752799916267394,2.364600654244423,1.9021720644826359,-21.04723410018341,-24.095597820327384,-28.25095088254856,-43.34513210838736,0
HK.02211,491,0.8700000047683716,0.8849999904632568,-1.6949136561044988,0.9613165818653896,5388801.0,4688256.895695806,7.632136754656966,0.5235999947786332,1.1079499958455563,100.0,47.45763448147038,-76.54986534170202,-47.90418999248696,-31.496061587837726,0
HK.02212,490,0.15000000596046448,0.15000000596046448,0.0,0.0,3500.0,525.0000208616257,0.0,0.15100000351667403,0.17284500017762183,-10.179634841235707,-1.9607785847130057,-16.666666666666664,-21.052627451201833,53.06123457492193,0
HK.02215,491,0.3449999988079071,0.3149999976158142,9.523809974335942,1.3573973352393929,4780800.0,1649375.9943008423,23.192146778443536,0.17391999989748,0.27849999725818636,146.4285695279131,35.29411970950332,25.454542301903153,18.965520253504728,-61.66666578363487,1
HK.02216,491,0.6100000143051147,0.6000000238418579,1.6666650109821552,1.555512456662322,354824.1,216442.70607579945,8.778591360854309,0.7163999998569488,1.6082000043988227,-17.567566696791175,-44.54545444693447,-72.39818987439548,-74.15254061778904,-78.9655174398252,1
HK.02218,491,22.860000610351562,21.84000015258789,4.6703317336873225,0.9340676780324774,2515473.4,57503723.459323116,7.8506149950749196,18.799600048065187,16.021454362869264,43.68322331612044,49.004630992296974,52.41546011981272,71.86079750666691,25.697540139345993,4
HK.02219,491,2.5850000381469727,2.5999999046325684,-0.5769179629149057,0.3469280662312685,234184.6,605367.1999334336,1.9807781765182226,2.5474999713897706,2.4901982522010804,2.579367369541042,-5.83715731681464,2.3806918065520652,3.891839485540554,-7.991212120003493,0
HK.02221,491,0.6349999904632568,0.6150000095367432,3.2520293685164203,4.28199700691645,171880.0,109143.79836082458,6.869061651331779,0.6862000000476837,0.9081499999761582,-6.617649443524906,-29.444443634998628,-35.858587439772215,-37.12871322186832,-7.971015556898724,2
HK.02222,490,0.6200000047683716,0.6200000047683716,0.0,1.2903225806451613,16500.0,10230.000078678131,1.0434994669948414,0.6534000134468079,0.6711500039696694,-6.060609070941536,-3.124997089616889,-8.82352966957026,-4.61538038310199,-22.500000558793538,0
HK.02223,491,0.5400000214576721,0.550000011920929,-1.8181800448205245,0.4231974921630094,125100.0,67554.00268435478,3.6482734568727455,0.7666000002622604,0.7855499990284442,-12.903223015391266,-40.65934001154234,-32.49999832361939,-30.769225478877487,111.76471825701991,0
HK.02225,491,4.699999809265137,4.699999809265137,0.0,0.1684413471013771,17473655.65,82126178.22216468,9.219059260647535,3.59229998588562,2.458874996304512,43.29267836163112,-0.2123190828204381,147.36841411801907,279.03223976756493,203.22580347448172,0
HK.02226,491,0.5,0.4950000047683716,1.0101000370632516,9.216300940438872,11075.0,5537.5,1.370335132782627,0.5799000018835068,0.5135249972343445,-1.960782480441495,-3.8461503192516595,11.111114054550438,0.0,-23.07692025540133,1
HK.02227,490,0.30000001192092896,0.30000001192092896,0.0,1.370223978919631,157800.0,47340.00188112259,0.8350759161340013,0.2984999996423721,0.2262550003454089,0.0,3.448282949422888,50.75377411217534,105.47946323975337,212.50000970127672,0
HK.02228,491,7.550000190734863,7.235000133514404,4.353836232307677,1.6075500595642855,53928672.55,407161488.038578,6.269262951029218,7.317999992370606,9.57894999742508,-4.671715681753104,-19.16488150545759,-43.99109460591035,-24.42442078364728,19.27330618851776,1
HK.02230,491,0.20000000298023224,0.20100000500679016,-0.4975134336559546,0.5619266055045872,412250.0,82450.00122860074,1.9478130764210417,0.20853999972343445,0.22718179531395435,1.5228457496819698,-21.56862481563465,-11.504421919661246,-13.79309968311909,-22.7815575169185,0
HK.02231,491,0.009999999776482582,0.009999999776482582,0.0,0.7763135288540467,5574850.0,55748.49875392392,8.489095606590901,0.01663999993354082,0.06880500013008714,-33.33333333333333,-70.58823754991614,-85.29411877495806,-87.34177301741238,-96.92307687899064,0
HK.02232,491,6.644999980926514,6.670000076293945,-0.3748140192124624,0.5188704563694586,2153878.85,14312524.917168021,3.7416394968761306,5.957006921768189,6.39527293920517,14.175254036627155,10.67485846552285,-2.730830074176984,4.6380409022873454,22.426158812198118,0
HK.02233,491,1.715000033378601,1.7100000381469727,0.29239737544372346,1.2430040745414332,20821361.75,35708636.09623793,5.03145983318261,1.71145437002182,2.5073374384641647,11.363641289640187,-28.47162006715675,-48.99715597214298,-43.60261973982772,-13.320289418733818,1
HK.02235,491,6.945000171661377,7.0,-0.7857118334089006,0.0447260529258293,12535.0,87055.57715177536,1.7116835363643126,7.191400012969971,7.330049991607666,-4.2068941839810075,-16.021767989848385,-7.152404358929097,-10.271312958216496,-0.6437711148821496,0
HK.02236,491,0.4449999928474426,0.44999998807907104,-1.111110080907347,1.6096868622490639,452304.8,201275.63276486396,6.502148323876596,0.49299999833106994,0.4678999997675419,-14.423075159625828,-25.83333747254461,8.536584568052042,21.917803074097225,4.705877733065725,0
HK.02237,491,0.1899999976158142,0.1899999976158142,0.0,1.0169491525423728,182500.0,34674.99956488609,1.3708149998776877,0.22228000074625015,0.3129450007528067,-10.798122985369998,-37.70492027536954,-44.927536732658226,-47.945207492744565,-47.945207492744565,0
HK.02238,491,2.2300000190734863,2.244999885559082,-0.6681455345312957,0.42730969782530287,12616796.9,28135457.327646304,3.5805570839942944,2.290800018310547,3.1669500052928923,1.8264822286714992,-20.071682811336213,-42.52577439949859,-43.68686874768355,-34.41176598459788,0
HK.02239,491,1.4249999523162842,1.4299999475479126,-0.3496500290228781,0.0319744204636291,24450.0,34841.24883413315,4.16385494061789,1.3402675580978394,0.9557436367869377,6.343277374655661,50.815221179696124,88.51902350154683,72.61982792842477,32.66153389433148,0
HK.02245,491,13.979999542236328,13.59000015258789,2.869752650990011,0.7817468721682652,2788908.9,38988945.14533882,7.513241409172284,13.420400047302246,17.93630624294281,2.945505307640027,19.969005814356024,-44.453808813930486,-40.11216305796268,-0.640636470710319,1
HK.02246,490,1.159999966621399,1.190000057220459,-2.5210158955061504,0.22646850672328378,15719.0,18234.03947532177,1.9280597061452773,1.3503999900817871,2.048499999642372,-10.769230063850333,-36.2637399345934,-48.44444592793782,-46.04651557361179,-70.63291259194733,0
HK.02249,21,32.779998779296875,31.799999237060547,3.0817596407178875,0.33735560886037735,5563060.6,182357119.67715454,8.156439207265617,,,1.486066729331633,,,1.486066729331633,,1
HK.02250,491,0.28999999165534973,0.29499998688697815,-1.694913713180618,0.07055630936227951,180600.0,52373.99849295616,5.437794409533575,0.34419999837875365,0.7042000010609627,9.433965022643019,-52.459018876302,-65.47619039171677,-69.47368470585577,-76.98412747219727,0
HK.02251,490,9.489999771118164,9.529999732971191,-0.4197267888123692,0.0,15715.0,149135.34640312195,3.6502225047425076,10.694199962615967,11.569649991989136,-10.892017736731077,-20.117847813970574,-20.25210020729194,-23.71382563321792,-32.214287349155974,0
HK.02252,491,23.219999313354492,22.0,5.545451424338601,0.7974347681184314,6445844.75,149672510.66898966,7.687802266645946,23.267599868774415,25.496299953460692,-8.293840469117374,-26.65824565614299,-22.080537222037535,-4.99182157955778,10.30878933464972,1
HK.02255,491,0.3400000035762787,0.3449999988079071,-1.449273985189887,0.47278760408810533,60828379.9,20681649.383539237,6.446509229023537,0.3474000018835068,0.49317500039935114,7.936509888789085,-20.930233041681802,-38.18181887145868,-26.08695708511005,-57.50000018626451,0
HK.02256,491,10.819999694824219,10.329999923706055,4.743463453408901,0.8545658732324161,1188954.6,12864488.409159852,5.282147153532177,10.021499996185304,12.455824975967408,-1.3673707251897547,-13.440002441406252,-21.98990782912989,-16.897086678884246,-7.679185594700956,3
HK.02257,491,3.994999885559082,3.9749999046325684,0.5031441863232543,0.7858277826088936,55650.25,222322.7423813343,6.13116252231376,4.609200010299682,7.0117500257492065,-12.582062680607283,-33.416668574015304,-55.21300615034398,-50.062501430511475,-51.8674723644148,1
HK.02258,491,0.3149999976158142,0.33000001311302185,-4.545459060957758,3.6260623229461757,41100.0,12946.499902009964,4.821199191119996,0.3490016955137253,0.24337302215397358,-12.50000413921128,55.47877297985563,41.95887513768256,41.95887513768256,81.39189736272748,0
HK.02259,208,137.10000610351562,131.39999389648438,4.337909034852515,1.3596022056816088,9225574.85,1264826368.2434402,6.764330645185337,110.6910353088379,152.16735828399658,39.47100900020164,-7.512764750913526,-32.58947813521124,-6.008911436091923,,4
HK.02260,491,1.2100000381469727,1.2100000381469727,0.0,11.875,5100.0,6171.000194549561,0.44659844193338644,1.317120018005371,1.2463396549224854,-0.8196713302251629,0.6717589292958106,4.973974764793492,5.878930280468882,-5.523420757524085,0
HK.02262,490,0.46000000834465027,0.46000000834465027,0.0,0.0,745950.0,343137.00622469187,0.594498415161022,0.5783999955654144,0.7877999994158745,-7.999998331069946,-38.66666555404663,-42.49999981373549,-42.49999981373549,-66.17647033042974,0
HK.02263,491,0.33000001311302185,0.3149999976158142,4.76190971769537,1.8103448275862069,253000.0,83490.00331759453,3.4637365493946346,0.3263000023365021,0.29786999881267545,0.0,-9.589039865544988,15.789479738237311,13.793111244365178,15.789479738237311,3
HK.02265,491,1.225000023841858,1.2000000476837158,2.083331263727694,1.3198653198653199,365250.0,447431.2587082386,3.7792178019772638,1.2665000009536742,1.259974988102913,-11.870500974900441,-19.934637467402492,15.56604622351698,12.385319846716545,16.666674235510794,1
HK.02266,490,0.4000000059604645,0.4000000059604645,0.0,0.49327354260089684,45700.0,18280.000272393227,3.341212801921055,0.38274850726127624,0.36403765887022016,9.589039865544988,6.5005894846226955,15.375621824258518,22.162435462474374,38.45075094968588,0
HK.02268,491,61.95000076293945,55.400001525878906,11.823102990350744,1.664063674773261,6381933.55,395360788.2915289,6.262318864727626,54.00740013122559,61.21860010147095,2.7363209730603293,7.087298871152909,-9.759651295002174,0.977998865104218,0.3238878752055921,2
HK.02269,491,45.86000061035156,41.380001068115234,10.826484839528744,2.5301220560784476,31665586.95,1452183836.8541405,4.939242395160361,35.617999954223635,35.22459999084472,20.81138492205697,35.520095755213674,16.632759324228118,40.934232698402354,36.488103252960535,6
HK.02270,491,7.295000076293945,7.449999809265137,-2.0805333817381735,0.38461538461538464,4700.0,34286.50035858154,1.6097888351490859,5.529599986076355,4.3599000227451326,20.379540349433512,82.37500190734863,81.46766445040188,83.7531492121347,364.6496708646811,0
HK.02271,491,3.180000066757202,2.9800000190734863,6.711410953141468,0.7754442649434572,408100.0,1297758.0272436142,3.8705627482525524,3.147981915473938,2.5412257581949236,-3.048777606854592,17.092405372109525,68.24329766216401,67.36244131897226,15.401537679250051,3
HK.02272,30,106.5,105.30000305175781,1.1395982084182432,0.6618271577097349,79000.3,8413531.950000001,5.444033849765112,,,-5.080211321994593,,,-11.39766829956025,,1
HK.02273,491,27.639999389648438,27.81999969482422,-0.647017638929987,0.3325651409488004,959386.45,26517440.89243698,3.7479534531150787,28.005925979614258,28.075364198684692,-9.31758594238981,-3.7885596626891163,-7.909234356322576,-2.1297437424122005,-18.981367076355873,0
HK.02276,491,35.220001220703125,35.31999969482422,-0.28312139010507265,0.6286861677870957,2917939.0,102769815.14193726,7.098267823975714,34.67683456420898,47.38844606399536,10.82441931948467,-22.368238613828336,-41.24189600681267,-34.50806346297803,-18.611021538030812,0
HK.02279,491,2.4149999618530273,2.4800000190734863,-2.62097002905438,0.3755600038127919,266075.0,642571.1148500443,3.964244665521159,2.1283999729156493,1.9066235238313676,16.105771655514484,20.67770892532471,45.93581989743534,47.65271152082492,-19.28950981729542,0
HK.02280,490,0.20600000023841858,0.20600000023841858,0.0,,0.0,0.0,0.0,0.20600000023841858,0.20905000023543835,0.0,0.0,-3.738318342695649,7.85340346813215,43.05556187935109,0
HK.02281,491,0.6399999856948853,0.6100000143051147,4.918027981350978,0.3143418467583497,82400.0,52735.998821258545,1.83880648175643,0.6356505978107453,0.6821025148034096,4.918027981350978,-0.5166226295906543,-7.238477678275617,-7.238477678275617,-4.661766665805398,1
HK.02282,491,10.220000267028809,11.079999923706055,-7.761729806849964,2.8498780972318807,5302310.1,54189610.637869544,3.3335728000343443,10.567400016784667,12.276577134132385,-2.480909222941037,-5.422190756437351,-17.97871898297854,-18.735839935391773,-31.942158073939257,0
HK.02283,491,1.659999966621399,1.7050000429153442,-2.6393005959695235,0.9998483082124453,575284.05,954971.5037978232,2.803404954882881,1.9465000081062316,2.2067895501852037,-15.306125800344395,-23.55174720335687,-28.464088328537247,-30.147282197357324,-27.816890895085567,0
HK.02285,491,20.719999313354492,20.540000915527344,0.8763310117044713,0.8360043481387794,639435.9,13249111.408934211,4.946089823821928,17.868600006103517,19.402202739715577,7.748308926610023,32.552778764949295,-12.39516165842035,8.945623299612405,7.515033997157344,1
HK.02286,491,0.41999998688697815,0.2849999964237213,47.368418300801224,13.710664650392454,702210.0,294928.1907919049,15.329838017140466,0.15541999995708466,0.18288500010967254,213.43281822763367,197.8723255850819,112.12120664787464,76.47057865965937,76.47057865965937,1
HK.02288,490,0.12399999797344208,0.12399999797344208,0.0,0.0,54910.85,6808.945288719981,1.590686029682449,0.13929999902844428,0.1493299999460578,-5.343511016223952,-22.499999534338702,-26.19047640166045,-23.456791599718755,-22.499999534338702,0
HK.02289,490,5.5,5.5,0.0,,0.0,0.0,0.0,6.429800024032593,5.919134306907654,-24.65753621512802,0.42967393609814836,-19.7114429509132,-20.04094472053724,-14.67142650216156,0
HK.02290,44,3.299999952316284,3.390000104904175,-2.6548716755993924,0.732950431867446,2621850.3,8652105.864980435,6.192502682327845,,,-8.587256282214165,,,17.43772311440172,,0
HK.02291,491,11.899999618530273,11.199999809265137,6.2499984034469875,0.5075810287473834,1628554.1,19379793.168755915,9.764500252016399,10.611000003814697,13.971667037010192,16.781159063430014,11.899758768193273,-26.407675649751123,-23.812934270653656,-51.234346441459266,2
HK.02293,490,0.36000001430511475,0.36000001430511475,0.0,0.0,80800.0,29088.00115585327,2.393271734921254,0.39290000319480894,0.45280294090509415,-17.241376475403356,-7.692300638503319,-24.99999534338702,-27.99999713897705,-33.7662286391685,0
HK.02295,491,6.800000190734863,7.079999923706055,-3.954798530910498,0.04123709639707365,82750.05,562700.3557833194,5.52199986964967,4.506200006008148,3.8644999980926515,-13.924049257640004,172.00000762939453,70.42606953588387,72.15190148472,0.0,0
HK.02297,491,0.2029999941587448,0.20200000703334808,0.49504311414783325,0.8538058799838905,123350.0,25040.049279481173,5.723839468100099,0.22761999815702438,0.2621149983257055,-15.767636111907352,-14.34599527526311,-24.814819965833294,-20.392157664806845,-45.135137420923165,1
HK.02298,491,0.3050000071525574,0.3050000071525574,0.0,1.3261113186402689,285450.0,87062.2520416975,2.1681544421858656,0.3304355585575104,0.3364283350110054,-4.687495634425334,-31.357839605783028,-12.551771800167153,-1.7889039073404722,-19.193404403054924,0
HK.02299,490,5.550000190734863,5.550000190734863,0.0,0.0,5725.0,31773.751091957092,1.1148006542238615,5.46960000038147,4.858846025466919,-7.499996821085612,12.827953180524238,23.397892357992745,16.303154172105014,26.146180817061172,0
HK.02302,491,4.150000095367432,4.125,0.6060629179983428,1.615368058544985,921650.0,3824847.5878953934,5.692871588775063,4.157899999618531,5.533625004291534,1.4669912112735959,-25.627237417395225,-44.666665395100914,-17.984186911121416,4.0100272042171055,1
HK.02306,491,1.9900000095367432,2.049999952316284,-2.9268265451297886,0.8,179100.0,356409.0017080307,2.683263775440926,1.9573000025749208,2.1430749982595443,0.5050500185316258,-0.9950239314132612,-17.76859723970406,-21.960782480441495,-14.224135051796951,0
HK.02307,490,0.15000000596046448,0.15000000596046448,0.0,0.0,64000.0,9600.000381469727,4.018587445437879,0.15323999941349029,0.21999499931931496,11.11111111111111,-37.238489289057476,-52.38095012832029,-43.39622111030189,-14.285709420028917,0
HK.02309,491,1.6200000047683716,1.7200000286102295,-5.813954777818146,1.5537561726581772,3024884.1,4900312.256423771,7.6659900662976375,2.193000011444092,2.18700000166893,-22.857139126783967,-34.939759093825565,-30.472100523006475,-22.857139126783967,-20.97560768535911,0
HK.02310,490,0.20000000298023224,0.20000000298023224,0.0,0.0,101500.0,20300.000302493572,4.721318717212449,0.15882000029087068,0.08388500021770597,36.986305424410595,127.27273189085577,545.1613104802392,488.23527091514813,426.3158142401579,0
HK.02313,491,42.79999923706055,42.7400016784668,0.1403779977481327,0.45389949734393087,6931129.6,296652341.59196776,3.2301045521579503,43.08553016662598,53.9673934173584,-2.0595000232635425,-4.154069181379868,-28.27216722936699,-29.197686192089726,-24.618575033883726,1
HK.02314,491,4.315000057220459,4.349999904632568,-0.8045942110213842,0.7298604120954941,10870616.8,46906712.11402169,4.793745201704419,3.376300001144409,3.229390708208084,37.42037939683898,33.17901371973823,34.06217664402152,53.01578127623583,67.46528354807154,0
HK.02315,491,61.79999923706055,55.54999923706055,11.251125267037395,1.7230826438671907,2078383.8,128444117.254319,9.094173344748661,47.64119987487793,44.05274995803833,18.39080140576708,18.164436211441014,40.51841719032018,77.89290803450533,162.97872015770446,1
HK.02317,490,0.6800000071525574,0.6800000071525574,0.0,0.0,24200.0,16456.00017309189,1.7822811800596219,0.7212401223182678,0.6574239909648896,-4.225348210765052,-5.2400709372136225,11.9889943898049,11.9889943898049,19.47167757987612,0
HK.02318,491,57.150001525878906,57.29999923706055,-0.26177611375014637,0.7067556133381674,27203180.55,1554661809.9412594,1.9881134296824052,55.60505744934082,59.67461103439331,7.728562389788145,-6.8891511084466535,-11.753150349970818,-11.488944219388582,6.774499322927803,0
HK.02319,491,18.610000610351562,19.06999969482422,-2.412160943020384,1.0843022987138593,22463279.3,418041641.4834976,3.4237264943356203,17.225533847808837,15.752453217506408,8.13481464471446,11.578400379483206,22.087364852402793,29.365171281568394,14.285339464471807,0
HK.02320,491,0.2549999952316284,0.2409999966621399,5.809128117588836,0.11141585765292486,6841240.35,1744516.256628424,20.577159433524184,0.10397999860346317,0.08250499961897731,318.0327743708336,274.99997260816104,274.99997260816104,203.5714269875466,183.33331677648823,1
HK.02321,491,0.5199999809265137,0.5099999904632568,1.960782480441495,0.5454545454545454,197750.0,102829.99622821808,1.308615564316524,0.5061999940872193,0.4747249947488308,0.0,0.0,6.122443021609968,29.999993294477562,26.22577685410593,1
HK.02322,491,0.07400000095367432,0.07900000363588333,-6.329117027961651,3.390318862850557,4781600.0,353838.4045600891,10.55411260612426,0.08388000026345253,0.10237499997019768,4.225350043480957,-29.523806415177162,-36.206893893966416,-43.07692025540133,-81.72839488003461,0
HK.02323,490,0.01899999938905239,0.01899999938905239,0.0,,0.0,0.0,0.0,0.01899999938905239,0.01899999938905239,0.0,0.0,0.0,0.0,0.0,0
HK.02325,491,0.6399999856948853,0.6299999952316284,1.5873000855468575,0.3264417845484222,92050.0,58911.99868321419,4.148720799446842,0.681599999666214,0.8522499993443489,-1.5384601277006635,-20.987656319619237,-31.18279776637684,-35.35353742124059,-85.93406683810446,1
HK.02326,490,0.009999999776482582,0.009999999776482582,0.0,,0.0,0.0,0.0,0.009999999776482582,0.010169999804347754,0.0,0.0,0.0,0.0,0.0,0
HK.02327,491,0.24300000071525574,0.24400000274181366,-0.409836891524983,0.7627118644067796,146400.0,35575.20010471344,2.0279880613004058,0.2536341059207916,0.26312281779944896,-1.1594934793871732,-13.297802035262412,-6.7542318802791295,-13.297802035262412,-2.8891504588504304,0
HK.02328,491,15.949999809265137,16.239999771118164,-1.7857140759864685,0.5027361677217497,30980734.95,494142716.54339373,3.1767869119458765,14.714150161743165,15.5023464345932,12.482365768661483,18.35527173831893,4.448716401042964,0.02559730993802999,2.3825472049239256,0
HK.02329,490,0.09200000017881393,0.08900000154972076,3.370784917815075,0.04323245759893582,300350.0,27632.200053706765,9.409502687180646,0.09176000073552132,0.11177000034600497,-8.910894083656444,-17.857145232965678,-28.68216664743377,-36.111108236658595,-50.80214063540143,2
HK.02330,491,0.3100000023841858,0.29499998688697815,5.084751242024469,0.54421768707483,181200.0,56172.000432014465,8.06735722058072,0.3053000020980835,0.2970400008559227,12.727271150951577,-20.512816985918324,30.25209884102778,47.619053363259596,244.4444334065477,3
HK.02331,491,14.529999732971191,14.710000038146973,-1.223659447375882,0.6709557379694814,20954624.85,304470693.4750115,2.8844090312478317,15.739872512817383,18.33159330368042,-0.9543308970324281,-24.354603017552375,-30.682090231429903,-20.523424183424805,-9.784987621629847,0
HK.02333,491,8.614999771118164,8.824999809265137,-2.3796038831241573,0.9692697519011623,14568358.1,125506401.69706745,3.5131560849449843,9.195079307556153,12.09633915424347,-0.28935846309208796,-23.23848173427418,-34.915973100902164,-40.29659634073947,-33.526109349418476,0
HK.02335,32,28.719999313354492,30.5,-5.836067825067238,0.9175823699296636,573245.0,16463596.006383896,6.801216791696821,,,-33.33333776079051,,,-22.168026759531624,,0
HK.02336,491,0.24300000071525574,0.25,-2.799999713897705,0.8835292496518429,863714.6,209882.64841777683,9.472787493986198,0.2178199988603592,0.2247249985486269,1.673643610849492,17.961165259230295,-0.409836891524983,-4.705880290496682,173.03370391460194,0
HK.02337,491,1.375,1.3350000381469727,2.9962517385803755,0.824782951854775,247500.0,340312.5,4.083727457671684,1.2907999920845032,1.4943499976396561,6.589150438801091,23.873872277450488,-12.974685908051464,-20.52023209014813,-23.611109087496573,3
HK.02338,491,35.040000915527344,34.34000015258789,2.0384413506960932,0.7127384528413024,16660411.95,583780849.9810627,5.31123385365753,35.22858997344971,28.318367195129394,3.6177618085334635,-17.634697219260918,38.56144946435905,87.03605852783664,114.09760753505837,1
HK.02339,491,4.900000095367432,4.775000095367432,2.617800994837077,0.9904857127910976,1942955.3,9520481.155294657,8.473301336603472,5.480199966430664,4.246049986481666,-0.6085138745593246,9.375001663076018,16.113752108620346,32.7913284385806,1362.686559197419,1
HK.02340,491,0.1420000046491623,0.13600000739097595,4.4117624500838515,3.162131414057049,101082.9,14353.772269950807,3.138320807780458,0.15324000000953675,0.16453500024974346,-13.414633703118358,-8.974357872202104,-19.318178739429488,-15.476186569281664,-9.554140187841943,1
HK.02342,491,0.8199999928474426,0.800000011920929,2.4999975785613424,1.2504280178527305,8431872.9,6914135.717690546,5.903323937371444,0.9985000014305114,1.885625001192093,-15.463920756548829,-47.77070283744675,-65.83333498901784,-67.06827350574986,-56.51222693614282,1
HK.02343,491,3.799999952316284,3.3399999141693115,13.772456585867273,8.231829837650073,16953944.6,64424988.67157293,4.58394232742465,3.093499984741211,2.895523804426193,26.245845991894562,22.580647394138687,31.845375571444073,64.24806862361886,69.7344670011299,4
HK.02347,491,0.6949999928474426,0.6850000023841858,1.4598526172921515,1.523625843780135,213600.0,148451.99847221375,4.5551016114238685,0.7567999958992004,0.6985161960124969,-7.333334287007649,-2.112674105382526,2.2058802260453536,2.2058802260453536,-0.8326705970732784,1
HK.02348,490,1.0,1.0,0.0,1.9791666666666667,84400.0,84400.0,0.8390543483966513,1.0215999865531922,1.0957567113637925,0.0,-9.075874411970679,-10.63013123037452,-13.584512763954788,-25.43997050523736,0
HK.02349,491,0.09300000220537186,0.0949999988079071,-2.105259608033577,0.06178795325028399,4212740.0,391784.82929065824,13.0627272792736,0.077780000269413,0.08322000024840236,2.1978066964018526,0.0,20.779224297794872,23.999998013178587,45.3124965439203,0
HK.02350,491,0.5849999785423279,0.5849999785423279,0.0,0.3599114064230343,525050.0,307154.23873364925,4.4714276813250065,0.7027151823043823,0.7474037927389144,-15.217394121202505,-25.0,-39.69072564044267,-31.176475043115193,37.647049913769614,0
HK.02352,490,3.200000047683716,3.259999990463257,-1.8404890477013416,0.0,1720.0,5504.000082015991,2.912269677759773,4.163199954032898,5.07814995765686,-28.88888782925076,-28.88888782925076,-38.46153528732649,-46.75540888824429,-58.81595810117184,0
HK.02355,491,3.240000009536743,3.234999895095825,0.1545630480080698,2.652329749103943,30700.0,99468.00029277802,0.5963917113042728,3.5086617851257325,3.857967936992645,-4.424781437334843,-14.053468374886405,-19.83832991047075,-16.631862320057746,-24.03813916164588,1
HK.02356,491,14.180000305175781,14.430000305175781,-1.7325016958615689,0.5764470538346703,2332875.7,33080178.137937166,3.4621409945847885,12.937708072662353,11.698581595420837,18.0682767272185,16.879765963895956,37.74335142822681,36.08991038030981,60.61860512244829,0
HK.02357,491,3.009999990463257,2.994999885559082,0.5008382463218262,0.43777237017426524,13049396.0,39278681.83555126,2.5445111251648314,2.99590003490448,3.6050014424324037,1.0067104428777092,-11.704977238855292,-29.8064559675984,-27.32319473059766,-37.494999542532405,1
HK.02358,491,0.010999999940395355,0.012000000104308128,-8.333334626836898,0.13001083423618634,5109500.0,56204.49969545007,2.8583920447094817,0.01226000014692545,0.012060000081546604,-8.333334626836898,-8.333334626836898,0.0,0.0,0.0,0
HK.02359,491,192.3000030517578,179.6999969482422,7.011689659151593,1.6264846807255597,6834676.65,1314308340.652778,4.852995627961233,146.6500001525879,121.28680240631104,23.984523200736987,41.904039982646204,70.75745549627838,92.90520132321257,75.01895130751697,1
HK.02360,491,1.6150000095367432,1.6050000190734863,0.6230523579077277,0.6516530905606133,179700.0,290215.50171375275,0.9443876984035198,1.629802348613739,1.7998164242506027,-1.524388803427296,-3.6565229963161117,-15.996079949923562,-15.996079949923562,-19.635763966128337,1
HK.02361,491,5.090000152587891,5.005000114440918,1.6983024216467488,6.956521739130435,775.0,3944.7501182556152,0.55336589393543,4.971013116836548,4.8363022458553315,0.0,6.483197816569057,0.47538596342111855,-6.101182150883367,43.05914467161342,2
HK.02362,490,0.6359999775886536,0.6359999775886536,0.0,,0.0,0.0,0.0,0.6359999775886536,0.6359999775886536,0.0,0.0,0.0,0.0,0.0,0
HK.02363,490,0.2849999964237213,0.2849999964237213,0.0,0.0,17511.25,4990.70618737489,3.2184142408981833,0.33739999890327455,0.33794999837875367,-25.974025069249763,-8.064517989739157,-1.72413633637985,-24.000000953674316,-18.57142820650217,0
HK.02367,491,28.420000076293945,29.079999923706055,-2.269600581649509,1.22949816935423,4710825.15,133881651.12240745,4.24125568431445,27.65323429107666,31.009440898895264,9.223672468515186,-1.659217099851211,-12.463994848979578,-12.924441966633706,-48.17868353799607,0
HK.02368,490,2.859999895095825,2.859999895095825,0.0,0.0,9600.0,27455.998992919922,1.490138321182471,2.7765999937057497,3.211953843832016,1.4184383971608912,-4.983391888461293,-18.051579161013905,-20.11173307134816,-23.03205494961897,0
HK.02369,491,0.7099999785423279,0.7450000047683716,-4.69799006738605,0.02097150496762524,1127010.0,800177.075816989,8.823932576751666,0.7566999983787537,0.8409750011563301,7.575750049918888,7.575750049918888,-10.126587435748647,-24.46808719753734,-51.034485848706815,0
HK.02370,491,1.0499999523162842,1.149999976158142,-8.695654427396825,0.8077544426494345,96575.0,101403.74539494514,2.8347779423483033,1.0843999934196473,0.784524997472763,-7.894739869118656,22.093015680318395,90.90907810148157,66.6666603592968,288.88885577519864,0
HK.02371,491,0.22100000083446503,0.2150000035762787,2.7906963527364006,5.859783746076038,37070.0,8192.470030933619,1.3816116779803067,0.2184799998998642,0.2637450008094311,-3.0701751232826004,-11.59999966621399,-7.142858931711987,-30.937498195562473,-46.09756030191061,4
HK.02372,491,1.034999966621399,1.0,3.4999966621398926,0.17796610169491525,456200.0,472166.9847726822,9.639397763923238,0.9346000015735626,0.49545999981462957,-5.909095982874611,132.58426590047685,218.46153987229934,269.64284364818315,430.7692331204989,1
HK.02373,491,19.299999237060547,19.18000030517578,0.6256461416863667,2.3139739513113877,277192.85,5349821.793518638,4.797192825329524,18.02660005569458,23.060799984931947,8.487904687038307,-3.2096353051944257,-31.65722594375091,-26.78300914195941,-27.481723079481046,1
HK.02376,491,2.055000066757202,2.0199999809265137,1.7326775327312125,0.8,4975.0,10223.62533211708,0.7995488097863657,2.2207226371765136,2.534313010573387,-4.418605785875285,-9.33937604611406,-32.0764906489574,-23.857979453047097,-35.1639189440573,1
HK.02377,491,0.8450000286102295,0.8600000143051147,-1.7441843541136839,0.34817542684968195,146250.0,123581.25418424606,1.6073479436448859,0.8375293374061584,0.9030301329493523,0.5952446419502754,-7.174594419363395,-7.174594419363395,-9.9317840418419,2.21224923505277,0
HK.02378,491,108.5,108.5,0.0,1.445125285391232,153062.55,16607286.674999999,2.706526569195986,108.37799942016602,113.22717571258545,-0.6410228642899751,-5.97920401615554,-10.475192490480683,-8.538712081474586,12.173663517312194,0
HK.02380,491,2.759999990463257,2.765000104904175,-0.18083595845256778,0.7101795215763294,31173501.7,86038864.39470632,2.6029731163693723,2.966695604324341,3.10614159822464,0.7299263086460758,-11.647381719981613,-10.563303948029693,-11.10864793875859,-7.733030651406958,0
HK.02381,491,0.2460000067949295,0.24400000274181366,0.819673783049966,0.7100488485694347,5861500.0,1441929.0398284793,10.490321140546973,0.2698050794005394,0.17994190525263548,-5.384609300709112,48.79032912219301,26.246342619637563,46.17997154637156,147.15606932348868,1
HK.02382,491,58.95000076293945,58.45000076293945,0.8554319819907132,0.37723048705672113,14388540.3,848204461.6625851,4.156314930790707,65.45642501831054,63.98700298309326,5.456170221477632,-10.168524094319455,-6.446029017528229,-11.953254183468323,-22.952009978044394,1
HK.02383,491,0.3700000047683716,0.3700000047683716,0.0,1.8111254851228977,42150.0,15595.500200986862,2.4263195351348457,0.37639999866485596,0.4013500030338764,-1.3333320617675781,-7.500000186264512,-10.843370552245663,-10.843370552245663,-18.68131997691532,0
HK.02385,491,6.364999771118164,6.460000038146973,-1.470592360183005,0.8757421543681085,189600.0,1206803.956604004,4.360348005180483,5.8580999755859375,5.797525000572205,4.173480065983023,37.77056122909219,5.380791578108375,2.6612897891779803,-6.259207557033306,0
HK.02386,491,5.190000057220459,5.260000228881836,-1.3308016847036812,1.7035937682156983,3205604.4,16637087.019426154,2.664977251612317,5.313803672790527,6.409546701908112,0.19305461801614193,-14.377669793161413,-20.896501361317366,-29.097520932063514,-11.586005005801544,0
HK.02388,491,50.20000076293945,50.400001525878906,-0.39682689858006986,0.6906870015538591,12686009.7,636837696.6186572,2.1728119632128533,47.03894645690918,41.53435708999634,10.719013220105087,16.37143803603336,32.11651197756285,29.095934128610253,44.845734943323656,0
HK.02389,491,0.08100000023841858,0.07800000160932541,3.846152009225729,0.3130558520099609,819000.0,66339.00019526482,2.9854816567132687,0.07520000040531158,0.06996500037610531,6.578951109190517,19.117640935941886,24.615389553047677,24.615389553047677,-12.90322761547218,1
HK.02390,491,8.364999771118164,8.5,-1.5882379868451286,0.6199123356293049,16275.0,136140.37127494812,1.5248051540002694,8.141599969863892,8.92410001039505,2.1367545751043013,2.764120618004363,-16.18236317830806,-5.0510854404465055,-30.75331271565237,0
HK.02391,491,13.460000038146973,13.399999618530273,0.44776433824466133,0.11026878015161957,13030.0,175383.80049705505,3.729218154193344,15.301599960327149,17.021553931236266,-5.144464861334473,-26.80804521546921,-21.41185818553569,-19.872742966612527,-32.24226600213309,1
HK.02392,491,1.0399999618530273,1.0499999523162842,-0.9523800873701953,1.8992568125516103,66125.0,68769.99747753143,3.6869872160285615,1.081599988937378,1.235649995803833,1.960782480441495,-26.760563853240598,-26.760563853240598,-7.1428609441737585,-42.5414367551889,0
HK.02393,491,0.05999999865889549,0.05700000002980232,5.263155486885312,0.36829463570856685,318000.0,19079.999573528767,3.3293684641461327,0.06291999995708465,0.09648000013083219,-3.2258070330838233,-29.411767026132342,-44.444447127266606,-40.00000223517415,-68.75000097012767,1
HK.02396,152,3.8499999046325684,3.8499999046325684,0.0,0.34594594594594597,11660.0,44890.99888801575,3.9370943700314514,4.227800025939941,,5.479446686014497,-38.49840632800972,-64.05228860019044,-75.96754185630022,,0
HK.02399,491,0.28999999165534973,0.29499998688697815,-1.694913713180618,1.7141579350881677,3357950.0,973805.4719790816,6.548840553560602,0.31979999840259554,0.48582500115036964,-9.375000582076622,-31.76470975974841,-57.97101555689872,-57.97101555689872,-20.547949567613223,0
HK.02400,491,44.380001068115234,44.36000061035156,0.04508669406781906,0.6682760243608424,3642904.15,161672090.0680414,5.46392597613636,46.748000106811524,63.7155001449585,-2.8458827241147153,-28.87820515563659,-45.612742772060145,-32.140672732929545,-16.657274989454958,1
HK.02402,491,13.09000015258789,12.8100004196167,2.185790193592902,0.1301805096587711,810462.65,10608956.212166786,5.006334259846641,13.496399974822998,21.69684989929199,4.302788475267806,-20.570385217306967,-55.71718406940581,-36.51794558765622,-49.65384556696965,1
HK.02405,491,0.4449999928474426,0.49000000953674316,-9.183676696627934,0.592823712948518,392800.0,174795.99719047546,5.088643993723112,0.5723999953269958,0.819449998140335,-23.275861094454353,-27.049183211189415,-50.55555504045367,-58.79629859585812,-84.60207693099036,0
HK.02407,491,4.900000095367432,4.900000095367432,0.0,0.11096270420219871,47290.0,231721.00450992584,3.0796941710869152,5.017999963760376,6.578599989414215,0.0,-7.547171339100843,-34.66666539510091,-39.130435040149685,-36.61060694337821,0
HK.02408,163,3.2300000190734863,3.1050000190734863,4.025764870600525,0.017767249037607343,80475.0,259934.2515349388,4.646109247531989,3.5832040452957155,,-9.01408274763514,-22.522830930105624,-33.971887027590014,-25.699575935476293,,1
HK.02409,491,3.5999999046325684,3.7899999618530273,-5.013194172370469,1.512677266867211,121850.0,438659.98837947845,3.6149504553878478,4.140399975776672,4.202499982118606,-18.91892211176569,-23.404254239843418,-13.253016339657881,-13.875596830743905,-16.27907569889354,0
HK.02410,482,6.90500020980835,6.449999809265137,7.054269984467676,0.8439579722339867,5137598.4,35475118.02991104,9.111601873905535,7.046300020217895,10.918175003528596,-4.889807271096497,-27.468488678724366,-46.80277000519305,-46.59706073599758,-67.658079220451,1
HK.02411,491,1.3899999856948853,1.4199999570846558,-2.112674105382526,0.3018500486854917,757075.0,1052334.2391699553,4.514628581751847,1.5661382627487184,1.702460240125656,-6.08108325802206,-15.460405469648867,-16.97004334372997,-21.63464721136537,-17.461349487839346,0
HK.02415,491,0.75,0.7149999737739563,4.895108742634554,0.43886383030598564,103612.5,77709.375,8.016525125790016,0.8606000018119812,1.1682000041007996,-6.2500013969838415,-36.97479294649687,-43.18182043956979,-41.86046339701759,-46.04566824684543,1
HK.02416,491,3.299999952316284,3.2699999809265137,0.9174303230812371,0.1770756593057124,540134.4,1782443.4942443848,7.043212152534675,3.127200002670288,2.8297499990463257,9.999998410542805,-29.787232207733812,16.60777531028115,44.736841830080124,50.6849253924054,2
HK.02418,491,2.7899999618530273,2.694999933242798,3.525047531111414,1.335149863760218,52050.0,145219.49801445007,3.4059740807288006,2.778048334121704,4.41778412938118,-3.793107927483265,-10.206362321580722,2.8545341625606975,-70.32004546657208,29.747679570317615,1
HK.02419,491,51.0,50.400001525878906,1.1904731268966577,0.5069264957965384,704757.7,35942642.699999996,6.614422781174592,49.03020011901855,64.78705003738403,2.988690485773806,-24.834191382550895,-27.142857142857142,-26.40692964773777,-45.3376223667346,1
HK.02420,491,3.7850000858306885,3.7899999618530273,-0.13192285152146283,1.1680726800778716,79475.0,300812.88182139397,3.745043409045259,3.8530999994277955,3.593788859844208,3.698629779067633,-8.434090526320647,28.368942225634875,5.33704596017939,10.589305854912395,0
HK.02421,491,0.5899999737739563,0.6000000238418579,-1.666674945089223,1.2775801940540727,139355.0,82219.44634526968,2.4152911191462323,0.6080000042915344,0.6092999994754791,-4.838714639304418,-6.349209803242228,3.508768627628134,-9.230769936149668,-15.714288025486264,0
HK.02422,491,2.8550000190734863,2.9600000381469727,-3.547297895956066,0.2922650541698161,2335400.0,6667567.04454422,10.369130897589237,2.004700002670288,1.281450002193451,65.98837044092049,119.61539413802052,150.4386013069312,248.17073707031682,632.0513137934017,0
HK.02423,491,43.959999084472656,43.540000915527344,0.9646259993428978,0.2773523868881336,10961686.9,481875746.0882759,3.4041169028149367,41.84279983520508,43.71340085983277,8.222551059611549,-5.867241185660169,-7.504712914537624,5.016096632834287,-12.483112871293747,1
HK.02425,491,1.9900000095367432,2.0,-0.4999995231628418,0.2860667608303088,42548.25,84671.01790577173,3.0897920035509645,1.788800003528595,2.052150003910065,10.555559014096763,-7.441864127142966,-17.76859723970406,-7.009349907211727,32.66666730244954,0
HK.02427,491,2.440000057220459,2.315000057220459,5.399567901094707,0.3634232121922626,395000.0,963800.0226020813,11.019881949838716,3.150900044441223,2.5549250109493733,0.8264454667762735,-60.64515915671193,174.15731420662667,360.3773941387713,495.121970366751,1
HK.02429,491,2.0,2.0250000953674316,-1.234572552595136,0.0970720542972141,582875.0,1165750.0,5.462912039815417,2.281899995803833,2.430725005865097,-22.17898630540345,-4.7619004368509765,-23.95437593259735,-18.03278880745961,-36.50793843018249,0
HK.02431,395,4.449999809265137,4.400000095367432,1.1363571094088747,0.4961435532729782,9946626.65,44262486.69533153,9.442931067843794,8.05479998588562,12.586450011730195,-45.99514644572285,-53.403144289123695,-73.54340136739437,-68.1688129114682,-81.61157161581586,1
HK.02432,397,26.5,24.920000076293945,6.340288598991968,1.5013687103957618,3335717.65,88396517.725,6.551385135674899,26.782399978637695,35.24285005569458,6.340288598991968,-15.28133178298251,-35.08084223881052,-30.519138898590665,-52.03619909502263,1
HK.02433,491,0.07400000095367432,0.07599999755620956,-2.6315745616387045,0.3104666294850344,1072100.0,79335.40102243423,7.571427745959038,0.07017999961972236,0.07652999999001622,27.586212212067167,-17.777779985357125,-10.843368951598244,1.3698658099383398,-32.11008923471736,0
HK.02436,491,20.239999771118164,18.81999969482422,7.545165246120947,1.2238234631839675,539880.0,10927171.076431274,6.58306925248479,21.47599983215332,12.963449947834015,-3.6190487089611234,26.499998569488525,48.16983892538357,340.00000414641016,576.9230671090886,1
HK.02438,491,0.3499999940395355,0.36000001430511475,-2.777783296726149,0.22085326696014604,2681209.05,938423.1515187486,6.242474420042972,0.3424000000953674,0.5115500006079674,-4.109593179530491,-22.22222148636239,-44.4444449700586,-40.677964475023984,-25.531915972922498,0
HK.02439,491,0.2750000059604645,0.28999999165534973,-5.1724090091395505,0.24714403714317237,32564000.0,8955100.194096565,9.470297863257656,0.3605000001192093,0.3000449999421835,-16.666668171834402,-30.37974721746286,0.0,15.062767558462745,-16.666668171834402,0
HK.02440,491,0.9399999976158142,0.9100000262260437,3.2967000577117043,1.681260945709282,58450.0,54942.99986064434,3.4580590720924773,1.0587999951839446,1.6880000022053718,4.444446946367871,-41.25000102445482,-51.794873095906745,-49.189189972887945,-74.31694055814569,2
HK.02442,491,64.3499984741211,64.05000305175781,0.4683769056511357,0.9087834259768568,292069.0,18794639.704338074,11.899091726222109,63.43999977111817,29.27759994149208,3.7903201195501515,88.37821651511545,170.1511305564942,231.1888701153519,4025.0000534913497,1
HK.02443,491,1.5199999809265137,1.5700000524520874,-3.1847178251670543,1.6533000468091745,343570.0,522226.3934469223,6.37933217114551,1.5934000039100646,2.3648499995470047,-4.402518929722526,-19.576719977187505,-47.945207492744565,-45.714285471001446,-64.97696019618442,0
HK.02450,491,6.769999980926514,6.880000114440918,-1.59883912332381,0.6070549630844955,91575.0,619962.7482533455,8.63242026191256,5.086199989318848,3.8739499974250795,50.444444020589195,87.0165799709946,85.4794466860145,108.3076917208158,134.2560462000741,0
HK.02451,491,12.970000267028809,12.739999771118164,1.8053414446055194,0.6662463761739617,852220.05,11053294.276067305,7.387082272907778,11.954799995422363,12.489299998283386,-16.106078686767027,5.6188969793297305,3.760002136230469,6.31147926067101,54.038006526213024,1
HK.02453,491,0.8100000023841858,0.7200000286102295,12.499995860788722,6.013843845297449,238550.0,193225.50056874752,6.488337402505557,0.7805000007152557,1.4918749955296517,10.958901537048613,-48.7341784567543,-50.90909005525025,-55.73770582574481,-86.72131122872574,2
HK.02455,491,0.6800000071525574,0.675000011920929,0.7407400212333817,0.8446866485013624,76400.0,51952.00054645538,0.9340940260328159,0.686914279460907,0.6783571264147759,1.4925358528601556,1.7094052145328509,-8.461539387350232,-10.694178651142797,10.955708484612533,2
HK.02457,491,0.3499999940395355,0.3449999988079071,1.449273985189887,0.5333333333333333,75250.0,26337.499551475048,2.3771946312492283,0.35120000422000885,0.30931999936699867,-4.109593179530491,-2.777783296726149,20.689656589884578,20.689656589884578,22.80701699349358,1
HK.02458,491,6.659999847412109,6.639999866485596,0.30120453808230596,0.024156817273441992,178423.2,1188298.4847747805,2.9000792622529588,5.518199996948242,5.9081500005722045,10.082638635473373,31.881180116212292,3.7383141474463666,4.388710469415531,39.03966389251632,3
HK.02459,491,0.5799999833106995,0.5400000214576721,7.40740004880958,0.600640242896274,156055.0,90511.8973955512,4.84787907917185,0.5746000015735626,0.9223499962687493,5.454540134461573,-30.120482533361187,-42.57425853591634,-43.13725547486204,-58.27338206620575,1
HK.02460,440,7.650000095367432,7.675000190734863,-0.32573413350023567,0.3139908598077169,1427395.0,10919571.886126995,2.606258189229173,7.529976119995117,9.028181710243224,6.250004139211553,-8.841630757992544,-23.479565885971137,-21.440026379895965,-29.64049282139062,0
HK.02465,435,10.210000038146973,10.279999732971191,-0.6809309011916383,0.4876711538184074,6507350.0,66440043.7482357,5.9262518991878785,11.674899978637695,13.05732497215271,0.29469284942888213,-55.53135694569007,-21.279877964984053,-27.793495118489307,49.70674165921288,0
HK.02469,491,0.3199999928474426,0.33000001311302185,-3.0303090509739805,0.5570325979344141,4452162.3,1424691.9041556537,7.529688304862425,0.4654000002145767,1.5578999970853329,-29.670333269209216,-62.790699125045414,-85.04673003921317,-85.32110169503574,-89.93710735441078,0
HK.02473,491,0.44999998807907104,0.45500001311302185,-1.0989065691980104,1.4488730542842274,71800255.0,32310113.89407426,7.527251511073321,0.5916000002622605,4.057799984365702,-31.818186333685034,-47.67442086118175,-96.74149185803167,-94.23815632040942,-93.04482221527644,0
HK.02475,22,63.349998474121094,61.0,3.852456514952612,0.8367122777718329,5326053.95,337405509.60558665,7.391217837624335,,,0.5555531335255456,,,1.6853920544447316,,4
HK.02476,75,256.20001220703125,231.0,10.909096193520023,1.8211943210734989,6201041.9,1588707010.4763124,10.108786458834015,301.8720004272461,,11.294533276920445,-19.686516549519983,,-18.666662791418652,,4
HK.02477,491,0.2070000022649765,0.21299999952316284,-2.81690012752036,0.4482841404430782,1053104080.0,217992546.945256,11.081765666380546,0.3503600016236305,2.656989999189973,-26.071428077257412,-94.50928373177062,-92.86206912214774,-93.28467141781593,-90.33838928185762,0
HK.02479,490,65.0,65.0,0.0,,0.0,0.0,0.0,65.0,65.0,0.0,0.0,0.0,0.0,0.0,0
HK.02480,491,13.600000381469727,13.600000381469727,0.0,0.35502958579881655,1710.0,23256.000652313232,0.11199137537536367,13.68540002822876,20.5078000497818,6.750397376781758,-40.869563558827274,-39.823008177377346,-43.0962318052704,-43.21503153137871,0
HK.02481,491,2.5799999237060547,2.5799999237060547,0.0,1.4492753623188406,3700.0,9545.999717712402,0.19508907491822158,2.5405999994277955,2.4902871870994567,-2.6415158166879684,5.3441603436959895,3.7718636648054873,8.213462032501926,-2.7592293240666796,0
HK.02482,491,0.375,0.4099999964237213,-8.536584568052042,7.624521072796935,36050.0,13518.75,3.4509129823352414,0.5162999999523162,0.618225000500679,-33.03571457081303,-46.42857051625543,-41.4062486903276,-49.32432497740662,-55.88235417864311,0
HK.02483,490,1.7899999618530273,1.7899999618530273,0.0,0.45871559633027525,22300.0,39916.99914932251,0.02793293485019055,1.7793999695777893,1.682539838552475,0.5617972260667591,0.4967409988951495,9.955260309545027,9.312247419035955,13.458556586023304,0
HK.02486,491,4.340000152587891,4.335000038146973,0.11534289266247168,0.5467703028678639,34060.0,147820.40519714355,8.593294886348218,3.9685999965667724,6.2513000106811525,35.62500274740155,-31.437595499259814,-34.53996866252142,-43.1192649083479,-26.56513934618282,3
HK.02487,491,2.5299999713897705,2.5299999713897705,0.0,0.005591277606933185,70410.0,178137.29798555374,5.342059796958005,2.868200001716614,4.745899988412857,-4.528306402231382,-44.7598250319939,-46.73684270758378,-44.880176747634096,-73.61835316856546,0
HK.02488,491,6.949999809265137,7.03000020980835,-1.1379857490131404,1.1637406952117695,236251.15,1641945.4474386692,2.537885417171392,7.11,7.9057226204872135,-0.7142884390694755,-17.654026601865024,-14.21674729099434,-15.981436512089683,-36.09399570031572,0
HK.02489,491,0.8149999976158142,0.8050000071525574,1.242234829118668,1.0966033176896985,1093050.0,890835.7473939657,6.208412630507717,0.7460999941825867,1.0836249980330468,27.343752473825646,-25.909092731712242,-38.2575783916193,-25.22936030656691,-40.62143036307116,3
HK.02490,491,4.78000020980835,4.894999980926514,-2.3493313905263222,0.6212329303265565,1421860.0,6796491.0983181,9.905458301173677,4.560500011444092,5.079735691547394,16.019425790826347,0.42016764631987913,-6.66677404911369,13.93090193898954,-41.00006097523652,0
HK.02493,61,22.739999771118164,21.760000228881836,4.5036743195231415,0.8940802753052514,299910.0,6819953.331356049,6.238498336457129,23.266799964904784,,-3.2340435271567483,,,-12.605690349505139,,3
HK.02495,491,37.939998626708984,37.08000183105469,2.319300844624137,0.30106921778277995,27724.0,1051848.5219268799,4.9264000091165645,42.68620010375977,52.66999996185303,-2.4678736799824113,-26.330099753963136,-38.75706511789755,-48.8679242760969,-41.76516080105011,1
HK.02496,491,3.6500000953674316,3.680000066757202,-0.8152165990639868,,20.0,73.00000190734863,0.0,3.8993999910354615,5.797700024843216,-3.9473647060816504,-20.65217019479524,-52.903224575904105,-53.562340542411356,-36.1888071809678,0
HK.02497,491,0.6349999904632568,0.6349999904632568,0.0,1.2738853503184713,91800.0,58292.99912452698,3.9784741496642253,0.6492000007629395,0.564349996894598,5.833327538437544,-3.7878840559658693,15.454541218182364,44.31818043274327,-25.294120864472085,0
HK.02498,491,23.700000762939453,23.040000915527344,2.864582557231219,0.8503940802395932,4001760.55,94841728.088101,5.103609086871214,24.938399848937987,32.198499870300296,1.891661778710004,-26.896970692486434,-35.5978226785623,-36.4611226603147,-25.588695513083664,1
HK.02499,491,5.900000095367432,5.889999866485596,0.16978317671512622,2.028985507246377,2630.0,15517.000250816345,0.09786290278588233,5.863300008773804,5.872475023269653,0.340135723422776,1.0273962536277181,-1.9933535870312966,-2.479340341131657,22.153213013725406,1
HK.02500,491,1.059999942779541,1.0700000524520874,-0.934589643208842,0.2556976097832129,736350.0,780530.957865715,7.635536539996463,1.2568000078201294,2.1034500008821486,-20.895528628688425,-41.75824658074035,-65.80645240680487,-56.910572099909395,-64.54849701007952,0
HK.02501,491,1.2899999618530273,1.2999999523162842,-0.7692300638503318,0.16047367401709875,3643300.0,4699856.8610191345,9.737950300446036,1.1031999921798705,1.0355499947071076,20.560738188448934,16.216211281816665,48.27585687157282,40.217384614318114,46.59090555034391,0
HK.02502,491,0.6499999761581421,0.6299999952316284,3.174600171093715,0.3669724770642202,22000.0,14299.999475479126,4.069839541934693,0.5889999985694885,0.5023499986529351,0.0,-4.411769217479552,51.16278263863659,51.16278263863659,22.641511555879244,1
HK.02503,491,0.33500000834465027,0.28999999165534973,15.517247580745028,1.317748385112273,6823400.0,2285839.0569388866,8.50480530179267,0.21841999858617783,0.39569022819399835,67.5000016763806,-4.285710271523855,-34.313722625689834,-32.999998331069946,-78.66242056352583,3
HK.02505,491,0.6800000071525574,0.6600000262260437,3.030300019967555,0.6890756302521008,48650.0,33082.000347971916,2.223976207334947,0.7048000001907349,1.134324999153614,-11.688308571860292,-37.037038876686495,-53.741497012388194,-52.44755020316014,-77.03564670928678,1
HK.02506,394,66.25,66.19999694824219,0.07553331429442042,1.4779248155521725,42770.0,2833512.5,3.3620180398950907,75.73700012207031,79.83349987030029,-6.492587964982532,-6.5585351562815255,-29.857064964962944,-13.511747624404702,-36.904761904761905,1
HK.02507,491,44.540000915527344,43.939998626708984,1.3655036585587128,0.5960900025314216,756183.75,33680424.9173069,5.159071252404849,37.36252300262451,46.15263403892517,21.56113989486261,20.708997078600714,-26.273318579443938,-24.512138456184218,-7.432054185879486,1
HK.02508,275,3.305000066757202,3.359999895095825,-1.636899704041642,0.07649052371194852,1072200.25,3543621.897827089,5.381410131136372,3.5440999984741213,4.450075013637543,-2.5073756789566635,-17.581050421067403,-37.04761777605329,-14.819588420722752,-56.62729506045506,0
HK.02509,491,17.34000015258789,16.479999542236328,5.218450450483816,2.488356620093147,102530.0,1777870.2156448364,4.587873033440718,15.568400020599364,18.96525001049042,13.40745713439766,0.6384249174349382,-20.60439546044042,-11.440244023730223,-8.350950937287447,3
HK.02510,433,8.829999923706055,8.75,0.9142848423549108,0.38870734991558886,2097984.0,18525198.559936523,2.8156043814835208,8.277400016784668,8.012899038791657,14.675326525089377,18.404032853896965,17.110782195983216,16.9688269710365,5.579076041716554,1
HK.02511,491,3.4000000953674316,2.9100000858306885,16.838487803579145,6.82542579168705,389738.75,1325111.7871683836,7.128341424791898,2.81019998550415,3.040399997830391,29.277564540722434,-24.94481373299373,22.30216296253098,12.211225329086492,-6.593406665384184,1
HK.02512,490,2.799999952316284,2.799999952316284,0.0,0.0,37150.0,104019.99822854996,3.926332556667859,2.9098000144958496,3.3193000078201296,-5.084748913316421,-11.111115316024195,-18.128658191420836,-19.07514677902016,-31.20393527714958,0
HK.02513,142,1246.0,1087.0,14.627414903403862,1.1047407466573282,7935771.7,9887971538.2,17.19548332780099,1476.9,,-24.024390243902438,35.5084284937466,548.9583333333333,847.5285171102662,,4
HK.02515,491,2.4700000286102295,2.4600000381469727,0.40650367106455254,0.15830201193897855,2279400.0,5630118.065214157,15.799231351104776,1.4471999979019166,1.0462499998509884,102.4590139906755,97.60000228881836,147.00000286102295,171.428566750028,384.31374015646804,1
HK.02516,491,0.7900000214576721,0.7699999809265137,2.597407925529181,1.3333333333333333,1310400.0,1035216.0281181335,6.600302140622272,1.0090999984741211,1.0070750015974044,-18.55670122097346,-35.77235697502265,-30.701751634134556,-19.387754481417705,3.947372548798166,1
HK.02517,491,2.0350000858306885,1.965000033378601,3.5623435757265627,1.4501339354004663,8199605.45,16686197.794527782,4.514594042549,1.9867000007629394,3.276522525548935,14.325849356155976,-39.25372705185526,-53.270758751253034,-41.621543798501044,-45.81580631135939,1
HK.02518,491,43.15999984741211,44.599998474121094,-3.2286965829035528,0.11965811965811966,11310.0,488139.59827423096,1.7235167195948722,37.82303165435791,40.554269523620604,8.278974376642493,20.133006908998897,-2.7622948065251443,0.8089568322023127,-17.404685275381716,0
HK.02519,427,4.0,4.0,0.0,0.0,3240.0,12960.0,0.6079050185592948,4.419400024414062,5.167400009632111,-6.976748312273766,-14.163087318095826,-33.88429960505274,-34.210525490240364,-53.216375312662954,0
HK.02520,491,2.265000104904175,2.255000114440918,0.4434585346234509,1.054421768707483,117800.0,266817.0123577118,1.5709961631014808,2.138645522594452,2.0756333190202714,1.5695105619429637,16.24138973820693,14.497767105893603,-2.555091699831781,12.80568686726317,1
HK.02521,491,1.0199999809265137,0.9850000143051147,3.5532960520909493,0.13898916967509026,3980250.0,4059854.924082756,7.357023087523333,1.001099991798401,0.8755249963700771,0.0,-9.734514581353325,15.909089369714744,64.51612469060863,223.80952020531245,1
HK.02522,491,4.775000095367432,4.605000019073486,3.6916411637311755,0.9368772154189978,771927.9,3685955.7961167814,5.85731545105606,5.391100006103516,8.47717500448227,-6.55577356935559,-42.40048109360791,-42.33091486279586,-42.40048109360791,-65.84406114648847,1
HK.02525,218,18.049999237060547,17.25,4.637676736582881,1.9096599974366673,4207891.9,75952445.58463326,5.098442554010835,16.925449962615968,21.153049964904785,8.93180186779737,-14.70762475276571,-35.822224934895836,-20.04430287022375,,1
HK.02526,88,418.0,417.79998779296875,0.047872717298967825,0.27875688029285983,50655.55,21174019.900000002,13.405321303506629,333.6079986572266,,-8.73362445414847,23.668639053254438,,99.42747510873707,,3
HK.02528,491,0.9200000166893005,0.925000011920929,-0.5405400180747055,1.2307692307692308,70400.0,64768.00117492676,4.197804773007144,0.8124000024795532,0.4641850008815527,4.545457008456409,70.37036669107145,211.86442629971216,228.57143313300853,247.1698363593751,0
HK.02529,490,2.75,2.75,0.0,0.0,900.0,2475.0,0.0,2.762599992752075,2.7737641739845276,0.3649631543230379,-4.372108509540043,-2.515251304118454,0.07570097585282029,5.69399501674753,0
HK.02530,386,0.7649999856948853,0.7549999952316284,1.3245020564786776,0.4304932735426009,446400.0,341495.9936141968,3.5565790529967285,0.7448544263839721,0.6184385927021503,3.3783751129669097,49.056609032610524,23.43750390714188,25.396830514570212,17.910448446786706,2
HK.02531,491,4.539999961853027,4.965000152587891,-8.559923014571144,0.8168316831683168,46800.0,212471.99821472168,8.185044986284229,3.9705999946594237,7.232099981307983,12.376237740622772,-4.8218033541545555,-27.00964445349055,-36.9444433038617,-62.47934034113166,0
HK.02533,490,11.890000343322754,11.630000114440918,2.2355995384642764,0.5616604344385471,6631378.85,78847096.80320324,6.191426855542011,12.312600021362305,17.75440010547638,-0.5020875891216643,-33.94444253709581,-45.106184547164965,-39.11930401798162,-33.57541566082439,1
HK.02535,491,0.46000000834465027,0.4650000035762787,-1.0752677834782465,1.0480349344978166,6723500.0,3092810.056105256,9.354789135440718,0.4914999967813492,0.7540499958395958,-4.166662786155852,-24.59016433488742,-53.53535314005694,-47.727271495771795,-20.689651451552983,0
HK.02536,491,0.8399999737739563,0.8600000143051147,-2.3255860695907784,0.3425076452599388,83150.0,69845.99781930447,2.866815209904598,1.0869999980926515,1.8946500074863435,-25.663718821364036,-50.588238222788696,-63.15789542479969,-61.290325150192714,-67.54345346404332,0
HK.02539,165,11.789999961853027,12.0600004196167,-2.2388096879705848,1.0881801125703565,19645.0,231614.54925060272,8.431080541338208,10.818199996948243,,45.19704591154999,-26.79268551645613,-72.26090508704218,-66.93799644976973,,0
HK.02540,490,0.8199999928474426,0.7099999785423279,15.492960229513148,0.28526148969889065,80000.0,65599.99942779541,6.934212477610696,0.8505999982357025,1.108899994790554,3.7974646297370884,-14.583332169180089,-33.870968827347845,-36.92307515962583,-50.0,1
HK.02543,223,29.780000686645508,30.0,-0.733331044514974,0.30501089324618735,27305.0,813142.9187488556,3.1929845527017116,28.10199993133545,32.961975479125975,9.084254647957229,14.372361283205207,-20.46721679573285,-14.268144025460444,,0
HK.02545,491,0.4050000011920929,0.4099999964237213,-1.219511042741837,0.9078771695594126,78300.0,31711.500093340874,1.008803372321036,0.4007000017166138,0.4308500002324581,1.2499987892806712,-4.705884745376678,1.2499987892806712,-2.4096363046584477,-17.34694014088105,0
HK.02546,153,18.360000610351562,19.219999313354492,-4.474499134895302,1.040300594197833,562913.0,10335083.02357483,5.83266040654278,15.405275745391846,,16.942680467528817,10.230537683070978,23.797382577606562,87.13556796050254,,0
HK.02549,454,3.75,3.694999933242798,1.4884998038128003,10.921517794013669,162675.0,610031.25,5.9061252846606624,3.998347854614258,4.418063706159591,-8.536583238382647,-13.809078217709148,-24.9788868613365,-15.499095928692046,-22.27270732595389,2
HK.02550,491,2.0450000762939453,2.0399999618530273,0.2451036536479212,2.3920022969904204,1013125.0,2071840.7022953033,4.911533176962163,1.918899998664856,2.402874988913536,-1.2077225968644616,3.2828311411266986,-30.204777143323984,-34.872611211063834,-63.35125261192257,2
HK.02551,428,1.600000023841858,1.590000033378601,0.6289302046118699,0.20634920634920634,62350.0,99760.00148653984,4.082419292864799,1.999207649230957,2.397280101776123,-19.59798913697866,-28.949171064936642,-35.91494352999754,-42.050744925187985,-50.177773550995774,1
HK.02552,491,2.509999990463257,2.390000104904175,5.020915493386279,0.694404605627519,2079568.55,5219717.040667689,6.546396210032776,2.4105999851226807,3.0690499901771546,-5.992512406695293,-25.519285587546882,-18.241040878070017,-17.704917058865234,-35.805628251540014,3
HK.02553,46,28.5,26.520000457763672,7.466061493436693,1.6583573312555608,194036.6,5530043.100000001,11.66244241089069,,,-20.12331906884609,,,35.32763875939014,,1
HK.02555,491,4.769999980926514,4.789999961853027,-0.41753613957810165,0.628931750102851,1444589.9,6890693.795446634,3.2708760133785613,4.870500020980835,5.879562537670136,-1.6494829954458607,-18.849748791862176,-27.616342152465943,-21.670132102074078,-47.04794621992649,0
HK.02556,491,43.91999816894531,44.040000915527344,-0.2724857949304026,0.7948938664560344,11601634.05,509543746.2327736,10.038766913710768,36.337600021362306,37.99395001411438,27.82304245860121,18.70269775390625,-8.614238630976152,18.510514143149134,-24.27586522595636,0
HK.02558,490,1.190000057220459,1.190000057220459,0.0,0.0,750.0,892.5000429153442,0.04545450112051311,1.1510925769805909,1.2577417081594466,2.5862147812329632,-9.271335443455026,-5.1473021014325715,-11.201729985918513,-10.567452139544047,0
HK.02559,491,1.3799999952316284,1.3849999904632568,-0.36101048852397555,0.1519869782007073,5616340.75,7750550.2082192,1.170792595017529,1.5661000156402587,1.9849250030517578,-42.73859144880634,6.153849680748341,-45.01992029980329,-39.207048157402475,-2.127657595741337,0
HK.02560,387,1.434999942779541,1.4600000381469727,-1.7123352543991492,0.45584045584045585,16700.0,23964.499044418335,1.6896944011011932,1.4410000038146973,1.530042729973793,2.4999976583889154,-8.292235187316505,-3.8990430181969606,-5.594950948422516,-19.755705788901942,0
HK.02561,339,19.739999771118164,19.520000457763672,1.127045636246346,1.9273607748184018,10210.0,201545.39766311646,3.6410052494055005,20.32060001373291,29.02205002784729,-2.5666359915553225,-19.75609973572367,-47.667022448865666,-41.28494825026004,-60.75546705660002,1
HK.02562,435,1.465000033378601,1.4700000286102295,-0.340135723422776,0.331289613761561,24159341.0,35393435.371405005,6.363648714963436,1.5543999981880188,3.6787500023841857,3.1690195530944343,-47.1119117882237,-63.09823620098434,-23.697913222713318,-92.674999833107,0
HK.02563,434,3.549999952316284,3.4000000953674316,4.411760374749117,1.5910676901605025,12570.0,44623.49940061569,1.3221594631592781,3.5434000062942506,3.7616499948501585,-3.269758078556776,-24.145297381848053,-5.333334604899089,-16.075651623901063,-54.25257928339242,1
HK.02565,297,6.574999809265137,5.320000171661377,23.590217990760653,2.402588766098604,23144267.7,152173555.71308127,11.99892119434234,6.53480001449585,42.302550015449526,-7.784015375423318,-76.3998576266285,-90.28803529445972,-90.50541543788428,-57.138202451999845,1
HK.02566,414,5.175000190734863,5.445000171661377,-4.958677179327459,3.0799536500579374,83750.0,433406.2659740448,7.152905076969808,5.780258293151856,7.4363140201568605,-18.37539327782969,-26.69837174014033,-46.04395527908808,-31.225542961309415,-46.59452808516246,0
HK.02567,445,0.36500000953674316,0.36500000953674316,0.0,0.28187919463087246,811700.0,296270.5077409744,3.976495943492711,0.3921999973058701,0.5383249989151955,-6.410250532086098,-17.9775246284387,-48.59154639890132,-43.846150319251656,-69.32773176588819,0
HK.02569,335,1.2000000476837158,1.190000057220459,0.8403352926397583,3.2265446224256293,231250.0,277500.0110268593,1.7183077694556885,1.1444000124931335,1.043200004696846,-1.6393426604503258,18.811887031138646,20.000004768371582,25.00000776102163,-13.04347450506333,1
HK.02570,408,18.030000686645508,18.0,0.1666704813639323,0.6449156153501312,430424.15,7760547.720048809,5.4447879304963624,23.054799957275392,59.41190008163452,-17.821329773181134,-55.415427055090404,-69.44067680229576,-72.51524221641826,-89.00609714228932,1
HK.02571,383,16.899999618530273,16.5,2.4242401123046875,2.272727272727273,2650.0,44784.998989105225,2.625250695602153,15.205200080871583,13.732950000762939,5.956111728059676,20.370367980398324,26.11940372863894,29.007626919123908,30.20030981926034,2
HK.02573,287,4.480000019073486,4.289999961853027,4.428905802096795,0.17486338797814208,18360.0,82252.80035018921,2.0967456899723036,4.623000020980835,6.494050011634827,-2.8199590168300754,-10.399999618530273,-43.92991054558528,-43.859649017975386,-65.43209872000865,1
HK.02575,199,12.479999542236328,12.09000015258789,3.2258013625000435,0.8642802499926443,438976.1,5478421.527052688,7.207810912825598,14.090200004577637,,-3.1055944771003032,-43.631436827991266,-80.04796211917139,-80.85889551169252,,1
HK.02576,450,5.570000171661377,5.53000020980835,0.7233265883440826,0.4583910943079185,1184390.0,6597052.503314018,5.3236455186809115,5.587599973678589,4.7151499879360195,-11.305732713799387,21.086962763889204,24.88789515740865,39.59900146236037,16.041665631863847,1
HK.02577,394,44.91999816894531,42.7400016784668,5.100599917797473,1.1130039020925329,6886596.9,309345920.1382645,6.883566375012956,56.358200225830075,64.66604993820191,-14.843605366928317,-34.423360337306114,-29.036336950465884,-39.98664116943688,3.2643636067708335,1
HK.02579,177,26.100000381469727,25.65999984741211,1.714733190468014,1.0364968326255959,1254486.0,32742085.07854843,5.008879668312868,27.40049087524414,,7.8512378455788525,-38.61660896425441,-30.67854986590038,-18.269157947422933,,1
HK.02580,228,11.050000190734863,11.329999923706055,-2.471312752485908,1.4582731554905382,2299042.85,25404423.931007624,3.5476310492877654,10.33079999923706,12.015600032806397,10.610615054078776,20.501636846231303,-19.636362249200996,-16.160850266478885,,0
HK.02581,152,2.7850000858306885,2.799999952316284,-0.5357095264657825,0.05803830528148578,40325.0,112305.12846112251,5.208034154566239,2.6610000324249268,,0.5415200363704532,-16.616761754518087,-31.907090906377633,-34.77751526297681,,0
HK.02582,423,10.279999732971191,10.149999618530273,1.2807893529728238,0.45991316095268586,1522206.7,15648284.469526958,6.658955387613137,13.500200061798095,29.033799958229064,-17.230276410443608,-63.82829097334846,-69.11057659242984,-60.461539488572335,-88.04651193840559,1
HK.02583,208,53.54999923706055,52.5,1.999998546781994,0.5361986542582685,298555.0,15987620.022220612,7.623660654442002,52.71999984741211,120.91125007629394,9.196570630783206,-43.273306809872985,-72.95454583986842,-68.12500045413063,,1
HK.02585,413,28.860000610351562,30.600000381469727,-5.686273690937096,0.25564756009325507,477470.0,13779784.49142456,14.720780650068033,20.02439992904663,17.436070675849916,32.9953898418307,55.48513550812489,105.71878556600309,106.87612707410861,119.86386444334786,0
HK.02586,408,5.480000019073486,5.349999904632568,2.4299087244534485,0.3252847794685982,1318736.6,7226676.593152905,4.7934014271870335,5.913199968338013,7.235249989032745,-8.207701647212854,-27.98948852918422,-35.45347271132199,-26.54155507974111,-50.272234197478774,1
HK.02587,394,2.109999895095825,2.0399999618530273,3.4313693407726165,1.4459726857247215,7797268.8,16452236.35003395,5.709981922205492,2.5378000020980833,4.389400000572205,-10.593220809861478,-46.03580949416909,-58.21782543757126,-53.93013252741605,-73.82134261481629,1
HK.02588,491,75.55000305175781,75.80000305175781,-0.32981529015149885,0.6516630178814001,554286.75,41876365.65404892,3.064206968084739,77.14661087036133,75.71058620452881,-4.30651555149943,-3.0265538584355673,-4.8595878861945625,5.85500356609592,7.010644233365893,0
HK.02589,310,117.30000305175781,124.0999984741211,-5.47944843349962,0.518015064927026,854108.6,100186941.38653259,13.913870775979298,120.95903503417969,104.06004848480225,35.13824761251818,-27.596130145833932,30.87159024930535,38.29096882541761,-12.514347883978738,0
HK.02590,267,10.109999656677246,10.170000076293945,-0.5899746230735919,0.42541306924927624,11738854.75,118679817.49228406,5.2952054674761415,11.673599967956543,20.233549966812134,-1.6536972831691972,-42.1624718453293,-69.71240463399992,-56.157849562794496,-42.1624718453293,0
HK.02591,240,7.599999904632568,7.21999979019165,5.2631596327349905,1.5145463964039236,2383280.0,18112927.772712708,8.600529821210879,8.231600017547608,22.239249963760376,-4.881099845526241,-46.25177001341821,-75.96458031967332,-75.01643693105976,,1
HK.02592,271,1.2100000381469727,1.1699999570846558,3.418810472607793,0.5170947440040823,596525.0,721795.2727556229,5.940359946074915,1.2416999959945678,2.8348750042915345,-9.701491939806427,-16.55172425132869,-52.91828523045105,-73.17073222306757,-78.39285609369372,1
HK.02593,399,0.9449999928474426,0.9449999928474426,0.0,2.360248447204969,41960.0,39652.19969987869,1.6036530201658208,0.9798999977111816,1.0883750021457672,-1.5624985448084445,-14.090911603170925,-21.25000372529015,-19.915251283596184,-48.91891996385059,0
HK.02595,215,29.899999618530273,28.1200008392334,6.330009694784208,0.6531458013578927,2281050.6,68203412.06984825,9.024900339930882,31.213599967956544,31.446499910354614,-22.054225383766894,-27.60290515526326,3.1034469604492188,33.840641961977,,4
HK.02596,384,2.634999990463257,2.634999990463257,0.0,0.0,2000.0,5269.999980926514,0.056604167412661874,2.625223445892334,2.5939029550552366,-0.5660416741266188,1.3947663303780324,2.1687771888698437,2.1687771888698437,2.954686393640279,0
HK.02597,266,37.0,35.099998474121094,5.413109995659288,1.769436997319035,9075.0,335775.0,0.9717292644173054,36.376399993896484,25.910950031280517,11.111113656788357,0.21668969399348403,171.06227863751306,144.22442859169809,165.0429792184393,7
HK.02598,491,3.994999885559082,3.994999885559082,0.0,0.48374305138182944,748012.5,2988309.851896763,3.8990813561365933,4.35110002040863,6.133925007581711,-5.77829949963585,-31.825942072749235,-43.252842227181745,-40.9023705577612,-69.22187961132407,0
HK.02600,491,8.600000381469727,8.404999732971191,2.3200553800565307,0.661880848640287,52866777.0,454654302.36707497,4.298178703736051,8.62672773361206,10.829166884422301,12.860899089616476,-25.187571274097554,-33.35511533027883,-30.4552207088995,38.59632580615489,1
HK.02601,491,29.520000457763672,29.899999618530273,-1.270900219447161,0.8182008518629401,9318034.85,275068393.0374578,2.792390647029478,29.389467277526855,32.12831973075867,7.737229447987541,-10.652000423042516,-16.78562334345291,-14.946636192427345,-6.699031777525671,0
HK.02602,491,17.209999084472656,17.040000915527344,0.9976417829320963,0.552045011951643,842454.8,14498646.336709596,3.588694354854452,17.597599964141846,18.433517627716064,-3.9084353372599225,3.806011179485539,-8.6507097416777,-4.075858243978267,-20.896695053161338,1
HK.02603,297,12.699999809265137,13.0,-2.307693774883564,0.8781904411695377,2653125.0,33694686.993956566,7.053134478853727,14.69099988937378,14.2224200963974,-10.120313472002843,-12.894376709729402,-19.024204116007066,-2.164509256779065,-18.845309531218216,0
HK.02605,287,1.2400000095367432,1.1749999523162842,5.531919987939063,1.900898290350623,73660.0,91338.4007024765,5.140691198826493,1.170299997329712,2.0011249965429307,14.814811135515901,-8.82352966957026,-43.11926735941479,-54.411764834785124,-79.67213067339492,1
HK.02607,491,11.869999885559082,11.800000190734863,0.5932177431588619,0.6559091012669301,1557908.8,18492377.27771149,1.9698443692644754,11.556411113739014,11.420292577743531,4.584639248196367,0.8096458362372964,2.5767568393929916,6.21171332882827,-3.203141088614572,1
HK.02608,491,0.009999999776482582,0.009999999776482582,0.0,0.28888472027820666,3488050.0,34880.49922036007,1.0000001862645191,0.009999999776482582,0.010724999895319342,0.0,0.0,0.0,0.0,-37.50000436557436,0
HK.02609,278,3.005000114440918,3.049999952316284,-1.4754045435702925,0.6632473746458087,3225700.0,9693228.86915207,4.56958911279355,3.9269000101089477,4.5408250057697295,1.5202728281759206,-45.26411220908155,-21.540465422955812,-22.750641814829915,-52.82574303881364,0
HK.02610,337,27.81999969482422,28.0,-0.6428582327706474,0.7660626405317212,1271415.4,35370776.039994806,5.515226220256212,28.54239429473877,44.32058515548706,9.960476418008206,-26.058129696556147,-56.96696175377879,-43.24075588129791,-27.528307337344916,0
HK.02611,491,14.420000076293945,14.359999656677246,0.417830230161598,0.7528803748800101,10003969.1,144257235.18524227,2.7719105814782363,14.667400035858154,14.956900506019592,-1.5027340291638027,8.830189255048644,-9.156436566771866,-11.589737101006898,-14.370672723357952,1
HK.02613,386,31.5,32.779998779296875,-3.904816433688503,0.02207505518763797,27210.0,857115.0,1.0740487078089465,30.8547998046875,30.207700004577635,2.941175187289479,8.845886035591757,7.802877276603744,3.891821626163187,12.5,0
HK.02616,491,5.255000114440918,4.704999923706055,11.689696060645986,1.9666202821811838,5758546.25,30261161.20276332,7.009336661380086,4.907200012207031,6.315900008678437,-0.47348663587153683,-44.273595499709145,-6.991149986889088,-1.59176096850446,-32.54171835463145,1
HK.02617,278,11.239999771118164,11.529999732971191,-2.515177524451656,5.5229341740327484,12209079.65,137230052.47156343,9.132760580314471,18.113799934387206,87.82550019264221,7.559808385380072,-78.38461582477277,-86.5389224297986,-90.07067131259963,-72.51833899319978,0
HK.02618,491,14.520000457763672,14.729999542236328,-1.4256557433726431,0.7669714460512833,8011823.6,116331682.33952178,3.121633807451045,13.159400005340576,12.866750006675721,14.51104186359389,-4.7244050142243905,27.592269874744353,22.842646638322154,0.13793419147359914,0
HK.02619,172,1.2899999618530273,1.284999966621399,0.3891046973934726,0.2851828890266584,81800.0,105521.99687957764,6.690968252394577,1.3552281188964843,,-3.0075247948591937,-20.374029197135076,-32.49981271267092,-41.677472819695595,,1
HK.02621,294,2.9200000762939453,2.930000066757202,-0.34129659506541904,0.12861736334405144,16240.0,47420.80123901367,1.199790184664948,3.1380286836624145,3.2842436349391937,-9.316768622693642,-5.933637241940678,-11.659416493608141,-16.039940945227357,-37.159792095311886,0
HK.02623,491,4.210000038146973,4.239999771118164,-0.7075409101562271,0.8871006497536784,1363711.75,5741226.519521475,5.723612633471055,4.551999969482422,4.479750738739967,-10.234541859642526,-22.893772733822686,-3.2183878058595288,-14.081633546758503,709.6154216478576,0
HK.02625,333,2.1050000190734863,2.140000104904175,-1.6355179492972838,0.03984601877490376,1279850.0,2694084.2744112015,5.513856388955777,2.269299988746643,3.8618750035762788,-16.468252579130844,-49.641145800952415,-60.28301993737058,-51.940640089636666,-21.747212851417014,0
HK.02627,243,29.31999969482422,29.31999969482422,0.0,,0.0,0.0,0.0,29.31999969482422,37.94289993286133,0.0,0.0,-41.70974127327316,-27.137180735969206,,0
HK.02628,491,28.799999237060547,29.040000915527344,-0.8264520347810004,1.3787436052204989,59881214.4,1724578929.034259,4.003774455133654,28.146115684509276,28.03015971183777,1.3370836022043904,1.5108480076887296,-6.277873568587064,2.4963865418956477,30.643797871524907,0
HK.02629,298,12.40999984741211,12.40999984741211,0.0,,0.0,0.0,0.0,12.40999984741211,28.84894986629486,0.0,0.0,-70.16826850334566,-71.13953523857649,-59.378068224769706,0
HK.02630,184,116.80000305175781,107.0,9.158881356783002,1.0734914700123817,83865.5,9795490.655937195,11.797968987697379,68.85900009155273,,116.29630194769965,58.58791667603291,22.947371633429274,38.96490042937015,,4
HK.02631,237,72.0999984741211,68.1500015258789,5.796033543362779,1.616174978391773,3007563.15,216845298.52582282,8.663378889101688,82.95300003051757,66.49679998397828,-3.866668701171875,11.956516717081088,7.05270988510143,21.38046569360635,,6
HK.02632,92,79.5999984741211,77.05000305175781,3.309533188013425,2.951354999011044,42982.15,3421379.074414444,9.210068785604273,90.7389998626709,,30.598847379378114,-7.603021399587827,,185.5093288027645,,7
HK.02633,491,1.0499999523162842,1.0499999523162842,0.0,1.0941599958340444,270755.45,284293.2095893741,1.5591362514047267,1.0780000114440917,1.2197124946117401,-3.669732095175381,-6.2500046566128535,-16.000003814697266,-18.60465245223681,-30.63384000285402,0
HK.02635,151,11.300000190734863,11.380000114440918,-0.7029870202245156,1.915931575415434,3884140.0,43890782.74084091,7.648001522673336,12.884399967193604,,-5.042012159908909,-52.99500931617587,-70.63409478908184,-67.28430836359652,,0
HK.02637,162,196.6999969482422,198.1999969482422,-0.7568113133683392,0.5294008223288708,134426.05,26441603.62476425,6.283771299221599,187.67799957275392,,-4.2356364200413426,-19.451269694351208,35.281984322695486,49.128131956255515,,0
HK.02638,491,6.409999847412109,6.454999923706055,-0.6971351948228854,0.7990072862255178,2587282.2,16584478.507212067,1.0702186412831565,6.359400005340576,6.333563809394836,2.55999755859375,0.0,-1.4626221909110642,3.5030477889363048,9.138136536576585,0
HK.02643,276,15.5600004196167,15.109999656677246,2.9781652757390615,0.3447834969138638,2540737.5,39533876.56613588,6.1225186964019445,21.884400062561035,31.933499994277955,-8.470585766960593,-33.95585410725598,-57.57906136816175,-47.53877107327653,-63.21512836817258,1
HK.02648,270,70.3499984741211,70.9000015258789,-0.7757447671662718,0.5790418815876704,515537.2,36268041.23335266,4.260761003624292,71.40300018310546,72.44547183990478,5.156945993353418,-20.271894282376017,-5.398423429315679,6.620055277359812,22.907022466293895,0
HK.02649,102,3.9000000953674316,3.9000000953674316,0.0,,0.0,0.0,0.0,3.9000000953674316,,0.0,0.0,,-37.09677072022871,,0
HK.02650,202,12.130000114440918,11.960000038146973,1.4214053156498512,1.0397432077636315,10793875.0,130929704.98526096,14.742091338807557,17.454400024414063,34.746549921035765,-47.48917786091763,-42.5118488381942,-78.02536241523961,-68.44432739908393,,1
HK.02651,267,18.75,19.049999237060547,-1.5747992077444164,0.5956201623560506,108865.0,2041218.75,2.4592392066441753,16.137383575439454,11.713531942367554,0.8064495454511428,65.39903754464267,104.75552965840231,82.15020962634878,26.512449161406522,0
HK.02652,204,18.15999984741211,17.959999084472656,1.1135900508612169,1.9390869487740423,1438875.0,26129969.7804451,9.10765829369686,18.070600032806396,26.939500069618227,3.7714276994977682,-17.52952102682917,-48.35039838958149,-46.52532291817609,,4
HK.02655,156,16.399999618530273,16.420000076293945,-0.12180546693508941,0.5524083740395576,2301826.0,37749945.521923065,6.307778388707937,17.57219997406006,,-5.202310163125723,-42.817296220284135,-70.97345200260129,-57.94871892684546,,0
HK.02656,217,10.859999656677246,10.4399995803833,4.0229893982287415,0.8625503432075786,2957675.0,32120349.484562874,8.58246456367662,11.302599983215332,46.55909998416901,6.784656590039514,-42.234042035124844,-86.7963530010003,-81.48337702619608,,1
HK.02657,148,48.97999954223633,48.13999938964844,1.7449110162816417,0.10663112995650588,231998.0,11363261.933799744,8.35945096045414,41.335,,11.877571740359393,-5.530288872571453,-39.9345211252056,-41.275583339987946,,4
HK.02658,163,38.02000045776367,37.119998931884766,2.424573145948657,0.6859141358267014,70697.5,2687918.982362747,5.318173896200946,45.42900009155274,,-17.98964633905911,-13.037512817452257,-25.15747828982914,-19.822855491667998,,1
HK.02659,160,17.979999542236328,17.469999313354492,2.919291636674418,1.748595833945922,740631.5,13316554.030965805,6.4514910888378605,18.961799850463866,,-9.375003004266347,-30.792918171511907,-81.89325378684563,-74.20372979989094,,1
HK.02660,491,2.3350000381469727,2.3499999046325684,-0.6382922167795148,0.4518365046467507,285967.45,667734.0066587925,2.868339883828334,2.270500020980835,2.256515010595322,3.777779473198785,-10.316484269190655,-0.46887971823110486,-1.2434390520047773,9.304907085750843,0
HK.02661,151,5.885000228881836,5.760000228881836,2.1701388026553206,0.9035963539040771,9995817.85,58825390.33511114,7.613367987305724,10.997500057220458,,-20.257450709705548,-89.80069297908614,-94.16170629889756,-92.12181998754376,,1
HK.02663,491,0.47999998927116394,0.47999998927116394,0.0,0.33656297807241203,821000.0,394079.9911916256,3.9836056370703745,0.4179000008106232,0.31785000041127204,2.127657550770317,71.42856686699149,71.42856686699149,62.711868002578555,52.38095012832029,0
HK.02665,156,2.75,2.7249999046325684,0.9174347244904797,0.5647972826521878,7489807.05,20596969.3875,6.36176693898276,3.646199998855591,,-7.094595791912132,-63.9580608289217,-73.50674403004938,-73.42995267011293,,1
HK.02666,491,4.545000076293945,4.554999828338623,-0.21953353285470956,0.9999303192895915,6056966.65,27528913.886359885,2.32530949687123,4.6861756229400635,5.381909482479095,-0.5470480181260718,-12.975864650897083,-19.79015210791235,-17.640474593382745,-24.587979751419898,0
HK.02667,24,2.7799999713897705,2.765000104904175,0.5424906298915148,0.2884799165257187,1131964.2,3146860.4436142445,6.133802812793787,,,1.0909080505371094,,,-17.014923864761005,,1
HK.02668,491,0.41999998688697815,0.41999998688697815,0.0,0.7784156142365097,43010000.0,18064199.43600893,10.095467471309261,0.4046999990940094,0.2982399998232722,-15.151518617962168,11.999996503194172,-23.636367675686586,125.80643920819077,142.77456876425353,0
HK.02669,491,3.4000000953674316,3.380000114440918,0.5917153919925783,0.6455209579649636,5035357.8,17120217.00020914,2.3219886534274607,3.4929674100875854,4.129693285226822,1.4925430495003955,-11.793539256779178,-28.825271914303446,-23.541558408971643,-36.45659777549162,1
HK.02670,198,150.0,147.5,1.694915254237288,1.0647618937094911,32240.3,4836045.0,9.43866277649618,230.20399688720704,,-14.772727272727273,-51.14006514657981,30.20833678267629,36.36363636363637,,2
HK.02671,147,4.099999904632568,4.099999904632568,0.0,0.0,10920.0,44771.99895858765,3.707848376756146,4.06980001449585,,13.888889256818803,13.446201334374338,-13.183338733507801,-46.54297822264628,,0
HK.02672,29,67.94999694824219,70.0999984741211,-3.0670493190846857,0.938343610608944,200152.05,13600331.186684417,7.475831315783613,,,10.757943990667142,,,-6.917812399668237,,0
HK.02675,142,39.41999816894531,38.15999984741211,3.301882407157956,0.902035222749655,356448.25,14051189.362323761,7.367332623018038,40.68879997253418,,-3.1925417799271987,-24.91428920200893,-43.806133554533204,-30.35335824793511,,1
HK.02676,162,145.60000610351562,141.39999389648438,2.97030579089415,0.5809948230078323,306875.55,44681081.953019716,8.926553822717018,175.1559994506836,,-20.99837021563906,-2.933329264322917,4.223342365182261,21.535895154035433,,1
HK.02677,121,21.040000915527344,21.600000381469727,-2.5925900743168357,0.6403940886699507,3020.0,63540.80276489258,4.430819733652006,25.745600051879883,,-29.91338909161792,-23.435221011597207,,-69.01325413445196,,0
HK.02678,491,6.5,6.519999980926514,-0.30674817461689025,0.6866103663235388,231375.2,1503938.8,3.261213286978768,6.238699989318848,5.79977499961853,6.7323454374280045,-12.985271987092842,21.042833119600175,34.57557148391331,30.0,0
HK.02680,491,6.800000190734863,5.204999923706055,30.643617491028497,7.313432835820896,18100.0,123080.00345230103,3.0907485164261317,6.698299989700318,10.278474972248077,-1.0189184278060897,-33.9805818950212,-46.329911998517474,-31.795386072127428,32.55360699881674,1
HK.02682,491,0.12700000405311584,0.12800000607967377,-0.7812515461409196,0.05894736842105263,450600.0,57226.201826334,1.747202739187348,0.1429399999976158,0.14825000055134296,-3.7878751960010706,-14.189187556483454,-10.563380355589965,-15.333333995607138,-0.5327900707686943,0
HK.02683,491,1.1100000143051147,1.1100000143051147,0.0,0.096,122100.0,135531.0017466545,1.2864012563022535,1.1236000037193299,1.1260449966788293,0.9090900224102623,-6.722692358704943,-2.6315764707211,-5.932197996132164,66.41148590444259,0
HK.02685,169,4.235000133514404,4.349999904632568,-2.643672957226829,0.6833341530837933,63893802.55,270590262.32999295,25.598865678034542,12.091900038719178,,-69.28933904837135,-78.17010197531518,-88.55405369320431,-84.29154199803548,,0
HK.02687,162,241.39999389648438,238.39999389648438,1.258389293962243,0.749779174626651,247735.0,59803227.48794556,11.522154605592343,155.56799987792968,,66.02476205628037,72.30548421112935,51.53797192210451,46.7477166543978,,2
HK.02688,491,46.220001220703125,47.0,-1.659571870844415,0.5361471590355953,5040181.15,232957178.9055649,2.800268510037957,45.54135665893555,59.41217308044433,9.474182577802836,-21.03528064767736,-29.24992268833449,-31.215203952497184,-26.628987733061273,0
HK.02689,491,8.0600004196167,7.989999771118164,0.8761032603726706,0.4234724772900673,12865711.9,103697643.31266756,4.700602015926466,7.175399999618531,6.888400015830993,10.71428828748459,28.548651421617365,11.78918692056184,34.78261528275846,82.76645574821268,1
HK.02691,152,6.800000190734863,7.119999885559082,-4.494377808534073,1.7963757974789456,2122161.25,14430696.904770136,6.042586805263755,6.403494329452514,,13.712377408795126,0.867035996189574,-5.009633166976582,-2.111308908559416,,0
HK.02692,103,47.41999816894531,45.880001068115234,3.3565759916695264,0.9356907467211469,472363.6,22399481.047076415,5.720587669490592,53.673194046020505,,-5.443675521175867,-25.226300963996064,,-34.59862564636563,,1
HK.02693,165,2.7100000381469727,2.680000066757202,1.1194018896451168,1.0,9475.0,25677.250361442566,1.4827642507381757,3.178700032234192,,-9.364547508250757,-32.249999046325684,-47.079477782398406,-36.33182880911811,,1
HK.02695,152,1.5750000476837158,1.559999942779541,0.9615452214343201,0.618421052631579,75350.0,118676.25359296799,1.8873860168086953,1.6715237593650818,,-2.777775120506242,-13.234965472435576,-22.958634356239763,-26.446105418546654,,1
HK.02696,488,66.94999694824219,61.95000076293945,8.071018763076268,0.6806404060905586,850582.4,56946489.084228516,6.978086336328605,60.63799949645996,66.17674962997437,6.438784299070317,-10.4347866913148,14.151739482395351,14.249144524822158,-7.399731504417345,1
HK.02697,28,693.5,730.0,-5.0,0.4514961003468836,49260.4,34162087.4,18.199622340220877,,,90.6267243732446,,,73.375,,0
HK.02698,182,34.959999084472656,35.18000030517578,-0.6253587799735119,0.4676433388143258,2168294.15,75803561.4988674,5.161669480110539,28.750399894714356,,31.725689067399976,27.67990559725653,7.806651917669588,14.480073095929788,,0
HK.02699,491,5.695000171661377,5.559999942779541,2.428061695524892,7.739831693684428,1442977.5,8217757.110203505,3.934920259385346,5.194041147232055,6.495135278701782,16.22449103716459,-8.879997253417969,-10.666663973939185,8.476193745930988,-89.3551398660535,5
HK.02700,491,0.5600000023841858,0.550000011920929,1.8181800448205245,0.38646073462321046,50751.7,28420.95212100148,2.4874594987515097,0.5875000023841858,0.563299999088049,-6.666669978035689,-6.666669978035689,-3.4482726727597,1.8181800448205245,-3.4482726727597,2
HK.02701,93,8.885000228881836,8.484999656677246,4.714208466582678,1.1579318366052234,5528340.0,49119302.16533661,7.952142541537673,11.054899988174439,,-29.484127302498976,-27.764226901601358,,-21.022220187717014,,1
HK.02706,116,48.18000030517578,50.95000076293945,-5.436703466702485,1.966411346298539,4781531.9,230374208.40120775,16.565072226970884,48.39099987030029,,11.11623530206666,1.2184912807718253,,-47.96976123207968,,0
HK.02714,121,32.040000915527344,31.520000457763672,1.649747621230097,0.9359696800264423,3022957.0,96855545.04759979,3.6407086384559215,32.141199913024906,,-1.1111129425843347,-20.63721208515714,,-19.932106541823543,,2
HK.02715,103,18.920000076293945,18.5,2.270270682669975,0.6393484255171256,13349187.9,252566636.08646223,9.235203133594306,18.931200008392334,,-11.75373318559685,42.36267968849509,,46.66667159521625,,1
HK.02718,187,44.20000076293945,44.20000076293945,0.0,2.760082575946789,2501536.45,110567912.99852087,18.59912135941584,169.39299980163574,,-67.97101393989895,-79.89080975921034,-84.52380958741325,-77.89999961853027,,0
HK.02720,119,24.1200008392334,24.899999618530273,-3.1325252660502434,1.6705489282605115,42650.0,1028718.0357933044,4.460134529389704,21.134400100708007,,21.02358489663185,-3.750992205672163,,-2.6634375670852903,,0
HK.02722,491,2.115000009536743,2.059999942779541,2.6699062274240166,0.6128748423118191,14049131.65,29713913.57373296,6.067851312629637,2.1887739086151123,2.3453935807943345,5.223881570730074,-32.05597740916297,-9.124879529131004,14.78963823603455,50.25031689756773,1
HK.02723,51,666.5,640.0,4.140625,1.3624547968838887,99582.65,66371836.224999994,9.681459762910562,435.67200073242185,,35.028361377334456,,,228.32512315270935,,1
HK.02726,88,103.80000305175781,102.5999984741211,1.1695951223034347,1.0094534524222312,223567.75,23206333.132274628,6.198330526725981,106.86899978637695,,0.7767019919978763,-5.5504989894697,,0.7767019919978763,,1
HK.02727,491,3.2899999618530273,3.309999942779541,-0.6042290414578944,0.6609764644310757,22953086.0,75515652.06440926,4.21060413556304,3.5419882583618163,4.097166290283203,0.6116202153874915,-15.277740598947275,-27.540170890443576,-19.995932328698917,-3.1035763157835605,0
HK.02728,491,0.017000000923871994,0.01600000075995922,6.250000727595727,0.2390057361376673,1637200.0,27832.40151256323,5.6494696859811695,0.021660000067204237,0.02496000017505139,-29.166663432907757,-29.166663432907757,-29.166663432907757,-31.999997317791024,-41.37930547227177,2
HK.02729,92,39.47999954223633,39.0,1.2307680570162258,0.2519319554691183,317728.15,12543907.216555595,8.52151375775534,29.809199829101562,,30.72847200283854,13.188068615990034,,28.59934384723517,,10
HK.02738,491,0.039000000804662704,0.03799999877810478,2.631584365034542,2.887218045112782,75700.0,2952.3000609129667,3.1043379221969407,0.04542000003159046,0.1840450001694262,-2.4999958090483205,-72.53521160015485,-85.2830177698325,-86.5517234734916,-88.18181840759334,2
HK.02768,123,34.380001068115234,33.7400016784668,1.896856425045442,0.7027996161101826,1748708.65,60120605.25482234,13.14802167930034,41.14875282287598,,-34.762807266802746,8.07188363337409,,28.039337614423697,,3
HK.02772,491,0.03999999910593033,0.039000000804662704,2.564098155475083,0.29931688428833864,3991750.0,159669.9964310974,11.112291377601654,0.033059999793767926,0.052695000097155574,53.846147233212626,-11.111116630059483,-32.20339175682921,-34.42623171073329,-54.022988210440715,4
HK.02777,491,0.20999999344348907,0.20999999344348907,0.0,1.159566456978399,1393831.35,292704.57436132955,5.8380634198226105,0.2477199986577034,0.44720499716699125,-8.69565668088043,-41.66667080587794,-57.14285931503803,-59.61538439495323,-78.12500019402555,0
HK.02779,491,0.29499998688697815,0.30000001192092896,-1.666674945089223,1.6660741794051428,451900.0,133310.49407422543,2.9348857667531942,0.33230000257492065,0.5027999989688396,-4.838714639304418,-35.86956923140913,-47.32143113731729,-47.32143113731729,-52.41935731965221,0
HK.02788,172,17.5,16.31999969482422,7.230394162017115,1.4755266456055338,5862500.7,102593762.25,6.576051323149447,16.804200057983397,,15.894036807280362,-19.577206728277417,-32.8369118231921,-11.979621956282987,,1
HK.02789,491,0.19300000369548798,0.20600000023841858,-6.310677926157658,1.927710843373494,1625900.0,313798.7060084939,4.0592549803132485,0.1677199998497963,0.1602854160964489,15.568867458183059,10.28571827557629,44.096781956232306,42.41143521511179,189.90900620857337,0
HK.02797,22,99.75,68.3499984741211,45.940017888614406,0.8844520567707008,528894.5,52757226.375,33.0646291685934,,,691.666642698662,,,375.0,,1
HK.02798,491,0.7799999713897705,0.7850000262260437,-0.6369496393919112,1.3106159895150722,176750.0,137864.99494314194,4.189033924006759,0.7997000002861023,1.0223249951004982,5.405400180747055,-25.0,-32.173914125150475,-32.75862122120672,-13.333334216365131,0
HK.02799,491,0.5849999785423279,0.5899999737739563,-0.847456856590309,0.8043539896681233,57268637.95,33502151.971898347,4.015244712216133,0.6063999962806702,0.7932999983429909,2.6315764707211,-22.00000286102295,-29.518073457196575,-31.176475043115193,-53.937008871799506,0
HK.02858,491,1.2949999570846558,1.2699999809265137,1.9685020892601628,0.321545178086494,33515453.0,43402510.1966728,7.195331364572128,1.3867000031471253,2.0044519406557084,-12.500004027340811,-25.376774150382403,-50.60152631128525,-45.198569575450165,-47.84696844292438,1
HK.02863,491,0.8500000238418579,0.8799999952316284,-3.409087676400963,0.017351166476656563,17972200.0,15276370.428490639,14.712773550833505,0.704899999499321,0.4603500021994114,8.974366028163349,75.25773170536873,150.00000438269444,161.53847846759203,126.66667302449544,0
HK.02865,310,17.1299991607666,16.40999984741211,4.387564412244877,0.8095557364900412,4838068.0,82876100.77973175,6.884113532844344,21.73980001449585,26.643399987220764,-26.1637991489608,-49.853632209356306,-56.07692522880359,-22.136367451060902,-27.56871273966159,1
HK.02866,491,0.9049999713897705,0.9100000262260437,-0.549456559579393,0.5592713765992636,12156297.05,11001448.482455552,2.5350601457901845,0.9097343635559082,1.0642030295729636,2.840906397000803,-16.082293558378744,-17.58082907387663,-13.729462182597368,-23.399030360831333,0
HK.02869,491,4.184999942779541,4.25,-1.5294131110696232,0.4357363825231661,2487361.45,10409607.525922038,3.203705280494087,4.1769603252410885,4.219144893884659,3.8461470198921544,-2.633254422233294,2.067212671498722,-0.0017204581386329216,-9.573852747841496,0
HK.02877,491,8.055000305175781,7.929999828338623,1.576298607100304,0.6235576091876843,523915.4,4220138.7068862915,2.6550256316259606,8.046399965286255,8.526828634738923,5.01955964865992,-12.445647041603731,-13.730148556743835,-1.1616919349748343,0.902513555264515,1
HK.02878,491,0.27000001072883606,0.2800000011920929,-3.571425150243618,3.186497723223124,2280400.0,615708.0244660378,4.470263185875594,0.320799999833107,0.402399999499321,-18.181818181818183,-38.63636086548654,-40.65934001154234,-38.63636086548654,-43.74999650754027,0
HK.02880,491,0.7049999833106995,0.7099999785423279,-0.7042247017941755,0.9712634181052944,2692930.0,1898515.605056882,2.6286078531718493,0.7213738095760346,0.8052900654077529,5.223875485010544,-12.844605702268572,-12.844605702268572,-6.225210853673049,-12.844605702268572,0
HK.02881,490,10.920000076293945,10.9399995803833,-0.1828108304978084,0.0,10900.05,119028.5468316078,2.4277083080580617,10.666999931335448,7.126711843013763,9.309312577408477,30.03244096730795,120.95356336814935,114.25798079612892,77.87454946690995,0
HK.02882,491,0.41999998688697815,0.41999998688697815,0.0,0.33990828454340233,19393.95,8145.45874568671,1.5316981523151059,0.4173000001907349,0.5156499961018562,9.09090838719426,-15.151518617962168,-23.636367675686586,-16.00000262260437,-27.586207073735576,0
HK.02883,491,6.864999771118164,6.824999809265137,0.5860800435294699,0.7975109634943853,7152730.8,49103495.30486984,2.6864558285999984,7.017629842758179,7.798986263275147,5.778120388675933,-24.36121059486968,-14.306237530848854,-0.2032126959550997,1.3516916402539088,1
HK.02885,491,0.8849999904632568,0.8899999856948853,-0.5617972260667591,0.18018018018018017,81800.0,72392.99921989441,1.4216834631090052,0.8845914828777314,0.795162755548954,1.724136277318624,2.0585915442615637,13.125188712315916,17.367378259049772,63.25145785008165,0
HK.02886,491,1.0399999618530273,1.0399999618530273,0.0,0.31295639474233256,97360.0,101254.39628601074,1.3932232898569157,1.0631999969482422,1.0519725626707077,-2.803746647517422,-6.001450681359089,-1.010371036711078,-3.570450760496893,-0.12653395083458258,0
HK.02888,491,232.1999969482422,234.39999389648438,-0.9385652753957618,0.5212207934889941,1302206.25,302372287.2759819,2.626647036990643,217.36848083496093,189.0005655670166,4.685852509051645,20.91706834735024,19.843092738997147,21.466818655916843,65.45890492059311,0
HK.02889,208,158.0,147.10000610351562,7.409920764254727,2.140602575080676,417298.2,65933115.6,9.807484107016094,156.86599975585938,180.09450008392335,37.63065836223487,8.96551724137931,-35.56280507077197,-29.777777777777775,,2
HK.02892,490,0.6200000047683716,0.6200000047683716,0.0,,0.0,0.0,0.0,0.7588000071048736,0.4910250023007393,0.0,37.777782487280696,77.14286152197397,85.07462367896761,54.999998882412925,0
HK.02898,490,6.389999866485596,6.389999866485596,0.0,,0.0,0.0,0.0,6.389999866485596,6.67579993724823,0.0,0.0,-8.321376487302688,-3.7650603166701484,-4.197904147010538,0
HK.02899,491,36.400001525878906,35.29999923706055,3.1161538600360528,1.3348461359880055,59172303.75,2153871946.78977,4.214219926573077,31.116885948181153,34.34723029136658,23.11625189949077,5.501861366609062,-7.340022651195956,1.389170022471915,68.60992489982314,4
HK.02900,6,2.0,1.8450000286102295,8.401082329875424,,,,,,,,,,-8.256883543354942,,1
HK.02976,24,1.6699999570846558,1.6699999570846558,0.0,0.0,56303.0,94026.00758373737,2.678756081711171,,,-16.08040456877088,,,-19.711537579812916,,0
HK.02977,24,0.17599999904632568,0.17599999904632568,0.0,0.0,24453.2,4303.763176679611,1.987195449296351,,,-32.307690191550996,,,-38.24561359479486,,0
HK.02979,23,2.2200000286102295,2.2200000286102295,0.0,0.0,160000.0,355200.0045776367,0.0,,,0.0,,,0.0,,0
HK.02986,21,0.550000011920929,0.550000011920929,0.0,0.0031441102953891622,395181.25,217349.6922109276,3.4721872039263064,,,14.583338377997393,,,14.583338377997393,,0
HK.02988,18,0.23999999463558197,0.23999999463558197,0.0,,,,,,,,,,8.108104298461395,,0
HK.02991,11,5.769999980926514,5.914999961853027,-2.4513944524369644,,,,,,,,,,1.5845097765472171,,0
HK.02993,2,0.009999999776482582,0.33500000834465027,-97.01492551421236,,,,,,,,,,-97.01492551421236,,0
HK.02995,14,1.5099999904632568,1.5099999904632568,0.0,,,,,,,,,,-5.625002002343506,,0
HK.03200,121,109.5999984741211,102.5,6.926827779630336,2.0947100178944167,2150862.15,235734488.3580448,10.665399419322053,144.43699966430665,,-20.000001113780225,-20.078574568731135,,0.11974930286210034,,1
HK.03268,102,17.0,17.200000762939453,-1.162795081790876,0.20930241505746197,1241355.0,21103035.0,7.104033507955957,19.259151535034178,,-6.567736822574119,-20.872123135883317,,-41.612807625418306,,0
HK.03277,77,74.19999694824219,68.69999694824219,8.00582277193351,0.7945297566951615,682911.25,50672012.66592026,10.655177446386757,83.64894027709961,,-11.031180346899598,-10.056650516916546,,6.32589031627921,,1
HK.03288,280,31.799999237060547,32.18000030517578,-1.180860983565981,0.3467814768385138,1435790.25,45658128.85457897,3.3321337560002267,31.234800033569336,32.15093334197998,5.437663786291956,-5.1112153266683436,1.3638100787461702,1.9016049647117037,-5.155608134506848,0
HK.03296,73,70.6500015258789,69.0999984741211,2.2431303704562455,0.46139662558270217,2910959.05,205659261.324271,8.441113225312177,71.37199996948242,,0.9285736083984374,1.655649313232669,,13.900534045763349,,1
HK.03300,491,0.3700000047683716,0.3700000047683716,0.0,0.037937575444042075,553900.0,204943.00264120102,3.698984864435754,0.3869000017642975,0.4869999994337559,-1.3333320617675781,-21.27659453046219,-43.93939544456168,-32.72727331839316,0.0,0
HK.03301,491,0.10199999809265137,0.1080000028014183,-5.555559771418952,1.9547312679577928,7656325.0,780945.135396719,18.679278297708287,0.06508000008761883,0.11697000021114945,103.99999314546595,-7.272728504228204,-19.685043435123514,-23.308272866924003,-52.55814121116359,0
HK.03302,491,0.3199999928474426,0.3100000023841858,3.225803350434739,2.329201498991064,387300.0,123935.99722981453,3.6450073072160034,0.3660999983549118,0.35786499992012977,-8.571429057997108,-20.987656319619237,-5.882356034843122,-11.111116630059483,158.06451457844315,1
HK.03303,491,0.45500001311302185,0.46000000834465027,-1.086955465418649,0.11826959066198968,157736.4,71770.06406840085,1.3050353182381467,0.48800000131130217,0.5152399374544621,0.0,-8.99999737739563,-2.806851109091497,-10.784309486020957,-28.20457486913447,0
HK.03306,491,20.059999465942383,20.239999771118164,-0.8893295810834738,0.8661044972704365,651872.05,13076552.974862767,3.1889522128836876,19.06439998626709,19.636326675415038,8.140163293726973,-4.838711866486319,6.201120799086106,6.531285487116079,13.270915887983332,0
HK.03308,7,1110.0,1151.0,-3.5621198957428324,,,,,,,,,,15.625,,0
HK.03309,491,0.8999999761581421,0.8949999809265137,0.558658697003811,0.1465798045602606,337600.0,303839.99195098877,2.7988786829428216,0.9673666739463807,1.3508841216564178,-2.1739174096029172,-23.295461357193613,-42.35248824543117,-45.40441641729027,-48.72237690546901,1
HK.03310,51,28.780000686645508,28.719999313354492,0.20891843567390206,0.5344872610579007,547409.5,15754445.785876274,7.087843276106612,31.66560012817383,,-14.548692322242246,,,-27.86967522299725,,1
HK.03311,491,8.375,8.430000305175781,-0.6524353877189378,0.9766407838353092,6584700.55,55146867.106249996,2.5866325403231016,7.9918297672271725,8.712556760311127,13.945579709754732,-3.600921331089172,-4.13469181993379,-6.414736596215934,-25.480078462173978,0
HK.03313,491,0.7200000286102295,0.7300000190734863,-1.3698616715036243,0.12638550959718842,222070.0,159890.40635347366,3.880405214311502,0.7194000053405761,1.1857000026106834,0.0,-42.85714015398434,-52.31787859883769,-54.999998882412925,-55.828218974447594,0
HK.03315,491,0.6600000262260437,0.6499999761581421,1.53846929764635,0.4110521301211379,294300.0,194238.00771832466,1.8288444787527285,0.6753999984264374,0.7647201138734817,-1.4925358528601556,-11.770829042242974,-15.972215266047138,-15.972215266047138,-23.27897991534954,1
HK.03316,491,22.739999771118164,23.100000381469727,-1.5584441749202154,0.6869154891489045,274223.8,6235849.149235153,2.6555274413661323,22.35975761413574,22.74642272949219,5.277774858867241,0.8532034315931516,4.674064893779913,0.1729076361167662,0.5785351464446089,0
HK.03317,148,131.89999389648438,129.0,2.2480572840964146,0.8930764516994275,4951994.55,653168050.9204239,13.374674598208195,131.86399978637695,,47.45667791671891,-49.26923311673678,132.83316918575844,170.28687696436393,,1
HK.03318,491,2.5,2.619999885559082,-4.580148503841451,0.46480566314945904,738700.0,1846750.0,5.7773914231757395,2.4025000095367433,1.8506250065565109,-3.8461503192516595,113.6752215127741,45.348834791590974,38.88889256818805,21.951222348823137,0
HK.03319,491,1.7999999523162842,1.784999966621399,0.8403353487606408,0.4030213698208028,1256608.8,2261895.780080223,5.021747086331122,1.885101978778839,2.1189251923561097,4.6511582776364895,-15.329354614228174,-18.31333565958782,-19.378820223801217,-38.337267084702276,1
HK.03320,491,4.840000152587891,4.775000095367432,1.3612577156494756,1.149959356214668,7171088.15,34708067.74022122,2.665654090493467,4.629482116699219,4.726363761425018,7.55555894639757,-3.148993372097084,8.431021551248485,10.594824054461615,-9.971272133845655,1
HK.03321,491,1.0750000476837158,1.0750000476837158,0.0,0.10620536019159353,1052310.0,1131233.300178051,7.512866028328038,1.2670000004768371,0.7374249969422817,-10.41666625274554,91.96429341195186,110.78432701679917,144.31819397925352,91.96429341195186,0
HK.03322,491,0.1899999976158142,0.18400000035762787,3.2608680687633522,0.4316546762589928,56800.0,10791.999864578247,4.1555698449608265,0.18820000171661377,0.20809999957680703,6.145247025033201,-2.5641002128344392,-20.50209058933658,-13.636364252114102,-15.555554378179826,1
HK.03323,491,4.175000190734863,4.065000057220459,2.7060303066666997,0.8235570625097628,73833784.55,308256064.5789268,5.793926906006184,4.592800040245056,5.096459985971451,-0.8313502872915537,-15.995968471180374,-16.26152053128292,-15.935687744584422,-14.437522830543765,8
HK.03328,491,7.244999885559082,7.289999961853027,-0.6172850004035783,0.9339254740315382,26573677.7,192526291.89538392,2.207943008327625,7.112072114944458,6.790737702846527,6.0761342092057085,3.9025126795144756,14.596004792348532,13.722566733632888,6.211468381257656,0
HK.03329,491,0.5099999904632568,0.5,1.9999980926513672,1.1897105436667712,17037284.15,8689014.754019797,6.814392408669198,0.5716000014543533,0.450099999755621,-30.136989433158213,-3.7735815105932082,34.210525490240364,43.6619734863421,-23.88060033440874,1
HK.03330,491,24.079999923706055,22.600000381469727,6.548670430332447,0.9722910026824381,25105583.75,604542454.784596,7.93733603840722,16.118600006103517,19.986290788650514,56.872959773831944,23.186418953577654,-0.5890628287488551,27.949458927194552,139.05125573410075,3
HK.03332,490,0.12999999523162842,0.12999999523162842,0.0,0.0,553500.0,71954.99736070633,9.581980452175404,0.16493999987840652,0.315419999435544,-5.109488733525243,-46.502059732929496,-66.66666666666666,-65.78947450975964,-72.91666705471775,0
HK.03336,491,2.8399999141693115,2.890000104904175,-1.7301103432493186,0.36923936222803155,2004917.0,5693964.107916594,8.661721186416129,3.519500012397766,2.62567501783371,-14.714715338233637,-29.876548631618704,39.21568467038631,40.59405648443067,127.19999313354494,0
HK.03337,491,0.7749999761581421,0.7699999809265137,0.6493500461665078,1.4144257177192945,2429547.9,1882899.564575064,3.2912550777907112,0.8514439916610718,0.9505186000466347,-4.320990879385587,-26.42774627440631,-18.25305038810547,1.1618524502705943,-43.79897037511667,1
HK.03339,491,3.055000066757202,3.1050000190734863,-1.6103044125327852,0.9191499003938073,7521363.15,22977764.925355162,3.4993556444205676,2.8559821701049803,2.8937681996822358,8.718865799524417,-0.6172024643113535,5.794594366092292,10.798390770328,21.467865748307748,0
HK.03347,491,41.220001220703125,37.70000076293945,9.336871051801058,1.7195846812725213,1914621.95,78920719.116185,5.743915909448793,34.838522033691405,41.0530078125,12.438629002375496,4.788486429668854,-19.274056580304098,-2.4212772224931847,-29.33035958955848,1
HK.03348,490,1.440000057220459,1.3600000143051147,5.882356034843122,1.694915254237288,12800.0,18432.000732421875,0.597835730784247,1.3270222735404968,1.2159389728307723,5.882356034843122,23.503793012171155,24.516115532142262,22.507798216823137,34.43333452784165,1
HK.03355,93,36.20000076293945,35.63999938964844,1.571272118073231,0.8312121280382042,176827.0,6401137.534908295,8.319255592091254,35.66350006103516,,-3.8767899373026244,-16.253154534322075,,-22.14381681834337,,1
HK.03360,491,6.445000171661377,6.525000095367432,-1.2260524526712637,1.907020804637264,9476754.85,61077686.63504279,3.170989324031724,6.420309047698975,7.051364004611969,10.738831298377566,-10.157497879923156,-9.309930858622302,-15.779681361986711,-16.050274886438345,0
HK.03363,490,0.33500000834465027,0.33500000834465027,0.0,0.0,1200.0,402.0000100135803,0.0,0.31625281035900116,0.3290918189287186,3.0769294253470134,8.74740181811058,5.452019513351989,-3.3356480237345347,-25.163075905377692,0
HK.03366,490,0.20600000023841858,0.20200000703334808,1.9801945870279791,0.0,20500.0,4223.000004887581,0.6148705299683721,0.2240800005197525,0.2670049997419119,-11.965810877261935,-20.76922777136391,-50.3614447275705,-31.33333598242855,8.421054117567339,1
HK.03368,491,0.16200000047683716,0.15000000596046448,7.999996026357173,1.9994303617203075,288500.0,46737.00013756752,2.9339119947536085,0.16881999969482422,0.1628999999910593,1.2500025611371375,14.084503642861574,-4.705883074796728,-7.428569579610987,67.93889427103282,1
HK.03369,491,2.309999942779541,2.299999952316284,0.43478220306857157,0.33653596468449753,486150.0,1123006.4721822739,1.5947118745061952,2.2491966533660888,2.408416508436203,5.298552183787823,0.5319387364623636,-7.8141112456059,-10.186536771050912,7.617891496870543,1
HK.03377,491,0.05000000074505806,0.04899999871850014,2.0408205157368053,0.7116930041917865,11324717.85,566235.9009375722,5.0305631189537126,0.05299999982118606,0.08360499996691942,2.0408205157368053,-25.373135075241965,-49.494948468698716,-49.494948468698716,-62.96296388278769,1
HK.03378,151,28.799999237060547,28.600000381469727,0.6992966885427103,0.03829899630216588,72745.0,2095055.9444999695,6.49550976681263,27.657999877929687,,-0.6896578032394935,-2.9649631370178064,68.42104441277922,68.81594454065039,,2
HK.03380,491,1.4249999523162842,1.440000057220459,-1.0416739102864037,1.0722660352794875,2752290.05,3922013.190010583,3.635919450171375,1.4299000024795532,1.4236749947071075,-0.3496500290228781,9.615384968074835,9.615384968074835,-19.943821616823566,38.34951377654345,0
HK.03382,491,0.6050000190734863,0.6100000143051147,-0.8196713302251629,0.4802221578193398,1801526.25,1089923.4156113863,2.265163323078328,0.6162317013740539,0.6400098252296448,-0.8196713302251629,-7.6936815896283015,-4.978790125830681,-3.5605724104545717,-14.981021906369712,0
HK.03383,491,0.17299999296665192,0.1770000010728836,-2.259891571743324,0.4738087841308143,1615275.95,279442.72798920196,7.293122079374037,0.16799999952316283,0.2700249998271465,13.81578850624383,-32.15686423464128,-30.800002813339233,-37.09091301200795,-66.73076936302806,0
HK.03388,49,23.579999923706055,22.920000076293945,2.8795804765059505,1.1015645150252529,736045.05,17355942.22284422,8.899857426239436,,,23.520166240069347,,,3.421055757658298,,1
HK.03389,491,0.25999999046325684,0.25999999046325684,0.0,0.9342249725521509,966640.0,251326.3907814026,3.32755964765354,0.255419996380806,0.18668499898165464,-11.864406094746942,41.304342368431044,51.162780019449485,87.05035477628317,106.34919546148483,0
HK.03390,491,0.23800000548362732,0.23800000548362732,0.0,0.11920529801324503,285900.0,68044.20156776905,2.4349693707716957,0.24159999758005143,0.2748549992591143,1.2765983350139942,-10.188672327833661,-28.955224013376352,-17.931030230346266,-31.99999727521619,0
HK.03393,491,20.100000381469727,20.0,0.5000019073486328,0.44241111161098795,4062663.65,81659540.9147832,6.464294012170055,20.171599922180175,21.121290578842164,2.655773543359889,-24.5141896881843,-12.299452468121116,13.942430370724695,125.62608617271755,6
HK.03395,490,0.23800000548362732,0.23800000548362732,0.0,0.0,73500.0,17493.000403046608,2.895783451939101,0.23825999706983567,0.28072999849915503,-6.666662770938177,-11.851853323571419,-28.955224013376352,-14.999998403447021,-47.69230799461358,0
HK.03396,491,15.850000381469727,14.880000114440918,6.518818948713792,1.753381261831564,7052920.75,111788796.57797575,5.935055931265408,14.493654804229736,10.560611350536346,11.384405420569717,67.92204585281318,79.82202305388635,78.41718385860884,54.009423340699,3
HK.03398,491,0.08699999749660492,0.07999999821186066,8.749999301508053,1.1367673179396092,59500.0,5176.499851047993,5.524311204853937,0.11045999974012374,0.08356000017374754,-26.890760090684207,-12.121214173713673,44.999999068677404,47.45762198178876,-13.000003799796048,1
HK.03399,491,1.340000033378601,1.340000033378601,0.0,0.7760814249363868,54700.0,73298.00182580948,1.5467425692927643,1.329958324432373,1.4579804438352584,3.0769294253470134,-1.7680936539783636,-10.863639960865036,-13.011498988592637,-12.484295500655586,0
HK.03600,491,7.519999980926514,7.619999885559082,-1.3123347261734417,0.406839981499947,1119543.35,8418965.970646406,3.950718736499012,6.666388120651245,5.794707283973694,8.827787944783498,27.75122175309834,49.249008079684856,43.69038481723477,85.19292290916171,0
HK.03601,491,0.7900000214576721,0.7850000262260437,0.6369420464437858,0.6396588486140725,20550.0,16234.500440955162,1.979231715163372,0.7858999991416931,0.8688249954581261,2.597407925529181,-12.2222175127193,-12.2222175127193,-12.2222175127193,-20.202018803278424,1
HK.03603,491,0.06800000369548798,0.06800000369548798,0.0,0.21704883598809732,839850.0,57109.80310365558,7.825068721628176,0.08214000009000301,0.06472500007599592,-24.44444334065477,-24.44444334065477,21.428574279558816,36.000005364417945,74.35898023714434,0
HK.03606,491,56.0,57.099998474121094,-1.9264422128130807,0.6097197206810115,3208636.95,179683669.20000002,3.1160629665117883,53.82820022583008,60.915306396484375,9.589044368289846,-5.778796149655737,-13.076113965007485,-15.075109027927788,1.9048487753908914,0
HK.03613,491,6.670000076293945,6.630000114440918,0.6033176645940432,0.3952216711898964,804222.2,5364162.135357284,2.767668769633256,6.647605695724487,7.597191426753998,1.522068523892916,-2.8680916703301755,-18.815118956014267,-15.919103477178066,-25.093186341516493,1
HK.03616,491,0.20900000631809235,0.210999995470047,-0.9478621776741053,3.658536585365854,9700.0,2027.3000612854958,1.0120469706633117,0.23059999972581863,0.2537899999320507,-12.916662087663905,3.4653460599081245,3.4653460599081245,-16.39999747276306,-19.61537923685878,0
HK.03618,491,6.190000057220459,6.260000228881836,-1.1182135639295403,0.8237018035398314,9370655.6,58004358.70019321,3.030931891927395,6.295884037017823,6.197884480953217,2.145216430171958,-8.222066698542815,10.938585740530431,5.563228908063731,3.5651778205007716,0
HK.03623,491,0.6700000166893005,0.6000000238418579,11.666665010982156,0.030911901081916538,64800.0,43416.001081466675,4.5973051475207205,0.5366000014543534,0.8600000004470348,34.00000333786011,-8.219178194041364,-32.999998331069946,-39.63963891399265,-41.73912777567175,2
HK.03625,87,99.0,96.0,3.125,0.2659816909692348,74100.6,7335959.4,7.4333147426380295,94.23199996948242,,5.487481736399821,-28.20884381306422,,23.75,,1
HK.03626,491,1.6349999904632568,1.7200000286102295,-4.941862600761303,0.03462204270051933,168900.0,276151.4983892441,11.475144560870158,1.7291999936103821,2.8656499940156936,4.140123301884608,-1.50602269041153,-38.99253918894094,-49.22360323180083,-81.42045505652742,0
HK.03628,490,0.20000000298023224,0.20900000631809235,-4.306221562578494,0.0,23000.0,4600.0000685453415,0.4545456489929631,0.19818000137805938,0.2023300003260374,0.0,5.263160784158717,0.0,0.0,35.13513540725276,0
HK.03633,491,2.4800000190734863,2.5,-0.7999992370605469,0.7359540613782898,2179912.05,5406181.9255785225,3.2099216344452204,2.6162241220474245,2.7842364251613616,-6.766919584552951,-9.754054696541948,-11.348500917548163,-9.10009754249198,-35.505469142942744,0
HK.03636,141,17.299999237060547,16.700000762939453,3.5928050701207566,0.5828959265391435,371275.0,6423057.216739655,8.823695683893288,15.369907779693603,,36.22046847937379,-18.681818381503003,-60.489059827510985,-53.36036698021378,,4
HK.03638,491,7.485000133514404,7.494999885559082,-0.13341897528170293,0.19243830654290242,83490.0,624922.6611471176,2.947422059027329,7.86339997291565,10.829650003910064,-4.038462173303893,-8.159503265544833,-44.349440597327714,-46.15107669833277,-57.22857066563197,0
HK.03639,491,0.02500000037252903,0.029999999329447746,-16.666663562258016,5.6755498661701385,2203300.0,55082.50082079321,10.937107705840269,0.03254000037908554,0.04599000019952655,-7.407408429434898,-37.499997671693514,-57.62711826950543,-52.83018741935713,-75.0,0
HK.03650,491,1.8899999856948853,1.7599999904632568,7.386363405457212,0.5339705821762597,233185.0,440719.6466642618,5.322639001663795,2.1006000065803527,3.262650013566017,-5.0251268021419335,-38.83495022028257,-52.03045791252555,-47.64542823775577,-64.47368562575329,1
HK.03658,491,1.875,1.8700000047683716,0.26737942346945315,1.9785458879618594,46100.0,86437.5,0.9267719103879465,1.8519558382034302,1.8729162746667862,3.591163495875095,-2.8316490289521856,2.2292053471602324,2.2292053471602324,5.516402208831058,1
HK.03660,491,51.54999923706055,52.150001525878906,-1.150531680273517,0.29892325992764207,16112.4,830594.2077072143,2.184261078469676,56.77279983520508,64.35491186141968,-11.880343184511885,-0.674378185988757,-23.321229454765984,-31.785114415151046,-62.340003462367264,0
HK.03661,30,91.4000015258789,86.05000305175781,6.217313520492438,0.858108033164119,1052488.45,96197445.93596992,10.466643552570984,,,-10.829266804020579,,,-27.055068396028524,,1
HK.03662,491,0.36000001430511475,0.36500000953674316,-1.3698616715036243,0.16108128124421403,491800.0,177048.00703525543,7.6930975115426055,0.3433999991416931,0.3811999985575676,-9.999997764825855,24.137939539307464,-13.25300685690411,-17.241376475403356,-38.98304571060206,0
HK.03666,490,0.024000000208616257,0.024000000208616257,0.0,,0.0,0.0,0.0,0.024000000208616257,0.03046500005759299,0.0,0.0,-33.33332988399032,-41.4634157422041,-11.111112644152346,0
HK.03668,491,31.020000457763672,30.84000015258789,0.5836585742061898,0.425469613976087,1256503.4,38976736.043181606,3.2275614706472804,32.33800010681152,32.97884860992431,6.015038329167826,-23.970585691612577,3.1412604831134665,19.36840505983498,-4.5150104829434206,3
HK.03669,491,0.7799999713897705,0.8100000023841858,-3.703707519273088,0.4513095726277577,7340234.3,5725382.543994212,10.292216970936758,0.8046999955177307,1.3131749993562698,-4.87805143982653,-23.52941313966888,-53.01204897146439,-54.385967602959184,-66.1315934706701,0
HK.03677,324,5.864999771118164,5.625,4.26666259765625,2.4932105571700385,2011591.7,11797984.860083198,4.48468188022679,6.076399955749512,8.077899980545045,5.866422590306848,-30.095357197620746,-34.10112334266934,-30.26159479749672,-42.50000116871855,1
HK.03678,491,2.234999895095825,2.2300000190734863,0.2242096851827024,0.436875099895221,5406400.0,12083303.43284607,3.619626116547979,2.278370251655579,2.9988710939884187,1.590902120614006,-21.69161146921835,-33.54243871266593,-31.926450143219764,-52.24691335635983,1
HK.03680,491,2.255000114440918,2.234999895095825,0.8948644422301089,0.5598807354646348,602500.0,1358637.568950653,5.140245882219925,2.1218999910354612,1.986125001311302,12.750005722045898,0.22222730848524305,147.80220323650593,41.82390359132597,26.68540172392709,2
HK.03681,491,1.340000033378601,1.3200000524520874,1.5151500099837776,0.16021195263143825,1588925.0,2129159.5530360937,5.027419636989591,1.1857000064849854,1.4991249996423721,12.605039407183252,-6.2937005224118066,-6.944445824181537,-3.597118908694688,-63.28767127761654,1
HK.03683,490,0.0430000014603138,0.04399999976158142,-2.272723424286861,9.171974522292993,164750.0,7084.250240586698,2.5884220835802045,0.05082000017166138,0.07110500067472458,-13.999998360872294,-32.81250090949466,-45.56962090976111,-42.666666997803574,-50.0,0
HK.03686,491,0.5699999928474426,0.5699999928474426,0.0,0.7610993657505285,236500.0,134804.99830842018,1.2901957534292467,0.5883681356906891,0.6366735717654228,0.0,-14.154751760978716,-24.885413690881315,-15.255331183895503,1.6936007769665529,0
HK.03688,490,0.2460000067949295,0.2800000011920929,-12.14285509014617,0.09009009009009009,22300.0,5485.800151526928,3.8081916370755478,0.2675600001215935,0.3317900002747774,-1.5999972820281982,-20.645159708721717,-29.71428257591865,-33.51351253389007,-38.49999921768905,0
HK.03689,490,1.7799999713897705,1.7799999713897705,0.0,0.0,5580.0,9932.39984035492,3.6087413602771234,1.7339826011657715,1.7201817739009857,1.7142840794154575,-3.6422451052130502,18.86046260601879,15.405213395415673,1.2739581430709166,0
HK.03690,491,92.19999694824219,92.19999694824219,0.0,0.5211166058093096,54053382.85,4983721733.812167,4.242902775070563,80.17099975585937,88.91150005340576,17.153749076862614,10.353074303451372,-5.484373076520596,-11.85468614413677,-28.30482692665933,0
HK.03692,491,32.91999816894531,31.68000030517578,3.9141346332845335,1.0846705994435537,10462442.25,344423579.7126961,3.8463113078472513,31.106251182556154,35.5195056438446,3.0682455181637334,-10.069989840671848,-17.133033295413288,-9.082835233985977,-10.467377391907352,3
HK.03696,148,45.439998626708984,40.97999954223633,10.88335562296902,1.2786156064438479,15603233.85,709010924.7162191,9.31120635016621,41.028000335693356,,6.118633700507599,-27.062601632139373,-27.412140999501894,20.915370975738202,,1
HK.03698,491,4.710000038146973,4.849999904632568,-2.8865952420302565,1.013327171449841,6231266.3,29349264.510703944,2.928758797875646,4.673659505844117,3.9250642585754396,3.7444951040166705,-0.8053899536895002,53.79715285840283,53.79715285840283,51.48093078336391,0
HK.03699,491,0.4050000011920929,0.38999998569488525,3.8461579608730645,0.5562913907284768,77600.0,31428.00009250641,1.0015263631286746,0.3896294331550598,0.3792390911281109,2.531643086491392,0.635222796366584,8.476929720720426,8.476929720720426,5.172183618671125,1
HK.03700,491,1.0099999904632568,0.9900000095367432,2.020200074126503,0.9270850574238219,4945161.85,4994613.421339261,7.100952066233451,1.2035999989509583,0.968600001335144,-14.406776664517867,38.35615946217995,4.123707285899507,-7.339453253719029,-23.48485224776783,1
HK.03708,491,0.1899999976158142,0.1979999989271164,-4.040404724571225,0.8977938358789073,432175.0,82113.2489696145,4.950526923388049,0.1948999997973442,0.28204999946057796,0.0,-28.30188382176906,-29.629633308928543,-48.64864995481323,26.66666004392862,0
HK.03709,491,5.505000114440918,5.599999904632568,-1.6964248537408428,1.4503905335377147,709002.15,3903056.916888857,3.895403101303469,5.315857667922973,6.4597153878211975,5.057258681257641,-7.336955474820947,-22.678516425325483,-23.689256008679664,-17.312009410747482,0
HK.03718,491,0.4050000011920929,0.4050000011920929,0.0,0.12189812799303439,462000.0,187110.00055074692,1.4714381981309943,0.40669999957084657,0.3968008831143379,1.2499987892806712,-4.49438202247191,7.59493670886076,7.59493670886076,22.072464605210808,0
HK.03728,490,0.061000000685453415,0.061000000685453415,0.0,0.0,53000.0,3233.000036329031,0.9815713199484364,0.05955999955534935,0.06235999995842576,1.6666700815161835,0.0,-4.687503456079702,-1.6129005122754927,79.41175697171606,0
HK.03737,491,0.6850000023841858,0.6200000047683716,10.48387050256521,0.9143005991143527,385300.0,263930.5009186268,6.97158598803367,0.6825,0.7118749988079071,-0.7246369925949435,-17.46987757133904,-12.179483652584992,14.16666252745539,-19.411766685828972,1
HK.03738,491,2.559999942779541,2.5899999141693115,-1.1583000920443032,0.9894156091699061,21888447.4,56034424.09153299,6.188700247647085,2.4698999881744386,3.860625001192093,7.112963615630561,-19.242905956884297,-46.21849118312109,-40.4651202505635,-30.054648012432683,0
HK.03750,302,632.5,628.0,0.7165605095541402,0.6018192421021669,2702271.35,1709186628.875,4.545539463849602,665.6226196289062,581.5267381286621,8.016674974134277,-3.197264270511993,36.20145220582074,24.79176044521418,39.342086093376416,1
HK.03752,22,71.80000305175781,66.5999984741211,7.8078148600218,0.3969344033587063,387152.6,27797557.86149597,15.283483517069401,,,27.079651419040374,,,64.00183886188529,,1
HK.03759,491,27.479999542236328,24.520000457763672,12.071774181127486,1.9709725127288413,9363003.1,257295320.9019573,6.145183434122862,19.757359142303468,20.640093455314638,21.592916276089216,36.89894602294269,29.49900665290431,40.143647045136824,11.384701211247977,4
HK.03768,490,0.5099999904632568,0.5099999904632568,0.0,0.0,15200.0,7751.999855041504,2.5132888970162464,0.53769999563694,0.6679749999940395,-1.9230751596258298,-21.538460127700667,-30.136989433158213,-32.89473725487982,-29.166670805877942,0
HK.03773,491,2.549999952316284,2.490000009536743,2.409636246977518,0.9364548494983278,86600.0,220829.9958705902,4.035605618081862,2.531799969673157,1.9928499925136567,-1.9230751596258298,0.0,65.58441658972248,55.48780332676786,72.29729185494485,2
HK.03774,491,14.079999923706055,13.460000038146973,4.606239849940126,1.753095153873364,742600.0,10455807.943344116,9.56271552606766,13.386599960327148,7.247199995517731,-13.619628326773068,167.68059526680216,127.09677994933529,157.87545467645376,832.4503319623476,1
HK.03778,490,2.950000047683716,2.950000047683716,0.0,0.0,2200.0,6490.000104904175,0.0,2.8220000219345094,3.0017500054836272,-1.6666650772094727,-1.6666650772094727,-1.6666650772094727,-7.81249988358468,-15.203235891137574,0
HK.03788,491,2.994999885559082,2.869999885559082,4.355400870535217,1.0659791199966187,2401550.0,7192641.975164413,6.817892031413883,2.498300004005432,3.621975003480911,27.991452795513982,-19.054058190241914,-39.97995946023942,-19.919789360373315,24.273849746638223,4
HK.03789,491,0.20100000500679016,0.20200000703334808,-0.49505049096004855,0.15405224380442062,349400.0,70229.40174937248,5.750619382070762,0.1973800003528595,0.12456500010564923,-6.511627133309113,16.860464058530372,103.03030918780769,171.6216248870331,252.63158754683818,0
HK.03798,491,1.2200000286102295,1.2300000190734863,-0.8130073421291051,0.019222847727584785,729000.0,889380.0208568573,4.302146021003062,1.3255999994277954,1.3581499975919724,-11.594200519873441,-4.687495634425334,-12.857139329520963,-8.955224013376348,2.521005877919275,0
HK.03800,491,0.7300000190734863,0.6700000166893005,8.955224013376348,1.969725614611845,270787893.05,197675167.09136918,5.418037804586094,0.6817000019550323,0.9940750023722649,14.062505529727911,-17.9775246284387,-37.6068336880574,-34.23423336345785,-42.06349011121092,1
HK.03808,491,41.459999084472656,41.900001525878906,-1.050125120244898,0.28695281449567445,12724331.75,527550782.70552635,5.348268076428149,40.530199966430665,35.139426622390744,4.118531899088898,7.950984437205216,31.22667746569582,52.70356583562092,77.58944472140482,0
HK.03813,491,0.3199999928474426,0.3199999928474426,0.0,0.20243239277568392,3706490.25,1186076.8534891158,2.9814014282278425,0.35761999726295474,0.42185398533940316,-9.8591542201391,-17.109315949586332,-31.942388879374306,-31.218372620994295,-37.307187842003216,0
HK.03816,491,2.259999990463257,2.240000009536743,0.8928562875609045,0.29103441673447894,517275.0,1169041.4950668812,7.281637116683834,2.0522999930381776,1.5387644328176975,20.21276575507703,48.68421176463945,316.77919385589786,367.81340447087956,632.52682918913,1
HK.03818,491,0.3100000023841858,0.2849999964237213,8.77193202602569,2.485602347272275,1998949.25,619674.2722658664,3.110900788346511,0.3142999976873398,0.4141278018057346,6.896555622182589,-31.111108756359652,-32.60869635638757,-30.337076996209817,-30.710067212448628,1
HK.03822,491,1.090000033378601,1.1950000524520874,-8.786612089098316,0.13461969934933812,44870.0,48908.30149769783,1.7738307500267958,1.1210999917984008,1.0939378580451011,11.22449103716459,3.8095317027469684,-3.539819647948593,-9.166667494508921,75.32169422091752,0
HK.03828,491,0.7799999713897705,0.7599999904632568,2.6315764707211,0.479014598540146,222900.0,173861.99362277985,1.3635856663843708,0.7732999897003174,0.8452226203680039,1.2987000923330156,-0.12195655281587293,-15.567013821321595,-10.978264884639406,-5.244192886617376,1
HK.03830,491,0.19499999284744263,0.19499999284744263,0.0,1.4215672053149206,175000.0,34124.99874830246,3.05462823555371,0.197879998087883,0.1375250001810491,3.72340400235692,8.333325054910777,209.52379319222723,170.83333505800485,191.0447581941928,0
HK.03833,491,1.899999976158142,1.8600000143051147,2.150535566956493,0.45081171383288665,3711643.45,7052122.466507524,5.970790516216998,1.6716000032424927,2.2034240812063217,34.7517745486808,-30.913476192771466,-29.92298735106878,-35.685899966160996,68.54729804754709,1
HK.03836,491,0.6600000262260437,0.6299999952316284,4.76190971769537,0.7098099640472522,492200.0,324852.0129084587,6.165421603247142,0.6520999997854233,0.9532749946415424,-13.157890196322017,-32.65305985911895,-38.31775758201682,-35.29411386591058,-29.787231074463133,1
HK.03838,491,0.1589999943971634,0.16200000047683716,-1.8518555992860688,0.7136984048676205,2941750.0,467738.2335178554,2.546644808707055,0.16627999961376191,0.17057896785438062,-7.558145931744886,-11.02904396513807,-7.607085006553473,-7.096628201547288,-22.864632072419845,0
HK.03839,491,8.6899995803833,9.100000381469727,-4.505503119772476,1.0548152315319432,28491.0,247586.77804470062,2.0632875873912506,8.941899871826172,7.5482749533653255,-8.52632020649157,-3.4444491068522134,34.104931401308875,20.02762230807633,43.163086237686585,0
HK.03848,491,2.2899999618530273,2.3499999046325684,-2.5531891580617847,9.322799097065463,64950.0,148735.49752235413,0.3023317833150953,2.235960021018982,2.2372606456279756,3.153150105435783,2.323505260336479,2.414771167246913,2.414771167246913,-11.686946121526674,0
HK.03858,231,63.75,59.150001525878906,7.776835765775143,1.1901227058228872,2925589.4,186506324.25,8.938263274974192,64.55000015258788,71.12315019607544,27.551021576395033,-26.72413793103448,-22.16117361138734,30.74241631351117,,1
HK.03860,491,0.5699999928474426,0.6000000238418579,-5.000004967053534,0.11904761904761904,126750.0,72247.49909341335,4.32776338119766,0.5885999989509583,0.6167000019550324,-5.000004967053534,-5.000004967053534,-24.000000953674316,-16.17647252177695,21.124998028855778,0
HK.03866,491,4.679999828338623,4.744999885559082,-1.3698642526479285,0.8927288834774654,2981998.6,13955752.936106015,2.563201637282439,4.5475870132446286,4.183065742254257,4.697987651090448,-1.0970882268738549,25.462515522751694,28.418442788810854,18.492385869535692,0
HK.03868,491,0.8650000095367432,0.8550000190734863,1.1695895017748938,1.5886616227339405,7214381.2,6240439.806801701,2.836183424943386,0.9668966937065124,1.1362769865989686,-1.7045438382004816,-29.346426701216373,-27.623166065683048,-21.90920405706669,-30.36016105520276,1
HK.03869,490,3.4000000953674316,3.4000000953674316,0.0,0.0,80.0,272.00000762939453,0.0,3.40500009059906,4.628150004148483,0.0,-1.734102373353568,-40.140841582350575,-42.37288067101817,-34.61538038310199,0
HK.03877,491,2.1549999713897705,2.1500000953674316,0.23255236281672798,1.1807500740667463,7258752.0,15642610.35232544,2.011479271822415,2.2211204051971434,2.177950825691223,2.1327051436607602,-11.402959519359909,5.991076028015142,8.009954330080408,3.9960600183330417,1
HK.03878,491,0.23199999332427979,0.23100000619888306,0.4328948478623736,0.7121277514026759,456400.0,105884.7969532013,1.3261444619798242,0.23374000042676926,0.23125999867916108,0.4328948478623736,0.869560485075548,9.952605831792017,0.869560485075548,60.0,1
HK.03880,273,20.6200008392334,20.5,0.5853699474799924,1.0007329587099927,101615.0,2095301.3852787018,4.505641303489423,22.287599945068358,25.16390007019043,-13.361338234311216,-5.758676279076498,-23.9675508807386,-29.383560614819444,-39.619326741149514,2
HK.03881,153,20.920000076293945,19.700000762939453,6.19288967566748,2.727079745716565,997045.0,20858181.476068497,6.505279763047531,20.403999900817873,,0.4803092360015083,-22.518518235948353,-13.122922995947281,-7.0222218831380205,,1
HK.03882,491,0.4449999928474426,0.42500001192092896,4.705877733065725,0.052980132450331126,70300.0,31283.499497175217,4.887969429350885,0.4409999990463257,0.5594749984145164,7.228916095257991,-19.090912145031318,-10.101012411974777,-31.538460127700663,-52.15053877150726,1
HK.03883,491,0.03999999910593033,0.039000000804662704,2.564098155475083,0.5171895179026661,3341036.35,133641.45101288075,8.138475117036663,0.04372000023722648,0.06883000001311303,-6.976749424421009,-33.33333333333333,-39.39394042019017,-42.857144377669506,-71.01449267537723,1
HK.03886,491,0.2029999941587448,0.20399999618530273,-0.49019708100855736,0.12472678893851563,420145.0,85289.43254582584,8.54988708286566,0.212156477868557,0.23987139225006104,-0.49019708100855736,-12.89448877339413,-16.107398007615988,-17.46050047425181,-22.755485664479437,0
HK.03887,155,2.3499999046325684,2.1700000762939453,8.294922673276464,1.238220196205013,2079608.4,4887079.5416730875,8.75044394212415,2.2342999935150147,,34.28570883614676,-47.072074902095345,-67.63085632857468,-63.67851652491385,,3
HK.03888,491,27.540000915527344,27.34000015258789,0.7315316818698769,0.7556419502717941,12323520.8,339389774.1145203,4.247290577580266,23.880363121032715,26.500897541046143,14.273860911233024,21.96338959227821,-8.968197011468932,-5.037421349791445,-19.44743843281334,1
HK.03889,490,0.05299999937415123,0.05299999937415123,0.0,0.0,120700.0,6397.099924460053,4.379729767226041,0.05842000000178814,0.07992500020191073,0.0,-35.36585620706944,-37.6470602156794,-42.39130514006646,-47.52475492201197,0
HK.03893,490,1.1749999523162842,1.1799999475479126,-0.4237284282951545,0.0,147825.0,173694.3679511547,1.472335442190856,1.1916999959945678,1.060474992096424,-2.892568985724048,10.84905808911547,6.818175168076966,16.33663004069404,653.2050820982324,0
HK.03896,491,6.349999904632568,6.40500020980835,-0.8587088739131669,0.9617298354772297,118320410.2,751334593.4860864,7.663309409262436,5.556099996566773,6.581875014305115,11.795776347583404,-18.90166070873958,-1.7027884344402795,11.795776347583404,-16.22691334371555,0
HK.03898,491,35.619998931884766,35.18000030517578,1.2507067165779715,0.6091019206604272,3908362.0,139215850.265419,3.76538054732906,36.83136306762695,38.49504358291626,1.9461944244496119,0.4028449574327341,-12.202052167251058,-4.801283131584912,11.616412458056745,1
HK.03899,491,7.699999809265137,7.699999809265137,0.0,0.8006733248488092,4128097.15,31786347.267627954,4.519652343219425,7.913400011062622,9.164525134563446,0.1300357863494234,-23.405648623940156,-24.637530869636564,-16.67560210491749,15.782154969885154,0
HK.03900,491,7.340000152587891,7.135000228881836,2.8731593150653807,0.8431305607127259,7875670.95,57807425.97473202,4.296837082660117,7.482100019454956,8.947575023174286,8.100150129967973,-23.77985394225487,-24.251801130650335,-12.410500568619769,-31.273408774803567,1
HK.03903,490,0.1679999977350235,0.1679999977350235,0.0,,0.0,0.0,0.0,0.1679999977350235,0.1679999977350235,0.0,0.0,0.0,0.0,0.0,0
HK.03908,491,21.600000381469727,21.360000610351562,1.1235944019676407,0.3722911461788864,13905564.0,300360187.7045517,3.5767872490680057,20.824707756042482,20.12952960014343,0.09268052749945091,3.313212810902212,3.0213699398780824,8.432791633170265,2.023759673887818,1
HK.03913,491,0.16099999845027924,0.16300000250339508,-1.2269963327602937,0.989012985974566,1785369.7,287444.5189331755,7.249208151601579,0.15380000084638595,0.19813999995589257,18.382345368138644,-12.500001012307143,-26.14678792475488,-26.48401789200822,-51.94030016720437,0
HK.03918,491,3.2799999713897705,3.3299999237060547,-1.5015001039590945,0.8748348252202155,2625550.35,8611805.072882403,2.873287371887774,3.6139040184020996,4.246789920330047,-8.379887114794153,-14.943123195280203,-22.407697349051848,-30.150792013988,-19.763460175726628,0
HK.03919,491,0.7099999785423279,0.6850000023841858,3.6496315432303783,67.11846682888572,541517.5,384477.41338029504,9.67979550589603,0.9035000038146973,1.2672250014543534,-27.551024007777315,-49.28571495474603,-52.98013357440452,-40.83333747254461,-28.282831141126696,2
HK.03928,491,26.079999923706055,26.5,-1.5849059482790389,0.8867751134522648,250627.5,6536365.180878639,6.413619409773949,23.93,15.08270001411438,11.07325567359058,34.50232462425526,150.04793059079893,201.154738836394,645.1428549630301,0
HK.03931,491,18.360000610351562,17.799999237060547,3.1460752656947477,0.4673508908147697,4555473.3,83638492.56844024,5.751099055566148,22.77179992675781,27.92294997215271,-14.921220225850233,-48.36895415830414,-35.26093012970509,-29.384613037109375,-11.089583779574411,1
HK.03933,491,9.229999542236328,8.975000381469727,2.841216155189104,1.4115587785245718,6101055.45,56312739.01065846,3.1807053381284054,8.730571279525757,10.607185356616974,1.0952839708867155,1.4061916690931102,-19.099051701561546,-18.82316539595233,-39.03355550810116,1
HK.03938,491,3.0299999713897705,3.130000114440918,-3.194892632424377,0.1925545571245186,152400.0,461771.995639801,2.711685273871339,3.567099986076355,2.7506250089406965,-16.52892903953965,-14.647886983413253,-10.882356282336396,104.72972515815367,404.99997516473235,0
HK.03939,491,12.680000305175781,12.010000228881836,5.57868495857909,1.188494726799441,35172280.45,445984526.8397282,8.002791237519201,9.79847056388855,10.892645049095155,34.893625742065176,17.795819719188323,-3.766205322498204,62.9982786789483,83.56687147979945,3
HK.03952,28,67.30000305175781,64.55000305175781,4.260263160320815,0.42001663432215136,370275.0,24919508.629989624,11.807624699761254,,,-27.634405320690526,,,-7.808214997592038,,1
HK.03958,491,5.614999771118164,5.590000152587891,0.44722035506027424,0.48927587582579013,6980598.65,39196059.82201777,2.5760952897145377,5.56998104095459,6.153082673549652,3.0275223417902377,-9.816552187771377,-14.81942750852836,-16.40588795194955,-25.58816777156888,1
HK.03963,490,0.12200000137090683,0.12200000137090683,0.0,0.0,7500.0,915.0000102818012,0.0,0.14440000146627427,0.15703000105917453,-15.277773178653757,-25.153374541595035,-4.687503456079702,-6.153841657045865,-57.19298143796312,0
HK.03968,491,48.68000030517578,48.900001525878906,-0.4499002327979391,0.9461814118214378,11276701.75,548949844.6313763,2.1217103130194848,46.930751724243166,47.616885890960695,6.474188550835596,6.078003243062524,7.678312352894618,-4.578995664873873,-2.7631775055464103,0
HK.03969,491,3.2200000286102295,3.244999885559082,-0.7704116434674483,0.48662155883381814,3413168.15,10990401.540651524,2.211456296370021,3.1650754022598266,3.296555562019348,5.54188601063479,-2.2983684659841654,-5.275421156629916,1.4705410568995436,-3.402339058483042,0
HK.03978,491,3.2100000381469727,3.1500000953674316,1.9047600305720729,0.44916680155607625,411402.75,1320602.8431937695,3.0341584601879625,3.165899996757507,3.6250897073745727,0.9433953069178049,3.3538034065407514,-6.7789165243810405,-16.171470813900413,-36.7951577234435,1
HK.03983,491,2.140000104904175,2.1050000190734863,1.6627119008812992,1.0394491441689095,3371852.45,7215764.5967214,2.4160203854502433,2.127230501174927,2.4043405771255495,4.901967888289207,-19.910538115971733,-13.820096816173127,-7.109357439045441,2.0960152710464004,1
HK.03986,139,528.0,494.3999938964844,6.796117823284333,1.044088740108964,7115812.65,3757149079.2000003,12.594972308012483,721.776000366211,,-28.888888888888886,13.304721030042918,67.51148370516358,137.4332431439906,,4
HK.03988,491,5.230000019073486,5.28000020980835,-0.9469732717430737,0.6625031046650074,178450496.6,933296100.6216731,2.064247440512272,5.162558727264404,4.698348613977433,2.750488453608711,6.443734136221443,20.52486493828105,18.66244428014195,19.434423310832514,0
HK.03989,491,0.08500000089406967,0.08500000089406967,0.0,0.002104109662829051,1856041.6,157763.5376594305,5.162320250608939,0.08635999992489815,0.08994500000029802,0.0,-10.526313725600916,-9.574464037710719,14.864864592747242,-1.1627930146477543,0
HK.03990,491,2.674999952316284,2.6700000762939453,0.18726126889400213,0.4703350649497859,685409.95,1833471.5835671066,2.4899193238131656,2.6944173622131347,3.4774592661857606,-1.18091303366737,-12.39656896491549,-29.65832974877901,-30.344587390055267,-29.98169250929322,2
HK.03991,491,0.6299999952316284,0.6299999952316284,0.0,1.8047428395441947,344500.0,217034.998357296,1.6795497641533204,0.7707000052928925,1.027774993479252,-14.864866606417648,-38.23529343016556,-45.21739058323301,-44.247787797336194,-28.409091063028523,0
HK.03993,491,19.100000381469727,18.809999465942383,1.5417380316911917,1.2398881112654403,42384278.45,809539734.5633192,4.975655991742948,17.036200065612793,18.34269982814789,27.759201506027193,6.577336223529813,-9.160254723913024,-3.5728843191532205,108.1338879052626,4
HK.03996,491,1.0750000476837158,1.0850000381469727,-0.921658074808496,0.6399024957453638,22501542.5,24189159.260457158,2.539187741011801,1.1197775268554688,1.1649013090133666,-0.4629625030505988,-10.417200207820281,-4.239071163737284,2.854325308887903,-18.321566565889746,0
HK.03997,491,1.809999942779541,1.909999966621399,-5.235603434001524,0.940959409594096,197100.0,356750.98872184753,8.773259096077158,2.630599994659424,1.3610000002384186,-38.64407072804224,-0.549456559579393,126.24998947605506,144.5945837098897,191.93547239660853,0
HK.03998,491,4.730000019073486,4.840000152587891,-2.2727299596382973,0.7575308742800906,28597131.3,135264431.594447,2.7136107431621572,4.500699996948242,4.532423399686813,-0.4210522300318668,9.744781481901486,2.159825100666192,4.646018562679875,13.801234641409854,0
HK.03999,491,0.5400000214576721,0.5099999904632568,5.882359128509954,1.5938303341902313,16300.0,8802.000349760056,3.3279602391320857,0.5525999999046326,0.5885499992966652,-3.571425150243618,-15.6249947613104,-6.8965453455194,-8.47456856590309,-14.285710230976514,1
HK.06030,491,27.100000381469727,26.780000686645508,1.1949204130670328,0.9869901273260288,10385646.15,281451014.6268096,3.2378058498265485,27.00520008087158,27.043589763641357,-0.7325965610992252,-0.0248526974570385,-2.9094292252888314,-3.249860304020398,-3.912070804312262,1
HK.06031,190,20.34000015258789,20.68000030517578,-1.6441012938611783,0.5784723650346446,4456400.6,90643188.88399276,4.112572103642665,19.948388786315917,,6.940061319953414,-3.4094574336142673,-19.896848587797493,-6.993356891371581,,0
HK.06033,491,0.5049999952316284,0.5199999809265137,-2.884612739438744,0.54510556621881,113400.0,57266.99945926666,2.0825322925062593,0.5622999954223633,0.5996749985218048,-21.093748981365913,-6.481486080605124,-15.833337472544612,-23.48485224776783,-23.643330964600132,0
HK.06036,491,1.6799999475479126,1.625,3.384612156794621,0.9577561142466222,1506750.0,2531339.9209678173,11.309678986076655,1.3012000060081481,0.7037249998748303,26.315781454064673,107.40740032134998,286.20688237701677,295.2940942176905,286.20688237701677,2
HK.06038,491,0.3449999988079071,0.33500000834465027,2.985071705720311,0.8664259927797834,82500.0,28462.499901652336,1.3182953580822272,0.3519000023603439,0.33011759743094443,2.985071705720311,-11.538458599376382,2.985071705720311,0.13545121282422568,54.05454032742188,1
HK.06049,491,27.579999923706055,27.600000381469727,-0.07246542567839934,0.8879058290028504,596889.65,16462216.501460934,2.366063145876637,27.91995502471924,30.419591112136843,2.0725368484643303,-5.201541073034317,-16.261358536239314,-9.668171066116216,-18.94006800129428,0
HK.06051,491,1.3799999952316284,1.3849999904632568,-0.36101048852397555,1.2876015270087193,2877967.45,3971595.067276782,6.309079851261362,1.5475999975204469,2.555300005078316,-18.343198313181556,-46.09374898136591,-53.691275624196635,-52.08333540293897,-39.99999896339746,0
HK.06055,491,22.719999313354492,22.81999969482422,-0.43821377216059976,0.762567639693988,4065720.05,92373156.74429159,5.463804838812704,21.622495155334473,31.7497843170166,13.65682628061192,-20.719088287914854,-43.57064333738558,-35.581487384556546,-32.777598445148485,0
HK.06058,491,0.550000011920929,0.5400000214576721,1.851850012202395,0.2003590287190478,2058026.55,1131914.6270335882,2.673423248181365,0.5556000006198883,0.5106749999523162,-8.333334989017844,-6.779654852722472,11.11111244903803,15.78947764684624,-12.698410145429659,1
HK.06060,491,11.109999656677246,11.1899995803833,-0.7149233843252243,0.5388778261710296,8933262.75,99248546.08550763,3.7546934276263806,10.397000045776368,13.725650019645691,11.434296480597512,-7.107026578249257,-34.260355577194744,-32.748187961120564,-47.717648674460015,0
HK.06063,491,1.4149999618530273,1.2599999904632568,12.301585124042944,2.3498043764220142,5235557.0,7408312.95527935,8.66155426531645,0.8211000001430512,0.4607199998944998,66.470579078041,232.941158156082,577.0334541040328,625.6410326948301,717.9190863468923,1
HK.06066,491,11.760000228881836,11.770000457763672,-0.08496370852084066,0.3429160255816211,7880842.3,92678707.25178166,3.369235423509028,11.822781982421875,11.923765425682069,-0.8431655201533663,1.4390124382183658,-5.382446998457882,-8.913486066362445,-8.564316571087907,0
HK.06067,33,7.304999828338623,7.539999961853027,-3.1167126618479553,0.6988013443192966,2856579.85,20867315.31388557,7.646878853285401,,,-21.45161636000569,,,-33.59091065146706,,0
HK.06068,491,0.06300000101327896,0.06300000101327896,0.0,0.730186999109528,113800.0,7169.400115311146,9.59169562774145,0.06454000018537044,0.08136500017717481,12.499998336924026,-16.000001986821413,-22.22222120019471,-11.267607111799316,-41.121494806492755,0
HK.06069,491,6.914999961853027,6.914999961853027,0.0,0.8777572701792417,4808390.9,33250022.890074447,4.413852968358283,7.559479112625122,9.274685266017913,-3.65804699586399,-19.608708363744253,-39.304570575138534,-34.969182370251204,-49.05659648265906,0
HK.06078,491,9.845000267028809,9.6850004196167,1.6520375888475352,0.689867791510287,1654484.8,16288403.297795106,3.145659819540979,9.561000061035156,11.848750023841857,0.4591844430420458,-15.129310833854978,-27.769624472724107,-22.419223068788778,-41.60735521572723,1
HK.06080,491,0.1589999943971634,0.15600000321865082,1.9230712285997598,0.020554984583761562,292200.0,46459.79836285114,3.0346935904996237,0.1511600011587143,0.13242500063031912,11.971823374233521,-15.873016874185709,62.24489648520372,40.70796209276395,63.91751516231512,1
HK.06082,146,40.02000045776367,37.779998779296875,5.9290676306064345,0.8954527625655392,19674622.9,787378417.4643276,9.573055184603849,48.14560009002685,,-11.02712124266521,-14.851062855821976,11.787713158201786,16.134653282089896,,1
HK.06083,491,0.7599999904632568,0.7549999952316284,0.6622510282393388,0.2569210689015594,2948800.0,2241087.9718780518,5.674568126603591,0.8617777764797211,0.6416381374001503,-19.14893697969187,15.030473772023095,55.890644727896166,52.89274645573157,149.6722664335995,1
HK.06086,491,0.7149999737739563,0.7250000238418579,-1.3793172053857603,0.3437815975733064,244225.0,174620.86859494448,7.693511723297802,0.8128999996185303,1.9476749950647354,-3.3783831676485327,-43.25396990589846,-74.73498257775142,-67.93722118123469,-80.8310999968424,0
HK.06088,491,5.980000019073486,5.885000228881836,1.6142699489699184,1.260591100675825,36856501.65,220401880.56998196,7.10652287915943,6.752100038528442,6.320225009918213,-1.482704284063592,-25.529262541322424,25.104597418276047,17.025437628721534,124.81202353818716,1
HK.06090,213,41.099998474121094,40.29999923706055,1.985109806962116,0.28321437004983896,1610595.15,66195458.20742683,8.985816791721483,36.11359981536865,72.68530009269715,36.90872034444607,5.709869714552138,-55.5194829054088,-56.36942695794001,,1
HK.06093,490,0.7599999904632568,0.7599999904632568,0.0,0.0,3200.0,2431.999969482422,0.7969095273064793,0.7434000039100647,0.7185500025749206,7.042255412962399,10.144926534683554,5.555550036607185,1.3333320617675781,-24.752475481245543,0
HK.06098,491,5.385000228881836,5.409999847412109,-0.4621001707094703,0.48195047676629893,6348037.65,34184184.19820052,2.681401617520112,5.363182001113891,5.606331181526184,1.412434781741932,-5.64336869587711,-5.341906221870891,-2.3789691410338465,-16.54088613180643,0
HK.06099,491,15.260000228881836,15.020000457763672,1.5978679347783298,0.8788102428859508,6694376.1,102156180.81822109,3.9787659919229466,15.599656028747559,14.431113324165345,-7.627119818206126,12.3343506975585,7.2003794592237105,9.899126790243464,-10.029315745160721,4
HK.06100,491,2.0850000381469727,2.0899999141693115,-0.23922852763973013,0.2125773464872892,705215.55,1470374.4486518383,5.244803663246626,2.159251410961151,2.843862870335579,8.593754414081051,-9.97220038617209,-52.438145447908305,-43.14033831831726,-46.74412378913871,0
HK.06106,32,56.79999923706055,57.70000076293945,-1.559794651609389,0.6179847100332087,164099.3,9320840.114802169,11.800164708854751,,,-31.525013469859797,,,-46.415095059376846,,0
HK.06108,490,0.20600000023841858,0.2029999941587448,1.4778355497526663,0.0,54080.0,11140.480012893677,0.5110035719164402,0.2044200024008751,0.24182999990880488,1.9801945870279791,2.487559754766926,-19.215684670386306,-28.965515115173133,-50.95237936427529,1
HK.06110,491,1.225000023841858,1.190000057220459,2.9411735242391543,0.6379767705802781,51581786.85,63187690.12105563,5.629101382700539,1.7900562357902527,2.402414625287056,-22.130609644334857,-50.99129169239263,-50.8193312300665,-51.66727874048753,-52.80358606666552,1
HK.06113,491,1.4299999475479126,1.4299999475479126,0.0,0.7011686143572621,61400.0,87801.99677944183,5.566291939363159,1.5429999947547912,1.959699991941452,-1.3793172053857603,-32.547168644266414,-28.85572366503684,-28.50000262260437,-78.62481412082312,0
HK.06117,490,0.6150000095367432,0.6150000095367432,0.0,0.0,3100.0,1906.5000295639038,0.5386178507702579,0.6135999977588653,0.6517960676550865,4.2372943854341605,-4.74863414109072,-4.74863414109072,-3.3269690336751965,-33.90721428128528,0
HK.06118,491,0.7049999833106995,0.699999988079071,0.7142850452539758,3.350785340314136,20800.0,14663.999652862549,2.19036990622108,0.7199000000953675,0.8517250007390976,0.7142850452539758,-12.962965279558661,-22.527476594206416,-20.786517455923704,-57.272727666807576,1
HK.06119,490,0.4399999976158142,0.4399999976158142,0.0,,0.0,0.0,0.0,0.4399999976158142,0.5132750006020069,0.0,0.0,-26.66666997803569,-22.80701699349358,27.536231633670887,0
HK.06123,491,1.2000000476837158,1.2000000476837158,0.0,0.05698005698005698,63100.0,75720.00300884247,1.435119669605062,1.2648000168800353,1.2250500124692918,4.347832396711109,-11.111109148818315,9.090911061310528,11.11111111111111,-1.6393426604503258,0
HK.06127,491,27.5,24.520000457763672,12.153342115019344,0.9384753126425814,14841576.9,408143364.75,9.546936142743737,20.184524154663087,20.334664874076843,35.33464770181382,34.42829570025662,8.024606490578138,38.87332251596166,-0.8260688151765434,1
HK.06128,491,0.05299999937415123,0.052000001072883606,1.9230736166063123,1.1846407157557046,2428027.2,128685.44008042217,5.636246437331435,0.05762000009417534,0.14388000028207898,0.0,3.9215693435775414,-80.7272733725792,-75.11737113014044,-72.82051214452324,1
HK.06132,33,39.939998626708984,40.29999923706055,-0.8933017795705067,0.4487767826059436,143445.0,5729193.10300827,11.052793389576205,,,13.85403803300822,,,13.272831900044974,,0
HK.06133,490,0.27000001072883606,0.27000001072883606,0.0,,0.0,0.0,0.0,0.27000001072883606,0.2408000046759844,0.0,0.0,16.883118391077158,54.285723043947954,10.204083866896262,0
HK.06136,491,0.7900000214576721,0.7950000166893005,-0.6289302046118699,0.5889315904852018,414963.6,327821.25290415285,4.500458665624155,0.7906350588798523,0.6215631452202797,2.597407925529181,10.439360138359993,59.03268442987465,65.65904710933484,123.98971208941876,0
HK.06138,491,0.3050000071525574,0.3100000023841858,-1.6129016752173695,0.47854474091406574,1229850.0,375104.2587965727,2.5390454281840538,0.31319999873638155,0.3537750019133091,-4.687495634425334,-17.567566696791175,-16.438356388082727,-15.277779157514871,-32.222218837267,0
HK.06158,491,0.026000000536441803,0.020999999716877937,23.809528033209013,4.364140894239807,6709400.0,174444.40359920263,11.18709797385378,0.013680000230669976,0.024935000082477926,116.66666925367379,52.94117131447737,-7.1428580931862715,-10.344823156610696,-51.851852107358724,3
HK.06160,491,210.0,199.5,5.263157894736842,1.9754224257789141,4735274.5,994407645.0,3.8509029428767003,179.25199981689454,188.40800033569337,14.441416893732969,18.778278492745816,2.840354132438071,13.821138211382115,12.963962826666553,4
HK.06162,491,0.11500000208616257,0.14100000262260437,-18.439716349532624,1.4468151046142654,170071199.8,19558188.331796173,21.515971532447654,0.3525599958002567,0.3312799982354045,-69.73684117652041,-72.28915556661792,-53.99999916553497,-52.08333139307793,-0.8620643144412296,0
HK.06163,490,0.6100000143051147,0.6100000143051147,0.0,0.15228426395939088,39700.0,24217.000567913055,2.6745440202811546,0.5396000063419342,0.3617250020802021,-11.594200519873441,74.28572134095808,87.6923189783947,117.85714703859114,221.05264313663486,0
HK.06166,190,84.6500015258789,80.9000015258789,4.635352199345041,1.4210490864898433,12190150.7,1031896275.3556937,12.146924342754417,113.33499992370605,,-22.339448141395497,-38.33428205849015,5.603023254043189,-11.704438347582863,,1
HK.06168,275,14.510000228881836,14.420000076293945,0.6241342032712485,0.965294483791195,600585.0,8714488.487462997,3.8899159436914696,15.668599948883056,24.9944743347168,-5.163398379115206,-9.194139089203041,-46.69527880154996,-46.88470503399415,-60.82462531309736,1
HK.06169,491,0.3449999988079071,0.35499998927116394,-2.816898807176702,1.438555620267909,1977100.0,682099.4976431131,2.6366881020213606,0.3631000018119812,0.4746499983966351,-2.816898807176702,-18.82353196919576,-38.39285761802172,-36.1111138705853,-32.35294014524834,0
HK.06178,491,7.46999979019165,7.465000152587891,0.06697438046302708,0.5679245917980587,1578935.2,11794645.612726212,2.6773985715614486,7.4019261169433594,8.282443089485168,3.356472279942218,-6.234604467503339,-14.578578073147671,-16.16391425172117,-30.647262847415014,1
HK.06181,491,352.0,351.20001220703125,0.22778694907822492,0.77579749195773,1754288.6,617509587.2,5.93945104459168,403.68,584.5189953613282,-10.02045270547839,-34.9050405417928,-54.276573717700195,-42.073862061262716,-51.1142026100034,3
HK.06182,490,0.6499999761581421,0.6850000023841858,-5.109492861930496,0.2485284499672989,603200.0,392079.9856185913,4.237317960788682,0.7512999975681305,0.7514250043034554,-8.45070481655075,-12.16216651604412,-12.16216651604412,-12.16216651604412,96.96968191801959,0
HK.06185,491,24.739999771118164,23.0,7.56521639616593,2.8931151163859545,561301.75,13886605.166528225,4.321672281816373,23.419599990844727,32.94670001029968,5.636207047498437,-12.331678337743599,-33.31536175567387,-29.2334084124552,-47.86090753776932,1
HK.06186,491,3.2200000286102295,3.259999990463257,-1.226992698467561,0.9944255333612807,19296105.75,62133461.067066014,3.0214452316174514,3.08786180973053,3.5456852924823763,6.622518177048375,-2.6277543717680554,-14.083313045346339,-16.641629515212482,-26.63257506824386,0
HK.06188,490,0.6299999952316284,0.6299999952316284,0.0,0.0,3025.0,1905.749985575676,2.2439024377970096,0.6007000017166138,0.46284999936819077,16.666661147718294,103.22580335043475,50.00000354789563,55.55555392031153,85.29411429558662,0
HK.06189,490,0.07199999690055847,0.07199999690055847,0.0,,0.0,0.0,0.0,0.07199999690055847,0.07199999690055847,0.0,0.0,0.0,0.0,0.0,0
HK.06190,490,3.0,3.0,0.0,0.0,2940.0,8820.0,2.8832938877787826,2.5005369329452516,2.0533968091011046,11.111109148818315,35.36874497460325,72.42499090456266,80.49164702110674,-18.778756510396498,0
HK.06193,491,0.36500000953674316,0.38999998569488525,-6.410250532086098,2.1052631578947367,13900.0,5073.50013256073,1.8797229323668971,0.3514999997615814,0.2904949986189604,-1.3513500451867637,21.666665010982157,37.735860090572075,21.666665010982157,79.80296553669616,0
HK.06196,491,0.8899999856948853,0.8999999761581421,-1.111110080907347,1.0109907126234963,7110192.1,6328070.867287885,2.6027973345664672,0.9150000047683716,1.0755499941110611,2.2988483697581654,-13.592231998413013,-21.929824836586544,-22.608695291616506,-35.036497620643495,0
HK.06198,491,6.889999866485596,6.980000019073486,-1.2894004633518195,0.7500326064270298,2478524.8,17077035.541081235,2.175534284980058,6.853617935180664,7.024527306556702,9.191757986776874,-7.489700662818456,-2.2867905588334283,1.9069121678290903,9.715785896927256,0
HK.06199,491,0.9100000262260437,0.9300000071525574,-2.150535566956493,2.8738904706079382,334150.0,304076.5087634325,2.118879023022711,0.9508934688568115,0.9619504231214523,0.9290039313826992,-12.588276166977922,-1.1099624772405325,-10.998969688412648,-16.32381607148749,0
HK.06600,148,66.55000305175781,68.8499984741211,-3.340588922783766,0.6708766691648562,342447.05,22789852.22256546,6.80177675708285,64.6779998779297,,-2.060329594349734,-35.45101451338781,-51.10213073676068,-27.663040161132812,,0
HK.06601,491,2.180000066757202,2.190000057220459,-0.4566205571678748,1.1326442497563365,569747.35,1242049.261034739,1.8652195800724518,2.135140290260315,2.199308032989502,3.3175438455743578,-8.147536410403951,-5.870203462022032,1.6937949608782457,-16.703647961756264,0
HK.06603,273,5.164999961853027,5.210000038146973,-0.8637250664963599,0.3281356366686972,2921603.0,15090079.38354969,6.644994641464871,6.795500040054321,13.133755424022674,-17.360000610351562,-50.0,-71.90473507768056,-67.06134220212941,-86.31979552850716,0
HK.06608,491,4.684999942779541,4.739999771118164,-1.1603339872239826,0.6100580186601073,1331876.35,6239840.6235394245,6.2410243167792,5.117600002288818,8.352550003528595,-5.7344036105305225,-31.00147320912533,-58.72246885182153,-63.254902409572225,-48.40308389708299,0
HK.06609,491,49.2400016784668,47.880001068115234,2.8404356307695005,1.2722668917418152,59390.0,2924363.699684143,6.256112444974078,44.53319999694824,49.11329999923706,16.351611610453066,-7.962613685108791,-14.066313553073655,-9.816844222431232,-10.958404416274394,1
HK.06610,491,0.7200000286102295,0.7250000238418579,-0.6896544920278584,0.4125878720189212,154470.0,111218.40441942215,4.320774164554463,0.8351999986171722,1.5555999997258185,-8.860758347611412,-47.826084703038,-56.36363399915455,-49.295771100695504,-87.14285641300434,0
HK.06611,490,0.04600000008940697,0.04600000008940697,0.0,,0.0,0.0,0.0,0.04600000008940697,0.04600000008940697,0.0,0.0,0.0,0.0,0.0,0
HK.06613,267,22.100000381469727,21.639999389648438,2.1256978040458354,1.1392307841390592,13497341.0,298291241.248827,5.9134523449649,24.225600051879884,23.891034297943115,0.4545471884987571,32.950011411190815,-28.755860375132876,-12.513952408648391,13.909063391330449,1
HK.06616,491,8.90999984741211,8.880000114440918,0.33783482640281676,1.6074909365984669,2792460.2,24880819.95590439,6.204927904206424,7.4573000621795655,7.821675016880035,14.967739966607862,0.9060014088027056,3.6046447929273744,-9.451222467015857,68.43100022048085,6
HK.06618,491,38.939998626708984,39.20000076293945,-0.6632707427809045,0.7505233626882032,7880231.3,306856196.00014913,4.004515459216705,37.1339998626709,51.38650007247925,4.396781295424174,-14.754819687913004,-38.96551866400451,-30.896185126620196,-22.042045982108117,0
HK.06622,491,2.5350000858306885,2.4600000381469727,3.048782378890148,0.4682835031889562,273349.15,692940.1187117458,4.085749158389709,2.584299988746643,3.0187249970436096,-4.339622845213445,-14.358106312131799,-27.57142611912319,-20.03154495837227,-17.69480036933206,3
HK.06623,490,10.899999618530273,10.899999618530273,0.0,,0.0,0.0,0.0,10.899999618530273,10.899999618530273,0.0,0.0,0.0,0.0,0.0,0
HK.06626,491,1.7000000476837158,1.7400000095367432,-2.2988483697581654,0.6505821016452296,1315051.65,2235587.867706549,3.6543972357099768,1.7075236010551453,2.0433437210321426,3.0303074089730497,-0.7214984511571488,-31.329102251236286,-29.086788839492744,-41.57844420727276,0
HK.06628,491,1.1150000095367432,1.024999976158142,8.780491265564228,2.2037235947010383,271325.0,302527.37758755684,7.613749814193735,1.2403000020980834,2.17262500166893,4.205603259694305,-47.89719837015285,-49.08675888566425,-50.444444020589195,-68.14285687037876,1
HK.06633,490,3.0,3.0,0.0,0.0,500.0,1500.0,0.1833335558573405,2.68449999332428,2.8568749940395355,4.529620892845216,9.48905071380695,2.3890761654579333,-9.090907777308086,-3.225803474481751,0
HK.06636,88,91.9000015258789,90.19999694824219,1.8847058039394404,0.7513140150918242,140412.9,12903945.724253083,8.408253229292582,86.87699981689452,,6.427334278901159,-7.730920749203491,,-8.099998474121094,,1
HK.06639,490,1.8300000429153442,1.8300000429153442,0.0,,0.0,0.0,0.0,1.8300000429153442,1.834050036072731,0.0,0.0,0.0,0.0,-31.20300812532284,0
HK.06651,148,69.44999694824219,67.94999694824219,2.2075056179068806,1.1816709833820576,4150273.55,288236485.38187027,10.116782584135512,85.8699998474121,,6.192653406530411,29.691872899556778,-19.15017961051009,83.24536715604165,,4
HK.06655,491,14.289999961853027,14.4399995803833,-1.0387785518640007,0.4379092069183017,4174001.6,59646482.70477448,5.0264195235990385,13.67748628616333,16.1783069562912,11.11975383633302,-10.369242220973241,-27.208689282850564,-21.548890140547748,7.098759299393623,0
HK.06656,78,316.3999938964844,317.79998779296875,-0.4405267307298964,0.6207518695409662,210321.7,66545784.59629822,7.468849167439265,346.6039971923828,,1.6056519261404036,-42.78841680919262,,-51.68028512923916,,0
HK.06657,491,14.390000343322754,14.460000038146973,-0.4840919407991171,0.010226416448383508,556540.0,8008610.791072845,4.940757151509471,13.172400054931641,15.101300053596496,3.5251851671942065,16.707221673668272,-15.103246633557946,-22.467668333027603,-20.409289800632486,0
HK.06658,38,178.5,168.3000030517578,6.060604137425566,0.6528353013215816,93461.5,16682877.75,8.699009186603757,,,9.375002045257457,,,39.453125,,1
HK.06660,491,1.590000033378601,1.600000023841858,-0.6249993946403356,1.4029768467475192,141120.0,224380.80471038818,9.246110876370588,1.753399999141693,2.8316500073671342,6.000002225240072,-29.95594507760157,-52.818988505252705,-53.77906956596592,-68.19999933242798,0
HK.06661,491,4.945000171661377,4.965000152587891,-0.40281934162860294,10.0,75.0,370.87501287460327,0.0,4.989543161392212,4.854600834846496,-0.9017956216599896,0.3097677085566111,5.305273500409628,5.51545891935555,5.305273500409628,0
HK.06663,490,0.2849999964237213,0.2849999964237213,0.0,0.0,165000.0,47024.99940991402,2.529697367250437,0.3262000036239624,0.29387000180780887,-13.636368151866849,-14.925376321032388,5.555550036607185,-5.000004967053534,23.783458330121608,0
HK.06666,491,1.0399999618530273,1.024999976158142,1.4634132725648943,0.4349953311841677,25598632.15,26622576.459489677,5.885352173088747,0.9791999959945679,1.1813999944925309,28.39505664096922,-32.46753327177799,-20.0,-8.77193202602569,31.64556121581702,1
HK.06667,491,7.085000038146973,7.09499979019165,-0.14094083636903987,0.14903983949555746,33720.0,238906.20128631592,3.7509657403949737,7.023999996185303,7.002907567024231,9.505413723314899,1.521713136657782,0.8167007136742223,0.8167007136742223,0.8167007136742223,0
HK.06668,491,1.2999999523162842,1.315000057220459,-1.14069233851448,0.942367601246106,126700.0,164709.9939584732,1.2105004416155436,1.2664634990692138,1.2806768602132796,4.838705025652108,-0.288331313837672,-1.0005623033776512,0.43421268455098216,6.440572155201998,0
HK.06669,491,7.695000171661377,7.545000076293945,1.9880728144553008,1.0856170412534476,368603.15,2836401.3025249243,4.149936768945215,8.181000003814697,11.293900003433228,-7.623046312852347,-18.82910819375283,-47.00413271993424,-43.954840289761414,-44.23912996155103,1
HK.06675,36,30.8799991607666,29.920000076293945,3.2085530816334376,1.2803780477978195,323889.4,10001704.400181198,12.068092926023539,,,28.773977273757666,,,-25.94724557364767,,1
HK.06676,346,0.7549999952316284,0.7799999713897705,-3.205125266043049,0.15346996707661437,1765945.25,1333288.6553293169,16.058820653008397,0.6115000009536743,1.3240250006318093,19.841269991445316,-20.526315294144222,-54.79041828542059,-55.5882368203265,-81.49509781005519,0
HK.06677,491,0.30000001192092896,0.33000001311302185,-9.090909090909092,8.681070622379877,219325.0,65797.50261455774,2.6966695563147867,0.33459999978542326,0.3847792349755764,-13.04347450506333,-11.442547971079453,-31.121983101832733,-25.312991077324416,-48.34149086106462,0
HK.06680,491,17.850000381469727,17.3799991607666,2.7042649217388917,1.7600263536790064,3686319.9,65800811.62121944,4.037606121629951,17.77199993133545,19.80011441230774,3.8394405288381894,-7.704238673021865,-23.536215372580894,-6.24462087318099,-8.395115093151535,1
HK.06681,388,1.5049999952316284,1.4600000381469727,3.0821887608831546,0.40753232439401765,49178320.0,74013371.3654995,8.629089085404988,1.9434999966621398,4.500874999165535,-12.500001732693134,-59.4339628097867,-74.0069083739688,-77.8676477497424,-72.98025226482662,1
HK.06682,491,30.299999237060547,29.6200008392334,2.295740643350865,0.5621766006394213,6210799.35,188187215.56653613,6.680772401367198,28.30400016784668,40.01515005111694,-0.19763297788129003,-15.692820270329797,-42.55924315249185,-32.69658167709918,-45.55256351076622,1
HK.06683,491,4.485000133514404,4.400000095367432,1.9318190069237837,0.9441927013667478,3822614.95,17144428.561124157,4.5302374088103035,4.532899990081787,6.15522500038147,7.04057451707151,-20.759712819337686,-27.893886096478266,-24.999998006533623,-60.09786276829939,1
HK.06686,491,14.0,13.489999771118164,3.7805799669006435,1.2323346523459582,9390.0,131460.0,2.45531823172483,14.874410743713378,15.81828477859497,-20.499718825844454,-9.325615914495664,-18.176498765351177,-8.90631148060293,-15.726164041636146,1
HK.06687,195,14.829999923706055,14.649999618530273,1.2286710570838866,0.604682276095772,888212.55,13172192.048734762,6.203801318460307,14.394799938201905,,15.768926135209274,-9.573169093554638,-48.3635087804119,-51.56760445053816,,1
HK.06690,491,20.979999542236328,21.139999389648438,-0.7568583350596313,0.441297026352114,12684072.4,266111833.14569244,2.4656094948768534,19.972833862304686,22.568726358413695,9.121393952350743,2.696487677611312,-15.146530805195832,-13.134197924661764,-13.25213199261005,0
HK.06693,348,37.52000045776367,37.02000045776367,1.3506212690906172,0.8756846094034073,9066088.05,340159627.7861258,6.5320400529607845,29.01240005493164,33.42743069648743,31.741576758527916,4.023285732174525,-4.758583392280381,23.553071116882546,59.60456031899353,3
HK.06696,490,2.940000057220459,2.940000057220459,0.0,,0.0,0.0,0.0,2.940000057220459,1.933764972537756,0.0,0.0,272.1518958690285,425.0000079827648,302.7397233430072,0
HK.06698,491,0.9200000166893005,0.8799999952316284,4.545457008456409,0.39940330109234395,97710.0,89893.20163071156,8.172548036165836,0.8501999998092651,1.0168500015139579,8.235293045175972,-4.166662786155852,-4.166662786155852,-9.80391824580021,-55.555553315982145,1
HK.06699,491,91.8499984741211,92.0,-0.1630451368248981,0.7722674338692758,851084.6,78172119.21134795,4.942494785540834,75.06199935913087,68.57983331680298,25.136235101762505,12.258782512043915,42.210678224996435,61.47567952042421,70.50034690745353,0
HK.06715,28,73.30000305175781,72.0999984741211,1.6643614466475158,0.13260069466251354,270861.3,19854134.116603088,7.789174107214826,,,-5.723468743719855,,,-35.701751708984375,,1
HK.06745,21,3.365000009536743,3.4600000381469727,-2.7456655364983007,0.5929580057794896,32512094.5,109403198.3025595,9.084931040083937,,,18.90459718211136,,,18.90459718211136,,0
HK.06805,491,2.8949999809265137,2.6500000953674316,9.245278367626321,2.532981530343008,85400.0,247232.99837112427,2.23619212218343,3.1624999904632567,2.780174994468689,-7.507991211571572,-24.80519343797742,15.338645096655936,18.163262227831815,59.262919878127406,1
HK.06806,491,2.549999952316284,2.555000066757202,-0.19569919022601429,0.8627402005309388,8093831.65,20639270.32155603,2.8072554978603717,2.5326555252075194,2.8434583127498625,2.8225779316303967,-7.11864256646497,-15.454145614142428,-15.724263612881803,-22.214993156023393,0
HK.06808,491,1.1399999856948853,1.1150000095367432,2.242150308907083,0.6087914692966316,9110180.7,10385605.867677819,4.103322435665704,1.136622519493103,1.4426823365688324,6.54204951508003,-19.99999832688711,-19.99999832688711,-30.57471469644102,-38.62152987955446,1
HK.06809,120,269.20001220703125,261.0,3.141767129130747,1.0074530194974156,5808841.35,1563740162.3287077,11.121716871410525,352.6486868286133,,-23.173511159775114,-2.1352490439733964,,54.01115510470176,,1
HK.06810,69,64.80000305175781,64.19999694824219,0.9345889907118654,0.9906848927677838,555019.9,35965291.21378632,7.90107128394785,67.18300018310546,,0.38729665093825594,-16.816429034047175,,-23.584904811610645,,3
HK.06811,491,1.2200000286102295,1.2200000286102295,0.0,0.4377983965408522,1121550.0,1368291.032087803,2.2958778212843605,1.1203999829292297,1.076450007557869,7.017547712211622,11.88197957195785,20.325904295888257,15.950409430932075,37.0680821387765,0
HK.06812,491,0.25999999046325684,0.25999999046325684,0.0,1.951219512195122,22500.0,5849.999785423279,1.007354969204543,0.2837999927997589,0.25750999875366687,-10.344828294942289,-18.750001164153243,17.647054064042226,33.33333333333333,92.59257787539694,0
HK.06816,490,0.26499998569488525,0.26499998569488525,0.0,0.0,23400.0,6200.999665260315,2.0615385298192783,0.20133999556303026,0.20535999827086926,35.897433546167775,38.020824683028245,26.1904733183702,22.68517538010895,105.42635632051267,0
HK.06818,491,3.065000057220459,3.119999885559082,-1.7628150755129746,0.8021485630424819,12927081.9,39621506.76319356,2.3870421343840107,3.088704228401184,3.188123594522476,2.1666685740152998,1.3371366067908075,-0.8935624005026424,-10.982884783541385,-13.580196952208604,0
HK.06820,491,0.4000000059604645,0.4000000059604645,0.0,0.18769551616266944,382500.0,153000.00227987766,4.56101668948475,0.40110000133514406,0.4633185359835625,-14.893615537231566,-10.11235676635287,-32.584265317297806,-11.06860740307063,-46.41313258985454,0
HK.06821,491,118.80000305175781,109.0999984741211,8.890930076353387,2.7937513008925565,1040175.0,123572793.17436218,7.135380922898602,106.85200241088867,90.07497520446778,-2.543066805018026,20.50509610200299,40.70659109232134,63.64789356602314,5.37606000485757,1
HK.06822,490,0.39500001072883606,0.4000000059604645,-1.2499987892806712,0.0,8700.0,3436.5000933408737,0.19237194333717408,0.39540000796318053,0.40219999983906746,0.0,1.282057748038625,6.7567582806154425,-3.6585331282255105,-9.195400330141219,0
HK.06823,491,13.100000381469727,13.270000457763672,-1.2810856852268306,0.7887339292186764,12290537.7,161006048.55846804,1.8322958573010855,12.260400009155273,11.716869149208069,9.623435904266419,8.43075225807511,18.94238842872802,17.000883617205513,12.983794274655896,0
HK.06826,491,16.399999618530273,16.299999237060547,0.6134993015359189,1.1637960340099296,185556.95,3043133.909215641,2.6169796936224183,16.411180477142334,22.074430928230285,2.1806878386732365,-21.139006036610745,-33.71015665957381,-29.836424968024467,-41.73380219213082,1
HK.06828,491,0.03400000184774399,0.03400000184774399,0.0,0.02875040242644366,43262488.05,1470924.673638002,7.2466723247005635,0.031240000165998937,0.03584000014699996,13.333342025677558,-12.820509881427833,-20.930230946331996,6.250000727595727,-35.849052359939805,0
HK.06829,491,1.75,1.559999942779541,12.179491294206397,0.14414414414414414,55700.0,97475.0,2.9122671584401933,2.0762999987602235,2.379725001454353,-13.793102233300921,-32.43243019329304,-30.278884197246065,-40.476191634686955,14.379087106151589,2
HK.06830,491,0.20000000298023224,0.20200000703334808,-0.9901009819200971,4.82392667631452,238200.0,47640.00070989132,3.164752990930659,0.2167673572897911,0.23328747384250165,-3.846154397232281,-15.295012103261305,-7.559402284496364,-20.609833497869705,-27.69824198496516,0
HK.06831,304,6.625,6.414999961853027,3.2735781667302204,1.2225464246300068,508655.1,3369840.0374999996,4.210489821941121,6.254401226043701,6.468724808692932,12.09814164210135,-19.867974174818407,0.5841331747767637,6.527068091798495,-8.245769693687684,1
HK.06833,491,0.1720000058412552,0.1720000058412552,0.0,1.1267605633802817,60000.0,10320.000350475311,1.5760268428722362,0.16892000019550324,0.1787111683934927,7.500006053596871,-10.094747423545222,-4.660906703564262,-1.9677160948674124,-22.189623881040518,0
HK.06838,491,0.2290000021457672,0.2370000034570694,-3.3755279302142798,12.581818181818182,44800.0,10259.200096130371,0.7565368978565694,0.24643999814987183,0.2430049989372492,-2.553190329108315,-5.371899427013404,-3.7815139203764607,-15.185187760694424,-21.034479746495272,0
HK.06839,491,0.10000000149011612,0.0989999994635582,1.010103062602563,0.3204272363150868,35800.0,3580.000053346157,1.8712023072497677,0.09882000043988227,0.13602500028908251,-6.54205535892754,-14.529912298386968,-35.48387050256521,-31.034479746495276,-53.48837217361363,3
HK.06855,491,36.439998626708984,33.439998626708984,8.971292234455593,1.0995349604862787,2591799.65,94445175.68670483,5.97240602440015,34.906800231933595,48.16340007781982,0.22001654294429998,-15.018662035890001,-28.40864924496726,-28.40864924496726,-53.19203681317685,3
HK.06858,490,2.8299999237060547,2.8299999237060547,0.0,,0.0,0.0,0.0,2.8753999614715577,3.0809999823570253,0.0,-4.067800747050257,-10.158735300738158,-12.923079270582932,-19.37322132777141,0
HK.06860,490,0.1289999932050705,0.12800000607967377,0.7812399046092898,0.15653126712060733,626000.0,80753.99574637413,2.8056005498929526,0.14391999989748,0.18074999965727329,-6.521741712551626,-27.9329667536789,-40.27778247271656,-28.33333995607138,-46.69421739501224,1
HK.06862,491,11.319999694824219,11.25,0.622219509548611,0.7177384346676322,11697969.5,132421011.17006302,3.193934230368019,11.693600025177002,13.733447823524475,3.378994447525137,-18.42187970672541,-27.06557958257986,-19.271062695325025,-15.962155259045204,1
HK.06865,491,7.585000038146973,7.369999885559082,2.917234137400273,3.1531748600313856,5172039.35,39229918.66704764,5.108096105261262,6.941799983978272,9.314775123596192,19.26100438547725,-11.193300156734475,-34.99946142415798,-20.909366634447483,-31.060037917005584,1
HK.06866,490,0.3050000071525574,0.3050000071525574,0.0,0.0,12800.0,3904.0000915527344,1.584248212800266,0.30959999799728394,0.3216749994456768,-3.174600171093715,-7.575759080925313,-21.794867092335547,1.6666650109821552,7.017547712211622,0
HK.06868,491,2.6600000858306885,2.6500000953674316,0.37735811710868267,2.4390243902439024,2050.0,5453.000175952911,0.9919335876953628,2.6725000619888304,2.72749214053154,1.1406832731696614,-4.2838059168113185,-8.431514102164467,1.7427639643537118,-11.079428417174073,1
HK.06869,491,124.0999984741211,117.30000305175781,5.797097395950476,0.9166825160280502,37903686.05,4703847380.968565,12.015080920203761,184.77568359375,130.48722279548645,-22.340427969875446,-44.94574158292058,133.23173737124768,137.23762134865635,461.2303359766814,1
HK.06871,57,33.599998474121094,28.799999237060547,16.666664459087173,1.1557499959690638,940525.0,31601638.56487274,12.6730916043715,27.953999824523926,,27.562635837038567,,,-37.48837493186773,,4
HK.06872,53,190.5,187.10000610351562,1.8172067266546652,1.287347978098071,54692.45,10418911.725,6.5435800809487565,207.6700003051758,,-7.254135510828466,,,-9.715639810426541,,6
HK.06877,491,0.10499999672174454,0.09600000083446503,9.374995634425469,2.5365853658536586,108500.0,11392.499644309282,2.3785773724180586,0.1004799996316433,0.13889500103890895,4.999995157122685,-16.00000262260437,-25.000002660921634,-26.05634275775781,-63.79310353686779,2
HK.06878,490,0.03700000047683716,0.03700000047683716,0.0,,0.0,0.0,0.0,0.03700000047683716,0.03700000047683716,0.0,0.0,0.0,0.0,0.0,0
HK.06880,23,274.3999938964844,265.79998779296875,3.2355178700061336,0.24729996620175496,207857.05,57035973.251341246,7.686776663893409,,,-7.171857838056761,,,-7.171857838056761,,4
HK.06881,491,7.71999979019165,7.695000171661377,0.324881325179697,1.1153197501154306,17790333.05,137341367.4134396,2.8192423627231022,7.459604778289795,9.013890991210937,6.4827557267813845,-3.937064171888317,-23.2234834089353,-23.3707082661309,-29.035716702743436,1
HK.06882,491,0.5049999952316284,0.4950000047683716,2.020200074126503,3.8811188811188813,204400.0,103221.99902534485,1.5519551401777392,0.4643571448326111,0.4659517993032932,6.3157898039038525,8.769225752565466,10.989006742333125,8.769225752565466,-13.67522011942936,2
HK.06883,274,2.0299999713897705,2.0299999713897705,0.0,,0.0,0.0,0.0,2.0299999713897705,2.0450223845243456,0.0,0.0,-1.9323653692280385,-3.3333303057956836,2.370635058519838,0
HK.06885,491,0.6000000238418579,0.5600000023841858,7.1428609441737585,0.2872531418312388,162000.0,97200.00386238098,8.081872670453807,0.7517999947071076,1.0861999961733817,-14.285709420028917,-49.152538092168385,-53.12499708961689,-39.99999761581421,-47.368418300801224,1
HK.06886,491,16.809999465942383,16.770000457763672,0.2385152479837494,0.5442124406077617,7472904.95,125619528.2185382,2.449906047033322,16.48574119567871,17.121385340690612,3.0024496340742233,4.995733828039317,-6.0744740769870615,-12.228055572319963,-7.444363370266192,1
HK.06887,246,35.459999084472656,35.63999938964844,-0.5050513699729803,0.23815029634158316,1302607.2,46190450.11942749,11.216157629238566,35.60839996337891,41.745149974823,-4.368939230270671,-22.270933987924916,-25.252950862210866,-20.564517093843264,,0
HK.06888,490,0.12399999797344208,0.12399999797344208,0.0,0.0,8950.0,1109.7999818623066,1.5127217726367566,0.11885999977588653,0.13670500062406063,3.3333339542150635,-14.482757557586567,-17.333337969249964,-14.482757557586567,-27.90698037075301,0
HK.06889,491,2.990000009536743,2.990000009536743,0.0,4.6750156717547116,155120.7,463810.8944793463,2.648049261589378,2.9185800552368164,3.1467018127441406,4.181189155493115,-6.011917127802225,-8.499846125267894,-8.768170844953156,-10.465790365349882,0
HK.06890,491,0.8450000286102295,0.7900000214576721,6.962026032742867,0.1564945226917058,64400.0,54418.00184249878,3.9639587432508563,0.6113000017404556,0.4557000011205673,48.24562091466361,144.92754537101257,106.09756975142754,122.36843137199543,87.77778911001919,1
HK.06893,491,0.20499999821186066,0.20000000298023224,2.4999975785613424,3.582853486884197,181200.0,37145.99967598915,3.839593931368137,0.19546000093221663,0.21968999981880188,19.883037215605682,109.1836771155487,-25.454547720507108,-22.641505932799248,20.588232973867658,2
HK.06896,491,3.315000057220459,3.200000047683716,3.5937502444721723,4.478680198556724,206674.85,685127.1395760298,1.7806340788001147,3.1098331594467163,3.054465650320053,6.93548900651898,4.110362637036798,15.206766384634543,19.709970962140925,-22.629559887016967,2
HK.06898,491,0.7250000238418579,0.7799999713897705,-7.051275585294708,0.06292906178489703,37000.0,26825.000882148743,5.067630483324514,0.7777788579463959,0.7309574279189109,-16.666664382963813,11.858066998515362,5.373534072515742,-0.4003561960716077,-6.603004940561307,0
HK.06899,490,0.23000000417232513,0.23000000417232513,0.0,,0.0,0.0,0.0,0.23000000417232513,0.23945000216364862,0.0,0.0,2.2222267845531776,4.545457008456409,21.05263529391835,0
HK.06908,491,0.36000001430511475,0.3700000047683716,-2.7027000903735274,2.298223969242246,1854650.0,667674.0265309811,4.088080812265078,0.38649999737739565,0.45579999789595604,-5.2631529414422,-26.53061075540249,-27.99999713897705,-23.404252081232507,-35.714283433495744,0
HK.06909,490,0.24899999797344208,0.24899999797344208,0.0,0.0,160400.0,39939.59967494011,1.5344726733739775,0.253430643081665,0.3545237916707993,-4.230766497420036,-18.49858180636616,-39.560742150271075,-37.452398997687666,-58.62235101789355,0
HK.06911,490,2.4600000381469727,2.4600000381469727,0.0,0.0,1160.0,2853.6000442504883,0.042735003547240656,2.4894000101089477,2.673450005054474,-1.5999984741210938,-17.999998728434242,0.0,28.12500485063852,-21.405752453578458,0
HK.06913,491,0.12999999523162842,0.12999999523162842,0.0,1.183276360767815,333600.0,43367.99840927124,4.934862218691362,0.14126000046730042,0.23025499999523164,-8.45071058073706,-30.48128836550842,-54.38596601301284,-55.17241414747115,-53.825142396460876,0
HK.06915,28,9.630000114440918,9.899999618530273,-2.7272678231621876,0.427069535967122,2615239.15,25184753.31379037,20.273414046514286,,,114.47662818126865,,,-1.5337384726564112,,0
HK.06918,491,0.13699999451637268,0.13699999451637268,0.0,0.0033305578684429643,642900.0,88077.296474576,2.9907449193765356,0.14680000007152558,0.15811500035226345,-8.666673951678517,-11.612907443408755,-16.969703592435014,-18.934914372989997,7.031240632205018,0
HK.06919,490,3.430000066757202,3.450000047683716,-0.5797095840604812,0.24301242236024845,124185.0,425954.55829024315,3.946834124293984,3.525456428527832,4.03307434797287,8.888887711513226,-11.772849320836546,-24.619636408602286,-11.551176197469754,-26.846377964759455,0
HK.06922,491,3.6549999713897705,3.6600000858306885,-0.13661514545519807,1.4990247979938702,36420.0,133115.09895801544,2.198515006793577,4.069700021743774,5.518724999427795,-10.853657160820779,-35.30973611156943,-44.11314995857933,-46.17083958874866,-41.984129194709865,0
HK.06928,490,0.18299999833106995,0.19300000369548798,-5.181349830539829,2.2291021671826625,71800.0,13139.399880170822,1.2686311224644828,0.2031799989938736,0.2228449995070696,-8.04020228438544,-20.087337722126534,-25.000001526758304,-28.23529343016556,-64.80769133779421,0
HK.06929,491,3.7100000381469727,3.7100000381469727,0.0,1.309317630758573,55800.0,207018.00212860107,2.261847063770091,3.84180148601532,3.830449768304825,1.089917194045954,-1.2366625363130186,-0.9807954183900732,5.876483872087113,-27.88055461394566,0
HK.06933,491,1.25,1.2000000476837158,4.166662527455388,0.3638556638858177,975900.0,1219875.0,10.393806077715473,1.4087999987602233,0.8246249997615814,-11.347515631846871,32.97872374153828,86.56715953182777,73.61110421242564,208.64197440017307,1
HK.06936,415,32.380001068115234,32.779998779296875,-1.220249316892197,0.8370674775669781,1506426.45,48778090.06003704,2.0054117293912963,31.56760009765625,34.11201842308044,5.886203887835176,-6.402824690303817,-10.728946104437869,-6.6688664732434875,-26.814780646259894,0
HK.06938,141,52.25,50.54999923706055,3.3630084838717536,0.40878417817723606,322515.4,16851429.650000002,7.830363274642924,50.77239990234375,,8.312599879786431,-12.989174581448934,-33.60863783214285,-36.358098695373506,,1
HK.06939,491,1.1749999523162842,1.2799999713897705,-8.203126673470289,0.0723419430434561,9791200.0,11504659.533119202,10.766443337654815,1.8317999994754792,1.3074499961733819,-45.34884185130799,-33.61582118768015,56.66666030883789,58.78377529371397,161.11110743181197,0
HK.06951,22,107.0,103.80000305175781,3.0828486070916323,1.7236103516317802,2247791.55,240513695.85,8.897195080388016,,,1.9047619047619049,,,1.9047619047619049,,1
HK.06955,491,4.664999961853027,4.574999809265137,1.9672165320231343,0.9593060190682519,4373661.0,20403128.398158073,4.224817999189895,4.958500013351441,7.521975009441376,-0.9554156248297915,-31.39706130877491,-46.92832784871145,-43.109755239481004,-75.34355209808852,1
HK.06958,491,0.08799999952316284,0.08900000154972076,-1.1235977630846006,0.4519673874512584,1063600.0,93596.799492836,3.5726708789505084,0.09306000038981438,0.10867500010877848,-8.333334626836898,-21.428574279558816,-16.981131544992476,-21.428574279558816,-38.46154166781291,0
HK.06959,490,3.490000009536743,3.490000009536743,0.0,0.0,1675.0,5845.750015974045,1.057183862403385,3.41840003490448,4.964599997997284,2.3460387593088994,-10.74168969499435,-41.638796013290516,-45.46875066356733,-52.83783831676485,0
HK.06960,233,7.25,7.079999923706055,2.4011310469754648,0.38094331087355066,204030.0,1479217.5,5.619101413053601,9.362971849441529,13.858962743282317,-11.907650021205638,-45.260352570756126,-54.02832447583707,-52.47603383488023,,1
HK.06963,491,3.5299999713897705,3.6050000190734863,-2.0804451397199,0.3240701693569364,12080577.65,42644438.758871906,3.0139864266508787,3.5049441289901733,3.5648927116394042,0.28409063970008025,3.82220791728944,-7.854619603184497,-4.829638293446683,-6.714200386351924,0
HK.06966,490,0.5099999904632568,0.5099999904632568,0.0,0.0,6000.0,3059.999942779541,0.49019620446964723,0.5110999876260758,0.4915999981760979,-3.7735815105932082,19.999994390151237,3.0303001111897543,1.9999980926513672,-3.7735815105932082,0
HK.06968,491,0.11500000208616257,0.11699999868869781,-1.7093988247441299,1.2926148380001692,619300.0,71219.50129196048,14.997531408736117,0.15006000012159348,0.10154500056058169,-21.232874125807037,57.534251748385934,51.315797084215184,61.97182862112109,29.213483240128525,0
HK.06969,491,8.550000190734863,8.59000015258789,-0.4656572892024529,0.956829495623981,12903959.45,110328855.75873494,5.061308264633927,8.295100002288818,10.519815492630006,12.057667922608644,-7.458998803565129,-19.780814950846615,-27.743016250985793,-59.59289048145771,0
HK.06978,491,0.3700000047683716,0.3700000047683716,0.0,0.02970763768511065,369375.15,136668.80726131797,7.356068253899754,0.5392999982833863,2.119874991476536,-31.481483321130938,-65.09433728853283,-84.89795928297316,-87.06293642168212,-90.99756708640324,0
HK.06979,491,7.570000171661377,7.724999904632568,-2.0064690599962387,0.9797023886237723,3643280.5,27579634.010410547,3.906523404545613,7.601625242233276,8.356012592315674,4.5580167261834985,-9.809002646513832,-9.809002646513832,-12.09231208128724,9.600827958612012,0
HK.06980,190,21.639999389648438,21.100000381469727,2.55923695931752,0.43445127379689047,139372.0,3016009.994934082,6.14547619480944,21.525599937438965,,14.195242841202512,-18.030304157810562,-30.64102929332857,-31.605563188701165,,1
HK.06988,491,0.050999999046325684,0.050999999046325684,0.0,0.24332472006890613,1840850.0,93883.34824442863,8.950097485243305,0.06127999983727932,0.09829500025138259,6.249997089616979,-55.65217554681916,-52.3364498345797,-54.05405550534804,-64.58333247099758,0
HK.06989,491,0.5149999856948853,0.5350000262260437,-3.738325149671712,1.2354048964218456,137550.0,70838.24803233147,2.7224760180299845,0.5812000024318695,0.7672499984502792,-4.629636068402729,-33.974358386541944,-38.690475979291925,-37.19512314792194,-65.89404046705411,0
HK.06990,491,539.5,508.0,6.200787401574804,0.6823640329559719,1035764.4,558794893.8000001,6.477401218061299,461.24999938964845,443.9635006713867,4.453049370764763,18.10420630845389,25.581934901091007,34.67298846235974,36.85945796385673,4
HK.06993,491,3.265000104904175,3.259999990463257,0.15337774403512916,1.3061336888267354,1312635.4,4285754.718700933,3.328895654152679,3.092400002479553,2.8686817598342897,14.160847016212214,9.082964576481166,13.109514027471405,23.016915900191606,-11.978508579046872,1
HK.06996,491,4.125,3.940000057220459,4.695429951593768,1.1687119888375597,1370973.65,5655266.306249999,6.011513807283655,3.855499987602234,4.281925004720688,-3.395784111808152,-14.948451935845835,15.870788379263958,5.498718911757628,-26.601421992918034,1
HK.06998,146,1.7100000381469727,1.559999942779541,9.615391081371959,5.320837487537388,732825.0,1253130.7779550552,6.1170120971774145,1.7956999945640564,,-13.197968867375007,-43.18936732342669,-31.8725081815093,-41.0344833823078,,1
HK.06999,490,0.11699999868869781,0.11699999868869781,0.0,,0.0,0.0,0.0,0.11699999868869781,0.11699999868869781,0.0,0.0,0.0,0.0,23.157894901951927,0
HK.07489,95,2.819999933242798,2.809999942779541,0.3558715539817855,1.2543184548104598,2922928.2,8242657.328873492,4.79932047012949,3.6308999919891356,,-11.041013710647398,-53.07820589272323,,-56.68203019822069,,1
HK.07618,159,13.210000038146973,13.520000457763672,-2.2929024343241484,0.9752412339830625,2172706.1,28701447.663882162,4.725882119656727,13.077000007629394,,3.6891701371479506,-5.50786501646896,-0.6766928668962512,-5.575409190366621,,0
HK.07630,60,12.510000228881836,12.010000228881836,4.163197256213136,1.3208409349902728,469242.6,5870225.033401107,10.018817078652805,25.35460027694702,,-35.84615267240084,,,-70.11466782972708,,1
HK.07656,23,32.7400016784668,33.29999923706055,-1.6816743886603824,0.36975240370796925,850477.7,27844641.32549858,11.355417520365815,,,59.70732526081365,,,55.90476989746094,,0
HK.07666,60,11.119999885559082,10.420000076293945,6.717848408251681,0.9915278912507831,1985845.45,22082601.176738024,9.108799205434734,12.705799922943115,,-10.897433546167774,,,-53.277309907458324,,1
HK.07687,23,80.0,83.0,-3.614457831325301,0.9974860991534749,204671.2,16373696.0,4.884797289974942,,,-11.209765421940665,,,-17.269904317764055,,0
HK.07688,55,17.6299991607666,16.81999969482422,4.815692512715279,1.0881382661334642,770298.2,13580356.619540023,10.41035320685177,23.860399951934813,,-25.986568485987956,,,-62.88421229312294,,1
HK.09600,491,0.1379999965429306,0.14000000059604645,-1.428574317572056,0.21928905649835884,1145560.0,158087.27603971958,9.38811244211383,0.15624000027775764,0.2036700000986457,4.545452492952992,-33.65384918477755,-32.01970418037776,-31.00000275671478,-56.19047695637111,0
HK.09606,323,193.60000610351562,182.60000610351562,6.0240961841831036,1.0010979985160855,1216891.4,235590182.46731564,8.349593535178666,201.38200103759766,280.88150032043455,-13.339296601224174,-28.08321050348787,-42.13986773101811,-34.682857594413754,-47.39130268926206,2
HK.09608,491,0.052000001072883606,0.04800000041723251,8.333334626836898,0.5377763114483669,3112500.0,161850.00333935022,7.50787167516639,0.04522000052034855,0.057300000265240666,30.000005587935576,-1.8867892699548516,-8.771927990007857,-18.75000218278718,-55.17241157830534,1
HK.09609,168,8.274999618530273,8.050000190734863,2.795023881544412,0.49911772119989917,38980.0,322559.48513031006,3.11919614277942,7.954899950027466,,1.9088637334447365,36.32618425882814,-31.949015441053984,-5.9659154639262395,,2
HK.09611,132,22.200000762939453,21.84000015258789,1.6483544314852254,0.48395307533061077,426830.0,9475626.325645447,4.995694955888197,23.486800079345702,,-3.8961021803801863,5.2710913795547025,-27.02107161678644,-29.29455377278556,,1
HK.09616,491,2.134999990463257,2.134999990463257,0.0,0.21,80040.0,170885.39923667908,1.7144723974322527,2.0902999687194823,2.3549249732494353,3.140099483898625,-12.139920501632677,-14.940239100590128,-15.61264764400506,-38.8691358199991,0
HK.09618,491,127.5,127.30000305175781,0.1571067898253486,0.5544179292915559,9163785.2,1168382613.0,2.5283593617732376,114.01399978637696,114.90327560424805,15.698732786610814,9.724615618355877,11.56119774908023,11.270428072431297,-1.78507515948183,1
HK.09626,491,144.5,147.3000030517578,-1.9008845850287974,0.903438968763963,3466299.7,500880306.65000004,4.219681590341567,139.83599929809571,189.57550037384033,3.8074735401958937,-14.598107206702757,-44.97334476715937,-27.64146108752761,-19.318819053259904,0
HK.09630,30,368.3999938964844,341.0,8.035188825948497,1.669040085599838,586536.8,216080153.5400635,15.759727759773634,,,-2.177379732908799,,,-28.466020602624393,,1
HK.09633,491,42.29999923706055,42.459999084472656,-0.37682489604814967,0.6963122847611868,8108234.3,342978304.70390815,3.4307261522823693,42.24119995117187,45.707763233184814,6.441865753571142,-4.960735322199714,-13.652194992154973,-10.039466426440713,-6.3945157762853535,0
HK.09636,491,28.899999618530273,28.860000610351562,0.13859669900479493,0.409919888690287,2278412.05,65846107.375854775,6.012345424516558,29.09753116607666,39.837368144989014,-1.9674353212763191,-15.30217243876649,-48.465542856975716,-41.33953963538498,-44.095933076529484,1
HK.09637,29,32.68000030517578,32.68000030517578,0.0,0.7061662011089068,328915.65,10748963.542377092,7.584296518237134,,,5.55555966268021,,,-28.95652107570482,,0
HK.09638,490,36.0,36.0,0.0,,0.0,0.0,0.0,34.75196281433105,32.850587682724,9.090909090909092,-7.310329221162652,-9.72026071461473,30.273801561681445,45.3194968628031,0
HK.09639,449,0.9200000166893005,0.9100000262260437,1.0989000192372347,0.14035087719298245,69000.0,63480.00115156174,1.50782845034239,0.9566999983787536,1.0917749956250191,1.0989000192372347,-17.857141716747872,-19.99999689019238,-20.689651451552983,-14.01869424389618,1
HK.09658,491,10.479999542236328,10.470000267028809,0.09550405876309628,0.7365943755645694,177967.7,1865101.4145328524,2.6919472662913706,10.2732000541687,12.13405005455017,6.829756309488593,-5.415165935028613,-19.50845488651862,-21.024874297536602,-32.647819668281926,1
HK.09660,439,5.0,5.150000095367432,-2.9126231570822863,0.7855654234344651,201510991.8,1007554959.0,6.671709808908844,4.673400001525879,7.165749995708466,13.122169993091257,-29.078016103162398,-44.75138237987155,-44.382645969988644,-31.6005466602123,0
HK.09663,491,2.490000009536743,2.5199999809265137,-1.1904750641601431,0.2834490984354171,360950.0,898765.5034422874,6.741323205017216,2.8676999902725218,4.172025008201599,-12.937059410160751,-35.98971870469702,-50.100197920875225,-49.287167272537985,-69.29716257772417,0
HK.09668,491,0.8299999833106995,0.8450000286102295,-1.7751532297816113,0.2307900799566337,3662900.0,3040206.938868761,3.85905244267047,0.7728999984264374,0.8820249974727631,7.792208294861243,-9.78261214629908,-9.78261214629908,-14.432993935073954,-22.42991190433934,0
HK.09669,491,3.3450000286102295,3.2899999618530273,1.6717345712741118,0.9829671583577104,460610.0,1540740.4631781578,3.90805998423899,3.467999982833862,5.222500002384185,-4.4285706111363,-5.508472749833713,-47.48822466710852,-54.30327936930861,-60.96849302537998,1
HK.09676,491,4.059999942779541,3.950000047683716,2.7848074371626717,3.2362950599354043,255915.0,1039014.8853564262,4.870682737544451,4.132926788330078,6.149606471061706,6.561679888572791,-29.42354244797719,-51.199628553893504,-41.60805654990729,-49.6920643511472,2
HK.09677,490,2.7799999713897705,2.7799999713897705,0.0,4.444444444444445,550.0,1528.9999842643738,0.12681147370411514,2.751341767311096,2.6537732553482054,0.36101048852397555,6.456563095756872,11.369946528855152,8.45012639004401,-0.8349814535974238,0
HK.09678,273,75.8499984741211,71.4000015258789,6.232488589834676,0.9774525314292495,1820755.0,138104263.97174835,9.389599449779935,118.82800003051757,314.1339998245239,12.204142287308333,-74.30555713496192,-64.88425996568468,-81.87141501419643,-86.87716289375068,1
HK.09680,490,8.300000190734863,7.900000095367432,5.063292285299998,0.044182621502209134,40190.0,333577.00766563416,7.794373803871876,6.708099975585937,8.540824999809265,40.91681458198826,4.797981196721576,-2.3529389325310204,-12.539511159999622,-14.078671616558946,4
HK.09686,491,0.8600000143051147,0.8600000143051147,0.0,0.8333333333333334,6250.0,5375.000089406967,0.0,0.9300000023841858,0.918499998152256,-4.444440323629388,-6.521739271277513,-3.3707833564005543,-4.444440323629388,-9.473681568769173,0
HK.09688,491,17.200000762939453,14.529999732971191,18.37578168642046,4.634646513071518,6881218.35,118356960.86995296,4.036315844283381,14.516200046539307,15.512050037384034,8.860763008253327,4.495757713406368,20.53258732435218,26.656854636015936,-46.5007777710541,2
HK.09689,490,0.6200000047683716,0.6000000238418579,3.3333300219643105,0.2658486707566462,198200.0,122884.00094509125,4.199301391130341,0.661599999666214,0.544274999499321,-10.144926534683554,-3.124997089616889,40.90909275634231,40.90909275634231,36.26373338463262,1
HK.09690,491,11.619999885559082,11.65999984741211,-0.3430528505701926,0.7483360050824794,806786.1,9374854.389670657,4.149110597034844,12.722800025939941,14.707850008010864,-12.49999910233967,-13.348247443854113,-25.512823067865053,-27.60124337745944,-43.86473692134776,0
HK.09696,491,35.779998779296875,35.459999084472656,0.9024244305870309,0.6816023145345907,6069528.35,217167716.95390776,5.619071163619991,39.414199867248534,47.62884987831116,6.046227028293317,-45.33231406016463,-38.310346932246766,-31.65234035874041,-5.842108475534539,1
HK.09698,491,32.31999969482422,31.040000915527344,4.123707285899507,0.9512429476252032,3936093.5,127214540.71879959,4.265809272857231,31.634399948120116,36.71459995269775,1.8915523154413163,-23.04761977422805,-21.743340697638867,-9.264456305490219,-13.118282172125495,1
HK.09699,491,8.140000343322754,8.444999694824219,-3.611596951133026,1.2111931612618854,1701605.15,13851066.505199766,3.793732043555803,7.996400089263916,10.891400032043457,1.7500042915344238,-21.04752655649863,-48.18586681376683,-24.90774696733331,-51.83431640792748,0
HK.09857,491,2.759999990463257,2.5999999046325684,6.153849680748341,3.159851301115242,12860.0,35493.59987735748,3.3015572346381186,2.2995999956130984,3.1058499920368194,14.999995032946467,-1.4285700905079517,-23.54570441365638,-27.368420392192295,-22.471909134123983,1
HK.09858,491,4.070000171661377,4.295000076293945,-5.238647279063974,2.4581897362275784,31399125.35,127794445.5645171,6.3811594265200995,3.3696000146865845,3.935550009012222,31.2903321570837,8.533337910970053,-8.126403400161221,-18.59999656677246,12.430947522883574,0
HK.09860,491,3.515000104904175,3.390000104904175,3.6873155201136307,2.3304843304843303,91600.0,321974.0096092224,4.967925207645729,3.775799984931946,4.634449998140335,-10.331631722126557,-7.742778013276099,-33.67924569042689,-17.09904965449547,-52.17686870051882,2
HK.09863,491,39.08000183105469,38.540000915527344,1.4011440132316741,0.6946338841395504,8732648.9,341271935.0019577,5.080503335477765,37.61359992980957,45.93379995346069,3.550609679364298,-14.672483663641977,-11.902612052860903,-21.14608404325879,-36.60989316496607,1
HK.09866,491,36.86000061035156,36.720001220703125,0.3812619417057763,1.191336833958868,4362465.9,160800495.7366379,3.463153331084855,39.88440002441406,43.357150135040285,-4.655973213049659,-22.75775425931883,-1.549140057776771,-10.793802317068554,-3.2545876992929093,1
HK.09868,491,46.63999938964844,46.040000915527344,1.3032112558423943,0.8069960051922325,15179530.75,707973304.9151497,4.516406627987946,53.87080001831055,69.35969980239868,-8.99512314214939,-25.673307745580182,-39.270836541222074,-41.95395111965046,-37.688710300009,1
HK.09869,491,1.715000033378601,1.7699999809265137,-3.1073417028582484,0.2538044056613813,853175.0,1463195.153477788,5.6027097028238675,1.6958000016212464,1.1187901479005813,-14.249998331069946,63.8654952016269,97.70729583918968,99.879889751435,49.017351997364884,0
HK.09876,491,2.240000009536743,2.3550000190734863,-4.883227541628086,0.7588075880758808,72800.0,163072.0006942749,3.205127192632615,2.696900029182434,3.2307750034332274,-17.343174243333344,-20.284695546256003,-31.07692278348483,-37.25490052034689,-39.772613633566365,0
HK.09877,491,6.96999979019165,6.840000152587891,1.900579454732539,0.12646039286172808,313370.0,2184188.8342523575,5.314415439585544,7.452799987792969,8.7241499876976,-10.296012776044684,-28.877554545547433,-13.308459909678502,-23.991278820048002,-23.068438549956163,1
HK.09878,491,8.555000305175781,8.199999809265137,4.3292744410741495,0.20329141928147612,1762681.75,15079742.90917778,6.179888600118852,7.341400003433227,9.008450021743775,18.326421612818912,23.985509955564996,-23.20466749084443,-16.209595756980622,-40.00701144556292,4
HK.09879,491,9.399999618530273,9.369999885559082,0.3201679118206457,0.975251677852349,477250.0,4486149.817943573,3.3726248114069026,8.939300003051757,8.05327499628067,6.214680376874832,14.494513701024147,21.919579403652982,18.836912766890162,57.5031111957666,1
HK.09880,491,90.0,86.75,3.7463976945244957,1.0638732135818656,5873709.85,528633886.49999994,4.931871262873842,95.395,113.28600002288819,5.820102023076743,-14.44866671975333,-37.5,-31.297709923664126,-1.4778308666349242,1
HK.09881,286,17.700000762939453,17.700000762939453,0.0,,0.0,0.0,0.0,17.700000762939453,17.30485028743744,0.0,0.0,-17.827298000808277,10.763462265171121,79.51319857250618,0
HK.09882,491,0.9900000095367432,0.9200000166893005,7.608694736696163,18.54014598540146,26400.0,26136.00025177002,2.1469786982239487,0.9655999946594238,0.8120500004291534,22.222223039844234,-23.846150319251656,67.79661924460302,62.295079724630455,59.677419664956524,1
HK.09885,491,3.3299999237060547,3.380000114440918,-1.4792955337853222,0.5316052678126357,1240160.0,4129732.705383301,6.265010228247007,3.5930999994277952,5.259085597991944,-16.541355495067215,-32.784257644323425,-43.85895917232852,-36.03260731173057,-66.58790549539782,0
HK.09886,491,0.7300000190734863,0.7300000190734863,0.0,0.978441127694859,118100.0,86213.00225257874,3.215967515177102,0.8730000019073486,0.9674499979615212,-20.65217327925119,-29.12620977178249,-26.999998092651367,-30.476185502378623,32.72727331839316,0
HK.09887,255,64.30000305175781,62.349998474121094,3.127513432812809,0.4967313049781721,3845000.3,247233531.0240097,10.82246149851325,56.430399856567384,61.606149940490724,28.806100581466254,-17.032254126764112,14.719007898295065,27.326738716352107,-17.35218440932308,2
HK.09888,491,106.80000305175781,107.0999984741211,-0.28010777463808284,0.5992895339493831,10054121.85,1073780244.262745,3.525853525866153,112.0129997253418,122.61274982452393,-7.452338267250812,-14.832534487874465,-33.45794202382691,-25.730180260623932,22.406880288547637,0
HK.09889,491,3.315000057220459,3.299999952316284,0.4545486400278935,0.14481094127111827,185200.0,613938.010597229,1.275650755992167,3.3652999925613405,3.2437702798843384,-1.3392809309621376,2.111413152240847,4.201407981097617,1.8196594635824983,-8.623378586414875,1
HK.09890,491,10.579999923706055,10.600000381469727,-0.1886835570179361,0.4411519893457633,1317778.0,13942091.139461517,5.532586013538752,11.326000061035156,14.950800008773804,2.81826980493792,-35.40903256547603,-41.90005241281185,-42.28041479682159,-23.994253838230804,0
HK.09893,491,1.715000033378601,1.7100000381469727,0.29239737544372346,3.794466403162055,64250.0,110188.75214457512,0.6908278427228737,1.7865000128746034,1.467925001978874,0.29239737544372346,-3.1073417028582484,57.339447785403166,80.52632156831744,212.02830851115166,1
HK.09896,491,24.360000610351562,24.280000686645508,0.3294889680545037,0.7293893565878,4085731.3,99528416.96173248,3.8339853711943386,24.4,32.92994257926941,5.821025742577539,-15.416662306697166,-37.02606920751199,-34.66876190593112,-36.025106564245306,1
HK.09898,491,61.79999923706055,61.599998474121094,0.32467657125588384,0.6884341417219088,73853.15,4564124.613654518,2.1324463992887313,60.291999893188475,72.46661975860596,2.4026525262651552,-6.505294003515062,-26.61998603467343,-24.11890239218565,-22.225429657660328,1
HK.09899,491,124.80000305175781,125.4000015258789,-0.4784676768901566,0.7455167464198327,814574.4,101658887.60588379,4.566253053649339,116.74800064086914,156.95950065612794,3.568467262869554,3.2258076729999896,-29.808773391624538,-33.7931018293062,-53.811992074917384,0
HK.09900,491,5.190000057220459,5.175000190734863,0.28985248179219264,0.9350788522287851,2173833.05,11282193.653887725,10.659668916585733,6.009600019454956,5.428549993038177,-23.45132895848148,17.95454419841454,-26.487250718345727,-15.74675023083254,257.9310266583204,1
HK.09901,491,43.91999816894531,44.58000183105469,-1.4804926760896018,0.7298142472930077,4705046.35,206645627.07680282,3.478746097638334,38.43079963684082,42.163516235351565,15.21510860329339,4.724982135554394,-1.820329806066106,-2.818175372491821,18.567203945620435,0
HK.09903,142,478.3999938964844,450.0,6.311109754774305,0.46268408144175244,3006223.2,1438177160.5314698,13.340395749028463,545.9960015869141,,-0.7880585264098559,-14.111311688243381,134.73993460882733,205.10203098565643,,1
HK.09906,490,1.559999942779541,1.559999942779541,0.0,,0.0,0.0,0.0,1.559999942779541,1.609849967956543,0.0,0.0,-5.454547556307063,-10.85714612688337,3.3112551411966935,0
HK.09908,490,8.479999542236328,8.5,-0.23529950310202208,0.0,49400.0,418911.9773864746,1.0029397125118629,8.409516019821167,8.114497356414795,0.0,6.006938315940453,7.830145938169093,7.302859479115707,12.159374636767083,0
HK.09909,491,2.109999895095825,2.1050000190734863,0.2375237993840759,2.8489483747609943,58475.0,123382.24386572838,2.4932988721042206,2.2124999809265136,2.4352250027656557,1.9323653692280385,-14.574904022044164,-11.715489435912641,-13.524596491221214,-15.261048714277548,1
HK.09911,491,8.300000190734863,8.385000228881836,-1.0137153944753996,0.8001656528137143,8704638.45,72248500.79527801,5.618337677320608,8.310700044631957,9.685575025081635,-10.367170782056176,-8.791210518670951,-29.48173434215921,-30.075819117466406,-20.19230293098974,0
HK.09913,491,2.2899999618530273,2.319999933242798,-1.2931022522848876,1.0842326494912817,466527.95,1068348.987703371,3.208024247348076,2.3047999572753906,2.3665999937057496,0.4385960784535167,3.61990598756426,-1.2931022522848876,-4.184106220160894,-7.6612925709348145,0
HK.09916,491,0.36000001430511475,0.36500000953674316,-1.3698616715036243,3.2432432432432434,60600.0,21816.000866889954,1.7762529569287806,0.361700000166893,0.3416999998688698,-3.9999961853027344,-3.9999961853027344,4.347830593924006,10.769239233796018,-9.999997764825855,0
HK.09918,491,0.9300000071525574,0.9100000262260437,2.1978000384744694,0.8108108108108109,7700.0,7161.000055074692,0.6766009626518843,0.9466000008583069,0.9986499899625778,-5.102041933448131,-2.1052611765768803,-12.264145532507925,-9.708734661641204,-50.26737942346945,2
HK.09919,491,0.7749999761581421,0.7300000190734863,6.164377521766309,7.119212059262564,107631.55,83414.44868386388,3.367947670924773,0.7946141254901886,0.8946885669231415,0.6493500461665078,-9.356729956805806,-19.037075896853136,-22.063733070571583,-15.54802899272532,1
HK.09922,491,1.149999976158142,1.159999966621399,-0.862068168189925,2.0197452368616666,1603700.1,1844255.0767648101,3.63835506619406,1.2987612390518188,1.719353611469269,-6.504068428844849,-35.58773287011034,-45.52046711365915,-37.98606430000274,-60.20948910709439,0
HK.09923,491,4.840000152587891,4.820000171661377,0.41493734884287353,2.677225581410683,260452.8,1260591.5917419433,3.7795001760038236,5.26559998512268,6.982900025844574,-2.024289544013372,-22.186490098920718,-40.68627153071743,-41.26213243897815,-66.89466353984992,1
HK.09926,491,100.0,96.05000305175781,4.112438128829292,0.9992247603487745,9012985.9,901298590.0,5.4739606601750355,95.19300003051758,113.06749988555909,2.827763496143959,-21.752740522626645,-14.163090128755366,-11.738749067537176,-35.73265033584045,4
HK.09927,185,43.20000076293945,43.0,0.4651180533475654,0.622837193788132,2141784.85,92525107.15405217,5.531201679500034,50.71260009765625,,-9.62342792372808,-37.56052007845197,-58.11476088923212,-59.16970575605633,,1
HK.09928,491,0.4950000047683716,0.4950000047683716,0.0,1.0497581591320084,137669.2,68146.25465645791,1.2458532385148875,0.49287457823753356,0.499600206464529,2.0618536429497536,-7.476628850209618,2.997718409446193,1.090339323121224,-4.2302030110893725,0
HK.09929,491,1.7050000429153442,1.7300000190734863,-1.4450853111279736,0.32002342655148613,4580400.0,7809582.196569443,8.836193204528794,1.5751000022888184,0.8933350034058094,22.661874853400445,34.25197389936033,179.5081972018649,184.1666625274554,2606.3492309404396,0
HK.09930,491,0.6499999761581421,0.6449999809265137,0.7751930820906612,5.059695015062036,54347.3,35325.743704259396,1.7263027748451807,0.7244548022747039,0.9304134121537209,-9.722229120907686,-27.848575290569006,-36.781609861734715,-38.53767645241028,-41.77253593193982,1
HK.09933,491,1.6699999570846558,1.659999966621399,0.6024090761646119,0.8395061728395061,162800.0,271875.99301338196,2.0123749967436213,1.5999999976158141,1.7271499979496001,11.333330472310383,5.696196944605632,-1.183437837789033,-4.571431023733957,10.596024346484407,1
HK.09936,491,13.739999771118164,13.369999885559082,2.767388846118977,0.832140443253358,1682200.0,23113427.614974976,9.317779570853798,15.824573879241944,12.021353404521943,-8.825480760711908,-3.498290892146061,63.469079949936194,125.90892006809523,233.66692072482306,4
HK.09938,491,0.25,0.25,0.0,0.06149984311264512,3993000.0,998250.0,11.607957249026775,0.24707999914884568,0.17375499982386827,21.951220575930613,-5.660372265889812,104.91803048423338,96.85038741844548,138.09524552892418,0
HK.09939,491,1.809999942779541,1.6950000524520874,6.784654086652561,2.313456852558503,571525.0,1034460.2172970772,5.935604349286274,2.023800003528595,2.3830000042915342,-4.232806535494818,-43.613709617760804,-36.04240312454717,-11.274510949724066,-34.18182026256215,3
HK.09955,491,0.49000000953674316,0.5,-1.9999980926513672,2.325196524617294,306210.0,150042.90292024612,7.6155067894855755,0.5553999972343445,0.8226999977231025,-12.499998669539185,-29.99999744551518,-50.999999046325684,-50.999999046325684,-67.76315686280046,0
HK.09958,491,0.13600000739097595,0.14300000667572021,-4.895104166406157,0.03222900455089076,12209050.0,1660430.890236795,6.559540393653419,0.14048000082373618,0.18068500082939865,-16.564413924997794,-25.683055392746574,-38.181814487315386,-9.933765815708352,-51.428568995728796,0
HK.09959,491,2.2950000762939453,2.194999933242798,4.555815311730401,1.5047971502715354,3386691.75,7772457.824634075,5.518658703244707,1.9302510333061218,2.205794910788536,35.79881648457037,-5.301055567623384,-3.761228482210441,1.6083177997549603,0.7435676069644405,1
HK.09960,491,0.949999988079071,0.9549999833106995,-0.5235597192677354,0.019166267369429803,456225.0,433413.7445613742,4.728535872843819,0.9666266596317291,1.0618652096390724,-3.061227592911475,-9.95666287775214,-15.081092606753124,-10.726270257118074,-32.17515204504512,0
HK.09961,491,357.20001220703125,360.20001220703125,-0.8328705992035607,0.405626067855273,3181648.9,1136485025.9184875,2.9842187672656406,350.9200012207031,446.53800018310545,8.439592843247949,-13.005356332854461,-26.411203811591488,-38.73070116517474,-28.21543251092264,0
HK.09963,491,7.369999885559082,7.704999923706055,-4.347826625101896,0.7207776811823283,318825.0,2349740.2135133743,10.069692061750663,8.493400077819825,3.7371250192821024,-11.524610407437606,33.27304893202708,426.42857221924527,441.91175059102824,1742.4999439343817,0
HK.09966,491,8.020000457763672,7.769999980926514,3.2175093623017945,0.5879588016525518,1179470.0,9459349.939918518,5.73536598831571,7.445900011062622,9.32682499885559,4.6997469650497035,-20.985214195259516,-16.718583982807324,-16.283919398392772,-16.10878550478947,1
HK.09968,491,0.03999999910593033,0.041999999433755875,-4.761905606641802,0.13598915423923244,4743900.0,189755.99575862288,10.033430130063827,0.034260000325739386,0.027020000144839285,66.66666149265241,29.03225728922157,81.8181787394295,90.47618878671639,59.99999403953561,0
HK.09969,491,14.300000190734863,13.800000190734863,3.6231883557196856,1.418012955858109,7969559.1,113964696.65007275,5.01237463496632,12.495200023651122,13.107750039100647,2.288988976943456,4.761909086958472,21.083824577873965,14.400001525878906,-24.09766414587532,4
HK.09971,23,57.0,55.29999923706055,3.074142470873958,0.7788493864009065,885721.9,50486148.300000004,12.649138177911892,,,62.02387579744847,,,71.58337719890534,,6
HK.09973,211,25.84000015258789,25.459999084472656,1.4925415623718008,0.8202879407466067,3011667.75,77821495.11954403,4.004797411832937,25.95120006561279,28.01644186973572,-3.4379673707961973,-8.041694148739937,-12.603587112714559,-11.330267021024403,,1
HK.09978,491,0.8700000047683716,0.8500000238418579,2.3529388665328623,0.4563387992542839,6015795.0,5233741.678685546,13.678501322809918,0.36184000194072724,0.15370000084862112,278.2608647765645,1059.9999602635717,1015.3845984848766,974.0740767994807,796.9071949563412,1
HK.09979,491,1.7200000286102295,1.7300000190734863,-0.5780341244511894,0.49135268718264463,771434.65,1326867.6200709224,2.944649660435456,1.7385086703300476,2.306125478744507,1.775146175977735,-15.931950378639344,-41.04661942030208,-33.04579598085613,-35.14080181478374,0
HK.09980,124,118.9000015258789,114.5,3.842796092470661,0.9069199725886427,764071.5,90848102.51588058,5.3910695033529485,118.1140005493164,,9.990752270309521,-27.54418214288437,,-37.77232387780673,,1
HK.09981,116,11.34000015258789,11.350000381469727,-0.08810774049102714,0.7202284988208582,1443454.25,16368771.41525364,4.652966744511751,11.939972991943359,,0.2652496185513679,-27.316348786600074,,-44.32741710553089,,0
HK.09982,491,0.08799999952316284,0.09000000357627869,-2.2222266373809187,1.7675836321755662,1158021.4,101905.88264781235,4.567079755517384,0.10113999933004379,0.10457499967887998,-15.384617588929125,-24.786324350904774,-28.45528691670209,-45.679012799913465,-20.0,0
HK.09983,491,0.3149999976158142,0.3149999976158142,0.0,0.03087422814429639,593300.0,186889.49858546257,4.791216239359796,0.35040000021457673,0.5240249994397164,-4.545459060957758,-7.3529428522066915,-35.714287452030426,-47.500002483526764,-72.17675998811431,0
HK.09985,491,7.78000020980835,7.929999828338623,-1.891546302362268,0.9498707976847821,3648391.4,28384485.857462976,3.9860731610928672,7.684190311431885,10.00697083234787,9.577469215627714,-13.387277999679153,-37.50298104762344,-28.341993629596395,-33.470426512657134,0
HK.09986,490,1.8799999952316284,1.8799999952316284,0.0,,0.0,0.0,0.0,1.8799999952316284,1.9630999976396561,0.0,0.0,0.0,0.0,36.23188418316455,0
HK.09987,491,379.20001220703125,377.3999938964844,0.4769523952458238,0.492811600215331,944693.45,358227767.77190244,2.719307444965356,343.56800048828126,371.35148300170897,12.45551556333076,-0.020839676426608614,-0.8380340121575622,0.4736375713175275,3.2284407982109853,1
HK.09988,491,123.80000305175781,124.4000015258789,-0.4823138800334148,0.5481151369628717,104021013.7,12877801813.50694,3.8603717469103502,111.39623367309571,137.4241012954712,12.341203702485728,-5.5343513005774465,-26.445740413934605,-16.819516340047524,2.6834538014714866,0
HK.09989,491,4.25,4.21999979019165,0.7109054810400157,0.4509597686037339,357700.0,1520225.0,2.1635422496099337,4.141700005531311,4.785313004255295,0.9501178501326877,-7.6256041638921035,-16.05520209524441,-14.428364145594259,-35.44595717713096,1
HK.09990,491,2.0199999809265137,2.0399999618530273,-0.9803912402207475,1.4513922309104732,248726.7,502427.9292559147,5.972145567848467,1.9565000033378601,1.8131749993562698,-4.71697688824151,-15.126055302689402,20.95808579856842,23.926379560477542,7.446807768615783,0
HK.09991,491,7.565000057220459,7.894999980926514,-4.179859715051294,0.09704772726353715,24550.1,185721.507904768,2.407214265520656,7.1392999935150145,7.2501249957084655,3.9148329560228428,4.488954369843869,0.8666674296061198,4.488954369843869,-2.8883171467827204,0
HK.09992,491,157.8000030517578,157.3000030517578,0.3178639480607515,0.7083731967394541,11673078.9,1842011886.0434098,3.9327516150881876,163.62,188.71215454101562,4.711351192630825,0.8769588744398722,-26.868799913783437,-16.832666286921878,-38.65694067123012,1
HK.09993,491,0.9649999737739563,0.9800000190734863,-1.5306168375089833,0.48503117182113525,38760589.3,37403967.65796309,4.837554694919312,1.1517000019550323,1.6362249907851218,-14.601771872029987,-14.601771872029987,-44.54023169627008,-46.9780249470976,-66.60899865932865,0
HK.09995,491,86.25,79.5,8.49056603773585,2.0008586376216195,4048831.25,349211695.3125,6.187504057812739,78.05900039672852,86.37575000762939,2.556482241245814,-11.26542931279404,-4.379154192775352,17.107940547283963,23.214285714285715,1
HK.09996,491,4.300000190734863,4.039999961853027,6.435649290515874,2.1514984411327736,801529.25,3446575.927879572,5.231012754563239,4.2042999887466435,5.609724987745285,4.878055872057842,-29.04290047298942,-37.9509336616285,-29.738557661066945,-50.46082903740425,1
HK.09998,490,0.38999998569488525,0.3799999952316284,2.6315764707211,0.274858528698464,246000.0,95939.99648094177,1.8860677061450177,0.37670000195503234,0.42398291260004045,2.6315764707211,-9.302330416818046,-2.5000050291418283,5.405400180747055,136.09194002546522,2
HK.09999,491,205.1999969482422,203.0,1.0837423390355605,0.5348516421347249,9860748.1,2023425480.0273848,3.042396965114935,198.6296063232422,199.38025245666503,-0.7736973307080542,13.328719166814002,-0.6705923289821525,-10.134665152069894,-0.18022208140619542,2
