code,n_rows,last_price,prev_close,gap_pct,rvol,avg_vol_20d,avg_dollar_vol_20d,adr_pct,sma50,sma200,perf_4w,perf_13w,perf_26w,perf_ytd,perf_52w,consecutive_up_days
HK.00001,491,69.25,69.05000305175781,0.2896407522129663,1.272423498691346,6512926.35,451020149.73749995,2.2144329936625535,70.12200012207032,63.08707134246826,-6.037987968123415,-0.0721544726635393,10.28640488243865,31.22039747911302,38.67061928384327,1
HK.00002,491,76.5999984741211,77.22000122070312,-0.8029043470356809,1.8369664069648248,3413228.2,261453274.9118271,1.326730922420016,76.46168716430664,72.3890034866333,1.0136564069894212,4.048691328065808,2.4155616827377693,13.404366876545174,22.578551929247105,0
HK.00003,491,7.135000228881836,7.079999923706055,0.7768404769556991,0.5277513017404751,42448178.15,302867760.81586695,1.7957754778811865,6.791383466720581,6.890631670951843,6.194681472661142,4.803813375671799,-2.555625917091419,5.393425904410588,9.215333435226517,1
HK.00004,491,18.65999984741211,18.450000762939453,1.1382063728391911,0.31071205589785206,1755772.15,32762708.05109043,4.052233896223367,19.197747535705567,22.13658826828003,-2.3302652349672965,-17.949006544645986,-26.95941292868504,-13.935146013225,-11.574414607952326,1
HK.00005,491,162.60000610351562,160.60000610351562,1.2453299651252123,0.9787580346064398,9018276.7,1466371846.4631927,1.22430859069395,158.51782287597655,135.9127624511719,0.37063884762307,11.210401695850626,23.664888777480687,35.20560445522419,67.10493704370141,1
HK.00006,491,59.900001525878906,59.04999923706055,1.4394619810340097,0.9239692334406873,2734252.85,163781749.88713875,1.6069501074425174,58.803999710083005,57.79194932937622,2.920963471914554,2.4807540530586856,-0.23415302351822956,12.1574298460095,24.62079663242505,1
HK.00007,490,0.03200000151991844,0.03200000151991844,0.0,,0.0,0.0,0.0,0.03200000151991844,0.03200000151991844,0.0,0.0,0.0,0.0,0.0,0
HK.00008,491,5.360000133514404,5.394999980926514,-0.6487460154930095,0.5756217190350533,9163810.3,49118024.43150068,1.3808461127296956,5.464304504394531,5.5293638801574705,-4.177094043265305,-6.715985013126959,-3.8302653572125536,3.286994748052722,7.964139808260925,0
HK.00010,491,12.380000114440918,12.210000038146973,1.3923020127995434,1.1001612096078004,1023656.55,12672868.206148196,1.9837277136903086,12.930961799621581,14.442985854148866,-6.950500744102338,-13.059484004266197,-23.36763440328287,-14.352050975864541,-5.521729890553607,1
HK.00012,491,26.440000534057617,26.31999969482422,0.45593024553490547,0.8638742812233107,10684643.1,282501969.27021503,2.6836765081508727,27.188800048828124,29.249717569351198,-6.440197027897302,-11.738840678648563,-21.585313163217133,-6.313949198363143,1.6936078209334773,1
HK.00013,491,19.139999389648438,18.969999313354492,0.8961522532806246,0.49621006168009835,5161925.5,98799250.9194107,3.807570372488558,18.39340000152588,20.84964996814728,4.248359223131526,2.5723448347342703,-19.512200012688922,-8.595993784630467,-24.645670562589007,1
HK.00014,491,16.06999969482422,15.859999656677246,1.3240860195010167,0.6082617039600922,1890069.35,30373413.87769661,2.3182519909029873,17.124520702362062,18.172165818214417,-11.18908149466316,-12.286106949986586,-26.155249034838373,-9.806138996023266,15.065104324043174,1
HK.00016,491,114.80000305175781,113.5999984741211,1.0563420719676229,1.6601839103038036,5053578.35,580150810.0022972,2.603230182175003,119.05399978637695,120.34876567840575,-5.6696746668111055,-11.692305344801683,-17.419869305867845,19.681351687840078,26.68600808136495,1
HK.00017,491,6.425000190734863,6.409999847412109,0.2340147219942595,1.3179376832181502,4960446.6,31870870.3511301,4.08916508777206,6.740700006484985,8.081624975204468,-7.018808500536873,-22.309554593757827,-40.89236192844354,-13.058182587081015,-0.6955116061209974,1
HK.00018,491,0.21799999475479126,0.2199999988079071,-0.9090927563423067,0.016764459346186086,116000.0,25287.999391555786,3.1015242229326465,0.22764072865247725,0.2720895215123892,3.832099213352754,-15.396069309179769,-25.104714537251795,-25.104714537251795,-33.81486951518572,0
HK.00019,491,105.69999694824219,105.69999694824219,0.0,0.8602758570067326,1182389.05,124978518.97663498,2.8758012224689167,94.77799911499024,81.09459260940552,9.704201995013456,27.119657256223874,33.262480910196814,70.81447175783256,62.630135532645205,0
HK.00020,491,1.3949999809265137,1.4249999523162842,-2.1052612206061254,0.6139907820386818,592007267.85,825850127.3591075,4.731437678107576,1.412000002861023,1.926900002360344,-11.146500998662502,-20.738637017871234,-49.63898951147602,-37.162163831150245,-24.184785020627416,0
HK.00021,491,0.07599999755620956,0.08299999684095383,-8.43373439899979,0.44431433960583916,5319795.0,404304.40699953586,18.64255923089014,0.07868000037968159,0.08510999979451299,13.432829347902961,-2.564107707501292,-19.14893600157128,-26.21359469102008,-37.70492073589995,0
HK.00022,491,1.725000023841858,1.715000033378601,0.5830898115819017,0.9563696855124176,74450.0,128426.25177502632,3.8799868534585773,1.882400004863739,6.210849993824959,-11.53846247896873,-37.272726405750625,-81.93717288597121,-78.70370441230942,-72.61904806957402,1
HK.00023,491,18.56999969482422,18.34000015258789,1.2540869156092875,0.9802200534938544,3168380.6,58836826.77508698,3.487057684522303,14.920483322143555,13.762630887031555,15.71895303649653,38.34133395133954,25.40549452495689,43.3604364175985,49.892807552260265,6
HK.00025,491,4.800000190734863,4.820000171661377,-0.41493734884287353,5.706652140643036,4755.15,22824.720906972885,0.30781373735607853,4.827900037765503,4.311869381666184,-0.41493734884287353,15.107916137038194,10.344834390066616,15.662652540490654,25.768009607831193,0
HK.00026,491,59.04999923706055,59.29999923706055,-0.42158516562637366,0.9285216863382318,2930.15,173025.35526447298,0.7902393489330837,58.28,57.412370109558104,0.08474446959414725,2.874560396026707,-0.36155907005341353,3.8334508979945676,2.4685152778649355,0
HK.00027,491,33.459999084472656,33.08000183105469,1.148721984232893,0.6570036986877474,11332128.05,379172994.17812693,2.3573697507512614,32.023932762145996,34.54699007987976,2.145508711263557,7.319859832523356,-19.664304803369227,-8.936247967080856,-10.703245670938818,1
HK.00028,491,3.359999895095825,3.359999895095825,0.0,9.595536959553696,52500.0,176399.99449253082,1.792855885483199,3.5126000118255614,4.075299018621445,-5.352114359790027,-16.209483707866504,-24.566602945790724,-23.582686972663556,-34.90377692076169,0
HK.00029,491,9.229999542236328,9.59000015258789,-3.753916627982693,1.5231788079470199,31800.0,293513.98544311523,1.3837657943517803,9.764300003051758,11.15748700618744,-3.753916627982693,-18.75000157406637,-23.877304292311095,-28.807376161352245,-30.959762392759018,0
HK.00030,491,0.24500000476837158,0.24699999392032623,-0.809712227199398,0.018467220683287166,97000.0,23765.000462532043,2.0006201301122903,0.24884000092744826,0.25063999943435195,0.409836891524983,16.113748828563903,-14.03508496746789,0.409836891524983,-10.909091106131052,0
HK.00031,491,0.49000000953674316,0.47999998927116394,2.083337601895229,1.0145704101728277,3750401.5,1837696.7707666159,3.7737909807640877,0.5346999996900559,0.5765250009298325,-6.666660611591367,-16.949147234288798,-23.43749679857858,-30.98591206400565,-15.517237304081839,1
HK.00032,491,7.5,7.529999732971191,-0.39840284243083357,62.82693014636928,55054.2,412906.5,0.404019326247297,7.490164785385132,7.813186824321747,1.6069957652769769,-4.6440368754538595,-5.1655137522196535,-3.415808299970629,-5.503738662622302,0
HK.00033,490,0.4000000059604645,0.4000000059604645,0.0,,0.0,0.0,0.0,0.4000000059604645,0.4000000059604645,0.0,0.0,0.0,0.0,-34.426230068842386,0
HK.00034,491,4.480000019073486,4.579999923706055,-2.1834040676500757,1.8221923341454602,143991.65,645082.5947464227,2.101114790353638,4.793100004196167,4.571399154663086,-6.5693441545035896,-12.761418861286694,-14.06348199618962,7.621429253812588,40.133995687503685,0
HK.00035,491,0.6650000214576721,0.6499999761581421,2.307699361496682,3.7068424111230653,577100.6,383771.9113832354,2.0101364274598468,0.6793000042438507,0.7516750022768974,-4.316542690433626,-10.135133393582352,-26.923076671155354,-10.135133393582352,-15.82278438035428,1
HK.00036,490,0.2750000059604645,0.2750000059604645,0.0,,0.0,0.0,0.0,0.2750000059604645,0.25033500492572786,0.0,0.0,0.0,74.05062867336005,-3.508768627628134,0
HK.00037,491,0.4950000047683716,0.5,-0.9999990463256836,0.6293169608595549,513600.0,254232.00244903564,2.328163329177711,0.49770000159740446,0.5017749939858913,1.020407170268328,-4.8076878990645735,-6.603767643538114,10.00000397364309,7.608694736696163,0
HK.00038,491,9.614999771118164,9.8100004196167,-1.9877741096585428,0.8375945060872025,4326109.85,41595545.21758203,3.9703054615774795,8.19609998703003,8.29666125535965,10.580794808326264,14.73621235886941,-0.21426789197271853,17.604616998656923,37.36020865770338,0
HK.00039,490,0.04500000178813934,0.04500000178813934,0.0,,0.0,0.0,0.0,0.04500000178813934,0.06259000098332762,0.0,0.0,-43.03797504168788,-44.44444240038942,-50.549447580374775,0
HK.00040,490,0.6899999976158142,0.6899999976158142,0.0,0.0,34174.8,23580.611918520928,1.2777642228448547,0.6934999966621399,0.7088937997817993,0.0,-1.4285700905079517,-8.000000317891438,-6.7567582806154425,3.965772950187621,0
HK.00041,491,14.800000190734863,14.84000015258789,-0.26954151914918884,0.7827325973608388,409196.15,6056103.098047972,2.353919052429154,15.454000053405762,15.76660059928894,-4.639176841445504,-11.852296702093291,-15.315134648440697,1.577086967922064,7.959819469216903,0
HK.00042,491,0.24300000071525574,0.23499999940395355,3.404255885784311,0.4878048780487805,120300.0,29232.900086045265,2.8336749229508644,0.2526199984550476,0.32535499915480615,-2.0161271424775755,-30.571427184708238,-22.857142046195303,-14.736840784384587,-22.857142046195303,1
HK.00045,491,5.585000038146973,5.625,-0.7111104329427084,0.3970533475137189,480866.15,2685637.466093588,2.9621265364667924,5.548000020980835,5.985,-5.499150890967429,-5.017008002592437,-20.214285169328964,-5.017008002592437,-4.529912321464217,0
HK.00046,491,1.2400000095367432,1.2999999523162842,-4.61538038310199,1.116751269035533,41600.0,51584.000396728516,1.2090913263042413,1.2027999925613404,1.2721111321449279,3.1365102909710343,12.027592594587027,-5.149932308401591,-16.34342173221882,-19.72014854962373,0
HK.00048,491,0.3799999952316284,0.3799999952316284,0.0,4.299354838709678,18832.0,7156.159910202026,0.5353738054962716,0.36630000472068786,0.2835140263289213,4.1095850145108725,-1.2987000923330156,38.181813452854726,167.6056216832456,107.65027251211269,0
HK.00050,491,5.074999809265137,4.96999979019165,2.1126765292969436,0.27000039569023504,103957.25,527583.0239217281,1.0740049797112479,4.867200021743774,4.866189222335816,4.423861519428808,1.9016549396812406,0.7236017385369314,8.680982309267385,5.607167642492656,1
HK.00051,491,4.480000019073486,4.5,-0.4444440205891927,1.639344262295082,9900.0,44352.000188827515,0.0987859383294955,4.501900053024292,4.535975041389466,-1.538465246746975,-2.1834040676500757,-10.399999618530273,3.944317367770344,-0.4444440205891927,0
HK.00052,491,4.695000171661377,4.699999809265137,-0.10637527248201055,0.1793225016564916,53515.45,251255.04693653583,1.7353409417242498,4.59890001296997,4.452906811237336,0.3205201682257103,19.770410211321572,4.799110528404753,0.3205201682257103,-12.682601690934337,0
HK.00053,491,72.0,71.0,1.4084507042253522,0.41237113402061853,4600.0,331200.0,0.43099049052588434,69.96900009155273,70.6552400970459,1.4084507042253522,4.575165716325919,-3.064068912430258,5.288839689849693,1.0195204615400588,1
HK.00055,491,0.14000000059604645,0.13699999451637268,2.1897855472652887,0.37719674239177026,59425.0,8319.50003542006,2.244830184233653,0.13999999731779098,0.1537249992787838,2.1897855472652887,-9.677419664956526,-13.580246800021634,-7.89473348831195,-33.96226308998495,1
HK.00057,491,1.5049999952316284,1.5019999742507935,0.19973508869941153,0.7625649913344887,49400.0,74346.99976444244,1.0103359480985674,1.5061168551445008,1.5770277684926988,-0.7575918366384383,-7.8043879481095955,-8.346715471542508,-2.6183882814906245,-7.9751844307822575,1
HK.00058,490,0.24899999797344208,0.24899999797344208,0.0,0.0,25098.0,6249.401949137449,0.6505456870619482,0.2488599979877472,0.2408849995583296,1.6326502560080263,-0.40000081062316895,31.052632156831745,19.138751409639113,46.470585502555245,0
HK.00059,490,0.009999999776482582,0.009999999776482582,0.0,,0.0,0.0,0.0,0.009999999776482582,0.009999999776482582,0.0,0.0,0.0,0.0,0.0,0
HK.00060,491,0.550000011920929,0.5600000023841858,-1.785712575121809,0.2222222222222222,71400.0,39270.00085115433,2.457678901208434,0.4919999986886978,0.48229999631643294,22.222228109100875,22.222228109100875,10.000002384185791,22.222228109100875,22.222228109100875,0
HK.00061,490,0.18199999630451202,0.18299999833106995,-0.5464491998239219,1.4128511183071013,19741.05,3592.871027047187,0.055248732495663026,0.20381999760866165,0.2767750008404255,1.111105040267903,-25.409838418283286,-44.51219778128985,-42.40506711133742,-48.295455315142625,0
HK.00062,491,8.979999542236328,9.029999732971191,-0.5537119846448926,1.5750290888385508,136639.25,1227020.4024515152,1.3600001899627396,9.41480001449585,9.940135259628295,-4.772012177904853,-5.672278251698682,-18.648580840202317,-11.225171584888217,-3.463002280194378,0
HK.00063,490,0.03400000184774399,0.03400000184774399,0.0,0.0,131600.0,4474.400243163109,1.714461573270869,0.036420000232756135,0.05031999996863305,17.241389055456473,-30.612239312350926,-41.37930547227177,-38.181814487315386,-44.26229267920005,0
HK.00064,491,3.805000066757202,3.799999952316284,0.13158196062266148,0.07582343022263227,197697.3,752238.2396977185,0.38190316582537587,3.659000015258789,3.231139577627182,0.13158196062266148,16.360858989335618,23.941372947784856,26.833335558573406,26.06119407417892,1
HK.00065,490,0.26499998569488525,0.26499998569488525,0.0,0.0,177320.15,46989.8372134149,4.3426859903066095,0.23179999858140946,0.2984849990159273,-11.666674945089223,10.416663174206933,-15.87301977757817,-25.352114449652248,-48.039217519558505,0
HK.00066,491,32.040000915527344,31.84000015258789,0.628143096673941,0.6772997076639342,6157778.85,197295239.9916149,1.9638339632417603,31.886309700012205,31.61628089904785,0.7695122067538332,3.2054144451557645,-9.53604758055526,10.327737624949789,23.93144995739028,1
HK.00068,95,8.399999618530273,8.755000114440918,-4.0548314251314475,0.6183758781977255,1637886.4,13758245.135195922,6.657172200958317,9.291400060653686,,-10.30432649410168,-55.20000203450521,,-54.838712654550356,,0
HK.00069,491,4.099999904632568,4.03000020980835,1.7369650416853861,1.702469876032193,631046.45,2587290.3848187206,2.3070232202674035,4.081000032424927,4.409245254993439,-3.642778040881809,-2.14797497276395,-20.344366585948656,-12.544758354723362,-14.250531625735082,1
HK.00070,491,0.07000000029802322,0.06700000166893005,4.47760978263432,24.23469387755102,260100.0,18207.00007751584,2.0317798114009533,0.04939999982714653,0.05280000001192093,48.93617594657648,39.9999985098839,20.689659159050375,39.9999985098839,0.0,5
HK.00071,491,10.029999732971191,10.050000190734863,-0.19900952620986395,1.3262251004365282,84676.1,849301.260389042,1.0862188517028997,10.051300048828125,10.234959316253661,0.6018000434844868,-3.185327554459546,-8.017439330763496,0.10128895477355847,6.568515950800144,0
HK.00072,491,0.23800000548362732,0.2199999988079071,8.181821260570512,1.6246498599439776,77200.0,18373.60042333603,3.1859838519658776,0.24801999986171722,0.24726999878883363,-6.666662770938177,-11.851853323571419,-8.461532994840072,-0.8333288319407887,-13.454545336321369,1
HK.00073,490,1.8350000381469727,1.8350000381469727,0.0,0.0,4056.6,7443.861154747009,0.8353162439050448,1.9746999883651732,1.9006249958276749,-9.82801175667153,-5.897436242288535,4.261366368756328,10.542173195446004,-4.922275232268189,0
HK.00075,490,0.13600000739097595,0.13600000739097595,0.0,0.0,10942.55,1488.1868808761237,7.172695152454114,0.1462800008058548,0.14836500108242034,-20.930230946331996,-19.047613556828285,-4.225350043480957,-3.5460958429988323,-16.564413924997794,0
HK.00076,491,0.16899999976158142,0.17000000178813934,-0.5882364800231967,0.35457506557807555,1967755.9,332550.7466308504,4.684360576553556,0.14008000016212463,0.16403499983251094,20.714285030048725,21.582734892688055,0.0,20.714285030048725,-39.642857484975636,0
HK.00077,491,0.5299999713897705,0.5249999761581421,0.9523800873701953,0.5160516051605161,170950.0,90603.49510908127,3.7755904235909616,0.5070999991893769,0.4554750010371208,5.999994277954102,23.25580524972752,23.25580524972752,15.217382994626707,22.78959577131775,1
HK.00078,491,0.4650000035762787,0.4749999940395355,-2.1052611765768803,0.5952487246796074,152580.0,70949.7005456686,3.9874582223107677,0.41119999885559083,0.5106999993324279,9.411762478442403,-12.264145532507925,-18.421050980480732,-13.888891648363074,-13.888891648363074,0
HK.00079,491,0.12700000405311584,0.12700000405311584,0.0,1.497235219055721,379050.0,48139.35153633356,7.203119716966494,0.1091600002348423,0.09789000011980534,10.434784129797144,42.69663128282755,23.300974666145272,17.59259329523649,1.6000032424926758,0
HK.00081,491,2.6549999713897705,2.6649999618530273,-0.37523416909558394,0.8608416343395748,8886337.0,23593224.48075986,4.769648083370512,2.4546179485321047,2.4774233716726304,5.566594856700012,-7.41027777223475,-6.115311163397247,37.69753356584475,25.374413272000968,0
HK.00082,491,0.07400000095367432,0.07400000095367432,0.0,2.0328518365662402,1955870.0,144734.38186526299,4.066812953033205,0.07758000001311302,0.08303000029176473,-3.8961021368168507,-16.8539329605141,-15.909089369714744,-9.756098890644923,-21.27659203456816,0
HK.00083,491,10.430000305175781,10.260000228881836,1.6569207846155418,1.069897332624751,8624346.8,89951939.75594178,2.256749185707702,10.509400043487549,11.195591516494751,-2.614376582389224,-11.460097269925054,-18.224029255758637,1.590914579884779,16.350104124832775,1
HK.00084,490,0.06800000369548798,0.06800000369548798,0.0,0.0,84618.0,5754.024312704802,1.3972459027133042,0.06812000244855881,0.06701500065624715,0.0,13.333342025677558,4.615394138020521,-2.85713799145759,-4.225350043480957,0
HK.00085,491,0.8299999833106995,0.8500000238418579,-2.352945878843816,1.175030599755202,747600.0,620507.9875230789,2.4088290778435413,0.9468162190914154,1.1535704889893532,-12.169313270598971,-28.40169963252439,-36.82502335531068,-36.3570612497556,-51.73147871550331,0
HK.00086,491,4.119999885559082,4.119999885559082,0.0,3.1720908116839763,352703.0,1453136.319636345,1.3420529766575946,4.075600008964539,4.050748310089111,0.36540478479659616,-1.1990453194260025,-4.687498793462514,3.3898254381158552,2.774382798762416,0
HK.00087,491,15.300000190734863,15.1899995803833,0.7241646701137484,0.7632761221811405,735376.75,11251264.415261984,2.367735944321942,14.221800003051758,12.91602077960968,2.8225811361811664,16.79389118474447,16.788993924548745,36.30386513989333,36.63479018112833,1
HK.00088,491,3.3350000381469727,3.2350001335144043,3.091187032624062,0.19090026177198394,61210.05,204135.51908497812,1.617890862071171,3.301405463218689,3.560132530927658,1.0968732974960391,-8.193118620718172,-12.90116557858535,-2.389230160519009,9.210362770675792,1
HK.00089,490,1.9500000476837158,1.9500000476837158,0.0,0.0,9560.25,18642.487955868244,0.9032965619478417,2.0020000100135804,2.1745857542753217,2.3622087648177774,-8.018860710010568,-14.128967190725849,-9.445092328130816,-3.297584855439881,0
HK.00090,490,0.9350000023841858,0.8650000095367432,8.092484633026954,1.0186757215619695,57900.0,54136.50013804436,2.80598374038417,0.9726463544368744,1.0367036691308023,-3.6082500199706278,12.861559496717081,-16.294347990438578,-15.590944751815258,-47.4100588025032,1
HK.00092,491,0.16500000655651093,0.1770000010728836,-6.7796578777597984,1.2282000972325078,714357.25,117868.95093369111,3.8883856980256204,0.17654000133275985,0.1931500006467104,2.484477108530526,-12.234036060494278,-18.719206254024872,-9.340653897353759,-21.428565853306864,0
HK.00093,490,0.3400000035762787,0.3400000035762787,0.0,0.0,29000.0,9860.000103712082,9.651041066993736,0.3911000019311905,0.43939999997615814,-10.526313725600916,-16.049382080121152,-24.444441648177083,-31.999999284744263,-30.61224551858229,0
HK.00094,490,0.050999999046325684,0.050999999046325684,0.0,0.0,167150.0,8524.649840593338,3.0237958428344776,0.054699999764561656,0.06604913115501404,-3.7735855687594055,-22.7272737535235,-37.804880929730665,-34.977832479793804,16.774510140931643,0
HK.00095,491,0.1889999955892563,0.19200000166893005,-1.562503152914939,1.5425065731814198,338500.0,63976.49850696325,5.796736138236545,0.19444000005722045,0.24868999928236007,4.999993377261955,-5.500003613531536,-31.272730366257527,-31.272730366257527,-28.679243097444377,0
HK.00096,490,0.5049999952316284,0.5049999952316284,0.0,0.0,46800.0,23633.99977684021,1.0863336412191562,0.5011029511690139,0.5395387308299542,0.9999990463256836,-5.292268434262392,-13.18457939807386,-6.983473841725228,-17.318645432043443,0
HK.00097,491,0.13899999856948853,0.14499999582767487,-4.137929262644278,0.10676225466557161,298896.65,41546.63392242492,4.720732689115518,0.1478000009059906,0.17098500028252603,-4.137929262644278,-8.552629579570587,-29.79798014006339,-23.626372861611685,-31.862744525137966,0
HK.00098,491,5.505000114440918,5.650000095367432,-2.566371300513828,0.0966183574879227,41500.0,228457.5047492981,1.939868285829903,6.404300012588501,6.856866300106049,-17.030897896914638,-22.573839506809552,-25.117880348657046,-18.601893880051254,-31.07341806129969,0
HK.00099,491,1.1950000524520874,1.149999976158142,3.9130501936425373,0.5857740585774058,12300.0,14698.500645160675,0.8438737733148547,1.2390000128746033,1.269489248394966,-6.640618815435889,-6.640618815435889,-10.098376775138748,-2.9062493552919717,-11.572174397216148,1
HK.00100,159,342.6000061035156,336.79998779296875,1.7220957603217468,0.6107975037083254,17563259.05,6017172657.727626,12.471527779653261,299.89199981689455,,34.98818045074991,-51.61016862944695,-59.23854775686905,-0.6956504047780797,,1
HK.00101,491,7.099999904632568,7.0,1.428570066179548,0.9380244788237031,6782006.55,48152245.858217455,2.0911430586718374,7.203589630126953,8.178214950561523,-5.602190568865872,-10.016061978520534,-26.209164293744813,-13.515789265808435,-6.780921521518213,2
HK.00103,491,2.0,2.0,0.0,0.4015215553677092,47920.0,95840.0,4.780043914914158,1.7789473247528076,2.3835652911663057,23.45678976006923,0.028350043562480186,-27.910612888971315,-32.99383233281344,-29.132463604664178,0
HK.00104,491,0.2370000034570694,0.22599999606609344,4.867259992234254,1.1716380553171135,784017.25,185812.09096040204,2.2499097883251857,0.216833633184433,0.20430286660790442,11.650772232172208,13.535167431667464,20.124264649792416,20.662934477348085,15.121084938419763,3
HK.00105,490,5.199999809265137,5.199999809265137,0.0,0.0,500.0,2599.9999046325684,0.0,5.271599931716919,5.230125977993011,-0.9523845854259673,-1.515159040990203,-3.3457305083066267,0.9708682130449126,2.8826256584892205,0
HK.00106,490,0.01899999938905239,0.01899999938905239,0.0,,0.0,0.0,0.0,0.01899999938905239,0.01899999938905239,0.0,0.0,0.0,0.0,-9.523811213283604,0
HK.00107,491,4.744999885559082,4.704999923706055,0.8501586078989773,1.0130561732441363,956918.3,4540577.223989392,1.6985364960964078,4.617299995422363,5.057459135055542,1.824035213095054,-13.67549957848323,-8.992439438640504,-3.216953931458133,4.413230605091839,1
HK.00108,491,1.7000000476837158,1.6649999618530273,2.102107305259987,1.0624344176285414,783800.0,1332460.0373744965,7.239757075879333,1.7736999988555908,2.4679249894618986,7.594936804365715,-16.666662770938174,-28.870294013988087,-27.96609647244543,25.925927234121126,1
HK.00110,491,0.699999988079071,0.7599999904632568,-7.894737254879816,0.5637611045738159,351255.4,245878.77581270935,6.681532539107016,0.6272000014781952,0.3767950002849102,6.06060003993511,62.79069219427288,218.18181448731536,218.18181448731536,276.3440706879025,0
HK.00111,491,0.6150000095367432,0.6200000047683716,-0.8064508376086847,0.4101694915254237,515200.0,316848.0049133301,4.077765236927047,0.6092999982833862,0.6561904929578304,16.03774391234113,-15.753425552330915,-32.490724824598686,22.516834507088245,14.067408853754976,0
HK.00113,491,5.960000038146973,6.005000114440918,-0.7493767766253396,1.5971525052477868,69017.0,411341.3226327896,1.1870628712903322,6.161880884170532,5.705518140792846,-5.396827655464425,5.025562272953802,7.206014983422514,11.048538034245063,26.174343123038152,0
HK.00114,491,0.6600000262260437,0.6549999713897705,0.7633671839197399,1.1559290490749679,45755.25,30198.466199979186,1.2958331276832076,0.6700000059604645,0.6312582060694695,-4.347821955569661,1.53846929764635,4.76190971769537,4.76190971769537,25.397018274754128,1
HK.00115,490,4.619999885559082,4.619999885559082,0.0,0.0,100.0,461.9999885559082,0.0,5.5368999576568605,7.025275001525879,-12.333967698670763,-43.79562365599507,-32.848839989670374,-38.400001525878906,64.9999987227576,0
HK.00116,491,13.960000038146973,14.100000381469727,-0.9929102094688088,0.5910093210826379,2578177.9,35991363.58234968,4.642679444209259,12.032000007629394,12.037148504257202,17.60741510310007,27.721863205588093,-1.1249694268747243,21.642303782148563,27.963746294344606,0
HK.00117,491,2.5450000762939453,2.7899999618530273,-8.781358025408755,0.4860568594816752,5313500.0,13522857.905387878,10.459299659019946,3.2133000183105467,1.7414750105142593,-20.468748800922203,-55.96885840981083,561.0389972300095,627.1428913242969,362.72727656955556,0
HK.00118,491,0.19599999487400055,0.1979999989271164,-1.010103062602563,0.47640815094086414,305163.75,59812.093435730785,1.4344268079295526,0.19491999894380568,0.21439999915659427,1.554399544595816,-14.410483389760365,3.1578933334086234,-21.60000205039978,-17.991631407858012,0
HK.00119,491,1.284999966621399,1.3049999475479126,-1.5325656498372677,2.053820166223938,17717990.8,22767617.586598255,4.234374137428802,1.506899995803833,1.8700686085224152,-16.55844165897225,-39.00363261124745,-42.49681366518871,-34.405912969863756,-18.92407677216864,0
HK.00120,491,0.05400000140070915,0.04899999871850014,10.204087373417103,1.3770347558293006,235980.0,12742.920330539346,14.989997454239631,0.052339999973773955,0.07672500003129244,1.8867962988045544,-16.923071720896196,-44.897956313291445,-40.65933791519487,-60.8695632221192,1
HK.00122,490,1.3799999952316284,1.4600000381469727,-5.479454851034117,3.58273813651388,4937.5,6813.749976456165,0.3868746816880818,1.4450000095367432,1.4624912214279175,-6.7567582806154425,-4.8275896655250525,-6.122451131085289,-6.122451131085289,-28.865981725339346,0
HK.00123,491,3.009999990463257,3.0199999809265137,-0.3311255141196694,1.326215271772962,15798864.5,47554581.99433029,5.706381674060488,3.583299994468689,4.086074987649917,-16.6204964561818,-34.422660339865416,-34.56521624202762,-25.124377991426655,-36.642359803865574,0
HK.00124,491,0.2070000022649765,0.20200000703334808,2.4752450779880277,0.26488637437064544,521220.35,107892.61363055184,1.5866958636896984,0.1999399995803833,0.2242099992930889,2.9850731884228803,-12.288135165149065,-12.658228166451124,-9.606986757487833,-26.071428077257412,1
HK.00125,490,0.30000001192092896,0.30000001192092896,0.0,0.0,27100.0,8130.000323057175,2.466104055742151,0.29939999878406526,0.3322749997675419,0.0,-3.225803350434739,-23.076917198752763,-14.285709420028917,-22.077917051387566,0
HK.00126,491,0.09399999678134918,0.0949999988079071,-1.0526337253750466,0.5217391304347826,141600.0,13310.399544239044,3.390850917005815,0.10032000109553336,0.12110000032931566,-6.930699496628464,-18.260873846836407,-29.850750418010925,-35.172414147471144,-21.66666759798926,0
HK.00127,491,1.0700000524520874,1.0800000429153442,-0.9259250061011975,0.43174217087260564,239800.0,256586.01257801056,1.6243779841094537,1.0836000299453736,1.1994500070810319,-2.7272700672307866,-9.3220254224934,-17.69230063850332,-14.399995803833008,-18.939393186810072,0
HK.00128,491,0.5149999856948853,0.30000001192092896,71.66665507687509,,95600.0,49233.99863243103,0.09708728874782328,0.30430001139640805,0.30107501178979873,71.66665507687509,71.66665507687509,71.66665507687509,71.66665507687509,71.66665507687509,1
HK.00129,491,0.17800000309944153,0.17000000178813934,4.705883074796728,0.566087735815345,143193.35,25488.416743819416,0.8954723295635431,0.18113999843597411,0.21537999875843525,-1.657453742183888,-8.717943780285657,-22.608695708511007,-28.79999876022339,-44.374997788108836,1
HK.00130,490,0.164000004529953,0.164000004529953,0.0,0.0,30500.0,5002.000138163567,0.2944285530586628,0.18104000091552735,0.1785650012642145,-8.888889992678562,-15.025906015675867,-11.827956644671966,5.8064537217043775,29.133857713392246,0
HK.00131,490,1.3300000429153442,1.3300000429153442,0.0,0.0,58716.6,78093.0805198431,0.7950198772483483,1.3162999868392944,1.2511583024263382,0.0,3.906255675247066,6.360738523595348,16.36047015397503,-4.49034159739476,0
HK.00132,491,0.13699999451637268,0.14000000059604645,-2.142861476358084,0.05038913005686413,53500.0,7329.499706625938,1.0959398024010363,0.16948057264089583,0.19698997721076011,-19.41176877921011,-28.976219789214834,-29.33133628821401,-38.54898725524553,-43.46506903057121,0
HK.00135,491,7.570000171661377,7.590000152587891,-0.2635043547356777,1.3057814663266991,11366602.45,86045182.49770662,2.342746220829953,6.961700010299682,7.321403865814209,8.142859595162529,5.8741268628243555,-6.598416470886696,4.761241410311757,8.592488235228531,0
HK.00136,491,1.2200000286102295,1.2400000095367432,-1.6129016752173695,1.2805146077341296,129318182.95,157768186.8988229,4.164181942187072,1.428199999332428,1.7852000039815903,-17.567566696791175,-19.736839215841286,-44.29223759205515,-46.01769762131049,-58.075601627964616,0
HK.00137,490,0.6600000262260437,0.6499999761581421,1.53846929764635,3.8461538461538463,3100.0,2046.0000813007355,0.11782650746985947,0.6476000010967254,0.6565999990701675,-8.333333333333332,8.196723073504641,1.53846929764635,-4.347821955569661,-5.714280362031807,2
HK.00138,490,0.27000001072883606,0.27000001072883606,0.0,0.0,5282.5,1426.2750566750765,1.0172414147471145,0.32640000283718107,0.543249998986721,-18.181818181818183,-31.64556876070856,-58.46153528732649,-61.97182832552163,-68.60465043747729,0
HK.00139,491,0.11400000005960464,0.11699999868869781,-2.5641014211250326,0.6723318863975241,5768702.0,657632.0283438414,6.939095428130101,0.11654000006616115,0.15723637824878098,6.54205535892754,-10.93750418367543,-39.682538243358046,-21.56365485553877,-61.566194031575314,0
HK.00142,491,4.974999904632568,5.014999866485596,-0.797606439041811,1.499048834080716,2933939.65,14596349.47894771,2.1692436511233906,5.181800022125244,5.564557032585144,-7.784987539922407,-3.585270314926926,-20.699851582011714,-14.32395881209622,-19.0099499791884,0
HK.00144,491,16.18000030517578,16.40999984741211,-1.4015816232478486,0.9680644283264925,3225523.7,52188974.450351715,2.9512906158514745,14.611400032043457,15.08594190120697,6.939855801671041,5.598494853788438,1.4926015990237163,9.905796660192967,8.80094356792264,0
HK.00145,491,0.2240000069141388,0.2160000056028366,3.703704214717449,0.9415865488568372,2429782.0,544271.18479985,5.651026655909081,0.19302000164985655,0.21524499997496604,-3.0303026393503663,17.894741960509727,-1.3215820280703745,-3.448270103593903,21.739133955850935,3
HK.00146,490,1.4500000476837158,1.4500000476837158,0.0,0.0,9550.0,13847.500455379486,1.052368918644621,1.486399986743927,1.6776479923725127,1.3986084524057727,0.6944437545758981,-25.641025014020848,-23.28042017679684,2.155845530155483,0
HK.00147,491,0.19499999284744263,0.19200000166893005,1.5624953918935511,0.8556227518113988,86673275.0,16901288.005064428,15.352446052660044,0.06985999993979931,0.11630999982357025,289.9999798834327,178.57141716747873,29.999990065892934,14.705876939024536,-11.36363913451346,1
HK.00148,491,52.54999923706055,51.29999923706055,2.436647209727374,0.6173553169945547,32095608.55,1686624204.815494,6.886849422133166,61.62580032348633,46.35655820846558,17.456408729534477,-12.255020234827956,45.12954093877147,80.651442804031,78.44791639274673,1
HK.00149,491,0.06300000101327896,0.06300000101327896,0.0,4.2773691857633835,2210470.0,139259.61223982275,3.77163768539278,0.06492000058293343,0.06796500047668814,-4.545452492952992,-4.545452492952992,-11.267607111799316,-13.698627480558578,-16.000001986821413,0
HK.00150,491,0.1469999998807907,0.15299999713897705,-3.921566908747235,0.11138613861386139,65000.0,9554.999992251396,1.3266228326562703,0.15524482786655425,0.1664418538659811,-4.662085422745483,-11.99577115945737,-5.2693283880704875,-17.373807898726533,-2.703740426085489,0
HK.00151,491,3.015000104904175,3.0450000762939453,-0.9852207106110594,0.9863368803164734,12726656.45,38370870.53182939,2.885739811891582,3.274081153869629,4.177687121629715,-7.408931711725194,-25.816916743220713,-37.561332289350055,-33.42544010566158,-43.93608555383491,0
HK.00152,491,5.204999923706055,5.190000057220459,0.2890147653221604,0.5746216169825286,6606204.15,34385292.096736625,2.8490690739556643,5.568899984359741,7.048520743846893,-10.949527621191086,-12.814068565671382,-39.2722827712422,-35.46357929518414,-31.484760398873973,2
HK.00154,491,0.4449999928474426,0.41499999165534973,7.228916095257991,9.93423936869794,169150.0,75271.74879014492,3.8606952667767502,0.4072000014781952,0.5096249984204769,9.87654112039807,-9.183676696627934,-19.090912145031318,-16.03773266618113,-28.225808157260897,2
HK.00156,491,1.0099999904632568,0.9950000047683716,1.5075362435176205,0.28504793988079813,70980.0,71689.79932308197,1.5627936452500608,0.9909000074863434,0.9408249974250793,0.9999990463256836,-2.884612739438744,7.446807768615783,23.17073161867245,27.84809658607993,1
HK.00157,490,0.4449999928474426,0.4449999928474426,0.0,0.0,59000.0,26254.999577999115,1.1971619552271,0.4601000040769577,0.4786000020802021,-4.301077543014524,-2.197806588435245,-11.000001430511475,-9.183676696627934,-19.090912145031318,0
HK.00158,490,59.0,58.0,1.7241379310344827,60.0,400.0,23600.0,0.0847457627118644,57.16999992370606,58.9415870475769,1.7241379310344827,2.065442400172792,-2.050099267197886,-0.9839191415518355,-1.1410852233544746,1
HK.00159,491,0.04500000178813934,0.04899999871850014,-8.163259255046837,0.6629608403788524,1876295.2,84433.28735507726,4.746524008019368,0.06622000008821488,0.08024000056087971,-37.499994825985475,-42.307691205535434,-47.674418302437246,-49.4382011184577,-70.0,0
HK.00160,490,0.699999988079071,0.675000011920929,3.7037001061669086,1.0510308799533992,137005.45,95903.81336676778,1.0314238833892069,0.7154087603092194,0.8984415918588639,1.4814814814814816,-24.428682613749814,-29.666300865943978,-25.224170519731782,-31.748854775862444,1
HK.00162,491,0.03999999910593033,0.03999999910593033,0.0,0.029172510518934082,444975.0,17798.999602161348,11.822125451371127,0.03692000024020672,0.042190000247210264,24.999991268851275,-27.272728504228205,-18.36734662846394,-2.439029265698055,-21.56862773743102,0
HK.00163,491,0.13199999928474426,0.13199999928474426,0.0,0.1746200268216361,173301.6,22875.811076045036,0.6909524253399477,0.14349999994039536,0.1801199996471405,-9.589040257018498,-27.472526392863557,-33.66834238585111,-33.66834238585111,-28.648649954813237,0
HK.00164,491,0.47999998927116394,0.5049999952316284,-4.950496276539116,1.1618411894623197,475422.5,228202.79489926994,5.449602017040552,0.46769999623298647,0.43922499656677244,2.127657550770317,-4.000002145767212,15.662650342845206,35.21126866979135,10.344824515020303,0
HK.00165,491,6.105000019073486,6.144999980926514,-0.6509351013374022,0.6605409620402475,6628734.7,40468425.469933085,4.002556204567041,5.8157000064849855,7.457949903011322,0.3286767592626695,1.2437778881523527,-34.58862159624221,-35.27716325692267,-34.30493406999277,0
HK.00166,491,0.03400000184774399,0.03200000151991844,6.250000727595727,0.003660958622015175,673006.25,22882.213743543252,5.2053915497817504,0.03149999983608723,0.03918000016361475,9.677427107784306,0.0,-24.44444334065477,-19.047613556828285,-30.612239312350926,1
HK.00167,491,5.525000095367432,5.599999904632568,-1.339282331113855,1.3004278361904016,187615.5,1036575.6553924084,2.2842966965096223,6.450300016403198,5.359424998760224,-3.070170521992818,-29.88578661004972,25.854220123028337,60.61046521701704,452.50000953674316,0
HK.00168,491,40.060001373291016,40.400001525878906,-0.8415845043225996,0.833289446384298,3468045.8,138929919.51063612,1.9555399732212313,44.15050643920898,47.05724855422974,-10.779509995780893,-15.695409439041331,-17.576106299502754,-14.439156085580976,-17.576106299502754,0
HK.00169,491,0.08900000154972076,0.09300000220537186,-4.30107587182406,0.2730346456915699,583420.0,51924.38090413809,4.121984491384388,0.09549999997019767,0.10741999991238117,-5.319144045567118,-21.92982324281815,2.298855299615259,-20.535715354834554,-37.587663177364036,0
HK.00171,491,0.05000000074505806,0.04100000113248825,21.951217960914253,31.773851590106005,347900.0,17395.0002592057,6.949905480397059,0.03940000019967556,0.0687249998562038,8.695653582340375,11.111108351636926,-41.17647033042974,-39.759032954098764,-50.0,1
HK.00173,491,2.0399999618530273,2.0299999713897705,0.4926103745908273,0.5904930210675935,730361.55,1489937.534138918,1.9427082549944872,2.0319000005722048,2.2217484629154205,-0.4878044241882981,-6.385882007467572,-25.719226632242293,-3.2948368336726976,-8.4493456655162,1
HK.00174,490,0.1720000058412552,0.1720000058412552,0.0,0.0,27900.0,4798.80016297102,1.3093727130556625,0.20772000014781952,0.21303499929606914,-23.214285476703434,6.1728427993726065,-21.818178739429488,-24.22907167996874,-29.218104800418267,0
HK.00175,491,17.059999465942383,17.56999969482422,-2.9026763673312534,1.3533846771113192,43705469.35,745615283.7697612,3.3842590974315656,18.433399848937988,18.32111182689667,-12.197636654704917,-7.395230235009495,1.8706257666475705,-3.7826326330525886,-12.354542847128307,0
HK.00176,490,0.013000000268220901,0.013000000268220901,0.0,,0.0,0.0,0.0,0.013000000268220901,0.013000000268220901,0.0,0.0,0.0,0.0,0.0,0
HK.00177,491,9.739999771118164,9.720000267028809,0.20575620925850943,0.4731092228359004,4242165.0,41318686.12904549,1.7517893550052102,9.658199977874755,9.651091322898864,1.0373384256638103,-5.219364774589128,1.9267940803571713,6.138649627610122,6.029121353368253,2
HK.00178,491,0.9449999928474426,0.9399999976158142,0.5319143876925793,0.8959298428235786,4268833.45,4034047.579716924,3.081047782007303,0.8764497017860413,0.7127247041463852,6.911047905643238,17.602148731089287,72.34798871150807,66.60304609536844,66.10189432695101,1
HK.00179,491,18.540000915527344,18.959999084472656,-2.2151803229213822,0.5961290370441902,3765616.95,69814541.70052528,4.056182908256732,19.499088325500487,24.653332204818724,-7.299995422363281,-27.84301976253366,-31.63255574095784,-38.689842368376134,-29.976052837344724,0
HK.00180,490,0.19599999487400055,0.19599999487400055,0.0,0.0,2500.0,489.9999871850014,0.3823651336746093,0.19501999795436858,0.19805500008165836,-3.9215693435775414,-3.9215693435775414,-14.410483389760365,2.0833297761985303,-15.517241157830536,0
HK.00181,490,0.0820000022649765,0.0820000022649765,0.0,0.0,78500.0,6437.000177800655,0.5398770776868398,0.10018000096082687,0.1123700000718236,-17.99999895691873,-31.09243665910965,-37.878785826286325,-11.827956644671966,-13.68420705900954,0
HK.00182,491,0.33000001311302185,0.3149999976158142,4.76190971769537,1.0871149709738428,13378128.65,4414782.629927694,6.335613979411936,0.3414548146724701,0.33788917876780034,-13.157890196322017,-23.571792713695654,9.004159556712969,3.8946015629185577,-18.911536240102915,1
HK.00183,491,0.1379999965429306,0.13899999856948853,-0.71942592579093,2.2222222222222223,6800.0,938.3999764919281,0.5405406221758272,0.14409999817609787,0.1576449990272522,-1.428574317572056,-6.122451255209958,-19.29824943602156,-19.76744659514976,-29.949239231414737,0
HK.00184,491,2.4100000858306885,2.359999895095825,2.1186522439583872,0.22099447513812154,36200.0,87242.00310707092,0.5006055059821563,2.338399977684021,2.223059409856796,2.9914604371353866,7.96191187820243,3.074742159500287,18.14699599973117,-9.422989487508184,3
HK.00185,491,0.08500000089406967,0.08799999952316284,-3.409089369714744,0.0187921531485313,53263.7,4527.414547621459,10.20466050133549,0.06884000018239021,0.09515499953180552,57.40740498009211,11.842110035863763,-25.438595745940688,-18.269231595848424,-36.5671650919624,0
HK.00186,490,0.3700000047683716,0.38999998569488525,-5.1282004256688785,0.0,194305.0,71892.85092651844,7.312910119313424,0.2337999977171421,0.17625000152736903,100.0,140.25974465795787,134.17720743009588,134.17720743009588,89.74359914866224,0
HK.00187,491,2.819999933242798,2.865000009536743,-1.5706832860088404,0.14122713798310868,2768840.0,7808128.615159988,3.532990106233766,2.98260000705719,3.9239500224590302,-8.73786370311593,-19.65812134174369,-34.87297960898912,-31.219512223488234,-46.285715557280035,0
HK.00188,490,0.2199999988079071,0.2199999988079071,0.0,0.0,34150.0,7512.999959290028,0.02272731890855767,0.23447999984025955,0.2424411491304636,-6.3829789932306245,-10.204083866896262,-18.28570985794041,-8.479997877502381,-16.374262579814026,0
HK.00189,491,13.359999656677246,13.449999809265137,-0.6691461253842793,0.6176640761792821,30406439.95,406230027.2927773,6.601320022099327,14.127600002288819,12.792814240455627,0.9063435621868414,-20.940812221311493,5.208597125079269,25.35904661451671,6.692728202436428,0
HK.00191,490,0.5,0.5,0.0,0.0,102200.0,51100.0,2.496018327617328,0.5799999970197678,0.6590249986946582,-11.504424405327622,-32.432433303208825,-27.536231633670887,-30.555558315029742,-16.66666997803569,0
HK.00193,491,0.1940000057220459,0.19599999487400055,-1.0204026552349417,0.31837163520978035,9572.95,1857.1523547768595,0.7190050645624363,0.19625999927520751,0.20326999954879285,-0.5128139292697637,-4.433491968310587,-8.490562258071387,7.18232699175019,-9.767440699963668,0
HK.00194,490,4.199999809265137,4.214616775512695,-0.3468160220991975,2.4329666987683107,18929.0,79501.79638957977,0.18533540890244377,4.2181252670288085,4.290634398460388,-0.9195387558953914,-2.0454594740971523,-3.794644831960836,0.7556065940645275,-1.4636742838080052,0
HK.00196,491,0.10199999809265137,0.10499999672174454,-2.857141640721497,1.1477447181811535,2129300.0,217188.59593868256,6.394702074054156,0.12809999912977219,0.17230499908328056,-20.31250527506902,-42.045455315142625,-48.74371979706865,-40.3508796390538,-59.20000076293945,0
HK.00197,491,0.45500001311302185,0.4950000047683716,-8.080806317177142,0.05129030638434871,1859511.25,846077.6431338117,6.987150457205013,0.33670000195503236,0.30438999995589255,46.774196649565255,62.50000399138245,51.66666501098216,56.896560760514184,24.657534582124093,0
HK.00199,491,2.5250000953674316,2.515000104904175,0.39761391833571513,0.6311905119765236,3504358.7,8848506.05170169,6.50383813484146,2.469900007247925,1.5131750002503395,-7.5091546620438505,6.991534220593971,174.45652712636488,140.47621047956426,1131.707374337598,1
HK.00200,491,3.0899999141693115,3.015000104904175,2.4875557763047054,1.0372836342773375,3344429.45,10334286.713445319,3.3270452649634312,3.348500018119812,4.019025001525879,-13.445378936953645,-19.7402599815334,-34.9473702280145,-28.139540067293918,-36.15702857949033,1
HK.00201,491,0.06800000369548798,0.06199999898672104,9.677427107784306,0.10450739821375721,1690728.7,114969.55784806758,2.5523120826838914,0.06544000044465065,0.06887500040233135,4.615394138020521,-2.85713799145759,-2.85713799145759,-2.85713799145759,-4.225350043480957,1
HK.00202,491,0.054999999701976776,0.04500000178813934,22.22221670327385,0.15691402419091205,698000.0,38389.99979197979,8.736361119338667,0.05198000013828277,0.08980000050738454,9.999997764825855,-23.611108236658595,-54.1666658905645,-56.34920728780304,-71.0526313725601,1
HK.00205,491,0.5049999952316284,0.5550000071525574,-9.00901104082059,1.1829726566281495,571250.0,288481.24727606773,8.488850981860429,0.6152000010013581,0.6908499997854233,-14.406776664517867,-32.66666730244954,-39.88095107160994,-27.857142309753254,60.31746001710937,0
HK.00206,491,0.23899999260902405,0.2409999966621399,-0.8298772119568403,0.2972280456557186,1059250.0,253160.74217110872,6.5127548278733185,0.25461999952793124,0.35783999755978585,-6.274510949724066,-39.493674400658335,-52.20000147819519,-8.076922547887749,-6.274510949724066,0
HK.00209,491,0.42500001192092896,0.4000000059604645,6.2500013969838415,0.16222334655804674,16280122.45,6919052.235324183,41.58701915904224,4.553200001716614,3.496657487154007,-92.27272705598311,-91.9811321391292,-87.5,-72.75640849295917,-91.76755409642612,2
HK.00210,491,0.30000001192092896,0.3050000071525574,-1.6393426604503258,0.021795989537925022,459300.0,137790.00547528267,4.006197043171321,0.33060000240802767,0.37061184749007225,-10.447759866236506,-17.748917395198674,-19.831222620584114,-21.810697990245068,-34.02777322656136,0
HK.00211,490,0.25999999046325684,0.25999999046325684,0.0,1.4298058572307768,7050.4,1833.1039327621459,0.48076878990645744,0.2563799929618835,0.25700999520719053,4.838707545359315,3.9999961853027344,0.0,-7.1428609441737585,-5.454550971669479,0
HK.00212,490,28.600000381469727,28.559999465942383,0.14005923065595496,4.166666666666667,725.0,20735.00027656555,0.3328199987824884,28.388000106811525,28.532702589035033,0.2805046368233042,-0.34843337564944554,-1.9820628388956616,-0.3484267529913641,16.779179516646323,3
HK.00213,490,0.3230000138282776,0.3374626934528351,-4.285712140971473,6.034128319879791,22003.85,7107.243854275345,0.43816589150521545,0.3379447823762894,0.3553723154962063,-1.4705844919255218,-14.102560038194667,-15.189873318668393,-4.285712140971473,-13.001302321638766,0
HK.00214,490,0.21699999272823334,0.21699999272823334,0.0,0.0,4400.0,954.7999680042267,0.12500025145709143,0.19655999779701233,0.25203499920666217,16.666659990519335,-14.901962044696473,-16.538461273943874,-23.859650718868625,-31.111112898199238,0
HK.00215,491,1.1549999713897705,1.1549999713897705,0.0,0.7274937740592661,2392606.6,2763460.554546976,1.2393958985933848,1.1399999856948853,1.120225149989128,-0.8583683082144515,1.31578823536055,4.993236392079248,4.088122576962706,11.100711932220696,0
HK.00216,490,0.45500001311302185,0.4699999988079071,-3.191486326155476,1.917808219178082,16000.0,7280.00020980835,0.45665727441546794,0.49049999117851256,0.5790250021219253,-5.2083284826948155,-25.409835665112578,-26.612901675217373,-20.1754352942948,-25.409835665112578,0
HK.00217,491,0.11400000005960464,0.11400000005960464,0.0,0.07385218767013833,458479.05,52266.61172732748,3.9782373718215114,0.11996149733662605,0.1309628165885806,-2.5641014211250326,-2.2780198271729426,-11.902157221913928,-7.707021345436376,-28.65695769491342,0
HK.00218,491,0.9750000238418579,1.0,-2.499997615814209,0.8926673751328374,709000.0,691275.0169038773,4.816447110549676,0.9459999990463257,1.1527999964356423,-5.33980088113028,8.33333885228207,-25.572514013007098,-29.85611267078982,-53.79146576698866,0
HK.00219,490,0.6949999928474426,0.6949999928474426,0.0,0.0,3606.9,2506.795474201441,0.0,0.7087000083923339,0.6748250079154968,-4.794524015282304,-4.794524015282304,-0.7142850452539758,13.934422385080783,15.833327538437544,0
HK.00220,491,7.485000133514404,7.385000228881836,1.3540948074920962,0.9114992665654815,7148106.7,53503579.60387521,2.7941525413552744,7.494899997711181,7.445313420295715,1.9754765383130202,-4.089976813715175,2.778261024144589,-0.2821378467596297,-15.397264954869547,1
HK.00222,491,2.809999942779541,2.799999952316284,0.3571425226269879,1.8639328984156571,116500.0,327364.9933338165,2.953595731988818,3.0872626876831055,2.967108186483383,-7.5657901960396785,22.49984201607445,-13.02881547341098,-20.034827543884013,-8.90043792894246,1
HK.00223,491,0.07800000160932541,0.07000000029802322,11.428573253203405,0.8854220633053586,462350.05,36063.30464407168,4.858128060852587,0.08512000024318694,0.11484999988228083,-7.142853975093241,-36.585366296881645,-39.999996561270365,-44.2857133733983,-28.440363774264625,1
HK.00224,490,0.574999988079071,0.5899999737739563,-2.5423705697709273,0.0,12800.0,7359.999847412109,0.7391302635178414,0.5398000013828278,0.5557249993085861,2.6785688626827135,10.57692484037417,-5.737709082829153,6.481475042708381,-11.538460127700665,0
HK.00225,491,5.099999904632568,5.25,-2.8571446736653643,51.741979993101076,4159.6,21213.959603309635,0.1566080096944169,5.300900049209595,5.460400364398956,-5.0279327128589575,-5.698011802081658,-8.223952784843853,-9.516580276251927,-1.4699532631803534,0
HK.00227,491,0.16099999845027924,0.164000004529953,-1.829271949273541,0.04790419161676647,157400.0,25341.39975607395,2.104598580639682,0.16660000026226043,0.21981999918818473,-2.4242472407791844,-17.85714149952974,-36.86274452513797,-35.600000619888306,-65.00000097181484,0
HK.00228,491,0.8550000190734863,0.8500000238418579,0.5882347166332156,0.16618256273510784,317232.5,271233.79355072975,3.2591730961677383,1.1240000104904175,1.4559500020742417,-25.65217071309651,-40.62500103480282,-54.999998431456696,-44.838706749907054,-33.203122016857314,1
HK.00229,490,0.7699999809265137,0.7699999809265137,0.0,0.0,31950.0,24601.49939060211,0.4851445344666941,0.8093999946117401,0.8699849838018417,-1.9108337322794828,-13.48314681990463,-17.881266529005998,-13.418290507908662,-4.417815689012388,0
HK.00232,491,0.4699999988079071,0.4749999940395355,-1.0526305882884401,0.7645673296308271,30638533.95,14400110.91997602,1.5163263872128876,0.4359999990463257,0.23803746312856675,4.444446946367871,114.05940994539989,193.67905734183537,188.4034023759941,156.1881361824343,0
HK.00234,491,0.028999999165534973,0.02800000086426735,3.5714223942892365,3.4439729434360102,1968902.5,57098.17085701972,6.862340167138499,0.028500000089406965,0.03229000021703541,0.0,-14.705889442593609,-14.705889442593609,-17.142859879805105,-19.444443294663436,1
HK.00235,491,0.019999999552965164,0.019999999552965164,0.0,3.2761570105221853,5897746.05,117954.91836350206,5.166667614250449,0.020279999598860742,0.025644999956712128,-9.090910630285256,-4.761905606641802,-28.571432372745086,-33.33333333333333,-33.33333333333333,0
HK.00236,490,1.0800000429153442,1.0800000429153442,0.0,0.0,37900.0,40932.00162649155,1.2886514092809298,1.1091999864578248,1.167398841381073,3.846161781683767,-9.243698236624217,-3.11506187689726,-7.841158823273307,-5.537196442074014,0
HK.00237,491,2.0899999141693115,2.180000066757202,-4.128447239993338,3.47717740124454,15704.3,32821.98565208912,0.3746662581263873,2.134020791053772,2.09070321559906,-5.415574064381236,-2.8360030051126377,-2.8360030051126377,6.34865858804942,5.241866984413783,0
HK.00239,491,2.5999999046325684,2.5999999046325684,0.0,5.209302325581396,47425.0,123304.99547719955,1.1073595820084787,2.391694769859314,2.332599654197693,9.47368019505551,11.027263768795274,14.29276023263962,14.29276023263962,17.118331379068223,0
HK.00240,491,1.4700000286102295,1.4550000429153442,1.0309268214748768,1.0616072461499724,362867.5,533415.2353817225,1.6291727738326185,1.4327000045776368,1.480282899737358,-1.0101000370632516,-8.695651208134308,-6.1228190620270935,11.727078775345673,36.309907805065485,2
HK.00241,491,3.055000066757202,3.069999933242798,-0.4885950101553115,0.7332632968381076,82255658.75,251291042.97240764,3.015513142119201,3.198231453895569,4.403523070812225,-9.776355384412705,-12.912472324683119,-46.779842992716155,-37.48419736057379,-40.88795855476823,0
HK.00242,491,0.5,0.48500001430511475,3.092780464424631,0.8125795439194166,2048463.95,1024231.975,3.92321385969573,0.4987999999523163,0.6014000022411347,0.0,-13.793100967701989,-25.37313618726889,-24.242427252759718,-34.210525490240364,2
HK.00243,491,0.44999998807907104,0.5,-10.000002384185791,1.9610241290958899,203107.2,91398.2375787735,3.886002039311913,0.4535999995470047,0.437749999165535,-2.1739174096029172,-32.835824347785085,5.882347166332156,24.999991721577445,11.111107840623067,0
HK.00244,491,0.3400000035762787,0.30000001192092896,13.33333002196431,2.209249484391932,317670.0,108007.80113607645,4.275989143928532,0.28329999804496764,0.3150550012290478,30.769236941309597,15.25424362359079,-4.225348210765052,6.250003492459733,-9.333332379659016,1
HK.00245,491,0.9900000095367432,1.034999966621399,-4.347822080763087,0.22544828819211968,192331.1,190407.7908342123,1.961390009956242,1.0116999864578247,1.0483749935030937,-0.9999990463256836,0.0,-6.603767643538114,-9.174313832990853,2.0618536429497536,0
HK.00247,490,19.350000381469727,19.350000381469727,0.0,,0.0,0.0,0.0,19.350000381469727,19.63231161117554,0.0,0.0,-6.249995379484765,-2.985074484136464,-0.3622032612534537,0
HK.00248,490,0.21199999749660492,0.21199999749660492,0.0,0.0,47695.5,10111.44588059932,0.9317493214314793,0.23517999798059464,0.27871820852160456,-11.666665735344072,-29.33333697583926,-33.749999301508055,-41.44843189918799,-16.608321537113397,0
HK.00251,490,1.2400000095367432,1.2400000095367432,0.0,0.0,3500.0,4340.000033378601,0.040322541880434236,1.2466000032424926,1.296016014814377,3.3333300219643105,-1.5873000855468575,-8.650359009667266,-1.5689914910368217,1.633682056444994,0
HK.00252,490,1.6200000047683716,1.6200000047683716,0.0,0.0,1600.0,2592.0000076293945,0.0,1.5860291337966919,1.5746891403198242,3.124996917149912,3.124996917149912,3.124996917149912,3.124996917149912,4.4303785309158465,0
HK.00253,490,0.6200000047683716,0.6200000047683716,0.0,0.0,0.0,0.0,0.0,0.6349999928474426,0.6314999988675117,-3.124997089616889,-7.462688160516194,-4.61538038310199,8.77193202602569,3.3333300219643105,0
HK.00254,491,0.2150000035762787,0.2290000021457672,-6.1135364359416,0.6824537664823325,7150759.15,1537413.2428231076,10.926406812860604,0.17285999953746795,0.5323150023818016,48.275868801951745,-78.49999964237213,-67.4242431768263,-64.16666749450893,-42.666665712992355,0
HK.00255,491,1.475000023841858,1.4950000047683716,-1.3377913620550372,0.9302325581395349,13500.0,19912.50032186508,0.4568740076680952,1.4574000096321107,1.4554013013839722,2.4305531410156433,5.357146354354217,7.300413828030691,-3.104468368924822,6.7111011758301515,0
HK.00256,491,0.09300000220537186,0.09399999678134918,-1.0638240534235182,0.3529450937302301,2744100.0,255201.3060517609,7.454002578546266,0.08136000022292138,0.12307000022381544,22.368427889210256,-2.105259608033577,-42.23602291891167,-53.266330774027715,-74.16666708058779,0
HK.00257,491,4.925000190734863,4.980000019073486,-1.104414219437204,0.8941111324359672,7194885.35,35434811.72106547,2.636827440513968,4.926499948501587,5.006072180271149,-2.1847002981297754,-3.9960997881653295,-3.072984063613787,4.136461706652541,21.60184475943413,0
HK.00258,491,2.1700000762939453,2.1700000762939453,0.0,0.2375599638266801,602588.1,1307616.2229738235,2.4375369300477305,2.13949999332428,2.3029612255096437,-1.1389456815116543,0.9302316297384027,-15.222803229485077,-4.317851387193727,-29.481965589371086,0
HK.00259,491,3.109999895095825,3.075000047683716,1.1382064022559437,0.740380458279291,356780.0,1109585.7625722885,3.9266328519030376,3.4498000001907347,3.709100000858307,-3.7151740950169634,-32.82937757613071,-9.06433258136208,-20.051418734539183,-16.539346736951064,1
HK.00261,491,0.26499998569488525,0.26499998569488525,0.0,3.3691503011274797,457900.3,121343.57294968366,4.157361632013617,0.2120999988913536,0.2416999988257885,9.053491734516008,38.74344826757618,-3.6363709268489552,10.416663174206933,-11.666674945089223,0
HK.00262,491,0.08100000023841858,0.08100000023841858,0.0,5.47945205479452,23250.0,1883.250005543232,0.3094132881369037,0.07957999974489212,0.08622000008821487,3.846152009225729,-2.409634552598453,-4.705883074796728,-19.000000968575463,19.117640935941886,0
HK.00264,491,1.8899999856948853,1.8799999952316284,0.5319143876925793,0.7870011473223976,6108600.0,11545253.912615776,7.375718055334506,1.9774000096321105,2.0500500065088274,-16.371681696004284,-20.25316130979327,-12.50000413921128,-18.884118129554,-6.8965511166504605,1
HK.00265,490,1.3300000429153442,1.3300000429153442,0.0,0.0,735.0,977.550031542778,0.0,1.4495999789237977,1.6321999841928483,-4.999995316777831,-13.636358710359813,-20.833328307147852,-29.99999686291339,51.136369332055445,0
HK.00266,490,1.9199999570846558,1.9199999570846558,0.0,,0.0,0.0,0.0,1.8979999780654908,1.9642061376571656,0.0,2.6737942346945314,-6.796115999206506,-5.88235328491722,-0.26529247780462023,0
HK.00267,491,13.5,13.289999961853027,1.5801357317512914,2.078133675010471,15707708.85,212054069.475,2.417352578020954,11.899019470214844,11.952057218551635,12.312807702768449,8.34848381287379,13.150392247844525,13.424584037841269,23.496463902492433,4
HK.00268,491,8.130000114440918,8.84000015258789,-8.031674501036312,0.7996412764686095,68803622.85,559373461.6444497,5.620302821093963,7.5547999668121335,10.08229998588562,-7.455887812725935,-6.336407504581591,-24.791861250184937,-42.54416725358639,-49.628250174190335,0
HK.00269,491,0.009999999776482582,0.009999999776482582,0.0,0.27009646302250806,391500.0,3914.999912492931,0.0,0.009999999776482582,0.009999999776482582,0.0,0.0,0.0,0.0,-9.090910630285256,0
HK.00270,491,8.770000457763672,8.8100004196167,-0.45402905729677184,1.3862162728751009,7213326.2,63260874.075998686,1.8429438542701924,8.074075050354004,7.608346493244171,5.218961219266029,7.1143846417089085,16.70048218200683,31.54396958013912,35.06646866931282,0
HK.00271,490,0.15299999713897705,0.1550000011920929,-1.2903251856348192,0.5764856190209093,26412.8,4041.158324432373,2.483671847603945,0.15644000202417374,0.17509500086307525,-2.5477757787232687,-12.571428717399133,-12.068964631322139,-16.84782780347733,-6.707321394596002,0
HK.00272,491,0.48500001430511475,0.48500001430511475,0.0,1.0051418263741125,14971062.8,7260965.672162771,3.88554997096935,0.4702000015974045,0.5832499983906746,1.041671905356266,-1.020407170268328,-29.71014261145572,-29.71014261145572,-40.85365627614745,0
HK.00274,490,0.49000000953674316,0.49000000953674316,0.0,,0.0,0.0,0.0,0.49000000953674316,0.49000000953674316,0.0,0.0,0.0,0.0,0.0,0
HK.00276,491,0.5299999713897705,0.5249999761581421,0.9523800873701953,5.5238351256938225,43749.4,23187.180748319628,2.072691010741211,0.5333000004291535,0.6215749979019165,-1.8518610500991368,-3.6363709268489552,-24.285717083483373,-22.05882855662007,-15.87301977757817,1
HK.00277,490,1.1360000371932983,1.1360000371932983,0.0,,0.0,0.0,0.0,1.2715297508239747,1.4395330131053925,0.0,-25.806449101385674,-30.7228870117013,-21.768710387004166,-35.47202993834419,0
HK.00279,491,0.38499999046325684,0.3799999952316284,1.31578823536055,0.09479278690490649,2297437.3,884513.3385899304,5.19662773520167,0.3875999963283539,0.531824999153614,1.31578823536055,-21.428574904060852,-36.88524894514438,-33.62068938939664,-54.70588474537668,1
HK.00280,491,0.6150000095367432,0.6349999904632568,-3.14960334281626,2.158252284834563,1128850.0,694242.7607655525,1.8324351402166383,0.6105999970436096,0.537767301350832,-0.8064508376086847,20.588239419006634,11.818181128541315,23.000001907348633,28.05113711602144,0
HK.00285,491,25.799999237060547,26.81999969482422,-3.8031337411257082,1.2708846568769865,12099599.8,312169665.60873795,4.013639873724736,23.329999923706055,28.919892482757568,4.7077917051387566,-11.748986295828725,-22.16567294326069,-26.357424356819827,-34.22506428634017,0
HK.00286,490,1.309999942779541,1.309999942779541,0.0,,0.0,0.0,0.0,1.309999942779541,1.309999942779541,0.0,0.0,0.0,0.0,0.0,0
HK.00287,490,4.355000019073486,4.355000019073486,0.0,0.0,100.0,435.50000190734863,0.0,4.359400119781494,4.212100026607513,-0.11468152036242248,-0.11468152036242248,6.74019854190674,6.74019854190674,4.4421342059737565,0
HK.00288,491,7.460000038146973,7.53000020980835,-0.9296171276356254,1.6527713741358512,40897581.9,305095962.53411895,2.841825016874153,8.177199983596802,8.76252466917038,-9.848937981317434,-18.380746630968225,-21.733935018483987,-10.488815989575,-0.019644898959778955,0
HK.00289,491,13.050000190734863,13.029999732971191,0.15349545797044487,1.5297450424929178,18400.0,240120.00350952148,0.9461616990511913,13.288400058746339,13.414347190856933,-3.9735096084616104,-8.324622310762791,-2.4730056556592013,-0.3528523695687824,13.54448553722077,1
HK.00290,491,1.75,1.7200000286102295,1.7441843541136839,1.4074830713794344,34849935.0,60987386.25,6.172636618804179,1.8412999939918517,3.553625013232231,2.639293604222512,-71.54471588840771,-40.87837914030772,-33.9622665274902,-1.6853916782002771,4
HK.00291,491,18.610000610351562,18.690000534057617,-0.42803596265433935,0.7663313509588981,13755367.4,255987395.70961,2.719824552147048,21.61766170501709,24.113899793624878,-15.544707638577398,-22.08363236411292,-26.7065938074471,-26.320842562735834,-30.02710132049911,0
HK.00293,491,13.880000114440918,14.039999961853027,-1.1396000558891188,39.78895984785433,28578182.4,396665174.9825134,1.7342844375756012,13.736756591796874,12.201308979988099,-4.479481632680117,6.694616187454004,16.32085335321375,18.254939850938133,42.088394267937836,0
HK.00294,491,1.0049999952316284,0.9850000143051147,2.030454886909114,1.8620689655172413,21300.0,21406.499898433685,1.5175475821158433,0.9213000011444091,0.8498749959468842,6.914893380923203,21.08433920960936,32.236843137199536,21.08433920960936,7.92663567936593,1
HK.00295,491,0.01600000075995922,0.017000000923871994,-5.882353585690328,0.07282142568168946,3005000.0,48080.00228367746,5.995096592503659,0.01642000038176775,0.019345000251196325,0.0,-19.999994412064428,0.0,6.66667411724743,0.0,0
HK.00296,490,0.1809999942779541,0.18799999356269836,-3.72340400235692,3.9707854343778886,92061.0,16663.040473222733,1.8152856696234934,0.1950399997830391,0.2264449992775917,-5.729170466333388,-15.813957550127158,-27.309238654186952,-19.555555967637062,-31.698111679766942,0
HK.00297,491,1.3350000381469727,1.350000023841858,-1.1111100318500724,0.6657463795993878,23125908.75,30873089.06343341,3.10425171894994,1.291199984550476,1.4623082447052003,3.8910562509224804,-10.933984942720398,-14.735584800344018,-9.784746547947773,-1.52560329108795,0
HK.00298,490,0.09300000220537186,0.09300000220537186,0.0,0.5315608196184601,42487.55,3951.342243700847,0.977065140981785,0.09827999979257583,0.10922000017017126,-7.920793101736347,-15.45454299154359,-21.848739443184943,-12.264147826830792,-30.07518700116823,0
HK.00299,490,0.10599999874830246,0.10599999874830246,0.0,,0.0,0.0,0.0,0.10599999874830246,0.10599999874830246,0.0,0.0,0.0,0.0,0.0,0
HK.00300,472,99.94999694824219,100.4000015258789,-0.4482117239019428,1.0912774282977025,4091817.05,408977101.6602653,1.7094792809581574,93.68700012207032,85.89988010406495,2.4602704473632797,17.691650503578636,12.404966716042331,17.691650503578636,30.378517944026186,0
HK.00301,491,7.309999942779541,7.224999904632568,1.1764711317500756,0.8318313533640653,1033410.75,7554232.523367763,5.3435437485984805,6.067900009155274,2.7342250037193296,6.715329117535907,274.87178277060235,387.3333295186361,445.522370200881,441.4814676800221,6
HK.00302,491,0.1979999989271164,0.1979999989271164,0.0,0.624166707816898,705100.0,139609.79924350977,6.7706822428881654,0.1918800014257431,0.28393500052392484,-13.15789525281029,-13.913045506396193,-45.00000248352677,-51.70731691361041,-60.40000021457672,0
HK.00303,491,50.349998474121094,50.29999923706055,0.09940206325829908,0.6731871592730424,597207.25,30069384.126234055,1.8493461526656123,50.76025581359863,55.68569688796997,-5.357147082606336,0.2878033035606826,-16.67551533664949,-13.56184945205641,-12.088728179036224,1
HK.00305,491,0.3799999952316284,0.39500001072883606,-3.797472174628627,2.180564836633489,759200.0,288495.9963798523,3.2644862078964096,0.3892999988794327,0.4454651270806789,-8.433734247587214,-8.145997238908738,-24.35552585573338,-17.035098907401107,-38.7639981592725,0
HK.00306,491,2.7200000286102295,2.7300000190734863,-0.366300014409914,0.6077348066298343,37300.0,101456.00106716156,0.5549631869102315,2.661619529724121,2.531603124141693,3.3722988867040846,15.658347367571604,0.7879984921343711,-0.6315556044865717,20.885380364076852,0
HK.00308,491,1.1549999713897705,1.1449999809265137,0.8733616270600302,0.9677251142097137,6900354.0,7969908.6725792885,2.108591643591462,1.1278999829292298,1.2240192943811417,-2.94118354182603,-3.7500062088169175,-16.81250259187071,-14.36581322162496,-9.347951421161746,1
HK.00309,490,0.9300000071525574,0.9300000071525574,0.0,0.0,5853.75,5443.987541869283,1.4189547844078083,0.9885999953746796,1.3231500002741814,-6.999999284744263,-10.576919109158116,-37.16216248870331,-44.64285498877765,-52.55102096672406,0
HK.00311,491,0.3199999928474426,0.3199999928474426,0.0,0.3702332469455757,27510.0,8803.199803233147,0.7544640472054215,0.2723199999332428,0.24653999954462053,16.36363124059263,14.285711244660995,35.021092058932396,45.45454299154359,78.77094060538838,0
HK.00312,491,0.04899999871850014,0.04899999871850014,0.0,0.06342494714587738,185800.0,9104.199761897326,5.547382691485405,0.054499999731779096,0.06490500010550022,-2.0000040233134624,-23.437505638866885,-45.555559142872,-39.50617459966467,-52.42718576525347,0
HK.00313,490,0.0689999982714653,0.07000000029802322,-1.428574317572056,0.0,45366.65,3130.2987715821714,0.39050204634709684,0.060340000316500664,0.07879999991506338,16.94914890376704,1.4705801788708996,-21.590910630285258,-17.857143807472028,-8.00000596046424,0
HK.00314,491,1.5099999904632568,1.5499999523162842,-2.580642779585401,0.8776254778802706,861148.25,1300333.8492874503,4.698107939621131,1.4151000046730042,1.9230250054597855,2.0270250677801456,14.393934125852311,-36.554625300176994,-39.60000038146973,-73.03571399681422,0
HK.00315,491,4.840000152587891,4.795000076293945,0.9384791569956733,1.3651234131791548,337042.5,1631285.7514286041,1.1881904439451074,4.780300025939941,4.832161686420441,-1.1235920031242332,-3.393214940668516,-2.9626915262993716,5.243427013888622,8.878422718828368,1
HK.00316,491,148.8000030517578,153.6999969482422,-3.188024719437325,0.77748090316411,1446559.8,215248102.65455016,4.046818512560963,146.0379995727539,136.05480487823488,2.620691759832974,3.261621616355727,7.286522883887829,19.873674681881855,7.701488917415131,0
HK.00317,491,12.3100004196167,12.369999885559082,-0.48504014953490066,0.9945031143762644,2117874.1,26071031.05969534,2.861022553642866,12.054800033569336,14.011369647979736,1.5676611868949097,-13.55336645029957,-23.240017136044592,-5.52169408444292,-23.968886075707793,0
HK.00318,490,0.8899999856948853,0.8899999856948853,0.0,,0.0,0.0,0.0,0.8911999893188477,0.7059999950230121,0.0,27.142857264499277,36.923079744598674,39.062500873114935,106.97673741645472,0
HK.00320,490,0.44999998807907104,0.44999998807907104,0.0,0.25580293699668405,212800.0,95759.99746322632,1.0965804295963733,0.4639999997615814,0.478900002092123,-1.0989065691980104,-4.255321442460307,-7.2165000399412556,-10.000002384185791,-25.936691898085474,0
HK.00321,491,0.9800000190734863,0.9549999833106995,2.617804837662846,1.541069862613271,1814600.0,1778308.0346107483,2.548556268076469,1.0329141485691071,1.0680028998851776,-6.860320096003422,-8.09668586974846,-16.249397785398784,0.8259714045168753,34.7120523645583,1
HK.00322,491,12.539999961853027,12.359999656677246,1.456313189123267,0.4836378068921872,23365265.6,293000429.73268586,3.2030136426396045,11.80480001449585,11.450080738067626,9.807354449007569,9.64927290705922,3.8738464314282863,16.20387996019647,22.14967905983021,1
HK.00323,491,1.715000033378601,1.7400000095367432,-1.4367802310988533,1.5064490273059417,3654330.6,6267177.100976444,2.690982131840928,1.6869000029563903,2.2954249972105027,-0.2906973923522806,-12.5,-32.48031263246781,-34.29118381954435,-26.709397594682493,0
HK.00325,404,73.25,72.4000015258789,1.174031016860224,0.5333515593077814,1819418.35,133272394.1375,5.957899861922717,57.219400024414064,63.351150054931644,35.89981062399528,32.81957928075078,5.31990910983673,8.357990611555802,-37.659574468085104,1
HK.00326,491,6.239999771118164,6.369999885559082,-2.040818159755871,0.8877824996727237,2386865.75,14894041.733689785,7.534010690594386,7.0066000270843505,5.35429999768734,-30.39598812146268,7.586199412306444,54.45544133758018,111.52541255101653,198.56459461139767,0
HK.00327,491,4.034999847412109,4.050000190734863,-0.37037883003240374,0.6952781800660206,1597944.25,6447704.804923058,3.7862936250609915,3.7946000051498414,4.342200009822846,3.461532019064194,8.467736999441959,-16.112268286630886,-21.345033968837345,-38.94418564413355,0
HK.00328,491,0.4749999940395355,0.4399999976158142,7.954544684857372,0.7704714189564031,11408715.9,5419139.984498754,5.767051458411239,0.4594999998807907,1.276540245115757,18.749996740371035,-29.104480267526988,-46.62921329502384,-82.85198565666933,-81.39696745342506,2
HK.00329,491,0.1509999930858612,0.15299999713897705,-1.3071922160228198,0.14450710433051664,248203.0,37478.65128389001,8.262431898807412,0.17811999946832657,0.27592999942600727,-20.526318431230827,-48.813559390525306,-51.29032518563482,-50.4918067066363,-52.812501105945586,0
HK.00330,491,0.5099999904632568,0.5,1.9999980926513672,0.36392242491550963,64909.85,33104.02288097143,2.3139806850749007,0.4931999975442886,0.798699997663498,5.154634107374385,0.0,-50.48543644373912,-56.779659903963775,-69.2771083904742,1
HK.00331,491,5.099999904632568,5.099999904632568,0.0,0.9184692285096016,64698.55,329962.59882986546,0.7669268489601501,5.177899980545044,5.436305069923401,-2.4856618349295525,-6.250002739184015,-9.424712837433006,-7.028538928190538,-9.307841390147715,0
HK.00332,491,0.16500000655651093,0.17100000381469727,-3.508770248150513,2.66557505021753,45411.5,7492.897797740996,1.753278785896359,0.19469999969005586,0.3184750021994114,-10.810808416175734,-48.43749679857858,-62.49999830668622,-51.470586817363575,-60.71428292665343,0
HK.00333,490,0.20399999618530273,0.20399999618530273,0.0,0.0,11900.0,2427.5999546051025,0.17669136175617067,0.19459999799728395,0.22782999970018863,7.368420392192293,-0.4878058708685713,-24.444448859603142,-21.538460127700667,-32.000003973642826,0
HK.00334,491,0.29499998688697815,0.30000001192092896,-1.666674945089223,0.8360606143945436,367510.0,108415.44518083334,2.3984822420637797,0.3443000018596649,0.37455000057816507,-13.235298887049812,-27.160497279342316,-39.17526222970523,-7.812502037268178,-33.707867049761575,0
HK.00335,490,0.6650000214576721,0.6700000166893005,-0.7462679264300778,0.0,687400.0,457121.0147500038,2.313419731448268,0.6490999865531921,0.6615749973058701,4.724414400782764,2.307699361496682,0.7575750049918888,-6.338022316147579,-2.888887960444073,0
HK.00336,491,3.0,3.0799999237060547,-2.5974001846660313,1.1812542719638224,2156152.05,6468456.149999999,4.212751496028461,3.07029999256134,3.8008557140827177,-6.542057185401118,-18.47826234841389,-30.59962825893916,-24.023040447341554,-20.686076851776853,0
HK.00337,491,0.12399999797344208,0.11999999731779099,3.3333339542150635,0.36744317116293157,1153051.25,142978.35266327485,7.614758051243609,0.13689999923110008,0.18601999904960395,-6.0606070868568365,-30.33708100321312,-43.6363642521141,-45.3744497729772,-46.7811156876934,1
HK.00338,491,1.184999942779541,1.1799999475479126,0.4237284282951545,2.9698012395981728,11519737.4,13650888.159835339,1.9927828517403867,1.1261999988555909,1.3027500009536743,3.9473647060816504,3.043475421480001,-26.85185559928607,-14.130438632310089,-12.867652182708921,2
HK.00340,491,3.2049999237060547,3.265000104904175,-1.8376777724446989,0.8167674841814916,24367933.0,78099223.40587425,7.021260498517293,2.3853999948501587,2.751164408326149,34.100409331762634,47.647469603900085,-8.854496922568716,15.709546378608707,76.37886108361768,0
HK.00341,491,5.264999866485596,5.28000020980835,-0.28409740012677726,0.272325037531531,1035833.65,5453664.028951287,2.5124862036882067,5.1901877784729,4.607131377458573,-0.9115878512627204,42.90128497854055,15.090269964554109,11.177203080276216,-19.944413904049927,0
HK.00343,491,0.10499999672174454,0.10400000214576721,0.9615332262933276,0.2617168776727836,581911.5,61100.705592345446,3.4559038856363617,0.10974000006914139,0.14150999989360571,-4.545457008456409,-4.545457008456409,-38.59649451497854,-33.12102343069897,-35.97561352349395,1
HK.00345,491,6.5,6.480000019073486,0.3086416800562491,1.1976171767125434,513328.3,3336633.9499999997,1.560090181240136,6.357872695922851,6.400318706035614,3.1291943674758613,7.733172401916414,-7.1837264736771,2.8893582352242326,-27.39016097596573,3
HK.00346,491,0.23000000417232513,0.23000000417232513,0.0,1.1873953417567362,99725.0,22936.750416085124,1.8943182537820236,0.258639999628067,0.36018500074744225,-4.166662786155852,-30.30303180819804,-44.57831113323584,-36.986301873186136,-48.88888660772341,0
HK.00347,491,1.149999976158142,1.1799999475479126,-2.5423705697709273,1.1564923811826562,4994599.1,5743788.845919478,2.9643498376111337,1.1548999953269958,1.5851750010252,-4.166672461562456,-11.538460127700665,-41.91919368282286,-41.326532970612725,-48.19819993975098,0
HK.00348,491,0.07000000029802322,0.0729999989271164,-4.109587223540079,0.3699099250265039,2652260.0,185658.20079043508,13.818015072705913,0.07090000003576279,0.10634499980136752,16.66666977107532,16.66666977107532,-50.704226756209344,-49.275360832167244,-47.36842134747054,0
HK.00351,491,0.3400000035762787,0.3400000035762787,0.0,1.1006730615771545,181707.0,61780.38064983487,3.558858742734747,0.3375000023841858,0.3134999997168779,0.0,-15.000000372529025,3.030300019967555,15.25424362359079,41.666671323279644,0
HK.00352,490,0.36000001430511475,0.36000001430511475,0.0,,0.0,0.0,0.0,0.36000001430511475,0.36000001430511475,0.0,0.0,0.0,0.0,-60.869564372334914,0
HK.00353,491,0.36000001430511475,0.3799999952316284,-5.2631529414422,1.9836402159439017,354717.5,127698.30507427454,4.645353099848514,0.3648999983072281,0.35032499745488166,-9.999997764825855,-2.7027000903735274,10.769239233796018,12.500006984919466,7.462688160516194,0
HK.00354,491,3.884999990463257,3.9600000381469727,-1.8939405798291624,1.1244106790865898,37436822.75,145442056.02672464,4.375017473840911,3.43220000743866,4.092051420211792,3.462047192019715,-5.8372633127631826,-11.959952834582383,-24.05055686134426,-39.59098229881284,0
HK.00355,491,0.07599999755620956,0.07900000363588333,-3.7974758754455378,0.8329245129734832,906665.0,68906.53778430074,4.719495972108043,0.07092000052332878,0.07703000023961067,-1.2987039376318668,1.3333260483214835,-7.317078711020517,-27.619047686626587,13.432829347902961,0
HK.00357,491,5.159999847412109,5.059999942779541,1.9762827225969646,0.33771843707048893,221050.0,1140617.9662704468,3.0828721272497908,4.912599983215332,7.377849981784821,-8.672570613885211,4.0322541880434235,-43.10915081555454,-51.54929547195418,-50.99715120357234,1
HK.00358,491,36.459999084472656,37.20000076293945,-1.9892517830376617,0.8497927247644771,12619140.65,460093856.5458317,4.402815469786411,34.72639987945556,37.034538192749025,-4.254208688774011,7.597914995376488,-18.809079432676047,-14.719791382351568,97.14642352043545,0
HK.00360,490,0.027000000700354576,0.02800000086426735,-3.5714290465931358,0.9031222643711702,2488400.0,67186.80174276233,4.8231265915890535,0.032860000021755695,0.04218000010587275,-9.999995653827888,-45.99999940395356,-35.71428318007459,-38.63636171214343,-49.05660185059772,0
HK.00361,491,0.03799999877810478,0.03999999910593033,-5.000000931322596,1.9120949631055502,1699500.0,64580.99792338908,4.845895380675837,0.04243999972939491,0.06548500023782253,-5.000000931322596,-26.92308078062597,-53.65853935551026,-54.216867199499895,-7.317078711020517,0
HK.00362,490,0.014999999664723873,0.014999999664723873,0.0,,0.0,0.0,0.0,0.014999999664723873,0.014999999664723873,0.0,0.0,0.0,0.0,0.0,0
HK.00363,491,13.520000457763672,13.630000114440918,-0.8070407612154162,1.1194443592508099,673903.6,9111176.980488585,1.6166696224941464,13.29840003967285,13.941844921112061,-0.22140024021331337,-5.888839845741784,-7.546370620235517,-1.711922139094974,-1.339851871440974,0
HK.00365,491,0.38499999046325684,0.38999998569488525,-1.2820501064172196,0.2966694654352085,285600.0,109955.99727630615,4.732588036896819,0.436199996471405,0.4205649968236685,-3.750003818422499,-57.69230995960181,48.07692484037417,32.75862122120672,45.28302311175849,0
HK.00366,491,0.8199999928474426,0.8149999976158142,0.6134963492337805,0.079155672823219,151400.0,124147.99891710281,5.345587916452817,0.8175000059604645,0.8708132070302963,-7.344632578107678,-2.459236883951784,-10.760578425743121,-7.818619472745642,-17.71182660223171,2
HK.00367,490,0.24199999868869781,0.24199999868869781,0.0,0.0,216055.85,52285.51541668549,1.2428627797560745,0.24805999875068666,0.29149000108242035,0.41493860597842014,-12.00000238418574,-24.37499871943143,-26.66666997803569,-35.466667016347245,0
HK.00368,491,3.9149999618530273,4.204999923706055,-6.896550942085093,0.1557188355419046,2481370.0,9714563.455343246,15.165381068110573,3.1488999795913695,1.3223999932408332,-17.57894817151521,312.1052643136635,638.6792779605404,810.465092263137,1051.4705649038915,0
HK.00369,491,1.9500000476837158,1.9199999570846558,1.5625047536257475,0.16220600162206,24600.0,47970.00117301941,0.6188503385598851,1.9624000000953674,1.9845951730012894,1.0362746465984924,-4.411760580993364,-15.032671658532212,11.074604840710633,19.09444229828634,1
HK.00370,491,0.28999999165534973,0.2849999964237213,1.754384313814067,0.8521155661695572,6211357.95,1801293.7536683902,7.773497430610618,0.29949999988079073,0.6240999984741211,5.454540134461573,-12.121218141883071,-61.84210588231972,-68.47826234841389,-82.5301206333403,2
HK.00371,491,1.690000057220459,1.7100000381469727,-1.1695895017748938,0.3923192157868049,43544872.15,73590836.42515756,3.543851376892622,2.2244999837875366,2.4971108198165894,-25.71428631313926,-35.18696039225181,-39.656824812267544,-28.57338198981358,-29.446668307648448,0
HK.00372,490,0.1379999965429306,0.15000000596046448,-8.00000596046424,0.0,67579.1,9325.915566374362,0.8089688379284239,0.19159999668598174,0.24458499923348426,-29.230768407825387,-37.272728504228205,-52.41379292626442,-49.818184162959525,-31.00000275671478,0
HK.00373,491,2.25,2.1700000762939453,3.686632299233984,1.9801756132886756,169752.0,381942.0,2.6242444732190053,2.1811000156402587,2.4769205290079115,-0.6622562564874324,-4.255315263436308,-33.39342888205623,-10.76753083150048,2.9907777196341643,1
HK.00374,490,2.434999942779541,2.434999942779541,0.0,,0.0,0.0,0.0,2.463245892524719,2.543112349510193,0.0,0.0,-8.08823992614755,-7.749078157386036,-0.19313208884330169,0
HK.00375,491,0.9599999785423279,0.9599999785423279,0.0,2.185792349726776,29450.0,28271.999368071556,0.8945993013950351,1.0700000071525573,1.0397999972105025,-3.0303061318608857,-13.513516561230885,-12.72727656955553,9.090907243657693,-4.220502811634744,0
HK.00376,491,1.965000033378601,2.0299999713897705,-3.2019674348403777,0.4711662247346983,8180002.0,16073704.203037024,6.866232196690455,1.692199993133545,2.6473499965667724,16.272187387403655,-9.447006253817994,-38.20754741736828,-40.634439052935114,-36.20129603723541,0
HK.00377,491,4.550000190734863,4.400000095367432,3.409093002642436,0.1690378234414676,30930.95,140735.82839961053,14.705209196013119,2.6670999932289123,1.4915750005841255,-6.1855612329219785,255.4687728465074,337.50003438729635,394.5652291516724,211.64384053782004,3
HK.00379,491,0.07199999690055847,0.06499999761581421,10.769230063850333,0.5373936408419167,343950.0,24764.398933947086,3.4449244294694314,0.07004000067710876,0.08209000010043382,-6.493510012080585,-44.615384968074835,-8.860767611592008,4.347824209053363,-2.7027081450551504,1
HK.00380,491,0.13300000131130219,0.13099999725818634,1.5267206831875426,0.10830324909747292,100600.0,13379.800131917,2.9887616307119624,0.12665999948978424,0.13734500017017126,14.655176843389306,-9.523808558395777,-10.135135407252758,-13.636362316898351,-24.858756776766043,1
HK.00381,491,0.07999999821186066,0.07800000160932541,2.564098155475083,0.7062732196329541,2667130.0,213370.3952307999,7.376952038409409,0.08876000002026557,0.17241500038653612,-1.234570399524046,-26.60550446173587,-48.051948931591575,-62.616823536202894,-80.00000074505806,1
HK.00382,491,0.4650000035762787,0.4699999988079071,-1.0638287753851585,0.5465367139586542,276692.8,128662.15298953056,2.1476205598764313,0.4770999997854233,0.9938714353740216,-5.102041933448131,-25.0,-68.40974260765255,-65.75881174285743,-69.796161985128,0
HK.00383,491,0.8100000023841858,0.8100000023841858,0.0,33.840947546531304,5050.0,4090.5000120401382,0.0,0.8298000121116638,0.9591999906301498,-1.219511042741837,-22.857139126783967,-12.903226219942034,-21.359220885097752,-4.705884745376678,0
HK.00384,491,5.639999866485596,5.570000171661377,1.2567269778618297,0.6959868907901136,13558282.7,76468712.61777397,2.4410319458346157,5.542182121276856,6.919274120330811,-2.995915112280284,-17.519126975615016,-27.727153519879906,-23.364230990819987,-24.625316749965016,1
HK.00385,490,0.24500000476837158,0.24500000476837158,0.0,0.0,31300.0,7668.5001492500305,0.6051810692708183,0.2598999997973442,0.3489775101095438,0.0,-6.130269030466536,-43.67816013205649,-46.07483409038448,-37.42018173553946,0
HK.00386,491,4.75,4.764999866485596,-0.3147925898402761,0.8385997146277264,115637779.6,549279453.1,2.175265031432214,4.314699993133545,4.505153269767761,9.82659443878855,12.319783548011698,-10.30873904978408,4.194527959754221,13.607130918915084,0
HK.00387,490,0.7649999856948853,0.7699999809265137,-0.6493500461665078,2.0408163265306123,10400.0,7955.999851226807,1.01716135100313,0.8006000053882599,0.7203012883663178,-0.6493500461665078,8.931142178108512,10.444064553470056,13.59961763397747,7.087020317929363,0
HK.00388,491,404.3999938964844,405.6000061035156,-0.29586099333661936,1.0242687149653786,3578443.7,1447122610.438913,1.568766357542713,392.4681115722656,398.13588562011716,-0.7254677329165186,2.8466224376490294,0.08048654748585463,0.5618736832982745,-5.416008127238419,0
HK.00389,491,0.38499999046325684,0.42500001192092896,-9.411769490753356,1.3895209188318292,716959.95,276029.5739125371,8.423703119824495,0.27524000376462937,0.3290450033545494,13.235290121660967,98.45359747817056,-10.465119986227169,-10.465119986227169,-10.465119986227169,0
HK.00390,491,3.3550000190734863,3.4149999618530273,-1.7569529560692645,0.7819411246021909,21872826.3,73383332.65369105,2.002860957804915,3.404879331588745,3.8016536581516265,-4.957505771519489,-3.6147425390056145,-30.431612138374543,-10.837407522867418,-14.690907926932848,0
HK.00391,491,0.3050000071525574,0.26499998569488525,15.094348534692829,1.7261078719345648,8827080.0,2692259.463136196,9.535805249755526,0.15361999824643136,0.11300499998033046,91.8239106290174,208.08081697498147,205.00000260770318,201.98019458702797,205.00000260770318,4
HK.00392,491,31.1200008392334,31.260000228881836,-0.447854730081188,1.1526108393545071,1849836.15,57566902.54044428,2.1404951425943293,30.23160011291504,31.708504114151,0.5817721463115152,2.4021107740910876,-10.720489735329341,-0.1611413216244078,-1.674472842102726,0
HK.00393,491,1.2999999523162842,1.2899999618530273,0.7751930820906612,0.6907052765012767,233456.1,303492.9188679457,0.6997308243227385,1.2928358674049378,1.2908946710824967,-9.169944845532739e-06,0.751870251960285,1.3295826399664228,-0.8263688678251788,8.399077396288591,1
HK.00396,491,0.38999998569488525,0.3799999952316284,2.6315764707211,0.8391786761892616,795200.0,310127.98862457275,7.404883368315028,0.3162799996137619,0.24239615309983492,20.0,64.55695358904522,68.67088856405263,285.5334666738552,232.23052121150576,2
HK.00397,491,0.03999999910593033,0.039000000804662704,2.564098155475083,2.158227788093469,4386417.5,175456.69607823715,6.212422821339084,0.038359999805688855,0.04365438001230359,2.564098155475083,5.263158926673246,-25.925929503022143,-11.111116630059483,-33.33333333333333,1
HK.00398,491,3.3299999237060547,3.305000066757202,0.7564253084382501,0.708418607850349,238594.3,794519.0007966994,1.090052973720016,3.2999999570846557,3.326179246902466,1.2158043257392064,2.4615361140324516,-3.19767824664762,-3.812830816956863,5.823298756285493,1
HK.00399,490,0.0729999989271164,0.0729999989271164,0.0,,0.0,0.0,0.0,0.0729999989271164,0.10320499951019883,0.0,0.0,-75.66666799121428,-16.09195284176285,-84.1304353037268,0
HK.00400,491,4.315000057220459,4.179999828338623,3.229670680046246,1.138177135338855,3712715.1,16020365.868943263,5.236323264606056,4.239199962615967,3.448299996852875,2.2511912737439776,14.153441531217476,8.964646859943054,43.355484082787484,79.7916619065737,2
HK.00401,491,0.10400000214576721,0.10300000011920929,0.9708757528160663,0.05329382484451527,374128.0,38909.312802791595,3.676331951697899,0.12148000001907348,0.13151094008237124,-17.46031708487879,-44.97354255405121,-9.565217165955978,10.638303943433922,15.555553347976206,1
HK.00403,491,0.18700000643730164,0.20999999344348907,-10.95237510680053,1.3666915608663182,269100.0,50321.70173227787,11.276424234874042,0.1696000000834465,0.16227999970316886,2.1857967992956877,14.723928567673896,23.02632398046889,20.64516451554787,-7.4257426107762985,0
HK.00406,490,0.5049999952316284,0.5049999952316284,0.0,0.0,9325.0,4709.124955534935,4.2994724429690185,0.5277999937534332,0.6728000006079674,-4.71697688824151,-15.833337472544612,-30.821920268910024,-32.66666730244954,-33.55263137256009,0
HK.00408,491,2.5899999141693115,2.575000047683716,0.5825190760321927,1.9416589030274416,143406.35,371422.43419133424,2.1805655608973336,2.4228999996185303,2.1018792396783827,1.1718739086063334,19.70930353646279,33.792752312238555,45.179364204217535,55.84859372904079,1
HK.00410,491,0.3149999976158142,0.3149999976158142,0.0,1.638522630889043,616050.0,194055.74853122234,2.575083553568186,0.34320000290870667,0.4507499957084656,-8.695652549493667,-23.17073161867245,-39.42307515962583,-40.56603497735698,-45.68965402071878,0
HK.00411,490,10.600000381469727,10.600000381469727,0.0,0.0,250.0,2650.0000953674316,0.0,11.175000171661377,11.78013678073883,-3.6363601684570312,-12.396693824052612,-17.494676264632105,-4.66051479468599,0.593265452441835,0
HK.00412,491,0.6399999856948853,0.6050000190734863,5.785118267433915,1.0555094877756712,11204996.25,7171197.439711243,8.926304231316365,0.5064000010490417,1.194499996304512,37.63440446724632,-24.705886147838868,-63.6363642521141,-54.92957711006955,-96.48737645546565,1
HK.00413,490,0.023000000044703484,0.023000000044703484,0.0,0.0,11600.0,266.8000005185604,0.8712122628561078,0.023040000051259994,0.028500000247731805,-4.166667313418449,-17.857145232965678,-30.30302978990492,-30.30302978990492,-32.35294472129681,0
HK.00417,491,0.7099999785423279,0.7149999737739563,-0.6993000580457562,1.0518005510683601,139226.1,98850.528012532,2.8022219536697097,0.7194000029563904,0.8428500017523766,5.1851801486336715,-1.3888957875743526,-26.804128082389596,-22.826090688854105,-62.82722560470786,0
HK.00418,491,0.5550000071525574,0.5899999737739563,-5.932197996132164,6.595632748886987,44900.0,24919.500321149826,1.6582183360728155,0.6563999903202057,0.7398499980568886,-15.909093166842517,-17.16418010032262,-23.972603746372283,-31.48148080012981,-29.746836445840014,0
HK.00419,491,0.5400000214576721,0.550000011920929,-1.8181800448205245,0.042571258684711254,16657957.85,8995297.596440997,14.517649947071213,0.5161999988555909,0.3993349988758564,-6.8965453455194,8.000004291534424,74.19355396921748,47.945207492744565,-19.402983879612854,0
HK.00420,491,0.6700000166893005,0.6650000214576721,0.7518789579387514,1.8381721353719291,1127500.0,755425.0188171864,2.564255834804258,0.6671000063419342,0.6256546580791473,-8.843536918467496,1.178317284177088,12.07445524558404,15.63237153173145,5.577380341875525,3
HK.00422,491,0.2549999952316284,0.25999999046325684,-1.9230751596258298,1.3186813186813187,27950.0,7127.249866724014,1.5445731477368074,0.2654999977350235,0.27749999940395353,-1.9230751596258298,1.9999980926513672,-12.068964631322139,-7.272731016490004,-40.000002804924385,0
HK.00423,490,0.6349999904632568,0.6349999904632568,0.0,0.0,31950.0,20288.249695301056,1.347822386441475,0.65781205534935,0.7076528388261795,-3.8292168732885696,-9.027640024302489,-16.889447421606903,-10.24060349542859,-14.824355292223098,0
HK.00425,491,24.760000228881836,25.479999542236328,-2.825743038813647,1.06370963703365,4938499.05,122277237.60833272,5.088849527352342,27.50607067108154,32.864349346160886,-14.502758937733232,-29.365714517665033,-44.987635814911506,-24.284411608528526,-21.240804409272556,0
HK.00426,491,0.10400000214576721,0.10000000149011612,4.000000596046439,1.2665985699693565,104100.0,10826.400223374367,2.6877095483447255,0.12991999953985214,0.11319500036537647,-21.212119159619657,-13.333329608042952,31.64556627757976,16.8539329605141,0.0,1
HK.00430,490,0.3449999988079071,0.3449999988079071,0.0,0.0,9050.0,3122.2499892115593,1.5155269479625182,0.35149999618530275,0.3836054998636246,-1.4285700905079517,-11.989800611829484,-10.875745568088373,-15.170884852014646,-16.559402384818387,0
HK.00432,491,0.210999995470047,0.21199999749660492,-0.4716990747011386,2.467487795079524,274043.15,57823.10340859742,4.116862347151083,0.22577999979257585,0.23732499815523625,-8.658013070188725,-15.600001811981201,-38.84058081184809,11.052630588288439,5.49999616295105,0
HK.00433,491,0.052000001072883606,0.052000001072883606,0.0,0.0627163687664307,39378534.35,2047683.828448584,8.569680684536772,0.05836000017821789,0.06932500030845404,4.000000596046439,-31.57894375664364,-35.802468000216344,-34.17721686121012,-30.666667991214275,0
HK.00434,491,2.7899999618530273,2.940000057220459,-5.102043960816961,0.5885525061558933,3302746.3,9214662.051010227,5.951163390849254,2.3027000069618224,2.8890492421388627,22.637355819645315,17.257894042808857,3.186950066336375,-20.736280143659595,-63.0995952975532,0
HK.00436,490,0.05299999937415123,0.05299999937415123,0.0,0.0,6000.0,317.9999962449074,0.6603772988116535,0.05262000001966953,0.06070841304957866,-3.636364252114102,-19.696970210095085,-16.496755793427255,-20.180731543713023,-6.418779654251969,0
HK.00438,491,1.2000000476837158,1.2300000190734863,-2.439022026387315,0.08726003490401396,6906.0,8287.200329303741,3.382843803761141,1.2423999905586243,1.730499994158745,0.0,-18.367345283780548,-40.59405648443067,-39.393937569493595,-51.61290167521737,0
HK.00439,491,0.6100000143051147,0.6499999761581421,-6.153840510802654,2.682199102858044,81907.1,49963.33217169047,5.3105740764848255,0.6141999971866607,0.8770499995350838,-12.857139329520963,-20.77921695905455,-45.04504446452745,-47.41379035709863,-64.73988395492594,0
HK.00440,491,46.41999816894531,45.63999938964844,1.7090245173705805,1.035987823218881,285756.6,13264820.848764038,2.645052245026806,44.52599998474121,39.57844877243042,-5.918123175136277,14.865894401215499,10.79189825087045,35.1287689000231,37.83863350323887,2
HK.00442,490,0.5699999928474426,0.5699999928474426,0.0,0.0,13750.0,7837.499901652336,1.2071698031289828,0.6208999967575073,0.7455159452557564,3.636360089641049,-18.57142820650217,-28.75000195577738,-26.92307515962583,-50.0,0
HK.00444,490,0.009999999776482582,0.009999999776482582,0.0,,0.0,0.0,0.0,0.009999999776482582,0.009999999776482582,0.0,0.0,0.0,0.0,0.0,0
HK.00450,491,0.6850000023841858,0.6899999976158142,-0.7246369925949435,0.9858103061986557,138700.0,95009.50033068657,2.724094424938801,0.7397000074386597,0.7986107042431831,-8.05369154364508,-12.179483652584992,-18.034181401869972,-19.816053488370795,-19.84327846240505,0
HK.00451,491,0.5299999713897705,0.5249999761581421,0.9523800873701953,0.3849659964175557,2363583.7,1252699.293377328,5.268280035869333,0.6902999985218048,0.947375001013279,-20.30075875365885,-45.91837131892669,-62.937063578317876,-45.91837131892669,26.1904733183702,1
HK.00455,490,0.10599999874830246,0.11100000143051147,-4.504506862857232,11.52892561983471,76300.0,8087.799904495478,3.9417129150146377,0.1011400008201599,0.10447500068694353,1.9230736166063123,23.255808312161992,-10.169493130691013,-23.74100730993086,-44.21052627451202,0
HK.00456,491,0.4650000035762787,0.47999998927116394,-3.124997089616889,0.041222026990122174,48017.75,22328.253921724856,3.278294536039687,0.5352999991178513,0.49612499862909315,-6.999999284744263,-6.999999284744263,3.3333368654605247,6.896551960383053,6.896551960383053,0
HK.00458,490,1.600000023841858,1.600000023841858,0.0,0.0,6805.0,10888.000162243843,0.36648995756323244,1.8117899990081787,1.7014674550294877,-13.513513339358235,-5.470865806997147,3.4259919107207915,-2.31989443791106,-26.739926160107245,0
HK.00460,491,0.7699999809265137,0.7400000095367432,4.054050135560291,0.6956460197515418,39873311.75,30702449.286976933,4.334751472977434,0.8700549387931824,1.1882771846652032,-12.994351500110856,-19.634304825193052,-53.872943476461884,-39.097871329347825,-45.4887153640021,1
HK.00464,491,0.7049999833106995,0.6349999904632568,11.023621086415284,3.7897648686030427,166800.0,117593.99721622467,5.785390506539835,0.7999999976158142,1.003349998742342,-10.191087928996824,42.424237680683355,-27.31959149312703,-54.22077917051388,11.904760102656228,1
HK.00465,491,3.805000066757202,3.7699999809265137,0.9283842442377643,0.20979652088641926,256358.35,975443.5388637662,8.009438428371327,3.393499979972839,1.9723499937355518,49.50883900554068,-26.544397821388028,443.5714473651383,428.4722104944569,1019.1176549218928,1
HK.00467,491,0.4000000059604645,0.4050000011920929,-1.2345667202249964,2.6471476523425963,38922485.45,15568994.411996093,3.61716750097818,0.3647000014781952,0.486700000166893,9.589039865544988,-16.666663562258016,-35.48387050256521,-14.893615537231566,-31.034479746495276,0
HK.00468,490,2.2739999294281006,2.2739999294281006,0.0,,0.0,0.0,0.0,2.2739999294281006,2.2739999294281006,0.0,0.0,0.0,0.0,0.0,0
HK.00470,136,28.5,30.059999465942383,-5.189619074045039,1.1813184436283666,1613634.55,45988584.675000004,4.613674223305966,30.434400100708007,,-12.41549109360826,-41.35802285019432,-37.76152541203779,-37.38102266572593,,0
HK.00471,491,0.12800000607967377,0.12700000405311584,0.7874031453886305,0.7933415054854153,1591203.75,203674.0896739997,8.815949276442083,0.13856000006198882,0.4265596954524517,-3.7593948739333762,-21.951217960914253,-82.46575304996144,-81.97182958477472,-80.89552195652686,3
HK.00472,491,0.23000000417232513,0.23100000619888306,-0.4329012985813321,1.556420233463035,121500.0,27945.000506937504,2.426141773997284,0.22217999905347824,0.28717999927699567,15.000000372529025,-19.298243137387765,-34.28571197451373,-34.28571197451373,39.393936383603915,0
HK.00474,491,0.15299999713897705,0.15199999511241913,0.6578960912586355,0.13341216841709308,6881558.15,1052878.3772617043,8.425628451683883,0.12345999971032143,0.11876499954611063,34.21052373594855,40.366973229584794,20.47243484731473,27.500000465661294,628.5714247701119,1
HK.00475,490,0.25999999046325684,0.2800000011920929,-7.1428609441737585,2.312925170068027,65600.0,17055.99937438965,4.038676220656161,0.3983000004291534,0.4188749998807907,-36.58536762655102,-42.22222281091009,-39.53488694454536,-48.00000190734863,-46.39175612483793,0
HK.00476,491,0.6850000023841858,0.6449999809265137,6.201553897755761,5.8189633164219705,123469.0,84576.26529437304,2.77193786051268,0.5078999942541123,0.6540999972820282,34.31372846928257,37.00000047683716,-7.432433303208824,-16.463413614733163,-19.411766685828972,1
HK.00480,491,1.0299999713897705,1.0149999856948853,1.477831123772482,1.2588987848716051,329884.05,339780.5620619416,2.5560853766842797,1.047900002002716,1.113075001835823,-5.504592674447205,-4.629636068402729,-16.260166226206117,-6.363640994079741,4.040400148253006,1
HK.00482,491,0.5,0.49000000953674316,2.040814340536656,0.9113278046113187,29892.0,14946.0,2.650767479265529,0.5903000044822693,0.7082186701893807,-15.96639059532916,-33.33333333333333,-46.25557338577712,-15.662630737074085,-38.40528689285639,1
HK.00483,490,0.1979999989271164,0.1940000057220459,2.0618521067476143,,5500.0,1088.9999940991402,0.0,0.18677999913692475,0.24831999823451043,5.319151971716961,-10.810812443516545,-32.88135331240705,-35.081969087273116,-7.906978775063579,1
HK.00484,491,0.7350000143051147,0.7400000095367432,-0.6756750225933819,1.0721465266919812,21130.0,15530.550302267075,2.569710469649207,0.7069999980926513,0.7904999968409538,5.00000383172723,-5.769225478877488,-17.415727402371946,-12.499995565130458,-4.5454503231655545,0
HK.00485,490,0.4099999964237213,0.41499999165534973,-1.2048181523292238,0.0,46293.75,18980.43733444065,8.27013487420106,0.38970000445842745,0.4070750015974045,5.1282080672902834,15.492960229513148,-7.8651678620858325,-2.3809501846360366,26.153849680748344,0
HK.00486,491,2.8450000286102295,2.890000104904175,-1.5570960090133767,1.0959062598422666,322558.0,917677.5192284584,2.7277257904542207,3.061199970245361,4.241399995088577,-8.814098302429088,-18.714284896850586,-49.73498047158017,-41.097306965850564,-34.7477077640133,0
HK.00487,491,0.039000000804662704,0.03999999910593033,-2.4999958090483205,0.06329113924050633,158500.0,6181.500127539039,2.654846420092235,0.04222000040113926,0.05167000021785498,-9.302326790251001,-7.142853975093241,-36.06557316980001,-18.749999029872328,-68.54838593383235,0
HK.00488,490,0.6700000166893005,0.6700000166893005,0.0,0.0,81500.75,54605.50386019051,4.842636226216741,0.7095000040531159,0.7032750055193902,-15.18987360873143,-15.18987360873143,4.687504947651288,9.836065733954968,-4.285710271523855,0
HK.00491,491,0.02500000037252903,0.026000000536441803,-3.846154397232281,1.3150684931506849,387000.0,9675.000144168735,2.386538815530125,0.024180000238120555,0.02955500011332333,8.695653582340375,-13.79309968311909,-19.3548361899701,-28.57142781116525,-32.43243229637362,0
HK.00493,491,0.009999999776482582,0.009999999776482582,0.0,0.3129205108259157,3531319.2,35313.19121068865,0.0,0.010059999786317348,0.013290000106208026,0.0,-23.076926383393687,-37.50000436557436,-33.33333333333333,-50.0,0
HK.00496,490,0.17800000309944153,0.17800000309944153,0.0,0.0,11700.0,2082.600036263466,1.5172660429643192,0.183819999396801,0.31766000010073187,-3.2608680687633522,-38.620686820230844,-51.23287713735719,-57.10843212564028,-63.29896951560474,0
HK.00497,491,0.16500000655651093,0.16599999368190765,-0.6024019056970104,0.09487256479914766,211809.1,34948.50288872868,0.7734476748342617,0.18098000138998033,0.19488500036299228,-7.8212280271354295,-18.719206254024872,-28.260868015947356,-6.249995766715547,-13.157890196322017,0
HK.00498,490,0.07100000232458115,0.07100000232458115,0.0,,0.0,0.0,0.0,0.07100000232458115,0.11394500110298394,0.0,0.0,-56.70731685155918,-54.19354723966086,-58.95953456005783,0
HK.00499,491,0.19599999487400055,0.23999999463558197,-18.3333336437742,2.0765103477109608,138710.0,27187.159288972616,3.71661461405548,0.1838599982857704,0.1475849999114871,13.294799330877542,7.69230706250374,53.12498872226623,67.52136501770245,54.33069969984135,0
HK.00500,491,0.06599999964237213,0.06599999964237213,0.0,0.4588844793215446,483735.9,31926.56922700256,8.853084566756062,0.06364000037312507,0.07000000033527613,1.5384647126735067,1.5384647126735067,-14.285714285714285,-17.499998603016106,-28.260870093377637,0
HK.00505,491,0.9800000190734863,0.9800000190734863,0.0,0.2555366269165247,59450.0,58261.00113391876,2.923946914347341,0.9215999925136567,0.9554499980807304,11.36363913451346,-1.9999980926513672,-1.0101000370632516,6.521739271277513,0.0,0
HK.00506,491,3.950000047683716,3.8299999237060547,3.1331625683570357,2.566231837770985,4667047.65,18434838.440042175,2.7043992117271904,3.3514999961853027,3.6707458472251893,17.91045254125033,15.637795713064447,1.0427390481692222,-3.1869617285972054,20.316776424173273,1
HK.00508,491,0.3100000023841858,0.3100000023841858,0.0,0.17533606078316774,128850.0,39943.50030720234,2.7102123204877455,0.3445000022649765,0.4628500002622604,-7.462688160516194,-26.1904733183702,-53.73134408025809,-21.51898886985145,-7.462688160516194,0
HK.00509,490,0.17000000178813934,0.17000000178813934,0.0,,0.0,0.0,0.0,0.17000000178813934,0.17000000178813934,0.0,0.0,0.0,0.0,0.0,0
HK.00510,490,0.5,0.5,0.0,0.0,20467.75,10233.875,0.8576612760764036,0.5740999937057495,0.5561249984800816,-9.090911061310528,23.45678976006923,-24.242427252759718,1.0101000370632516,24.99999813735488,0
HK.00511,491,2.234999895095825,2.2200000286102295,0.6756696528056335,0.9455194030020759,1224715.15,2737238.2317722677,3.7998674881125587,2.3984999752044676,2.7870749795436858,-15.819212083610479,-13.372094527609612,-28.365385350155904,-28.59425516362826,-46.01449354651564,1
HK.00512,491,4.860000133514404,5.025000095367432,-3.283581268090751,1.2613555337572047,6537778.1,31773602.438887548,3.7918281518801376,5.159200019836426,6.446232497692108,-4.985330381510762,-5.837590300314458,-33.66394321222267,-35.53496259764242,-48.16213423010628,0
HK.00513,490,0.12999999523162842,0.12999999523162842,0.0,0.0,106370.0,13828.099492788315,3.8333334301598536,0.1133199991285801,0.1389299987256527,8.333331781129008,-22.155689477638443,-12.751683356133443,-0.7633603415937713,-17.197458032826592,0
HK.00515,490,0.17299999296665192,0.17299999296665192,0.0,,0.0,0.0,0.0,0.17299999296665192,0.17299999296665192,0.0,0.0,0.0,0.0,-56.20253461577376,0
HK.00517,491,6.65500020980835,6.869999885559082,-3.1295440950831357,3.7271938858388904,2577769.45,17155056.230587557,2.7095642702615903,5.788000011444092,6.043645794391632,13.180273474214383,13.06979177291524,-4.904619787717219,11.449359846104336,28.285528716779524,0
HK.00518,490,0.16599999368190765,0.16599999368190765,0.0,0.0,13000.0,2157.9999178647995,0.5421957135874421,0.18633999973535537,0.1953600000590086,-6.741578207068876,-15.736042490548352,-19.024392619578368,-14.432995471276092,-21.282820403023738,0
HK.00519,491,0.1459999978542328,0.1459999978542328,0.0,0.5271356661908602,281262.4,41064.309796476366,4.00910817570758,0.15038000017404557,0.18118500009179114,0.6896565898845777,2.097895831092949,-30.47618932734808,-31.132075670627824,33.944955382641325,0
HK.00520,491,0.25999999046325684,0.26499998569488525,-1.8867907552966041,0.42816026905539567,773600.0,201135.9926223755,7.456789185678205,0.26501999735832216,0.5242549972236157,5.6910501144814996,-27.77778329672615,-65.33333460489908,-64.86486660641765,-67.5000016763806,0
HK.00521,491,0.1899999976158142,0.19099999964237213,-0.5235612714294887,0.5743140895039793,4110425.55,780980.8446999817,3.081061583906386,0.21253999918699265,0.25618999898433686,-3.5532991852165954,-26.92307515962583,-46.478872293518805,-24.000000953674316,-30.909093273572637,0
HK.00522,491,157.39999389648438,159.6999969482422,-1.440202314157357,0.47619306303380193,2289304.5,360336514.3271942,5.212333931963879,172.33621795654298,131.99854278564453,-4.398061411616572,-14.745920036576546,44.47442063646182,96.25037158304126,128.6302772877676,0
HK.00524,491,1.9500000476837158,2.0299999713897705,-3.9408829967266183,1.7034235336652113,156078.0,304352.107442379,4.838635898733913,2.062700004577637,1.04447500243783,0.0,0.0,473.52941975667807,635.8491143199154,519.0476388707815,0
HK.00525,491,2.430000066757202,2.4200000762939453,0.41322273338813675,0.704384129373053,5524556.25,13424672.056303918,2.5406309476739386,2.2261000061035157,2.152075996398926,8.000002966986761,11.862545992218035,15.405695304504025,18.07711316156965,29.465267374569297,1
HK.00526,491,0.125,0.11100000143051147,12.612611161318627,6.7310211680342,1898700.0,237337.5,7.238903131704561,0.11931999996304513,0.10562499992549419,23.762371928396824,-10.071941520553098,35.869564953311176,45.348832273141745,34.40859896321568,1
HK.00527,491,0.7850000262260437,0.7599999904632568,3.289478431117891,0.6667647203020052,6248700.0,4905229.663878679,4.898805007036191,0.6776999962329865,0.6691249993443489,28.68852587163974,15.441179113095165,-6.547613007749101,30.83333250549108,86.90477398450179,1
HK.00528,491,1.215000033378601,1.225000023841858,-0.8163257362146623,1.0389610389610389,7800.0,9477.000260353088,0.8924909034979598,1.140999994277954,1.0867237037420272,1.2499987582366165,18.749996359027183,11.52173808381682,22.142866815659783,10.560344102855096,0
HK.00529,490,1.8250000476837158,1.8250000476837158,0.0,0.0,1700.0,3102.500081062317,0.0,1.812050256729126,1.9646905374526977,0.8287351037779467,-1.0395520266962655,-13.927429263642926,-14.720720736779693,0.030285061819749978,0
HK.00532,491,0.28999999165534973,0.29499998688697815,-1.694913713180618,0.6279492194293645,473925.0,137438.24604526162,4.33192909379891,0.3333000004291534,0.3541999979317188,-1.694913713180618,-53.968254944394545,1.754384313814067,-10.769230063850333,-3.3333399560713786,0
HK.00533,488,0.875,0.8799999952316284,-0.5681812794001605,4.095238095238095,88550.0,77481.25,1.3884276455178508,0.9006999969482422,0.9501436325907707,-2.7777752022683675,-8.391650197412638,-7.437392040974538,-8.391650197412638,-9.316984434711232,0
HK.00535,491,0.09799999743700027,0.0989999994635582,-1.010103062602563,0.9727842445032833,1374624.0,134713.14847683907,4.197578587959657,0.09615999981760978,0.13905000023543834,3.1578933334086234,-19.008266142129372,-44.632770145212234,-38.75000023283065,-63.01886689539856,0
HK.00536,491,1.1649999618530273,1.1699999570846558,-0.4273500354724066,0.12114219786558984,333000.0,387944.9872970581,1.1723200126236737,1.1403999853134155,1.066023349761963,1.3043466092057148,3.555541191573547,14.102867070488182,18.491448990818323,26.381179245649022,0
HK.00537,40,22.280000686645508,23.0,-3.130431797193444,0.9329331377983442,333035.0,7420020.028676987,4.602013610916076,,,-13.37480061643255,,,-22.638884455333404,,0
HK.00538,491,0.7799999713897705,0.800000011920929,-2.5000050291418283,2.7542579075425793,334500.0,260909.99042987823,1.6220108021547017,0.8117399990558625,0.8154653745889664,-4.294481758089831,-7.5122413748504675,-4.528770949353856,-0.23791995341772937,-9.399747436983866,0
HK.00540,490,0.19599999487400055,0.20000000298023224,-2.0000040233134624,0.0,17000.0,3331.9999128580093,0.7418695568813913,0.1999799993634224,0.19065499998629093,-3.9215693435775414,-6.666666193613915,4.2553199921436,3.1578933334086234,22.499999534338702,0
HK.00542,491,0.800000011920929,0.800000011920929,0.0,0.35783509765916205,68270.0,54616.00081384182,5.687850370162373,0.7245999956130982,0.9792000025510788,8.108108325802206,2.5641078544558447,-54.80225872645684,-5.8823541786431095,158.06451798973916,0
HK.00543,490,0.26499998569488525,0.26499998569488525,0.0,0.0,18187.25,4819.620989829302,0.9298764516151765,0.266899995803833,0.28134333834052083,3.92156496088299,-7.017547712211622,-9.001135653428499,-4.667852217611746,-23.00095184522193,0
HK.00544,490,0.9399999976158142,0.9100000262260437,3.2967000577117043,40.48582995951417,6970.0,6551.799983382225,0.4804771556599476,1.1241999959945679,1.641950004696846,-4.081634763179803,-53.00000011920929,-44.705884044145584,-50.52631529414422,-33.802815068692674,1
HK.00546,491,4.554999828338623,4.630000114440918,-1.6198765496434846,1.8578942636047378,3542488.75,16136035.648141503,2.8032074005384904,5.026900005340576,6.800331990718842,-12.48799433035572,-23.290675762066133,-42.25360175705728,-42.53912065764054,-48.34905053359971,0
HK.00547,490,0.22300000488758087,0.22300000488758087,0.0,0.0,2229426.1,497162.0311965004,4.5630074355466705,0.24139999806880952,0.28386999897658827,-7.851237150442309,-3.043477894678465,-28.064515105643462,-42.820509469955745,-46.26505798275329,0
HK.00548,491,6.614999771118164,6.614999771118164,0.0,0.5367884735025159,549197.05,3632938.3600487714,1.9208347676042619,6.582532644271851,6.883138120174408,-1.4158012889526566,-0.6417228043112508,-6.549508822203945,-2.8744898737890523,-0.4987520976787231,0
HK.00550,491,1.0,1.0149999856948853,-1.477831123772482,0.5262599469496021,460850.0,460850.0,4.032348616830638,1.1128999948501588,0.6998049992695451,-12.280700653653822,-14.529911394890362,217.46031986312505,733.3333519597852,646.2686381273111,0
HK.00551,491,13.449999809265137,13.350000381469727,0.7490593628312768,1.1380415566461346,2775689.65,37333025.26307921,2.368903825893166,13.474800033569336,14.730137658119201,-2.67727853639282,-5.8028064369103385,-24.54308573145554,-10.22659604216159,8.171706144060028,1
HK.00552,491,3.934999942779541,3.890000104904175,1.1568081404068424,1.7163148483688027,8816216.1,34691809.84903207,2.2031161982742513,4.0518000173568725,4.160872229337692,-8.060753507398942,0.42212423340646293,-6.317604286078532,-9.944032399790647,-13.300148599025533,3
HK.00553,491,3.2699999809265137,3.3450000286102295,-2.24215387271242,0.4228380315336837,3174500.0,10380614.939451218,3.1752301605937054,3.334700002670288,4.463060396909714,-7.3654388830177275,-18.6001555190201,-39.025763635361336,-32.08252716030602,-42.44887761796966,0
HK.00554,490,0.19699999690055847,0.19699999690055847,0.0,0.0,36300.0,7151.0998874902725,1.8490793058148576,0.19976000100374222,0.21681999996304513,2.072535299730675,-1.500003017485097,-13.215859667033222,-24.230767643663246,-36.451614391791324,0
HK.00556,491,0.41999998688697815,0.41499999165534973,1.2048181523292238,0.07961097905534655,987476.95,414740.30605119315,8.437206820892982,0.48382742285728453,0.4719832497835159,-9.677422869507296,-2.6442370629646472,-40.44118249909454,-7.040941438579532,52.97059273351583,1
HK.00557,490,0.5450000166893005,0.5450000166893005,0.0,,0.0,0.0,0.0,0.5733000040054321,0.6193749991059303,-2.6785688626827135,13.541672681458428,-22.142853432772046,-22.142853432772046,-21.01449006196205,0
HK.00558,491,1.315000057220459,1.3450000286102295,-2.2304810967750743,0.9978192032825072,1341123.7,1763577.7422397137,3.6245919596731366,1.4816000056266785,2.669213106036186,-14.052282234621028,-46.10655629580397,-62.5356108036085,-62.64204362653626,-78.3022871641355,0
HK.00559,490,0.12600000202655792,0.12600000202655792,0.0,,0.0,0.0,0.0,0.12600000202655792,0.11893000144511462,0.0,0.0,32.63158274489431,35.4838699340159,-34.7150261067567,0
HK.00560,491,0.6000000238418579,0.6050000190734863,-0.8264454667762735,0.28737389177621525,329600.0,197760.00785827637,1.0717490686857847,0.6260000073909759,0.6944849964976311,-2.439022026387315,-12.408755948391253,-18.248170795786468,-20.37159442704866,-21.405071353829392,0
HK.00563,491,0.22599999606609344,0.22100000083446503,2.262441272737166,1.082530108195485,344037.4,77752.45104658902,3.417547116017034,0.23226000010967254,0.28209000021219255,-1.7391339276823337,-16.296301079384882,-25.901642371748885,-28.253968959792974,-31.515155428587633,1
HK.00564,491,12.25,12.59000015258789,-2.700557176069638,1.3384004906938995,1270954.9,15569197.524999999,3.101876510293452,13.53519998550415,16.962104439735413,-15.691670852529066,-20.330896071006105,-43.185129067608564,-35.845405532184635,-19.227053115794195,0
HK.00565,491,3.2200000286102295,3.180000066757202,1.2578604092237398,0.7144174541351589,8880050.0,28593761.25406027,5.522878958773458,2.973000001907349,2.3471999990940096,15.000002980232289,17.090910131281074,62.626262504632905,131.65468070134514,203.77360400291323,1
HK.00567,490,0.2800000011920929,0.2800000011920929,0.0,0.18099547511312217,223000.0,62440.000265836716,3.08287316572231,0.2787999963760376,0.21982499931007624,9.803924089392945,-12.49999767169351,61.849718251761246,201.0752629594234,211.11110007321437,0
HK.00568,491,4.929999828338623,4.679999828338623,5.341880537819352,2.9055222272753642,36624505.5,180558805.82798696,3.7201470499425957,4.928199977874756,5.688550018072128,2.494800145251936,-9.706963481784559,19.66019333201084,52.631572731469376,14.91841193884658,1
HK.00570,491,1.3350000381469727,1.3700000047683716,-2.5547420802612653,1.5494186452124943,7960681.6,10627510.239675904,2.019977266155938,1.4130999875068664,1.8135249930620194,-9.183672641890274,-15.506328994542857,-36.124397465462096,-37.02829668809585,-39.592759497581945,0
HK.00571,491,0.04699999839067459,0.04699999839067459,0.0,3.1494675931795344,42566.65,2000.6324814964087,1.1843927857870185,0.04286000058054924,0.04671000003814697,11.904759581735043,-6.000004619359902,-7.843138687155083,6.818178739429488,-11.320756706278218,0
HK.00572,490,0.3799999952316284,0.39500001072883606,-3.797472174628627,0.0,15614.0,5933.319925546646,1.6424666117470184,0.3812000036239624,0.4352499993145466,-5.000002607703171,-6.172840959723081,-20.0,-19.14893697969187,-17.39130688299524,0
HK.00573,490,0.25999999046325684,0.25999999046325684,0.0,0.04322455154527772,69555.0,18084.29933667183,2.3218320346378998,0.2614999955892563,0.29502499803900717,1.960782480441495,-1.8867907552966041,-21.212127232792163,-20.0,-16.129035979478314,0
HK.00574,490,0.017999999225139618,0.017999999225139618,0.0,,0.0,0.0,0.0,0.018319999277591707,0.03806736485101283,0.0,-51.35135407252758,-64.70588321229305,-61.702127996857435,-65.38461758892913,0
HK.00575,491,0.8500000238418579,0.8450000286102295,0.5917153919925783,0.9740082079343365,32171.25,27345.56326702237,1.8857551507744048,0.9291999995708465,0.8572999984025955,-5.555550404536735,41.66666501098216,-15.841581003185132,-17.47572354832594,-1.1627895694091224,1
HK.00576,491,6.110000133514404,6.164999961853027,-0.8921302299909768,1.9475656531745553,6162304.85,37651683.45625646,1.750114235334359,6.366500015258789,6.7165694379806515,-3.9308175275439052,-11.44927465121954,-6.870983712741413,-9.46149880601883,-9.837695032045069,0
HK.00579,491,1.625,1.649999976158142,-1.5151500920837588,0.9780168217763562,5153547.1,8374514.0375,1.7306461456919404,1.7834712982177734,1.9891114830970764,-7.932010585244672,-17.834446465642422,-23.056826857698212,-21.04961620285821,-24.339219909834185,0
HK.00580,491,1.2949999570846558,1.2949999570846558,0.0,0.8461673601362321,6860898.75,8884863.586812168,5.157431251689369,1.6946000003814696,1.936635839343071,-12.500004027340811,-48.80242436193238,-35.62285295866208,-33.98891831425276,-26.149363204850335,0
HK.00581,491,1.1100000143051147,1.1299999952316284,-1.7699098239742965,1.811864848432207,1137700.0,1262847.016274929,2.584197578474775,1.0983360314369202,1.217002006173134,-0.44843006178141653,-2.892496048477021,-21.542281250466065,-10.923946816994194,-32.302195954223464,0
HK.00582,490,0.07400000095367432,0.07400000095367432,0.0,0.0,221760.15,16410.251311486958,5.034718764560173,0.05830000042915344,0.09736000027507544,-6.329117027961651,13.846159489197346,-43.07692025540133,-37.28813516514906,-43.93939291314316,0
HK.00583,490,0.1899999976158142,0.1899999976158142,0.0,0.0,111800.0,21241.99973344803,2.0781871160975687,0.19916000008583068,0.22049499899148942,-9.523807834335413,-20.83333255723117,-15.555554378179826,-22.13114939311663,-16.299559818381756,0
HK.00585,491,5.099999904632568,5.235000133514404,-2.5788008679802354,1.030356722364899,567020.95,2891806.790924668,11.071732531156194,5.3900999832153325,2.571024997532368,22.302153748763313,59.8746022931532,454.34780566476053,537.4999785795811,390.38462420187085,0
HK.00586,491,7.635000228881836,7.809999942779541,-2.240713382584527,0.9797709703085979,5777938.95,44114565.20571528,2.9190592148766923,8.950549592971802,10.23399753332138,-15.072297850212237,-25.507653167801358,-39.92736247538455,-18.21361344218464,-19.63087462235422,0
HK.00587,491,0.2750000059604645,0.2750000059604645,0.0,0.845503199663533,423162.4,116369.66252224446,3.530163290674987,0.2837999987602234,0.4542749977111816,-1.785712575121809,-34.5238060603876,-50.0,-50.8928562875609,-61.26760362372745,0
HK.00588,491,0.699999988079071,0.699999988079071,0.0,0.3027338212250578,15255740.65,10679018.2731374,4.533341314124968,0.6936999988555909,0.7690749964118004,0.7194237817389376,-12.500002793967683,-13.580248639671158,-7.894737254879816,-23.076926603825033,0
HK.00590,491,21.559999465942383,21.3799991607666,0.8419097859745993,1.0760884819889711,1758693.0,37917420.14075661,3.971289957534717,22.822483291625975,23.955296688079834,-11.348685294059518,4.097511749091421,-31.175723077678075,-5.533040769725709,-6.926439220558829,1
HK.00591,491,0.25999999046325684,0.25,3.9999961853027344,0.19436716938888687,516634.1,134324.86107299328,2.7470665604341433,0.25397999793291093,0.2735799993574619,1.960782480441495,-1.8867907552966041,-13.333339956071377,-20.0,-46.938778489195016,1
HK.00595,491,1.4199999570846558,1.3899999856948853,2.158271345216813,0.651326543442726,2390400.0,3394367.897415161,6.0365655790887525,1.2027999973297119,0.8041249990463257,22.413792926264428,-6.578949019519266,268.83116682055504,246.34145596848575,250.51425533851045,1
HK.00596,491,2.194999933242798,2.234999895095825,-1.7897075494633237,0.4821325985797363,2277118.3,4998274.516485953,4.065914872511946,2.32086962223053,3.839562941789627,-6.794058791287669,-38.323688695475084,-44.87204129858795,-68.1045376069329,-77.40200126066756,0
HK.00598,491,4.739999771118164,4.840000152587891,-2.0661235189477742,0.9737044546143607,3864110.75,18315884.070575237,3.113094559087953,4.417299990653992,4.7537073647975925,3.043475421480001,-0.7246635169804718,-3.455235201908266,2.3776792456483435,10.494074858749212,0
HK.00599,490,0.12700000405311584,0.12999999523162842,-2.3076856065781524,0.0,45601.8,5791.428784829379,0.26923017847465286,0.128539999127388,0.15427000053226947,0.0,-2.3076856065781524,-27.840906397000804,-31.351350045186766,-23.030303632370124,0
HK.00600,137,18.09000015258789,18.350000381469727,-1.4168949508273059,0.2915680329854413,912757.6,16511785.123275757,8.925301520676628,13.952800025939942,,21.490931735942766,3.6676181184339933,-43.88958061168384,-35.85106502421859,,0
HK.00601,490,0.06400000303983688,0.06400000303983688,0.0,,0.0,0.0,0.0,0.06400000303983688,0.06400000303983688,0.0,0.0,0.0,0.0,0.0,0
HK.00602,490,0.04100000113248825,0.04100000113248825,0.0,0.0,250.0,10.250000283122063,0.0,0.044640000984072684,0.046525000128895044,-8.888889992678562,-10.86956292869689,-24.074073946320638,-14.583331716453879,-42.25352142235986,0
HK.00603,491,0.11999999731779099,0.11999999731779099,0.0,1.013718298029042,1867376.0,224085.11499130726,3.496180785266871,0.12505999937653542,0.1650749997422099,0.0,-21.052630804995065,-34.06593420089206,-25.0,-30.232562068315755,0
HK.00604,491,0.6399999856948853,0.6600000262260437,-3.0303090509739805,1.537209727121551,5649373.25,3615598.7991850674,3.2051491942695396,0.6737999999523163,0.78594999730587,-6.5693454792226476,-18.98734578336006,-27.272728504228205,-20.987656319619237,-31.18279776637684,0
HK.00605,491,0.8199999928474426,0.800000011920929,2.4999975785613424,1.8157303370786517,57775.0,47375.499586761,2.8844684797445024,0.8123000025749206,0.8491249972581864,1.863352243678002,5.1282080672902834,-1.2048181523292238,0.0,-39.25926086179838,1
HK.00606,491,0.22699999809265137,0.22699999809265137,0.0,0.3721510794692802,413670.0,93903.08921098709,4.859888281289637,0.25009999722242354,0.277324999794364,-14.339618737182189,-17.454547937251267,-21.72413633637985,-15.925929973154732,-21.72413633637985,0
HK.00607,490,0.3400000035762787,0.3449999988079071,-1.449273985189887,0.43195348193271493,104085.0,35388.90037223697,2.4636906006626473,0.41460000157356264,0.8481499974429607,-20.000001402462193,-75.36231849629748,-74.0458001200465,126.66666004392862,0.0,0
HK.00608,491,1.0549999475479126,1.100000023841858,-4.090915938054087,0.49261083743842365,20800.0,21943.998908996582,1.7042694621452688,1.1577000069618224,1.2836829751729966,-6.637172389398306,-13.664904386359064,-27.478521099493534,-34.07138527342294,-30.280486537684503,0
HK.00609,491,1.0299999713897705,1.0399999618530273,-0.9615375798129149,0.39215686274509803,46200.0,47585.9986782074,0.43554663226037627,1.0562660801410675,1.2874056747555733,-6.363640994079741,-12.595934136589737,-30.876522709723293,-28.055153353130326,-22.803708024021603,0
HK.00610,491,0.8999999761581421,0.8999999761581421,0.0,0.257983584182059,62819.45,56537.503502267595,2.0499796874256035,0.8970999932289123,0.895025001168251,-3.743318303400646,5.882347166332156,-4.255321442460307,-2.1739174096029172,28.571427355007227,0
HK.00611,491,0.44999998807907104,0.45500001311302185,-1.0989065691980104,0.7299270072992701,628000.0,282599.9925136566,1.715563671578766,0.47410000026226046,0.5051749977469444,-7.2165000399412556,-16.666672185615038,-3.2258097595362787,-15.09433728853283,-11.76470656983444,0
HK.00613,491,4.619999885559082,4.565000057220459,1.2048155016258946,0.23018319133217538,2759835.0,12750437.38416195,10.940693367684407,4.5683000373840335,2.4674750059843062,-10.029217533937619,82.608693193828,272.58063306669544,156.66666710818257,52.98012962707702,1
HK.00616,491,0.10899999737739563,0.11400000005960464,-4.385967262802434,3.2197760965919815,6778818.6,738891.2096218406,11.054819971091618,0.12568000033497811,0.23778499994426966,0.925920879665193,-40.760871105684785,-59.62963220513887,-70.54054162901103,55.71428130475844,0
HK.00617,491,0.2070000022649765,0.2070000022649765,0.0,1.9536539234020818,430794.7,89174.50387573987,3.246999252953274,0.1727600008249283,0.2131949996203184,18.965521966281926,-1.8957314175100652,-10.000000647876561,-17.1999990940094,-27.368419346496758,0
HK.00618,491,0.3149999976158142,0.32499998807907104,-3.076920255401327,1.515155854998883,804557.55,253435.62633178534,6.50000959695575,0.3402999997138977,0.27467500045895576,0.0,-7.3529428522066915,31.799166258183636,52.91262002487481,109.99999006589294,0
HK.00619,490,0.28999999165534973,0.29499998688697815,-1.694913713180618,0.24528591139046452,8060.0,2337.399932742119,0.34936446389110254,0.29949999988079073,0.34442500010132787,-3.3333399560713786,-26.582282587725775,-21.62162488703309,-25.64102505320861,0.0,0
HK.00620,490,0.23800000548362732,0.22100000083446503,7.692309766955955,0.06178560395427865,194620.0,46319.56106722355,4.078521094843729,0.3275399997830391,0.4027049990743399,-35.67567502259338,1.2765983350139942,-38.97435532989338,-62.222221065871075,-63.939394541461034,1
HK.00621,491,0.5400000214576721,0.5400000214576721,0.0,0.8042312271046653,2156905.8,1164729.1782821773,3.896835068122536,0.5302000045776367,0.5437500022351742,-1.8181800448205245,-19.402983879612854,9.090912374911527,5.882359128509954,5.882359128509954,0
HK.00622,491,2.625,2.7100000381469727,-3.1365327288000135,0.45078310058861654,24105265.05,63276320.75625,5.6014656819309705,2.4860000085830687,1.6900999963283538,-0.37950628081401805,13.146554979891139,93.0147038521342,250.0,395.2830456040785,0
HK.00623,491,2.200000047683716,2.2100000381469727,-0.4524882484455325,0.6091006650590499,234205.3,515251.67116777896,2.5847508974739126,1.9797999906539916,1.9023390477895736,18.279571546434806,12.275490850262015,16.20513249979772,19.184746471138013,-15.17873286758618,0
HK.00625,2,46.0,48.5,-5.154639175257731,,,,,,,,,,-5.154639175257731,,0
HK.00626,490,1.5499999523162842,1.5499999523162842,0.0,0.0,205400.0,318369.99020576477,1.3045343356197157,1.4111404204368592,1.4034601455926896,9.540635625633957,10.781616937946119,6.350361321615089,17.040018586207808,22.2418003688405,0
HK.00627,490,0.5550000071525574,0.5550000071525574,0.0,0.0,42008.75,23314.856550469995,2.0966311162410713,0.5826000142097473,0.5630500027537346,-7.500002483526767,-20.714283342264096,8.823532849172198,2.7777750183035925,-39.67391336037441,0
HK.00628,491,0.3100000023841858,0.28999999165534973,6.896555622182589,1.0601198984945857,19700794.9,6107246.465970355,11.21002864434036,0.31302000015974046,0.29414499953389167,-13.888891648363074,-33.33333333333333,52.709365174546555,60.621759817838324,24.497993938638455,1
HK.00629,490,0.28999999165534973,0.28999999165534973,0.0,0.0,31950.0,9265.499733388424,1.4528390538572087,0.2700999990105629,0.28639867700636384,7.40740004880958,-1.694913713180618,9.447960006240168,-4.674351534197889,7.457999514324608,0
HK.00630,491,0.17000000178813934,0.14000000059604645,21.428572188834753,2.5206260989315004,24131.6,4102.372043150664,2.1679836639814143,0.1505400010943413,0.2376000003516674,54.54545700845641,-39.285713905582625,-31.999999284744263,-31.999999284744263,-49.25373207356992,1
HK.00631,491,9.03499984741211,9.194999694824219,-1.7400745266165893,0.8410968959073825,12962414.4,117115412.12609254,5.392458145108516,7.5813999843597415,9.419271092414856,15.907630006178392,17.79659968503882,-39.40161657793528,9.091093329759099,32.129905342700624,0
HK.00632,491,0.1850000023841858,0.18000000715255737,2.7777750183035925,0.47660294502749634,5018100.0,928348.5119640827,4.795522528605922,0.20650000035762786,0.2681399993598461,-1.5957400432101987,-30.18867457706566,-22.916663950309097,-3.6458329291134697,-64.42307515962582,1
HK.00635,491,0.5,0.5,0.0,3.5430335103602544,141535.95,70767.975,0.5105976396727058,0.47020000278949736,0.48369292184710505,7.526880893449264,0.0,6.000001769065887,6.000001769065887,2.8571505643889306,0
HK.00636,491,5.829999923706055,5.945000171661377,-1.9344027692968853,0.658095135168609,2034643.6,11861972.032769013,3.1411612890097347,5.830400018692017,6.442001376152039,0.1718170403734405,-6.270094527986777,-15.737070683735755,-17.137560748684585,-34.16290625868304,0
HK.00637,490,0.1679999977350235,0.17299999296665192,-2.890170771620918,4.782608695652174,59100.0,9928.799866139889,1.8084424840524356,0.176180000603199,0.18023000068962575,-2.890170771620918,-7.69230706250374,-16.41791365659511,10.526317853346493,-16.41791365659511,0
HK.00639,491,2.9649999141693115,3.015000104904175,-1.6583810611990817,0.7025285461614955,21617208.65,64095021.79183009,4.381632961520003,2.467721629142761,2.7966818022727966,27.801724115783056,5.811137314080234,-7.655729136384573,2.260432037423892,10.394730429677205,0
HK.00640,490,2.3399999141693115,2.3399999141693115,0.0,1.3071895424836601,16300.0,38141.99860095978,0.7821896942234643,2.4125000429153443,2.4524053823947907,-2.9045713347868625,-5.706472422854212,-10.2634120009315,-0.9309772116449724,3.5721506836940837,0
HK.00641,490,0.3799999952316284,0.3700000047683716,2.7027000903735274,0.31413612565445026,17600.0,6687.99991607666,1.0232414317480722,0.3755000025033951,0.3356000006198883,1.3333320617675781,-7.317073525310204,38.181813452854726,28.813563431518354,13.432831571956816,1
HK.00643,491,0.18000000715255737,0.18000000715255737,0.0,0.5054151624548736,684000.0,123120.00489234924,6.9744401938271885,0.19391999930143355,0.23325999945402145,-8.629436556073827,-22.413787787932833,-21.052628483138257,-13.87559726739805,-77.77777696015576,0
HK.00645,490,0.17299999296665192,0.1850000023841858,-6.486491493450738,0.0,15100.0,2612.299893796444,0.4032258129124006,0.17790000289678573,0.16099500067532063,-2.259891571743324,-6.989253298824595,3.5928128217803232,32.06106609734371,4.216867199499895,0
HK.00646,491,0.1850000023841858,0.11800000071525574,56.779662087127335,30.456608054452637,1066600.0,197321.00254297256,9.075502903332959,0.12803999826312065,0.14012500014156104,40.15151771714209,60.869564372334914,18.58974267127953,12.804876386693845,13.496932234913602,1
HK.00648,491,0.5699999928474426,0.5600000023841858,1.785712575121809,0.5166954132124618,674956.4,384725.14317233564,6.566694726592229,1.3621000099182128,4.6323249989748,-8.80000114440918,-70.0,-90.80645144543959,-83.71428591864449,-92.5,1
HK.00650,491,0.20399999618530273,0.20399999618530273,0.0,0.3400309119010819,2962800.0,604411.1886978149,7.648030543583731,0.25011999875307084,0.30331999994814396,-10.132159515684688,-55.65217554681916,-25.818184813192,9.677414703071538,-0.9708757528160663,0
HK.00653,491,0.05999999865889549,0.04399999976158142,36.36363405457212,3.0562459233608994,15114622.0,906877.2997297123,16.398533605282942,0.042100000232458114,0.07055500004440546,122.22221149093357,57.89473839000987,-48.2758617367458,-47.368422256557345,-45.9459478507693,2
HK.00655,490,0.45500001311302185,0.4449999928474426,2.2471956014182424,0.59104040350652,250782.1,114105.85878851116,3.2474057458771015,0.4281999975442886,0.34847999826073645,-5.2083284826948155,10.975613922394897,51.66666501098216,51.66666501098216,37.878786373620144,2
HK.00656,491,5.139999866485596,5.335000038146973,-3.6551109703291993,0.8565569579310359,11752713.45,60408945.56384346,3.8112004055004567,4.5880000162124634,4.311750010251999,6.7497363531237085,29.797975176050446,38.54446937021765,17.084282979726165,-7.052447170454447,0
HK.00657,490,0.027000000700354576,0.027000000700354576,0.0,0.0,1400.0,37.80000098049641,0.0,0.028060000240802765,0.030695000188425182,0.0,0.0,-12.903222123802454,8.000001192092878,-6.896546630102299,0
HK.00658,491,1.0099999904632568,1.0199999809265137,-0.9803912402207475,1.8503252187619306,229799.55,232097.5433084607,4.858669263347842,1.1741999888420105,1.6805500078201294,-15.833337472544612,-48.20512996074163,-56.277055606851675,-38.787878481371884,-20.47244050142244,0
HK.00659,491,7.909999847412109,7.974999904632568,-0.8150477491880763,0.9539488322475006,1713073.7,13550412.705605697,1.6587085658936955,7.907599954605103,8.023816924095154,-2.526185206260428,-2.7060303066666997,-14.375238857793645,9.320385022452614,20.973986446894273,0
HK.00660,491,0.3799999952316284,0.3799999952316284,0.0,0.5618541185913515,253175.0,96206.49879276752,5.875714107762509,0.44480000138282777,0.4060299989581108,-20.0,-47.945207492744565,46.153849680748344,102.12766395914672,75.11521104405435,0
HK.00661,491,0.1459999978542328,0.15800000727176666,-7.594942319776829,1.139397833297726,48528425.0,7085149.945869297,7.4841297468968255,0.11082000032067299,0.1226850001886487,50.51545726592887,47.47474610641311,-16.09195284176285,32.727271495771795,131.74602461269694,0
HK.00662,490,4.679999828338623,4.699999809265137,-0.42553152634363073,0.0,9800.0,45863.998317718506,0.27501380539744175,4.679400043487549,4.600778489112854,0.2141274492786179,-0.6160190677824509,-0.6160190677824509,0.8333231452133797,6.5967517691689705,0
HK.00664,105,13.300000190734863,11.899999618530273,11.76471106792774,1.4619532654284002,15270.0,203091.00291252136,4.4773598619050645,14.349399948120118,,-10.01352888345964,-44.76744089338055,,-56.39344199759061,,1
HK.00666,491,9.954999923706055,10.25,-2.878049524818979,1.0965882402059357,1998631.8,19896379.416516494,3.963642320697141,11.167299995422363,13.71692497730255,-11.824623938509378,-33.54472478027929,-37.54705027748393,-24.23896755250235,-13.734835731251271,0
HK.00667,491,4.079999923706055,4.079999923706055,0.0,0.4906352741037801,6456334.85,26341845.695420742,4.50461020701131,4.181500043869018,5.062997391223908,-7.272731016490004,-14.465410062463668,-27.906629919442018,-35.20179058067023,-46.43985784282273,0
HK.00669,491,130.6999969482422,131.1999969482422,-0.3810975698400723,0.8268433037275482,5696887.5,744583178.8644791,2.7449909099090917,132.35702255249024,112.1073843383789,-8.092447963470269,15.224990297648636,7.8122029338500765,44.33206051881697,35.8859786654593,0
HK.00670,491,2.609999895095825,2.684999942779541,-2.7932979248437135,1.8072433181690573,13338764.45,34814173.81520792,3.279452994501688,3.0981000089645385,4.191975016593933,-22.205666758338786,-29.45946320379794,-55.61224754595112,-50.93985317897554,-15.533981631275395,0
HK.00672,491,0.07999999821186066,0.07999999821186066,0.0,14.893033564358296,871010.0,69680.79844251275,8.096414642185328,0.08283999919891358,0.10298999965190887,-2.439029265698055,-20.000002980232196,-34.959352843798705,-26.60550446173587,-49.04458882857135,0
HK.00673,490,0.3199999928474426,0.3050000071525574,4.918027981350978,0.38782446633737494,94625.5,30280.159323185682,4.617957515717663,0.387599995136261,0.5648499974608421,-21.951220575930613,-40.740744420039654,-52.23880822739794,-60.0000014901161,-45.26312237133537,1
HK.00674,491,0.04500000178813934,0.04699999839067459,-4.255312065993758,10.54945054945055,13900.0,625.5000248551369,3.580942772285704,0.05331999994814396,0.07258500011637807,-2.1739093463565164,-32.835819899677375,-39.18918755648345,-45.12195055467754,-51.086954673178255,0
HK.00675,491,0.3499999940395355,0.375,-6.66666825612386,10.309278350515465,14700.0,5144.999912381172,0.7602982964150745,0.36650000751018524,0.3738923078775406,-5.405408235428679,-5.405400616134866,-10.019779626035124,-10.019779626035124,-3.1004183561862653,0
HK.00676,490,1.0099999904632568,1.0099999904632568,0.0,0.0,1300.0,1312.999987602234,0.0,1.0083999919891358,1.001749997138977,-0.9803912402207475,2.020200074126503,0.0,0.9999990463256836,-0.9803912402207475,0
HK.00677,491,0.39500001072883606,0.36500000953674316,8.219178194041364,9.334902884049441,484500.0,191377.50519812107,1.9775371757713087,0.3394633412361145,0.33673339515924455,15.104418562501026,18.440783589295222,16.748769861449155,18.440783589295222,19.56912717069732,4
HK.00679,491,4.949999809265137,4.800000190734863,3.1249919285380074,0.5417188442094523,2693875.0,13334680.73618412,19.8943854246229,6.132730693817138,5.051150812506676,36.740330545636084,-60.93962369989728,249.3428264662416,422.1755752093535,401.23415167304654,1
HK.00681,491,0.02800000086426735,0.027000000700354576,3.703704214717449,0.3594947550484997,1162601.15,32552.83320479821,3.542461843060847,0.02929999977350235,0.031950000133365394,-6.666661699612825,-3.448270103593903,-24.32432296373621,-19.999997871262696,-12.500001455191454,1
HK.00682,491,0.21400000154972076,0.2150000035762787,-0.46511721391815564,1.2543929967505882,54195.65,11597.869183988125,0.3176931094151205,0.2258400011062622,0.25801499888300894,-6.956522753198096,-7.7586173674580206,-27.457623368739505,-26.206893893966416,-4.888885680540024,0
HK.00683,491,18.559999465942383,18.280000686645508,1.5317219298652909,1.313730907853884,1327926.4,24646313.27481079,2.6997805939529913,18.98059997558594,20.76417537689209,-5.977711848316504,-9.46341723930545,-24.627762444633372,-5.32421262952899,-4.844686884577898,1
HK.00684,490,0.44999998807907104,0.44999998807907104,0.0,0.0,7500.0,3374.999910593033,0.18055575550245875,0.42420000076293946,0.5066749984025956,9.756095610793878,-10.000002384185791,-25.000004967053535,-15.09433728853283,-25.000004967053535,0
HK.00685,490,0.1899999976158142,0.1850000023841858,2.7027000903735274,0.0,5900.0,1120.9999859333038,0.8156468779917945,0.18656000018119812,0.20500499971210956,2.7027000903735274,-13.636364252114102,-12.037040422503098,-19.14893697969187,-8.653849184777547,1
HK.00686,491,0.6899999976158142,0.6899999976158142,0.0,0.34810987217840633,174750.0,120577.49958336353,2.1722904603974373,0.7792999970912934,0.9625313290953637,-13.207549291728144,-21.51580541107547,-38.24194702614081,-34.48276076743876,-44.18901936742844,0
HK.00687,491,0.33500000834465027,0.33500000834465027,0.0,1.0280344665243775,304900.85,102141.78729429095,3.438414836259032,0.2989416629076004,0.2883390446007252,4.415589602968033,17.888567140333073,17.563509166791736,21.126025543851544,40.0926395478843,0
HK.00688,491,12.869999885559082,12.3100004196167,4.549142541457522,1.782941025153252,34682777.0,446367336.02087116,4.252222898259956,13.223148555755616,13.348878121376037,-2.4999994581395852,-18.142803825663332,-8.502475588203906,5.123266062835565,-6.34837458393396,1
HK.00689,491,0.14499999582767487,0.1469999998807907,-1.36054697601207,1.2905697250779207,235788.25,34189.29526621476,2.666912744335978,0.1657799994945526,0.2027880349010229,-4.605262835414611,-38.29787395938374,-30.95238078343354,-31.603774745328963,15.079359917083318,0
HK.00690,491,0.05999999865889549,0.05999999865889549,0.0,0.6513314299981545,4514950.0,270896.9939449802,6.766300566602481,0.07416000038385391,0.09592874109745025,-17.808219807236124,-32.58427234366296,-44.49835016047659,-45.94621996701222,-61.14884511233362,0
HK.00691,491,0.29499998688697815,0.28999999165534973,1.72413633637985,0.26368178881725535,30689.6,9053.431597566605,4.767361559154487,0.26811999678611753,0.4523299978673458,22.406635258398506,-20.270274841846327,-43.269231210093544,-50.0,-69.27083401242272,1
HK.00693,490,1.5499999523162842,1.5499999523162842,0.0,,0.0,0.0,0.0,1.5938000011444091,1.6487582451105118,-3.1250044237821637,-5.487806961197449,-12.201793083665804,-18.441256573783598,9.926856008906192,0
HK.00694,491,1.524999976158142,1.534999966621399,-0.6514651909255247,0.7916314118180879,7019373.7,10704544.72514509,3.4153939974234513,1.621700005531311,2.1082750016450884,-10.294121565703179,-12.356323689667253,-39.24302860747496,-44.74637748450949,-50.32573259546276,0
HK.00695,491,7.815000057220459,7.809999942779541,0.06402195233740876,0.8852313167259787,858600.0,6709959.049129486,4.238995895453797,8.303499927520752,7.696624989509583,-9.653174544898878,11.324787442364347,-14.869283252482255,-5.84337496830182,32.90816165168604,1
HK.00696,491,8.59000015258789,8.645000457763672,-0.6362093957599277,0.45706850487499207,2979724.65,25595835.1981699,2.0671540433200293,8.414670991897584,9.47222461938858,1.5366443718053742,-6.136394235839386,-16.016767801896844,-14.489794000299424,-21.821383450408266,0
HK.00697,491,1.309999942779541,1.3700000047683716,-4.379566553284421,1.1042375397184978,41811045.05,54772466.623052806,4.284648654803959,1.6202999997138976,1.8062629222869873,-27.823696888158178,-24.731325086645022,-43.15016767196037,-38.71692680423559,-27.845255177111454,0
HK.00698,491,2.369999885559082,2.200000047683716,7.727265190487229,1.2947248547263026,110169.9,261102.6503920555,5.302472104464955,2.005799984931946,3.091250002384186,15.6097532042004,-10.90226281632027,-37.631581176351006,-40.30227031537974,-59.83051106355132,1
HK.00700,491,438.20001220703125,441.3999938964844,-0.7249618789536217,0.9183504061997845,23022820.0,10088600005.040283,2.163246829740765,454.6960009765625,515.0156294250488,-10.971149666954151,0.5045899557411124,-17.601221703882565,-28.843427907213687,-26.115760262281697,0
HK.00701,490,0.09099999815225601,0.09099999815225601,0.0,0.0,116900.0,10637.899783998728,0.9882322591256136,0.10067999944090843,0.15307000018656253,-8.08080944914245,-22.881357965541948,-50.0,-53.80710681016359,-57.674420168104504,0
HK.00702,490,0.03400000184774399,0.03400000184774399,0.0,,0.0,0.0,0.0,0.03400000184774399,0.03400000184774399,0.0,0.0,0.0,0.0,0.0,0
HK.00703,490,0.09300000220537186,0.0949999988079071,-2.105259608033577,0.35320088300220753,138300.0,12861.900305002928,3.74609521804468,0.10651999980211257,0.1195849995687604,-5.102036084075091,-4.123711894505927,-28.461534141083284,-29.545452492952997,-42.23602291891167,0
HK.00704,490,0.13300000131130219,0.13300000131130219,0.0,,0.0,0.0,0.0,0.13300000131130219,0.14114500045776368,0.0,0.0,-4.316544834485618,32.99999932944775,7.258067326571811,0
HK.00707,490,0.05999999865889549,0.05999999865889549,0.0,,0.0,0.0,0.0,0.05999999865889549,0.05999999865889549,0.0,0.0,0.0,0.0,0.0,0
HK.00708,490,0.17000000178813934,0.17000000178813934,0.0,,0.0,0.0,0.0,0.17000000178813934,0.17000000178813934,0.0,0.0,0.0,0.0,0.0,0
HK.00709,491,1.3949999809265137,1.4049999713897705,-0.711743107963571,0.4641764423542239,1000046.0,1395064.1509256363,1.1868673791643172,1.3937999820709228,1.4149605107307435,-1.0638287978706684,-4.189559804133238,-4.815771576878694,2.557651337527157,1.0375638343082134,0
HK.00710,491,4.260000228881836,4.300000190734863,-0.9302316297384027,0.612874858244755,1771780.0,7547783.205528259,3.2132238081131375,3.991388535499573,4.387358232736587,5.707196205938267,-6.762092041598038,-7.927579343813021,-18.157840808144176,-42.00162026522154,0
HK.00711,490,0.4300000071525574,0.4300000071525574,0.0,0.0,294068.75,126449.5646033436,1.8076790625898544,0.4256510019302368,0.41899595126509664,0.6662708410225139,0.6662708410225139,3.0073398874561534,3.0073398874561534,5.034756295356296,0
HK.00712,491,0.05900000035762787,0.05900000035762787,0.0,0.1822877107701656,77575.0,4576.925027742982,0.6438220335144956,0.06179999999701977,0.09334000000730157,-18.055551531322035,-24.35897546113123,-53.54330828765013,-42.71844632102628,-39.79591642789963,0
HK.00713,490,0.33000001311302185,0.3199999928474426,3.1250064028428435,0.0,74800.0,24684.000980854034,1.1250563252871142,0.3538000065088272,0.39204999908804894,-8.333333333333332,-13.157890196322017,-24.99999661337244,-17.499997951090364,-29.032255790318807,1
HK.00716,491,0.44999998807907104,0.4350000023841858,3.448272554637248,4.339306014182862,1114250.0,501412.4867171049,2.5059252394333447,0.44641182363033294,0.5713884162902833,0.0,-7.799073648843264,-31.851488314079308,-32.82503761479073,-31.766732374643382,1
HK.00717,491,0.06599999964237213,0.06800000369548798,-2.941182271212952,1.706123925820169,1808404.25,119354.67985326424,4.396823283291969,0.06546000018715858,0.08506500028073788,1.5384647126735067,-5.7142866266017025,-34.65346797589346,-29.032260131968208,-36.53846319169685,0
HK.00718,491,0.028999999165534973,0.028999999165534973,0.0,8.650670536429143,499360.0,14481.439583301544,2.2612729934752025,0.030860000215470793,0.031965000247582795,7.407401530749339,-6.451614066167647,-17.142859879805105,-9.375006912159405,-54.6875034560797,0
HK.00719,491,5.619999885559082,5.670000076293945,-0.8818375672323565,0.21142664936812264,395460.0,2222485.1547431946,2.1031557946583095,5.926543064117432,6.3050426840782166,-8.617889456742924,-4.324694843028615,-17.309195220769336,-13.863742251770725,-26.07463116641446,0
HK.00720,491,0.3149999976158142,0.2800000011920929,12.499998669539185,1.9034280548925808,275183.95,86682.94359391034,3.001787984941252,0.2963000011444092,0.29324000209569934,23.52941313966888,0.0,-9.999999148505061,109.99999006589294,104.54545410563279,2
HK.00722,490,0.44999998807907104,0.44999998807907104,0.0,0.0,28430.1,12793.544661086797,1.1416527614128595,0.44729999601840975,0.45613268941640855,4.6511582776364895,-5.263159215615413,-0.3492907403569859,-3.4633769974799904,-5.397308281534014,0
HK.00723,491,0.23800000548362732,0.2409999966621399,-1.2448096348807376,0.4789743562451604,575667.0,137008.7491567433,4.894752895172428,0.21968000054359435,0.2421199993789196,16.097564663226123,-2.057611200374994,-13.454545336321369,-19.322028453238186,-13.454545336321369,0
HK.00725,491,0.949999988079071,0.9700000286102295,-2.0618597877583125,0.20833333333333334,9700.0,9214.99988436699,0.8511310852944428,0.9904999923706055,0.8746183970570565,-1.041665696538963,-12.844040459850367,20.396938459710416,23.40685935764049,26.49201982336114,0
HK.00726,490,0.03500000014901161,0.03700000047683716,-5.405406221758272,0.7553990175178422,55982.5,1959.3875083420426,1.3637678651347485,0.038279999867081645,0.039550000242888926,-12.49999767169351,-16.666665188376843,-10.25641172595275,6.0606070868568365,-45.31250236468611,0
HK.00727,491,0.48500001430511475,0.4699999988079071,3.1914926670751487,0.913081650570676,148875.0,72204.37712967396,2.779421603257639,0.550999995470047,0.6826960903406143,-16.379305472271763,-27.611939966559124,-40.85365627614745,-35.333331425984696,-62.40309855448105,2
HK.00728,491,4.760000228881836,4.7343668937683105,0.5414311076580418,0.5585218380868086,72700251.75,346053214.9697671,2.1863407016417833,4.454955396652221,4.837042624950409,7.65263843996675,-3.688632696052259,1.3396707571610722,-7.738289328432645,-15.62622134529536,3
HK.00730,491,0.11699999868869781,0.11800000071525574,-0.8474593394037465,0.4766777008727054,975437.5,114126.18622090667,3.3795290505335798,0.12057999968528747,0.12176307700574399,-2.499998913456972,0.0,-11.052635335195642,-3.936843332590487,-4.699253687140911,0
HK.00731,490,0.30000001192092896,0.30000001192092896,0.0,0.30637590134695974,458955.0,137686.50547116995,3.3634111714709904,0.32970000147819517,0.28931000001728535,3.448282949422888,-32.58426590047685,77.51480020364333,39.53488694454536,57.068069362643,0
HK.00732,491,0.8299999833106995,0.8349999785423279,-0.5988018395350123,0.15954637299563676,1758711.0,1459730.1006483436,2.632972116362105,0.860099995136261,0.949520426094532,-2.9239807257405617,-15.306125800344395,-14.752566390491234,-19.488535471997107,-26.82828797679539,0
HK.00733,490,0.20100000500679016,0.19099999964237213,5.235604912639797,128.57142857142858,5200.0,1045.2000260353088,0.024875671682797727,0.21182000070810317,0.2550500010699034,-9.049771833555512,-21.176467150827804,-25.55555665934523,-21.176467150827804,-42.571426162914314,1
HK.00736,491,0.1899999976158142,0.1899999976158142,0.0,0.38683163383003544,371883.3,70657.82611336112,9.763170981311413,0.1884599992632866,0.4496599992364645,31.034484884826867,-34.48275755758657,-62.745097810055185,-72.4637683663291,2.7027000903735274,0
HK.00737,491,1.9500000476837158,1.940000057220459,0.5154634107374384,1.6069369190489187,226774.4,442210.09081344603,1.392259784266529,1.839051945209503,1.836700165271759,5.978261538568189,2.8594974834684113,2.342611608899707,9.495590097447531,12.59494687256526,1
HK.00738,491,0.3449999988079071,0.3449999988079071,0.0,1.4071522150516764,873260.0,301274.69895899296,3.8431999507406207,0.30207999914884565,0.2850250007212162,16.94915733677141,18.965520253504728,27.77777225882941,44.95797935250073,39.11290501867512,0
HK.00743,491,1.6699999570846558,2.069999933242798,-19.323670968989575,,14975.0,25008.24935734272,0.17964090877455346,2.061999933719635,2.0445399886369704,-19.323670968989575,-17.976427007203966,-17.976427007203966,-17.976427007203966,-17.976427007203966,0
HK.00745,491,4.460000038146973,4.755000114440918,-6.203997249085886,2.099418480712696,48401.75,215871.80684638023,3.510039533736305,5.191400008201599,2.3821500080823896,-22.29964780507029,11.500000953674316,464.5569515197713,519.4444251281252,696.4285748497564,0
HK.00746,491,4.400000095367432,4.40500020980835,-0.11350997055084161,0.9615384615384616,454400.0,1999360.043334961,2.9116486732894664,4.438708305358887,4.821244637966156,-11.79049783306452,1.8027560699580079,-21.758641025064875,-9.640957837462656,-10.496638386968925,0
HK.00747,491,0.07100000232458115,0.0729999989271164,-2.7397214136017394,0.06973058637083994,316600.0,22478.60073596239,5.242913733611107,0.06840000018477439,0.08492500063031912,-8.974357872202104,-15.476186569281664,-33.018864940582674,-14.457825268797658,5.970150083602185,0
HK.00750,491,0.1899999976158142,0.1940000057220459,-2.0618597877583125,0.3222108581073069,294220.0,55901.79929852486,3.806975157544037,0.20635999977588654,0.2288699994981289,-8.653849184777547,-19.14893697969187,-17.030569504155732,-20.50209058933658,-35.59321828424083,0
HK.00751,491,4.110000133514404,4.195000171661377,-2.026222518920886,1.130604148350431,732522.2,3010666.339802265,2.488225964591269,4.4068999671936036,5.398074991703034,-10.16392776255489,-28.52173680844514,-43.232040560138785,-20.656365449483012,21.597632969140736,0
HK.00752,491,2.184999942779541,2.200000047683716,-0.6818229354116497,0.7261930402649285,307000.0,670794.9824333191,1.269866355797088,2.230592975616455,2.394336408376694,-2.8888914320203996,-1.797751171572875,-17.998801373141777,-11.87931388096715,-6.6547551047513975,0
HK.00753,491,3.694999933242798,3.7950000762939453,-2.635049829796152,1.4125321325565547,19248476.9,71123120.86052553,2.685315378791781,4.142100009918213,5.466975002288819,-15.446223569635794,-23.020837782985456,-48.17671986064852,-48.03094424955523,-28.66795259281134,0
HK.00754,490,2.640000104904175,2.640000104904175,0.0,,0.0,0.0,0.0,2.640000104904175,2.8539500546455385,0.0,0.0,-19.512191221587756,-10.2040798121586,-28.065393732358974,0
HK.00755,490,0.28999999165534973,0.27000001072883606,7.40740004880958,1.9573978123200921,38140.0,11060.599681735039,5.170427395699702,0.2877599972486496,0.33928999975323676,9.433965022643019,-15.942031113797448,-22.66666889190674,-20.547949567613223,-37.63441087634786,2
HK.00756,491,0.8799999952316284,0.8799999952316284,0.0,1.2087912087912087,30880.0,27174.399852752686,5.796738838474462,0.5729000025987625,0.5830500057339668,62.962955604365135,11.392401434102805,134.6666653951009,128.57143299477895,15.789474509759632,0
HK.00757,491,0.06199999898672104,0.061000000685453415,1.6393414590667243,1.0483003101854782,825000.0,51149.99916404486,4.399808269704574,0.060899999663233756,0.0751800000295043,1.6393414590667243,-7.462690384570047,-35.41666828354612,-22.499999534338702,-34.04255201099896,2
HK.00759,491,0.2150000035762787,0.2150000035762787,0.0,0.02028397565922921,93100.0,20016.500332951546,1.5542197812453662,0.22476000010967254,0.22321999959647656,-4.444440323629388,6.96517324415767,-4.444440323629388,-4.867253398799982,-39.4366168805564,0
HK.00760,490,0.12300000339746475,0.12300000339746475,0.0,0.0,15000.0,1845.0000509619713,0.1626016481774154,0.1309000013768673,0.16417000118643046,-0.8064472518713275,-29.71428257591865,-31.66666749450892,-23.124996158294294,-12.14285509014617,0
HK.00762,491,5.570000171661377,5.630000114440918,-1.065718322556362,0.6585024197650404,50280650.0,280063229.1312456,2.283886973386829,6.28,7.347767949104309,-15.47799631728324,-26.703445656899095,-24.662031166760613,-29.522549683877862,-43.58142243664347,0
HK.00763,491,23.5,24.0,-2.083333333333333,0.9498541141530366,10558349.1,248121203.85,3.0826668146423897,24.284799995422365,25.96704128265381,-7.40740434567381,-8.161434977578477,-13.030151244692487,-13.21921432221951,-33.57876749068786,0
HK.00764,490,0.25,0.25,0.0,0.0,49466.15,12366.5375,0.722075112060741,0.2755399987101555,0.637959998473525,-12.280700653653822,-35.897433546167775,-73.11827977663768,-74.74747499073419,-53.703705543353166,0
HK.00765,490,0.13500000536441803,0.13500000536441803,0.0,0.0,1500.0,202.50000804662704,0.0,0.13636000007390975,0.22126499995589255,3.846161781683767,-27.027025067780148,-50.90909002241026,-55.73770419720264,-63.51351253389007,0
HK.00767,491,0.4749999940395355,0.4749999940395355,0.0,0.428565708101898,3884884.1,1845319.9243442863,12.680438200165797,0.44049999833106995,0.4727999982237816,15.853658093362244,35.714286322496385,-3.061227592911475,-5.0000011920928955,-22.13115034421193,0
HK.00769,490,0.699999988079071,0.699999988079071,0.0,,0.0,0.0,0.0,0.699999988079071,0.699999988079071,0.0,0.0,0.0,0.0,0.0,0
HK.00771,491,0.75,0.7400000095367432,1.3513500451867637,0.29323636984037277,70236.8,52677.600000000006,2.1726734053428314,0.7225999963283539,0.74255106985569,8.695652549493667,-5.063293717874323,3.7946476628388397,7.638890255211943,-14.52205859875519,2
HK.00772,491,20.31999969482422,21.559999465942383,-5.751390546539441,1.315722230498112,7414409.65,150660801.82530174,5.258948418172912,20.138200035095213,28.14914999008179,-0.7812492724042223,-17.66612867276668,-43.20849528205732,-39.55978482928208,-50.34212951102888,0
HK.00775,491,0.5799999833106995,0.5899999737739563,-1.694913713180618,0.10395286383818417,8427833.2,4888143.115345359,4.843435190122847,0.5801999986171722,0.7343000003695488,0.8695644061371431,-20.547949567613223,-30.95238078343354,-30.120482533361187,-39.58333372138442,0
HK.00776,491,0.30000001192092896,0.33000001311302185,-9.090909090909092,4.989366063200973,435158.75,130547.63018749654,10.639893391614137,0.31883453965187075,0.8280086353421211,22.44898207432918,-55.8823516521487,-72.72727223467237,-76.37795146248212,-71.42856899572867,0
HK.00777,491,8.154999732971191,8.359999656677246,-2.4521522981441564,0.8236593380731224,1462288.55,11924962.73477683,3.425807879104241,7.655899963378906,8.73593368768692,3.7531755018544173,-6.342640687780763,-11.438987245285013,-19.459918223599267,-24.23496124402588,0
HK.00780,491,11.779999732971191,11.779999732971191,0.0,1.1214204765680442,14917943.85,175733374.56947923,3.195997748475279,12.99132122039795,17.85521466255188,-16.92525049755165,-17.875272816073547,-45.73239069682435,-47.942598488559085,-42.12501256855779,0
HK.00784,491,0.6200000047683716,0.6150000095367432,0.8130073421291051,0.8473080317740512,569000.0,352780.00271320343,4.705591885441473,0.6279000008106231,0.4416700002551079,5.084751242024469,-21.51898886985145,169.56521457444973,620.930213619401,694.8717845849974,1
HK.00788,491,9.149999618530273,9.1850004196167,-0.3810647739511634,1.007416883764179,17428678.1,159472397.96648693,1.7034813501450672,9.387200031280518,10.472541599273681,-8.17863042225808,-8.682642709455234,-15.468974871445393,-18.94285506215682,-18.56903418812704,0
HK.00789,491,0.8949999809265137,0.7599999904632568,17.763156862800457,1.7237720572631854,126462.0,113183.48758792877,9.068569922864928,1.2975,1.7311249959468842,-24.152540617789036,-45.75757612976271,-52.89473725487982,-54.102566203030165,-42.25806397032165,1
HK.00794,490,0.3499999940395355,0.3400000035762787,2.9411736347271384,0.0,11300.0,3954.9999326467514,1.0294116486933829,0.2787000000476837,0.2410099996626377,27.272722346723675,22.80701699349358,90.2173876952528,74.99999441206462,116.0493784008221,1
HK.00797,491,1.0950000286102295,1.1100000143051147,-1.3513500451867637,2.90104772991851,458500.0,502057.5131177902,7.913084185912175,1.0572999978065492,0.7756749990582467,26.58959728759592,27.325582604204513,61.029414278310036,119.0000057220459,85.59323343796474,0
HK.00798,491,0.12999999523162842,0.1340000033378601,-2.985080601935728,2.5846153846153848,73400.0,9541.999650001526,2.4091312133449208,0.14808000206947328,0.19075267478823663,-13.333339956071377,-30.580958188885255,-39.1005665000594,-37.97280250049715,-49.441976406434925,0
HK.00799,491,3.0899999141693115,3.1649999618530273,-2.369669781601046,0.460805545273388,1659291.35,5127210.129081882,3.244779257844324,3.214759531021118,3.021891175508499,-8.904443070087227,-4.909030238437668,10.88902711563932,-1.1144274568092791,-18.871904747030545,0
HK.00800,202,14.930000305175781,15.300000190734863,-2.418299875467589,0.9878262504152656,961557.0,14356046.303443909,3.8140696367637243,15.326400032043457,19.151649980545045,-5.92312279244976,-28.836984599932254,-22.03655037815802,-36.08732913063443,,0
HK.00804,491,13.989999771118164,14.369999885559082,-2.644398868943579,0.6829863354812661,396933.0,5553092.579149246,8.508804723065632,7.973899965286255,4.651174986362458,55.444441901312935,258.71793407738676,288.6111150479612,264.32291884945397,448.62745226369094,0
HK.00805,403,9.609999656677246,9.649999618530273,-0.41450739310101103,0.7757951900698216,2011600.0,19331475.30937195,6.942147350899211,7.538999948501587,3.0259499847888947,18.495685123303275,222.48320789155892,735.6521613836737,922.340391601249,735.6521613836737,0
HK.00806,491,1.965000033378601,1.975000023841858,-0.5063286249386676,0.57921224723503,1612150.0,3167874.8038113117,2.723546876338178,2.051799988746643,2.1910799330472948,-11.48648612366299,-5.980855785843069,-19.72433010570591,-18.424324371940717,-27.52089099501226,0
HK.00807,491,0.9399999976158142,0.9449999928474426,-0.5291000285156192,0.30244595554653403,497000.0,467179.99881505966,1.6869209461514454,0.9753000068664551,1.0434974271059037,-6.000000238418579,-6.000000238418579,-15.207807389369096,-12.874077919185048,-17.419777090862326,0
HK.00809,491,0.36000001430511475,0.3799999952316284,-5.2631529414422,0.02628801180787389,571352.3,205686.83617326024,4.621815258215102,0.38380000174045564,0.5775499992072582,1.4084577986089954,-38.98304571060206,-43.74999650754027,-43.74999650754027,-63.26530537770124,0
HK.00811,491,7.960000038146973,7.954999923706055,0.062854990432087,0.7596791000812714,1335309.7,10629065.262938023,2.646501207241783,9.0964999294281,9.699814455509186,-17.169611628277387,-17.51294971181246,-21.689846508002883,-17.110756470427006,-29.86457277642992,2
HK.00813,491,0.05400000140070915,0.054999999701976776,-1.8181787394294886,1.2653343778712456,41849659.5,2259881.671619201,7.2868772485731315,0.06856000073254108,0.15477000029757618,-22.857141184563545,-50.0,-75.45454468485737,-71.72774790480702,-86.98795120806768,0
HK.00814,490,0.28999999165534973,0.28999999165534973,0.0,0.0,27000.0,7829.999774694443,4.089688227197756,0.28114000111818316,0.29976000152528287,-7.936509888789085,5.454540134461573,-4.918037752603991,-7.936509888789085,-9.375000582076622,0
HK.00815,491,0.25999999046325684,0.2800000011920929,-7.1428609441737585,0.9289113246123505,53456700.0,13898741.490197182,7.348041147847098,0.2768599981069565,0.4870899985730648,-5.454550971669479,-21.212127232792163,-60.0,-64.86486660641765,-38.09523843313292,0
HK.00816,491,2.2850000858306885,2.315000057220459,-1.295895060399715,0.8656955735458736,361637.6,826341.9470396042,3.249647910827312,2.2905400133132936,2.457959657907486,0.2193032677044358,-10.516051675193673,-7.37012708985363,-8.795205041242541,-22.13810369264521,0
HK.00817,491,1.3049999475479126,1.3300000429153442,-1.8797063579510669,1.3072245042595383,95607600.05,124767913.0504318,6.408908695821436,1.3816000056266784,1.4682000041007996,-5.434786082816421,-25.428574425833567,-21.385543747691667,6.097555065968288,-15.836810426852182,0
HK.00818,491,0.33000001311302185,0.33000001311302185,0.0,0.3402505141147878,816000.0,269280.01070022583,4.155288036110963,0.3633000010251999,0.4389999994635582,-4.347821955569661,-25.842692490524538,-32.65305985911895,-33.99999737739563,-36.53845668897103,0
HK.00819,491,4.179999828338623,4.190000057220459,-0.23866894380115683,2.115841568354467,5342664.35,22332336.06587088,2.8205955535162452,4.761099996566773,6.174240701198578,-16.81592539287348,-24.939770941200205,-42.96189562777673,-37.44981090296634,-39.48396521946593,0
HK.00821,491,0.4399999976158142,0.48500001430511475,-9.278353682891009,2.312851379997306,6047700.0,2660987.9855811596,10.706842598539135,0.3105000001192093,0.314730000346899,69.23077452112251,51.72414147471145,29.411762643437918,33.333327312662384,-26.66666997803569,0
HK.00822,491,0.3449999988079071,0.33000001311302185,4.545450029951333,0.48960871662307603,142641.1,49211.17932995856,2.991930215521965,0.3645000034570694,0.35627500057220457,-5.479454851034117,-6.7567582806154425,0.0,-10.389608479527276,-6.7567582806154425,1
HK.00825,491,0.26499998569488525,0.26499998569488525,0.0,0.002959893443836022,606250.0,160656.24132752419,3.0363924001000053,0.27360000073909757,0.3091750013828278,-3.6363709268489552,-11.666674945089223,-28.37838316764853,-3.6363709268489552,-13.114760826108633,0
HK.00826,491,3.109999895095825,3.0,3.66666316986084,1.584052554995883,15858500.85,49319935.979877055,5.13665046901976,3.15433443069458,3.3453601503372195,3.1509050376855545,-8.874394928094848,-23.914537197127387,-1.423873975247081,24.77061561245739,1
HK.00827,491,0.04800000041723251,0.04800000041723251,0.0,0.6832856559051901,2501000.0,120048.00104349852,10.288262055599171,0.046460000425577165,0.04067000017501414,11.627904156080996,49.999994179234186,-22.580643223053922,71.4285676272549,91.99999880790712,0
HK.00828,491,0.1599999964237213,0.1679999977350235,-4.761905606641802,16.790123456790123,59600.0,9535.99978685379,1.8081447007315958,0.17936000108718872,0.2236099999397993,-10.614529697305812,-18.36734662846394,-36.000001430511475,-37.25490218994481,-47.54098600932451,0
HK.00829,491,0.1589999943971634,0.15299999713897705,3.921566908747235,2.0849546044098575,600000.0,95399.99663829803,2.5022197983375674,0.15397999793291092,0.20866499789059162,-0.6250012805685687,1.2738783981764776,-36.144580043682545,-42.18182147238858,-38.84615375798129,2
HK.00830,491,0.800000011920929,0.800000011920929,0.0,1.0424028268551238,466100.0,372880.005556345,4.714794569244416,0.6935000014305115,0.936577770113945,23.076929425347014,-1.0649226908289937,-31.248503623114537,-32.95309304671553,-42.689103324216326,0
HK.00831,491,0.3799999952316284,0.38499999046325684,-1.2987000923330156,0.5489000217817469,1372800.0,521663.9934539795,3.040798907185859,0.3579088515043259,0.3249453634023666,8.29725671009904,14.667683002502589,20.93930367738198,32.277370454493116,24.54942632681247,0
HK.00832,491,0.035999998450279236,0.032999999821186066,9.090904985905985,0.4616763783056925,162500.0,5849.999748170376,2.936364655910377,0.0374200002849102,0.05405000040307641,9.090904985905985,-21.739133955850935,-40.000001241763464,-48.571431004271204,-62.88660063045736,1
HK.00833,491,0.625,0.6349999904632568,-1.57480167140813,0.5398587626046142,781499.95,488437.46875,5.135159322286252,0.8115999984741211,0.7023873214423656,-28.977272342428684,-39.113046190715586,-0.1073446693673676,-3.1344026606408963,38.29991668314231,0
HK.00834,491,0.25,0.2549999952316284,-1.960782480441495,1.466992665036675,87800.0,21950.0,3.9997307145803083,0.26250000029802323,0.3353950010240078,-13.793100967701989,-19.35483932991305,-16.66666997803569,-37.50000093132256,13.12217151856789,0
HK.00836,491,18.6200008392334,18.56999969482422,0.2692576479854002,0.5535506971527395,12600162.35,234615033.53147706,2.2183712368479127,18.345200004577638,18.23338752746582,-1.7414243293933584,-10.695506610170158,5.603784506573136,9.617081873230921,8.088438988019776,1
HK.00837,491,5.945000171661377,5.949999809265137,-0.08402752544587481,0.5889118932597194,110950.0,659597.7690458298,1.1420421897970654,6.077799997329712,6.89332822561264,-3.333332041091732,-10.601502460085324,-20.18783138590799,-20.288983522176164,-6.826683494443,0
HK.00838,491,0.75,0.75,0.0,0.9422632794457275,895700.0,671775.0,2.325930161361639,0.8008999979496002,0.8497644469141961,-5.063293717874323,-26.470586860331117,-16.626599713044545,-9.760551466356473,-14.752771824574435,0
HK.00839,491,1.8600000143051147,1.875,-0.7999992370605469,0.5629169513240625,4146798.05,7713044.432320422,2.728539599206221,1.8310000014305114,2.469649997353554,-0.26809625769762824,-3.124997089616889,-37.99999952316284,-40.575081587901195,-37.99999952316284,0
HK.00840,491,0.18199999630451202,0.1679999977350235,8.333332594188422,0.10840108401084012,74200.0,13504.399725794792,2.743200071104467,0.17890000075101853,0.2033899999409914,-6.185571682264239,2.247187154730474,-20.524019825701963,-15.348840336209001,-18.750004157689936,1
HK.00841,491,0.164000004529953,0.17000000178813934,-3.529410114750335,0.222104706504495,191200.0,31356.800866127014,8.690388905317715,0.1545200017094612,0.1903600001335144,-8.888889992678562,-21.904757309392323,-15.89743048951921,-40.36363600896411,74.46809589943808,0
HK.00842,491,0.9599999785423279,0.9599999785423279,0.0,0.09430540442509974,407750.0,391439.9912506342,2.968499335462554,0.9566999983787536,1.0728750011324883,4.347821861674596,-15.789474509759632,41.176465947735316,-54.285713231482426,-49.73822014036614,0
HK.00844,490,0.4350000023841858,0.4350000023841858,0.0,0.0,5400.0,2349.0000128746033,0.5013614212632536,0.4038000017404556,0.4535749998688698,10.126579890857109,0.0,8.749998975545182,-14.705880290496681,40.322580335043476,0
HK.00845,490,0.009999999776482582,0.009999999776482582,0.0,,0.0,0.0,0.0,0.009999999776482582,0.009999999776482582,0.0,0.0,0.0,0.0,0.0,0
HK.00846,490,0.07599999755620956,0.07599999755620956,0.0,0.0,266900.0,20284.399347752333,2.351894408169054,0.08394000098109246,0.09975500006228685,-10.58823910963985,-22.448980057304087,-35.59322280039289,-30.275229922188597,-36.6666672875484,0
HK.00848,491,0.10999999940395355,0.1080000028014183,1.8518486580159448,2.1965363063045475,180894.4,19898.383892178535,2.0560296190689322,0.10552000001072884,0.11923000015318394,9.999997764825855,-6.779662087127342,-18.518522197817433,-12.698414575606066,-18.518522197817433,2
HK.00851,490,0.1599999964237213,0.1599999964237213,0.0,0.0,5500.0,879.9999803304672,0.15624985448084444,0.1681000003218651,0.2203899995237589,-5.882356034843122,-29.515419485414977,-55.55555831502974,-37.25490218994481,-50.0,0
HK.00852,490,0.16599999368190765,0.16599999368190765,0.0,,0.0,0.0,0.0,0.16599999368190765,0.16599999368190765,0.0,0.0,0.0,0.0,0.0,0
HK.00853,490,6.074999809265137,6.074999809265137,0.0,0.0,11836957.05,71909511.82102962,4.235574344085283,6.623999967575073,9.105800004005433,-11.636366410688922,-19.215427863383365,-46.095833518088334,-43.48837386730106,-53.73191350864042,0
HK.00854,491,5.289999961853027,5.150000095367432,2.7184439590890395,0.0980872976949485,8665.0,45837.84966945648,1.1046303842848555,5.345599994659424,5.525499985218048,-2.7573546652511145,-15.360000610351562,-1.489756525343496,-8.950085818378552,-55.583542992215264,1
HK.00855,491,4.409999847412109,4.429999828338623,-0.4514668555645122,0.8395292775850913,902733.3,3981053.71525383,1.516392775551167,4.548299980163574,4.987233498096466,-3.816798021349409,-7.933196606830737,-18.777084178084362,-14.162145265118504,-24.772667358007233,0
HK.00856,491,9.720000267028809,9.850000381469727,-1.3197980650384558,0.42585020528680195,4399441.5,42762572.55477762,4.713828168980569,9.55269998550415,8.796540880203247,-6.807286839623987,-11.232872727500753,21.887820586605883,25.353106641089717,-11.893431788927895,0
HK.00857,491,10.100000381469727,10.199999809265137,-0.9803865653465601,0.7694322552681716,74060722.5,748013325.5019236,2.448042744876878,9.588499946594238,9.467504301071166,6.427825343136851,-4.607701573376671,8.749210613057153,22.15140007439382,43.00426874564826,0
HK.00858,491,0.0820000022649765,0.07999999821186066,2.500005122274275,0.04207573632538569,1328000.0,108896.0030078888,5.64405750684571,0.07550000071525574,0.07958500042557716,10.810812443516545,1.234570399524046,-2.3809483684514388,0.0,-34.92063416975758,1
HK.00859,490,0.11699999868869781,0.11699999868869781,0.0,,0.0,0.0,0.0,0.10996000051498413,0.11694500032812356,-0.8474593394037465,-0.8474593394037465,-2.499998913456972,0.0,6.363635747885897,0
HK.00860,491,0.48500001430511475,0.5199999809265137,-6.730763058690403,1.0839223498122699,108117.95,52437.20729663968,6.168493601326922,0.4824999964237213,0.5981749972701073,3.1914926670751487,-25.384610446952323,-27.611939966559124,-27.611939966559124,-29.71014261145572,0
HK.00861,491,1.600000023841858,1.5950000286102295,0.3134793192439665,4.672703990137073,583196.4,933114.2539044857,3.0380017231012415,1.8309485769271852,2.2893714326620103,-13.513513339358235,-29.08400258729943,-39.59007604163647,-38.68165895461196,-47.384900661545515,1
HK.00862,491,1.0199999809265137,1.1050000190734863,-7.6923110117448665,3.2825893540131514,75028.8,76529.37456893921,4.151701531394501,1.2010999965667724,0.6865249980986118,-2.857140262110586,103.99999618530273,108.16325736214662,121.73912226590421,126.66666843273026,0
HK.00863,491,11.260000228881836,11.369999885559082,-0.9674552135832077,1.4866822715112116,1111978.2,12520874.786511611,3.8310930783132524,11.83980001449585,14.031999998092651,-8.455284111592299,-0.5300306321546637,-27.213962284924715,-33.686687088103106,-32.534452554961405,0
HK.00864,490,0.15800000727176666,0.15800000727176666,0.0,0.0,9400.0,1485.2000683546066,0.0,0.18722000062465669,0.18461999967694281,-16.842100392418164,-24.76189895011382,-27.522930700302645,16.17646962146451,-5.952375355998059,0
HK.00865,490,0.052000001072883606,0.052000001072883606,0.0,0.0,294260.0,15301.52031570673,3.4970345288956435,0.05030000030994415,0.042465000078082085,36.84211248671272,33.33333333333333,33.33333333333333,40.54054162901103,44.44445364269249,0
HK.00866,491,2.0950000286102295,2.125,-1.411763359518612,0.8485981081710077,5097771.5,10679831.438348413,6.507743295998167,1.7132000017166138,2.698400001525879,20.057307901745038,6.887754481417704,-42.28650240875005,-20.643941463545033,-6.8888876173231335,0
HK.00867,491,10.979999542236328,10.989999771118164,-0.09099389526937612,0.6204205619251977,6890085.9,75653140.02796899,3.869002318022767,11.550011787414551,12.511899213790894,-5.635620267382151,0.479805794638093,-26.850765475898143,-13.85016958177312,-14.843600975928195,0
HK.00868,491,8.854999542236328,8.734999656677246,1.373782372931763,1.5738370989471573,8440454.45,74740220.29101658,3.661841561341274,8.831270561218261,9.183981969356537,-3.261431492518684,-9.486932683663696,-10.369126901309064,8.317175438631283,8.062605769699656,1
HK.00869,491,0.46000000834465027,0.4650000035762787,-1.0752677834782465,3.8447846208615166,65155.0,29971.30054369569,0.6059544202420929,0.4546999973058701,0.45469999879598616,4.545457008456409,-6.122449103716459,13.580248639671158,15.000000372529025,-20.712433584309824,0
HK.00871,490,0.04899999871850014,0.04899999871850014,0.0,0.0,100575.0,4928.174871113151,3.610781691206784,0.056740000322461126,0.0717850000038743,4.2553199921436,-27.94118227121295,-47.8723400039282,-23.437505638866885,-27.94118227121295,0
HK.00873,491,0.36000001430511475,0.36000001430511475,0.0,2.2639668489407243,1081213.35,389236.8214668811,4.810402329667802,0.43080000042915345,0.5602500021457673,-24.99999534338702,-34.54545336321368,-44.61538038310199,-38.98304571060206,-54.43037917380571,0
HK.00874,491,13.729999542236328,13.850000381469727,-0.8664320283626176,1.0507569558492014,1227982.3,16860196.416874316,1.590697841666204,15.132200012207031,16.73461299419403,-11.987184573755886,-8.874256590183514,-27.033880283030708,-21.727249932421074,-21.71432809694169,0
HK.00875,491,0.2849999964237213,0.3149999976158142,-9.523809974335942,0.9135626397933007,8099316.2,2308305.0880345884,17.53025635318232,0.40809999883174897,0.934349999576807,-1.72413633637985,-43.00000071525574,-75.21739110153428,-80.34482847921343,-14.925376321032388,0
HK.00876,491,2.0,2.0,0.0,0.1074743527112848,18810.0,37620.0,7.7109510768600735,1.990700008869171,4.816175004839897,9.289614923387187,-52.38095021842549,-77.14285714285715,-47.3684203921923,73.91304708383491,0
HK.00878,491,6.269999980926514,6.260000228881836,0.159740442157522,0.29791037153679195,22472.0,140899.43957138062,0.5842720185664856,6.277900056838989,6.477802050113678,0.23980601456689848,-8.467152288773145,-8.608195592042374,0.9661826475196712,7.2659337410629,2
HK.00880,491,1.3899999856948853,1.350000023841858,2.9629600849335267,0.9962610406804093,8579904.15,11926066.645763487,2.56659547107289,1.489700005054474,2.068575006723404,-6.08108325802206,-27.979273395271516,-42.798356069602136,-42.561985873009995,-57.492354929584856,1
HK.00881,491,3.759999990463257,3.930000066757202,-4.325701613390024,1.67931595395864,6504221.0,24455870.897970915,4.631861903133747,4.56709997177124,8.332624986171723,-17.089302823044306,-41.15805838770384,-69.00247357799338,-67.72532091346449,-73.79791017066051,0
HK.00882,491,2.109999895095825,2.0899999141693115,0.9569369257348911,1.4802757564151665,264025.0,557092.7223026752,1.9052284783662758,2.076120862960815,2.2912936604022978,-0.47169768882415103,-2.5235764033413446,-19.599736649961848,-10.08297175095551,-20.913436576818775,3
HK.00883,491,25.020000457763672,25.059999465942383,-0.15961296500852407,0.8481986265451126,53854279.9,1347434107.7505329,2.2820086075481174,23.28959991455078,24.012902212142944,8.972131774535432,-4.23139032585396,-1.044041283682173,16.972638554990404,41.6440278789935,0
HK.00884,491,0.03999999910593033,0.03700000047683716,8.108104298461395,1.3873480281379642,73568004.75,2942720.124225078,7.982662687718722,0.038899999782443045,0.09020499985665083,-9.090910630285256,-38.46153757981291,-52.3809528033209,-75.0,-84.00000035762787,1
HK.00887,491,0.2849999964237213,0.29100000858306885,-2.0618597877583125,0.5438064758534218,3734179.3,1064241.087145534,2.8532751626900703,0.26525260776281356,0.26688141040503977,6.84160750426366,17.525768254690025,-19.458763288170054,32.49206596940439,-10.975762223035435,0
HK.00888,490,0.039000000804662704,0.03999999910593033,-2.4999958090483205,6.8,20100.0,783.9000161737204,0.9940589597546676,0.04219999991357327,0.06562500005587936,-2.4999958090483205,-31.57894599250589,-55.681817027286066,-55.681817027286066,-52.43902472266123,0
HK.00889,491,0.375,0.4050000011920929,-7.4074076799480775,0.5440137074319983,455600.0,170850.0,5.807867848870256,0.45459999561309816,0.40765000075101854,-6.2500013969838415,-72.22222271279543,5.633806009374048,1.3513500451867637,24.999995032946465,0
HK.00893,491,0.0729999989271164,0.07400000095367432,-1.3513540725275752,1.3442911652480187,157300.0,11482.899831235409,4.0782054748305105,0.06854000024497509,0.07928500026464462,4.2857123090296465,-2.6666719648571027,-21.5053793591203,-10.975613523493951,-13.095238200830225,0
HK.00894,491,1.600000023841858,1.690000057220459,-5.325445581737081,0.4657986620338761,4048200.0,6477120.096516609,8.549177843065369,2.514900004863739,1.6843750008940697,-13.043478542555025,-62.96296388278769,100.0,105.12821570891168,162.29507972463045,0
HK.00895,491,1.6649999618530273,1.684999942779541,-1.186942528527456,0.4741631364621397,2322027.5,3866175.6989216805,3.1303077895148057,1.7000999879837035,2.083574989438057,-3.4782644150462434,-10.000003221872648,-28.54077182952396,-22.916671495746492,-36.69201941434246,0
HK.00896,491,0.26499998569488525,0.26499998569488525,0.0,0.30990643394414696,57594.2,15262.46217610836,3.5093799312745255,0.26762000054121016,0.25320499934256074,-5.357148369051949,1.9230751596258298,17.256632879491868,9.053491734516008,-1.8518610500991368,0
HK.00897,491,0.3050000071525574,0.3149999976158142,-3.174600171093715,0.9776034925512321,152514.1,46516.80159086585,2.3046485904457037,0.30039999961853026,0.3451000002026558,7.017547712211622,-7.575759080925313,-12.857139329520963,-21.794867092335547,-3.174600171093715,0
HK.00898,491,0.9300000071525574,1.0399999618530273,-10.576919109158116,3.0985915492957745,8200.0,7626.0000586509705,0.38306550056015104,0.9880000078678131,0.99283776730299,-15.454546636786318,2.1978000384744694,-14.985901099339385,-4.88521500389748,-11.78976843897715,0
HK.00899,490,0.17499999701976776,0.17499999701976776,0.0,0.0,181070.0,31687.24946036935,2.515978786306356,0.22113999724388123,0.20038020402193069,-20.091324387329223,-9.793818629830588,-18.224301050246368,0.0,-53.94736862743991,0
HK.00900,491,9.170000076293945,9.020000457763672,1.6629668616165771,0.7406439000961155,90411.65,829074.8373978614,1.3440409139537857,8.731304759979247,7.8363862800598145,4.382472801012621,10.471771480199694,23.975478094320824,30.77797348613773,36.50089821696002,1
HK.00901,69,72.19999694824219,77.30000305175781,-6.597679045498628,0.6597975206235764,281439.05,20319898.55111618,9.495887225182214,65.89800025939941,,9.726434042032164,14.060028149211915,,17.9738497519169,,0
HK.00902,491,5.539999961853027,5.585000038146973,-0.8057309934929872,0.7472461066125533,27629970.95,153070038.00900024,2.1971848584741682,5.7131999969482425,5.752513790130616,-6.968933117882474,-20.57676111411899,5.991865293463588,2.879845667241152,5.2428088549741405,0
HK.00907,490,0.061000000685453415,0.061000000685453415,0.0,,0.0,0.0,0.0,0.061000000685453415,0.060475000385195016,0.0,0.0,1.6666700815161835,15.094342275037622,-25.609757316424513,0
HK.00909,491,1.065000057220459,1.1449999809265137,-6.986893016480241,1.5999344952669574,11152998.6,11877944.147179699,5.4574900199157135,1.3163000011444093,2.1942935585975647,-21.111108265786555,-45.93908417494889,-60.49464932049262,-66.5088980282469,-72.22891347919783,0
HK.00910,491,0.028999999165534973,0.041999999433755875,-30.952382008302255,2.207185985541776,18193300.0,527605.6848183274,20.266189495970615,0.014540000259876252,0.014135000389069318,61.11111341067313,107.14284478857847,107.14284478857847,107.14284478857847,107.14284478857847,0
HK.00911,491,0.5199999809265137,0.550000011920929,-5.454550971669479,3.7131585054537015,57476.25,29887.64890372753,2.3492790385963223,0.6209000015258789,0.4607249994575977,-16.800003051757812,-28.76712776165459,73.33332008785725,85.71427811165249,100.0,0
HK.00912,491,1.065000057220459,1.0700000524520874,-0.467289251077145,0.8955223880597015,48500.0,51652.50277519226,0.7199110021367616,1.0537393188476563,1.033926353752613,-2.149297143591292,5.166637551377498,1.3768459079812807,4.192874660207717,-4.527324728269146,0
HK.00914,491,16.6299991607666,16.84000015258789,-1.2470367572355225,1.2254784840214181,5424191.35,90204297.59833746,2.734894905297276,17.465799942016602,20.31633840560913,-7.302125609216597,-10.497668542070949,-31.577911904641574,-24.04907252923235,-26.69166692731376,0
HK.00915,490,0.03999999910593033,0.03999999910593033,0.0,0.0,469000.0,18759.999580681324,7.0156633910607145,0.04388000003993511,0.05294499982148409,-18.36734662846394,-28.571432372745086,-36.50793894828789,-20.000002980232196,-51.807228158599706,0
HK.00916,491,5.284999847412109,5.355000019073486,-1.3071927434556438,1.1414496180175109,14923112.7,78868648.34241371,2.1355668024963497,5.446899995803833,6.513561339378357,-5.877113751695468,-21.935009419470834,-26.41609270706264,-20.97349756605644,-20.582860836099766,0
HK.00917,306,8.84000015258789,9.140000343322754,-3.282277674683339,0.44334017304107287,8061200.65,71261014.9760416,6.997174246666398,8.478000011444092,18.160550003051757,0.2836139919986559,-22.727268559115597,-65.25157245671672,-62.22222095427914,-89.8739978882396,0
HK.00918,491,2.2300000190734863,2.3399999141693115,-4.700850390196472,0.16219207706315444,2338610.0,5215100.344605446,11.340200134579046,2.0435999917984007,1.0633999985456466,-25.66666603088379,110.37737164645132,265.5737650455311,291.22807843092966,312.96295008541676,0
HK.00919,491,0.07500000298023224,0.07500000298023224,0.0,0.36939313984168864,308800.0,23160.000920295715,4.193569765185217,0.08233999982476234,0.08519000031054019,-9.638547186997283,-23.46938271253903,-12.790697170728748,-3.846152009225729,-22.680411579277248,0
HK.00921,491,21.479999542236328,21.579999923706055,-0.46339379899568106,1.301860378205613,667806.85,14344490.832302283,2.902867724367837,22.705382957458497,22.354366569519044,-8.12660259508741,-4.34764956793091,-7.082806627936132,-3.618095862530587,-1.275483569460454,0
HK.00922,491,0.10300000011920929,0.10400000214576721,-0.9615403903129845,1.2413793103448276,381000.0,39243.00004541874,2.587370912194841,0.1052000005543232,0.12148000061511993,0.0,-21.96969645657158,-18.897640289734884,-10.434784129797144,-34.31122519284554,0
HK.00923,491,0.01600000075995922,0.01600000075995922,0.0,0.025530243519245877,750700.0,12011.200570501387,5.262257845129982,0.017660000156611205,0.019299999685026704,0.0,-15.7894669766239,-19.999994412064428,-23.809519163470085,6.66667411724743,0
HK.00924,490,0.12399999797344208,0.12399999797344208,0.0,,0.0,0.0,0.0,0.12063999861478805,0.13968000017106533,0.0,27.835045686651632,-32.972974932219856,-10.144926753772236,-61.24999976716935,0
HK.00926,490,2.430000066757202,2.430000066757202,0.0,0.0,2300.0,5589.000153541565,0.22437707392277045,2.418000078201294,2.4666000354290007,1.6736384977954262,-0.8163257362146623,-7.6045642198092285,1.6736384977954262,-15.034959584298019,0
HK.00927,491,0.4350000023841858,0.4300000071525574,1.1627895694091224,0.4195804195804196,14600.0,6351.000034809113,0.3872818254294555,0.45875435531139375,0.5471553622186184,-4.3727634728852,-12.810458125397533,-30.520832262312364,-30.520832262312364,-35.55555634047268,1
HK.00928,491,0.11100000143051147,0.11699999868869781,-5.128202842250065,2.2890876305327814,5304145.1,588760.1136876404,8.121841447501213,0.08724000036716462,0.08791000014171005,3.738318342695649,47.999996026357174,0.9090927563423067,13.26531054438885,18.085111948147762,0
HK.00929,491,0.5199999809265137,0.5299999713897705,-1.8867907552966041,0.21145374449339208,551750.0,286909.9894762039,5.607288007946284,0.5619999992847443,0.6622754411399364,-3.7037110623015317,-26.079093822077244,-27.078022815722253,-32.547170540729695,19.91614538163535,0
HK.00931,491,0.33000001311302185,0.3199999928474426,3.1250064028428435,1.7252379727296114,1869775.0,617025.7745184004,5.961702923507678,0.2889000004529953,0.3882749997079372,13.793111244365178,-5.714280362031807,-15.384608918628043,-31.958762189763977,-11.999996503194172,2
HK.00932,491,0.028999999165534973,0.028999999165534973,0.0,1.5434083601286173,512400.0,14859.59957242012,2.592360834521643,0.02818000014871359,0.032670000065118075,0.0,3.5714223942892365,-19.444443294663436,-23.684210268331686,-3.3333339542150635,0
HK.00933,491,0.3400000035762787,0.33000001311302185,3.030300019967555,0.480435609765194,10219876.5,3474758.0465491265,7.492319705516007,0.3470999997854233,0.5228921191394329,0.0,-26.08695708511005,-45.09722912139162,-45.95508255932241,-51.960078949057205,1
HK.00934,491,3.680000066757202,3.700000047683716,-0.5405400180747055,0.716883650609409,1110796.2,4087730.090153646,1.8739432576022108,3.6864000034332274,3.886842577457428,1.0989000192372347,-0.010611092011577363,-12.165289995506697,-9.035785296471872,-9.460919888807615,0
HK.00936,491,0.3050000071525574,0.3199999928474426,-4.687495634425334,0.4331528529779259,612750.0,186888.75438272953,10.667728399068487,0.27537999957799913,0.31235999971628187,10.909091106131052,17.30769936149668,-1.6129016752173695,-17.567566696791175,182.4074067047635,0
HK.00938,490,0.41499999165534973,0.3799999952316284,9.210525490240366,29.387755102040817,11600.0,4813.999903202057,1.5924735083863277,0.39590000092983246,0.4091500002145767,13.698624880055862,-7.777777189089913,10.666664441426594,43.103449516149006,-37.121215884131466,1
HK.00939,491,9.670000076293945,9.600000381469727,0.729163458777926,0.8989203934028519,202141859.2,1954711793.8862,2.0035922177435044,8.69308801651001,8.129891490936279,9.88636212161753,16.75373149795572,21.30441609479702,27.680672963061276,31.810273168466008,4
HK.00941,491,79.5,79.5,0.0,0.6950834130344399,13198399.05,1049272724.475,1.0860090299151561,78.02560562133789,77.52608501434327,-0.3601682557380122,-0.26141094526125064,6.894166483982787,1.7704155659680796,-2.4263023069690566,0
HK.00943,491,0.1599999964237213,0.1599999964237213,0.0,1.442741208295762,32500.0,5199.999883770943,0.8746297038706058,0.1549199977517128,0.18510499961674212,0.0,-2.439029265698055,-27.601811846342194,-17.948716773083888,-33.054392731525084,0
HK.00945,491,328.6000061035156,330.0,-0.4242405746922348,0.43034603865027304,16321.25,5363162.849617004,0.9774176743709635,333.9818994140625,297.5284585571289,-6.086540980821273,10.131449158495458,12.608993709935415,16.33883281981047,40.9688478073896,0
HK.00947,490,0.16899999976158142,0.1770000010728836,-4.519774724751561,0.0,107205.0,18117.644974440336,2.6879483875318844,0.1687399998307228,0.18108999960124492,0.595239309547591,-7.142855388403277,-3.977272342428686,28.03030354342842,19.85815362991223,0
HK.00948,491,0.26499998569488525,0.2800000011920929,-5.357148369051949,0.09594030381096207,113110.0,29974.14838194847,4.392291230401914,0.23641999810934067,0.26662500001490114,28.019315360037606,21.559629390340167,-11.666674945089223,26.1904733183702,14.224135051796951,0
HK.00950,491,1.2350000143051147,1.309999942779541,-5.725185629801814,2.0797199668381783,1021587.5,1261660.5771139264,4.19859946925558,1.1138999915122987,1.3075757908821106,14.351848632465302,6.465521538087627,-15.840560993010008,-18.555384594098086,-31.011263085639033,0
HK.00951,491,1.1799999475479126,1.2100000381469727,-2.479346252335911,1.3371406065380071,524100.0,618437.972509861,2.3058553804253332,1.2972999930381774,1.4359942120313645,-9.923664191602642,-26.33747667292443,-14.489654720224218,-13.276742977611889,-15.083483388680094,0
HK.00952,490,0.0989999994635582,0.10199999809265137,-2.941175181560426,1.9683055555555555,105128.85,10407.75609360449,0.6633825183936267,0.09385999962687493,0.12333500001579523,4.210527058783669,-11.607146064503665,-20.161289450374266,-30.28169280123877,-29.156850854715394,0
HK.00953,491,0.1770000010728836,0.17499999701976776,1.1428594783861208,0.2753983605047435,2189600.0,387559.20234918594,7.3922199702995375,0.17880000174045563,0.23678000025451185,-1.6666699780356893,15.686277374310166,-39.999996969255214,-41.00000198682142,-44.68749842839312,1
HK.00954,491,0.22499999403953552,0.2280000001192093,-1.3157921395198335,1.0526315789473684,24000.0,5399.9998569488525,1.1239510783244469,0.2618000015616417,0.29912500016391275,-10.000002384185791,-29.68750029103831,-31.818186333685034,-21.052632679679512,-28.57142992300783,0
HK.00956,491,3.2699999809265137,3.2899999618530273,-0.6079021628696032,0.5299343406553371,9293407.35,30389441.85724232,2.1240487130292602,3.146634969711304,3.5685538971424102,-0.7587282181659468,-0.8108554730990681,-14.292872048465105,-11.278053467051095,-16.3238427289873,0
HK.00959,490,0.7200000286102295,0.7200000286102295,0.0,,0.0,0.0,0.0,0.7200000286102295,0.7200000286102295,0.0,0.0,0.0,0.0,0.0,0
HK.00960,491,5.804999828338623,6.070000171661377,-4.365738646267987,1.6118653755636705,18626348.2,108125948.10357542,4.915192527177991,6.508200006484985,8.35359091758728,-13.936250158179861,-27.61846013712932,-42.2514564540932,-33.001113569198964,-45.37591068439135,0
HK.00966,491,21.479999542236328,21.959999084472656,-2.1857903563198384,0.8660754226259086,7137474.0,153312938.2527237,3.4954680335708677,20.18356090545654,19.99306751251221,-0.6475545400674206,14.088158349015545,-7.4761653710773395,18.637510279130947,21.85586721237418,0
HK.00968,491,2.130000114440918,2.184999942779541,-2.5171546809588334,0.5742453526207966,77107646.5,164239295.86926985,4.372822849605418,2.1924631690979,2.880910849571228,-10.606325011146858,-21.09404449958895,-42.20671154693843,-30.11922927582928,-32.96703511081612,0
HK.00969,491,0.07199999690055847,0.07699999958276749,-6.493510012080585,20.326797385620914,61700.0,4442.399808764458,1.3224051967445396,0.08271999984979629,0.10493000026792287,-11.111115199221167,-20.87912267856074,-44.18604597435868,-38.983053843956554,-54.7169814857283,0
HK.00970,491,0.35499998927116394,0.36500000953674316,-2.7397315080268676,0.40879081125079136,564150.0,200273.24394732714,7.201935359444052,0.33029999911785124,0.43727500110864637,14.516124690608635,-10.126587435748647,-23.655916872927577,-31.730768789906456,-49.28571495474603,0
HK.00974,491,0.75,0.7799999713897705,-3.8461503192516595,96.0,1450.0,1087.5,0.0,0.7849999976158142,0.9358000019192696,-1.31578823536055,-6.2500013969838415,-27.184463996826025,-31.818183295982895,-17.582419957678084,0
HK.00975,491,9.770000457763672,10.050000190734863,-2.7860669418625914,1.0630277035976878,7344576.85,71756519.18658046,6.8173273109962125,8.034200010299683,9.88039999961853,32.205691938799916,8.67631486656303,-25.87253238585286,-8.946869761679178,20.915848391276523,0
HK.00976,490,0.4300000071525574,0.4300000071525574,0.0,,0.0,0.0,0.0,0.4300000071525574,0.4300000071525574,0.0,0.0,0.0,0.0,0.0,0
HK.00978,491,0.24500000476837158,0.23399999737739563,4.700857912077289,1.3366527764834317,754730.0,184908.85359883308,3.2180203561406495,0.24023999899625778,0.263249998986721,0.0,-12.499998669539185,-15.517237304081839,-7.5471630211864165,-18.333334989017843,1
HK.00979,491,0.25999999046325684,0.25,3.9999961853027344,0.7931328897116163,321000.5,83460.12693870068,4.502624148878062,0.3103000009059906,0.30356499962508676,-7.1428609441737585,-13.333339956071377,-38.823533371657945,-5.454550971669479,-8.77193202602569,1
HK.00980,491,0.33000001311302185,0.3050000071525574,8.196723073504641,2.161359511631744,335350.0,110665.50439745188,11.559062937488463,0.2942000013589859,0.3245500023663044,24.52831355733585,8.196723073504641,-15.384608918628043,3.1250064028428435,-21.428565853306864,1
HK.00981,491,68.25,68.8499984741211,-0.8714574980660564,0.4810233461661188,76001375.35,5187093867.6375,4.590908254697582,72.53500022888184,70.15924989700318,0.3676470588235294,-14.09691299993182,-4.008436758488024,-9.121169924499469,19.947272706063035,0
HK.00983,491,0.38499999046325684,0.3499999940395355,9.999999148505061,4.8816936488169365,94300.0,36305.49910068512,1.6569692380112873,0.3256000018119812,0.34707500219345094,14.92536742481697,20.31249970896169,-11.494255551007942,13.235290121660967,-13.48314681990463,1
HK.00984,491,0.24899999797344208,0.23399999737739563,6.410256736821419,1.312910284463895,24350.0,6063.149950653315,3.8801270276565063,0.22887999832630157,0.32161999829113486,4.1841027923280585,3.750001474594109,-36.15384433161336,-35.32467424899694,-48.65979574656352,1
HK.00986,491,0.25999999046325684,0.26499998569488525,-1.8867907552966041,0.14845100652875154,57147.8,14858.42745499611,1.8635187513101317,0.3018399977684021,0.5921599997580052,-23.529415373983642,-32.46753327177799,-67.5000016763806,-70.45454637817116,-67.5000016763806,0
HK.00987,491,0.20999999344348907,0.20000000298023224,4.999995157122685,0.9590655672746637,817715.75,171720.30213863775,2.5992567775328177,0.19920000106096267,0.15265684131532908,3.9603891740559583,23.424325332670065,73.48453583627222,85.13647989194114,58.01458484630455,1
HK.00989,491,0.6000000238418579,0.5950000286102295,0.8403352926397583,2.1422108680610994,19801.5,11880.90047210455,0.5589831277247677,0.6363000047206878,0.6913500018417835,8.10811101069608,0.0,-24.99999813735488,-16.666666666666664,-19.99999682108561,1
HK.00990,491,0.5400000214576721,0.550000011920929,-1.8181800448205245,0.3657463877972375,10197040.0,5506401.818804741,3.935669379138428,0.5525999975204468,0.7271999981999397,-0.9174302896359119,-30.769225478877487,-38.63636086548654,-25.0,-36.47058749281413,0
HK.00991,491,2.5450000762939453,2.565000057220459,-0.7797263345165959,0.8530474766112578,28183442.0,71726862.04022598,2.4506745013405604,2.4535680866241454,2.451158459186554,-0.7797263345165959,-13.972276751513151,10.30110345494608,21.381583323772077,27.833556448682263,0
HK.00992,491,30.600000381469727,30.579999923706055,0.06540372077688343,0.648749587900162,121197952.2,3708657383.55335,5.81384613828703,25.828230895996093,15.215671377182007,16.438354573633926,22.882053330853715,231.0077952817315,224.76889142785885,191.58244305512113,3
HK.00993,490,0.09200000017881393,0.08699999749660492,5.747129685152157,0.3841344878741158,1223946.5,112603.07821885869,3.9508004880592877,0.09903999954462052,0.12011000014841557,-12.38094947505691,-7.070706386539887,-24.590164635233318,-38.25503506723174,-53.76884435280438,1
HK.00994,491,0.25,0.2549999952316284,-1.960782480441495,0.76095947063689,987400.0,246850.0,4.260323811499379,0.29210000097751615,0.3241600000113249,-9.090911061310528,-33.33333333333333,-20.634920034218744,-15.254233521108176,2.040814340536656,0
HK.00995,491,15.779999732971191,15.789999961853027,-0.06333267198223835,0.5616973281978528,468370.05,7390879.263931704,2.6871071601626726,15.22091688156128,14.094311485290527,3.1372518709313404,-1.7501931562937838,24.91019677294187,29.409692152271845,35.45589077165229,0
HK.00997,491,0.02800000086426735,0.017000000923871994,64.70587848585804,104.9726902810689,2809214.0,78657.99442791194,4.5069929194201315,0.018119999784976245,0.024914999888278545,74.99999708961708,33.33333924649261,-3.448270103593903,-15.151512072762822,7.692308794464562,1
HK.00998,491,8.460000038146973,8.430000305175781,0.355868705636611,1.3396688424801675,20521091.8,173608437.41081753,2.1975288217993105,7.4140000152587895,7.321483631134033,12.800000508626303,15.73187557276721,16.226701309945145,23.31570168479528,23.856724194982874,6
HK.00999,409,7.420000076293945,7.605000019073486,-2.4326093664110138,0.22218236009291142,2535259.1,18811622.71542492,5.216356860147554,7.234466791152954,7.581071703433991,-6.46786145104614,7.456869798542037,-8.486315174133887,-10.552081307071601,-29.60798175627517,0
HK.01000,490,0.4000000059604645,0.4000000059604645,0.0,0.0,10325.0,4130.000061541796,1.708333120508877,0.5000999975204468,0.6029999974370003,-19.999998807907104,-19.19191876621517,-46.666665871938065,-21.56862481563465,-41.17647033042974,0
HK.01001,490,0.38499999046325684,0.375,2.6666641235351562,0.2506527415143603,96950.0,37325.74907541275,1.1817836745631962,0.38350623071193696,0.38056640565395355,1.0102703442344156,-7.2114979556436625,-0.2523561827264768,-0.2523561827264768,6.028846083608484,1
HK.01002,491,0.04800000041723251,0.052000001072883606,-7.692308794464562,0.4088836593616708,2664450.0,127893.60111169517,8.149195619354153,0.05052000001072884,0.054660000186413524,4.3478267911701876,-31.4285711244661,-19.99999751647308,-7.692308794464562,-7.692308794464562,0
HK.01003,491,0.20100000500679016,0.20100000500679016,0.0,2.540732715147588,583515.4,117286.59832153918,2.8270233524827724,0.2052599999308586,0.25475999906659125,-0.9852163593614053,-14.830506869308987,-29.473681568769173,-38.15384234479179,-38.15384234479179,0
HK.01004,491,0.164000004529953,0.1850000023841858,-11.351350045186765,0.4778071168112662,40715.0,6677.2601844370365,9.336434045496567,0.14122000128030776,0.3242800008505583,21.481480009761917,-33.06122394364758,-57.402595170816085,-68.4615364335697,-45.33333399560714,0
HK.01005,490,0.38499999046325684,0.38499999046325684,0.0,0.0,5361.4,2064.138948869705,0.5411253963334214,0.41069999754428865,0.41734999895095826,-6.097562482568367,5.479446686014497,9.999999148505061,-13.48314681990463,-15.364402415678589,0
HK.01007,490,0.6700000166893005,0.6700000166893005,0.0,,0.0,0.0,0.0,0.6700000166893005,0.6700000166893005,0.0,0.0,0.0,0.0,0.0,0
HK.01008,491,0.15000000596046448,0.15700000524520874,-4.458598121580564,1.3114754098360655,38500.0,5775.000229477882,0.679102217937378,0.1652800026535988,0.1727172514051199,-8.536584257795896,-8.775763024130221,-17.108749820899504,-12.922323913318598,-40.54696417330801,0
HK.01009,491,1.465000033378601,1.4500000476837158,1.0344817380417877,7.919809448193727,703300.0,1030334.5234751701,1.911056688245358,1.4679000234603883,1.2418750116229058,1.0344817380417877,12.692314393421848,39.523819038927854,23.109240582767107,21.074379106809154,1
HK.01010,491,0.03099999949336052,0.03099999949336052,0.0,1.2715789473684211,478000.0,14817.999757826328,11.453752489885852,0.039100000150501725,0.07585000014863909,19.23076482214175,-59.21052567082922,-66.30434844227392,-67.02127600549947,-67.02127600549947,0
HK.01011,491,0.41999998688697815,0.44999998807907104,-6.6666671081825655,0.20345503643694743,538160.0,226027.19294309616,5.540914974939409,0.3830999976396561,0.6368499992787838,27.272718241720845,-22.222227741170595,-45.45454580640287,-50.588238222788696,-43.243245746725364,0
HK.01013,490,0.3499999940395355,0.3499999940395355,0.0,0.0,24713.75,8649.812352694571,2.4680458476269718,0.3725999987125397,0.4359699992835522,18.64407104995203,-46.969699980032445,-52.05479658976525,84.21052549024036,65.09433876061277,0
HK.01020,491,0.2849999964237213,0.28999999165534973,-1.72413633637985,1.0069232853760899,14725740.0,4196835.84733665,6.290866621486824,0.21713999956846236,0.2623100009188056,33.17756745786958,19.747894897980267,-28.75000195577738,26.106195302929734,83.87096402052168,0
HK.01021,106,8.364999771118164,8.8149995803833,-5.104932849532473,1.2297804522649474,723610.4,6053000.830378723,7.486014318823986,11.942599906921387,,-21.455398396788347,-57.45167936906537,,-54.53804377966433,,0
HK.01022,491,0.3400000035762787,0.36000001430511475,-5.555558315029741,0.4471652914559489,278850.0,94809.00099724531,5.980684359720878,0.39509999930858614,0.5308499984443188,-16.049382080121152,-31.999999284744263,-46.031745055605455,-43.33333498901785,-45.16129016752174,0
HK.01023,490,0.4749999940395355,0.4650000035762787,2.150535566956493,0.14194464158977999,62450.0,29663.749627768993,0.542347736831788,0.46090000569820405,0.4855465638637543,3.260866396255947,-2.0618597877583125,-4.925430640089091,-6.719286554801754,2.3879935438799356,2
HK.01024,491,33.63999938964844,34.63999938964844,-2.886836078579241,0.6736904417877471,58962803.35,1983508668.705961,3.3214636020430186,41.0050789642334,54.214243755340576,-26.03342188161706,-26.47712543142515,-50.08381322968651,-48.350875499622,-54.015226115046254,0
HK.01025,490,0.20000000298023224,0.20200000703334808,-0.9901009819200971,0.9501521649608791,4171720.0,834344.0124326944,5.24978422918063,0.20335999965667725,0.24333588980138302,4.166667313418449,-21.56862481563465,-25.925927765575384,-12.324152145448997,-35.48387050256521,0
HK.01026,490,0.052000001072883606,0.04800000041723251,8.333334626836898,0.0,102000.0,5304.000109434128,2.020833033887252,0.0557999999076128,0.08731500014662742,-11.86440549544719,-41.57303351974295,-53.15315279032966,-50.47618790818983,-63.88888658932687,2
HK.01027,491,2.880000114440918,2.880000114440918,0.0,1.4776219391073702,52643.15,151612.27802453042,5.337572922335912,3.5284000205993653,3.234099998474121,-21.095889337202898,9.923673291548807,28.57143313300851,-17.94871446535788,128.57143938406264,0
HK.01028,491,1.0850000381469727,1.125,-3.5555521647135415,0.6503033034417312,2562079.0,2779855.8127355576,7.931331504529771,0.9075000011920928,0.8611750003695487,30.722898790808443,-29.545450323165557,52.816911399707664,50.6944437545759,462.1761748040517,0
HK.01029,491,0.4399999976158142,0.4399999976158142,0.0,0.3161746034725852,49304.95,21694.17788244784,0.668596127855761,0.43249999582767484,0.498499998152256,-4.347828340440215,-11.11111244903803,-24.137929262644278,-11.11111244903803,-33.333336343668805,0
HK.01030,491,1.3899999856948853,1.4199999570846558,-2.112674105382526,0.8206727863064103,25524640.75,35479250.277367085,4.327858215588785,1.3978000020980834,1.9556999987363815,-2.456138090707146,-24.043718409946145,-42.798356069602136,-32.850240071391966,-45.91439603887466,0
HK.01033,491,0.6600000262260437,0.6600000262260437,0.0,2.6234423695630182,18323982.6,12093828.99656557,2.4361207342539153,0.6308999991416931,0.7804749980568886,1.53846929764635,-8.333333333333332,-31.2499957314381,-4.347821955569661,-18.518515520571142,0
HK.01036,491,1.7599999904632568,1.7999999523162842,-2.222220161814694,1.7288801571709234,13825.0,24331.999868154526,0.43569617047741116,1.691399998664856,1.6236449748277664,6.6666676299740715,10.15471103987623,10.15471103987623,10.15471103987623,20.9015136570285,0
HK.01037,491,0.625,0.625,0.0,0.39052849492620423,1559323.85,974577.40625,3.4534068346821054,0.5351000034809112,0.5874749997258186,2.459013990675489,-0.7936500427734288,-6.716420234086116,-17.763156862800457,157.20164533347756,0
HK.01038,491,64.80000305175781,64.19999694824219,0.9345889907118654,0.5391180760527381,1431821.7,92782050.52957305,1.8359800877238404,62.292000427246094,60.23801982879639,4.939276197178644,10.297877534906915,3.311547628018311,16.881372053949086,28.55110511484396,1
HK.01039,490,0.04899999871850014,0.04899999871850014,0.0,0.0,55200.0,2704.7999292612076,1.020407977078364,0.04838000029325485,0.05180500002577901,8.888881714256007,-10.909092756342305,-24.615383821831625,-3.9215693435775414,4.2553199921436,0
HK.01044,491,21.799999237060547,21.68000030517578,0.5535006005332834,1.1806332147265994,4625547.3,100836927.61098747,2.5991116254966853,23.318400077819824,25.788195629119873,-8.403361613918324,-10.728914132055227,-23.465903406746477,-20.432707117796927,-5.461153926196446,1
HK.01045,491,2.115000009536743,2.1549999713897705,-1.8561467463607977,0.6726570514078152,2654020.15,5613252.642560708,3.926898079038084,2.160800046920776,2.924792200922966,-6.208430057613768,-34.112150018612994,-45.316430055669535,-42.39217454166111,0.9315309452183846,0
HK.01046,491,0.675000011920929,0.6700000166893005,0.7462679264300778,0.7526287738226903,6773539.4,4572139.175746882,7.5346144715070835,0.44670000195503234,0.3817000016570091,66.6666691195327,95.65217804443034,124.99999503294647,64.63415068505,107.69231897839468,1
HK.01047,490,0.33000001311302185,0.33500000834465027,-1.4925358528601556,0.9411764705882353,17800.0,5874.000233411789,1.5235791677888277,0.35550000190734865,0.34577499970793724,-20.4819229521621,1.53846929764635,-2.9411736347271384,-10.810808416175734,8.196723073504641,0
HK.01049,490,0.8799999952316284,0.8799999952316284,0.0,0.0,3113.8,2740.1439851522446,0.0,0.9215999960899353,1.0890499919652938,0.0,-23.47825969775365,-34.81481631923929,-21.428572188834753,-2.222220161814694,0
HK.01050,491,1.8799999952316284,1.909999966621399,-1.570679157803206,0.9035142033342342,1547616.3,2909518.6366203907,3.0488346602585317,1.916569013595581,2.3517476069927215,-0.31356766258812313,-41.34304436421967,-29.782915679567612,-24.55105470568727,114.89804302843784,0
HK.01051,491,7.980000019073486,7.980000019073486,0.0,1.0271990454950408,26411.5,210763.77050375938,1.3119377663131306,8.02066300392151,9.438466851711274,-2.0858847535436316,26.962407753661594,-30.284521991656444,-29.744553937880507,-24.270101943857707,0
HK.01052,491,3.4049999713897705,3.4000000953674316,0.14705517300282722,0.8719581403671803,1573491.4,5357738.17198205,2.0553715720958015,3.5988000059127807,4.042266212701797,-4.8882669286518405,-12.400821794041779,-23.61199661791078,-24.43161019728435,-13.363942109109491,1
HK.01053,491,0.8849999904632568,0.9100000262260437,-2.7472565980538626,0.8233731739707836,1576300.0,1395025.4849672318,2.1665450514637734,0.8947999918460846,1.0965000015497208,-2.209942713677719,-10.606062430506404,-24.358972399584257,-26.859507226250162,-34.926471973940146,0
HK.01055,491,2.9749999046325684,3.069999933242798,-3.094463539935074,1.7186056648114028,11898157.45,35397017.27905328,3.0389022204297484,3.371599988937378,4.529099994897843,-16.315053480538975,-22.12041998369641,-51.468191695068164,-49.232084695390974,-23.521855413784014,0
HK.01057,491,4.034999847412109,4.215000152587891,-4.270469719088057,0.5083154398808657,14856955.0,59947811.158008575,4.6040268181655755,3.733953413963318,4.749133043289184,-8.825965719802266,-14.071329462112619,-44.41961143814678,-17.022411576294203,-24.217887606510843,0
HK.01058,490,0.41999998688697815,0.41999998688697815,0.0,1.0256410256410255,3800.0,1595.999950170517,1.403721701155242,0.3988999962806702,0.377425000667572,4.999995157122685,18.30985903668985,27.272718241720845,16.66665838824411,-3.4482794057458057,0
HK.01059,491,0.38999998569488525,0.39500001072883606,-1.265829088137235,0.9006980409817609,27846.0,10859.939601659775,4.66626933173863,0.3846000009775162,0.40907500103116035,11.428569239013012,-12.359552367771112,-21.212124861012807,-9.302330416818046,-8.235300057486924,0
HK.01060,491,0.48500001430511475,0.49000000953674316,-1.020407170268328,0.5169112680851575,129641487.9,62876123.48603636,3.7877901581126494,0.5007999986410141,0.6979499973356724,-5.825237324869397,-19.16666749450892,-45.505615494314725,-45.505615494314725,-62.97709652749695,0
HK.01061,491,2.190000057220459,2.259999990463257,-3.097342191955019,1.9136383880468357,355624.7,778818.1133490086,2.537741731080793,2.483629789352417,3.290438491106033,-5.386520540043622,-25.413038694490297,-47.56864888634995,-39.862202307941445,-59.04700777611994,0
HK.01063,491,0.30000001192092896,0.3050000071525574,-1.6393426604503258,1.8773240053301743,87362.1,26208.631041437387,6.534716518348882,0.28659999907016753,0.4530749975144863,0.0,-24.050631956342844,-42.85713799145735,-35.48386890028983,-39.99999761581421,0
HK.01064,490,0.05700000002980232,0.057999998331069946,-1.7241350517969516,1.9814241486068112,17750.0,1011.7500005289912,3.096949618864809,0.06097999937832355,0.06859000036492943,-6.557378050333313,-21.917807030776206,-16.176475099832295,-13.63636312323825,-4.999997826913944,0
HK.01065,491,3.700000047683716,3.7200000286102295,-0.5376338917391232,0.9237517739646497,778500.0,2880450.0371217728,2.2036117334690215,3.7092999982833863,3.9604226469993593,-1.8567621643752554,-8.641978433774856,-8.341484930638874,-7.038276945327353,-0.9347315100571619,0
HK.01066,491,3.2300000190734863,3.255000114440918,-0.768052058017383,0.37988704352174446,14592776.1,47134667.08133511,2.927732213052087,3.3451000118255614,4.189746426343918,-4.579024278477409,-5.588682797296891,-37.35827054180122,-34.753367418492296,-51.32981499972373,0
HK.01068,491,0.07800000160932541,0.07500000298023224,3.9999980131785864,0.057262836419163965,255300.0,19913.400410860777,4.300115169570867,0.07824000090360642,0.10435000032186509,0.0,-15.217389719867077,-31.57894599250589,-29.090907243657693,-51.851851000162256,1
HK.01069,491,0.2849999964237213,0.2849999964237213,0.0,0.21196922376446317,1668683.1,475574.6775323242,5.461261655294014,0.2793199983239174,0.3574180649220943,0.0,-5.000004967053534,-32.94117919301484,-32.14285587575156,-43.00000071525574,0
HK.01070,491,17.110000610351562,17.200000762939453,-0.5232566778823197,0.8657361310263649,6108468.15,104515893.77481309,3.588576967174353,15.335999965667725,12.780297441482544,2.149257375233209,24.428436991355547,39.45743300306919,69.82639237938594,89.56100598748745,0
HK.01071,491,3.950000047683716,3.9700000286102295,-0.5037778534604955,0.9143249979294725,4343560.15,17157062.79961709,1.79102951584524,3.9723000001907347,4.143891792297364,-3.8929460008040104,-16.842104259290196,-4.43197379760519,1.2453405299052775,-5.447151195746044,0
HK.01072,491,19.65999984741211,20.420000076293945,-3.721842438992632,1.0440558545788976,6046318.3,118870616.85540505,4.049516565887289,22.10945957183838,28.21417904853821,-17.671689537944776,-39.67434511781043,-39.99713592981864,-21.945232711828446,15.210975482170275,0
HK.01073,490,0.10100000351667404,0.10100000351667404,0.0,0.0,12480.0,1260.480043888092,0.19613356926638653,0.10244000047445297,0.10710102025419474,1.0000020116567312,-5.607474032463781,-16.919352085735657,-2.9431666567027506,-28.86930560528714,0
HK.01075,490,1.75,1.75,0.0,0.0,75490.0,132107.5,1.9725955331062794,1.7876999950408936,2.5436638164520264,-3.8461566172910975,-18.93349637864033,-41.305743207988584,-42.24335585098221,-38.92624994081946,0
HK.01079,490,0.20999999344348907,0.2160000056028366,-2.7777833350522556,1.6521111625264355,755924.85,158744.21354377046,5.1491109679161315,0.23076967835426332,0.2820724209398031,15.79818132696674,-20.754715177502643,-26.31579084959939,-28.813558380277044,-46.15384585993764,0
HK.01080,491,0.05999999865889549,0.057999998331069946,3.448276526508396,1.871633752244165,592425.0,35545.49920549616,4.5965018645093965,0.056659999713301656,0.07549500038847327,19.99999552965171,-4.761908422431829,-35.483873939704296,-31.034482315661073,-31.81818297271394,3
HK.01081,62,27.81999969482422,28.420000076293945,-2.111190639898015,0.5779198546386476,1063975.9,29599809.21330032,6.419379320970695,39.90420001983642,,-28.776244964887894,,,-58.10241106096725,,0
HK.01082,491,1.0149999856948853,1.0099999904632568,0.4950490375089082,0.2492890069780148,472964.0,480058.4532341957,2.681849765604574,1.1710999894142151,1.3955749952793122,-4.245279199417359,-25.912410061159584,-32.333334287007645,-31.418920769318753,-32.333334287007645,1
HK.01083,491,3.0250000953674316,3.005000114440918,0.6655567442543902,0.4277306173607794,3931194.85,11891864.796157956,2.4620585155574903,3.1560672521591187,3.373584864139557,-8.910597519405668,-6.27233948939513,-15.813193734286015,-14.919967461393934,-20.593847125739934,1
HK.01084,491,0.6949999928474426,0.699999988079071,-0.7142850452539758,0.16973125884016974,71300.0,49553.49949002266,4.222026311174655,0.6894000005722046,0.6511979299783707,2.2058802260453536,1.0692910332264494,10.54453886419843,10.54453886419843,1.0692910332264494,0
HK.01085,490,1.690000057220459,1.690000057220459,0.0,0.0,112950.0,190885.50646305084,3.8381033793899557,1.7925,1.5863249981403351,-3.428568158830915,9.740266174223915,12.666670481363932,6.289309543558136,-22.831049631779386,0
HK.01086,491,1.065000057220459,1.090000033378601,-2.2935757240897794,3.2682757824229127,1999000.0,2128935.1143836975,2.976141029875884,0.8849999988079071,0.9577269771695137,19.662929700941394,20.041801607635275,3.522277607188682,-1.8788813412149163,-8.260742143978339,0
HK.01087,490,1.4550000429153442,1.274999976158142,14.117652558675514,1.69862939118836,183802.5,267432.64538794756,6.534192175403917,1.5277000045776368,1.0945999994874,-11.280484414221174,107.85715252769252,33.486238381605986,28.7610662880664,69.18604868756813,1
HK.01088,491,45.540000915527344,46.20000076293945,-1.4285710747034135,0.9309404345819543,8319011.2,378847777.66428226,2.33238289015763,42.896902618408205,42.44499412536621,8.068347354352612,-0.6646411348924613,6.553187615306551,18.320793628894524,35.818121251588785,0
HK.01090,491,0.6700000166893005,0.6700000166893005,0.0,2.6470588235294117,7700.0,5159.000128507614,0.8191057357384308,0.6839000010490417,0.7817749992012978,-6.944445824181537,-10.666664441426594,-16.249999161809694,-21.176470835728622,-17.28394880034615,0
HK.01091,491,0.375,0.38499999046325684,-2.5974001846660313,2.19846493031804,3478669.3,1304500.9874999998,4.669951413093284,0.3979999989271164,0.4900749975442886,-3.8461503192516595,-27.884612739438747,-21.874998253770134,-33.03571457081303,-10.714282926653432,0
HK.01093,491,9.170000076293945,9.229999542236328,-0.6500484173138495,0.6068447533474424,108247308.95,992627831.3301142,4.273771493287955,8.443699989318848,8.39830254793167,9.492538224405317,23.688723432185647,-11.63425191195298,10.561386862438521,-9.425580167723115,0
HK.01094,491,0.42500001192092896,0.4000000059604645,6.2500013969838415,44.20994326428875,1362048.5,578870.6287368834,5.311703162766766,0.34879999786615373,0.3585749996453524,-11.458328870745897,39.34426293581987,54.54545553065526,21.42857690246747,-44.07894509816101,1
HK.01097,491,0.06800000369548798,0.0689999982714653,-1.4492675377223445,0.39942314586278344,4219632.8,286935.04599360225,5.236409801240403,0.0683000010997057,0.07300500014796853,0.0,17.241389055456473,9.677427107784306,-40.35087398251375,-8.108104298461395,0
HK.01098,491,0.5199999809265137,0.5199999809265137,0.0,0.23904382470119523,58200.0,30263.998889923096,2.1485335137091197,0.5097999966144562,0.6165500015020371,2.9702942250534496,-13.333339956071377,-22.388064481548582,-21.212127232792163,-24.637683663291117,0
HK.01099,491,15.34000015258789,15.4399995803833,-0.6476647053958512,1.270623121940432,4618880.45,70853626.80778523,2.2202944195434733,16.748999977111815,18.314654054641725,-11.12398638953164,-5.171540867043831,-25.710427272899416,-18.292764573183522,-17.456034539118686,0
HK.01100,490,1.375,1.3600000143051147,1.1029401130226768,2.576367511247928,59387.5,81657.8125,2.081660568200128,1.4419000148773193,1.371823046207428,-5.821920268910022,-8.94039677588606,10.852716456353134,12.598435343203388,-4.0010759822582775,1
HK.01101,490,0.019999999552965164,0.019999999552965164,0.0,,0.0,0.0,0.0,0.019999999552965164,0.019999999552965164,0.0,0.0,0.0,0.0,0.0,0
HK.01102,491,0.1120000034570694,0.10499999672174454,6.666673289405183,0.22679337389013873,11964957.5,1340075.2813636884,14.009018861810729,0.1086800004541874,0.06639500034973025,-43.718591497322585,64.70587848585804,160.465115473166,160.465115473166,111.32076373512791,1
HK.01104,491,1.8799999952316284,1.934999942779541,-2.8423746343324243,1.0910654698110958,3442180.55,6471299.417586404,5.248522606688869,1.6244999980926513,2.1856756150722503,15.337423357751248,20.826500861345416,-37.12374617942202,-28.787881798214265,26.630146287340562,0
HK.01105,491,0.16099999845027924,0.1599999964237213,0.6250012805685687,1.3496143958868894,41525.0,6685.524935647845,1.8031528512595922,0.1763000002503395,0.1957150000333786,-10.555559970714253,-12.021857967992956,-19.50000197440383,-19.50000197440383,-39.24528032403336,1
HK.01107,490,0.013000000268220901,0.013000000268220901,0.0,,0.0,0.0,0.0,0.013000000268220901,0.01576500013936311,0.0,0.0,-38.09523598339549,0.0,-38.09523598339549,0
HK.01108,491,2.265000104904175,2.2850000858306885,-0.8752726553724782,0.6419515326592842,615300.0,1393654.5645475388,1.9338683020316834,2.352900004386902,3.3809250104427337,-7.551017925670819,-26.93547823922798,-44.211819289989464,-39.599997202555336,-51.0799125503331,0
HK.01109,491,29.440000534057617,28.979999542236328,1.587305034808126,2.5592134791327212,23923606.15,704310977.832584,4.066587770612612,32.87000003814697,30.95406578063965,-11.003630881241147,-16.684601787948786,-5.76563291389632,9.464169457339931,-2.8729339548946444,1
HK.01110,491,0.4099999964237213,0.4050000011920929,1.2345667202249964,0.7502364190396134,1902400.0,779983.9931964874,8.159862984494307,0.42459999918937685,0.47827499762177467,-8.88888726999726,-2.3809501846360366,-22.641505932799248,-22.641505932799248,-33.870968827347845,1
HK.01111,491,0.25999999046325684,0.2409999966621399,7.8838149644264135,1.3274981765134939,291800.0,75867.99721717834,3.984483307020565,0.22929999977350235,0.2597849978506565,13.043472063789407,1.960782480441495,-7.1428609441737585,-10.344828294942289,1.960782480441495,1
HK.01112,491,18.700000762939453,18.440000534057617,1.4099795084150377,1.50384193739547,2510731.25,46950676.29053593,4.9712864832431,14.741399993896485,13.681705660820008,29.054527662676506,55.05804404883919,20.468513360858466,44.12213987329282,48.3940328688666,2
HK.01113,491,45.7400016784668,45.2400016784668,1.1052165814529324,1.4475646560800897,4939373.55,225926954.4675745,2.317524051403935,46.37479995727539,44.56319046020508,-5.0643391682313155,-3.093218349307782,-0.8070221591294521,16.76711428571985,28.69374496554974,1
HK.01114,491,2.365000009536743,2.3450000286102295,0.852877641044922,1.1838485316438108,37071887.6,87675014.52754508,4.7690415255719225,2.138199994564056,3.1399000018835066,17.95510596248564,-11.090228074252865,-44.613582667427075,-41.89189410841355,-17.26688692623801,2
HK.01115,491,0.4000000059604645,0.4099999964237213,-2.439022085483674,1.123160178375482,7410066.55,2964026.664167438,3.967807197814616,0.4257000005245209,0.5062249985337257,-5.8823541786431095,-14.893615537231566,-38.46153528732649,-28.57142781116525,-23.076919109158116,0
HK.01116,490,0.21400000154972076,0.21400000154972076,0.0,0.0,125800.0,26921.200194954872,2.53513674853335,0.2182999986410141,0.26982499964535234,-2.2831028790472727,-12.295082317616659,-28.666668984624984,-35.15151725874998,-22.181819304947002,0
HK.01117,491,1.5850000381469727,1.590000033378601,-0.31446510230593494,0.39477210271098495,32392750.8,51342511.25368538,6.024450582346489,1.3184999990463258,1.3607749965786935,-8.381501695252549,36.63793825472457,12.411352884277283,-2.160491760393744,17.407408159619646,0
HK.01118,490,1.1399999856948853,1.1299999952316284,0.8849549119871483,,0.0,0.0,0.0,1.1369999885559081,1.1186943504214286,0.8849549119871483,0.9471048656691745,-9.147606579935035,1.817335285424064,17.464855632842433,1
HK.01119,491,0.45500001311302185,0.45500001311302185,0.0,0.16639504165110786,5608280.0,2551767.473541498,9.047842490940422,0.32140000104904176,0.46897499948740007,59.64912941141039,30.000005960464577,-22.881350281662264,-20.1754352942948,-62.39669431665297,0
HK.01120,490,0.6050000190734863,0.6050000190734863,0.0,0.0,46200.0,27951.00088119507,1.6666674866247178,0.708900009393692,0.8399250027537346,-23.417721184719994,-19.33333079020182,-36.315786666817246,-36.315786666817246,-32.02246867441009,0
HK.01121,491,0.3499999940395355,0.3700000047683716,-5.405408235428679,0.18459183712775712,1309400.55,458290.18469536456,8.788552505159245,0.45110000133514405,1.0355749975144863,-22.22222148636239,-60.67415734099523,-75.1773047996451,-72.86821671399306,-75.0,0
HK.01122,491,0.5149999856948853,0.5299999713897705,-2.830186132944906,0.2616458845406943,1656608.85,853153.5340520204,3.0148689884700532,0.6218999993801116,0.8751249998807907,-13.445384717409887,-40.11628172924993,-50.48076878990646,-46.354166957704976,-33.974358386541944,0
HK.01123,491,0.14000000059604645,0.13899999856948853,0.71942592579093,2.2064205793161142,1020400.0,142856.0006082058,2.3192769257365486,0.11411871418356895,0.11358517646789551,27.43996165098271,25.22360570357234,20.005962463685396,23.08303902896458,17.078987222330845,1
HK.01124,490,0.10999999940395355,0.10999999940395355,0.0,0.0,159773.35,17575.068404767662,1.9345032689775843,0.11445999994874001,0.1869999999180436,-10.56910864587761,-24.137929262644278,-44.44444444444444,-53.97489422357403,-23.611108236658595,0
HK.01125,490,0.6850000023841858,0.6850000023841858,0.0,0.0,1180.0,808.3000028133392,0.0,0.7176000142097473,0.8881500002741813,-4.861114560453843,-22.159090216371634,-27.894735686336514,-27.894735686336514,-33.49514355229341,0
HK.01126,491,6.704999923706055,6.880000114440918,-2.5436073811618556,0.19244876334688776,739974.2,4961526.954544448,3.744327329224595,6.663200016021729,7.4360245823860165,-1.1061988758318189,-3.10693858695787,-22.671761535165327,-17.787875074369403,-56.31769731385633,0
HK.01127,491,1.215000033378601,1.2000000476837158,1.2499987582366165,0.28127313101406365,271000.0,329265.0090456009,0.6450724765441345,1.2073000407218932,1.2471169185638429,1.2499987582366165,-4.3307045963723585,-4.3307045963723585,-5.0290224431592385,-6.945940744333214,1
HK.01128,491,5.619999885559082,5.650000095367432,-0.5309771557870856,0.6233216776757465,4006139.4,22514502.96953373,2.418821723157574,5.518700046539307,5.629274485111236,-3.6020590204995817,-0.7067131259962189,-1.499488442272035,-2.484495432298962,-9.679114698539907,0
HK.01129,490,0.16300000250339508,0.16300000250339508,0.0,,0.0,0.0,0.0,0.16300000250339508,0.31050999969244003,0.0,-30.34187849134529,-61.64705931026629,-42.80701594779804,-52.058823297386766,0
HK.01130,490,0.5649999976158142,0.5699999928474426,-0.8771921569070334,2.3118873609428596,242407.0,136959.95442205667,0.8065942795501265,0.6070000076293945,0.6016749972105027,-5.833337472544612,-11.71874839928929,-13.076920255401328,2.7272700672307866,2.7272700672307866,0
HK.01132,491,0.09600000083446503,0.10499999672174454,-8.571424922164491,0.15337828903874123,1898750.0,182280.00158444047,8.031532458315754,0.08313999965786933,0.07008499993011355,23.076921607380584,57.377048779866676,29.729729185494485,47.692314393421846,24.675326434611723,0
HK.01133,491,15.9399995803833,16.420000076293945,-2.923267318394449,0.8921759506856741,5450976.45,86888562.32567926,4.7286303342857865,16.094199962615967,18.713183822631837,-11.148277001873433,-20.93254116552248,-33.792466689662355,-7.790411390575438,126.28592540835555,0
HK.01134,491,0.23000000417232513,0.23000000417232513,0.0,1.1788896504455106,277000.0,63710.00115573406,4.580847594827824,0.29056000292301176,0.29315000027418137,-17.857141716747872,-36.1111124908482,-1.7093988247441299,-6.504065927096617,16.1616188982849,0
HK.01137,491,1.0199999809265137,1.024999976158142,-0.4878044241882981,1.900625264281425,198070.65,202032.05922210217,1.5466249873792315,1.0550999927520752,1.2431249988079072,-3.7735815105932082,-3.7735815105932082,-29.166670805877942,-26.618705652964604,-30.612247545951128,0
HK.01138,491,16.479999542236328,16.709999084472656,-1.3764186405614431,0.715512411232299,17187097.65,283243361.404371,4.563411425462522,14.326535549163818,14.485962915420533,10.086835325803362,14.055765480052408,-5.739029080796184,76.92208460219148,137.9466551864612,0
HK.01141,491,0.6800000071525574,0.6949999928474426,-2.158271345216813,0.15186819828144182,5476698.55,3724155.0531724007,7.173220784604596,2.4207999908924105,1.7564999943971633,-15.527950172590616,-67.3076907646726,-54.96688665912254,-6.849316522537741,-11.688308571860292,0
HK.01142,491,0.08900000154972076,0.08699999749660492,2.298855299615259,0.17208807329872738,9645527.0,858451.9179478735,8.33806311036387,0.08043999999761581,0.15566499970853329,8.536584257795896,-15.238091115778406,-28.225804028817404,-61.304347854255504,-97.61394098942048,2
HK.01145,491,0.15199999511241913,0.14300000667572021,6.293697913670804,5.873715124816447,132150.0,20086.799354106188,2.380844282011018,0.1387600001692772,0.15090000070631504,4.109587223540079,4.109587223540079,-1.2987039376318668,-6.1728427993726065,-6.748470688365073,1
HK.01146,491,0.05900000035762787,0.05900000035762787,0.0,1.616939364773821,303500.0,17906.500108540058,3.961674968736388,0.05564000010490418,0.04299613020382822,5.357140243737754,9.915854924351047,95.40598239189816,106.90042942014628,-0.9209191174170624,0
HK.01147,491,0.10000000149011612,0.10499999672174454,-4.761900369272073,1.7963496637848222,1058500.0,105850.00157728791,4.852660328726962,0.12505999997258185,0.1308300004899502,-13.043478542555025,-33.33333498901784,-34.21052321998026,-23.6641194022109,-38.65030677650864,0
HK.01148,491,0.22699999809265137,0.23000000417232513,-1.3043504457617503,1.1366006256517205,82050.0,18625.349843502045,3.4035721833352595,0.23327999860048293,0.2772499989718199,-5.809128117588836,-5.809128117588836,-29.062499010469743,-31.212124523490235,-5.41666534729299,0
HK.01150,490,0.08799999952316284,0.10400000214576721,-15.384617588929125,4.166158669337281,346875.0,30524.99983459711,5.475042820867775,0.08260000094771386,0.12531999945640565,10.000001862645192,-7.368420392192293,-49.13294618449723,-48.53801312278138,-44.30380033350306,0
HK.01152,491,0.21799999475479126,0.22100000083446503,-1.3574688092064093,0.33468547256645953,7690500.0,1676528.9596617222,8.952038849885428,0.2549799987673759,0.278444999307394,-8.403365658834792,-51.01123634635041,-9.917357051220279,-23.508772810410274,-40.27397560030857,0
HK.01153,491,0.36000001430511475,0.36000001430511475,0.0,0.33444816053511706,15200.0,5472.000217437744,1.4366004946834625,0.37060000240802765,0.3778500014543533,-8.860758347611412,12.500006984919466,-7.692300638503319,-27.99999713897705,-24.99999534338702,0
HK.01156,491,0.2800000011920929,0.2800000011920929,0.0,0.7995548305349045,1251307.1,350365.98949167435,8.162301835497587,0.2666799998283386,0.21252499986439943,0.0,13.360327159526708,17.647056613767546,55.55555003660718,135.2941132275351,0
HK.01157,491,5.929999828338623,6.085000038146973,-2.547250761489738,1.2918895105361587,6461842.85,38318726.991251156,3.453780137221511,7.054063997268677,7.800852878093719,-20.827770232984296,-15.776026641519799,-40.22814323815998,-20.38202076131036,-4.159669059416776,0
HK.01159,491,2.5,2.575000047683716,-2.9126231570822863,3.557711744491611,14167.5,35418.75,0.7481357365612678,2.5965000009536743,2.430225003361702,-6.36704387401784,21.359226671956627,23.1527110952844,25.0,-29.17846968095744,0
HK.01161,491,1.2899999618530273,1.309999942779541,-1.5267161679471504,0.84910013844024,277500.0,357974.9894142151,2.188243116921558,1.2809999942779542,1.0267493423819543,-1.5267161679471504,13.24278629914846,41.85149872234336,47.23516629684298,57.27393687563994,0
HK.01162,491,0.2549999952316284,0.24799999594688416,2.8225804028817403,0.05723279439118615,2793200.0,712265.9866809845,7.464657008772137,0.20231999933719635,0.19337499983608722,35.638299980359,27.49999571591622,34.210525490240364,37.09676837883942,-3.7735815105932082,1
HK.01163,490,0.164000004529953,0.164000004529953,0.0,0.0,33500.0,5494.000151753426,0.2949942807613519,0.17258000165224074,0.16662000074982644,-3.529410114750335,1.234570399524046,8.609279496257836,2.500005122274275,19.70803729510631,0
HK.01164,491,2.4049999713897705,2.5250000953674316,-4.752479978033388,1.3726354670788206,48973513.1,117781297.60435656,6.075832675971234,2.569700002670288,3.458589977025986,-13.953491744490357,-26.9749529463283,-51.65742001235869,-25.397256813186015,1.560033156292371,0
HK.01165,490,0.024000000208616257,0.024000000208616257,0.0,,0.0,0.0,0.0,0.024000000208616257,0.024010000210255386,0.0,0.0,0.0,0.0,-14.285716186372543,0
HK.01166,491,0.17100000381469727,0.17399999499320984,-1.724132910825454,16.774193548387096,12250.0,2094.7500467300415,0.5634277617205949,0.1846399998664856,0.43798499815166,-7.567566696791175,-25.327509950917264,-72.41935443555651,-79.39758948757886,-66.47058686033112,0
HK.01167,491,6.125,6.010000228881836,1.9134736562158143,0.6797824426187614,4342140.2,26595608.725,7.1824019786857765,5.131100025177002,6.2185250091552735,35.6589187402923,36.11111111111111,-3.846152118691583,-4.595016710096974,-26.115801831307785,1
HK.01168,491,5.300000190734863,5.449999809265137,-2.752286674859517,1.562380881255214,291207.85,1543401.6605434893,1.8217817894051396,4.7756000423431395,4.381150015592575,-3.898452963839142,103.84616865914302,9.504132719934235,4.330713982930731,-34.809346665066656,0
HK.01170,491,0.4399999976158142,0.4300000071525574,2.3255791388182447,0.05144995322731525,1261000.0,554839.9969935417,2.8770652339776106,0.4245999997854233,0.47126346051692963,2.3255791388182447,-9.278353682891009,-12.000000476837158,-15.384612739438744,-13.66037394237401,1
HK.01171,491,13.390000343322754,13.600000381469727,-1.5441178842399292,1.1715871510665279,30578362.65,409444286.38174766,3.8876432096765923,11.981153831481933,12.42868860244751,15.331617048083013,-11.090165596425377,0.33004279044401535,41.79979597214144,53.29943380316414,0
HK.01172,491,0.017999999225139618,0.01899999938905239,-5.263158926673246,1.073008849557522,238125.0,4286.2498154863715,2.8632395710726017,0.017780000045895576,0.020889999940991402,0.0,0.0,-25.000003880510697,-30.76923517785825,-30.76923517785825,0
HK.01173,491,0.02500000037252903,0.02500000037252903,0.0,1.4285714285714286,75000.0,1875.0000279396772,0.7571429642639573,0.02646000061184168,0.030940000088885426,-3.846154397232281,-10.714287139779408,-30.555551531322035,-21.875002546585044,4.166667313418449,0
HK.01176,491,0.02199999988079071,0.026000000536441803,-15.384617588929125,4.208229394499736,23231800.0,511099.5972305536,24.435532548899026,0.017480000145733355,0.033375000120140615,37.49999272404273,-15.384617588929125,-44.999999068677404,-54.16666731341845,-64.51612864461079,0
HK.01177,491,5.260000228881836,5.260000228881836,0.0,0.4442992359494093,91540028.2,481500569.2838497,3.9641698666177274,4.982114562988281,5.703358514308929,9.077558146410672,8.876879433016116,-21.207529035162192,-15.260925739867723,-33.60529972118008,0
HK.01179,491,36.08000183105469,36.8129997253418,-1.9911387275036951,0.6426683224688172,2377415.4,85777151.9851776,2.357999559199544,33.91196147918701,36.99541781425476,10.192780592875849,1.7593380781509156,-14.011612150218818,-2.663355477792267,27.589258397306775,0
HK.01180,491,0.8100000023841858,0.7900000214576721,2.531643086491392,0.426293542079131,618024.4,500599.765473485,5.089438426533456,0.9045999956130981,0.6786902844905853,-21.359220885097752,15.714288025486264,33.19629370619089,33.19629370619089,-2.2926478471739697,3
HK.01181,490,0.10000000149011612,0.10000000149011612,0.0,0.0,493700.0,49370.00073567033,3.8676881927526665,0.10430000007152557,0.15987999930977823,-3.846154397232281,-9.090907243657693,-53.917048460294545,-52.380950184636035,-50.98039050977165,0
HK.01182,491,0.6650000214576721,0.6650000214576721,0.0,0.22668669065767477,133437.5,88735.94036325812,1.7054500185405643,0.706400009393692,0.7502500006556511,-0.7462679264300778,-16.87499855645003,-19.87951387599749,3.906255675247066,47.777786460923785,0
HK.01183,491,0.12999999523162842,0.12999999523162842,0.0,0.5787446653481836,488050.0,63446.49767279625,3.011923838069366,0.13546000123023988,0.15041500091552734,-1.5151545939038447,-15.584418223346152,-31.216932134670234,-3.7037110623015317,-23.076925789924662,0
HK.01184,491,8.8100004196167,8.805000305175781,0.05678721485084773,0.9366538878650547,144762.45,1275357.2452447414,3.573349512098801,7.625900049209594,5.594157791137695,17.466672261555992,38.08777839479276,89.82844976821521,102.39986766603639,84.71153677927934,2
HK.01186,491,4.434999942779541,4.46999979019165,-0.7829943860155922,0.9403564079381834,3718302.3,16490670.487737035,1.2774643765998561,4.535849256515503,4.871728134155274,-5.03212269111776,-2.7257057401218034,-14.579918954019544,-11.56881751458384,-18.38287351791004,0
HK.01187,83,31.84000015258789,32.779998779296875,-2.867598113831129,0.25887943971985994,77205.0,2458207.211780548,3.7002507625320624,32.403600158691404,,-2.748935490955824,6.48829618330603,,-18.149103075469615,,0
HK.01188,490,0.012000000104308128,0.012000000104308128,0.0,,0.0,0.0,0.0,0.012000000104308128,0.012000000104308128,0.0,0.0,0.0,0.0,0.0,0
HK.01191,47,92.25,94.19999694824219,-2.0700605216724215,0.25913772881928737,240661.2,22200995.7,10.149114100367411,,,0.10851706181796505,,,-44.09090909090909,,0
HK.01193,491,16.6200008392334,16.56999969482422,0.30175706294549887,1.152122899092785,3195670.95,53112053.870913796,2.0434299719559053,15.797399997711182,18.741880798339842,2.910224345540247,-7.769143079722301,-21.828660247771527,-19.188719820275672,-10.321029842913779,1
HK.01195,491,0.01899999938905239,0.014999999664723873,26.666665424903208,57.82076544871845,9092244.4,172752.63804511502,7.039329756471348,0.012820000182837249,0.01726499980315566,46.15383843874806,26.666665424903208,-5.000000931322596,0.0,-20.833336567092246,2
HK.01196,491,9.5,9.510000228881836,-0.10515487530131995,0.6890041153824105,16581769.75,157526812.625,14.244174080861955,8.882400026321411,11.68740000963211,58.86287574748012,-14.568344444525442,-35.63685736663646,-29.315473983600633,-20.96506124619998,0
HK.01198,490,0.0860000029206276,0.08799999952316284,-2.272723424286861,0.0,158355.4,13618.56486249715,0.8479613493524862,0.08118000015616417,0.10670499987900257,11.688316086529301,-9.47368000022587,-36.29629666422618,-31.199997663497925,-66.92307458650423,0
HK.01199,491,5.440000057220459,5.454999923706055,-0.27497464152859225,1.646208580756688,3849413.05,20940807.212265182,2.2664029664983385,5.049299983978272,5.434402050971985,5.9396263825491165,6.042883740039169,-11.639225545414552,-1.0863372644738254,0.37731323659072624,0
HK.01200,491,1.9700000286102295,1.940000057220459,1.5463902322123155,0.655273376530861,1890227.0,3723747.2440798283,4.523833406358164,2.2098999881744383,2.5083760452270507,-10.25056544307786,-22.496428390196602,-40.69291732617026,-10.259016587157845,12.422769355860032,2
HK.01201,491,2.200000047683716,2.119999885559082,3.7735927567532066,0.009256902177686238,294727.5,648400.5140537024,4.639015838233855,2.235299973487854,2.1045749837160113,-9.278346765230056,10.000002384185791,-28.571425253915795,67.9389422732175,285.9649254894875,1
HK.01202,491,1.5,1.5750000476837158,-4.761907645273734,3.485617597292724,188600.0,282900.0,2.9652677263738054,1.537600004673004,1.2861257255077363,0.0,0.762349419973811,20.914815430887085,75.74827274400799,46.74127826156725,0
HK.01203,491,0.6399999856948853,0.6399999856948853,0.0,5.665798089129418,192070.0,122924.79725241661,2.2097101716925445,0.6678799974918366,0.7459481942653656,-4.477616454795883,-2.708683426180992,-24.203279497661736,-24.203279497661736,-25.571246346464733,0
HK.01204,490,1.8700000047683716,1.8700000047683716,0.0,0.0,34100.0,63767.00016260147,0.2392787814720489,1.755900013446808,1.8317249965667726,16.87499855645003,21.428574746084205,11.309527568603707,-6.499999761581421,36.49635023793565,0
HK.01205,491,0.5149999856948853,0.5149999856948853,0.0,0.12246032643125612,4533659.6,2334834.629145479,2.85967906292054,0.48789999783039095,0.48659999638795853,4.040400148253006,-4.629636068402729,2.999997138977051,30.379739672571326,27.16048992074422,0
HK.01206,491,0.1899999976158142,0.19900000095367432,-4.522614720969393,0.08898776418242492,179400.0,34085.99957227707,3.6340208284682,0.21639999866485596,0.2909299990534782,-13.636364252114102,-4.522614720969393,-52.50000130385158,-50.64935004616651,-50.0,0
HK.01208,491,9.069999694824219,9.444999694824219,-3.970354813303984,1.1883790027342156,65369828.45,592904324.0922116,4.784402620741744,8.240600004196168,8.659799990653992,0.11036727090949262,-0.5482477123057345,-13.20574296295573,-0.5482477123057345,88.56548446408013,0
HK.01209,491,39.040000915527344,38.900001525878906,0.3598955890922021,1.0167812777849266,4781347.0,186663791.25745392,3.0676487272267323,39.18880004882813,42.91663015365601,-2.302297772831527,-6.036579996971973,-18.167105359321507,-7.258587919595429,1.5476082273976963,1
HK.01211,491,85.25,88.25,-3.39943342776204,1.5985087462497882,17241077.35,1469801844.0875,3.270583103643246,87.66900024414062,94.76572574615479,-9.115141549665,-5.612202317296877,-14.428643885649361,-13.258804816381472,-25.059559267456894,0
HK.01213,490,0.48500001430511475,0.48500001430511475,0.0,0.0,1000.0,485.00001430511475,0.309278353682891,0.47275950193405153,0.4663491600751877,2.618360702916759,8.319377326819222,-4.424075461397167,-11.375059740787066,14.09838897609563,0
HK.01215,491,0.017000000923871994,0.017000000923871994,0.0,4.292018806426491,2044450.0,34755.6518888101,4.8161784149556315,0.017740000188350678,0.021415000036358833,0.0,-14.999993480741832,-26.086952648563972,-26.086952648563972,6.250000727595727,0
HK.01216,491,0.28999999165534973,0.2849999964237213,1.754384313814067,1.9175455417066156,269700.0,78212.99774944782,2.86182570956167,0.2834999978542328,0.3125,-1.694913713180618,-9.375000582076622,-10.769230063850333,-10.769230063850333,-17.142858115994215,1
HK.01218,490,1.2899999618530273,1.2899999618530273,0.0,0.0,1320.0,1702.799949645996,0.5652173822904126,1.170600001811981,1.3915250033140183,12.173912051945397,7.05393493032885,-13.712377408795126,-19.1222608956915,44.943818268247966,0
HK.01220,490,0.0560000017285347,0.0560000017285347,0.0,,0.0,0.0,0.0,0.0560000017285347,0.0560000017285347,0.0,0.0,0.0,0.0,0.0,0
HK.01221,490,1.649999976158142,1.649999976158142,0.0,0.0,4214.25,6953.51239952445,1.0500371945298648,1.5709999918937683,1.5917089182138442,3.124996973201678,-2.9411805954770314,0.22360810993400446,8.033243872826889,17.45860177518494,0
HK.01222,491,0.02199999988079071,0.02199999988079071,0.0,0.5035290656211123,897568.25,19746.501393001527,2.5451726583809537,0.022419999949634076,0.02229499992914498,-4.3478267911701876,4.761905606641802,-8.333334626836898,-8.333334626836898,-15.384617588929125,0
HK.01223,491,1.3700000047683716,1.4049999713897705,-2.4911008778724986,1.3523213414108932,3571900.0,4893503.017032146,4.914229609368747,1.3208038568496705,1.390076932311058,6.614789132676789,1.1272593584393495,-8.31128355744522,-12.399318305233269,17.549636224343153,0
HK.01224,491,1.190000057220459,1.190000057220459,0.0,0.6628056628056628,311050.0,370149.51779842377,0.8492094909640989,1.2093000388145447,1.2043750435113907,-0.8333325054910776,-0.8333325054910776,-0.8333325054910776,-0.8333325054910776,-0.8333325054910776,0
HK.01225,491,0.23999999463558197,0.23999999463558197,0.0,0.0968054211035818,206700.0,49607.99889117479,0.06419834276286641,0.24213999658823013,0.2205399987846613,0.0,-14.285716566504256,23.076924840374172,21.212119159619657,9.090907243657693,0
HK.01228,491,1.9600000381469727,1.9800000190734863,-1.0101000370632516,0.11451576866278457,2672737.1,5238564.817956829,5.857128158487758,2.0478999996185303,2.269424996972084,-4.854364437391164,-10.091744122626764,-27.13754660019545,-16.949147234288798,-20.96774100513042,0
HK.01229,491,0.16899999976158142,0.17399999499320984,-2.873560560633084,2.074468085106383,82500.0,13942.499980330467,6.297336107792213,0.1534599992632866,0.1968699999898672,17.361115997680386,-15.50000137835739,-17.560975006972654,-23.181817873942947,-29.87551779990102,0
HK.01231,491,0.30000001192092896,0.30000001192092896,0.0,44.91228070175438,18500.0,5550.000220537186,0.16666749450892232,0.302300009727478,0.3133250053226948,0.0,-3.225803350434739,0.0,-1.6393426604503258,35.1351387633701,0
HK.01232,491,0.4000000059604645,0.44999998807907104,-11.111107431811954,3.8620369041026588,43629.05,17451.620260049403,6.394421319503165,0.3755999982357025,0.3965750004351139,33.33333002196431,-25.925927765575384,15.942031113797448,14.285717934978315,-44.444445824181535,0
HK.01233,491,0.04899999871850014,0.03700000047683716,32.432427262197606,8.118404072637999,23151629.9,1134429.8354311893,20.08308006292868,0.030659999661147595,0.06844500008039177,22.499999534338702,13.953481521910987,-44.31818297271394,-55.45454637817115,-72.777779571436,2
HK.01234,491,2.944999933242798,2.9850001335144043,-1.340040150166158,0.5893433339505635,536186.8,1579070.0902056696,2.247893924510049,3.218128604888916,3.23055038690567,-9.453041679504059,-15.06546344931628,-5.08738340625433,-3.6665247271173174,-11.383090907512592,0
HK.01235,490,0.19900000095367432,0.19900000095367432,0.0,0.0,8250.0,1641.750007867813,0.0515958497807523,0.19569999903440474,0.18270000018179416,6.989245287447798,1.5306153868026038,18.452383117019618,10.555551692291695,27.408530203784366,0
HK.01236,80,35.939998626708984,35.900001525878906,0.11141253239570416,1.4366479690033953,782812.5,28134280.174970627,6.772715845049347,35.598000068664554,,-7.131788325114321,0.279013598480337,,-40.10000228881836,,1
HK.01237,491,0.800000011920929,0.8349999785423279,-4.191612876745086,1.5354410463322168,35347.25,28277.800421372056,1.556050039120907,0.7210000038146973,0.7570500013232231,15.942031113797448,11.111108351636926,-9.090907243657693,-11.111107431811954,-32.20338580663828,0
HK.01238,491,0.17900000512599945,0.18000000715255737,-0.5555566593452297,0.25804622146604284,710200.0,127125.80364048481,3.739352800197387,0.1927599987387657,0.23237499825656413,-1.6483468348500179,-20.089285892472425,-31.153841657045866,-29.803918245800208,-44.92307332563669,0
HK.01239,491,0.27000001072883606,0.30000001192092896,-10.0,4.591104734576757,8750.0,2362.5000938773155,0.8425933008576334,0.2950000029802322,0.3995249992609024,5.882359128509954,-47.05882043574503,-39.99999602635691,-55.73770419720264,51.685396644626906,0
HK.01240,490,0.18700000643730164,0.18700000643730164,0.0,0.0,32125.0,6007.375206798315,0.4567065196863448,0.17302000254392624,0.1806100004911423,10.000002629616654,3.8888883369940515,-2.094237284062865,-1.5789427453460534,-11.374402629384102,0
HK.01241,490,0.1550000011920929,0.15800000727176666,-1.8987379377227689,0.0,58600.0,9083.000069856644,3.0273344792403107,0.13406000018119812,0.165950000397861,15.67163979935476,19.230774521122513,-19.270833414177307,-2.5157190855485068,-1.2738878893616343,0
HK.01243,491,0.032999999821186066,0.03099999949336052,6.451614066167647,4.002656630506974,1084200.0,35778.59980612993,3.234209501516895,0.03264000065624714,0.03425000037066638,0.0,-2.941182271212952,-10.810812443516545,0.0,-10.810812443516545,1
HK.01244,491,2.4600000381469727,2.5,-1.5999984741210938,0.3944020356234097,431225.0,1060813.5164499283,12.840914996906214,2.358700017929077,3.7577250027656555,14.15313553626203,-26.12612328804001,-36.92307748738124,-50.701399779909536,-69.51672699907634,0
HK.01245,491,0.20900000631809235,0.2029999941587448,2.9556710995053326,0.7084468664850136,220500.0,46084.50139313936,3.175622661573154,0.19516000002622605,0.18519821852445603,7.17949435085496,17.333340806570916,10.363031997974307,9.819385193226719,20.736169607263097,2
HK.01247,491,0.9649999737739563,0.9900000095367432,-2.5252561133292604,0.32207079593236515,324830.0,313460.9414809942,2.6435419858865976,1.0564999878406525,1.963225001990795,-6.31067955546739,-18.90756912836175,-59.623433831914106,-67.39864995481324,-57.67543921565306,0
HK.01250,491,1.0950000286102295,1.1200000047683716,-2.232140718902261,0.18253968253968253,45774.0,50122.531309604645,3.1510816092327905,1.1559999990463257,1.5492500007152556,-15.769225478877487,-17.669173437769032,-36.33720869789774,-38.13559093729214,-52.39130211687715,0
HK.01251,491,0.1850000023841858,0.18700000643730164,-1.0695208472019047,0.012403870007442322,1409500.0,260757.50336050987,10.02630520252191,0.21206000059843064,0.2295499996840954,-1.5957400432101987,-25.702809682786594,-30.18867457706566,-2.1163985705922816,-22.916663950309097,0
HK.01252,490,0.23999999463558197,0.23999999463558197,0.0,,0.0,0.0,0.0,0.23999999463558197,0.25460999488830566,0.0,0.0,-11.111116630059483,-9.433959399563019,-36.84210588231973,0
HK.01253,490,0.11900000274181366,0.11900000274181366,0.0,0.0,1820.0,216.58000499010086,0.042372966970187324,0.10539999946951867,0.1525950000807643,21.42857740206915,-9.848482282857907,-32.7683604403975,-43.33333025849045,-37.368418823648994,0
HK.01255,490,2.0199999809265137,2.0199999809265137,0.0,0.0,10800.0,21815.999794006348,1.8026794154384134,2.5340999937057496,1.8625249898433685,-3.809520349480781,-8.181821038900267,34.66666539510091,27.84809658607993,573.3333002196432,0
HK.01257,490,0.7900000214576721,0.7900000214576721,0.0,1.286915854490209,337306.15,266471.8657378048,2.356623209169499,0.7682999956607819,0.8458412149548531,3.947372548798166,-10.227269802458014,-9.403665084227107,-15.06593347652205,-13.725321336376057,0
HK.01258,491,16.1200008392334,16.639999389648438,-3.124991403175919,0.6720208651628955,17471064.9,281633580.85030115,5.342556690407364,14.119245052337646,13.911685366630554,0.813014821613994,15.496999942330236,5.767832137026882,9.038290443206577,97.30739119203433,0
HK.01259,491,0.03400000184774399,0.03200000151991844,6.250000727595727,0.3760498057076004,2400300.0,81610.2044351399,9.318378182136193,0.032640000022947785,0.032820000359788534,3.0303091878076893,-19.047613556828285,0.0,3.0303091878076893,-12.820509881427833,1
HK.01260,491,0.4000000059604645,0.4000000059604645,0.0,1.6697936210131332,105100.0,42040.00062644482,2.797359262051351,0.41009999871253966,0.45502499788999556,-4.761900369272073,-24.52829668809585,-25.925927765575384,-4.761900369272073,-13.043478542555025,0
HK.01262,491,3.299999952316284,3.2799999713897705,0.6097555213709185,4.136690647482014,26040.0,85931.99875831604,3.372448789753553,3.0569000339508055,3.06527501642704,3.9370079331436747,33.064513182913004,-25.675677707487253,70.98445813477728,57.14286200854265,1
HK.01265,491,0.15000000596046448,0.14800000190734863,1.3513540725275752,0.7537688442211056,206500.0,30975.001230835915,0.876457126246706,0.1494000020623207,0.1734600007534027,2.7397316198766797,-3.225803350434739,-14.285709420028917,-16.666666666666664,-28.90994825554009,1
HK.01268,491,0.3799999952316284,0.3700000047683716,2.7027000903735274,0.5622909069137741,3352055.8,1273781.1880161522,8.044370407612426,0.4412999951839447,1.0718250000476837,-3.797472174628627,-45.714285471001446,-77.77777855236704,-69.60000038146973,-81.55339777733694,1
HK.01269,491,0.04600000008940697,0.04600000008940697,0.0,0.0946790380609733,943580.0,43404.680084362626,8.857915286191433,0.04360000014305115,0.045874999985098835,-11.538463191696843,21.052635706692985,-20.689652736135884,-16.363635747885898,-19.29824549937549,0
HK.01270,491,0.46000000834465027,0.4650000035762787,-1.0752677834782465,1.1284035992358215,808409.25,371868.26174589247,1.8374555891998483,0.47750000417232513,0.49779473394155505,-7.0707062801138925,-13.207540910156226,-21.393450479119334,-1.5433134332471092,-11.388986611762231,0
HK.01271,490,0.3199999928474426,0.30000001192092896,6.666660043928621,0.627435023962089,67425.0,21575.99951773882,12.958120677236055,0.29098000019788745,0.5851449989527464,74.86338566436625,-30.43478542555027,-50.76923006385034,-74.80314979107399,-70.64220339007149,1
HK.01272,491,1.090000033378601,1.100000023841858,-0.9090900224102623,0.6575725778244141,289650.0,315718.5096681118,2.8426126935070886,1.0422299134731292,1.0608297726511955,1.86915700430858,6.968501463689241,-4.916886351883255,6.968501463689241,-7.842512361549586,0
HK.01273,490,0.7350000143051147,0.7350000143051147,0.0,0.0,39000.0,28665.000557899475,0.419709300492307,0.7114999973773957,0.6263363006711006,5.00000383172723,20.491802798135097,22.499997516473233,22.499997516473233,72.53607200780573,0
HK.01274,491,2.440000057220459,2.555000066757202,-4.5009787292374055,0.8008874098724348,136065.0,331998.60778570175,5.039590999211368,3.098799991607666,4.4903999924659725,-21.41706788302885,-44.41913140253019,-61.81533476991413,-60.38960847952728,-82.86516786208583,0
HK.01276,317,45.5,46.31999969482422,-1.7702929624929278,0.5438175792300527,7150316.4,325339396.2,4.326803523706392,55.25940002441406,64.1039321899414,-21.95540206615261,-22.22222222222222,-34.445594339949295,-38.382392324248904,-40.23737795375879,0
HK.01277,491,2.0350000858306885,2.130000114440918,-4.460095000284311,0.9171578870019993,15578025.45,31701283.12782265,5.1125816327927165,1.8091000199317933,1.7936880588531494,14.005609181185768,-5.787036807080855,11.301351017598984,55.82189142463858,84.45849061619151,0
HK.01278,491,0.0729999989271164,0.06610000133514404,10.43872534432728,0.009959002769200311,500104.8,36507.64986344576,4.718846575004318,0.0652331531792879,0.0736533740349114,10.43872534432728,0.011697759297268849,-10.33433993994038,4.01216566966916,-31.570943638375553,1
HK.01280,491,2.3299999237060547,1.625,43.38461068960336,34.98532018918736,2237330.5,5212979.894305229,12.381364902192555,1.3100999903678894,2.299775000810623,95.79830350162746,39.52095710071579,-12.73408774803568,-30.447761491455577,-53.861389392007155,1
HK.01281,491,0.09099999815225601,0.09099999815225601,0.0,0.17940092904052538,302700.0,27545.699440687895,4.643302163426231,0.09777999922633171,0.10309499990195035,-14.150944125635345,-9.000003203749609,-4.210527058783669,-18.01802073919424,-19.469026782068468,0
HK.01282,491,0.1080000028014183,0.10300000011920929,4.854371530506945,0.26742358488353,1704760.0,184114.08477574587,7.721303335842325,0.08174000054597855,0.10381500028073788,13.684214901726055,22.72727657571314,-6.896546630102299,-2.702701432820465,-32.07546754269253,1
HK.01283,491,1.6399999856948853,1.6200000047683716,1.2345667202249964,2.4437927663734116,276500.0,453459.9960446358,2.781894588838609,1.5471000051498414,1.625266479253769,10.067112429400499,-6.818182126057051,-9.890113273056663,-9.392263119279107,10.847816794705018,3
HK.01284,491,0.49000000953674316,0.47999998927116394,2.083337601895229,0.463519313304721,293250.0,143692.50279664993,2.258361779309284,0.4468999993801117,0.38399120926856994,12.643679735887027,4.255321442460307,46.053072812044995,34.672307366309354,25.972921181226948,3
HK.01285,491,1.5099999904632568,1.5099999904632568,0.0,0.6962509563886764,266050.0,401735.4974627495,4.781887162623027,1.1224000000953673,1.0335784322023391,37.27272343044447,44.952008985405584,68.61763680483718,51.601173045798355,70.10544234633494,0
HK.01286,491,8.095000267028809,8.585000038146973,-5.707626895059723,0.9678731524602429,4271060.0,34574231.84049606,6.28528266926816,8.173313646316528,7.61747567653656,-4.360637008125978,-19.76815989309256,5.363962226373391,63.043450283714655,123.57718576977028,0
HK.01288,491,6.579999923706055,6.510000228881836,1.0752640915996092,1.434694425870915,77871491.7,512394409.4448767,2.394143330055333,5.8786000061035155,5.6449489569664,10.774408422902857,14.236105247228467,21.5500077822602,15.712271541958764,25.47833223079249,3
HK.01289,491,2.0450000762939453,2.134999990463257,-4.2154526731301365,0.09868421052631579,13350.0,27300.75101852417,1.642208131364116,2.0647792625427246,2.2447773945331573,-0.24389639700671864,-1.6895702496446035,-12.826295965802723,-22.78038967069623,0.07385350311783122,0
HK.01290,491,0.6349999904632568,0.550000011920929,15.454541218182364,2.43614931237721,57100.0,36258.499455451965,3.4058272520434953,0.546699994802475,0.5371330490708351,9.482760126752364,19.8113119487625,24.248771569549945,24.248771569549945,8.216671605060668,1
HK.01292,490,2.200000047683716,2.200000047683716,0.0,0.06042296072507553,30150.0,66330.00143766403,0.3677411283171673,2.01541629076004,2.868735048174858,5.769236941309597,-8.921076084198171,-37.22939161385936,-40.752231839302176,-28.398430261737882,0
HK.01293,490,0.0860000029206276,0.0860000029206276,0.0,,0.0,0.0,0.0,0.0860000029206276,0.0860000029206276,0.0,0.0,0.0,0.0,0.0,0
HK.01298,490,1.1150000095367432,1.1150000095367432,0.0,,0.0,0.0,0.0,1.0961000204086304,1.0215250071883202,1.3636350336153933,34.33735324779612,-3.043475421480001,13.775508962835408,1.3636350336153933,0
HK.01299,491,76.0,75.94999694824219,0.06583680548649422,1.056263713537362,35192363.65,2674619637.4,2.4704642027161126,74.76200012207032,79.93708225250244,-2.2508038585209005,-7.317073170731707,-9.72848964731529,-7.181817182281204,6.85976963751571,1
HK.01300,491,2.549999952316284,2.549999952316284,0.0,2.02638662043659,6870435.0,17519608.92239213,11.413606153940767,1.896000006198883,1.4068000094592572,62.42037370212788,-32.18085215999941,189.77272342428685,545.5695906466281,684.6153987229934,0
HK.01301,491,0.30000001192092896,0.30000001192092896,0.0,0.14925373134328357,53400.0,16020.000636577606,5.230880168564892,0.3326000028848648,0.35227500170469284,-11.764703304297399,-9.090909090909092,-6.249994179233778,-17.808218059586352,-53.12499708961689,0
HK.01302,491,1.340000033378601,1.3450000286102295,-0.37174684946251235,0.3644178247572034,14546366.2,19492131.193537354,3.6853019683165913,1.4141999936103822,1.679149997830391,-4.964534390063119,-22.988504250907326,-23.428569521222794,-15.18987360873143,-37.383179079862536,0
HK.01303,491,0.18700000643730164,0.1889999955892563,-1.058195343189913,0.456915818226968,205950.0,38512.65132576227,2.9956828666659967,0.2122599995136261,0.22978999987244605,-1.5789427453460534,-16.51785684587929,-25.199997425079346,-12.6168200546232,-35.51723730408184,0
HK.01304,285,117.0,121.5,-3.7037037037037033,0.6463434610739968,234726.9,27463047.3,6.36254799220962,118.16000076293945,125.95864303588867,8.033237952989124,-16.44955228876677,-15.550521584326434,-14.878834884159042,-36.53769850301805,0
HK.01305,490,0.7250000238418579,0.7250000238418579,0.0,0.0,16300.0,11817.500388622284,0.4311347628060217,0.8240999972820282,0.7416750025749207,-13.690470657448477,9.848484095900979,-18.53932185450546,6.617649443524906,-25.25773170536872,0
HK.01308,491,44.220001220703125,44.939998626708984,-1.6021304584062595,1.239299683819151,5969277.4,263961453.9147156,4.179331302738059,37.803908882141116,31.593595809936524,17.06275294403734,28.2429019782162,45.00433999491384,71.63779238889377,66.41833379787924,0
HK.01310,491,5.639999866485596,5.71999979019165,-1.3986001160915125,1.4224602391222239,729362.8,4113606.0946195605,1.9656266204903108,5.96690001487732,6.5981002306938175,-8.218065354082823,-14.93213017898726,-16.755512636542484,-7.698514022440274,17.08170610375288,0
HK.01312,491,0.03400000184774399,0.032999999821186066,3.0303091878076893,0.08893680097021965,2236200.0,76030.8041319251,8.350252205261903,0.030119999796152114,0.029529999736696483,17.241389055456473,25.925929503022143,9.677427107784306,21.428574279558816,9.677427107784306,1
HK.01313,491,1.0149999856948853,1.024999976158142,-0.9756088483765962,1.7150608161697212,6835007.15,6937532.159474439,2.493391210671942,1.0630999970436097,1.410212579369545,-7.727276027695135,-18.488265650665568,-44.64176497493761,-35.300065312120886,-44.81217658056322,0
HK.01314,491,0.18799999356269836,0.18199999630451202,3.2967018571514073,17.718446601941746,77700.0,14607.599499821663,2.8993470397832963,0.18150000005960465,0.16399000063538552,0.0,43.511448471385386,11.904759581735043,8.670520928251078,-5.050507787173788,2
HK.01315,491,0.10499999672174454,0.08900000154972076,17.977522352159976,4.325242718446602,91775.0,9636.374699138105,1.920929196348254,0.09749999940395356,0.11458500001579523,16.66665838824411,-5.4054095778756155,-16.666670608772737,-22.222227741170595,-29.054057183406712,1
HK.01316,491,5.110000133514404,5.25,-2.6666641235351562,0.8751351094932709,14888662.6,76081067.87385091,4.287033368590423,4.394499993324279,5.445201736688614,14.573993045020057,6.026980742500235,-34.194696360429525,-20.559360053610558,-18.47848213812985,0
HK.01317,491,0.17000000178813934,0.17100000381469727,-0.5847964937132787,0.3451581975071908,103600.0,17612.000185251236,2.4613260994945216,0.17843999981880188,0.27466999739408493,-9.090911264145943,-19.811318964349603,-50.0,-56.41025435289681,-56.41025435289681,0
HK.01318,424,50.29999923706055,49.7400016784668,1.125849496776719,0.514420334980485,2939127.1,147838090.887624,5.275496340336915,53.6810001373291,71.48780679702759,-5.893361049422132,-23.498100019679775,-42.13875962910091,-38.2580326150933,-47.59848708600881,2
HK.01319,490,0.29499998688697815,0.2849999964237213,3.508768627628134,2.4024024024024024,73400.0,21652.999037504196,0.08771921569070334,0.27777034044265747,0.27101837649941446,5.357137725365427,0.644738776628227,-5.548769130593759,13.691287979287251,33.58385531974043,2
HK.01321,491,0.6100000143051147,0.6100000143051147,0.0,0.024783147459727387,47200.0,28792.000675201416,2.586581400018236,0.7100999975204467,0.6818499994277955,-23.74999934807421,-22.784810413097148,0.0,1.6666650109821552,-28.235294447638164,0
HK.01323,491,0.19599999487400055,0.20200000703334808,-2.9703029457602916,0.22664958400357602,1527665.0,299422.33216919005,6.299686482271364,0.2039999994635582,0.1464649999514222,-3.448275608949183,56.79999589920044,68.96551768433893,66.1016895643633,25.641019762855667,0
HK.01326,490,0.027000000700354576,0.027000000700354576,0.0,,0.0,0.0,0.0,0.027000000700354576,0.027000000700354576,0.0,0.0,0.0,0.0,-35.71428318007459,0
HK.01327,490,1.649999976158142,1.649999976158142,0.0,0.0,1000.0,1649.999976158142,0.0,1.5055999910831452,0.8925999942421913,-0.6024090761646119,199.9999891627921,135.71428632249638,126.02738808860809,139.13043215354432,0
HK.01328,491,3.549999952316284,3.5399999618530273,0.28248560935074984,0.43266666666666664,30413.9,107969.34354975224,2.801939253466177,3.9699000120162964,3.72147500038147,-8.031086818769078,-32.89224994487979,29.562041604389965,16.39344287924599,-63.99594243482347,1
HK.01330,491,5.929999828338623,6.050000190734863,-1.9834770018687287,0.7392847376300796,1273764.7,7553424.452343797,2.9821136493778795,5.436900024414062,5.431941599845886,5.704094246139595,4.365083527827237,14.415055032083036,18.58759016166617,25.948552966737466,0
HK.01332,491,0.15700000524520874,0.1589999943971634,-1.2578548568743417,0.5963918768563692,1275062.4,200184.80348796843,5.747539360392128,0.14832000106573104,0.17376500010490417,16.296295560436512,34.188040175059356,30.833340628693662,-38.43136934077261,80.45978133658625,0
HK.01333,329,12.569999694824219,12.520000457763672,0.39935491399716583,0.6933138946260073,990450.0,12449956.197738647,5.30762962146119,12.966999969482423,19.37890001296997,12.634407407622628,-24.048336711242154,-38.200591934484734,-55.10714394705636,-70.6308413109974,3
HK.01334,491,1.0499999523162842,1.0800000429153442,-2.7777860562003345,0.8985730813729271,651875.0,684468.7189161777,6.511034210736787,1.1568491673469543,1.255661048591137,-13.934432156333795,-16.42200027631481,-5.614498613477823,-6.421211100640324,5.276136812729704,0
HK.01335,490,0.0989999994635582,0.10000000149011612,-1.0000020116567312,0.6437581557198782,237300.0,23492.69987270236,6.3493137946306915,0.10350000083446503,0.12030500005930662,-22.656254092725963,-25.0,-23.255810326921097,-26.66666997803569,-22.656254092725963,0
HK.01336,491,47.47999954223633,48.2599983215332,-1.6162428645357954,0.9713197312769022,7556999.35,358806325.67868024,3.10223363240387,46.80977615356446,49.28567619323731,-3.2205499119999286,2.6022933966646375,-17.443312986997913,-11.126701710646818,0.8081761665945698,0
HK.01338,491,0.029999999329447746,0.029999999329447746,0.0,0.27419838178004197,454000.0,13619.999695569277,2.6911772375470924,0.030399999730288983,0.03351499954238534,3.448276526508396,0.0,-23.076926383393687,-16.66666494199516,-42.307694787545266,0
HK.01339,491,5.980000019073486,5.974999904632568,0.0836839250330574,1.3445672493198695,25484339.4,152396350.09807518,2.5650365791348375,5.17920521736145,5.795822880268097,10.128917276653816,21.339537232830548,-11.548496877917298,-11.422136963002883,-8.158572258825762,4
HK.01340,491,0.47999998927116394,0.5249999761581421,-8.571426462964851,1.0366722819748606,78537.5,37697.99915738404,0.6707701823296055,0.5410999953746796,0.44699500024318695,-14.285716566504256,-10.44776542637114,19.99999552965171,39.534875863368484,13.207545976233071,0
HK.01341,490,0.01600000075995922,0.01600000075995922,0.0,,0.0,0.0,0.0,0.016240000650286676,0.049980000257492066,0.0,-48.38709347919167,-76.11940244565858,-80.24691270016766,-91.9999997392297,0
HK.01343,491,0.12999999523162842,0.12999999523162842,0.0,1.8509615384615385,221250.0,28762.498944997787,2.5819335042649945,0.12585999950766563,0.12479999974370003,0.0,3.1745977307424083,-2.985080601935728,6.557371943300105,68.83116355330769,0
HK.01345,490,2.240000009536743,2.240000009536743,0.0,0.0,42850.0,95984.00040864944,2.1305323069198736,2.2440999937057495,2.198123755455017,1.8181800448205245,0.2110190468581958,1.992543391041865,1.992543391041865,17.096847888553082,0
HK.01346,491,1.399999976158142,1.3700000047683716,2.189778925938227,0.37383177570093457,59000.0,82599.99859333038,0.6369215428290024,1.3700999999046326,1.3940540206432344,0.7194237817389376,2.9411736347271384,0.425764398451514,0.425764398451514,-5.381927365959186,1
HK.01347,491,117.5,120.9000015258789,-2.8122427485256307,0.5388396566760604,33085543.65,3887551378.875,7.60226698634367,149.4200003051758,113.22575035095215,-16.96113074204947,-22.849640416573948,19.410567254003396,44.52643983936419,109.82142857142858,0
HK.01348,491,0.1850000023841858,0.1850000023841858,0.0,0.0584656711701035,1265100.0,234043.50301623344,6.123540961644606,0.22895999997854233,0.208554999679327,-18.14159044052251,-42.187497962731825,-1.5957400432101987,42.30769936149668,140.25974465795787,0
HK.01349,491,2.515000104904175,2.5250000953674316,-0.39603921130948166,0.7476391203476783,1553650.0,3907429.912984371,3.622749535483856,2.470000023841858,2.7845500004291535,1.6161697702184261,2.653063508382846,-22.136220122203177,-10.815597005631666,-34.675320332398854,0
HK.01351,491,0.17000000178813934,0.17000000178813934,0.0,4.119143840742404,805600.0,136952.00144052505,7.39619381494043,0.22916000008583068,0.3337550004571676,-26.08695708511005,-39.285713905582625,-51.428570090507954,-52.77777915751487,-54.666666189829506,0
HK.01354,491,3.0450000762939453,3.0,1.5000025431315103,1.0242555940564986,261015.0,794790.6949138641,6.015189331107484,2.130700011253357,2.7866750001907348,58.1818260634243,47.10145770506101,1.5000025431315103,-3.3333338379229036,-50.80775366484788,1
HK.01355,490,0.14499999582767487,0.15299999713897705,-5.228759124770055,0.0,702925.0,101924.12206716835,6.264083970195047,0.15064478054642677,0.1421661951765418,-19.444449963392817,-3.3333399560713786,-0.6849329049691699,15.999996662139893,8.20894941478471,0
HK.01357,491,4.684999942779541,4.860000133514404,-3.6008268709308795,0.607345487175826,59852904.55,280410854.39193934,4.803774574595863,4.298800015449524,5.626679223775864,-4.3877581306816,-13.923419963682834,-23.518386041880895,-36.28247482825078,-54.94832781869938,0
HK.01358,491,0.9350000023841858,0.9049999713897705,3.31492065666538,1.58506075768406,603950.0,564693.251439929,2.2848964917087926,1.0075596249103547,1.15942658752203,-8.333331385469087,-18.591734880121976,-29.964950099900207,-26.732565194423774,-31.394127815204303,1
HK.01359,491,0.9100000262260437,0.9150000214576721,-0.546447553483442,0.6716982298421403,50560484.8,46010042.49400148,2.644380087271708,0.945248087644577,1.110341984629631,-4.2105223531537606,-12.03220209272924,-25.885391216055424,-28.148431534093344,-42.25426379388639,0
HK.01361,491,4.414999961853027,4.5,-1.8888897365993924,0.6964765190852571,4537727.05,20034064.75264945,3.2505126886254745,4.3237853479385375,5.05063973069191,0.16043755500132786,-5.5649213971362865,-16.53800971804964,-11.884001531835455,-19.23443859199353,0
HK.01362,490,0.800000011920929,0.800000011920929,0.0,0.0,4100.0,3280.0000488758087,0.6228650483399907,0.8296023643016815,0.6985333207249641,-4.761900369272073,-9.029370617236875,47.20701174363743,47.20701174363743,118.82122621356983,0
HK.01364,384,25.420000076293945,25.799999237060547,-1.472865007766162,0.9148107604160968,5510732.65,140082824.38343555,3.880807545524349,22.57546760559082,24.629359188079835,10.617931169115096,6.255389546193832,-14.28731568259542,4.783229778455433,14.564287138789938,0
HK.01368,491,3.6649999618530273,3.755000114440918,-2.3968082515302602,0.6703889656112393,11607776.55,42542500.61294847,2.7173563259696,3.686900005340576,4.581253142356872,-0.1362428974652013,-17.82511366578933,-31.502243671093645,-29.965847008228174,-42.390887790032295,0
HK.01370,491,0.16599999368190765,0.164000004529953,1.2195055467753797,1.1573236889692586,321550.0,53377.297968417406,11.919493955467944,0.125900000333786,0.22052500046789647,64.35642366537422,-23.502304495556878,-39.63636724219827,-48.12500081490727,-36.15384624201871,1
HK.01371,491,0.9599999785423279,1.350000023841858,-28.888891734213445,1.5861284555915265,46027.75,44186.63901235163,5.528209561859676,1.1036000037193299,1.7790999960899354,4.347821861674596,-41.46341543194796,-53.39805799960325,-57.894737254879814,-69.03225780401715,0
HK.01372,491,1.3650000095367432,1.350000023841858,1.1111100318500724,0.7663544481877753,1342950.0,1833126.7628073692,5.671379215360302,1.1651999974250793,1.2369999945163728,13.749996274709849,43.684213333182754,15.677972051885947,-12.499996179189298,16.666671761080938,2
HK.01373,491,0.6449999809265137,0.6499999761581421,-0.7692300638503318,0.44370426314469136,236139.15,152309.74724600316,2.115540107545128,0.6642999970912933,0.7107049924135208,-3.7313485283658054,-7.857144012743132,-15.131580392079357,-10.416665459396611,-21.33398003257922,0
HK.01375,491,1.7400000095367432,1.7799999713897705,-2.2471889042670363,0.7718994656796657,8219531.25,14301984.453387558,2.7476978246726596,1.7157429337501526,1.9464547377824784,-1.416429255567361,0.976888985372435,-18.567027010802516,-18.190021703256697,-39.70453434052577,0
HK.01376,490,0.09600000083446503,0.09600000083446503,0.0,,0.0,0.0,0.0,0.09600000083446503,0.1174900009483099,0.0,0.0,-38.0645160670087,-33.79310096770199,-57.89473649812648,0
HK.01377,40,320.0,333.0,-3.903903903903904,0.2999497230675106,120371.4,38518848.0,6.910801670894497,,,-12.568306010928962,,,-14.255093908603293,,0
HK.01378,491,22.639999389648438,23.15999984741211,-2.245252423098684,0.8834094597129375,31998694.4,724450421.6855469,3.8510698529282337,22.652399978637696,29.65240948677063,-5.82363341331926,-20.728291971270895,-35.8766693303058,-29.694292054640233,-2.930188599472906,0
HK.01379,490,1.6100000143051147,1.6100000143051147,0.0,0.0,175.0,281.7500025033951,0.03124996973201678,1.7644000196456908,2.733153290748596,-7.471264052822595,-38.076920255401326,-53.71520430527325,-47.06176354080686,-46.56077075352957,0
HK.01380,491,0.41999998688697815,0.4300000071525574,-2.3255860695907784,0.9061414031167788,445098.5,186941.36416341364,5.243258853666069,0.5312999933958054,0.6008349979668856,-5.617978957818797,-27.586207073735576,-50.588238222788696,-40.00000085149494,147.0588132171896,0
HK.01382,491,0.949999988079071,0.9549999833106995,-0.5235597192677354,3.9481219366457174,432958.1,411310.18983873725,1.0077599013636678,0.9371866023540497,1.1203912407159806,-2.5125667175847433,-14.15929198773633,-28.148152522683905,-23.015872249187694,-33.56880772795378,0
HK.01384,208,34.31999969482422,36.20000076293945,-5.193373006886582,1.1053862747026295,3403006.15,116791170.02948494,6.925035475155459,35.46399990081787,59.80869994163513,-9.35023998536188,-40.00000133381022,-68.62888554283455,-47.92109423343979,,0
HK.01385,491,26.520000457763672,27.040000915527344,-1.9230785508778176,1.1105516683722907,2847972.05,75528220.06969814,4.785754754383059,27.16267162322998,38.32795083045959,-1.0447715942830214,-18.105879999745554,-47.256288109322405,-43.728131801972296,-16.30090964198837,0
HK.01388,491,0.27000001072883606,0.27000001072883606,0.0,0.08281573498964803,24250.0,6547.500260174274,1.4042229249048004,0.27374000459909437,0.3407100027054548,0.0,-14.285710230976514,-32.49999832361939,-27.027025067780148,-43.15789176486532,0
HK.01389,491,0.48500001430511475,0.48500001430511475,0.0,7.002457002457002,87920.0,42641.20125770569,2.2409345779026193,0.4935999953746796,0.42111499965190885,2.1052674507500932,-16.379305472271763,94.0000057220459,34.72222084248513,44.776120066881745,0
HK.01392,52,26.360000610351562,27.5,-4.145452325994318,1.0383117702106113,482744.45,12725143.99664383,10.237858504316014,19.035600070953368,,24.2224385641817,,,-1.2734087748035683,,0
HK.01393,491,0.02199999988079071,0.020999999716877937,4.761905606641802,3.0090401874169608,4222095.95,92886.11039668694,9.155178983323989,0.03775999996811152,0.0547399999666959,-50.0,-59.259260536793626,-62.068964631322146,-65.07936583024244,-66.1538450957755,1
HK.01395,490,0.13600000739097595,0.13600000739097595,0.0,0.0,25000.0,3400.000184774399,2.3356883854394392,0.1251800003647804,0.15185000106692315,4.615394138020521,-4.895104166406157,-22.285708738832962,-14.999993480741832,-3.5460958429988323,0
HK.01396,491,11.300000190734863,11.289999961853027,0.08857598685230288,1.008070048815381,5115980.45,57810580.060795836,7.548987006446955,11.008000049591065,8.807300026416778,2.72727446122603,-14.329032977827541,87.70764495909062,118.56866584100976,125.09960624839056,3
HK.01397,491,0.7699999809265137,0.7599999904632568,1.31578823536055,0.4470475158569519,341008.6,262576.6154957771,3.001109315157785,0.8766999995708465,1.0445624938607216,-16.304351417576594,-26.006006143610183,-36.330745910387925,-28.5797119140625,-11.684588793745537,1
HK.01398,491,7.690000057220459,7.684999942779541,0.06506329834934921,1.129384284296783,155214948.5,1193602962.8464706,1.9097585360644103,7.1072999954223635,6.597013969421386,6.731438426788122,15.639096946442441,20.55961235168145,24.743064666200453,36.049277088166846,3
HK.01399,490,0.3799999952316284,0.3700000047683716,2.7027000903735274,0.4499612102404965,131500.0,49969.99937295914,4.982534842088466,0.36920000195503233,0.27361999996006486,0.0,-7.317073525310204,91.91919055085755,102.12766395914672,95.87628042448337,1
HK.01400,491,0.023000000044703484,0.023000000044703484,0.0,0.035497516904030656,40035606.35,920818.9478397311,10.474625617058901,0.019219999462366105,0.018519999645650386,27.77778352668281,21.052635706692985,27.77778352668281,27.77778352668281,27.77778352668281,0
HK.01401,491,0.24799999594688416,0.24400000274181366,1.6393414590667243,0.4482214619135109,7731550.0,1917424.3686631322,8.651219934499913,0.24587999999523164,0.5864200012385845,3.7656918896156863,-23.69230614047073,-76.3809516943501,-62.42424453147726,-76.1538456688971,1
HK.01402,491,0.4050000011920929,0.41499999165534973,-2.4096363046584477,0.27891714520098443,1236000.0,500580.0014734268,8.66203317233305,0.3155999982357025,0.2679799997806549,44.64285695279131,49.99999448105163,68.7500042685619,68.7500042685619,42.105265359359024,0
HK.01405,491,31.1200008392334,32.18000030517578,-3.293969719981308,0.9351069002878318,406533.45,12651321.30517645,4.939868579736313,35.668399772644044,53.9309497833252,-18.4913551846811,-20.773926154917113,-53.273270942602544,-56.89750394097343,-64.0439055552392,0
HK.01406,490,0.35499998927116394,0.35499998927116394,0.0,,0.0,0.0,0.0,0.35499998927116394,0.35499998927116394,0.0,0.0,0.0,0.0,0.0,0
HK.01407,491,0.5799999833106995,0.5899999737739563,-1.694913713180618,3.012677106636838,143400.0,83171.9976067543,2.4781590649964533,0.5799427592754364,0.5729129183292389,-4.1322371858884575,0.2055438132187533,1.9332228883952678,-3.0798982510669566,1.9332228883952678,0
HK.01408,491,0.36000001430511475,0.36000001430511475,0.0,2.4330900243309004,42000.0,15120.00060081482,0.6546924409578282,0.3376000028848648,0.33830996975302696,7.462688160516194,-6.493500461665078,-10.68483216541959,53.2739127513632,115.31335557837097,0
HK.01410,491,0.8149999976158142,0.8149999976158142,0.0,0.8658854166666666,1524000.0,1242059.9963665009,4.679008435938227,0.7873999917507172,0.6847999967634678,8.666666348775227,-1.8072272284938358,25.384619616898007,66.32652688850624,181.03449002315847,0
HK.01412,491,1.0399999618530273,1.0399999618530273,0.0,3.1736526946107784,38700.0,40247.99852371216,0.9941952847012446,1.062899968624115,1.1984297513961792,-6.72646161813726,4.000002384185933,-10.49181041010124,-31.320761252484697,-29.612880005363657,0
HK.01413,491,0.20499999821186066,0.20900000631809235,-1.9138794188091006,0.16239903763533253,1154350.0,236641.74793586135,6.696638127029754,0.18981999933719634,0.3067157296091318,15.168536315887199,7.3298421967026615,-43.83561839572388,-46.753245898735884,-41.42857094200289,0
HK.01415,491,24.65999984741211,24.899999618530273,-0.9638545172489046,0.4318840807639512,2892920.3,71339414.15657538,4.289089389866845,22.92759994506836,26.78636281013489,7.217390640922215,-12.709473896849127,-14.385833636009366,-11.471312440770626,-21.394554051168612,0
HK.01416,490,0.1860000044107437,0.18799999356269836,-1.0638240534235182,1.8911917098445596,417000.0,77562.00183928013,1.836779005057904,0.18379999995231627,0.19656999945640563,-2.105259608033577,-22.821573864376926,1.639347599471766,0.5405416290110301,66.07142738351716,0
HK.01417,491,5.144999980926514,6.710000038146973,-23.323398633730083,3.9138879010859755,2047250.0,10533101.210951805,13.811550987627697,5.758199968338013,1.819199991375208,-19.04012642825109,211.81818516786439,1805.55547277133,2409.756110148512,2238.636367638742,0
HK.01418,491,0.12999999523162842,0.12999999523162842,0.0,3.2414910858995136,70300.0,9138.999664783478,2.0380883569933657,0.14768000125885009,0.18062967099249364,-3.7037110623015317,-18.495309871714564,-32.75862640383384,-42.28207944702908,-44.36475271315951,0
HK.01419,490,0.7599999904632568,0.7699999809265137,-1.2987000923330156,0.6547619047619048,33400.0,25383.99968147278,1.6561274284625176,0.7495000064373016,0.7924515095353126,4.1095850145108725,-1.2987000923330156,-7.317073525310204,-5.000002607703171,-41.1567220246835,0
HK.01420,491,0.2800000011920929,0.2800000011920929,0.0,1.3143011042283868,395700.0,110796.00047171116,4.0499403850646,0.1997399976849556,0.2171049989014864,47.3684235292789,27.272728504228205,-3.4482726727597,62.79069283899599,78.34394384559285,0
HK.01421,491,0.6050000190734863,0.6449999809265137,-6.201544656725289,0.035087837678264774,2397612.5,1450555.6082308292,10.551895457536931,0.5635999983549118,0.48137499898672104,19.801985106156465,47.56098154894592,59.210533332956885,53.164557630560004,6.1403555553045885,0
HK.01425,491,0.5950000286102295,0.6100000143051147,-2.459013990675489,1.8729096989966556,1553000.0,924035.0444316864,2.637817377808893,0.5981713831424713,0.5991442283987999,0.8474669590729236,-1.1627856319933971,3.6196549293026092,1.9749072388339788,-1.1627856319933971,0
HK.01427,491,0.1889999955892563,0.19499999284744263,-3.076921783725608,7.336617405582923,206950.0,39113.54908719659,9.44608713170386,0.20981999933719636,0.21793999955058097,-17.467251607731164,-22.222224266277248,-17.467251607731164,-24.400001764297485,-23.790323113660172,0
HK.01428,491,7.340000152587891,7.460000038146973,-1.6085775461857694,0.3994748842623173,8934228.2,65577236.35125503,3.9749141619018187,6.998999977111817,8.851500027179718,0.47912833773779434,-23.46193914702734,-19.69365561402694,-13.443389754568303,-38.83333206176758,0
HK.01429,491,0.1979999989271164,0.20000000298023224,-1.0000020116567312,0.07609645740140882,3817000.0,755765.9959048033,12.82402464492155,0.17143999978899957,0.18905499935150147,28.57142857142857,-15.74468109390756,7.6086948599335384,106.24999708961698,407.6922944664252,0
HK.01431,491,0.3149999976158142,0.3100000023841858,1.6129016752173695,0.22757612357764923,786000.0,247589.99812602997,3.7414448112444947,0.27254000067710876,0.288595000654459,4.999995032946466,10.526316339839756,6.779664955205086,21.15384968074834,-14.864866606417648,1
HK.01432,491,0.35499998927116394,0.36000001430511475,-1.3888957875743526,0.5326045154562254,2695860.6,957030.4840765536,5.71307112231548,0.3548000019788742,0.34322500199079514,-6.578949019519266,7.575750049918888,2.898547970379774,4.411760452090707,-12.345681919446163,0
HK.01433,490,0.08100000023841858,0.08100000023841858,0.0,,0.0,0.0,0.0,0.08100000023841858,0.0869250002130866,0.0,0.0,-17.346936370595536,-14.736840784384587,-32.49999829257524,0
HK.01440,491,12.850000381469727,13.5,-4.814811989113137,0.8673946585493666,1861390.0,23918862.210063934,9.802624567218954,13.843199977874756,11.979649994373322,-2.651510854945195,-8.214282989501953,28.886660354114476,71.33333841959636,53.15852032945979,0
HK.01442,490,0.27000001072883606,0.27000001072883606,0.0,,0.0,0.0,0.0,0.29000000298023226,0.3063499999046326,-11.475408394405292,0.0,-12.903223015391266,-16.92307057465299,-20.588232973867658,0
HK.01443,491,0.052000001072883606,0.05000000074505806,4.000000596046439,1.825221238938053,197300.0,10259.600211679935,2.002233900272812,0.047999999821186065,0.055550000052899125,10.638303943433922,8.333334626836898,8.333334626836898,-27.777773178653753,-17.46031708487879,1
HK.01446,490,0.3100000023841858,0.3100000023841858,0.0,0.1566579634464752,38400.0,11904.000091552734,1.2410130854082708,0.33110000133514406,0.3701250021159649,-1.5873000855468575,-13.888891648363074,-22.500000558793538,-35.41666472641126,-36.734694622298754,0
HK.01447,490,0.5400000214576721,0.5450000166893005,-0.9174302896359119,2.9828850855745723,141000.0,76140.00302553177,0.5792959770655987,0.5859000074863434,0.5310490879416466,-10.0,0.0,-19.890104293132087,23.245983335524674,-1.619435176767337,0
HK.01448,490,2.640000104904175,2.640000104904175,0.0,,0.0,0.0,0.0,2.640000104904175,2.702550060749054,0.0,0.0,0.0,-7.692300638503319,-18.114703248186785,0
HK.01449,491,1.4850000143051147,1.434999942779541,3.484325680788911,0.741742796907941,2874950.0,4269300.79112649,12.908592629312116,0.6116999953985214,0.3513849966228008,126.71756933885978,336.7647054956446,471.15387260561255,460.3773941387713,439.99999349767523,8
HK.01450,491,0.800000011920929,0.824999988079071,-3.0303001841675177,0.42964210084792415,223647.2,178917.7626660824,3.8689461639372773,0.7905999970436096,0.8550791147351265,-15.789471372673027,-6.147905626633804,-7.168039203941752,-25.08297555225587,-14.594593941076909,0
HK.01451,491,1.1950000524520874,1.184999942779541,0.8438911523565212,0.8353303663129066,230800.0,275806.0121059418,6.320072832246601,1.0845000064373016,1.1773579818010331,19.50000524520874,3.9130501936425373,-10.15037489527733,-2.8455256974518677,29.831258259035742,1
HK.01452,491,0.2199999988079071,0.20999999344348907,4.761907465063339,7.024482109227872,143500.0,31569.99982893467,5.141350911289831,0.17454000145196916,0.14137500029057265,18.918916741977938,28.654967193046545,58.27338206620575,91.30434331911957,119.9999955296517,2
HK.01455,491,0.24699999392032623,0.2849999964237213,-13.33333437902887,7.0995855032415776,616700.0,152324.8962506652,3.4695059142563616,0.2304729402065277,0.2183711764216423,11.20232753611735,14.60152542178359,11.20232753611735,13.119615718299698,15.104161422445864,0
HK.01456,491,3.8399999141693115,3.890000104904175,-1.2853519122487267,0.968258177778033,2253735.8,8654345.278560303,2.4309730786618884,3.9114000177383423,4.584586827754975,-4.950496276539116,-3.7992659032787075,-21.7284540145415,-25.604762550991005,-44.520599897543384,0
HK.01458,491,1.2599999904632568,1.2899999618530273,-2.3255792462719835,0.6145184221853061,389217.95,490414.6132881284,3.477410960052141,1.263999993801117,1.4860500025749206,-1.945523486967363,-13.103451791189396,-23.636363110923234,-23.17073161867245,-49.60000038146973,0
HK.01459,491,0.20499999821186066,0.20600000023841858,-0.48543787640803315,2.6226012793176974,83200.0,17055.999851226807,3.5801328027891293,0.221980000436306,0.23411499902606012,-3.3018864940582677,-4.205609005927529,-17.670682778991182,-14.93775889995051,-43.05555831502974,0
HK.01460,490,0.26499998569488525,0.26499998569488525,0.0,0.0,337600.0,89463.99517059326,0.9824658832256966,0.24393999755382537,0.25242999985814096,13.247858403815616,8.606550293891813,14.224135051796951,-7.017547712211622,-22.97335108114565,0
HK.01461,491,0.6800000071525574,0.6850000023841858,-0.7299263086460758,0.10062893081761007,39950.0,27166.000285744667,2.165800447585475,0.6368000090122223,0.6338898879289627,1.4925358528601556,30.147615380236488,-2.8475523746620506,4.512469804448161,-22.4963608943854,0
HK.01463,491,0.38499999046325684,0.38499999046325684,0.0,0.004658746797111577,429400.0,165318.99590492249,4.997780199022297,0.3219000035524368,0.2848249980807304,28.33332505491078,30.50847714469897,48.07692484037417,50.98039124022075,48.07692484037417,0
HK.01466,491,0.9150000214576721,0.875,4.571431023733957,0.24180043295347792,1224950.0,1120829.2762845755,7.50006298954203,1.0042000007629395,0.6682249993085861,-6.632652688850622,75.96154904224503,72.64152280203925,60.52632156831743,40.769239233796014,5
HK.01468,491,0.19900000095367432,0.19499999284744263,2.0512862835646755,0.14545454545454545,485450.0,96604.5504629612,4.547792167899897,0.1872199994325638,0.4192300000786781,10.555551692291695,-38.7692282298612,-61.73076764366324,-70.73529428522068,-84.6923070574653,3
HK.01470,491,0.10000000149011612,0.10000000149011612,0.0,0.030041306796845663,533200.0,53320.000794529915,2.980516470287236,0.14100000023841858,0.13898500103503467,-29.07801444672835,-35.89743626482152,-36.3057336629179,-2.912620024874812,-53.48837217361363,0
HK.01471,491,8.359999656677246,8.359999656677246,0.0,0.33195020746887965,910.0,7607.599687576294,1.579125600515384,9.114500007629395,17.254086031913758,5.755843577389704,-26.537789344407575,-72.00309042162839,-52.69970802125695,-35.60710653015169,0
HK.01472,490,0.10499999672174454,0.10599999874830246,-0.9433981494022772,1.9565217391304348,189750.0,19923.749377951026,1.5092779912929202,0.10615999981760979,0.08907000027596951,-4.545457008456409,-25.000002660921634,31.249998835846753,77.96609505981048,72.13114023256682,0
HK.01473,491,1.2200000286102295,1.2799999713897705,-4.687495634425334,0.6358581497793069,3370893.35,4112489.9834420322,8.844308112287157,1.3190918517112733,0.7798188875615597,-3.881400184402363,-33.595483863097755,142.18118019671522,194.07713744018088,183.52489911958278,0
HK.01475,491,6.489999771118164,6.474999904632568,0.2316581730737012,0.1670104962120429,125340.6,813460.4653118134,2.574318816957864,6.554599962234497,6.812996001243591,-2.9895408728201183,-4.565842934935725,-12.129980204493739,-3.8762939748399914,-4.974849311254356,3
HK.01476,490,1.25,1.25,0.0,0.0,2450.0,3062.5,0.5482099184145482,1.2334000039100648,1.520621010661125,6.837610756387045,3.305781867105094,-28.06238395025859,-30.81409772550924,-37.321680852698094,0
HK.01477,491,5.110000133514404,5.099999904632568,0.19608292291833695,0.1527839672560973,363253.2,1856223.9004995346,4.3672536381257965,5.237899999618531,6.741374995708465,-0.5836524075963315,-14.26174327503599,-31.22476108243706,-32.31788073614561,-54.85865484739526,1
HK.01478,491,5.820000171661377,5.889999866485596,-1.1884498541760695,0.7731414673006575,8589576.55,49991336.995498545,4.910097312390971,6.764500017166138,8.140112915039062,-21.404456357037624,-40.817889142407616,-33.476968299186574,-29.93932916990553,-59.55790526455233,0
HK.01480,491,1.1549999713897705,1.1699999570846558,-1.2820501064172196,0.1907790143084261,63500.0,73342.49818325043,4.551548355173616,1.17510977268219,1.1832022842764855,4.524882484455325,-2.3426652087879125,-3.930590926235656,-1.5288532584226269,5.504796250680173,0
HK.01481,490,1.4600000381469727,1.4600000381469727,0.0,0.0,22000.0,32120.0008392334,0.5734845753956247,1.49060001373291,2.0292000013589857,-2.6666641235351562,-17.045451928515064,-47.67024881329073,-21.08108003614941,143.33333002196431,0
HK.01483,490,1.2200000286102295,1.184999942779541,2.9535938836074647,0.0026490066225165563,529300.0,645746.0151433945,2.3476460920308115,1.1065000009536743,1.1394250005483628,22.00000286102295,0.0,8.928573519295567,11.926604701898588,10.909091106131052,1
HK.01486,490,0.38999998569488525,0.38999998569488525,0.0,0.0,5500.0,2144.999921321869,0.7941175764773859,0.43990000486373904,0.5972500015795231,-12.359552367771112,-41.79104836116144,-35.000004967053535,-39.062500873114935,44.4444334065477,0
HK.01488,491,0.9900000095367432,0.9200000166893005,7.608694736696163,0.7074829931972789,76100.0,75339.00072574615,0.5824200236377092,0.8374000084400177,0.7458000028133392,16.470586090351944,10.00000397364309,45.58823516521487,64.99999503294647,32.00000127156575,1
HK.01489,491,2.200000047683716,1.9149999618530273,14.882511305896395,1.9013644710228006,7842820.0,17254204.3739748,13.92879451659409,0.8232999992370605,0.5258749979734421,263.63636005381557,331.3725664358058,456.9620222602971,464.10259702031783,556.7164157859784,2
HK.01490,491,0.2549999952316284,0.2549999952316284,0.0,0.41304347826086957,183600.0,46817.99912452698,1.9369301093117641,0.2598399963974953,0.23206499837338923,2.4096374726984093,0.0,23.786405308979916,34.92063554636607,27.49999571591622,0
HK.01496,491,0.1850000023841858,0.18400000035762787,0.5434793612034178,0.8171206225680934,96000.0,17760.000228881836,2.7561359558509033,0.16234465658664704,0.16193205662071705,14.9928305117415,7.240496042382278,7.240496042382278,24.76346460465753,15.226775152171413,1
HK.01497,491,6.800000190734863,6.789999961853027,0.14727877670130093,0.4828411811652035,102520.0,697136.0195541382,1.9709340371165447,6.078800020217895,6.061253864765167,23.861575122614035,-2.2988483697581654,9.344607135238851,21.225856852739234,-0.8305110228314733,4
HK.01498,491,0.25999999046325684,0.2750000059604645,-5.454550971669479,5.674362089914945,52775.0,13721.49949669838,2.2563288289192145,0.2857999986410141,0.3200500011444092,-8.77193202602569,-13.333339956071377,-21.212127232792163,-25.714287173991323,-42.22222281091009,0
HK.01499,491,0.11800000071525574,0.11800000071525574,0.0,0.37420986093552466,1979500.0,233581.00141584873,5.702611817751855,0.1128200002014637,0.15664500012993812,9.259257087450843,-7.812503819877565,-32.954544684857375,-35.51912470415495,-79.65517170505771,0
HK.01500,491,0.3799999952316284,0.3799999952316284,0.0,0.2633190447030006,661250.0,251274.9968469143,4.169902392875255,0.3025799995660782,0.2176500002294779,4.1095850145108725,28.813563431518354,153.33332008785726,208.9430770206474,458.82349202996096,0
HK.01501,491,34.97999954223633,34.7400016784668,0.6908401041278338,0.6340425531914894,234110.0,8189167.692832947,3.520195770405024,32.746000099182126,32.34069425582886,13.203883411245542,4.868954934285051,13.87901756868007,20.330868661132637,5.244602708897658,1
HK.01502,491,1.9800000190734863,1.9900000095367432,-0.5025120811725401,0.47581903276131043,129550.0,256509.00247097015,1.2957956806790742,1.9863000154495238,2.0036951404809953,-0.7518789804026501,-1.5785527213522672,-4.214838143032045,5.69397800969859,-9.08526423684295,0
HK.01508,491,1.309999942779541,1.274999976158142,2.745095472618093,1.6908577452574816,11743416.2,15383874.550036334,2.9669746475000043,1.221243600845337,1.3716237676143646,-1.5037668789816911,16.375518081394098,-14.137567090061093,-20.890791316980323,-20.890791316980323,3
HK.01511,73,57.150001525878906,56.20000076293945,1.6903927936704262,1.0348653927254348,248592.15,14207041.751821518,4.176107194346563,64.41000015258788,,-8.118969734915954,-27.058069382406586,,-0.6086929984714674,,1
HK.01513,491,20.280000686645508,20.18000030517578,0.4955420215929253,1.1733831110964217,1706034.25,34598375.761440754,3.16031951484305,24.807199783325196,26.461165132522584,-21.698837894437307,-19.234075284272397,-26.436478220133452,-24.53574579086475,-42.02531340502288,2
HK.01515,491,2.490000009536743,2.494999885559082,-0.2003958417504492,1.7705136644067556,1291972.05,3217010.4168212055,2.0914773384448373,2.513140330314636,2.7980935299396514,-2.352938976529794,-3.386016814309925,-18.320039642535203,-19.588361266165187,-31.36782561391846,0
HK.01516,491,0.8050000071525574,0.8100000023841858,-0.6172833601124982,0.5672584191966414,2663256.95,2143921.8637990984,4.018192933080631,0.8152000021934509,1.1167789167165756,-4.166662823113064,-18.686868747683548,-38.76464781982405,-41.82641331873659,-56.679243881358055,0
HK.01518,490,0.23999999463558197,0.23999999463558197,0.0,0.0,14575.0,3497.999921813607,1.3206342477216906,0.3202000018954277,0.5405749983340502,-11.111116630059483,-54.71697969978151,-63.07692254788775,-63.636365894115244,-70.00000111758708,0
HK.01519,491,9.725000381469727,9.6850004196167,0.4130093972118838,0.5156852932970258,42929945.75,417493738.79522467,3.434724994762596,9.664800033569335,9.945400013923646,-7.994317291875236,8.296223576954299,-8.081281175820948,-6.5802063014695555,-10.037002738483192,1
HK.01520,491,0.7250000238418579,0.6549999713897705,10.687031375522382,4.12941467028896,1080375.0,783271.9007581472,6.887769599728581,0.5068000012636185,0.7573000018298626,47.959185659463344,20.83333250549108,-8.227847575988564,-33.486238381605986,-54.96894301862649,5
HK.01521,491,1.2599999904632568,1.2100000381469727,4.132227333881368,0.12047860124343956,194602.75,245199.46314412355,3.097372429935017,1.1541000068187715,1.0542249995470048,0.0,74.99999172157744,12.499998669539185,24.752475481245543,-11.888109323092115,2
HK.01522,491,0.21799999475479126,0.21899999678134918,-0.4566219366461133,1.766431924882629,661800.0,144272.39652872086,3.769448021222733,0.23621999949216843,0.28030499897897243,1.8691556897681316,-15.914285947473687,-28.654546397973697,-30.752940900268015,-34.6000035226344,0
HK.01523,491,7.400000095367432,7.534999847412109,-1.7916357634837021,1.0625197749074589,589871.3,4365047.676254511,3.691645125105973,7.713098192214966,7.3669679069519045,-12.31750381377479,-14.502122169063933,-8.847133572399066,25.98363544304784,15.987928347978322,0
HK.01525,491,2.390000104904175,2.380000114440918,0.42016764631987913,0.45891931902294597,323175.0,772388.2839024067,2.3610634622346236,2.3532000041007994,2.330907027721405,-7.364334279861281,33.51956177865058,-2.6881458953582658,-8.860915434213604,-15.000284904246735,1
HK.01526,491,0.8500000238418579,0.8550000190734863,-0.5847947508874469,0.7207207207207207,158400.0,134640.0037765503,7.190043488893845,1.0175000083446504,0.910072784125805,-22.01834882452535,20.738630182079476,-10.379570265891868,-18.755316134305964,-17.988846979052774,0
HK.01527,491,2.2950000762939453,2.299999952316284,-0.21738591852158914,0.09648617511520738,139550.0,320267.26064682007,4.665929630910622,1.896999990940094,1.959599997997284,27.500007616149258,13.054192543793558,16.497464109835203,17.692308726865605,9.80862060016461,0
HK.01528,491,1.0549999475479126,1.059999942779541,-0.47169768882415103,1.1594507663116196,2224920.7,2347291.2217982654,2.532963753692128,1.051499981880188,1.238324990272522,-0.47169768882415103,-17.57812725554691,-22.992704826575284,-15.600004196166992,-35.27607664820921,0
HK.01529,491,0.8500000238418579,0.8349999785423279,1.7964126568860321,1.153755221057609,661750.0,562487.5157773495,10.436093071385136,0.4324000012874603,0.48055000096559525,153.7313440802581,146.37681935620245,54.54545553065526,44.06780705510914,49.12281307157064,5
HK.01530,491,15.850000381469727,16.059999465942383,-1.3075908558900673,0.8603986591215022,27227825.9,431561050.9015913,4.907284034737218,17.216215801239013,21.82453413963318,-7.955859387417635,-13.153069978750107,-32.70270944406049,-34.564473950487695,-48.249508913172214,0
HK.01532,490,0.13300000131130219,0.15000000596046448,-11.333335982428551,2.351294611616515,239550.0,31860.15031412244,4.179258073937561,0.1314000004529953,0.11439500082284212,-5.67375968971767,-4.999999467815674,44.56521853565155,27.884614006919296,17.69911825344146,0
HK.01536,491,0.42500001192092896,0.44999998807907104,-5.555550404536735,0.47370500530266796,4771400.0,2027845.0568795204,13.468229245158305,0.20299999922513962,0.21378499895334244,167.2956144006701,51.78571789696507,75.61984058836188,191.0959028542256,150.00000438269444,0
HK.01538,491,0.5799999833106995,0.5849999785423279,-0.8547000709448132,0.1452919810002794,645200.0,374215.9892320633,6.086071555894028,0.7410000038146972,0.6060924632847309,-15.328469884383523,-29.645602225188643,10.743040651594537,53.3365258794787,45.85668525827142,0
HK.01539,491,0.32499998807907104,0.33000001311302185,-1.515159040990203,0.10173597093257973,2475400.0,804504.9704909325,7.10565540328166,0.34390000224113465,0.3395950001478195,-4.411769217479552,-4.411769217479552,-17.721524240114363,12.068964631322139,-9.722229120907686,0
HK.01540,491,0.6299999952316284,0.6600000262260437,-4.545459060957758,3.2764991103445227,1914863.0,1206363.6808692217,7.1175674044676605,0.5564000016450882,0.4480604675412178,3.2786853209006517,53.6585367626551,44.09574167144389,57.499996460974266,61.24999323017208,0
HK.01541,491,3.5999999046325684,3.700000047683716,-2.7027065341188257,0.47117909195435076,836393.9,3011017.960235262,7.749835745363247,3.4803000116348266,4.685475015640259,19.99999682108561,20.401334219070314,-20.879126291835647,-40.789474509759636,-70.04991873933464,0
HK.01542,490,0.6200000047683716,0.5799999833106995,6.896555622182589,0.0,138250.0,85715.00065922737,5.842265397273009,0.8167000055313111,1.048625003695488,-8.82352966957026,-33.33333333333333,-44.144144434402946,-45.61403398698716,-51.56249854480844,1
HK.01543,490,0.18799999356269836,0.1889999955892563,-0.5291016137011844,0.0,31200.0,5865.599799156189,0.3676469648677371,0.1854799994826317,0.23225499980151654,13.253012480800166,0.0,-24.193549743862253,-39.35484125264351,-41.250000698491945,0
HK.01545,490,0.15800000727176666,0.1509999930858612,4.635771196310669,0.6069364161849711,352000.0,55616.002559661865,3.016258201987039,0.14351999938488005,0.1168299999833107,4.635771196310669,17.03703777289682,62.88660063045736,68.0851198742976,97.50001350417763,3
HK.01546,491,0.11999999731779099,0.11999999731779099,0.0,0.8130081300813008,96400.0,11567.999741435051,0.8249188751939365,0.13234000101685525,0.17615999948233366,-22.580647487173948,-42.307694787545266,-46.66666644590872,37.93103536867786,79.10446914725772,0
HK.01547,490,0.22499999403953552,0.23000000417232513,-2.1739174096029172,4.576271186440678,56800.0,12779.999661445618,0.5414142368387402,0.204679998755455,0.21243999764323235,9.756095610793878,-6.250000388051082,7.142857649699376,14.795918328557992,-6.960448177297182,0
HK.01548,491,35.81999969482422,36.36000061035156,-1.4851510078732162,0.4345836172080926,51544810.75,1846335105.334772,8.045806606318576,20.806399955749512,15.084000000953674,91.03999837239584,194.08866007665725,190.9829283006601,180.06254731555592,93.41252056939506,0
HK.01549,491,0.07000000029802322,0.0689999982714653,1.4492783356655092,2.962962962962963,99200.0,6944.000029563904,3.725643092237868,0.0745400008559227,0.09521500039845705,4.47760978263432,-28.571426399247585,-32.692308794464566,-33.33333096806958,-50.3546106411198,2
HK.01551,490,1.4800000190734863,1.4800000190734863,0.0,0.0,2500.0,3700.000047683716,1.0885264095499443,1.5105000042915344,1.4911335694789887,-3.2679708007358252,-3.091067376434308,0.7342850202058607,0.7342850202058607,-13.979709001798957,0
HK.01552,490,0.25999999046325684,0.25999999046325684,0.0,0.0,52750.0,13714.999496936798,0.2678574184525974,0.26207999348640443,0.24626499786973,0.0,3.9999961853027344,8.333331781129008,16.071420731213262,35.41666052252474,0
HK.01553,491,1.5,1.5,0.0,0.6177606177606177,26700.0,40050.0,0.39979349614204013,1.434400005340576,1.4764000034332276,-2.5974001846660313,7.142858967489158,-1.31578823536055,-0.6622510282393388,5.633806009374048,0
HK.01555,491,0.026000000536441803,0.024000000208616257,8.333334626836898,2.488510871801907,1462300.0,38019.80078443885,4.432753815744988,0.025240000411868094,0.030320000117644668,8.333334626836898,-10.344823156610696,-18.75000218278718,0.0,-31.57894375664364,1
HK.01556,491,0.23800000548362732,0.23999999463558197,-0.8333288319407887,0.27906976744186046,429000.0,102102.00235247612,1.0128536551139484,0.2624000009894371,0.3018864078074694,-11.851853323571419,-10.188682428158133,-32.6415118211186,-26.867921127899713,-26.867921127899713,0
HK.01557,490,0.550000011920929,0.550000011920929,0.0,0.0,13200.0,7260.000157356262,2.0594191026291147,0.5512000018358231,0.40196500048041345,0.0,29.411763880904594,59.42029386126578,64.17910394649459,120.8835407217919,0
HK.01559,490,0.052000001072883606,0.052000001072883606,0.0,0.0,75125.0,3906.500080600381,1.5418126227146587,0.04926000013947487,0.0652109102718532,4.000000596046439,-1.8867892699548516,-38.82352879303138,-39.534884526834006,-40.229882104407125,0
HK.01560,491,0.2750000059604645,0.29499998688697815,-6.779654852722472,0.729822406469113,2024500.0,556737.5120669603,13.131058947247471,0.17804000079631804,0.1421450003236532,123.5772344426884,123.5772344426884,83.33333002196431,133.05085109623295,83.33333002196431,0
HK.01561,490,0.05000000074505806,0.05000000074505806,0.0,0.0,28800.0,1440.0000214576721,1.5702935324403546,0.04818000018596649,0.056045000217854975,11.111108351636926,6.382983951290322,-24.242422703048078,-26.470591135606476,-41.86046622439675,0
HK.01563,491,0.12700000405311584,0.1289999932050705,-1.5503792692262244,0.9904222899434044,475250.0,60356.751926243305,5.185938509089607,0.12844000101089478,0.15668000072240829,-2.3076856065781524,-16.447363067882538,-23.49397055009793,-27.840906397000804,-40.65420414326088,0
HK.01565,490,0.1860000044107437,0.1860000044107437,0.0,0.0,113800.0,21166.800501942635,2.050899465581067,0.18734000027179717,0.18761866010725498,-5.102036084075091,18.47133643100307,-8.711654009882377,-4.147234957839677,-5.096278368762108,0
HK.01566,491,2.619999885559082,2.619999885559082,0.0,0.21611280058138505,6123407.5,16043326.949231625,15.783455358738035,0.935460000038147,0.2881799989938736,413.7254773630905,413.7254773630905,5037.254773630904,5037.254773630904,5037.254773630904,0
HK.01568,491,0.6650000214576721,0.6700000166893005,-0.7462679264300778,0.39486673247778875,99500.0,66167.50213503838,1.3055405244608755,0.6348999953269958,0.683410701751709,2.307699361496682,2.307699361496682,-14.743583865419433,-3.222448948435265,-22.15718837196711,0
HK.01569,491,0.10899999737739563,0.10700000077486038,1.8691556897681316,1.0020876826722338,145900.0,15903.099617362022,2.9566651812543605,0.11360000029206276,0.15290500003844498,-6.034482315661069,-9.1666668218871,-42.63157960780771,-37.714286152197396,-39.4444483077083,1
HK.01570,491,10.970000267028809,11.260000228881836,-2.5754880635719624,0.4876264781177618,28014.25,307316.3299806118,2.79261359854766,12.190799961090088,8.849299994707108,-11.389336303538355,-18.740738762749565,23.39707360380852,113.84015638027623,757.0312900177678,0
HK.01571,491,3.7300000190734863,3.740000009536743,-0.26737942346945315,0.9887949300398954,807255.0,3011061.165397167,1.7529547595469028,3.827999987602234,3.7853659951686858,-2.7379404961941307,-8.63871471541899,1.0024285510368551,5.5090980013854995,3.901718652434951,0
HK.01572,491,0.07800000160932541,0.0689999982714653,13.043483425103252,0.5844748858447488,445000.0,34710.00071614981,2.7210373658671814,0.07884000033140183,0.09106000028550625,2.631584365034542,-17.02127204242456,-21.212119159619657,-21.99999955296517,-37.09677186766471,1
HK.01575,490,0.03200000151991844,0.03400000184774399,-5.882353585690328,0.03970223325062035,201900.0,6460.800306871533,3.8506701720841514,0.03653999999165535,0.04746999999508262,-13.513510520219668,-23.809519163470085,-46.66666294137629,-23.809519163470085,-35.99999791383746,0
HK.01576,490,1.7100000381469727,1.7100000381469727,0.0,0.0,14350.0,24538.500547409058,0.4459593247226891,1.6469100618362427,1.6513326960802077,1.4836852353948453,7.746289820703272,3.5561632850543567,2.418178024957314,-0.32027136586088883,0
HK.01577,490,1.0199999809265137,1.0199999809265137,0.0,0.0,200.0,203.99999618530273,0.0,1.0497999846935273,0.9766816893219947,-0.9708728874782327,5.784528488198397,3.769587898645774,8.958059695439074,10.058644529002786,0
HK.01578,491,2.184999942779541,2.1649999618530273,0.9237866641529014,1.536388140161725,57725.0,126129.121696949,1.8745093482405488,2.107499985694885,2.21889493227005,1.3921100597705982,-1.1312260151992382,-4.140956574419944,-9.008786912433996,-7.196222454341409,1
HK.01579,491,15.220000267028809,15.399999618530273,-1.1688269867544543,0.5522580207605416,3511030.65,53437887.43054633,3.624685346966909,14.907200012207031,14.229108252525329,0.3295991462320309,9.103946058265741,-6.0610539428885986,22.781762754243402,14.573848076855015,0
HK.01580,491,0.20600000023841858,0.23499999940395355,-12.340425208123252,1.7857142857142858,91500.0,18849.0000218153,4.975864321507766,0.23509999990463257,0.282034999653697,-17.59999990463257,-23.703706647142837,-47.179485180909275,15.083795720236784,51.4705801788709,0
HK.01581,491,0.28999999165534973,0.30000001192092896,-3.3333399560713786,1.3333333333333333,99200.0,28767.999172210693,1.6144549980889025,0.3077000004053116,0.26274499952793123,-14.705885704413383,-21.62162488703309,31.818178739429488,45.72863832440861,40.776694815394144,0
HK.01582,491,0.4099999964237213,0.4000000059604645,2.4999975785613424,1.6766467065868262,149125.0,61141.24946668744,1.5737942981595618,0.3916999977827072,0.3748499998450279,5.1282080672902834,-3.529415312110247,12.328763208552237,15.492960229513148,-3.529415312110247,1
HK.01583,490,0.9599999785423279,0.9900000095367432,-3.0303061318608857,0.27772267407260465,21405.0,20548.79954069853,3.6462684092702773,0.94950000166893,1.0932186195254325,-12.72727656955553,-5.34727274650594,-12.04835718591911,-24.70806490594192,-22.35518966569511,0
HK.01585,491,9.085000038146973,9.385000228881836,-3.196592258054813,2.116903662154745,10393506.75,94425009.22023082,3.933560211852617,9.900900001525878,10.892752652168275,-11.538465110007767,-15.067589748033807,-19.357111227235915,-16.981146380715646,-23.29563031351136,0
HK.01586,490,1.3600000143051147,1.3600000143051147,0.0,0.9448818897637795,26600.0,36176.00038051605,1.5077424778277833,1.7088000082969665,1.8556000065803528,-20.930233041681802,-9.333332379659016,-26.486486660641766,-37.899544348358496,-54.362415919448445,0
HK.01587,490,0.5,0.5,0.0,0.0,195800.0,97900.0,3.5056864570293262,0.5261000049114227,0.5782856091856956,0.0,-16.66666997803569,-15.894514018720637,-17.251055988604598,-19.83695628802822,0
HK.01588,491,4.5,4.494999885559082,0.1112372540204428,0.38473471920570895,45415.0,204367.5,4.550240892104768,4.380399990081787,6.168839943408966,9.756100113940823,-8.906883646232778,-34.03445435527678,-42.60036620215858,-40.80438479347801,1
HK.01591,491,0.11599999666213989,0.11800000071525574,-1.694918678807493,0.9011740946692398,104966.35,12176.096249637008,2.184848978214136,0.12915999948978424,0.13890499979257584,-15.328466200575729,-27.044024685695607,-15.328466200575729,-12.781958256806162,-33.714286492795374,0
HK.01592,491,0.18400000035762787,0.1860000044107437,-1.075270970800214,0.21969527451738238,956875.0,176065.00034220517,6.099908095804341,0.21092000007629394,0.19942719995975494,-4.166667313418449,-42.49999860301611,19.480520360163002,28.671322914608638,-40.64516163145218,0
HK.01593,491,1.0750000476837158,1.059999942779541,1.4151043126324516,28.26086956521739,22100.0,23757.50105381012,1.016391627410672,1.051699969768524,1.208174992799759,3.36539299177731,-12.601623494813136,-13.306448434195609,-13.999996185302734,-20.370368244553173,2
HK.01596,491,0.25,0.24799999594688416,0.8064532604041651,0.044760252895428856,845550.0,211387.5,8.489043297085376,0.31735999792814257,0.5596047737449408,-16.66666997803569,-57.62711676055409,-56.66150375955388,-62.94244629805172,-66.792582852597,2
HK.01597,490,6.010000228881836,5.989999771118164,0.3338974712504597,0.6766917293233082,13750.0,82637.50314712524,1.8962514551665972,6.440900001525879,4.390275007486343,7.321434486277351,-15.944053864058198,58.99471625319019,140.40000915527344,122.59259713857091,4
HK.01598,490,0.11100000143051147,0.11100000143051147,0.0,,0.0,0.0,0.0,0.11100000143051147,0.11100000143051147,0.0,0.0,0.0,0.0,0.0,0
HK.01599,491,1.034999966621399,1.0549999475479126,-1.8957328834943263,1.0,51350.0,53147.248286008835,1.7380634192754512,1.0306999707221984,1.1774083638191224,1.4705868603311214,-8.224676481802296,-18.942954559946553,-18.3469482741968,-19.530323093453518,0
HK.01600,491,2.634999990463257,2.6449999809265137,-0.37807147581732503,2.290401090379857,578832.4,1525223.3684798242,1.9331196446351333,2.7033000230789184,2.8165998685359956,-2.767529395866684,-6.560281814148993,-1.2220783670991675,-15.730084430106315,-39.87181456913866,0
HK.01601,490,0.75,0.75,0.0,2.8820960698689957,73600.0,55200.0,1.2660051158628487,0.7609078502655029,0.7725790789723397,-1.960782480441495,-0.18140092730484964,-4.824126114398676,-4.824126114398676,-11.031247885448343,0
HK.01606,491,1.5199999809265137,1.5099999904632568,0.6622510282393388,3.677460497413732,1606700.0,2442183.9693546295,1.8796456398564396,1.4191707038879395,1.4543697482347488,8.571429057997108,4.144295902260227,2.842494723454832,-7.035029290414936,-3.207067463559985,2
HK.01608,491,0.050999999046325684,0.0560000017285347,-8.928575942634788,1.695583596214511,1384800.0,70624.7986793518,9.124467192115352,0.06830000020563602,0.11761999970301985,-19.047621863409102,-53.6363642521141,-60.76923006385033,-64.82758585252886,-82.10526326796796,0
HK.01609,84,173.0,164.5,5.167173252279635,3.1419125733832294,174124.4,30123521.2,11.251298283858395,147.96199951171874,,38.95582329317269,-12.890234298468359,,-19.53488372093023,,3
HK.01610,491,1.0549999475479126,1.090000033378601,-3.211016950357425,1.1429179633252577,12676228.0,13373419.875105381,3.4036873081525476,1.088300004005432,1.3771249979734421,-4.524893272626138,-11.344546485810488,-31.493508202528226,-32.802553356595595,-44.473686274399086,0
HK.01611,491,2.0299999713897705,2.0,1.4999985694885254,0.2560524929964097,565202.5,1147361.0588294268,5.237519548433771,1.9543999910354615,2.447549993991852,11.53845675195174,-3.7914657669886527,-16.803281812121863,-25.09225303266669,-70.91690593348694,1
HK.01612,491,0.6800000071525574,0.6800000071525574,0.0,1.4358322744599745,337400.0,229432.00241327286,2.9857203010934263,0.7174000024795533,0.8281149399280548,-3.546095992902228,-17.073169136104084,-33.87283583432218,-15.548447668384272,-39.284873802981146,0
HK.01613,491,0.9100000262260437,0.925000011920929,-1.6216200542241166,0.7010600640909035,4537290.75,4128934.7014951855,12.054686293001723,0.7253000032901764,0.3244993411004543,13.750001583248354,411.2359608879686,550.0000159655298,420.0000238418583,266.93550044288895,0
HK.01615,491,0.39500001072883606,0.39500001072883606,0.0,0.3041144901610018,277500.0,109612.502977252,3.1292534532802763,0.39029999732971193,0.3336349982023239,1.282057748038625,9.722220842485129,36.206904170629606,14.492757128607561,59.91903661999667,0
HK.01616,490,0.05999999865889549,0.05999999865889549,0.0,,0.0,0.0,0.0,0.05999999865889549,0.05999999865889549,0.0,0.0,0.0,0.0,0.0,0
HK.01617,491,0.26499998569488525,0.2750000059604645,-3.6363709268489552,0.4728789986091794,10631200.0,2817267.847919464,9.54440465908917,0.3236799994111061,0.3696149979531765,3.92156496088299,-49.03846242018709,-25.352114449652248,167.6767546775912,76.66665010982156,0
HK.01618,491,1.3450000286102295,1.375,-2.1818161010742188,1.635022824249477,6049560.2,8136658.642079306,1.9589592237797,1.4410999965667726,1.7043250054121017,-8.813558856292355,-10.927149860604077,-29.581149103923725,-29.210523921697064,-39.6860978876114,0
HK.01620,491,0.14000000059604645,0.13500000536441803,3.70370002440479,0.13234077750206782,1107500.0,155050.00066012144,3.1821394429715473,0.11678000077605248,0.10643500048667193,3.70370002440479,19.65812150865471,33.33333806386084,39.9999985098839,-14.11043040129375,1
HK.01621,490,0.1979999989271164,0.1940000057220459,2.0618521067476143,1.3043478260869565,98000.0,19403.999894857407,2.268462555618065,0.18141999989748,0.16151000011712313,4.210527058783669,16.470586379094126,2.590671054865534,58.399999141693115,83.3333275844287,1
HK.01622,491,0.12200000137090683,0.11500000208616257,6.08695578935693,0.3634017847543275,896500.0,109373.00122901797,8.198096885306086,0.16025999948382377,0.16630999989807604,-23.749997438862863,-28.23529406608595,-23.749997438862863,-37.43589443803057,17.307691205535438,2
HK.01623,491,0.22599999606609344,0.22499999403953552,0.4444453569106356,2.016739736946991,273200.0,61743.19892525673,2.994730318046919,0.2228399983048439,0.22158999904990195,0.0,-1.3100463107262983,-7.377051833383279,25.555548380922673,46.75324499395971,1
HK.01626,491,21.600000381469727,20.600000381469727,4.8543688421458855,0.8886544927154064,739800.0,15979680.282211304,15.913194890972132,21.03859998703003,9.662949998378753,-14.081141981396902,22.72727223467237,562.5767007563793,649.9999834431549,679.7834126426574,3
HK.01627,491,0.4749999940395355,0.4749999940395355,0.0,0.35443037974683544,64800.0,30779.999613761902,1.881711521700151,0.4743419939279556,0.5427840007841587,-1.8797749281259812,-11.347515560839902,-8.123795729702055,-25.688365075074156,-22.454702109206533,0
HK.01628,491,0.11400000005960464,0.10700000077486038,6.54205535892754,1.5777522521871723,1366897.15,155826.2751814734,8.193365141980713,0.11762000024318695,0.13044999979436397,-2.5641014211250326,-20.27972395964891,8.571432017955757,0.8849575610306408,-75.2173917409603,1
HK.01629,491,0.17000000178813934,0.17000000178813934,0.0,0.5555555555555556,14800.0,2516.0000264644623,1.0479828029827518,0.16652000099420547,0.1653250003606081,2.4096435292019236,-6.077344109150927,-6.593403714302815,17.241383917124878,-5.555558315029741,0
HK.01630,491,0.30000001192092896,0.3050000071525574,-1.6393426604503258,0.4329004329004329,1357200.0,407160.0161790848,5.313505623746621,0.30710000097751616,0.1893850005418062,7.1428609441737585,-3.225803350434739,252.9411867828104,614.2857522988811,525.0000194025534,0
HK.01631,491,1.3049999475479126,1.309999942779541,-0.3816790419867876,0.07905138339920949,126500.0,165082.49336481094,1.4542210208366635,1.3406999921798706,0.8146249957382679,-4.744529707607458,-4.044122513138661,183.69563562489216,137.27271259323658,124.99999743083421,0
HK.01632,490,0.050999999046325684,0.050999999046325684,0.0,,0.0,0.0,0.0,0.05127999916672707,0.07412499967962503,0.0,-20.31250527506902,-46.87500145519151,-53.6363642521141,-65.77181362428132,0
HK.01633,491,0.3449999988079071,0.3400000035762787,1.4705868173635692,0.16404715127701375,2806350.0,968190.7466545701,10.584730379031145,0.42400000035762786,0.2883000003919005,-35.51402207555395,-15.853658093362244,83.51064394736211,192.3728785734689,414.9253585286016,1
HK.01635,491,2.325000047683716,2.3350000381469727,-0.4282651092028549,0.7283870321173852,5275724.0,12266058.551566124,2.71067314466987,2.345413589477539,3.0445130586624147,-5.102040717026833,-21.575482623976676,-25.496711788170078,-31.095226692248936,-4.635791963155171,0
HK.01636,490,0.3100000023841858,0.3100000023841858,0.0,,0.0,0.0,0.0,0.3100000023841858,0.44827499985694885,0.0,0.0,-57.53424735828955,-34.73684078438459,-78.76712367914477,0
HK.01637,491,0.6399999856948853,0.6299999952316284,1.5873000855468575,0.3380432838490431,784700.0,502207.98877477646,5.579646865415999,0.47759999811649323,0.3735267431288958,16.36363124059263,33.33333333333333,132.58472430349684,182.7500605991661,243.3393496119796,2
HK.01638,491,0.03799999877810478,0.04100000113248825,-7.317078711020517,1.9273519212269505,11815926.55,449005.1944621759,10.872618625860415,0.04256000019609928,0.07637000024318695,-9.523811213283604,-46.47887671272839,-57.303372902891816,-61.22449002865204,-74.83443674298891,0
HK.01640,490,0.4099999964237213,0.4099999964237213,0.0,0.0,223600.0,91675.99920034409,8.86558052632122,0.47809999585151675,2.0176750072836875,0.0,-51.76470765605512,-88.31908838923933,-89.54081662132658,-91.20171652684901,0
HK.01641,157,3.740000009536743,3.680000066757202,1.6304331981279736,2.3923444976076556,11700.0,43758.000111579895,1.5586236564247513,4.348479089736938,,-16.79643815893964,-24.46138147763268,-53.427974512701795,-67.02094831479194,,1
HK.01643,491,0.7599999904632568,0.7699999809265137,-1.2987000923330156,2.278225806451613,159300.0,121067.99848079681,5.387023488285257,0.9394000029563904,1.3417999982833861,-15.555554378179826,-69.23076997327492,-37.19008541296067,49.01960875977925,5.555550036607185,0
HK.01645,491,2.734999895095825,2.7200000286102295,0.5514656738169157,0.6767074573789352,3752000.0,10261719.606399536,5.689646995366112,2.663100018501282,3.0149250012636184,6.213586192203518,15.889831214792217,-30.583760015849386,-18.35820976252228,158.01887195617056,1
HK.01647,491,0.05999999865889549,0.06199999898672104,-3.2258070330838233,0.19629225736095965,463000.0,27779.999379068613,3.5311350551871676,0.057459999844431876,0.0686850001104176,3.448276526508396,-10.44776542637114,-17.808219807236124,-21.052630804995065,-51.612903516541905,0
HK.01650,491,0.14100000262260437,0.14000000059604645,0.714287158786028,1.44960362400906,681200.0,96049.2017865181,2.0393270713456917,0.13934000015258788,0.12334389708936215,0.714287158786028,2.9197140630203853,14.126937701082188,17.77899095691953,58.305097279083306,1
HK.01651,491,49.7400016784668,50.95000076293945,-2.374875498241009,0.7370402376475589,1328423.05,66075764.73671398,5.748116174820791,57.27310302734375,45.44074486732483,-14.617614028884152,-11.250208788317167,18.631098622795655,46.758707487640805,84.2852113407606,0
HK.01652,490,0.7850000262260437,0.800000011920929,-1.8749981839210066,0.08986928104575163,120600.0,94671.00316286087,4.390327058064885,1.0151999950408936,0.9850500008463859,-23.03921167596577,-27.314815274727177,-17.368417255105687,-1.8749981839210066,121.12677463390784,0
HK.01653,491,2.0,1.9900000095367432,0.5025120811725401,0.25316455696202533,74000.0,148000.0,1.5215448066006407,1.8804999923706054,2.628074997663498,20.48193013344475,-27.007299524128697,-29.078012505477496,-8.256883543354942,447.9451911627053,5
HK.01655,491,0.16300000250339508,0.1599999964237213,1.8750038417057062,1.8288144603934078,1346500.0,219479.50337082148,3.780084190779636,0.16867999970912934,0.20688999995589255,-4.67836323557707,-21.634615797924212,-31.22362863892481,-14.210523921697064,16.428572721019076,1
HK.01656,490,3.9800000190734863,3.9800000190734863,0.0,,0.0,0.0,0.0,4.009610352516174,3.0417259299755095,1.79027958327848,-7.324922624252266,77.1123919461236,77.1123919461236,100.25269511970929,0
HK.01657,491,47.0,47.0,0.0,0.7142857142857143,1425.0,66975.0,1.5758943000410337,49.16979995727539,28.61599995136261,-4.081632653061225,56.666666666666664,231.2191782230513,224.13793103448273,386.0392929594772,0
HK.01658,491,5.53000020980835,5.440000057220459,1.654414552228438,2.1977821888617397,49788373.7,275329717.00701654,2.179975968237623,4.868178234100342,4.958813667297363,13.669074408555273,12.393147897536727,9.992524426025392,7.897423654711899,4.735671202314557,3
HK.01660,491,0.1899999976158142,0.18799999356269836,1.0638319795733608,0.893352319568313,5334400.0,1013535.9872817993,7.000377787678409,0.21365999907255173,0.3540150002390146,-6.862744525137968,-36.666669978035685,-54.21686712379361,-60.824743915103326,63.793106106033584,2
HK.01661,491,2.0999999046325684,2.3399999141693115,-10.256411040166299,0.28512860991748185,1211305.0,2543740.384480953,10.590504247496032,1.9056999897956848,1.5777249985933304,25.373132203888744,-16.666669820351597,77.96610152368673,144.1860313606368,74.99998509883939,0
HK.01662,491,0.5600000023841858,0.48500001430511475,15.46391461174027,2.4594594594594597,154950.0,86772.00036942959,6.120266544092466,0.6003000020980835,1.2273484861850739,-5.084741139541855,-36.363635747885894,-56.923075159625824,-74.31192728277307,-76.52728855689325,1
HK.01663,490,0.050999999046325684,0.050999999046325684,0.0,0.0,2341900.0,119436.89776659012,4.384517674489393,0.05174000009894371,0.07065000034868717,8.5106399842872,-37.03703839974039,-43.956043866071965,-17.741935677694606,-26.08695605226334,0
HK.01666,491,3.0199999809265137,3.065000057220459,-1.468191695068166,0.4323294528210832,2252917.95,6803812.166029001,3.782846127352392,3.3398999834060668,3.7913327765464784,-12.081512918955589,-9.424299187315567,-28.108074238465242,-27.784236587334295,-39.273112445725104,0
HK.01667,491,0.3199999928474426,0.33000001311302185,-3.0303090509739805,3.6363636363636362,30000.0,9599.999785423279,1.8694098758132067,0.34830000162124636,0.36882500261068346,-3.0303090509739805,6.666660043928621,-13.513516561230885,-21.951220575930613,30.612239436475804,0
HK.01668,490,0.10700000077486038,0.10700000077486038,0.0,,0.0,0.0,0.0,0.10700000077486038,0.10700000077486038,0.0,0.0,0.0,0.0,0.0,0
HK.01669,491,1.4800000190734863,1.465000033378601,1.0238897851962572,0.21140052850132127,267700.0,396196.0051059723,2.18263397653693,1.3603999829292297,1.042900859117508,13.846159489197346,40.606063626159475,59.257880754970046,75.36261443994205,125.23436400855319,1
HK.01671,490,0.675000011920929,0.6449999809265137,4.651167733574438,4.166666666666667,8200.0,5535.000097751617,0.7346440651072816,0.6865000092983246,0.6669889970123768,-6.25000206960564,-2.1739109777848307,21.22846169154101,8.17308693433612,-17.279408756974327,1
HK.01672,491,10.0,9.539999961853027,4.8218033541545555,2.288668177107412,1670885.35,16708853.5,6.2607099029310636,10.037099990844727,13.278174982070922,0.3009000217422434,-15.254238657963661,-40.723180186549314,-13.194447893787176,-32.65993438977753,1
HK.01673,491,0.2800000011920929,0.30000001192092896,-6.666669978035689,0.39660056657223797,216000.0,60480.000257492065,4.939553404784689,0.29199999988079073,0.2696100003272295,-6.666669978035689,-5.084741139541855,-6.666669978035689,18.64406758257453,31.455399914986426,0
HK.01675,491,4.21999979019165,4.320000171661377,-2.3148235531497354,0.4006230969905248,5887504.95,24845269.653752305,6.690315578616753,4.458499994277954,6.20417172908783,-9.051726042657402,-22.426475260960967,-45.87922626818852,-44.10593621494693,-59.306132666338726,0
HK.01676,491,0.24500000476837158,0.20600000023841858,18.93204101204636,1.9766620747137746,7284140.0,1784614.3347334862,5.6067776595315495,0.21623999893665313,0.32985681027173996,16.113748828563903,10.360361086007353,-15.517237304081839,-61.71874839928929,-55.45454555306553,1
HK.01679,491,1.4149999618530273,1.4149999618530273,0.0,0.3203057852563247,93910.5,132883.35391759872,5.582677807822957,1.440799994468689,0.8627499981224537,11.417321504267317,47.39583265424394,188.7754967986224,214.44444429727247,42.929287699214974,0
HK.01680,490,0.11299999803304672,0.11299999803304672,0.0,0.0,16995.0,1920.434966571629,0.7395630899579859,0.1098999996483326,0.2151549991592765,8.65384202075789,-22.06896463132214,-56.53846070082227,-63.548388011621746,-83.62318863427531,0
HK.01681,491,13.609999656677246,13.520000457763672,0.6656745256387431,0.7422321156628341,2040802.15,27775316.560846183,3.856647127464049,13.56739995956421,15.025473437309266,-0.6569354294955877,-3.055002088535567,-25.537991482464605,-9.975196231744912,-2.028886512076207,1
HK.01682,491,0.164000004529953,0.16899999976158142,-2.9585770643090035,0.2338473944158855,868100.0,142368.4039324522,5.514358328708936,0.17868000030517578,0.18146734993904828,-4.093566741863792,-38.1132024970074,30.158731660484854,-13.68420705900954,-27.753301362136817,0
HK.01683,491,0.1420000046491623,0.14000000059604645,1.428574317572056,0.07198174748545905,2919100.0,414512.21357136965,13.53415896853128,0.15310000091791154,0.2498949996381998,6.766919736184467,-4.697985973107305,-31.730768404151576,-62.133332093556724,-80.27777791575149,1
HK.01685,491,0.625,0.6299999952316284,-0.7936500427734288,0.579845686228665,492750.0,307968.75,4.48286501312567,0.7908000040054322,0.5631143018603325,-9.42028954208861,-2.343747817212667,-29.95672861979734,119.79096742414119,63.43431262382837,0
HK.01686,491,5.639999866485596,4.889999866485596,15.337423731649691,8.930313102414248,5807432.85,32753920.49862406,3.861970066192022,4.845500011444091,5.573774993419647,14.634141850135899,-9.032257419471046,-12.962965279558661,18.487386455661557,-26.792221440226506,1
HK.01688,48,6.53000020980835,6.34499979019165,2.915688348842503,1.092023179022822,12322429.0,80465463.95534849,3.8636259428401556,,,-1.2849518405266185,,,-32.74974063692676,,1
HK.01689,491,0.2849999964237213,0.2849999964237213,0.0,0.38748962081372823,344200.0,98096.99876904488,3.8793285717878114,0.28629999816417695,0.35014999866485597,5.555550036607185,-3.389827426361236,-27.848104130971468,-32.14285587575156,-39.361702734768905,0
HK.01690,491,0.15199999511241913,0.15299999713897705,-0.6535961080114099,0.2304147465437788,405000.0,61559.99802052975,1.6958974002116636,0.1245999999344349,0.1045464632473886,7.0422465745432135,6.293697913670804,122.39024866692915,134.57603288119694,171.81031215673715,0
HK.01691,491,1.5149999856948853,1.4700000286102295,3.061221510804984,0.3759345234948348,20102202.25,30454836.12118569,7.720304427216572,1.4181000089645386,1.664675001502037,4.123707285899507,11.397056599956507,-14.887639885071527,-22.704083866896262,-27.857140262110587,4
HK.01692,490,1.3300000429153442,1.3300000429153442,0.0,2.277227722772277,22500.0,29925.000965595245,0.11816313010660257,1.3553000020980834,1.5531523305177688,5.5555597604688,-16.87499855645003,-22.04413701719657,-21.163284445475796,-23.793404860717363,0
HK.01693,490,6.409999847412109,6.409999847412109,0.0,0.0,1300.0,8332.999801635742,0.3708358940576939,6.72850004196167,5.251625007987022,-3.8980543614371284,-20.17434544745201,23.50673943624251,172.7659620230639,192.69404931192835,0
HK.01695,491,0.07699999958276749,0.07599999755620956,1.315792182517271,0.26455026455026454,188750.0,14533.749921247363,1.2909916673549557,0.07974000006914139,0.0908600002899766,0.0,-14.444448307708305,-16.304348442273913,-18.947367843168255,-22.22222222222222,1
HK.01696,491,1.9149999618530273,2.0350000858306885,-5.896811740362998,3.290361701830869,261182.2,500163.9030366898,4.450109310169608,2.1924721932411195,3.1653791314363477,-12.05869314276974,-26.284497647729655,-51.09605204996036,-53.26196554459428,-65.16003471464347,0
HK.01697,491,0.22699999809265137,0.23000000417232513,-1.3043504457617503,0.6793321819228555,151920.0,34485.839710235596,2.8040041109789424,0.2567199993133545,0.32593000069260597,-10.980391240220747,-27.936507996578126,-38.64864995481324,-36.94444747986605,-47.816092678508035,0
HK.01698,491,32.779998779296875,33.13999938964844,-1.086302404893863,0.42774511063574927,1862740.25,61060623.121147156,2.654115252673841,35.04120002746582,49.00083890914917,-12.819148644757721,-9.297179488370345,-45.64274311757379,-52.783718144554214,-66.54512768367442,0
HK.01701,490,0.07800000160932541,0.0729999989271164,6.849318843416759,0.0,92000.0,7176.000148057938,1.4695669387249746,0.0735399992763996,0.09702500008046627,8.333340232019367,-6.024090869797868,-29.090907243657693,-36.585366296881645,-42.2222233260119,1
HK.01702,491,1.6799999475479126,1.8300000429153442,-8.19672633058898,1.6,5400.0,9071.999716758728,0.5737705825744815,1.51600004196167,1.6917585891485214,16.66665838824411,-13.846158642740528,5.8309501171826685,-8.805243727556586,32.90398688544502,0
HK.01703,491,0.33000001311302185,0.3199999928474426,3.1250064028428435,0.14570579676786533,3093330.0,1020798.9405629039,6.81781360556559,0.7002000021934509,0.7412500005960464,-18.518515520571142,-54.166666666666664,-59.75609561079388,-54.79451993277249,-31.2499957314381,2
HK.01705,491,0.8600000143051147,0.8199999928474426,4.87805143982653,0.26109660574412535,662000.0,569320.009469986,5.50423446920945,0.7869000041484833,0.536330058425665,-2.272725117600642,68.62745693856515,117.72151669522282,123.37663262544687,122.02365605644117,1
HK.01707,490,0.041999999433755875,0.041999999433755875,0.0,,0.0,0.0,0.0,0.041999999433755875,0.04202999979257584,0.0,0.0,-2.3255860292955086,19.999997871262696,-59.61538599308071,0
HK.01708,490,0.20399999618530273,0.23000000417232513,-11.304351093638312,0.0,5975.0,1218.8999772071838,2.1621946741137177,0.27217999428510664,0.3081449969857931,-29.655171705057707,-28.421053071871803,-54.15730349118474,-18.400001525878906,-37.23076810216053,0
HK.01709,491,0.9399999976158142,0.9649999737739563,-2.5906711748779943,0.6453595689483734,3155662.8,2966323.0244763135,4.593426576879349,1.023499995470047,1.4509249982237815,-10.047843424010349,-24.193549162391314,-43.71257354660138,-58.77192941178685,-69.57928725805432,0
HK.01710,491,0.9449999928474426,0.7950000166893005,18.867921133234972,2.4932083413047637,2811900.0,2657245.479887724,8.458794692895651,0.556900001168251,0.3823149997740984,33.09859456440882,182.0895430770319,333.48624568105555,295.3974987745509,511.00334213257713,5
HK.01711,490,0.14499999582767487,0.14499999582767487,0.0,0.0,136000.0,19719.99943256378,1.8922830828203507,0.14136000066995622,0.14035000085830687,15.079359917083318,-19.444449963392817,8.20894941478471,22.881351651490633,20.83333255723117,0
HK.01712,491,8.305000305175781,7.440000057220459,11.626347329337001,3.955557841674811,763650.0,6342113.483047485,3.8723167444776836,5.907800016403198,7.483250007629395,18.22064330863758,41.48212039334274,-22.455646352988254,22.855029940575935,58.19048200334821,1
HK.01713,491,1.7350000143051147,1.7350000143051147,0.0,0.8823529411764706,82800.0,143658.0011844635,0.932094498178521,1.8251000094413756,2.1172211652994157,-5.9620603034881094,-12.664127162434061,-25.58983698537466,-23.12999324797101,-33.08438312006567,0
HK.01715,491,0.41499999165534973,0.4449999928474426,-6.741573409952315,3.0629227010374986,650820.0,270090.2945691347,6.657536278391868,0.4485999971628189,0.47649999752640726,-12.631579607807705,-10.752690652985542,-3.4883756389999006,-15.306125800344395,27.692309808449007,0
HK.01716,491,4.715000152587891,4.724999904632568,-0.21163496818007552,2.565114443567482,546900.0,2578633.5834503174,6.177986947744629,4.918300008773803,3.3759500017762183,2.83533507872025,-37.7968311339691,468.0723189632755,727.1930196058502,593.3823680872528,0
HK.01717,491,1.1549999713897705,1.2000000476837158,-3.7500062088169175,0.03577817531305903,274350.0,316874.24215078354,3.3426648896312465,1.2357000017166138,1.6588631081581116,-3.7500062088169175,-16.30434961009492,-39.55314138506855,-40.4553333046944,-53.96739228555221,0
HK.01718,491,0.7400000095367432,0.7549999952316284,-1.9867530847180164,0.36684799678379837,1741425.0,1288654.516607523,7.132414448849259,0.6215000033378602,0.4152650012820959,-13.953488694454535,124.24241822175328,80.48780877841224,169.09090672642736,174.07406671547625,0
HK.01719,490,0.21299999952316284,0.21299999952316284,0.0,0.0,3200.0,681.5999984741211,0.2793132253766138,0.2526999995112419,0.2941250016540289,-18.076920255401326,-16.47058686033112,-32.38095202053125,-35.454548163847385,-46.075950952470876,0
HK.01720,491,0.32499998807907104,0.32499998807907104,0.0,0.2133477975907971,4220900.0,1371792.449682951,9.622256490774044,0.3255199983716011,0.37283499833196404,27.450978100551872,-21.686748285773973,-26.96629363980926,180.17241157830534,148.09159914601557,0
HK.01721,490,0.14000000059604645,0.14000000059604645,0.0,,0.0,0.0,0.0,0.14000000059604645,0.16520499929785729,0.0,0.0,-22.651930927105823,-25.925923881870844,-74.07407499389879,0
HK.01722,491,0.09700000286102295,0.0949999988079071,2.1052674507500932,0.4518664047151277,484000.0,46948.00138473511,3.363689057287964,0.1020600003004074,0.08842500030994416,-1.0204026552349417,18.292683148440823,7.777776673988103,24.35897546113123,42.64705527870319,1
HK.01723,491,0.4350000023841858,0.4300000071525574,1.1627895694091224,0.8243976849567051,1758120.0,764782.2041916847,8.871486219015111,0.619899999499321,1.1203749953210353,-17.924523421477737,-53.22580655498551,-67.77777817023633,-66.53846012770066,-88.39999993642171,1
HK.01725,491,0.29499998688697815,0.29499998688697815,0.0,0.2903664984759213,6450580.0,1902921.0154134035,9.686125367406714,0.3337999975681305,0.6113750016689301,-6.349209803242228,-38.54166802484545,-64.02439152924948,-70.50000131130219,-74.34782669539715,0
HK.01726,491,0.8999999761581421,0.8899999856948853,1.1235944521335182,3.2094594594594597,163500.0,147149.99610185623,3.180878924420737,0.9574999988079071,1.1978249955177307,-7.2165000399412556,-10.000002384185791,-30.232557924627194,-37.93103816818243,-43.0379777397029,1
HK.01727,491,0.22699999809265137,0.22300000488758087,1.7937188867269211,1.2416107382550337,47175.0,10708.724910020828,4.529597834484029,0.23770000010728837,0.3224649991095066,-1.3043504457617503,-7.723580559945644,-42.531647613426316,-39.46666717529297,-57.96296498657737,1
HK.01728,490,0.14300000667572021,0.14300000667572021,0.0,,0.0,0.0,0.0,0.14300000667572021,0.14300000667572021,0.0,0.0,0.0,0.0,0.0,0
HK.01729,491,17.360000610351562,17.290000915527344,0.40485651311536536,0.5955116914549569,11521283.7,200009492.0640335,5.722370231155384,15.649999923706055,17.05406235694885,18.014959655556957,-7.541534560384868,2.5497961373185043,-1.684446873205187,45.24413173822308,1
HK.01731,491,0.75,0.75,0.0,1.255813953488372,88000.0,66000.0,0.6209735915231283,0.7632999873161316,0.7239599773287773,-1.31578823536055,-6.367034119531803,5.485228318056745,12.612611161318627,-6.367034119531803,0
HK.01732,491,0.22100000083446503,0.23100000619888306,-4.329006535094362,0.4073587385019711,1553000.0,343213.0012959242,1.5353651835281734,0.21515999972820282,0.225874999538064,1.3761496109429756,18.817201932119765,-4.329006535094362,-18.14815109158728,29.999999123461112,0
HK.01733,491,0.75,0.75,0.0,0.237725302845991,3045782.55,2284336.9124999996,4.566850359121011,0.6520586943626404,0.7609853082895279,21.906462608760354,14.735494220009743,-12.33692729132239,-14.26359111807382,-12.025947597916826,0
HK.01735,491,8.199999809265137,8.335000038146973,-1.6196788034070486,0.994647699151094,6764285.0,55467135.709815025,1.6936250189817899,8.277499980926514,8.447925021648407,0.0,-2.14797497276395,2.2443808133105336,-0.24331456343007174,-4.651169237927759,0
HK.01736,491,0.4300000071525574,0.46000000834465027,-6.521739271277513,5.787234042553192,32875.0,14136.250235140324,1.3072152913248873,0.4346000027656555,0.500825002938509,7.500000186264512,0.0,-29.5081972018649,-28.333334989017843,-49.41176528336678,0
HK.01737,491,0.1469999998807907,0.15000000596046448,-2.000003973642827,1.653225806451613,255000.0,37484.99996960163,2.67239758381571,0.15318000048398972,0.1202249999716878,-2.649002243858402,2.7971979149212514,33.636364252114106,48.48484916901567,31.249995842310064,0
HK.01738,490,0.05700000002980232,0.05700000002980232,0.0,0.0,422625.0,24089.625012595206,5.281812938877383,0.05542000003159046,0.09733499998226762,13.999998360872294,-30.487806761746977,-49.55752121948468,-44.11764598463369,-64.59627293263277,0
HK.01739,490,0.11999999731779099,0.12099999934434891,-0.826447960311188,2.4795742448092346,708650.0,85037.99809925258,6.352674271343741,0.15388000071048735,0.20894999973475933,-14.285716566504256,-41.176470803073265,-44.444447127266606,-47.826089069162705,-30.958120210112682,0
HK.01740,491,0.16699999570846558,0.16500000655651093,1.2121145893831669,4.6627565982404695,182500.0,30477.499216794968,3.8052532307423057,0.16740000039339065,0.12434500068426133,5.696194950939815,-7.22222829306543,68.68686526603277,77.65957598585848,77.65957598585848,1
HK.01741,491,0.13300000131130219,0.12999999523162842,2.3076970690102603,0.25236593059936907,128400.0,17077.2001683712,3.334689355414792,0.1681000006198883,0.1966250006854534,-29.25531602906868,-45.26748933340545,-51.63636420778005,-16.874997322447538,7.258067326571811,2
HK.01742,490,0.1289999932050705,0.13099999725818634,-1.5267206831875426,0.2845849802371542,320750.0,41376.74782052636,1.64140400412461,0.15437999963760377,0.16692999958992005,-15.686277374310166,-26.285716913184388,-49.4117664245861,4.032254284955151,81.69012532610718,0
HK.01745,491,2.255000114440918,2.2200000286102295,1.5765804225056395,1.8301430329782267,19871.0,44809.10727405548,2.970922488907827,2.104000015258789,4.717000010013581,17.142865989557883,-50.43956000193669,-68.23943458126544,-55.3465340738378,-75.21978000096836,1
HK.01746,491,0.49000000953674316,0.5400000214576721,-9.259261098908716,3.0407391852162955,1095800.0,536942.0104503632,5.0228256044678234,0.46870000183582305,0.40886000081896784,1.0309268214748768,7.692306684621419,30.666669209798176,71.92983006506422,22.500000558793538,0
HK.01747,491,3.7799999713897705,3.799999952316284,-0.5263152941442201,1.4583333333333333,10300.0,38933.999705314636,1.290608592331117,3.830699977874756,4.251057305335999,-0.26385199377066976,-4.082989052026875,-16.256267257042342,-12.822580999909821,-17.519639099008568,0
HK.01748,490,1.7599999904632568,1.7599999904632568,0.0,,0.0,0.0,0.0,1.7599999904632568,1.7599999904632568,0.0,0.0,0.0,0.0,0.0,0
HK.01749,490,0.5,0.4399999976158142,13.636364252114102,0.5176470588235295,20850.0,10425.0,1.1692756168477882,0.4574000000953674,0.6676499971747398,8.69565020211481,-15.254233521108176,-50.0,-33.33333333333333,-46.23655955327537,1
HK.01750,491,0.08299999684095383,0.08299999684095383,0.0,0.5668016194331984,366500.0,30419.498842209578,2.52657287550931,0.08606000021100044,0.08895000033080577,-3.4883790439432625,-17.82178816731289,-14.432995471276092,2.469131600800468,62.745094888258826,0
HK.01751,490,0.7799999713897705,0.7799999713897705,0.0,0.0,511114.65,398669.4123768926,3.3989123693025527,0.8418054711818695,1.3755416405200958,1.960782480441495,-19.587634187256896,-56.666667108182565,-62.135922667195665,92.59258496145382,0
HK.01752,491,0.1080000028014183,0.10899999737739563,-0.9174262385667762,0.10178117048346055,197500.0,21330.000553280115,3.400976420475197,0.0983200004696846,0.09039930280297995,19.99999834431549,0.0,28.571433639850813,18.68132416961026,107.32142582586835,0
HK.01753,491,0.5099999904632568,0.375,35.999997456868485,4.490433666287542,8696480.0,4435204.717063904,18.61472572742041,0.1746999987959862,0.1807049997523427,256.643333324997,272.2627816618689,201.77514271168334,131.8181787394295,56.92307974459867,1
HK.01755,490,2.799999952316284,2.799999952316284,0.0,,0.0,0.0,0.0,2.799999952316284,2.799999952316284,0.0,0.0,0.0,0.0,0.0,0
HK.01756,490,0.3799999952316284,0.3799999952316284,0.0,0.0,10150.0,3856.9999516010284,0.19480501384995236,0.4015999948978424,0.5388249948620796,-2.5641002128344392,-19.14893697969187,-38.7096786598261,-39.68253998289063,-35.59321828424083,0
HK.01757,491,5.304999828338623,5.25,1.0476157778785342,0.6161745827984596,75700.0,401588.48700523376,5.619897948649181,9.116200008392333,10.583249990046024,-5.267858594960121,-70.72296036072888,-55.042375062807125,81.67807156607036,3508.8434235651016,2
HK.01758,490,0.10999999940395355,0.10999999940395355,0.0,0.0,25700.0,2826.9999846816063,0.2588382924379208,0.11307999908924103,0.11066500034183263,4.761907465063339,14.583331716453879,39.240499166242344,12.244900286520448,-29.936308452887467,0
HK.01759,491,0.6800000071525574,0.6949999928474426,-2.158271345216813,1.372093023255814,45950.0,31246.00032866001,3.6203455694365387,0.6957000052928924,0.9050249975919723,-2.8571401810159034,-31.313131252316452,-24.444441648177083,-31.313131252316452,-31.999999284744263,0
HK.01760,491,1.2999999523162842,1.3450000286102295,-3.3457305083066267,0.5323607015365514,1239500.0,1611349.9408960342,5.894058274680456,1.6097999954223632,1.8680594384670257,-15.857605927101472,-30.107529982898594,-31.580099485382146,-33.31664800829073,-18.90975262588772,0
HK.01762,491,1.0549999475479126,1.0449999570846558,0.9569369257348911,0.7282801336154681,5730840.45,6046036.374155456,5.714057050402961,1.072699991464615,1.2253249970078468,-20.075764725304328,-22.992704826575284,-39.36781943875992,52.8985436512026,25.595235772211193,2
HK.01763,491,16.579999923706055,16.600000381469727,-0.12048468255457401,1.4459857082807903,39280.0,651262.3970031738,3.2086289365159573,16.970799980163573,19.373393802642823,-3.3799529654047413,-9.995312716949918,-22.234620468730654,-21.435161443619233,-1.7492591093941086,0
HK.01765,491,0.14499999582767487,0.14499999582767487,0.0,0.2960966676364836,2955875.25,428601.8989171274,5.522750204507992,0.14203999996185301,0.16332500033080577,12.403103461539928,-4.605262835414611,-22.872340003928198,-19.889502535008674,-26.39594004619814,0
HK.01766,491,5.28000020980835,5.237853527069092,0.804655619357144,1.0380361443558765,16900962.3,89237084.48996301,2.4999223577470526,4.825624084472656,5.236513214111328,4.103347808632718,6.209909773550469,-6.327519777411854,-6.4852165833436715,-7.660224181343817,2
HK.01767,491,0.33500000834465027,0.32499998807907104,3.0769294253470134,0.11494252873563218,224000.0,75040.00186920166,1.410109160586152,0.3204999977350235,0.32057706952095033,-2.898547970379774,3.8003879147311563,-4.971475976305629,12.450407260940214,14.356359746060024,1
HK.01768,146,410.0,420.3999938964844,-2.4738330274679257,0.7506968774743568,418290.2,171498982.0,5.92719166289101,380.432001953125,,7.611548556430446,13.825648557819964,1.0349956464695644,2.5,,0
HK.01769,491,0.8949999809265137,0.8949999809265137,0.0,0.07125220458553792,1297800.0,1161530.9752464294,6.524181793356091,0.9591999983787537,1.6266500014066696,-9.13705909355678,-28.400001525878903,-53.62694273315284,-58.37209575688137,-64.90196087597792,0
HK.01770,40,71.4000015258789,62.5,14.240002441406249,1.5135947876205988,40935.4,2922787.6224624636,10.730802661232907,,,-28.671326059672232,,,-10.749998092651367,,1
HK.01771,490,0.17299999296665192,0.17000000178813934,1.764700674680745,0.0,39600.0,6850.799721479416,0.9600726280631278,0.1716200029850006,0.21090999960899354,4.848476419545518,2.9761876779990293,-29.959515293568874,-32.15686423464128,-40.34482829494229,1
HK.01772,491,38.220001220703125,40.47999954223633,-5.582999869293845,1.0213198770219007,12735157.15,486737721.81884617,5.1165563085810595,41.50320007324219,57.853430042266844,-7.502416498104192,-39.66850490720019,-42.38015370745802,-29.173387051166916,24.406484118285906,0
HK.01773,491,1.0750000476837158,1.065000057220459,0.938966190232495,0.5649039800852375,12921151.15,13890238.1023785,5.248393224586967,1.158200008869171,1.897610657811165,-3.5874404942513323,-26.870746478825268,-62.41258436662643,-55.35323299336567,-73.64227102377053,1
HK.01775,491,0.33500000834465027,0.33500000834465027,0.0,2.5503355704697985,32200.0,10787.000268697739,0.5961169734407696,0.3490000021457672,0.37837500020861625,-1.4705868173635692,-14.102558812210821,-28.72340229907797,-6.944445824181537,-6.944445824181537,0
HK.01776,491,18.15999984741211,18.799999237060547,-3.404252210749046,1.3943315328552255,5977942.6,108559436.70383835,3.1487833371550935,17.164359245300293,16.698258724212646,5.153441610062848,14.157815034765061,4.856998616307483,4.565254015590333,-1.1453700584080069,0
HK.01777,491,0.07699999958276749,0.08100000023841858,-4.93827239984856,0.3114666932339891,1504802.75,115869.81112214737,14.751792767597646,0.19977999985218048,0.3371449992060661,-45.00000053218432,-72.50000026609217,-81.6666661936139,-79.46666677792868,-78.90411025454613,0
HK.01778,491,0.15199999511241913,0.15399999916553497,-1.2987039376318668,1.2219273206436365,1327711.4,201812.12631070314,5.053889806564375,0.14890000075101853,0.1838450001180172,0.6622530280443814,-7.878794501525924,-31.838568708083386,-10.58823910963985,-38.70967838847304,0
HK.01779,62,112.9000015258789,112.5,0.3555569118923611,0.31547735041159525,91594.55,10341024.834762191,7.691466282074639,110.01099975585937,,7.626310661231396,,,-14.339909778649156,,1
HK.01780,491,5.099999904632568,5.449999809265137,-6.4220168235154755,0.29819108214191953,1400135.0,7140688.366472721,9.195436726210179,4.520400018692016,1.982250004708767,-5.990788473286133,106.4777265408428,598.630105668418,684.6153987229934,417.8571374533104,0
HK.01782,490,2.494999885559082,2.494999885559082,0.0,0.0,155250.0,387348.7322330475,1.8319211726671947,2.7800000047683717,3.711100002527237,-2.9182898689449215,-32.20109129623838,-50.10000228881836,-34.168867792304326,-33.64361989661384,0
HK.01783,491,4.275000095367432,4.180000305175781,2.2727220874605982,0.3280014919618363,16234703.7,69403359.865762,5.839257952449291,4.742758259773255,3.6619156110286712,-15.059913986713823,-2.163766570445427,29.85537763913521,30.25007543770211,12.473160002983285,1
HK.01785,491,2.0299999713897705,2.0299999713897705,0.0,1.7857142857142858,8350.0,16950.499761104584,0.3756154046332883,1.955400002002716,1.9346440577507018,-0.49019562011037376,5.729167539781599,3.7244851654432707,6.77520627380616,1.3122800863525657,0
HK.01786,491,0.699999988079071,0.699999988079071,0.0,0.4801920768307323,77175.0,54022.49908000231,0.7727066610365634,0.7045814096927643,0.7980318304896354,-4.109593179530491,-4.659595888008309,-18.430988255266282,-18.430988255266282,-26.587889429739654,0
HK.01787,491,26.420000076293945,25.719999313354492,2.721620457338016,2.1408206272615415,31347891.65,828211299.7846543,6.914910290315233,20.94091953277588,30.329165048599243,22.405314906495512,12.20698814436727,-35.060882961162704,-25.028469470444037,1.2865479201716556,1
HK.01788,491,2.875,2.880000114440918,-0.17361507785525276,0.2518101849206281,73778478.2,212113124.82500002,0.5755784237554983,2.3410999727249147,2.494671823978424,38.221158916075744,28.348213739275025,0.055866751533016686,9.90985998474576,-44.442066043714064,0
HK.01789,491,4.929999828338623,5.065000057220459,-2.665354933005086,2.430083188324943,3143556.45,15497732.758872772,3.8549967027502947,5.529599990844726,5.783335299491882,-13.204225751171755,-14.515653478703324,-19.04371288819962,-12.891590251671762,-23.116205716536157,0
HK.01790,491,0.5350000262260437,0.5199999809265137,2.884624201870852,46.666666666666664,2500.0,1337.5000655651093,2.4799065646547125,0.5040999984741211,0.5097999899089336,7.00000524520874,4.901967888289207,0.9434066238083006,-6.140345098349234,18.888897866378834,2
HK.01792,491,1.0199999809265137,0.925000011920929,10.270266787164704,1.2033947061377526,542685.25,553538.9446491003,4.079373156297631,0.8975289666652679,1.1061821320652963,16.571426391601562,-12.820511253000738,-35.03185051914885,1.9999980926513672,108.1636878272104,2
HK.01793,491,0.9800000190734863,1.034999966621399,-5.314004765377106,0.36591788541281417,3860795.0,3783579.1736388206,15.515568495057048,0.5526399892568589,0.3367442199587822,160.87618510868973,254.04624118756223,200.40286248968272,356.833886569873,383.5753881040493,0
HK.01795,490,0.44999998807907104,0.44999998807907104,0.0,0.0,16650.0,7492.499801516533,0.5014158163935342,0.4621000015735626,0.5587499985098838,11.111107840623067,-16.666672185615038,-23.728812189493883,-25.000004967053535,-43.7500023283064,0
HK.01796,491,0.6150000095367432,0.7549999952316284,-18.543044580011458,1.7098939929328623,6114600.0,3760479.0583133698,18.27495310487816,0.326039999127388,1.6469350035488606,119.64285961371294,20.588239419006634,-80.6603774645864,-77.55474425561326,-81.47590295473157,0
HK.01797,491,25.479999542236328,26.18000030517578,-2.6737996744830563,0.5007145885070089,13575224.9,345896724.23775524,5.851213973823975,22.419399948120116,23.336450033187866,15.398549050174068,16.559921458421893,-9.964663501231689,40.851295341704294,-29.807162320206114,0
HK.01798,491,1.0499999523162842,1.100000023841858,-4.545460949259217,1.1471292763834768,7625985.85,8007284.7788646575,3.1345856424242924,1.2126491904258727,1.6930909591913224,-14.979761930846836,-38.25726700700729,-47.80203545108317,-48.05298619729919,-53.25778264113615,0
HK.01799,491,3.880000114440918,3.934999942779541,-1.3977084914459532,0.7039767500714144,2311940.15,8970328.046580553,5.534200557509632,4.074700040817261,5.942325007915497,-8.813160750038493,-22.08835141404718,-48.4727754803121,-48.266665140787765,-45.88563356827151,0
HK.01800,491,3.549999952316284,3.5850000381469727,-0.976292481402021,1.0123278099031399,9279330.75,32941623.72002703,1.5782699092445107,3.72962016582489,4.4596966671943665,-8.740363584033016,-15.676894661832147,-29.293265969250804,-28.73870810022712,-36.281307354093585,0
HK.01801,491,101.80000305175781,101.5999984741211,0.19685490220520294,0.746108079051933,14491415.9,1475226182.8442917,4.004133432579607,92.29299987792969,86.54750003814698,12.735326258414933,25.834364810479336,10.652177230171535,29.18781612850069,2.3630026904260877,1
HK.01802,490,0.04500000178813934,0.04500000178813934,0.0,,0.0,0.0,0.0,0.04500000178813934,0.044985001683235167,0.0,0.0,0.0,0.0,-15.09433524618792,0
HK.01803,490,0.7599999904632568,0.7400000095367432,2.7027000903735274,0.0,8375.0,6364.999920129776,2.1330757003758527,0.7900999975204468,0.8462250006198883,1.3333320617675781,2.7027000903735274,-6.172840959723081,-13.636364252114102,-42.4242454345779,1
HK.01808,491,2.109999895095825,2.109999895095825,0.0,1.210996630694858,54297.5,114567.71930396557,4.4881957907973895,2.337300000190735,2.397475001215935,-15.768471109760865,16.574583524880495,-16.60079371713322,-27.241385320420587,-39.71428871154785,0
HK.01809,491,7.239999771118164,7.230000019073486,0.13830915654629816,0.658070253445976,53400.0,386615.98777770996,1.7796493101657775,6.796593322753906,7.1601750493049625,7.818311341779256,-1.3086177071815537,-4.350889332408217,-2.302993412067656,4.402996620378807,8
HK.01810,491,28.059999465942383,27.559999465942383,1.8142235474927395,0.8144487623042596,140821247.95,3951444142.2703395,3.646151940078707,26.483999938964843,32.53460000038147,1.5195372126210724,-2.2980496629232734,-23.249457297773315,-30.337635758905062,-46.60323525532375,1
HK.01811,491,2.0999999046325684,2.119999885559082,-0.9433953776483021,0.6178223655484067,7103262.5,14916850.5725801,2.5552555521062903,2.2058999919891358,2.463454327583313,-8.296945868362124,-20.945011784599423,-17.995199835097324,-13.133252699879444,-8.807937071121945,0
HK.01812,491,0.5950000286102295,0.6050000190734863,-1.652890933552547,0.21317542561065878,472225.0,280973.8885104656,2.869877160891667,0.6360000026226044,0.8333499988913536,-12.499996712979183,-24.68354272796569,-41.08910552193959,-20.6666628519694,-39.89898758802522,0
HK.01813,491,0.09799999743700027,0.09600000083446503,2.0833297761985303,1.8770166152540873,1334322.15,130763.56728013269,9.221377522624776,0.10225999981164932,0.15502999953925609,-6.666666193613915,-32.41379292626443,-48.14814829415208,-37.97468802109854,-61.568627737431015,2
HK.01815,491,1.940000057220459,2.009999990463257,-3.482583759946414,0.8061082169315354,13596166.5,26376563.787978888,6.6714275422921006,1.377199990749359,1.567300000488758,8.37989377453114,128.23529444763818,10.85714612688337,-23.6220438442387,15.476197487508037,0
HK.01816,491,3.015000104904175,3.005000114440918,0.3327783721271951,1.0692650505306025,40395599.3,121792736.127167,2.4241045014259597,2.8327000284194948,3.0359413528442385,4.68749948259859,-5.188677936767645,-4.9357627291672586,5.020280585540505,-0.04499854562929988,1
HK.01817,491,0.2549999952316284,0.2549999952316284,0.0,0.3163444639718805,14400.0,3671.999931335449,4.3510830711651165,0.2401399976015091,0.27255499981343745,6.250000388051082,5.371899427013404,-8.928573519295567,-16.393446147009282,-34.61538343975055,0
HK.01818,491,21.959999084472656,22.139999389648438,-0.8130095308852648,1.313366534648372,28631291.7,628743139.5192696,6.154501944101667,21.018799934387207,27.649033632278442,-3.514943481388895,1.4493144391390764,-33.145459801037234,-30.79821046331877,3.1559360587811662,0
HK.01820,490,2.75,2.75,0.0,0.0,350.0,962.5,0.0,2.9386006498336794,2.5404153698682785,-8.333333333333332,29.488415536361,12.91390443223601,12.91390443223601,6.926045467367879,0
HK.01822,491,0.1080000028014183,0.1120000034570694,-3.5714290465931358,0.044721339100000944,658809.45,71151.42244560085,4.791348769254441,0.13870128035545348,0.14411532048135997,-14.285713440977272,-38.28571163391576,-24.475526042226765,-25.517237304081842,-41.62162085969228,0
HK.01823,491,1.190000057220459,1.215000033378601,-2.057611149904549,0.7122093023255814,134700.0,160293.00770759583,5.816302812273795,1.2614999938011169,1.356225000321865,3.930137733061973,-17.361110421242564,-34.61538335577677,6.2500046566128535,19.0000057220459,0
HK.01825,491,8.6899995803833,1.0,768.9999580383301,,31275.0,271779.73687648773,0.3538554398672099,1.153799991607666,1.0760499969124795,768.9999580383301,768.9999580383301,768.9999580383301,618.1817608610497,568.4615307023537,1
HK.01826,491,0.2750000059604645,0.28999999165534973,-5.1724090091395505,0.9331942690893121,3811250.0,1048093.7727168202,10.320799358204468,0.15949998065829277,0.13938312035053968,44.7368470585578,111.5384738826192,59.88371896584213,192.55320784758584,276.7123424686979,0
HK.01827,491,0.8999999761581421,0.8700000047683716,3.448272554637248,2.0634920634920637,34750.0,31274.999171495438,2.8499060720051683,0.8093999969959259,0.8597999987006187,19.99999682108561,-1.0989065691980104,26.760563853240598,-5.263159215615413,-16.666672185615038,1
HK.01828,287,33.119998931884766,32.279998779296875,2.6022310543785827,1.7216505771295538,443602.15,14692102.734181786,3.363495270831227,29.526399841308592,33.41739990234375,5.209655061932484,12.195116593144581,-12.84210807398746,-13.298433847109134,-13.07086546373204,2
HK.01830,491,1.2999999523162842,1.315000057220459,-1.14069233851448,0.4673247249793993,689446.3,896280.1571246387,2.830372181855807,1.2700349974632263,1.1879063856601715,-1.9052978491863184,17.96732800057463,11.253745120427402,6.907894253121915,-7.947111155493064,0
HK.01831,490,0.7549999952316284,0.7549999952316284,0.0,0.0,3039527.45,2294843.210256404,4.712251002928132,0.7614000010490417,0.44353999972343444,2.721085787382208,84.14634190663776,213.27801065909134,264.7342932224553,205.66802178754938,0
HK.01832,490,1.2300000190734863,1.2300000190734863,0.0,2.4,6900.0,8487.000131607056,0.5775524171484983,1.0950999927520753,0.8578249993920326,10.810811101069607,9.821429806856472,57.69231592174613,101.63934266045031,92.18750727595778,0
HK.01833,491,6.349999904632568,6.474999904632568,-1.9305019589354462,0.5380019398696163,12045027.15,76485921.2537967,3.9613132198431917,7.2997000026702885,11.349924986362458,-19.056723078925152,-30.37280718953326,-53.54791609954322,-56.4471883548647,-64.4456904388226,0
HK.01835,491,4.480000019073486,4.559999942779541,-1.754384313814067,0.17857142857142858,3780.0,16934.40007209778,1.9243423763655714,4.123800003528595,2.0283500024676324,-0.4444440205891927,202.70270009037353,236.84209582831136,318.6915700430858,103.63636008964106,0
HK.01836,491,11.6899995803833,11.890000343322754,-1.6820921544528848,1.5319459260547974,1635150.85,19114912.7503634,2.2153312477085048,12.914470596313476,13.396307559013367,-15.186162655074426,-9.948397123956218,-16.054999221694914,-15.173684621001124,-15.03382779691469,0
HK.01837,491,1.4500000476837158,1.4700000286102295,-1.360542893691104,0.7458260010629993,2062582.5,2990744.723351598,3.831846318473113,1.616200008392334,1.332885100543499,-10.216715843881447,-1.360542893691104,33.502351317552225,40.91913916102736,71.00300188843772,0
HK.01841,491,0.4749999940395355,0.4650000035762787,2.150535566956493,0.1909722222222222,577000.0,274074.996560812,5.280268028090004,0.3649999985098839,0.26367999993264674,23.37662488458373,106.5217327925119,102.12765755077031,109.2511004540456,130.5825211115456,1
HK.01842,490,0.035999998450279236,0.035999998450279236,0.0,0.7001166861143524,173400.0,6242.3997312784195,1.381594585493528,0.03733999960124493,0.04573000006377697,-5.263158926673246,-18.181821260570512,-29.4117664245861,-33.33333793245704,-41.93548542155686,0
HK.01843,491,0.3149999976158142,0.30000001192092896,4.999995032946466,1.9316269081200301,440500.0,138757.49894976616,6.386916116289873,0.2623399993777275,0.17873500026762484,3.2786853209006517,41.89188898930392,142.30769936149667,183.78377797860784,108.60927949625783,1
HK.01845,490,0.18000000715255737,0.18000000715255737,0.0,0.0,1500.0,270.00001072883606,0.0,0.20351999938488008,0.19224499993026256,-17.431187392906445,-18.181814487315386,0.5586603340340764,34.32836020064524,20.0,0
HK.01846,491,2.380000114440918,2.369999885559082,0.42195060610633267,4.022988505747127,10200.0,24276.001167297363,0.4480423500327924,2.476824154853821,2.756511905193329,-4.799995422363281,-7.986384212854474,-20.25486631780721,-20.25486631780721,-27.013856733739715,1
HK.01847,491,0.42500001192092896,0.4099999964237213,3.6585403970846935,1.7787418655097613,25100.0,10667.500299215317,1.8485095949406511,0.4544999969005585,0.48797499865293503,-5.555550404536735,-6.593406665384184,-18.269225478877487,-16.666662770938174,-41.78082180595864,1
HK.01848,491,3.740000009536743,3.7850000858306885,-1.188905555442523,0.7378177909198171,309273.8,1156684.0149494647,2.3239104518091738,3.580599980354309,3.987637051343918,3.8888919059141984,1.4197749687902044,-18.400308240245536,-16.31246957085665,-18.24269634718594,0
HK.01849,490,0.05000000074505806,0.05000000074505806,0.0,,0.0,0.0,0.0,0.05000000074505806,0.05000000074505806,0.0,0.0,0.0,0.0,0.0,0
HK.01850,491,0.4650000035762787,0.4950000047683716,-6.06060624305064,0.4678319670801045,7017236.5,3263014.9975955933,13.316085808712275,0.4416000020503998,0.898699995726347,13.414636007878572,-72.32142749438883,-47.15909021637164,-25.0,-29.54545680320615,0
HK.01851,491,7.590000152587891,7.800000190734863,-2.692308115535929,0.5008922900093766,807525.0,6129114.873218536,10.57821806965215,5.622500028610229,4.529275013804436,68.85429022972838,-4.648239746054263,94.61538376892814,145.6310797221598,399.34212156775277,0
HK.01853,490,1.25,1.25,0.0,0.0,4125.0,5156.25,0.46000003814697266,1.2475999975204468,1.5443420964479446,-7.407409042651405,-12.58740938113787,-38.18715020206061,-19.408568634674122,-20.415959462365095,0
HK.01854,491,1.0800000429153442,1.065000057220459,1.4084492853487425,0.22962227136360686,1137000.0,1227960.0487947464,3.581984607009218,1.2052999901771546,1.1850249913334847,-22.857138478026023,-13.59999656677246,-8.47456856590309,-20.588232973867658,17.39130688299524,1
HK.01855,491,0.1899999976158142,0.19099999964237213,-0.5235612714294887,3.6488027366020526,304500.0,57854.99927401543,6.474250128690528,0.1938599994778633,0.7097550012171269,-2.0618597877583125,-6.862744525137968,-84.67741966495652,-85.27131757873173,-96.26719072848724,0
HK.01856,491,1.600000023841858,1.600000023841858,0.0,0.9465648854961832,162450.0,259920.00387310982,3.7957426658777895,1.4082999920845032,1.6906749927997589,14.285717934978315,-8.57142720903669,-19.19191876621517,-14.893615537231566,10.344825601747921,0
HK.01857,491,1.3049999475479126,1.3250000476837158,-1.5094414653619204,0.9356849036950726,284365.0,371096.31008446217,1.4666164864412725,1.3312131023406983,1.437675763964653,-1.8984792880785564,-3.341148710312695,-18.971791393720068,-14.236376934809156,-14.791666326133251,0
HK.01858,491,8.319999694824219,8.199999809265137,1.4634132725648943,2.982724247337269,729620.0,6070438.1773376465,3.345837649717124,8.89299991607666,12.106069884300233,-9.614342598772376,-10.05405735325169,-39.74235401192271,-43.85536869821441,-46.45671649632212,2
HK.01860,491,10.069999694824219,10.270000457763672,-1.947427010952675,0.7414846176982569,14020577.8,141187214.16725922,5.902625011944048,10.772700061798096,13.90792501449585,-15.520137329100683,-34.010487917521544,-22.598005244695525,-35.859873776039485,-18.13008505146546,0
HK.01861,491,2.0999999046325684,2.0399999618530273,2.941173720662243,2.471395881006865,49100.0,103109.9953174591,0.9032313472241341,2.4582000207901,2.0679671919345854,-5.405410920322552,1.832997610380169,-0.9957037626191154,9.106771440756877,17.95326523775723,1
HK.01862,490,0.01600000075995922,0.01600000075995922,0.0,,0.0,0.0,0.0,0.01600000075995922,0.01565500063356012,0.0,0.0,0.0,0.0,0.0,0
HK.01865,491,0.3799999952316284,0.4000000059604645,-5.000002607703171,0.5107129396435328,4455754.3,1693186.6127533077,5.860328014446072,0.4516999983787537,0.4017449992895126,-8.433734247587214,1.3333320617675781,-20.83333255723117,52.61044109412345,49.01960875977925,0
HK.01866,491,11.350000381469727,11.470000267028809,-1.0462064757228364,1.4083992481832266,3036467.15,34463903.31082029,4.218570873564808,9.322443180084228,9.659122388362885,20.360551581744147,15.954376011015793,5.997643198072093,29.372677192650244,57.79676311693919,0
HK.01867,490,0.2290000021457672,0.2290000021457672,0.0,0.0,85800.0,19648.200184106827,0.2827035464545598,0.21792000144720078,0.22826999984681606,2.2321406595067477,9.047623474041218,4.566212562277839,-10.196075910607055,11.707319094268163,0
HK.01868,491,0.1770000010728836,0.1770000010728836,0.0,4.464285714285714,24300.0,4301.100026071072,2.2023922851133073,0.20646000176668167,0.31614000268280507,-4.838711357224167,-46.36363816983765,-52.799999713897705,-55.18987436322058,-58.3529420921959,0
HK.01869,491,0.05000000074505806,0.04899999871850014,2.0408205157368053,0.5244002079774196,5923500.0,296175.0044133514,8.169833318936545,0.07299999974668026,0.10163500001654029,4.166667313418449,-50.0,-58.677685110753494,-56.1403502465652,-47.36841960792064,1
HK.01870,491,0.18700000643730164,0.1899999976158142,-1.5789427453460534,0.9490185002118345,906500.0,169515.50583541393,7.418691212848913,0.23074000000953673,0.411409999281168,2.1857967992956877,-61.0416644547755,-62.59999871253967,-64.71697801285751,-10.95237510680053,0
HK.01871,491,0.3050000071525574,0.3050000071525574,0.0,2.7604630454140695,498800.0,152134.00356769562,2.3102026168124152,0.311400004029274,0.3174000003188848,0.0,-19.736839215841286,-14.084502430904152,17.30769936149668,27.083339154099555,0
HK.01872,491,4.230000019073486,4.144999980926514,2.050664379688923,3.4683147311133657,605300.0,2560419.0115451813,7.102957597354756,4.134499998092651,5.817174999713898,3.296709054911033,-30.31301648356094,-43.59999974568685,-39.3113321893346,5.750000476837158,1
HK.01873,491,1.3350000381469727,1.3300000429153442,0.3759394789693757,0.19879048328683568,7061900.0,9427636.769390106,6.9487686699592235,1.3381000065803528,1.7495750027894974,1.5209110308928822,4.296880311449177,-44.834710906644744,-24.147724694272195,-46.16935371453259,1
HK.01875,491,3.799999952316284,3.869999885559082,-1.8087838582115427,0.2858778962205973,890420.0,3383595.9575414658,4.915024765228095,3.5860999917984007,3.6461249870061874,9.510084178247775,5.555557027275219,-10.377354777211321,51.99999809265137,65.2173926564381,0
HK.01876,491,5.849999904632568,5.949999809265137,-1.6806707199696365,2.3914182138839326,12556289.25,73454290.91503894,2.091815476788481,6.388400001525879,7.034012534618378,-10.000001467191257,-18.52367626050212,-20.616165371085554,-20.00316770356033,-26.090915060517865,0
HK.01877,491,17.940000534057617,17.760000228881836,1.0135152187839471,0.5278292649628258,3536510.8,63445005.64070053,5.44198712767193,18.637199840545655,21.630899953842164,-2.1810229836548336,-7.286820773204621,-17.857140985725454,-19.47935376496312,-47.574518135306484,2
HK.01878,491,1.7999999523162842,1.8700000047683716,-3.743318303400646,0.9496080119635655,227622.5,409720.4891461134,8.305105581139896,1.692999997138977,1.9724999970197679,9.090907777308086,-6.73575123133008,-14.285712663819117,-7.692312394843655,-26.229511880964253,0
HK.01879,88,333.20001220703125,339.3999938964844,-1.8267477315701115,0.6267121284234443,132333.05,44093373.875393674,8.163730661092847,323.2479995727539,,10.844978523483254,-44.04701726162364,,-62.392775145933264,,0
HK.01880,491,48.20000076293945,49.34000015258789,-2.3104973370954567,1.6155652065061445,936933.1,45160176.134823225,2.5192225571126237,49.545676193237306,65.91054695129395,-6.949804106455389,-14.670664667531168,-46.95367390156765,-39.54956720380542,-19.499637009544784,0
HK.01882,491,18.0,18.149999618530273,-0.8264441966000433,1.1223469133496549,3313945.5,59651019.0,2.9591590589256804,19.60259998321533,21.20367670059204,-11.067192670202362,-9.228441405682283,-24.271841855534003,-15.902959771351762,-14.520544967321976,0
HK.01883,491,2.4200000762939453,2.430000066757202,-0.41152222998090987,0.6461135968991922,5630233.95,13625166.588552762,1.6088939987792583,2.5687999868392946,2.5457919418811796,-10.701105452799984,-11.029409895615613,-3.8533889159430323,1.9385794463256092,0.016642809345632132,0
HK.01884,490,0.11999999731779099,0.12099999934434891,-0.826447960311188,0.0,437000.0,52439.99882787466,4.565924612680932,0.11394000053405762,0.11233000006526708,-14.285716566504256,11.111105745466787,2.5641014211250326,-0.826447960311188,15.384610424909468,0
HK.01888,491,45.2400016784668,43.79999923706055,3.287676864130671,0.6117972284291635,105786651.15,4785788275.5853815,8.977873096050388,50.30340003967285,32.423479919433596,31.818187880955655,-3.804366385194915,123.9215343448205,239.547692815344,253.56856382573545,1
HK.01889,491,0.19300000369548798,0.1860000044107437,3.763440386423953,1.8258170531312763,29635.0,5719.555109515786,2.1135946547195203,0.16702000081539153,0.33722000002861025,27.814577836268402,-19.583329996094033,-53.49397407801128,-61.399999260902405,-51.749999795109034,1
HK.01890,491,0.8349999785423279,0.8399999737739563,-0.5952375461590091,0.3358561967833491,418400.0,349363.99102211,3.9870757778846264,0.8335319137573243,1.054991163611412,-4.022991498185347,-3.0508952911814013,-29.269977417245375,-30.317827675167987,-38.515727783023024,0
HK.01891,491,0.18799999356269836,0.1589999943971634,18.238993828576096,7.667900581702803,500200.0,94037.59678006172,2.815579192941937,0.16745999991893767,0.15613000012934208,14.634139249893737,-1.0526337253750466,12.574849337656751,36.23188280603558,40.29849916397816,1
HK.01894,491,0.625,0.5450000166893005,14.678895570806324,6.794605283171931,624212.5,390132.8125,7.345842037928716,0.4999000012874603,0.48636891052126885,11.60714238197828,68.91891674197794,25.0,34.392416638843834,-0.165645418263726,2
HK.01895,490,0.2709999978542328,0.2709999978542328,0.0,,0.0,0.0,0.0,0.271476469039917,0.38185623198747637,0.03692011843921189,-13.400883795155554,-38.92483132421523,-39.56102964478579,-48.27055601274331,0
HK.01896,491,4.230000019073486,4.329999923706055,-2.309466660382254,0.48074670376623074,8452350.65,35753443.410715796,4.055916468076333,4.680300006866455,5.74168032169342,-6.725465018762254,-20.81201014390045,-35.26237304541831,-35.35674144366774,-44.49902739833073,0
HK.01897,490,0.44999998807907104,0.44999998807907104,0.0,0.0,46678.1,21005.144443553687,0.4265617421035308,0.4660565483570099,0.4672832174599171,-7.2165000399412556,2.537911947133212,-8.741260474104434,-2.916236794076123,5.591310173329399,0
HK.01898,491,11.6899995803833,11.930000305175781,-2.011741145457952,1.4205207059843752,14652014.45,171282042.77227005,3.142874703420986,10.754928283691406,11.58209044456482,11.973180557868439,-11.41930051915503,-1.8508440023844976,18.750753826386408,26.359757284921166,0
HK.01899,491,1.0750000476837158,1.0700000524520874,0.467289251077145,0.15153533709351436,394547.25,424138.31256347895,2.7150205684221422,1.1152999949455262,1.17039320230484,-4.867252015929315,-8.898296994198246,-17.30768560657815,-1.6569585979550894,3.063496869095159,3
HK.01900,491,0.17499999701976776,0.18299999833106995,-4.3715854558802665,3.530806914143377,94301.65,16502.78846895918,3.7346972405971917,0.19019999980926514,0.25049499809741976,-12.500002793967683,-29.718876126885363,-49.275363007405055,-29.718876126885363,-12.500002793967683,0
HK.01901,491,0.1599999964237213,0.16699999570846558,-4.191616445885584,1.9553138668873389,816900.0,130703.99707853794,6.172436003693913,0.1883399996161461,0.30782999873161315,-21.56862773743102,-39.622639599708684,-58.44155834102776,-62.352943073919434,-64.83516663460462,0
HK.01903,491,2.384999990463257,2.390000104904175,-0.2092098000605922,0.4444444444444444,80300.0,191515.49923419952,2.698987495223478,2.5634000062942506,2.3716999924182893,-6.835935790149922,6.950671303319962,-19.966443785299752,28.225804952710128,65.62499275638027,0
HK.01905,491,1.090000033378601,1.0850000381469727,0.460829037404248,0.30360810180828807,8513684.7,9279916.607174885,4.707242911073619,0.832700002193451,0.772333156466484,40.64516992400292,45.33333778381348,41.2965273913971,50.471627629588575,41.817780811895744,2
HK.01906,491,0.8700000047683716,0.8799999952316284,-1.136362558800321,0.8960500924389027,7463800.0,6493506.035590172,9.063563938776463,0.572700001001358,0.5375499978661538,61.11110559216274,93.33333951455592,52.63158169919878,81.25000504466405,176.19047979468755,0
HK.01907,491,1.8899999856948853,2.0350000858306885,-7.125311745459414,0.7860743017382174,27848939.25,52634494.78411773,4.540980453688666,1.9288000106811523,2.4652771520614625,-1.5624985448084445,-28.889000421701677,-26.111220993896318,-18.817478990150853,-21.76782221264292,0
HK.01908,491,12.460000038146973,12.210000038146973,2.047502041105159,2.321454291976713,7876745.8,98144252.968474,5.3244503187890535,14.634599971771241,14.573454427719117,-16.20712754512236,-23.275860752742666,-11.317924789305309,-14.08564030058453,-28.574982765944302,1
HK.01909,491,1.9199999570846558,1.815000057220459,5.785118267433915,0.2833195608546807,21212.5,40727.99908965826,3.1261792535365958,1.8580999946594239,2.032408324480057,12.941170778241698,-4.000002145767212,-32.15547671922547,25.490195620110374,14.285715299398753,1
HK.01910,491,12.199999809265137,12.25,-0.40816482232541457,4.029022043874859,4313939.55,52630061.687181324,3.7195948039156432,13.516399936676025,15.712906584739684,-14.023959337315286,-12.308513307312339,-35.241855159045535,-35.37137761241277,-21.662271816266614,0
HK.01911,491,3.2300000190734863,3.299999952316284,-2.1212101289172622,0.376424766596025,408850.0,1320585.507798195,4.6666816405327065,3.119200005531311,3.8446499872207642,4.870133087111958,0.0,-30.086577941925363,-28.22222179836697,-62.52900160144268,0
HK.01912,491,2.694999933242798,2.569999933242798,4.863813355912285,1.1737630728043595,715136.2,1927292.011259508,9.216796602783331,1.765899999141693,0.9302499993145465,82.71185692751841,381.24998603016144,356.7796700064464,279.5774668579276,217.05880678236323,2
HK.01913,491,40.0,40.31999969482422,-0.7936500427734288,0.5576694918882918,1239475.7,49579028.0,3.042093139189673,40.8176001739502,39.88073308944702,-12.087912087912088,6.780568546730653,-4.169008575269628,-6.741649780287334,1.4269745825109816,0
HK.01915,490,0.26499998569488525,0.26499998569488525,0.0,,0.0,0.0,0.0,0.26499998569488525,0.26499998569488525,0.0,0.0,0.0,0.0,0.0,0
HK.01916,491,0.5899999737739563,0.5899999737739563,0.0,0.1827336501470921,873375.0,515291.2270948291,2.8508038254160604,0.5867631912231446,0.6246725478768349,-6.349209803242228,-3.1219822135391206,-11.308863435700214,-6.013871716248886,-17.143805165472457,0
HK.01917,491,0.07900000363588333,0.07900000363588333,0.0,2.0547945205479454,78000.0,6162.0002835989,0.6783167252230844,0.08466000035405159,0.10663499984890222,-4.819269105196906,-1.2499932479111833,-20.202016097017093,-33.613443852363304,54.90197081008558,0
HK.01918,491,0.5649999976158142,0.5849999785423279,-3.4188002837792526,0.819045533775226,325208449.75,183742773.33339262,7.694661554684493,0.5825999987125396,1.0040499943494796,-5.833337472544612,-41.75257928339243,-56.870227305735256,-55.85937419964464,-62.828947058840136,0
HK.01919,491,16.790000915527344,17.299999237060547,-2.9479673064994727,1.0186509716456755,23803870.65,399667010.0065944,2.7316221617462366,15.36560001373291,14.30306013584137,10.533254636888337,12.533517625141311,18.99949427760442,24.992284532936115,25.509583498279675,0
HK.01920,491,0.4099999964237213,0.41999998688697815,-2.3809501846360366,0.917203767972236,412900.0,169288.99852335453,5.110724411102946,0.4711999946832657,0.6354499971866607,-6.818182126057051,-37.87879088912335,-69.6296304308992,1.2345667202249964,-18.000000715255737,0
HK.01921,491,3.4600000381469727,3.700000047683716,-6.486486660641765,1.98952674732309,1680676.2,5815139.716112709,8.207443609502615,3.5198000144958494,5.179200004339219,-4.9450566365283315,3.9039074300109,-41.05621625889643,-53.432030712164334,-38.76106230539875,0
HK.01925,491,1.2599999904632568,1.2799999713897705,-1.5624985448084445,2.3321554770318023,24300.0,30617.99976825714,0.7306358985478737,1.2817999958992004,1.2217531472444534,-9.025270820268368,-1.5624985448084445,-1.5624985448084445,12.499998669539185,15.056076203853975,0
HK.01927,491,0.27000001072883606,0.2750000059604645,-1.8181800448205245,1.7184643510054844,273750.0,73912.50293701887,3.1338219136042076,0.24027999818325044,0.1795200001075864,5.882359128509954,12.500006984919466,100.0,98.52940886439352,32.352948910637444,0
HK.01928,491,13.960000038146973,13.779999732971191,1.3062431688231264,1.9407038348319157,12362489.7,172580356.68359154,2.6027954303160294,13.916399955749512,16.49055136680603,-3.190014117289772,-12.201255515266647,-23.10397550946478,-27.837814388245913,-27.672672285403117,1
HK.01929,491,12.569999694824219,12.770000457763672,-1.5661766309323841,1.487385627025482,17412623.2,218876668.3100891,3.3647625324063695,11.99585485458374,12.073976316452026,5.986509769814695,12.51209898155577,-8.475428368270334,4.662419111662968,-8.957572982932186,0
HK.01930,491,0.3199999928474426,0.30000001192092896,6.666660043928621,0.4118404118404118,158600.0,50751.9988656044,4.754002040639622,0.36620000302791594,0.3718511384725571,-12.328771373571856,-14.148760166703392,-16.350076066504748,-15.26371238923038,-16.350076066504748,1
HK.01931,491,0.574999988079071,0.5849999785423279,-1.7094001418896263,4.599439775910364,189500.0,108962.49774098396,3.636556092500328,0.6126999914646148,1.74917500436306,-1.7094001418896263,-22.29729990962647,-54.00000095367432,-77.00000047683716,-92.62820546130143,0
HK.01932,490,0.13600000739097595,0.13600000739097595,0.0,0.0,44200.0,6011.200326681137,0.40334528672401665,0.16210000216960907,0.2025599992275238,4.615394138020521,-41.88033807041677,-53.10344437781741,-5.5555463573075095,-11.111104618230296,0
HK.01933,491,0.21199999749660492,0.21899999678134918,-3.1963467523394997,0.9894736842105263,384000.0,81407.99903869629,5.727413076795825,0.22323999911546707,0.19449499927461147,-21.481485528710287,3.4146338272208165,78.15125429582311,64.34109198718315,16.48351747320841,0
HK.01935,490,0.7699999809265137,0.7599999904632568,1.31578823536055,0.0,24700.0,19018.999528884888,0.46851543566178666,0.7599000012874604,0.9425250008702278,2.6666641235351562,-25.24271822186956,-43.38235493916952,-15.384619919203612,-10.465119986227169,1
HK.01936,491,0.8949999809265137,0.9300000071525574,-3.7634436512754013,0.46511627906976744,22000.0,19689.9995803833,0.5104203515955029,0.8511000001430511,0.7690749990940094,6.547620103540367,13.291133748971347,22.602733909849036,27.857142309753254,54.310345979281216,0
HK.01937,491,0.15000000596046448,0.15000000596046448,0.0,0.34285714285714286,89000.0,13350.000530481339,2.232613093566472,0.14850000128149987,0.177005000077188,-3.225803350434739,-23.076917198752763,-25.74257389223702,-13.793097542147592,-44.44444444444444,0
HK.01938,491,0.23499999940395355,0.25,-6.000000238418579,1.290035587188612,114050.0,26801.749932020903,3.9349376591622214,0.23513999968767166,0.2998350012302399,7.305937377971225,-17.5438588235737,-40.50633088076574,-16.071429141626066,-41.25000102445482,0
HK.01939,491,0.5299999713897705,0.5149999856948853,2.9126186624346984,1.119662504988313,1821200.0,965235.94789505,8.147021959679153,0.4267999982833862,1.2152750007808208,43.243233664702935,-23.188409678101227,-32.05128322691612,-46.46464987027862,-93.90804617230746,3
HK.01940,491,1.2999999523162842,1.2999999523162842,0.0,0.6837606837606838,278300.0,361789.9867296219,4.113040664659319,1.0974000012874603,1.1593000066280366,18.18181128541315,9.243688219037342,-17.721524240114363,44.44444297272478,154.90195620110373,0
HK.01941,491,0.6100000143051147,0.625,-2.3999977111816406,0.7165437302423604,95100.0,58011.00136041641,3.97867140037875,0.525899993777275,0.3531199979782105,10.909091106131052,38.63636763874167,121.8181822122621,171.111124650932,158.47458076593483,0
HK.01942,491,0.07599999755620956,0.07900000363588333,-3.7974758754455378,2.075620561995509,2968900.0,225636.39274463058,4.768531983767474,0.07640167981386185,0.20288035422563552,4.109587223540079,-28.30188825127069,-72.36363785128945,-76.25000023283064,-85.09803941620171,0
HK.01943,491,1.225000023841858,1.159999966621399,5.603453369897701,0.20469700906177912,6125850.0,7504166.396051645,10.464184335041555,0.9217999970912933,0.7248999999463558,33.15217408909689,82.83581989967738,67.80821805958635,155.20834400473805,57.05129086853752,1
HK.01945,490,1.4800000190734863,1.4500000476837158,2.0689634760835753,0.4092769440654843,44780.0,66274.40085411072,4.441840342700062,1.5030000019073486,1.5757000017166138,-2.950816904143301,-2.6315764707211,-19.565217813832543,-4.516124864274451,14.728687041783504,1
HK.01947,490,0.5400000214576721,0.550000011920929,-1.8181800448205245,3.076923076923077,13250.0,7155.000284314156,0.09259250061011975,0.5210000002384185,0.42905000030994417,0.0,-3.571425150243618,47.945207492744565,42.1052705878367,28.57143769458877,0
HK.01948,491,4.045000076293945,4.050000190734863,-0.12345961001080125,0.03003003003003003,32450.0,131260.25247573853,2.0979670736458216,3.9645000505447388,4.309686578512192,3.452685102296507,2.3765462418921035,-23.025152223723573,-2.498528509334268,-40.993346624179175,0
HK.01949,491,0.6000000238418579,0.6600000262260437,-9.090909090909092,0.002644907891082693,1511940.0,907164.0360474586,5.1032065332547285,0.5810000020265579,0.6868750004470349,9.090911061310528,3.448282949422888,-19.99999682108561,-19.99999682108561,-58.62068937167827,0
HK.01950,491,0.10499999672174454,0.10499999672174454,0.0,1.5694164989939638,106600.0,11192.999650537968,3.2688218879171007,0.10704000025987626,0.1365700002759695,-2.7777833350522556,-12.500000776102164,-10.256412052517806,-43.243245746725364,-65.00000248352677,0
HK.01951,491,2.1700000762939453,2.2300000190734863,-2.690580370688499,0.8817892797638403,16792504.25,36439735.5036664,3.796132427016336,2.1538198518753053,2.2983044850826264,-0.45871514481795594,-5.657782094855306,-13.057175621994862,-7.623260128654567,-31.14776718400931,0
HK.01952,491,32.220001220703125,33.220001220703125,-3.0102346877000934,0.6205883560748984,17523446.05,564605453.1219254,10.739468307813404,27.95120018005371,35.37700006484985,24.209716874910065,6.126484100653726,-20.951907390826513,-14.986807589697218,-53.74012847834386,0
HK.01953,491,1.125,1.1200000047683716,0.44642814378045226,2.0889748549323017,1101500.0,1239187.5,5.429161055882912,1.151700006723404,0.6916600949317216,-6.25000372529015,-13.461535287326493,181.63909744143763,638.4439867568597,485.2969112964071,2
HK.01955,490,0.5899999737739563,0.6000000238418579,-1.666674945089223,0.05905511811023622,91100.0,53748.99761080742,4.063230477931862,0.561599999666214,0.5530250009894371,7.272720179282098,-7.812502037268178,13.461537579812916,-3.278695092153664,-4.994203801592068,0
HK.01956,48,74.0999984741211,82.9000015258789,-10.61520252084762,1.1125949562210444,138087.25,10232265.014295578,9.783097282193593,,,-3.4527707177575326,,,-33.661593107781016,,0
HK.01957,491,0.2750000059604645,0.2800000011920929,-1.785712575121809,0.855647891658972,396125.0,108934.37736108899,3.589663622164167,0.27177999913692474,0.23390999913215638,5.769236941309597,14.583338377997393,18.53448873857556,22.222228109100875,23.318385620259484,0
HK.01958,491,0.7300000190734863,0.7649999856948853,-4.575159121030156,1.4612708010134434,5933013.1,4331099.676163244,4.651433828275453,0.8245000004768371,1.4420749995112419,-15.606935141602719,-39.16666749450892,-59.21787516029987,-62.94416200651137,-67.26457341570855,0
HK.01959,491,4.34499979019165,4.394999980926514,-1.1376607725109182,0.45226942335648523,392915.0,1707215.5925631523,7.033292054516157,3.0251999926567077,3.1778499990701676,14.947085266621038,48.29350481894388,48.8013587899049,30.48047716938001,2174.869004359799,0
HK.01960,490,0.35499998927116394,0.36500000953674316,-2.7397315080268676,1.431095406360424,281000.0,99754.99698519707,5.24767133475247,0.3276999992132187,0.3648499994724989,9.230769936149668,-11.250004004687012,-42.74193765469568,31.481472283234197,36.53846242018709,0
HK.01961,490,0.0989999994635582,0.0989999994635582,0.0,,0.0,0.0,0.0,0.0989999994635582,0.2066299982368946,0.0,0.0,-66.44067665620352,-63.33333498901784,-68.06451654769131,0
HK.01962,491,0.4950000047683716,0.4950000047683716,0.0,1.0314523589269196,454700.0,225076.50216817856,1.738579680343056,0.47030000269412997,0.44998781695961954,3.1250032984341924,10.00000397364309,11.886397755784168,13.089479922813336,10.804840992732533,0
HK.01963,491,8.484999656677246,8.5,-0.17647462732651656,0.7573917605805276,1587389.75,13469001.48376298,2.1070133447866386,7.873776197433472,7.739208743572235,3.601954718050657,8.588549877603706,12.016217558933311,11.87496443852478,18.414980618012912,0
HK.01965,490,0.14000000059604645,0.14000000059604645,0.0,0.0,123050.0,17227.000073343515,2.167677660278491,0.136599999666214,0.14003500111401082,2.1897855472652887,6.870231699411495,-9.677419664956526,0.0,-14.11043040129375,0
HK.01966,491,0.041999999433755875,0.04100000113248825,2.439020179624407,0.030015007503751877,160200.0,6728.399909287691,2.1587360740403403,0.047760000228881834,0.06667500032112002,-6.666671633720201,-29.999999379118268,-47.499999534338706,-46.153847990774274,-58.823529196926735,1
HK.01967,491,0.2800000011920929,0.27000001072883606,3.70370002440479,0.2567629527739569,49280.0,13798.400058746338,3.31811999442028,0.2922999984025955,0.3713749974966049,-6.666669978035689,-27.272725161582777,-31.707316186724487,-31.707316186724487,-43.43434373841774,1
HK.01968,490,0.1679999977350235,0.16699999570846558,0.598803624105261,0.0,131800.0,22142.399701476097,4.683939963894847,0.17078000009059907,0.17231999956071375,5.660379657233919,1.818176399577963,-8.196721711936613,0.598803624105261,30.23256324359253,1
HK.01969,491,1.0,1.0,0.0,0.8052980132450331,172650.0,172650.0,4.73542342648771,1.027900003194809,2.1464250102639197,-18.03278880745961,-9.9099110709451,-66.99669935833927,-72.22222148636239,-77.77777777777779,0
HK.01970,490,8.670000076293945,8.460000038146973,2.482269943263142,0.6186204763377668,27573.85,239065.2816037178,2.6837791220403133,8.360300006866455,8.121625010967255,2.8469722708172505,1.4035074021298726,3.0915604470770846,6.380374013532113,4.45782984405357,1
HK.01971,490,0.3199999928474426,0.32499998807907104,-1.5384601277006635,0.0,26350.0,8431.999811530113,3.163893072637151,0.32420000314712527,0.3596000008285046,-1.5384601277006635,-5.882356034843122,-15.789474509759632,-16.8831166820555,-16.8831166820555,0
HK.01972,491,24.0,23.689998626708984,1.3085748892425368,0.6009706083101586,2460924.45,59062186.800000004,2.6012335826027204,22.602481689453125,22.484051208496094,1.561842053967223,7.853278743746943,-3.113092136143728,19.231334854491838,22.635352053540068,2
HK.01973,490,1.8200000524520874,1.9700000286102295,-7.61421187714206,0.0039753528125621145,301920.0,549494.4158363342,0.4415583410277513,2.1598000144958496,2.5598499995470045,-8.99999737739563,-10.784309486020957,-31.320755209265826,-48.73239220004542,-48.29545277517195,0
HK.01975,491,0.4350000023841858,0.4449999928474426,-2.2471889042670363,1.8407960199004976,68600.0,29841.000163555145,1.2505383878574545,0.40600000143051146,0.3910582706332207,8.749998975545182,6.097562482568367,-0.17847427982307815,23.067621190744813,24.932621430356647,0
HK.01977,491,0.9950000047683716,1.0,-0.4999995231628418,0.8724100327153762,143125.0,142409.37568247318,0.6554220490829338,0.9430999994277954,0.9507750526070595,6.98924700171014,-0.4999995231628418,0.4327311940676011,12.572948768957914,22.744423705992144,0
HK.01978,491,0.23499999940395355,0.23600000143051147,-0.42372966970187326,1.2967032967032968,193800.0,45542.9998844862,3.2804008722289,0.2641999986767769,0.3181250012665987,-11.320750154859622,-20.33897971189134,-29.850748193957067,-34.72222498169641,-41.25000102445482,0
HK.01979,491,1.6699999570846558,1.7100000381469727,-2.3391859748531147,0.7301033418333109,742500.0,1239974.968135357,2.984378556666928,1.8189999890327453,2.2452752739191055,0.0,-38.85204805629131,-37.51791306513518,-20.817629941785114,-17.400778458810986,0
HK.01980,491,0.625,0.6299999952316284,-0.7936500427734288,2.917964693665628,99450.0,62156.25,4.4257961643839066,0.5881999969482422,0.6583276921510697,4.166662527455388,-0.7936500427734288,-18.3745276613619,-5.17040235945346,-3.733589878263261,0
HK.01981,491,0.6949999928474426,0.675000011920929,2.9629600849335267,1.7632605867899986,351300.0,244153.4974873066,4.493698479685757,0.6600000011920929,0.7966894885897636,1.4598526172921515,0.18110528610236235,-17.241696251513545,-19.855113016782006,-59.501256346334245,1
HK.01982,491,0.800000011920929,0.800000011920929,0.0,1.384297286651473,397706.75,318165.4047410339,1.6862424126509505,0.7896000051498413,0.9591029819846153,0.0,-10.11235676635287,-30.43478012986349,-23.80951921415416,-1.8867923149055943,0
HK.01983,491,2.0799999237060547,2.0899999141693115,-0.47846846286744554,13.636363636363637,7400.0,15391.999435424805,0.19219249961063237,2.2271011066436768,2.079596222639084,-6.72646161813726,-8.395696814779411,11.299226149606314,2.5799272311333357,-8.017169829145185,0
HK.01985,491,3.015000104904175,2.9700000286102295,1.5151540693756314,0.1461187214611872,144300.0,435064.5151376724,4.867731860629809,3.144100012779236,1.8639250016212463,-9.99999430642183,92.03821682650455,115.35715401780868,141.20000839233398,87.47502627554921,2
HK.01986,491,0.9850000143051147,0.9850000143051147,0.0,0.6609187279151943,884750.0,871478.7626564503,4.658705611918703,0.8946000027656555,0.8652583450078964,1.5463902322123155,-15.086203219986876,23.769632833398294,23.769632833398294,27.862004378342387,0
HK.01987,491,0.22699999809265137,0.23100000619888306,-1.7316051943253283,0.47085201793721976,346200.0,78587.3993396759,2.397497716468447,0.22601999908685685,0.20422846801578998,-9.200000762939453,4.128441997433719,1.121357083029811,22.57133353598672,56.57499445748575,0
HK.01988,491,3.575000047683716,3.575000047683716,0.0,0.992040963293024,24774312.95,88568169.97758129,2.1291295592120396,3.419400010108948,3.6938349390029908,2.582500869355577,7.032753957684528,-12.731087795640416,-8.334668050370876,-16.49794890163326,0
HK.01989,112,116.0,121.9000015258789,-4.840034004943272,0.7816142614977823,1341993.6,155671257.60000002,7.948869442139708,133.12014572143553,,-0.8547008547008548,-29.47506618169296,,21.361655186506212,,0
HK.01991,491,0.75,0.7799999713897705,-3.8461503192516595,1.085369044386825,263525.0,197643.75,5.204713639571495,0.7570999979972839,0.7486499956250191,-2.5974001846660313,19.047619948671883,-5.063293717874323,-10.714282926653432,-51.61290173724088,0
HK.01993,491,0.5600000023841858,0.5699999928474426,-1.754384313814067,0.15984015984015984,7625.0,4270.000018179417,8.243587289151028,0.5197999954223633,0.5918249982595444,19.14893697969187,-23.28767291062047,-3.4482726727597,7.6923121009354265,-11.111110059882801,0
HK.01995,491,1.8200000524520874,1.8300000429153442,-0.546447553483442,1.0545603142589737,1104726.2,2010601.741945195,1.8274825274361024,1.7399000000953675,1.7397894722223282,2.2471956014182424,1.111116703645831,4.7094564009711535,12.057489103265846,-3.1117238665786666,0
HK.01996,491,0.02800000086426735,0.028999999165534973,-3.448270103593903,0.12805409004763613,982400.0,27507.200849056244,10.849974193435177,0.021919999923557042,0.028485000156797467,74.99999708961708,7.692308794464562,-9.67741509071863,-17.647060757070985,-40.42552803613944,0
HK.01997,491,31.719999313354492,31.280000686645508,1.406645195173652,0.6297516548995847,7007949.65,222292158.08602285,4.535309608115671,26.56631969451904,24.467107458114626,23.76154105245736,34.355120401966275,17.07922982515783,33.128916568196686,48.12282825778144,2
HK.01999,491,3.0799999237060547,3.1050000190734863,-0.8051560455349537,0.5235770867193748,6143467.0,18921877.891290665,2.6247231449833124,3.101700611114502,3.999542853832245,-1.123598257577329,-13.363790628905845,-35.419848152516956,-31.661954551461047,-32.21871918783703,0
HK.02000,491,0.25,0.25,0.0,4.19451871657754,144780.0,36195.0,1.3747353449879447,0.2637999975681305,0.3036999985575676,-1.960782480441495,-20.634920034218744,-19.35483932991305,-29.577462660417304,-16.66666997803569,0
HK.02001,491,0.5299999713897705,0.5350000262260437,-0.934589643208842,0.7208954638541365,1195243.3,633478.914803815,3.744821100713095,0.5684999918937683,0.7808249977231025,-7.017547712211622,-20.895528628688425,-41.111112730002745,-45.360829303363055,-53.913045010629844,0
HK.02002,491,1.0800000429153442,1.0499999523162842,2.857151615376773,3.115124153498871,75600.0,81648.00324440002,2.608595618955341,0.9364999973773956,1.186774991452694,8.542717360766245,-1.8181800448205245,-17.557245031338393,-24.475518704229987,-43.15789176486532,4
HK.02003,490,0.9100000262260437,0.9100000262260437,0.0,0.0477516912057302,50260.0,45736.60131812096,3.860132695241965,0.9047999966144562,1.6460500022768974,3.409094449656088,-14.95327274605047,-54.04040315858857,-65.53030340659497,-70.93228565225044,0
HK.02005,491,2.7300000190734863,2.7300000190734863,0.0,1.0999913751203914,4467006.5,12194927.830201387,2.584699904207265,2.416900010108948,2.5947736716270446,12.809914587039332,16.170218292001696,-4.30952887540788,-3.3057820532113125,-6.922552120712723,0
HK.02007,491,0.1850000023841858,0.18700000643730164,-1.0695208472019047,0.4250249229333695,441948916.4,81760550.58768833,5.908276148227419,0.18139999985694885,0.2985949993133545,5.714288876981205,-21.61016895643633,-43.07692025540133,-53.164557630560004,-61.45833197515454,0
HK.02008,491,1.2200000286102295,1.2450000047683716,-2.008030205814598,0.028026905829596414,34880.0,42553.600997924805,1.4437676892820832,1.322999997138977,1.6347999954223633,-10.294116486933829,-22.292994404376877,-34.40860111681158,-32.96703332692092,-20.77921695905455,0
HK.02009,491,0.5899999737739563,0.6100000143051147,-3.278695092153664,0.7748140876666847,10869577.55,6413050.469433985,2.3413258966343777,0.582799996137619,0.6796559044718742,-0.840345310226634,-10.722017825008406,-24.37629424201968,-13.134930333272635,-24.37629424201968,0
HK.02011,490,1.2100000381469727,1.350000023841858,-10.370369127584931,2.684563758389262,16900.0,20449.000644683838,0.5371900460049323,1.3422000098228455,1.4133000087738037,-10.370369127584931,-10.370369127584931,-18.24324171938456,-18.791944268297385,-3.968250213867144,0
HK.02012,491,0.18400000035762787,0.1940000057220459,-5.154641788385083,0.7688344255550141,2012808.6,370356.7831198365,10.114547123777614,0.19463999986648559,0.33479999989271164,-12.38094947505691,-38.66666898462498,-51.578946666704304,-57.70114957490927,-68.27586109445434,0
HK.02013,491,0.9850000143051147,1.0199999809265137,-3.4313693407726165,0.8522606225488076,34276617.2,33762468.43233094,4.6471747121009255,1.1515999948978424,1.623250000178814,-22.745095472618093,-27.573529121733458,-52.184463996826025,-48.42931772153471,-59.46502110102482,0
HK.02015,491,45.86000061035156,47.060001373291016,-2.5499377983879863,2.1490695990833486,8591190.05,393991980.9366463,2.981663379551507,48.71779991149902,62.730800018310546,-9.457059765496671,-21.67378102829515,-37.04872811130852,-32.608378319290985,-50.287262211001014,0
HK.02016,491,2.4149999618530273,2.4100000858306885,0.20746372797806312,1.0834254137984476,5257550.6,12696984.49844036,1.5659552494986417,2.280000023841858,2.361136999130249,4.772229583948731,4.679047963427186,-4.660348555025862,1.369034442424696,-9.376793252191625,6
HK.02017,491,0.5799999833106995,0.42500001192092896,36.47058048050318,1.7403946002076842,2034500.0,1180009.966045618,15.173162625505714,0.3474399998784065,0.25322999894618986,54.66666221618652,141.66666511446232,191.4572766488172,152.1739012126889,118.86793004528604,1
HK.02018,491,43.2599983215332,44.040000915527344,-1.771123019480075,0.6441964324338197,6018747.0,260370985.117733,4.692544162573087,40.82720024108887,38.9990189743042,3.1473527373546286,-6.363641542977312,13.161290889110038,8.058371831516837,-3.8528227018373635,0
HK.02020,491,76.4000015258789,78.3499984741211,-2.4888283168075223,1.207365455055966,6966137.25,532212896.5294819,2.6932929952598395,74.46400009155273,77.91326847076417,1.1250806615305846,0.0,-9.957184730587327,-5.394574843891003,-23.306012266104574,0
HK.02022,490,0.04600000008940697,0.04899999871850014,-6.122446341943493,0.670926517571885,93000.0,4278.000008314848,0.7814402581202698,0.05006000034511089,0.05267500007525086,-14.814816858869795,-14.814816858869795,-13.207545976233071,-9.803919706698395,-26.984128016583337,0
HK.02023,491,0.7900000214576721,0.7749999761581421,1.9354897756111937,0.10526315789473684,38200.0,30178.000819683075,3.1672280927762126,0.7611999988555909,0.7614999973773956,8.219178194041364,9.722220842485129,2.597407925529181,0.0,0.0,3
HK.02025,491,12.0,12.65999984741211,-5.213268999738756,1.0201715743102249,427600.0,5131200.0,2.430683139800174,12.234199962615968,12.54971300125122,6.666666666666667,28.5183405728181,-43.257943086728154,4.602752826530296,172.77361853330098,0
HK.02026,202,52.79999923706055,56.45000076293945,-6.465901641360482,0.6552141435944554,1685470.85,88992859.5940878,4.754415971501087,57.73700004577637,87.07749992370606,-14.424637626949197,-34.082396700520164,-52.17391439556849,-54.52196388372067,,0
HK.02028,491,1.9800000190734863,1.9199999570846558,3.1250032984341924,2.1908495734237983,14159655.0,28036117.170073986,15.480487006799908,1.727699999809265,0.5757350004091859,35.616436119172704,125.00000338662755,1522.9508170691333,2539.9999205271433,1355.882287845277,1
HK.02030,491,1.2799999713897705,1.2799999713897705,0.0,1.2171507607192253,36700.0,46975.99895000458,1.289020999182516,1.278180730342865,1.3524917078018188,1.0886495149967275,-1.2263571579172405,-10.75231118992951,-12.549244619243222,-11.958356291981529,0
HK.02031,490,0.4650000035762787,0.4650000035762787,0.0,0.0,51000.0,23715.000182390213,0.8436475859156449,0.4264999997615814,0.3656999996304512,12.048195885857533,38.80596775922571,40.90908639358769,52.45901399067549,25.947999628036012,0
HK.02033,490,0.2199999988079071,0.2199999988079071,0.0,0.0,44100.0,9701.999947428703,0.7939977338312479,0.2393199959397316,0.29620538286864756,-8.333331781129008,-24.137929262644278,-36.23188418316455,-33.333336343668805,-35.14739390386952,0
HK.02038,491,16.209999084472656,16.5,-1.7575813062263257,0.6640052959126294,688800.25,11165451.421884537,4.358217308536137,18.181599769592285,20.85018271446228,-11.517470772380426,-45.74971188717697,-23.533415623886285,-15.274231216083356,12.987155861092681,0
HK.02039,491,7.554999828338623,7.71999979019165,-2.137305263436169,1.1935134524251583,3802324.25,28726559.056037784,5.341078885063995,7.597751350402832,8.912697169780731,-1.8831166820555028,-24.48553451277866,-25.712820572450756,-16.804723505631337,-5.469116278481457,0
HK.02048,491,0.07500000298023224,0.10899999737739563,-31.192656160755373,3.974985932689368,51496925.0,3862269.528472796,31.0896014956585,0.025159999877214432,0.05336500007659197,341.1764641430967,50.00000372529024,10.294116035774179,7.1428609441737585,-31.818178739429488,0
HK.02050,296,24.899999618530273,25.15999984741211,-1.0333872434763902,0.5747936267217347,7171851.0,178579087.16415596,3.5448349395126844,26.461199684143068,31.35496190071106,-7.777779190628617,-18.034065150342478,-34.32463207062699,-37.113050607660924,-15.166936267904852,0
HK.02051,491,0.38999998569488525,0.375,3.9999961853027344,1.08930288022779,2047925.0,798690.7207041979,7.604144282684371,0.3744999998807907,0.5323000010848046,14.705876939024536,-25.0,-36.06557761491922,-25.0,-27.77778329672615,2
HK.02057,491,163.5,164.89999389648438,-0.8489957236524934,0.6606767003033732,1576984.25,257836924.875,2.2509115328434337,180.70199981689453,178.65953231811523,-14.308177471230024,-5.926353780724884,-16.027751633382522,-1.7217326766000902,11.070171097721126,0
HK.02068,491,1.8049999475479126,1.8300000429153442,-1.3661253978772798,0.8385785795707984,986050.0,1779820.1982796192,2.425977579045134,1.8288999962806702,2.3626249927282332,-5.000001568543303,-20.83333464045275,-30.842911107410497,-30.576922547887747,-26.024594048407963,0
HK.02076,491,68.5,68.30000305175781,0.29282128741726354,0.2653449018750833,75384.75,5163855.375,3.1920735655905736,60.19640007019043,64.12385021209717,5.222736721308055,28.037383177570092,0.5873737662871051,-13.727961355676122,-25.837015147089726,1
HK.02078,491,0.12200000137090683,0.12099999934434891,0.826447960311188,5.531914893617022,14850.0,1811.7000203579664,4.118410969881625,0.1254600006341934,0.1305300000309944,-6.153841657045865,-6.153841657045865,-18.66666898462498,-6.153841657045865,-25.153374541595035,1
HK.02080,491,0.3400000035762787,0.3199999928474426,6.250003492459733,2.5376344086021505,100100.0,34034.0003579855,4.1665425062292,0.2957999962568283,0.3206749980151653,-5.555558315029741,1.4925358528601556,4.615389553047677,-5.555558315029741,21.428572188834753,1
HK.02086,491,0.5350000262260437,0.5899999737739563,-9.3220254224934,1.7068645640074211,25050.0,13401.750656962395,2.486972286167367,0.49999999880790713,0.4794249972701073,-4.464281437804522,4.901967888289207,12.63158588198092,15.053768196000068,-9.3220254224934,0
HK.02088,490,0.03799999877810478,0.03799999877810478,0.0,,0.0,0.0,0.0,0.03799999877810478,0.03799999877810478,0.0,0.0,0.0,0.0,0.0,0
HK.02096,491,11.829999923706055,10.989999771118164,7.643313649518173,2.4469069099352807,6441033.5,76197425.81358814,3.7180882831124507,11.932000045776368,11.83625274181366,-2.3121365888462626,19.737105773526174,-7.4216543693123,2.385377590141676,-14.315783293356613,1
HK.02097,371,208.39999389648438,209.1999969482422,-0.3824106421740245,0.347512714168047,541238.2,112794037.57654418,4.699100897860334,224.2960009765625,318.09400009155274,-7.705938405716059,-27.437331114645993,-46.03832539892131,-48.77089475171159,-56.34687964791383,0
HK.02098,491,0.06700000166893005,0.07199999690055847,-6.944438120648913,0.06702264776284293,1353000.0,90651.00225806236,8.88916067459111,0.07002000026404857,0.09357000021263957,-5.633803555899658,-25.55555665934523,-39.09090724365769,-33.66336699397336,-52.81690177794983,0
HK.02099,491,254.8000030517578,255.1999969482422,-0.15673742212681094,1.3081296622116856,3415477.95,870263792.0832115,6.476902971527047,184.66399963378908,172.2224433898926,24.050638083353405,69.75349279868544,26.353205245634598,57.90245446772586,201.1033224271723,0
HK.02100,491,0.29499998688697815,0.30000001192092896,-1.666674945089223,1.9220665499124343,485300.0,143163.4936362505,3.247444162592146,0.3490337669849396,0.4157648710906506,-16.9014096331015,-40.29595808044634,-27.50223512431114,-28.355155746388625,-52.423341146976114,0
HK.02101,491,1.0,0.9599999785423279,4.166668994973155,0.3142451490771415,261325.0,261325.0,6.208513973096704,0.9347049081325531,0.9183654591441155,-4.7619004368509765,8.825281337006158,8.825281337006158,0.45411838021451173,2.9713514765246205,1
HK.02102,491,0.30000001192092896,0.3050000071525574,-1.6393426604503258,0.273972602739726,61000.0,18300.000727176666,1.7033120455211233,0.2868000036478043,0.28100972339510916,5.263163398397555,1.6949238156632322,3.120042197313005,16.487457063582408,57.85683672859723,0
HK.02105,491,6.545000076293945,6.675000190734863,-1.9475672018910613,1.178979450243649,2233802.3,14620236.223925589,7.763553576656028,6.674000005722046,12.063199980258942,-0.7581457996718464,-37.00673859457415,-53.74558125271696,-51.83958791164835,-61.92553884261556,0
HK.02107,491,0.375,0.38999998569488525,-3.8461503192516595,0.043791054113231156,632250.0,237093.75,5.402601859474602,0.3558000001311302,0.2447700000554323,-11.764708357286219,108.33332505491077,66.66667108182565,61.63793568555877,27.118649718337736,0
HK.02108,491,0.3799999952316284,0.38999998569488525,-2.5641002128344392,0.8358662613981763,132800.0,50463.999366760254,2.8507945338686245,0.4227689105272293,0.3741939633339644,-15.555554378179826,-20.67321250717869,20.192093424685737,39.169797910098296,72.44953382967282,0
HK.02110,491,0.06400000303983688,0.05700000002980232,12.280707028727413,0.9644087256027555,448500.0,28704.001363366842,5.904765319824292,0.08206000074744224,0.1009100005030632,-16.88311248489927,-31.18279406219184,-32.631574902177796,-37.86407479051933,-51.51514894952457,1
HK.02111,491,2.5799999237060547,2.625,-1.714288620721726,0.1005101847430282,1397092.15,3604497.640410328,2.669668810164593,2.397900013923645,2.7685124683380127,9.787235251375371,3.636692392029709,-19.597495013342087,-17.153644245341123,-13.44314011562987,0
HK.02112,491,0.03500000014901161,0.032999999821186066,6.0606070868568365,0.012786555849849302,1090000.0,38150.00016242266,7.38600499858098,0.03741999998688698,0.058990000002086165,-7.89473348831195,-51.38888658932687,-43.54838593383236,-35.18518659047298,-38.59649099875098,1
HK.02113,491,0.33500000834465027,0.24699999392032623,35.62753708111824,0.8713454493211694,36318750.0,12166781.553067267,21.101246362468945,0.17495999932289125,0.10231999970972538,76.31579607807707,159.68994262821613,423.4374881765694,423.4374881765694,131.03449516149007,3
HK.02116,491,0.7200000286102295,0.7099999785423279,1.4084577986089954,0.08333333333333333,44600.0,32112.001276016235,0.9822663358090251,0.6948999989032746,0.6524999998509884,2.857148695965302,4.347830593924006,0.0,41.17647883801327,67.44186433345443,1
HK.02119,491,0.44999998807907104,0.46000000834465027,-2.1739174096029172,0.8389600623937705,127830.8,57523.85847613811,1.4676150785865938,0.45029118478298186,0.47808381289243695,2.7766274577710037,-3.5806863216255076,-7.555967248001978,-12.598376428601362,-15.904524488197836,0
HK.02120,491,10.180000305175781,10.100000381469727,0.7920784226189633,43.946188340807176,24955.0,254041.90761566162,0.7509941285691349,8.006275186538696,8.807298810482026,25.369463653322,18.81127551917653,17.376666303799222,7.467479383407015,5.133501127960064,3
HK.02121,491,3.944999933242798,3.9649999141693115,-0.504413149040478,1.948788523400899,1017742.7,4014994.8835583446,4.881453263404478,3.895400004386902,4.824250000715256,0.25412936743763215,-12.333334816826715,-27.348065230974044,-29.174150598524783,-40.31770266931416,0
HK.02122,491,0.08900000154972076,0.09300000220537186,-4.30107587182406,0.021721422753190334,1101000.0,97989.00170624256,6.883485739188611,0.13018000036478042,0.1943849989771843,-31.53845783521424,-34.07407554579364,-63.524589938675,-69.31034341011542,4.705883074796728,0
HK.02125,491,0.3100000023841858,0.2800000011920929,10.714286094417377,1.4973262032085561,9800.0,3038.0000233650208,2.2074534509934995,0.2976999992132187,0.3832000006735325,1.6393426604503258,-7.462688160516194,-23.45678976006923,-34.73684078438459,-56.3380265136579,1
HK.02126,491,1.9700000286102295,2.0299999713897705,-2.955662247544964,1.092513168154709,1249915.25,2462333.078260362,7.232817079683726,1.7872999954223632,2.263624998927116,19.75684203355832,1.0256400224333537,-14.718611367591711,-21.19999885559082,-65.7391299372134,0
HK.02127,490,0.019999999552965164,0.019999999552965164,0.0,,0.0,0.0,0.0,0.019999999552965164,0.019999999552965164,0.0,0.0,0.0,0.0,0.0,0
HK.02128,491,3.255000114440918,3.369999885559082,-3.4124562321486738,3.5027227690379132,7572318.4,24647897.25858307,3.8608742261753632,3.907300009727478,4.60014084815979,-21.471649471193917,-25.219289837242957,-48.254928597467,-26.50861131578528,-29.545450323165557,0
HK.02129,491,0.22200000286102295,0.22499999403953552,-1.3333294479934228,1.3284132841328413,481250.0,106837.5013768673,3.906722332583622,0.2109199994802475,0.1714300001040101,-4.721026913863932,-14.615380383101991,32.14286062739743,46.05263815754194,76.19047562731818,0
HK.02130,491,3.0899999141693115,3.0999999046325684,-0.3225803474481751,5.428571428571429,13350.0,41251.49885416031,1.4852431399831898,3.133600058555603,3.2475032103061676,-1.9047675994156248,-6.90787654353266,-10.663758181407234,-6.627479752979652,-8.557105176411621,0
HK.02131,490,0.45500001311302185,0.45500001311302185,0.0,,0.0,0.0,0.0,0.45500001311302185,0.45500001311302185,0.0,0.0,0.0,0.0,0.0,0
HK.02132,490,0.16300000250339508,0.1679999977350235,-2.9761876779990293,0.2145922746781116,188400.0,30709.200471639633,3.3002334113968113,0.16056000024080277,0.1473599997907877,-1.8072236702979723,22.55639165136123,15.602836504673787,30.400002002716064,55.238102469044435,0
HK.02135,491,0.11999999731779099,0.11900000274181366,0.8403315570899159,0.2857142857142857,35500.0,4259.99990478158,3.4488938079392537,0.10650000035762787,0.13368500038981437,24.999996119489307,-2.439029265698055,-20.000004967053535,-16.083921877071052,-6.976741365383075,4
HK.02136,491,0.5899999737739563,0.5950000286102295,-0.840345310226634,0.47745358090185674,96500.0,56934.99746918678,1.2390571165427644,0.5994000136852264,0.5898729732632637,-1.666674945089223,-6.349209803242228,-15.714288025486264,46.02006342620088,39.577999836289216,0
HK.02137,491,0.9150000214576721,0.9100000262260437,0.5494500096186173,0.47902024071672045,830525.0,759930.3928211331,5.650646311341947,0.9888000011444091,1.327350001335144,-1.6129016752173695,-21.120685535647947,-43.16770103554369,-35.56337682317812,-54.249998927116394,1
HK.02138,491,0.41499999165534973,0.41499999165534973,0.0,0.03318469356009541,447150.0,185567.24626868963,5.682109497511869,0.39409999787807465,0.49439999714493754,6.410258173707503,0.0,-33.06451798973916,-27.19298300650642,-55.37634532649277,0
HK.02139,491,0.25,0.25999999046325684,-3.8461503192516595,3.301229811823974,747450.0,186862.5,3.231606746699436,0.23940478295087814,0.20001533724367618,4.6025136950404315,11.101887138305996,55.54263581343245,55.54263581343245,34.08848815157998,0
HK.02142,491,14.399999618530273,13.770000457763672,4.57515715194767,0.9459168614307837,7930896.35,114204904.41460313,6.850076898291066,13.044000015258788,12.70854998588562,14.195083351213153,29.263906415959333,12.676055707416294,19.2052956082508,15.755627847750949,1
HK.02145,491,21.940000534057617,22.299999237060547,-1.6143440148851889,1.0267134137122773,2509434.45,55056993.173182584,6.364249727130196,26.755199813842772,51.972767963409424,-24.344825744628906,-42.98336591720619,-66.61983682984766,-67.79824519166166,-77.17377301438907,0
HK.02146,490,1.9550000429153442,2.005000114440918,-2.493769011056438,0.07460155985079688,69725.0,136312.37799227238,2.7294283750429376,1.8225000071525574,1.4374750000238419,2.894740391966423,39.64286258634265,51.55039540521179,38.652488595433,57.66129257093482,0
HK.02147,491,0.75,0.7699999809265137,-2.5974001846660313,2.094450373532551,322150.0,241612.5,6.339665795889253,0.567800001502037,0.6553749987483024,32.74336339200857,63.043475303172215,2.7397233430072485,-20.21276575507703,-16.666664459087173,0
HK.02149,491,33.97999954223633,33.0,2.9696955825343276,0.2087506589351608,46460.0,1578710.7787322998,6.920578302500023,31.37840003967285,38.16625011444092,20.15558245117899,-15.640514965205565,-26.03395612101575,-21.12349559432591,-49.1317395361374,3
HK.02150,491,0.6949999928474426,0.6949999928474426,0.0,2.4155594307677775,1714401.3,1191508.8912376463,4.368158204082774,0.7030000054836273,0.883599998652935,-4.794524015282304,-9.740258433360767,-33.17307515962583,-36.81818383784329,-56.83229896445631,0
HK.02152,490,4.789999961853027,4.789999961853027,0.0,0.0,1600.0,7663.999938964844,0.0,4.390200052261353,4.5581817626953125,11.915881472994473,10.560975974839002,9.40930014524942,-7.865848284077484,-11.737028068030622,0
HK.02153,491,0.800000011920929,0.8100000023841858,-1.2345667202249964,0.4688463911165947,82950.0,66360.00098884106,4.929592590989632,0.8146999883651733,0.9089749929308891,-4.191612876745086,-9.090907243657693,-15.789471372673027,-19.999998807907104,-29.824559477227524,0
HK.02155,491,7.09499979019165,7.28000020980835,-2.5412144819370748,0.39316646609014416,7925861.6,56233986.38908806,7.7684563478074065,7.696155281066894,8.45450766324997,4.032252369625418,-32.129661677655676,-29.14708079245137,-20.793245429531808,-32.31960293008183,0
HK.02156,491,2.6549999713897705,2.5850000381469727,2.70792774506017,0.6426037972042562,721350.0,1915184.229362011,2.0117202199029203,2.597999958992004,2.5657274746894836,2.9069786783552147,-4.151624921610209,11.133713117565618,3.859501239454101,-8.749642422641811,2
HK.02157,491,4.400000095367432,4.545000076293945,-3.1903185586907323,1.0148826307469425,12838475.55,56489293.64437244,7.311607187901235,4.330100002288819,4.884475003480912,0.4566205571678748,5.2631644991298865,-7.949792840200602,-11.64658476876797,-56.777996429623336,0
HK.02158,491,3.75,3.8299999237060547,-2.088770895552491,0.8366273038312958,6272452.8,23521698.0,4.3028375098832505,4.51487105846405,5.270158644914627,-18.07101341428388,-31.725848068238733,-37.67737530355684,-29.17354090957683,-43.275212507335546,0
HK.02159,491,1.7000000476837158,1.7400000095367432,-2.2988483697581654,1.539482415394824,162300.0,275910.0077390671,2.9738985095039894,1.6649999952316283,1.5051500010490417,-5.8171691365885545,3.0303074089730497,26.865672040129045,30.76923923379602,5.590064135337639,0
HK.02160,490,1.2799999713897705,1.2799999713897705,0.0,0.0,1018074.75,1303135.6508726478,6.895329319791263,1.1922999978065492,3.1974250012636185,16.36363124059263,-22.891566438103197,-69.5238088209883,-77.73913093235181,-83.04635842313556,0
HK.02161,491,1.8899999856948853,1.8300000429153442,3.2786853209006517,1.0089658795573075,220638.4,417006.5728437424,1.796364334385749,1.9332999968528748,2.4616043800115586,-1.5624985448084445,-20.92050616162365,-31.521739412120247,-28.679248389505048,-35.74050974499132,1
HK.02162,491,77.75,75.1500015258789,3.459745071629506,0.5228858631866075,2024296.75,157389072.3125,4.929712488638536,78.86300018310547,64.7704999923706,-0.38437288920907475,28.19455571954875,41.87956401907877,45.46304750272221,6.3611513309745185,2
HK.02163,490,0.6000000238418579,0.6000000238418579,0.0,,0.0,0.0,0.0,0.6000000238418579,0.6000000238418579,0.0,0.0,0.0,0.0,0.0,0
HK.02165,491,1.5499999523162842,1.590000033378601,-2.515728315886917,9.96415770609319,20900.0,32394.99900341034,0.4092383977793253,1.5760000133514405,1.7806500035524369,-2.515728315886917,-3.726711891659637,-16.666669871217437,-18.42105411756734,-16.666669871217437,0
HK.02166,491,4.605000019073486,4.800000190734863,-4.062503414849305,0.5119201626316762,1069900.0,4926889.520406723,7.495331124951845,4.650300011634827,3.3330989480018616,13.844250487446628,-4.062503414849305,57.82395314856612,123.3357731163661,167.19318345620815,0
HK.02167,491,4.514999866485596,4.364999771118164,3.43642848185091,1.7253963505833083,177050.0,799380.7263612747,6.682869785427907,3.500299987792969,3.78609969496727,45.17684947852642,57.04661230282701,19.194347085975437,4.228245285251568,0.1849084213427657,3
HK.02168,491,1.0499999523162842,1.0399999618530273,0.9615375798129149,0.34996129839758894,12356.7,12974.53441078663,2.3448647125530147,0.940299996137619,1.1259750014543533,11.702122870156417,2.941173720662243,-9.482760126752364,-16.666669820351597,-39.30636180694269,1
HK.02169,491,0.5400000214576721,0.5400000214576721,0.0,0.01342882721575649,378300.0,204282.00811743736,3.475196672373811,0.4975,0.6053750002384186,13.684216470269359,-5.2631529414422,-15.6249947613104,-31.64556876070856,-59.09090909090909,0
HK.02170,491,1.399999976158142,1.3200000524520874,6.06060003993511,1.5712383488681758,39250.0,54949.99906420708,2.6846467916388663,1.386199984550476,1.78674999833107,0.0,2.189778925938227,-25.531915972922498,-28.93401239461929,-61.538463301912515,1
HK.02171,491,12.859999656677246,13.100000381469727,-1.8320665481198568,0.9445906655063436,2693720.3,34641242.13318452,5.683535972815875,14.426199989318848,16.404349946975707,-8.794331143579925,-25.664738590692004,-20.322180031028097,-16.05744182213052,-38.93637235141405,0
HK.02172,490,8.055000305175781,8.055000305175781,0.0,0.0,1100939.25,8868065.994729996,2.520212557623023,9.178345527648926,10.372994685173035,-9.290538272893688,-11.73638331181156,-32.89048027481732,-28.139357720219703,-44.362334509616616,0
HK.02175,491,2.490000009536743,2.390000104904175,4.184096244488566,1.3,99900.0,248751.00095272064,5.492745765922493,2.6085000038146973,2.977074999809265,2.0491783255629072,-21.943574768887196,-10.75268660996805,-25.892854545290696,16.901402617544832,1
HK.02176,491,0.47999998927116394,0.4749999940395355,1.0526305882884401,0.023474178403755867,420500.0,201839.99548852444,5.5413447078523514,0.6509000086784362,1.0102031552791595,-38.853506594285626,-31.428571793497834,-60.77001668174539,-65.91895410906763,-73.90924460779648,1
HK.02177,491,2.380000114440918,2.384999990463257,-0.2096384084835029,0.5183585313174947,4550.0,10829.000520706177,1.0288914098314843,2.174888081550598,2.3293035113811493,14.97585464712955,8.283092914411457,-0.2655703227836877,-7.884171758941884,-4.570653961164603,0
HK.02178,491,0.2549999952316284,0.2549999952316284,0.0,0.6874101193429597,6929047.6,1766907.1049597263,8.093065095988381,0.223539999127388,0.16715499943122267,25.615764812396947,31.44329263421798,249.31506709503083,409.99998286366485,249.31506709503083,0
HK.02179,490,5.0,5.0,0.0,0.0,1075.0,5375.0,0.0,4.975000038146972,4.9733500170707705,-0.596425617435365,5.485237161108596,18.483418212988255,40.84507231437082,-35.81514731085265,0
HK.02180,491,5.260000228881836,5.110000133514404,2.935422533233263,0.4410496160304099,49822.35,262065.57240343094,3.540561634415566,5.131618919372559,5.142439453601837,0.5736177762703767,1.1053375290765537,-0.19565452432426808,4.410702934246838,22.22583805875893,2
HK.02181,490,0.4449999928474426,0.4449999928474426,0.0,0.0,51200.0,22783.999633789062,2.1089065718292326,0.41600000083446503,0.4730499963462353,3.4883687082273678,12.658222977348501,-12.745097810055187,-11.000001430511475,-44.37500172294674,0
HK.02182,490,0.33500000834465027,0.33500000834465027,0.0,0.0,22200.0,7437.000185251236,1.2223163798054693,0.33209999680519103,0.35307500019669535,8.064517989739157,-4.285710271523855,-6.944445824181537,-11.842101960961466,-14.102558812210821,0
HK.02185,491,1.809999942779541,1.840000033378601,-1.6304396768935925,0.28629076235140144,181280.0,328116.7896270752,7.646269564231211,2.3739000034332274,4.311924998760223,-19.19643146993249,-39.666668574015304,-66.66666666666666,-69.57983191930408,-78.90442938375077,0
HK.02186,491,1.8450000286102295,1.899999976158142,-2.89473411779321,0.775511767985419,38720845.75,71439961.51656228,4.603639407014844,2.0439000010490416,2.4977249985933305,-10.65375411690569,-17.264573415708558,-32.90908986871893,-33.393500313559166,-51.061006951071576,0
HK.02187,491,0.4350000023841858,0.4000000059604645,8.749998975545182,0.3416149068322981,632700.0,275224.50150847435,5.039113410983265,0.5248999989032745,0.6579749980568885,-11.22449103716459,-37.85714145825831,-45.62500051222741,-16.34615031925166,-2.2471889042670363,1
HK.02188,491,0.07900000363588333,0.08100000023841858,-2.469131600800468,0.1319406267179769,300100.0,23707.901091128588,6.419155976179196,0.10547999948263169,0.1465099998190999,-20.202016097017093,-38.28125009094946,-50.93167428800909,-57.9787200314256,-71.27272657323476,0
HK.02189,490,0.4950000047683716,0.4950000047683716,0.0,0.17045394014936027,44767.85,22160.085963469744,0.7593504548478808,0.4803000074625015,0.4612499998509884,2.0618536429497536,8.791206703858654,8.791206703858654,10.00000397364309,19.085806238971557,0
HK.02190,491,21.3799991607666,21.280000686645508,0.4699176263835784,1.695096609390238,827662.5,17695423.555397987,3.8244120816416887,19.63060012817383,21.908649339675904,16.322089972690044,5.6324081153161885,-8.308332586228447,-5.0910786463844815,-9.30748848066086,1
HK.02192,491,7.400000095367432,7.625,-2.9508184214107325,0.9081142645316469,1443078.45,10678780.667622685,2.9138361029401363,7.545000038146973,8.725265181064605,-5.1282062254635195,-2.3746679439360276,-22.93612163667605,-23.171303325754554,-47.12634252006357,0
HK.02193,491,0.41999998688697815,0.4099999964237213,2.439022085483674,1.588785046728972,31600.0,13271.99958562851,0.574831525042317,0.3569399991631508,0.30044999957084656,2.439022085483674,3.7037001606749893,35.483865695739055,73.55371453007926,100.95692544992059,3
HK.02195,490,0.2800000011920929,0.2800000011920929,0.0,0.0,18875.0,5285.000022500753,0.3571430472086879,0.2771999955177307,0.3745499990880489,9.803924089392945,-5.084741139541855,-33.33333096806958,-41.052630588288444,-53.33333498901784,0
HK.02196,491,15.829999923706055,16.110000610351562,-1.7380550964448256,0.8043937507975275,4464072.5,70666267.3344183,3.378913560485026,16.340662326812744,18.511764521598817,-4.118717721070772,-5.185523593835895,-21.597480759475257,-18.492821958587236,-21.293882718816505,0
HK.02197,491,2.0399999618530273,2.009999990463257,1.4925358971198917,0.279743465092167,4759541.7,9709464.886437893,7.536698904572764,1.9265000009536744,2.2967249995470045,-1.449274026921029,11.475405137320955,-8.10811101069608,-13.924048086112368,121.73912226590421,1
HK.02198,491,3.8949999809265137,3.809999942779541,2.230972163347642,0.3183142079546721,3038150.0,11833594.192051888,5.541455562006457,3.1784999990463256,3.8105107522010804,25.645164540357424,9.410113582345025,-16.754248017381272,26.065439488170185,103.3942462689517,1
HK.02199,491,2.4000000953674316,2.5250000953674316,-4.950494862528325,0.6867878041268863,320000.0,768000.0305175781,6.054415211505239,2.1205999851226807,2.0966637444496157,1.6949238156632322,30.43478542555027,3.412798111057554,1.703492813448103,42.2278342869746,0
HK.02202,491,2.325000047683716,2.365000009536743,-1.691330304090043,0.8646969891679763,20274738.15,47138767.16552485,4.152022356484271,2.391100010871887,3.102125004529953,-7.370515676591561,-16.366903898872785,-39.295036710236886,-31.008898319354127,-55.02901328097533,0
HK.02203,490,0.12600000202655792,0.13300000131130219,-5.263157305058922,1.3609467455621302,178500.0,22491.00036174059,3.149996922809585,0.15107999950647355,0.18777999982237817,-14.285712837593664,-31.521738162140995,-36.36363499530199,-38.53658384116612,-39.999997161683496,0
HK.02205,490,0.6000000238418579,0.6000000238418579,0.0,0.0,50.0,30.000001192092896,0.0,0.7679999947547913,0.9960999992489815,-7.692300638503319,-41.74756888271727,-53.48836886940798,-53.84615031925166,-1.6393426604503258,0
HK.02208,491,9.029999732971191,9.329999923706055,-3.2154361542127154,0.5207030064414829,29338145.65,264923447.3853699,5.003545426356249,10.062899990081787,12.986867818832398,-15.84342853486111,-33.12807698253742,-37.13948102289208,-43.146494024961726,8.235181825767786,0
HK.02209,491,3.184999942779541,3.244999885559082,-1.8489967610338947,0.7067978942549783,749800.0,2388112.9570961,6.037451185019107,3.114299998283386,3.331661483049393,-10.533708034478542,27.003680474395498,-8.529203247271766,-19.852047190301125,-28.83414829461175,0
HK.02210,490,1.9299999475479126,1.9299999475479126,0.0,0.0,16800.0,32423.99911880493,0.16976435055957215,1.8639999866485595,2.3008892714977263,2.6595719384628964,-15.720524904018301,-23.05737614932655,-26.14631411557659,-38.30515048310572,0
HK.02211,491,0.6650000214576721,0.6299999952316284,5.5555597604688,0.14308515124320242,9908858.5,6589391.115121037,10.149953577401186,0.5843999958038331,1.015724997371435,-14.743583865419433,27.88462420187085,-0.7462679264300778,-60.1796384103762,-48.846150319251656,2
HK.02212,490,0.15600000321865082,0.15600000321865082,0.0,0.0,49000.0,7644.00015771389,0.0,0.15418000340461732,0.16942000053822995,3.9999980131785864,3.9999980131785864,-9.82658406886645,-17.89473411779321,11.428573253203405,0
HK.02215,491,0.19499999284744263,0.20600000023841858,-5.339809406914978,0.125966010895336,1943100.0,378904.48610186577,19.525027208121223,0.19547999948263167,0.25800999760627746,-60.20408386689626,-8.450707378411423,-29.090913228752107,-32.75862122120672,-70.89552418058072,0
HK.02216,491,0.6399999856948853,0.6050000190734863,5.785118267433915,4.961240310077519,262250.0,167839.99624848366,6.376582778707234,0.6541999995708465,1.4191000047326088,4.918027981350978,-29.670333269209216,-62.352943073919434,-72.88135533290358,-79.682540751789,1
HK.02218,491,21.739999771118164,22.040000915527344,-1.3611666603780703,0.37631749478612114,1632534.9,35491308.35234241,8.257924539392146,18.90700002670288,16.475760335922242,3.033172407951673,21.86098422182208,41.43302486067359,63.44066486014256,21.305716662381204,0
HK.02219,491,2.4600000381469727,2.4700000286102295,-0.40485790880267447,1.9195826686279374,270889.35,666387.8113336086,2.2834619113996433,2.5442999792099,2.5070788252353666,-5.384610446952323,-8.208956086946271,-2.570018555909983,-1.1319437810166788,-12.440379746803218,0
HK.02221,491,0.5649999976158142,0.5450000166893005,3.6697211585436476,0.12545302481182047,260780.0,147340.69937825203,9.384585712085395,0.6362000000476837,0.8691000005602837,8.65384968074834,-21.52778122712051,-45.14562977574996,-44.05940564844307,-34.30232695143178,1
HK.02222,490,0.6100000143051147,0.6200000047683716,-1.6129016752173695,1.9574468085106382,13060.0,7966.600186824799,0.33057867931086393,0.6382000124454499,0.6596000045537949,-1.6129016752173695,-1.6129016752173695,-10.294116486933829,-6.153840510802654,-18.66666475931803,0
HK.02223,490,0.5249999761581421,0.550000011920929,-4.545460949259217,5.541561712846348,50700.0,26617.498791217804,3.4673160886333925,0.6029000014066697,0.7842749987542629,-4.545460949259217,-48.52941313966888,-35.9756121051801,-32.69230828012472,84.2105202617627,0
HK.02225,491,4.434999942779541,4.534999847412109,-2.205069636102263,0.6251239252367146,5251516.7,23290476.264005806,8.390940699236891,4.192099986076355,2.8147749960422517,-10.131712376847261,32.38806176222792,128.6082377303535,257.6612829572825,447.5308555216529,0
HK.02226,491,0.675000011920929,0.6850000023841858,-1.4598526172921515,6.015325670498084,169750.0,114581.25202357769,4.32456405182013,0.5127999979257584,0.5125499981641769,36.36363745830384,-15.62499976716936,62.65060855266347,35.00000238418579,3.8461594891973454,0
HK.02227,491,0.4000000059604645,0.42500001192092896,-5.8823541786431095,0.16695957820738136,448600.0,179440.00267386436,5.60327661378502,0.31200000166893005,0.2463500005379319,33.33333002196431,40.35088104554496,112.76596790258064,173.97261084882118,316.6666692536738,0
HK.02228,491,7.179999828338623,7.199999809265137,-0.27777752022683677,0.5396966358053555,67237419.6,482764661.1859319,5.118776103980394,7.465499982833863,9.246175000667572,-1.9795219754560027,-9.57179122676087,-36.234461080009886,-28.12812819979697,-29.400198874382994,0
HK.02230,491,0.19099999964237213,0.19599999487400055,-2.5510180420375455,2.044153720359771,309500.0,59114.499889314175,1.8268516805709394,0.20122000068426132,0.22323312252759933,-4.500001601874804,-16.22807037609289,-15.486724350864858,-17.672411578305347,-32.401688961953106,0
HK.02231,491,0.017000000923871994,0.017999999225139618,-5.5555463573075095,7.754797945622144,50312650.0,855315.0964824483,20.19894130218903,0.01326000003144145,0.05342000014614314,70.00001303851634,-37.037035248488934,-71.66666449358061,-78.48101247915605,-91.49999966472387,0
HK.02232,491,6.889999866485596,7.055000305175781,-2.3387729490122884,0.5414629180514386,4376232.7,30152242.7187099,3.9494631917831353,6.228503046035766,6.28771402835846,5.854527923027766,19.990777335430536,-2.6069568322615257,11.264169467641521,9.04825597151733,0
HK.02233,491,1.940000057220459,1.9299999475479126,0.5181404116228937,0.6975762387565834,19300052.7,37442103.342357874,4.4408689013168,1.7117999982833862,2.3930309879779816,9.915018297106428,-8.694990132781886,-32.98150535154657,-36.20354588782402,-19.08742946830658,1
HK.02235,491,7.349999904632568,7.28000020980835,0.9615342418521926,0.7073658311548516,134600.0,989309.9871635437,3.0340378052617445,7.130200023651123,7.340250000953675,4.99999863760812,-0.675678244466031,0.0,-5.038758113932787,-1.8691571530541642,1
HK.02236,491,0.4099999964237213,0.4000000059604645,2.4999975785613424,2.784454367267833,479122.6,196440.26428652403,9.405639762723741,0.4630000001192093,0.4672999997437,-10.869567611717729,-19.607842335193155,18.84057908417722,12.328763208552237,-4.651165208409023,1
HK.02237,490,0.20200000703334808,0.21199999749660492,-4.716976689311981,0.07462686567164178,259000.0,52318.00182163715,4.1692956534114085,0.20596000134944917,0.2963150011748075,1.5075407363300193,-26.54545357995784,-40.58823385040654,-44.657533765622134,-41.44927312135445,0
HK.02238,491,2.115000009536743,2.1549999713897705,-1.8561467463607977,0.9092850546080332,12343531.55,26106569.34596709,3.198933873884282,2.191400008201599,3.0625000059604646,-7.843139902978705,-19.886366458553145,-44.92187352055525,-46.590909364575964,-38.33819334189369,0
HK.02239,490,1.2999999523162842,1.2999999523162842,0.0,6.7114093959731544,9950.0,12934.999525547028,1.2022994999965892,1.2966999888420105,0.9996874204277992,-9.090909090909092,-27.38526589147932,46.86125724782355,57.47773725257617,37.585815370370334,0
HK.02245,491,17.540000915527344,18.079999923706055,-2.9867201905829517,0.7955253774192838,3810251.9,66831821.8143898,6.083488344929659,14.711000003814696,17.49490803718567,25.285720825195312,54.537447806288675,-32.03603327155538,-24.861748985132433,17.143926271777758,0
HK.02246,491,1.1299999952316284,1.2000000476837158,-5.833337472544612,0.23132669473912493,55473.0,62684.48973548412,4.062443590491975,1.214199995994568,1.858600001335144,-5.042021773425426,-33.136097220603766,-48.86877937888617,-47.441863018219394,-71.02564185642238,0
HK.02249,39,28.520000457763672,28.899999618530273,-1.3148760061676659,0.3401119687597792,1764077.15,50311481.12553043,5.611894274549421,,,-11.920940342872708,,,-11.702782874866942,,0
HK.02250,491,0.3499999940395355,0.3499999940395355,0.0,0.01448225923244026,43950.0,15382.499738037586,2.3582794260283135,0.29540000021457674,0.6375750015676022,16.666660043928623,-32.69230636971937,-57.3170735253102,-63.15789490195193,-78.26087012858832,0
HK.02251,491,7.900000095367432,8.135000228881836,-2.8887538648134163,0.8989784335981839,23015.0,181818.50219488144,3.560396237218751,9.954900026321411,11.239774997234344,-17.10387915294905,-28.11646715290463,-33.10753755566902,-36.495173940158466,-38.75968737224275,0
HK.02252,490,21.18000030517578,21.18000030517578,0.0,0.0,4662077.25,98742797.57775307,5.249924713507701,23.042799911499024,25.187299947738648,-5.446425598798915,-16.416731737814384,-28.830644683192023,-13.338789515732467,3.317074659394055,0
HK.02255,491,0.21199999749660492,0.22499999403953552,-5.777776394361295,1.172926579979815,60920283.7,12915099.991892463,7.114628007111586,0.3198400014638901,0.451234999448061,-41.11111414653272,-43.46666733423869,-61.4545467451584,-53.91304485851963,-72.105263137256,0
HK.02256,491,8.90999984741211,8.8149995803833,1.0777115320597408,0.5741845448791095,1267318.25,11291805.414122581,6.465036264067687,10.384399967193604,12.017199969291687,-11.782183060516394,-6.407569128361752,-32.906626305943185,-31.566823854455535,-47.027348340833456,1
HK.02257,491,3.940000057220459,3.809999942779541,3.412076545756531,0.5513741344458303,57587.5,226894.75329518318,5.77413729896674,4.230400004386902,6.388350020647049,-1.4999985694885254,-25.519847152506948,-46.394556349080354,-50.74999928474426,-62.368672810563766,2
HK.02258,491,0.3149999976158142,0.29499998688697815,6.779664955205086,0.3211859172328598,164500.0,51817.49960780144,6.779128310068977,0.337519907951355,0.25315542668104174,-7.3529428522066915,54.01199381250299,36.04392885886984,41.95887513768256,81.39189736272748,1
HK.02259,226,149.60000610351562,151.3000030517578,-1.1235934659304931,0.7989867143551225,10678958.35,1597572234.339189,6.330211116873999,120.87194625854492,151.98334129333497,17.07627958847107,17.829547361766082,-33.20588826205686,3.5399231026832743,,0
HK.02260,490,1.2400000095367432,1.2400000095367432,0.0,0.0,122700.0,152148.0011701584,0.02066113666940684,1.2638526034355164,1.238835393190384,-4.61538038310199,-11.982751727344613,5.768618329083692,8.50402513919132,-23.25325441647751,0
HK.02261,19,14.600000381469727,14.890000343322754,-1.9476155484648756,,,,,,,,,,-14.619882714792826,,0
HK.02262,490,0.4399999976158142,0.4399999976158142,0.0,0.0,17400.0,7655.999958515167,0.8219493154132229,0.48940000057220456,0.7288999998569489,-12.000000476837158,-37.14285641300434,-45.000001117587075,-45.000001117587075,-65.89147204440427,0
HK.02263,491,0.3199999928474426,0.3100000023841858,3.225803350434739,0.05517241379310345,354500.0,113439.99746441841,3.954522769413567,0.31580000281333925,0.30610999882221224,4.918027981350978,-11.111116630059483,10.344828294942289,10.344828294942289,23.076924840374172,1
HK.02265,491,1.1799999475479126,1.2000000476837158,-1.666674945089223,1.0829394069617533,590500.0,696789.9690270424,5.404478203270459,1.2363000011444092,1.2728249907493592,-4.838714639304418,-9.923664191602642,8.256872606723206,8.256872606723206,9.259250061011974,0
HK.02266,491,0.3400000035762787,0.35499998927116394,-4.225348210765052,1.873536299765808,46700.0,15878.000167012215,3.3794291803325645,0.38730800211429595,0.3669350765645504,-15.000000372529025,-5.853485882198963,-9.474499334816315,3.838069688012688,17.68313779146377,0
HK.02268,491,71.0999984741211,71.25,-0.21052845737390352,0.6097843110080016,12702665.9,903159526.1072701,6.063382812000905,61.29299995422363,61.12885015487671,31.180807146293287,31.30193254037415,6.198658274902083,15.892420933168866,23.223565916810905,0
HK.02269,491,49.2400016784668,49.47999954223633,-0.48504014953490066,0.49599242035577434,46291859.95,2279411261.63735,5.426948418659778,41.704800033569335,36.37090005874634,21.221080682539704,42.22993413531598,18.138198939389696,51.32145142310244,49.57474002813513,0
HK.02270,490,7.099999904632568,7.099999904632568,0.0,5.0,1500.0,10649.999856948853,0.0,6.585399975776673,4.690550017356872,-5.206940966666726,62.84402952321864,75.30863136439234,78.84130613263628,238.09524890787256,0
HK.02271,491,2.880000114440918,2.944999933242798,-2.207124627344466,0.5684944067485788,537500.0,1548000.0615119934,4.374669190908772,3.1126000022888185,2.5934258276224136,0.0,-11.194649092813444,32.19426509404219,51.573534601612096,-32.20013214681094,0
HK.02272,48,101.0999984741211,110.4000015258789,-8.423915691321612,1.1283368947554862,94337.3,9537500.886052703,8.119883943510677,,,-5.514020117643838,,,-15.890182162272021,,0
HK.02273,491,26.719999313354492,27.18000030517578,-1.6924245278013954,0.632501578818251,767375.45,20504271.497085094,3.805791119696812,28.27599994659424,27.95532039642334,-6.963788467327787,1.9987539369048228,-8.480105248393434,-5.387364770349351,-15.262959304130366,0
HK.02276,491,42.599998474121094,42.63999938964844,-0.0938107788459646,0.5962964223385372,2368978.7,100918489.00522538,5.220388034338792,35.116799926757814,47.222923583984375,18.136430537338065,-1.9327806068235955,-33.8651638255457,-20.78488643253166,-8.39078255245654,0
HK.02279,491,2.1700000762939453,2.184999942779541,-0.6864927633139595,0.7100229533282326,165450.0,359026.51262283325,5.310785604139932,2.242099986076355,1.9492084407806396,-10.699587790967547,4.326930571590225,15.073920723676954,32.67345769204503,-27.709970652359527,0
HK.02280,490,0.20600000023841858,0.20600000023841858,0.0,,0.0,0.0,0.0,0.20600000023841858,0.20481500037014486,0.0,0.0,-8.03571701791053,7.85340346813215,35.52632030419545,0
HK.02281,491,0.6100000143051147,0.6100000143051147,0.0,1.022816679779701,66800.0,40748.000955581665,2.0410775000065007,0.6252676546573639,0.6711156025528908,-6.153840510802654,-3.785487209209952,-18.217667972155606,-11.586669987532929,-15.031340702247265,0
HK.02282,491,9.960000038146973,9.949999809265137,0.1005048148093835,0.5873469212674755,4534384.8,45162472.780973054,2.318417967180469,10.177732429504395,11.630925016403198,-9.045648841426445,-7.057563915063151,-22.20563116256872,-18.85448716753377,-30.826775593663903,1
HK.02283,491,1.600000023841858,1.5950000286102295,0.3134793192439665,0.6278268418986361,765499.65,1224799.458250934,3.1143115594711777,1.7847000098228454,2.139547361731529,-6.976744347227267,-25.233647410802213,-31.599124543680674,-32.67207686930196,-33.60040222352871,1
HK.02285,491,19.780000686645508,19.780000686645508,0.0,0.8412137519168033,884922.45,17503766.668628026,3.8493188677973453,19.10817865371704,19.14261219024658,-2.2245426329108193,25.720036494925697,-21.468872860870096,5.699512548127272,-10.512626402304384,0
HK.02286,491,0.36000001430511475,0.3149999976158142,14.285719692031313,0.16575663026521062,852650.0,306954.0121972561,25.42356123875851,0.2189200010895729,0.19627500027418138,-6.493500461665078,80.90452893461041,71.42858359278503,51.2605067271228,38.461549042245025,2
HK.02288,491,0.12600000202655792,0.125,0.8000016212463379,0.3008198757763975,2955.4,372.3804059892893,3.0306027472421886,0.1288999991118908,0.1478599998727441,1.6129065208083302,-24.096381432398413,-17.105259159141173,-22.22222120019471,-18.181816422531135,1
HK.02289,490,5.5,5.5,0.0,,0.0,0.0,0.0,6.353000068664551,5.94148306131363,-8.333333333333332,0.5484499261251069,0.7759804031638228,-20.04094472053724,0.08573072776710676,0
HK.02290,62,4.005000114440918,3.8550000190734863,3.891053038269058,1.2300074239733805,2345244.25,9392703.489641905,5.821403006057121,3.526599998474121,,17.794117708932156,,,42.52669736638251,,2
HK.02291,491,13.279999732971191,12.850000381469727,3.3462983559249,0.2721851917519238,1577308.8,20946660.44281311,10.05917871331096,11.76060001373291,13.44860514163971,21.723188989056258,36.48510131295378,-12.858853396299006,-14.97779453991802,-43.830706791951556,1
HK.02293,490,0.36000001430511475,0.36000001430511475,0.0,0.0,20400.0,7344.000291824341,1.0218941868657911,0.37640000581741334,0.4377514725923538,-1.3698616715036243,-9.999997764825855,-26.53061075540249,-27.99999713897705,-36.05014937130642,0
HK.02295,491,5.409999847412109,5.409999847412109,0.0,0.045662100456621,106250.0,574812.4837875366,4.989311806723782,6.01970000743866,4.009475002288818,-19.851854112413196,170.49999237060547,40.51948003693321,36.962019800089344,13.417188030287658,0
HK.02297,491,0.1889999955892563,0.1860000044107437,1.612898444823525,0.9655172413793104,101100.0,19107.89955407381,3.4290360527672967,0.21605999946594237,0.2533499986678362,-6.435649005668416,-16.371681911895497,-34.827585852528856,-25.88235328491722,-52.750001806765766,1
HK.02298,491,0.2849999964237213,0.28999999165534973,-1.72413633637985,0.3317607670065439,645250.0,183896.24769240618,4.863694256666475,0.30879999935626984,0.333347223252058,-6.557380413054316,-17.15116664392507,-13.549042477619782,-8.228979085966479,-19.39032260348589,0
HK.02299,490,5.590000152587891,5.590000152587891,0.0,0.0,1800.0,10062.000274658203,0.017889070107855613,5.5756000137329105,4.940031745433807,0.7207200086191535,11.800003051757812,23.213492747080885,17.141374274878558,24.017063311215008,0
HK.02302,491,3.7950000762939453,3.930000066757202,-3.435114202800781,2.133526297131259,620700.5,2355558.44485569,5.045873950229205,4.121700005531311,5.362425004243851,-12.35565489234933,-17.499996631041746,-52.26414883845465,-24.99999764408516,0.13192914224920693,0
HK.02306,491,1.934999942779541,1.9500000476837158,-0.7692361301217658,0.3793103448275862,88650.0,171537.7449274063,2.1074779457902495,1.962700011730194,2.1048750007152557,-3.491280182839095,-2.7638224368655027,-18.697485305201813,-24.117647883801325,-14.75771105558514,0
HK.02307,490,0.1550000011920929,0.15000000596046448,3.3333300219643105,1.5,129000.0,19995.000153779984,2.210973699402565,0.14558000087738038,0.21638499952852727,3.3333300219643105,-26.1904733183702,-48.33333498901784,-41.509430355005286,-16.216216651604412,1
HK.02309,491,1.8200000524520874,1.8849999904632568,-3.4482725909826173,0.9570985516422894,4134673.2,7525105.440872241,7.404461586588076,1.9207999944686889,2.1658499991893767,5.507247959257928,-18.749998004308775,-19.469023887959302,-13.333326899815829,0.5524922645682319,0
HK.02310,491,0.20000000298023224,0.19200000166893005,4.166667313418449,0.5263157894736842,196500.0,39300.000585615635,3.2319546448885523,0.17352000027894973,0.09865000018849969,0.0,-15.25423653901086,127.27273189085577,488.23527091514813,376.19048970626886,2
HK.02313,491,36.599998474121094,36.560001373291016,0.10940125636674097,1.7083589407641033,8289072.15,303380028.04187965,3.4049601284975037,41.76879989624023,51.7771307182312,-14.844116184425793,-20.938372857266227,-43.209593450564995,-39.45409758115382,-37.22358777821317,2
HK.02314,491,3.740000009536743,3.8299999237060547,-2.3498672574965527,0.6057573493810858,6165339.1,23058368.292797253,3.4567023745452174,3.647004232406616,3.2635874235630036,-12.932829935833137,23.86006976472054,-2.2616275052444967,36.15965924621105,36.15965924621105,0
HK.02315,491,63.900001525878906,57.29999923706055,11.51832875514177,1.520500761108991,2283748.25,145931516.65972328,8.261026127993931,55.33339996337891,47.460650005340575,13.90374913353331,42.95302110790583,23.47826381812349,83.93781933950399,155.60000610351562,2
HK.02317,490,0.7300000190734863,0.7250000238418579,0.6896544920278584,0.0,6800.0,4964.000129699707,0.6114831431427477,0.7050000011920929,0.6656117662787437,8.955224013376348,0.0,18.42910117943022,20.22348114804821,5.23598376491364,1
HK.02318,491,55.45000076293945,55.77000045776367,-0.5737846372559461,1.060935764505945,37153719.9,2060173796.8010387,1.8976897061812146,54.34453636169434,58.815322723388675,-2.7165884788116443,-3.0320857865967215,-19.814993810105445,-12.612755596636383,2.334261853736177,0
HK.02319,491,17.90999984741211,18.010000228881836,-0.5552491959959024,1.0291867467264242,26192965.15,469116001.8397707,3.299497893516036,18.02919998168945,16.167844457626344,-4.326920382761684,8.131066395943575,13.68642601339696,24.499200533318096,13.825670069982193,0
HK.02320,491,0.20000000298023224,0.20800000429153442,-3.846154397232281,13.28810684757261,1462300.0,292460.0043579936,7.931580944521962,0.16351999871432782,0.09666999960318208,-17.01244574678809,181.6901358198823,185.714288755339,138.09524485313443,135.29411867828105,0
HK.02321,490,0.5,0.5,0.0,0.0,83250.0,41625.0,0.6792834534754139,0.505688493847847,0.4761410504579544,2.7087405684200863,1.6816560884236589,-2.2291718240886693,27.102066258892748,22.508019473098894,0
HK.02322,491,0.05299999937415123,0.05400000140070915,-1.8518555567015038,2.0515490757615202,3372400.0,178737.1978893876,6.148491107641087,0.075380000770092,0.09813500009477139,-32.05128425559579,-43.617020011784604,-49.52380854391454,-59.23076821678486,-86.41025607226162,0
HK.02325,491,0.5450000166893005,0.5600000023841858,-2.6785688626827135,0.9440559440559441,157200.0,85674.00262355804,5.343116856231172,0.6335999953746796,0.8083499982953072,-13.492060188203087,-25.342465417875903,-40.10989000192372,-44.94949379401261,-77.10084073599612,0
HK.02326,490,0.009999999776482582,0.009999999776482582,0.0,0.0,482000.0,4819.999892264605,0.0,0.009999999776482582,0.010069999787956476,0.0,0.0,0.0,0.0,0.0,0
HK.02327,491,0.2409999966621399,0.23800000548362732,1.260500466130851,0.38939967550027044,182500.0,43982.49939084053,2.973362721662362,0.24361634641885757,0.2598414895683527,-1.6326563381145176,-14.011401816468675,-1.9729972368825868,-14.011401816468675,-5.235596817771878,1
HK.02328,491,17.25,17.350000381469727,-0.5763710620809536,1.3009802895812448,22051236.7,380383833.075,2.6631837656374215,15.313047370910645,15.324081683158875,7.8125,24.007278391908947,5.6222684856558045,8.178155124123927,-1.7490875310742424,0
HK.02329,491,0.1120000034570694,0.10999999940395355,1.8181855126846134,0.21491782553729458,79950.0,8954.400276392698,8.622888977064957,0.09134000062942504,0.10731000036001205,25.842698322313453,7.692308794464562,10.891088670684423,-22.222216473317193,-33.72780851179017,3
HK.02330,490,0.2549999952316284,0.23999999463558197,6.250000388051082,1.1088971671142684,176460.0,44997.29915857315,5.542768099962112,0.28118000119924547,0.296705000475049,-7.272731016490004,-21.538460127700667,-12.068964631322139,21.42857294909813,152.4752340127697,2
HK.02331,491,13.239999771118164,13.390000343322754,-1.1202432289659443,2.0589732849850515,29588834.25,391756158.6976533,2.7629686302982517,14.588000049591065,18.079664640426635,-10.781673618721012,-28.882302601160188,-41.09883979977804,-27.579500002816875,-29.06118527226974,0
HK.02333,491,7.764999866485596,7.96999979019165,-2.572144656243776,1.1499967381025584,15298548.5,118793227.05992341,2.6704049806169654,8.643141040802002,11.5236514377594,-13.722223705715603,-23.601039271534084,-38.82339094182326,-46.18723926179256,-55.12140469879139,0
HK.02335,50,28.399999618530273,28.200000762939453,0.7092157807799053,0.7196852918326325,393210.0,11167163.850002289,4.768382219759919,33.54279998779297,,-8.031086818769078,,,-23.035234568723165,,1
HK.02336,491,0.24500000476837158,0.2280000001192093,7.456142386085034,0.15049361907055142,197240.0,48323.80094051361,4.19432809755443,0.24071999818086623,0.22724499873816967,0.0,45.83333813777525,-3.92156496088299,-3.92156496088299,166.30435249150247,1
HK.02337,491,1.3949999809265137,1.3799999952316284,1.0869554888924153,1.2628192238085663,251800.0,351260.99519729614,4.125312139447517,1.3468999910354613,1.4567249977588654,4.887213226601884,12.499997596586923,-9.415583410277513,-19.36416384124575,-23.770494633204425,1
HK.02338,491,30.299999237060547,31.600000381469727,-4.113927622518327,1.7406996938608583,15338729.35,464763487.6024782,5.058455616476585,33.54932460784912,29.88169800758362,-14.212911951126944,-23.524437440329912,-3.5283079481117614,61.734939572588544,87.33454111962804,0
HK.02339,491,4.385000228881836,4.480000019073486,-2.1205310220355176,0.4543749438635607,1118982.0,4906736.326114655,6.7426711557817045,4.704299983978271,4.578474985361099,-13.254196285046943,-36.997123493561126,-14.854366064453753,18.83469270688562,832.9787744688957,0
HK.02340,490,0.14800000190734863,0.14800000190734863,0.0,0.0,97018.2,14358.693785047531,3.47797073891528,0.15071999967098237,0.1607100000232458,4.964538407478058,2.0689697696537332,-10.843368951598244,-11.904759581735043,-3.2679708007358252,0
HK.02342,491,0.7350000143051147,0.7350000143051147,0.0,0.9188495137249001,12871390.25,9460472.017876714,5.893148959516415,0.8408000016212464,1.6897000020742416,-14.03508796390538,-45.55555545744092,-64.8325337564788,-70.48192724939551,-66.81441407265919,0
HK.02343,491,4.085000038146973,4.130000114440918,-1.089590194842816,0.2961017342372262,31585881.5,129028327.13240576,4.166890865465012,3.362520866394043,2.927655531167984,28.05715262029481,33.07507014627613,26.247254554521632,83.48647314934281,94.18298729143476,0
HK.02347,491,0.7200000286102295,0.7200000286102295,0.0,0.741088353913779,209799.95,151055.97000242473,6.129732783649365,0.7104873263835907,0.6905803623795509,5.833031944421081,-12.43576263353902,2.158275693306202,8.167588718746089,-1.7758751366991348,0
HK.02348,491,0.9950000047683716,0.9950000047683716,0.0,0.45977011494252873,135200.0,134524.00064468384,1.4162845469159862,1.0023999977111817,1.0825028932094574,-0.4999995231628418,-5.238090480536075,-14.016589788073858,-14.016589788073858,-18.33653643983298,0
HK.02349,490,0.09200000017881393,0.09300000220537186,-1.075270970800214,0.0,407100.0,37453.20007279515,7.524709416604228,0.08378000050783158,0.0853250002488494,1.0989033482009263,24.32432296373621,-26.399999856948853,22.666662030750036,39.39394042019017,0
HK.02350,491,0.7300000190734863,0.7049999833106995,3.5461044474619707,2.3432819261067346,493200.0,360036.00940704346,3.8796948545625667,0.6378000020980835,0.7607037934660912,23.7288222919765,-23.157891764865322,-20.65217327925119,-14.117647223819082,17.741937654695683,1
HK.02352,490,3.4600000381469727,3.4600000381469727,0.0,0.0,1540.0,5328.400058746338,1.7068706634955362,3.7232000112533568,4.782499976158142,4.84848751947356,-22.767856620176108,-32.68482241201497,-42.42928608355964,-54.94791516296873,0
HK.02355,491,3.0899999141693115,3.0450000762939453,1.47782715099749,1.1891891891891893,39200.0,121127.99663543701,0.9166501157807844,3.261339979171753,3.783555349111557,-4.482225212629213,-20.689783047338846,-25.344132217922986,-20.49150076628865,-25.518971963583574,1
HK.02356,491,14.75,14.579999923706055,1.1659813249898388,0.7247247537857864,1432478.6,21129059.35,2.888540502383171,13.582000064849854,12.045574526786805,1.8646441042771769,15.011176532701956,13.143832392144269,41.56037622769896,49.81327216234953,2
HK.02357,491,2.890000104904175,2.8949999809265137,-0.17270729033782964,1.5176476008092858,10173854.15,29402439.560779776,2.1438912721930987,2.9454000282287596,3.5107158708572386,-4.777593964608629,-9.687498067505688,-31.033888102466534,-30.220606140152423,-37.05008338766315,0
HK.02358,491,0.017000000923871994,0.013000000268220901,30.76923517785825,7.2705502628976,12776000.0,217192.0118033886,10.052756396194262,0.012400000132620334,0.012025000085122884,41.66667313418449,41.66667313418449,41.66667313418449,54.54546378171153,54.54546378171153,1
HK.02359,491,193.6999969482422,192.5,0.6233750380478896,0.703960849190578,7203697.3,1395356145.0260603,4.0827876646096115,172.93475372314452,129.50685832977294,5.865141549117707,51.53084455764868,54.61323133553129,94.8739208252349,91.36755882322348,2
HK.02360,491,1.7350000143051147,1.7100000381469727,1.4619868772186173,2.8138695100076254,298515.35,517924.1365202963,1.5857008054623218,1.6287000012397765,1.768477317094803,6.441718980408064,6.510906433867667,-8.856335819589308,-9.754302397573811,-10.866520942661042,2
HK.02361,491,4.710000038146973,4.715000152587891,-0.10604696244121199,500.2857142857143,45525.0,214422.75173664093,0.9944070798981252,5.000300035476685,4.9296368622779845,-5.611217350986948,-4.992498536546141,-10.002299693422804,-13.111311907046494,39.32587597869316,0
HK.02362,490,0.6359999775886536,0.6359999775886536,0.0,,0.0,0.0,0.0,0.6359999775886536,0.6359999775886536,0.0,0.0,0.0,0.0,0.0,0
HK.02363,490,0.24799999594688416,0.24799999594688416,0.0,0.0,70463.75,17475.00971440226,0.7547283537982109,0.3069599986076355,0.3279649990797043,-12.982456470570519,-34.73684235292789,-23.69230614047073,-33.86666774749756,-31.11111497437497,0
HK.02367,491,25.940000534057617,26.139999389648438,-0.7651065809512635,0.5410145080580878,4467535.45,115887871.95892134,4.011148094389541,28.006400146484374,30.083424558639525,-11.828686380733368,-12.008137934693366,-19.77265155029559,-20.52287066061707,-51.040371729450285,0
HK.02368,490,2.8299999237060547,2.8299999237060547,0.0,1.0212765957446808,24700.0,69900.99811553955,2.184815250081668,2.7783150100708007,3.1433754003047945,0.012621771021525932,1.0765829331954522,-17.380884931360015,-20.381015905578845,-22.71183535982953,0
HK.02369,491,0.5849999785423279,0.6000000238418579,-2.5000074505803007,0.9038522260814651,1053420.0,616250.677396059,5.860839582652979,0.6935999989509583,0.801100001335144,-19.86301873186141,-40.909093645759604,-7.142859846015656,-37.76595957169116,-49.130435593862856,0
HK.02370,491,1.2649999856948853,1.274999976158142,-0.784312992176598,0.002364345667336565,211500.0,267547.49697446823,4.68802768258605,1.1502999949455261,0.8578999970853328,12.946426813319636,26.499998569488525,10.000001036602539,100.79365004277344,277.611926622236,0
HK.02371,490,0.2150000035762787,0.20000000298023224,7.500000186264512,0.0,34180.0,7348.7001222372055,1.9737559919842471,0.20712000101804734,0.25191500067710876,7.500000186264512,-10.041836725914267,-28.333334989017843,-32.812497380655195,-43.421050980480736,1
HK.02372,491,1.0299999713897705,1.0299999713897705,0.0,0.14625228519195613,109200.0,112475.99687576294,4.99032649855072,1.0460000014305115,0.5652549995481968,-4.186053423058557,68.85245036643177,164.10256645383222,267.85713107306134,317.00404726407135,0
HK.02373,491,18.200000762939453,18.510000228881836,-1.6747674884340584,0.41400985486628017,400470.2,7288557.945534515,4.439846925533395,17.857257747650145,21.161865153312682,-1.8299043396197103,2.147813723116199,-28.10813417244479,-28.271772262751778,-43.322658019024544,0
HK.02376,491,2.3299999237060547,2.369999885559082,-1.6877621850007545,2.4475524475524475,7825.0,18232.249402999878,1.8070209623075035,2.16875141620636,2.467102012038231,15.346531965676222,1.0795948718855721,-20.461950446407826,-13.6686636000065,-26.26411927120092,0
HK.02377,491,0.800000011920929,0.800000011920929,0.0,0.7686832740213523,70050.0,56040.00083506107,1.1127515375401598,0.8324000024795533,0.8850126865506173,-9.090907243657693,-7.393117002240625,-11.211958738198852,-14.728317869135044,-3.231008475829441,0
HK.02378,491,105.0999984741211,106.5999984741211,-1.4071294760516808,0.8995683955290996,123943.55,13026466.915877152,2.0515042338449097,109.47399917602539,113.55662914276122,-7.563763152989293,-6.991151792813191,-11.108975248710207,-11.404781376238054,2.6219437927159457,0
HK.02380,491,2.8299999237060547,2.7950000762939453,1.252230642459149,0.7315572087262212,41015931.9,116075084.14773273,2.27438717700456,2.786399998664856,3.069052804708481,1.0714275678809637,-21.11916489404509,-5.987939722690924,-8.85415926787112,-4.486154456220581,1
HK.02381,491,0.22300000488758087,0.22699999809265137,-1.7621115588899148,0.41122790805128795,4057000.0,904711.0198289156,6.748583072362982,0.22599549502134322,0.15796593252569438,-1.5932911868017379,13.629441697596235,63.680517730542995,60.808921060345696,150.61181475934762,0
HK.02382,491,71.69999694824219,71.9000015258789,-0.27817047759690416,0.8454305583926525,11893524.6,852765677.5238434,4.3837336719673905,59.86099998474121,62.80431394577026,20.605544202009938,-12.169456559457563,23.649294505814616,7.089929171244188,-10.329509066413243,0
HK.02383,491,0.3799999952316284,0.36000001430511475,5.555550036607185,1.1117014754567376,48254.0,18336.519769906998,1.8266170220923446,0.37190000295639036,0.3960750035941601,4.1095850145108725,1.3333320617675781,-5.000002607703171,-8.433734247587214,-16.48351993844085,1
HK.02385,491,5.800000190734863,6.264999866485596,-7.422181734404057,1.057286432160804,200080.0,1160464.0381622314,4.988139212838081,6.040499992370606,5.750575003623962,-10.077513763590783,12.840473567960103,-1.360542893691104,-6.451606948963502,-12.25415924990126,0
HK.02386,491,5.130000114440918,5.074999809265137,1.0837498964112342,1.5519716141674547,6349420.7,32572528.917633533,2.8826640757176873,5.20939998626709,6.241125025749207,-4.291045025080655,-6.474449272877808,-30.645334723728567,-29.917201980252585,-22.38710376961507,1
HK.02388,491,52.650001525878906,52.25,0.7655531595768541,1.161181805020844,10252435.55,539790747.3514752,1.9878947866220555,48.57015251159668,42.84863431930542,3.9486672058205725,12.18688176082726,22.876699718365835,35.39643477204802,50.182016458357424,1
HK.02389,491,0.08100000023841858,0.07999999821186066,1.2500025611371375,0.3574468085106383,453800.0,36757.80010819435,1.7800266563923977,0.07887999996542931,0.0705450003221631,3.846152009225729,22.7272737535235,20.895519732473012,24.615389553047677,-5.8139564097732555,1
HK.02390,491,6.835000038146973,7.070000171661377,-3.323905626712053,1.905109489051095,14030.0,95895.05053520203,2.6135658774039388,8.176199970245362,8.656400001049041,-20.33799418503194,-10.183969537061307,-24.558501969295268,-22.417710413181272,-47.42307662963867,0
HK.02391,491,14.84000015258789,14.800000190734863,0.27027000903735277,2.5536062378167643,11400.0,169176.00173950195,2.761093285613563,14.367799949645995,16.687772850990296,7.380611290068814,-13.720933172495059,-13.855951269546301,-11.657614915904556,-22.21995070939346,2
HK.02392,491,1.0499999523162842,1.0399999618530273,0.9615375798129149,1.4819850441876274,115150.0,120907.49450922012,5.9919988710571594,1.0244999849796295,1.2191749939322472,-1.8691681453631321,-18.60465245223681,-32.258065508506085,-6.2500046566128535,-36.36363833403787,3
HK.02393,490,0.05900000035762787,0.05900000035762787,0.0,0.0,217125.0,12810.375077649951,2.5997683356721777,0.05830000005662441,0.09022000012919307,3.5087725031225445,-13.235298306987131,-49.57264870180955,-41.000000521540635,-61.18420904290721,0
HK.02396,169,4.590000152587891,4.880000114440918,-5.942622029758937,0.29941331175399555,50060.0,229775.4076385498,8.13855364347853,4.200600028038025,,23.886646345638347,-7.085018230333774,-50.80385648315574,-71.34831447296578,,0
HK.02399,491,0.3149999976158142,0.3149999976158142,0.0,0.8947608057400342,6589450.0,2075676.734289527,5.367480916300446,0.3115999972820282,0.47215000092983245,6.779664955205086,-9.999999148505061,-35.714287452030426,-54.347826274746836,-12.50000413921128,0
HK.02400,491,39.619998931884766,41.36000061035156,-4.206967245622598,1.226635264303709,2855252.1,113125085.15226173,4.228099365957956,44.0760001373291,61.234200191497806,-16.20135373346561,-26.219742329634876,-49.78453971399537,-39.418963291297395,-49.1399253455435,0
HK.02402,491,12.229999542236328,12.5,-2.160003662109375,0.3146177073816836,305229.4,3732955.422277069,4.175640664815901,12.75319995880127,20.150899901390076,-6.6412275870162265,-23.848070056466312,-49.91810194911191,-40.68865642834275,-52.889060194337965,0
HK.02405,491,0.30000001192092896,0.30000001192092896,0.0,0.37894736842105264,96800.0,29040.001153945923,3.610558797455723,0.48629999756813047,0.7472249975800515,-38.77550896283541,-41.176467150827804,-68.74999805974458,-72.22222222222221,-84.84848439237341,0
HK.02407,491,4.699999809265137,4.590000152587891,2.3965066017530985,0.9502262443438914,11890.0,55882.997732162476,2.120609205760452,4.901800003051758,6.182249999046325,-5.050505245112611,-5.050505245112611,-32.857145581926616,-41.61491058503831,-35.70451646983163,1
HK.02408,181,4.114999771118164,4.099999904632568,0.3658504105975084,1.20274042121289,104150.0,428577.2261619568,3.117422494462304,3.477171530723572,,29.60629395021294,-1.5284700089493846,-27.22419861300797,-5.341725630329942,,13
HK.02409,491,4.260000228881836,4.28000020980835,-0.467289251077145,0.4934286373068942,216950.0,924207.0496559143,2.8905600094038264,4.115499992370605,4.199124989509582,15.44715888407701,-0.9302316297384027,2.898559571648183,1.9138852590577675,-0.467289251077145,0
HK.02410,491,5.570000171661377,5.574999809265137,-0.08967960134188395,0.3459857807591468,5235925.0,29164103.148806095,7.654654820222542,6.782400026321411,10.161049995422363,-17.84660767998967,-36.99094937197742,-56.95517502098415,-56.92188677341525,-64.58995337726824,0
HK.02411,491,1.3600000143051147,1.3300000429153442,2.255636873816254,2.0160233066278224,512150.0,696524.0073263645,4.926995959503248,1.4761000108718871,1.639286727309227,0.0,-20.651310558415233,-19.24275753057196,-23.325984165180536,-26.623792888651344,1
HK.02415,491,0.75,0.7699999809265137,-2.5974001846660313,0.5041124966834705,338100.0,253575.0,4.163493889128321,0.7722000002861023,1.1046500033140183,4.895108742634554,-21.05263058828844,-42.307690191550996,-41.86046339701759,-62.97251642809968,0
HK.02416,491,3.2799999713897705,3.319999933242798,-1.2048181523292238,0.17773716977162857,716564.5,2350331.539498925,8.156116211407044,3.3596000194549562,2.9866000032424926,2.180683252677047,1.5479861306820204,24.242418221753294,43.85964967317309,22.388055585333166,0
HK.02418,491,2.884999990463257,3.049999952316284,-5.409834899430742,0.14227642276422764,71850.0,207287.249314785,3.1276823281335053,2.806700015068054,4.010242328643799,3.220032619414011,15.399999618530275,33.552986430438324,-69.30943737754785,40.615891988814006,0
HK.02419,491,58.900001525878906,57.45000076293945,2.523935150014545,1.1525147172636927,781298.6,46018488.73216705,5.858462381228859,50.68160026550293,63.168050060272215,12.61950742848482,6.221822751074324,-15.129682664465943,-15.007216548189037,-30.94959036503208,2
HK.02420,491,4.25,4.400000095367432,-3.409093002642436,1.5879828326180256,117825.0,500756.25,3.508357771127328,3.8645999908447264,3.6400336134433746,8.83482794207155,6.25,35.4301625469616,18.278054208421555,14.942002810070084,0
HK.02421,491,0.5799999833106995,0.5799999833106995,0.0,2.38897986706483,116210.0,67401.79806053638,2.0760431445187617,0.5961999988555908,0.6063999977707862,-2.5210158955061504,-6.451616314521787,-7.936509888789085,-10.769230063850333,-18.30985903668985,0
HK.02422,491,1.934999942779541,1.9950000047683716,-3.007521897013571,0.17427122940430925,2476800.0,4792607.858276367,14.141700484972988,2.2826000022888184,1.4518250007927418,-41.804513833691104,21.698107053988387,72.76785129833286,135.9756048363209,383.7499784864488,0
HK.02423,491,46.68000030517578,46.20000076293945,1.0389600309733598,0.8264118609429578,9229549.3,430835364.14063495,3.633302843015356,43.114399948120116,43.721865043640136,4.663681395104973,6.090909784490412,3.980520097953535,11.513910940926037,-2.801754335240832,1
HK.02425,491,1.7200000286102295,1.809999942779541,-4.972371105774867,0.06023200615872263,25193.95,43333.59472080469,1.2368969185786773,1.823799991607666,2.0533500027656557,-13.999998569488525,0.5847947508874469,-30.923693894674713,-19.626170827349192,-21.461187960275765,0
HK.02427,491,2.244999885559082,2.390000104904175,-6.066954518016912,0.42884990253411304,127000.0,285114.9854660034,5.324377361945252,2.5375000190734864,2.7155250111222267,-5.2742618580554295,-47.79070265168023,-42.43590177790564,323.5849069335275,367.708319945571,0
HK.02429,491,1.774999976158142,1.7999999523162842,-1.3888876011341837,0.3887468030690537,88500.0,157087.49788999557,4.009253803424097,2.170299994945526,2.329825002551079,-15.47618777303186,-15.071767987912521,-25.420172655113316,-27.254101043745706,-43.65079611367131,0
HK.02431,413,3.244999885559082,3.440000057220459,-5.6686095470282725,0.6414270702080143,6903880.0,22403089.809913635,6.0768421218298805,5.876699967384338,10.74447502732277,-29.07103779573025,-67.1890821748055,-78.29431486983684,-76.78826901420634,-86.96787174589275,0
HK.02432,415,21.899999618530273,23.020000457763672,-4.865338040667456,1.4654286541859427,3104283.05,67983797.61081,5.428358215455402,25.22719985961914,33.003400020599365,-15.769232236422026,-30.12125235512519,-53.404256130786656,-42.57996861826342,-59.556788547708514,0
HK.02433,491,0.06599999964237213,0.06800000369548798,-2.941182271212952,5.41031652989449,396400.0,26162.399858236313,4.476979709612811,0.06802000001072883,0.07524000005796552,-15.384617588929125,-20.481925115198997,-14.285714285714285,-9.589040257018498,-31.250000970127672,0
HK.02436,491,19.799999237060547,20.100000381469727,-1.492542978684478,1.2159353019904888,529380.0,10481723.596115112,5.709857563854416,20.78319995880127,14.481149952411652,4.98408587639734,-17.36227047733073,80.16378206936051,330.4347749468508,465.7142639160156,0
HK.02438,491,0.3050000071525574,0.3050000071525574,0.0,1.0512049468468088,1149400.0,350567.00822114944,4.555375232237473,0.3355000013113022,0.4815000005066395,-15.277779157514871,-23.74999934807421,-54.47761200668817,-48.30508123557807,-58.78378334839559,0
HK.02439,491,0.33500000834465027,0.33000001311302185,1.5151500099837776,0.2326229037395459,22791900.0,7635286.690190434,6.766883815643235,0.3175000011920929,0.3007200000435114,21.818182212262105,-10.666664441426594,28.846161781683765,40.167371842839756,-15.18987360873143,6
HK.02440,491,0.8700000047683716,0.875,-0.5714280264718192,1.1420612813370474,75000.0,65250.00035762787,5.120899866527717,0.9284999990463256,1.541825003027916,-3.8673997489360077,-40.41096013445501,-43.87096570756253,-52.97297332128353,-79.52941165250891,0
HK.02442,491,113.0,115.9000015258789,-2.5021583155297673,0.4732318192061295,621560.0,70236280.0,16.503647596341047,75.43799995422363,36.98009996175766,67.4074074074074,109.25925925925925,841.6666666666666,481.57487506523074,4024.087576886728,0
HK.02443,491,1.4199999570846558,1.4850000143051147,-4.377108188168932,0.8595548733691482,194810.0,276630.1916396618,4.815189511659754,1.5407000088691711,2.1435249990224836,-9.554145882553037,-7.792208294861243,-42.51012386086355,-49.28571495474603,-66.10978668991598,0
HK.02450,491,12.0,14.5,-17.24137931034483,0.6638099720109975,935992.5,11231910.0,9.590672976133595,6.9586999797821045,4.521624991893768,77.77777777777779,160.86957062575237,215.78947764684625,269.2307692307692,328.5714358699566,0
HK.02451,491,13.069999694824219,12.59000015258789,3.8125459604356213,0.5684339608326167,1246362.6,16289958.80164032,5.314475102420747,13.045199947357178,12.652899990081787,-1.9504893501120872,21.018513555552985,-12.92472021635763,7.131146714431679,55.966581340508725,1
HK.02453,491,0.7950000166893005,0.8349999785423279,-4.7904147162800985,0.7993111860515175,284820.0,226431.90475344658,5.680747339494439,0.7694000053405762,1.3363999995589255,14.388492787194693,-11.666662472265626,-50.621117414559336,-56.55737715596998,-86.29310361128499,0
HK.02455,491,0.6700000166893005,0.6650000214576721,0.7518789579387514,0.2510460251046025,84600.0,56682.001411914825,1.1532464231309145,0.676285719871521,0.678624986410141,0.0,-5.06072633423821,-1.1591149781983927,-12.007498287037352,7.692311377130771,1
HK.02457,491,0.4000000059604645,0.39500001072883606,1.265821543245696,1.5025041736227045,158000.0,63200.00094175339,2.437658664727337,0.3609000039100647,0.32055000007152556,15.942031113797448,9.589039865544988,31.147539862315227,37.931040507009456,33.33333002196431,1
HK.02458,491,6.389999866485596,6.670000076293945,-4.197904147010538,1.0169491525423728,9720.0,62110.79870223999,1.5656620420930099,6.098199968338013,5.908549997806549,-3.0349056368952416,31.752577157415352,0.9478664060459034,0.1567359226537258,0.7886390014879726,0
HK.02459,491,0.7450000047683716,0.7549999952316284,-1.3245020564786776,0.10772732404465254,928139.6,691464.0064257145,8.592260923939152,0.5856000006198883,0.8665499973297119,35.45454338562394,52.040814340536656,-41.79687332652971,-26.960782480441498,-50.0,0
HK.02460,458,7.420000076293945,7.409999847412109,0.1349558581344431,0.7551967899041399,883433.5,6555076.637400627,2.135581777633444,7.520637435913086,8.772981882095337,-4.010348538352234,-5.2900412860042865,-25.780180407060598,-23.801960393724062,-34.22807467655839,3
HK.02465,453,9.420000076293945,9.789999961853027,-3.7793655464841223,0.5240255099682716,5026958.2,47353946.62752648,4.50798677788185,10.37049997329712,12.926874961853027,-9.423072867139409,-35.567714432073565,-13.657193326832148,-33.38048198321088,4.550497635925048,0
HK.02469,491,0.32499998807907104,0.3199999928474426,1.5624985448084445,1.1301110741200326,3182250.0,1034231.2120646238,6.235517629190951,0.38649999976158145,1.328024998754263,-5.797104579113893,-52.898552289556946,-81.6384185547308,-85.09174412262676,-90.66091993397175,1
HK.02473,491,0.45500001311302185,0.45500001311302185,0.0,0.41924461271339614,53236000.0,24222380.69808483,4.890497799303202,0.5145000022649765,3.241724977642298,-7.142856273984786,-36.80555624542411,-66.29629592019018,-94.17413551284753,-94.06005192980858,0
HK.02475,40,63.599998474121094,63.5,0.15747791200172243,0.5733925645425094,4192405.8,266637002.48289642,5.481341736409445,,,8.625105555704321,,,2.0866761685082222,,2
HK.02476,93,201.8000030517578,215.0,-6.139533464298692,0.6429867720151553,4915478.1,991943495.5808486,7.695769272198428,242.89200103759765,,-8.770340942194368,-51.114338900376524,,-35.936506967695934,,0
HK.02477,491,0.2199999988079071,0.21699999272823334,1.3824913272835533,0.46816279811115197,674995233.55,148498950.57634297,8.771951286364645,0.24724000006914137,2.401234997883439,-5.172411578305348,-67.64705933914053,-92.75720145793652,-92.8629359231405,-87.77777752022683,1
HK.02479,490,65.0,65.0,0.0,,0.0,0.0,0.0,65.0,65.0,0.0,0.0,0.0,0.0,0.0,0
HK.02480,491,13.600000381469727,13.5,0.740743566442419,6.666666666666667,990.0,13464.00037765503,0.11919355079027219,13.25940008163452,19.690350074768066,-2.787701186768972,-28.04232457160596,-47.081712148890155,-43.0962318052704,-45.55644263133485,1
HK.02481,491,2.5,2.575000047683716,-2.9126231570822863,40.625,4850.0,12125.0,0.15934220752173978,2.5745999956130983,2.5051607477664946,-1.960782480441495,0.0,-2.360479653249787,4.85800894623489,-4.09783963686949,0
HK.02482,491,0.30000001192092896,0.3100000023841858,-3.225803350434739,0.3391746749576032,88000.0,26400.001049041748,5.090612593452332,0.4508000034093857,0.5761500017344952,-36.17021006769376,-42.307687899064575,-57.74647591724625,-59.45945837098897,-62.02531597817143,0
HK.02483,491,1.7799999713897705,1.7799999713897705,0.0,2.727272727272727,2500.0,4449.999928474426,0.0,1.7818999695777893,1.6946991831064224,-0.558658697003811,2.890170622255947,8.069579518855605,8.701565041939187,11.505120130857414,0
HK.02486,491,3.6649999618530273,3.5,4.71428462437221,0.9527860484900043,23260.0,85247.89911270142,3.651374235221299,3.8492999935150145,5.696775008440017,-14.568764698311018,-35.01772963450854,-32.75229192444309,-51.96592520468688,-40.59967720366001,1
HK.02487,491,1.7999999523162842,1.7400000095367432,3.448272554637248,0.34032711052370723,123120.0,221615.9941291809,6.711179594963815,2.4133000063896177,4.243324994444847,-30.501930039885867,-51.086958704801454,-63.488843509293346,-60.78431606801963,-81.17154944237488,1
HK.02488,491,7.179999828338623,7.105000019073486,1.0555919643039906,0.14945518913087136,528877.5,3797340.35921216,3.4431414720803257,6.7459585571289065,7.409994707107544,9.257446605342905,-5.784254651642255,-4.061997752799682,-8.995950265510933,-28.45593827242499,2
HK.02489,491,0.8500000238418579,0.8399999737739563,1.1904821881092846,0.7992913499371691,2431150.0,2066477.5579631329,5.1180584898029995,0.7776999986171722,1.0249249997735024,6.2500013969838415,-6.593406665384184,-27.96609647244543,-22.01834882452535,-42.58277757999824,1
HK.02490,491,4.199999809265137,4.505000114440918,-6.770261874091707,0.2881732519541707,2228130.0,9358145.57501793,7.728448025264887,4.587800011634827,4.9046897387504576,-16.996050261652616,-4.9773815210716705,-34.516706308620506,0.10664129915310919,-45.0171851766771,0
HK.02493,79,20.780000686645508,20.520000457763672,1.267057617357244,1.1260912513014925,383630.0,7971831.663417816,7.582043165580631,22.57720001220703,,-2.897191322133988,-7.397503600290454,,-20.13835387752535,,1
HK.02495,491,29.020000457763672,29.200000762939453,-0.6164393851805547,0.45095601161186505,59335.65,1721920.5901617052,5.419769865663478,36.370000228881835,50.279500007629395,-23.470459232432976,-46.0594779381093,-54.009506878727564,-60.8894856451188,-63.49685477010859,0
HK.02496,490,3.299999952316284,3.299999952316284,0.0,0.0,190.0,626.999990940094,3.1666670419551806,3.661399984359741,5.49640001296997,-10.326089879008403,-23.25581846654943,-54.419888720429846,-58.015268495411966,-42.10526205716258,0
HK.02497,491,0.5299999713897705,0.5450000166893005,-2.7523018055394695,1.8006430868167203,271200.0,143735.99224090576,3.8435747655258763,0.6279999995231629,0.5678999973833561,-17.82945937014615,-32.911397848845795,3.92156496088299,20.45453960491603,-36.14458047628995,0
HK.02498,491,17.34000015258789,18.0,-3.6666658189561634,0.7596867139138329,4958499.45,85980381.21960698,4.550259596980506,21.962599868774415,30.8994499206543,-27.629378901666463,-45.02219515139171,-52.77777893206764,-53.51206298320991,-55.56125077098042,0
HK.02499,491,5.710000038146973,5.730000019073486,-0.3490398055835884,0.8948545861297539,4110.0,23468.100156784058,1.0572477208713456,5.8325999736785885,5.874550018310547,-3.2203399008356532,-1.7211687713843207,-1.5517267177277032,-5.619837055684332,10.231664621084285,0
HK.02500,491,1.125,1.0199999809265137,10.294119709503317,10.157308402843867,647475.0,728409.375,6.254776270098458,1.1859000074863433,1.9553750011324882,3.686632299233984,-14.772730659354682,-61.47260374637228,-54.26829339208381,-75.96153757981291,3
HK.02501,491,2.0,1.5399999618530273,29.87013308711196,6.1187826786432495,952600.0,1905200.0,5.8629643023534666,1.2513999986648559,1.0759999945759773,48.6988815953092,92.30769936149669,73.91304708383491,117.39130040422963,124.71910473554222,4
HK.02502,491,0.6449999809265137,0.6050000190734863,6.611563734210188,1.2526997840172787,49200.0,31733.999061584473,4.839012108387805,0.5962999975681305,0.5216499981284142,2.3809501283202863,11.206896463132214,51.76469713758869,49.999993069227465,28.999996185302734,1
HK.02503,491,0.2549999952316284,0.2549999952316284,0.0,0.14014122759369907,3624200.0,924170.9827184677,8.035461776315783,0.24417999625205994,0.3660502278804779,-8.928573519295567,17.511522477784393,-38.5542167809484,-49.000000953674316,-77.02702775267402,0
HK.02505,490,0.550000011920929,0.5600000023841858,-1.785712575121809,3.453204285810208,23300.2,12815.11027776003,1.3816699412442763,0.685,1.0125250005722046,-16.666668171834402,-21.42856838751807,-53.781513825672356,-61.538459294069234,-80.24030905695196,0
HK.02506,412,71.05000305175781,71.9000015258789,-1.1821953492103259,0.0826997173305875,234872.0,16687656.316772461,5.7958269683786865,70.94100051879883,78.17599998474121,4.793510108722243,-15.164175460587687,-19.169508739041643,-7.245424977701949,-34.69669020325464,0
HK.02507,491,45.41999816894531,46.20000076293945,-1.6883172751370172,1.073665023621303,940792.3,42730784.54335785,4.9389613039963525,41.319983406066896,45.732734804153445,3.133508684672661,19.26095863270656,-28.223591489755723,-23.020690107295756,-31.2846467276037,0
HK.02508,293,3.2200000286102295,3.184999942779541,1.0989038134846556,1.4978709192619186,316175.0,1018083.5090458393,4.995636482461734,3.340399994850159,4.1832500123977665,-5.294119462009894,-16.79586243333829,-40.14869962609941,-17.010310988761145,-52.507375678956656,2
HK.02509,491,16.360000610351562,16.290000915527344,0.42970958189140596,0.8421893727526968,117700.0,1925572.071838379,3.8844085816321074,16.211600036621093,18.24285000324249,-0.06108874996431731,-0.8484811493844696,-20.195118973894818,-16.445348957616435,-39.80868128527507,1
HK.02510,451,13.210000038146973,13.520000457763672,-2.2929024343241484,1.3022501594357703,4811928.85,63565580.29206052,5.157592711649631,9.413300008773804,8.327126336097717,50.79908325337057,55.41176515467027,45.97210892174963,74.98960612684556,44.5109438303855,0
HK.02511,491,3.140000104904175,3.140000104904175,0.0,0.1648878124033067,1259120.45,3953638.345086992,8.570186769027831,2.9407999992370604,3.015399999022484,-1.2578604092237398,4.318940692784194,26.10442140071968,3.6303674769987047,-2.484469658237336,0
HK.02512,491,2.7750000953674316,2.7799999713897705,-0.17985165733074962,0.03564003564003564,165600.0,459540.0157928467,8.160108801717053,2.777199995517731,3.212450003027916,-0.8928520490927705,-7.190632557978574,-21.38809864423578,-19.797685989228995,-30.276379847519934,0
HK.02513,160,1117.0,1179.0,-5.258693808312128,0.48215228482634054,6101464.35,6815335678.95,10.971558560071012,1342.68,,7.300672430355427,-23.806275579809004,99.46428571428572,749.4296577946768,,0
HK.02515,491,3.3499999046325684,2.7149999141693115,23.388582340251862,6.146301593788312,295100.0,988584.9718570709,6.996417493940673,1.82,1.2057499995827674,23.161759904253902,134.26573618949908,241.8367183094274,268.131847042434,569.9999809265137,4
HK.02516,491,0.7950000166893005,0.7599999904632568,4.605266666478442,1.3623079805170475,2768400.0,2200878.0462026596,5.965116283320883,0.8626999950408936,1.0199750018119813,0.0,-33.19327912082452,-29.0178559549457,-18.87755089628354,11.97183672054227,2
HK.02517,491,1.6649999618530273,1.659999966621399,0.30120453808230596,0.99843427498116,9399557.75,15650263.295185328,3.545846409623647,1.879800009727478,3.112510023713112,-17.574258535916343,-30.042021773425425,-54.30688741860514,-52.23581167130161,-50.01348169134779,1
HK.02518,491,41.7599983215332,42.86000061035156,-2.5665008706338805,2.258527524484971,5267.6,219974.9671585083,1.289013125931759,41.18617614746094,39.92471664428711,-7.405765555633936,23.560850185841296,0.9655107407478458,-2.4610314413450607,-23.68369391251875,0
HK.02519,445,3.9000000953674316,3.9000000953674316,0.0,0.0,11610.0,45279.00110721588,0.58960706312266,4.115300040245057,4.887775009870529,-2.499997615814209,-16.309008088631956,-24.999995415027158,-35.85526078444106,-50.19156917792786,0
HK.02520,490,2.180000066757202,2.180000066757202,0.0,0.0,117800.0,256804.0078639984,1.1288081058322181,2.2406685161590576,2.0880829167366026,-5.217386436822859,15.393659684867805,12.449933884687812,-6.211966110039798,5.962443964182041,0
HK.02521,491,0.9399999976158142,0.9300000071525574,1.0752677834782465,0.6123001896505013,1165500.0,1095569.9972212315,4.790126058738223,0.9944999945163727,0.9276749965548515,-8.73786177416297,-10.476186637705242,-16.814159151997856,51.61290167521737,184.84847280714294,1
HK.02522,491,5.199999809265137,5.304999828338623,-1.9792652680701288,0.24732485362406623,479475.0,2493269.9085474014,5.865404606150896,4.876500005722046,7.4967250061035156,8.786602113425989,-31.578949019519264,-31.578949019519264,-37.2738258963417,-72.78911751343229,0
HK.02525,236,15.8100004196167,16.020000457763672,-1.3108616238846713,1.0787355129534917,7563166.25,119573661.58613086,4.112531405803403,16.72160005569458,20.749337477684023,-11.675973427116638,-17.387329644247977,-42.45677816157697,-29.96677791669715,,0
HK.02526,106,562.0,520.0,8.076923076923077,0.9016710448732715,45158.1,25378852.2,14.023000750747325,384.84399963378905,,34.64303023908922,69.27710843373494,,168.12976318447423,,1
HK.02528,490,0.925000011920929,0.925000011920929,0.0,0.2828282828282828,50100.0,46342.50059723854,2.407113794874368,0.8852999997138977,0.5208000010251999,8.823527761809187,28.472218772879494,193.65079965781257,230.35714570813033,218.9655305301679,0
HK.02529,490,2.75,2.7850000858306885,-1.2567355386723056,1.0526315789473684,3000.0,8250.0,0.08147514404088788,2.7542000007629395,2.7690219640731812,0.0,-4.181180848225219,3.160229714879477,0.07570097585282029,5.324436201037982,0
HK.02530,404,0.7099999785423279,0.7200000286102295,-1.3888957875743526,2.048780487804878,434000.0,308139.9906873703,1.8217083600934907,0.7462000048160553,0.6329566319286823,-3.4013653437030817,-2.2396496989097328,22.20043035461939,16.381370770548546,16.381370770548546,0
HK.02531,490,4.75,4.75,0.0,0.0,73225.0,347818.75,4.011215336456448,4.302400002479553,6.4220999813079835,-11.214951688373453,33.426968436728195,-31.850787044723976,-34.02777603011068,-61.033632784992754,0
HK.02533,491,10.600000381469727,11.229999542236328,-5.609966041380125,1.057672666188692,4733016.25,50169974.055502415,4.923251936920127,11.341399993896484,16.70610010623932,-14.927766059251649,-29.754802688641075,-45.10615911634145,-45.724526324681904,-45.07771605961918,0
HK.02535,491,0.7200000286102295,0.7549999952316284,-4.635757197675371,0.15676567656765678,27455500.0,19767960.785508156,14.608167600079527,0.5433999967575073,0.7524999959766865,61.79776183885556,54.83871463930442,-27.99999713897705,-18.181814487315386,28.57143313300851,0
HK.02536,491,0.699999988079071,0.7400000095367432,-5.405408235428679,0.5082694634933441,123950.0,86764.99852240086,1.537963099845249,0.915257238149643,1.6864862015843392,-14.549481121731098,-43.25551422679161,-67.57458090106933,-66.52860059377275,-70.35125980343051,0
HK.02539,183,9.414999961853027,9.010000228881836,4.495002471508848,0.7214121258633922,5810.0,54701.14977836609,4.619237329469632,10.033100032806397,,-22.70115167524086,-36.29905188123877,-49.61983484739045,-73.59806928147951,,2
HK.02540,491,0.7400000095367432,0.7450000047683716,-0.671140295251806,0.3992015968063872,63750.0,47175.00060796738,2.711019589150063,0.7910000014305115,1.0536999946832657,4.225356605785697,-14.94252810564519,-35.65217174969904,-43.07692025540133,-53.75000009313226,0
HK.02543,241,35.619998931884766,36.02000045776367,-1.1104983919918048,1.3695450324976788,44750.0,1593994.9522018433,2.788476418880324,29.002799949645997,31.759586524963378,18.73332977294922,14.239892826338293,4.4496625699583845,2.5442762871064772,,0
HK.02545,491,0.41999998688697815,0.42500001192092896,-1.1764764455773846,1.5789473684210527,69700.0,29273.999086022377,2.1375120913632752,0.4089000004529953,0.4258249999582768,4.999995157122685,0.0,-8.69565668088043,1.2048181523292238,-31.147544747941737,0
HK.02546,171,20.860000610351562,19.34000015258789,7.8593611466972,1.037120738795083,627713.0,13094093.56312561,7.217918797235347,17.37140001296997,,9.789476896587171,43.436706958635405,17.473868553928224,112.61698976598353,,2
HK.02549,472,4.0,4.0,0.0,0.801213193479085,204250.0,817000.0,4.556870306332088,3.8933159160614013,4.384844425916672,11.420615477244606,-8.671874140934953,-13.448452580195475,-9.865702323938184,-13.0847857179269,0
HK.02550,491,1.965000033378601,1.9049999713897705,3.1496096005218424,0.5181608937292989,908325.0,1784858.6553186178,4.255057848912146,1.9802000045776367,2.3057499921321867,-0.25380686086363924,12.931035782106795,-16.73728302014122,-37.42038319331304,-61.695906636587814,1
HK.02551,446,1.590000033378601,1.600000023841858,-0.6249993946403356,0.43137254901960786,21650.0,34423.50072264671,1.9050075512710904,1.7443000078201294,2.266845781803131,-3.6363602210010213,-32.33519030115306,-33.71610313778242,-42.41292741860414,-49.09230637698882,0
HK.02552,491,2.375,2.4000000953674316,-1.0416705989173811,0.6914269904217336,1917900.0,4555012.5,4.974998979498016,2.4776999855041506,2.978174991607666,0.8492560834195725,-8.653842803289075,-26.242236680194576,-22.131146323581543,-31.556196529738596,0
HK.02553,64,24.5,25.299999237060547,-3.1620524157513525,1.9386784276926738,189280.4,4637369.8,7.6244040301189875,30.166599998474123,,-12.5,,,16.33428595105468,,0
HK.02555,491,4.21999979019165,4.295000076293945,-1.7462231611183325,0.5252754889354672,1180744.95,4982743.44126985,2.5732358280641554,4.693800029754638,5.6389819169044495,-11.62304280819233,-21.706866517175115,-33.02945794532271,-30.701881044707797,-50.685226075568664,0
HK.02556,491,59.5,58.650001525878906,1.4492727229444962,0.4486873986946391,8920778.6,530786326.7,8.198803952734103,42.41799991607666,38.81574999809265,25.10512674924839,47.496281048434646,40.52905003677299,60.55045276625758,-1.5715479751025534,1
HK.02558,490,1.1150000095367432,1.1150000095367432,0.0,0.0,150.0,167.25000143051147,0.0,1.1500714111328125,1.2447030359506608,-6.302524712385063,-4.622398103807253,-13.10041306880578,-16.798262897726413,-20.19425463015145,0
HK.02559,491,1.0750000476837158,0.9100000262260437,18.1318699672967,1.7335074834265498,2651291.95,2850138.972673452,7.113933470970305,1.552400015592575,1.8255000039935112,-22.101445550854468,-3.153150105435783,-49.530516904883754,-52.64316930765135,-25.34722187728795,2
HK.02560,405,1.4249999523162842,1.4299999475479126,-0.3496500290228781,5.904255319148936,23050.0,32846.24890089035,1.5448333353384158,1.4438999891281128,1.5173551684617996,-0.6968634747042031,-5.000003178914389,-12.433955164047436,-6.252825253539547,-27.228221246122697,0
HK.02561,357,19.489999771118164,19.600000381469727,-0.5612275929114752,0.20512820512820512,25505.0,497092.4441623688,1.4144139760770749,20.07519992828369,27.259549980163573,-1.9617676363795105,-11.00456570498263,-40.939394632975265,-42.028553270910116,-58.067986310095336,0
HK.02562,453,1.2300000190734863,1.2599999904632568,-2.3809501283202863,0.5988627607585106,11639678.6,14316804.90000925,4.974539355248134,1.383199999332428,2.7765000015497208,-21.405752453578458,-37.24489820743292,-67.1999994913737,-35.93749757468074,-93.21566422498677,0
HK.02563,452,3.700000047683716,3.700000047683716,0.0,0.01350438892640108,14220.0,52614.00067806244,2.181943585423541,3.5653000116348266,3.62837499499321,4.225354855837685,-7.035175126832094,-7.4999988079071045,-12.52955009456143,-58.888888359069824,0
HK.02565,315,5.585000038146973,5.485000133514404,1.8231522734438916,0.6427718949451803,15001370.7,83782655.93175687,8.925405462256911,5.9990999889373775,37.948875041007994,0.0,-29.836683274098096,-90.9919354223436,-91.93501799545564,-83.28844900016573,1
HK.02566,432,5.400000095367432,5.224999904632568,3.34928600821036,2.4570912375790424,36670.0,198018.00349712372,3.4604804761857624,5.629499988555908,7.129820342063904,-0.27700584656075805,-8.826538556353364,-41.149889103452864,-28.235350554637318,-63.24838368608493,1
HK.02567,463,0.3400000035762787,0.3400000035762787,0.0,0.5170863309352518,628800.0,213792.00224876404,3.3626928283678135,0.37009999990463255,0.49367499992251396,-10.526313725600916,-19.047615668670826,-21.839080066028245,-47.69230522347616,-77.48344332956127,0
HK.02569,352,1.350000023841858,1.2999999523162842,3.8461594891973454,3.1015228426395938,210300.0,283905.0050139427,1.5161064013917651,1.1938000178337098,1.0670500075817109,14.406786767000481,37.75510179256708,27.358499690280752,40.62500562674068,23.853209403797177,4
HK.02570,426,14.630000114440918,15.010000228881836,-2.5316462934472983,0.986234870588643,611293.25,8943220.31745696,6.307853198361116,18.857800045013427,48.97125002384186,-23.920954432120904,-56.01322654015542,-73.87499979564122,-77.69817003850635,-90.53686963980772,0
HK.02571,401,15.020000457763672,15.0,0.13333638509114584,0.11895502584984216,109865.0,1650172.3502922058,2.949502483219323,15.756400089263916,13.975350017547607,-3.7179481379692825,11.755959276118597,11.17690750036954,14.656488705220442,18.267721916074407,1
HK.02573,305,5.480000019073486,5.5,-0.3636360168457031,0.2695936838051223,50390.0,276137.200961113,4.3552922531702425,4.881600008010865,6.105499999523163,27.738929319394423,8.51484776431366,-18.814814532244647,-31.328320727125273,-57.74865145527978,0
HK.02575,217,9.404999732971191,9.600000381469727,-2.031256674478186,0.9464037367805144,382752.6,3599788.100794029,6.526420432886862,12.211100044250488,38.485374865531924,-23.536588722530013,-44.611307499879246,-84.92788541187664,-85.57515310861567,,0
HK.02576,468,5.0,5.085000038146973,-1.6715838251585846,1.177683871616863,814010.0,4070050.0,5.450928753063718,5.814900007247925,4.828424991369247,-12.58740938113787,17.924534667637733,2.459013990675489,25.313282908501105,0.0,0
HK.02577,412,44.0,45.060001373291016,-2.352421972892623,0.5711110623834065,4850344.2,213415144.8,5.524643919593817,48.41159980773926,61.93339994430542,0.22778694907822492,-34.71810236813458,-35.10324775883733,-41.21576366469437,-45.54455651218843,0
HK.02579,195,24.899999618530273,26.360000610351562,-5.5386986267669025,1.0900225151276213,1052665.45,26211369.303439997,4.103927516408599,25.424800033569337,,-6.601651308909064,-24.67715039112602,-30.59537611958454,-22.02690014609387,,0
HK.02580,246,9.289999961853027,9.489999771118164,-2.107479600513959,0.40729567780937526,1923214.05,17866658.451135207,3.6453562325105104,9.452859859466553,10.36536262512207,-6.402591791079409,-3.196022452014994,-10.718790435948906,-20.67655697139289,,0
HK.02581,170,2.700000047683716,2.7850000858306885,-3.052065907625259,5.321739130434783,17825.0,48127.500849962234,3.2902132523168945,2.676400022506714,,3.053441435840466,-14.28571536697765,-27.223719139574992,-36.768148483741584,,0
HK.02582,441,8.819999694824219,8.944999694824219,-1.3974287788106674,4.605264741490275,1363779.45,12028534.33280754,5.40975630760952,10.727499961853027,25.308624939918516,-18.257648507817876,-60.9734533365055,-79.64928550121945,-66.07692425067609,-87.19883962337589,0
HK.02583,226,79.0,77.25,2.26537216828479,0.6639608961712928,399860.0,31588940.0,9.898332575318467,55.396999740600585,112.22900001525879,40.69456429772275,23.4375,-47.22778783535063,-52.976190476190474,,2
HK.02585,431,31.100000381469727,30.139999389648438,3.18513938706648,0.4206804488220226,271710.0,8450181.10364914,11.39675785816523,26.438200016021728,18.830644636154176,5.638586335933456,141.45962814550552,92.01138265187761,122.93303862973765,101.53261549494177,3
HK.02586,426,4.114999771118164,4.289999961853027,-4.079258561561234,0.8590522067210293,1909246.7,7856549.73350811,4.950119585727558,5.414699964523315,6.87487498998642,-25.113742369086722,-33.1980540089311,-53.55530552400262,-44.83914544134091,-61.61380906141814,0
HK.02587,412,1.600000023841858,1.6699999570846558,-4.191612876745086,0.4387120512761547,15294225.0,24470760.36464274,6.168519046679176,2.0934000039100646,3.9335000032186507,-25.233647410802213,-53.890489606633395,-74.44089512233691,-65.06550108090032,-84.12698377031738,0
HK.02588,491,72.25,72.30000305175781,-0.0691605112686047,0.7609520088850845,1137569.35,82189385.53750001,2.8701427850702474,76.77200012207031,76.36515319824218,-6.714005362346508,-3.607941483718464,-15.792933150631825,1.2312865482072886,7.257860189180267,0
HK.02589,328,79.5,80.30000305175781,-0.99626777254562,0.1431603766190197,463633.5,36858863.25,5.217230813544436,95.74364501953124,100.32692993164062,-33.019887716233605,-44.01744125449812,-5.885328163219151,-3.7401060905337173,-46.480627328068344,0
HK.02590,285,8.989999771118164,9.0600004196167,-0.7726340536030204,1.533833998554464,8156283.2,73324984.10117494,5.80980250445577,10.308799953460694,18.658899965286256,-13.640731000077318,-41.164921935701756,-66.8020686985001,-61.01474423537775,-54.95991892047884,0
HK.02591,258,3.5250000953674316,3.734999895095825,-5.622484755732658,1.3158416269856956,7899598.1,27846084.05586438,8.866537814713379,6.692199983596802,19.78109997034073,-52.13849008942656,-65.84302132164478,-87.34745147831154,-88.41222851240414,-93.34905642383504,0
HK.02592,289,1.1549999713897705,1.1449999809265137,0.8733616270600302,0.3309251922628758,106175.0,122632.12196230888,3.8621187955181533,1.2278999924659728,2.5235250008106234,-1.2820501064172196,-3.7500062088169175,-50.21551704204749,-74.39024583650344,-77.39726142442547,1
HK.02593,417,0.949999988079071,0.949999988079071,0.0,0.5676126878130217,48360.0,45941.999423503876,2.1724054636100854,0.9496999979019165,1.0647749996185303,0.5291000285156192,-11.214958737433308,-16.666666666666664,-19.49152285530103,-37.086093107350415,0
HK.02595,233,28.299999237060547,28.1200008392334,0.6401080812771964,1.0692571553490613,1485944.7,42052233.87631416,7.771037424584841,31.86080005645752,31.691899919509886,2.239880509570783,-9.584664770368017,-6.538974255896261,26.6785991215951,,1
HK.02596,402,2.619999885559082,2.640000104904175,-0.7575840359983141,0.8695652173913043,1200.0,3143.9998626708984,0.07575795204951014,2.638897204399109,2.6002745413780213,-0.945183196510814,0.8175624832453545,1.2008923740695803,1.5871671769871205,2.368602484012061,0
HK.02597,285,34.5,37.0,-6.756756756756757,1.674515960230246,10355.0,357247.5,3.6156047500531168,35.975599975585936,28.07115005016327,-1.7093974364798536,-28.095038913808274,115.89487477026475,127.72277801117795,165.3846153846154,0
HK.02598,491,3.9200000762939453,3.9649999141693115,-1.1349265788015512,0.6958875575846953,1118534.3,4384654.541337395,5.603689535117617,4.037099990844727,5.74697500705719,-2.487559828533153,-25.047799961798322,-47.87233927876985,-42.01183515429632,-65.15555487738716,0
HK.02600,491,8.520000457763672,8.65999984741211,-1.61662115606473,0.7849676617824274,38519016.2,328182035.6566063,3.839435660175901,8.161067037582397,10.778202204704284,-1.4459224219906586,-19.956908334253924,-35.44337522109019,-31.10214824269708,30.836037645133267,0
HK.02601,491,30.520000457763672,30.920000076293945,-1.2936598238786847,1.0369258526223446,8589683.75,262157151.98204517,2.4757198890247056,29.02879997253418,31.99961438179016,0.26281183410804226,-0.3995032321530699,-17.06014186358741,-12.065424726009368,-13.92017612255589,0
HK.02602,491,19.450000762939453,19.649999618530273,-1.0178059006282019,0.7852940475513479,853270.6,16596113.820993805,3.5530170618051553,17.529399967193605,18.117184734344484,13.742691982722322,7.103529330211836,3.345036593463525,8.409339313808799,-16.763851942304285,0
HK.02603,315,12.649999618530273,12.4399995803833,1.6881032574801915,0.9362312400266629,2482675.0,31405837.802934647,3.797757687448851,13.478756866455079,13.873009271621704,-1.6728421578551171,-21.132156828049666,-15.89631404880181,-1.452980366057858,-24.070385730518133,2
HK.02605,305,1.1399999856948853,1.1649999618530273,-2.145920770536129,0.5643421998562186,114420.0,130438.79836320877,4.8917369511179825,1.1573999977111817,1.802599995136261,-3.389827426361236,-12.307690191550995,-37.70492027536954,-58.08823626088847,-78.49056708171891,0
HK.02607,491,11.420000076293945,11.5600004196167,-1.2110755903190182,1.7888184268042095,1389931.9,15873022.404043388,1.7502926047421696,11.668859176635742,11.426431965827941,-4.114187887455219,1.745454916218538,-1.7221770011238795,2.1851546767221905,-5.023551105546088,0
HK.02608,491,0.012000000104308128,0.010999999940395355,9.090910630285256,3.4158881722404573,20403200.0,244838.4021282196,11.93181984594797,0.010119999796152114,0.010584999872371555,20.000003725290384,20.000003725290384,-7.692308794464562,20.000003725290384,-7.692308794464562,1
HK.02609,296,3.015000104904175,3.059999942779541,-1.4705829646026318,0.599045266632228,6977785.0,21038022.506998777,4.749609407062964,3.2030999946594236,4.1806250047683715,-2.1103837796095757,-41.45630972674639,-12.861269605104416,-22.4935726581826,-57.89105908998157,0
HK.02610,355,25.020000457763672,25.780000686645508,-2.948022531572427,1.1534384324174825,1056050.15,26422375.23642139,4.6389869296249735,26.475600090026855,42.938883476257324,-12.272089564596186,-30.050386470467473,-59.73035576832102,-48.95340296871203,-41.72665763152064,0
HK.02611,491,14.989999771118164,15.220000267028809,-1.5111727455675292,1.0590383006611819,11322040.95,169717391.24909046,2.2781078165913686,14.556742401123048,14.62602297782898,4.776307641236318,12.546071798935884,-11.694732163162357,-6.01796618963987,-8.765856406132027,0
HK.02613,405,31.0,31.0,0.0,3.3333333333333335,70.0,2170.0,0.17419384371849797,31.46399974822998,30.615199995040893,-5.430136807756939,0.8458042642086151,0.0,2.242745092414565,12.400290376195128,0
HK.02616,491,6.179999828338623,5.704999923706055,8.326028238121364,1.2649737848195897,8044033.05,49712122.86815021,7.659013964995938,5.137199974060058,6.252800004482269,29.96844752053709,13.60293682600186,2.148754272815475,15.730330557081516,-35.89212024645555,1
HK.02617,296,10.029999732971191,10.079999923706055,-0.49603364199709243,0.33682429896705113,9781358.8,98107026.15209542,6.197460834318267,10.549099960327148,72.23097504615784,-15.07197818290407,-72.03011834284277,-84.9850310258223,-91.13957596875453,-81.68036578452751,0
HK.02618,491,10.90999984741211,10.970000267028809,-0.546950028771058,0.45665531189839653,15619439.75,170408085.28916264,2.98273543408291,12.916200008392334,12.833350009918213,-26.729351270266623,-18.093092362070912,-5.295143976669419,-7.698814474678736,-16.012316861857887,0
HK.02619,189,1.2699999809265137,1.2599999904632568,0.7936500427734288,0.7070707070707071,7750.0,9842.499852180481,1.5778996053281278,1.305377526283264,,-2.307690191550995,-5.1349753343662625,-30.365034887970303,-42.58169721169992,,1
HK.02621,312,2.75,2.755000114440918,-0.18149234966302932,0.606826801517067,14280.0,39270.0,1.7539681684415518,3.003599987030029,3.200031958818436,-5.172416911538982,-10.021547705990749,-17.51975528093452,-20.92802864112599,-42.47870367710657,0
HK.02623,491,3.875,3.869999885559082,0.12920192735860053,0.7652005261823829,1475757.95,5718562.056249999,5.677918660829384,4.235299983024597,4.717425736188889,-6.51387170492005,-20.594264157226498,6.389638246134857,-20.91836888608409,698.9690485992909,1
HK.02625,351,1.8700000047683716,1.940000057220459,-3.6082500199706278,0.638109305760709,152050.0,284333.5007250309,10.302439899593567,2.1457999920845032,3.7156500035524367,-13.824887602673805,-23.36065733954967,-61.991870411169316,-57.305937079705615,-39.48219881193473,0
HK.02627,261,29.31999969482422,29.31999969482422,0.0,,0.0,0.0,0.0,29.31999969482422,36.72659986495972,0.0,0.0,-44.9906189221154,-27.137180735969206,-41.171750391132754,0
HK.02628,491,29.979999542236328,30.18000030517578,-0.6626930447881857,0.8322861768089445,56124789.45,1682621162.0191104,3.6307712943116175,28.19634063720703,28.429996557235718,2.4606948315871793,6.474382418391722,-11.014767056062412,6.695892465604691,25.67882330976312,0
HK.02629,316,12.40999984741211,12.40999984741211,0.0,,0.0,0.0,0.0,12.40999984741211,23.98534987926483,0.0,0.0,-47.14650728553578,-71.13953523857649,-71.6018315085783,0
HK.02630,202,100.0999984741211,101.80000305175781,-1.669945507538336,0.7484633178763996,93136.6,9322973.517884828,10.260923315913232,81.20599998474121,84.15274995803833,-4.026849908674029,42.89792164628495,-22.702703880987574,19.095770183946012,,0
HK.02631,255,64.0,65.9000015258789,-2.8831585461083433,0.379073238651669,2771038.3,177346451.2,7.223698996107972,73.63400001525879,68.54154993057251,-0.6211203670828596,-36.758891373551904,6.666666666666667,7.744104976355942,43.30497138080169,0
HK.02632,110,79.55000305175781,82.5,-3.5757538766571972,0.9282250312338615,117287.2,9330197.117932128,13.774339519304531,73.90300010681152,,14.460436045694694,-35.114189199154396,,185.33000518774213,,0
HK.02633,491,1.034999966621399,1.0449999570846558,-0.9569369257348911,4.225137567143552,215175.8,222706.9458177328,1.4642615936606596,1.0543999910354613,1.186972400546074,-2.358488444120755,-8.407082213372604,-19.140625800355355,-19.767442075372802,-28.27903229084077,0
HK.02635,169,10.800000190734863,11.140000343322754,-3.052065907625259,0.7077958990110266,2713840.0,29309472.5176239,5.970785685020439,11.299800071716309,,-10.743802890500065,-25.568573257237443,-75.24071422468462,-68.73190531422436,,0
HK.02637,180,198.3000030517578,192.0,3.281251589457194,1.7920410682599397,150362.2,29816824.71886902,6.51120339157781,192.11600006103515,,-0.7507507392837366,-6.018955899640847,46.346865720854474,50.34117682172482,,1
HK.02638,491,6.320000171661377,6.269999980926514,0.7974512103184216,0.8938980324466905,2481524.95,15683238.109981991,0.9516403394592235,6.236180906295776,6.227812421321869,0.9899821511230315,-1.6918436353039146,-4.968707934459818,4.609246923186873,9.243946065112322,1
HK.02643,294,13.619999885559082,14.069999694824219,-3.1982929568269527,0.7678509014365118,1153999.55,15717473.738935232,3.9519893850496555,15.864200077056886,28.783150010108947,-13.41385707616663,-56.149387895213735,-60.24518227428343,-54.079568591948416,-82.38033719553732,0
HK.02648,288,63.5,63.79999923706055,-0.4702182455298235,0.6521035528945558,614341.9,39010710.65,3.2125696780911,69.31900016784668,73.11104539871216,-10.183871653506769,-23.677881815906005,-19.34189447320867,-3.761568486701624,9.388574677099168,0
HK.02649,120,3.9000000953674316,3.9000000953674316,0.0,,0.0,0.0,0.0,3.9000000953674316,,0.0,0.0,,-37.09677072022871,,0
HK.02650,220,8.25,8.734999656677246,-5.552371788664017,0.9523178994160358,9298367.5,76711531.875,7.6730705919287265,15.602800045013428,32.38909995555878,-35.03936910312937,-53.91061354292147,-83.32659645043495,-78.537980502768,,0
HK.02651,285,29.079999923706055,26.200000762939453,10.99236288893713,0.5661332793194247,176690.0,5138145.186519623,9.456589790996365,20.245800132751466,12.826625361442566,53.21391267156843,145.73262193778004,248.67466854135327,182.50283104198743,104.7771959498256,2
HK.02652,222,12.699999809265137,13.800000190734863,-7.971017146856651,0.4133566521424434,4448410.0,56494806.15153313,9.351269011421977,16.72579996109009,25.73590009212494,-26.248546366572707,-40.31955169421044,-65.47036370100739,-62.60306197984591,,0
HK.02655,174,16.34000015258789,15.890000343322754,2.831968530788825,0.5361024470193887,2173586.7,35516407.009663016,5.289993956832408,16.66419988632202,,-3.313606382146675,-18.625496938885906,-71.97255511763238,-58.1025637113131,,1
HK.02656,235,10.119999885559082,10.109999656677246,0.09891423562246307,0.239167752606255,1496797.5,15147590.52870512,6.275732901505128,10.219599990844726,43.81024997234344,-10.363153943730511,-29.131652137268997,-83.80800018310546,-82.74509868325629,,1
HK.02657,166,57.650001525878906,59.099998474121094,-2.453463596749697,2.0474066517119294,52424.7,3022284.0349937435,4.590384312405753,48.13619976043701,,20.354905405863867,46.023308496252696,-21.98870698335347,-30.880711684435635,,0
HK.02658,181,39.619998931884766,39.040000915527344,1.485650621813228,0.8875484704868591,75917.5,3007851.2689113617,4.544821857807612,41.143200149536135,,4.648701249761707,-21.544556570525216,-29.75177684400364,-16.44875482548765,,2
HK.02659,178,16.65999984741211,16.6200008392334,0.2406679070935348,0.9217712775011582,396864.65,6611765.008443261,4.5322763420558525,17.559999923706055,,-5.875711133893929,-27.690975757798526,-90.69793451721993,-76.0975601479818,,3
HK.02660,491,2.25,2.3350000381469727,-3.6402585335470765,0.5621789211716229,275606.9,620115.525,3.201775166003593,2.2879000234603883,2.2724130141735075,-4.862579664820779,-3.433473232857806,6.797034139982075,-4.838433189351793,11.079012043427905,0
HK.02661,169,4.789999961853027,4.909999847412109,-2.4439895985400044,0.41129449712051896,9226591.55,44195373.17253347,5.196143055540621,6.9608000469207765,,-20.82644940757911,-75.97793463610152,-94.41073496800017,-93.587683858713,,0
HK.02663,491,0.4399999976158142,0.45500001311302185,-3.29670660767248,1.1280746395250212,1136500.0,500059.99729037285,4.339900226654221,0.4564000016450882,0.3344500005245209,-4.347828340440215,25.714287173991323,59.999995665116835,49.152548194651,28.507932893633477,0
HK.02665,174,2.125,2.2249999046325684,-4.494377928932187,0.4025532062149472,4637359.2,9854388.3,5.4856548372871945,2.6347000122070314,,-24.511546827525375,-71.85430534680334,-81.44104772577823,-79.46859979054179,,0
HK.02666,491,4.614999771118164,4.574999809265137,0.8743161425279354,0.6925370333415466,5314162.25,24524857.567434788,1.756853961214798,4.637915115356446,5.281983006000519,0.32608406079508034,-4.721544237829432,-21.500146928345927,-16.37201660712201,-15.94965536544619,1
HK.02667,42,2.4200000762939453,2.444999933242798,-1.0224890646804758,1.3128800442233277,217955.0,527451.1166286469,2.757456388267014,,,-13.57142437477494,,,-27.761189695933037,,0
HK.02668,491,0.6449999809265137,0.6600000262260437,-2.2727340459820917,0.9701260308075307,24361000.0,15712844.5353508,6.165520966941977,0.4569999974966049,0.3283849995210767,53.57142882484969,63.29112997652558,86.95651685658233,246.77417507053417,104.76190025664059,0
HK.02669,491,3.440000057220459,3.4549999237060547,-0.4341495460730976,0.5128893565238508,7010982.3,24117779.513171624,2.623735900690316,3.4349999952316286,4.017665672302246,0.2915449057909508,-7.493626100373644,-18.364190702855034,-22.642048214501322,-36.832996799447606,0
HK.02670,216,122.69999694824219,123.5,-0.6477757504111842,0.42999405296360643,30813.5,3780816.3559646606,6.591056635710614,170.12999816894532,187.05049938201904,-15.379312449488147,-58.12286793575352,1.8257236084997408,11.545451771129262,,0
HK.02671,166,5.0,5.0,0.0,0.8730650154798761,50565.0,252825.0,3.386272480914125,4.371499977111816,,21.951222348823137,21.065371947982495,35.31210633612214,-34.80850851124057,,0
HK.02672,47,50.95000076293945,56.54999923706055,-9.902738372542867,3.16961740277311,324184.0,16517175.047332764,8.839640017521768,,,-31.93052531516739,,,-30.205478406932258,,0
HK.02675,160,32.20000076293945,34.0,-5.294115403119255,3.680270320283514,255850.9,8238399.175198746,5.0466008380006855,37.97319976806641,,-17.857142509593913,-40.31510601004662,-53.80200549097509,-43.10953775438337,,0
HK.02676,180,153.0,155.1999969482422,-1.4175238347304007,0.8636063266127991,244344.65,37384731.449999996,6.344092461314831,163.7059994506836,,6.843577695954769,-20.020910842011553,11.842102768165125,27.7128515046019,,0
HK.02677,139,23.18000030517578,23.639999389648438,-1.945850661375576,0.8394403730846103,7592.5,175994.15231704712,9.481862804374959,25.657600059509278,,1.3998236495204428,4.039495470346765,-58.53309539813769,-65.86156143701834,,0
HK.02678,491,6.159999847412109,6.329999923706055,-2.685625250283014,0.36227519691921173,217455.6,1339526.4628189087,2.843385539249475,6.391999998092651,5.9771499967575075,-8.94308988933924,-2.5316506313829312,4.054050135560291,27.536230739431293,14.711359007240999,0
HK.02680,491,7.079999923706055,6.909999847412109,2.4602037633562714,0.6676557863501483,27060.0,191584.79793548584,3.3820442241544444,6.449099969863892,9.842874960899353,28.727271340110082,-18.52703952151666,-42.43902590311212,-28.986963549841633,53.913045010629844,1
HK.02682,491,0.12700000405311584,0.12800000607967377,-0.7812515461409196,0.31806615776081426,625400.0,79425.80253481865,3.759487546052841,0.12206978440284728,0.13616383515298366,8.730158780783825,-18.452375712683185,-2.142854600464759,-8.666673382226898,-3.9215637645569186,0
HK.02683,491,1.0950000286102295,1.1050000190734863,-0.904976496891065,0.30010718113612006,90200.0,98769.0025806427,0.5231793313836491,1.103300015926361,1.1520224994421004,-2.232140718902261,-5.603443093234513,-15.116274341798363,-7.203383281017627,57.84874024671798,0
HK.02685,187,4.144999980926514,4.025000095367432,2.981363545734961,2.4700105453939107,43772336.1,181436332.29960895,7.630617437222677,8.756100077629089,,-8.296460212000536,-59.91296015707404,-86.8412699018206,-84.62537046852577,,2
HK.02687,180,321.20001220703125,287.6000061035156,11.68289478110164,1.182793035984051,204655.0,65735188.49822998,9.409037372421636,211.51800048828125,,40.75373203439713,158.19936355885983,112.43387479497264,95.25836608330167,,1
HK.02688,491,49.41999816894531,49.20000076293945,0.44714919226500366,1.0426292702671134,2854500.25,141069397.12825394,2.2136116904038436,45.02799987792969,57.94057344436646,2.4460954590000323,-8.141266041316293,-25.173874069521908,-26.452955323674633,-17.449663061045605,1
HK.02689,491,6.809999942779541,6.934999942779541,-1.8024513486859544,0.43776806175059707,17751865.1,120890200.31523015,5.033169192359704,7.42789999961853,7.064775006771088,-16.64626830862068,-4.3539318505929865,-28.391169517561142,13.879597342119258,22.262113696637577,0
HK.02691,170,6.635000228881836,6.800000190734863,-2.426469959189753,0.4884868466316424,2624890.0,17416145.750789642,4.857815942951525,6.5504999923706055,,-16.171822351740392,1.614315122298116,-8.709631155419274,-4.486548591337277,,0
HK.02692,121,38.5,39.79999923706055,-3.2663298039715216,0.7203475255828616,420576.4,16192191.4,5.0543181636226375,46.49859985351563,,-17.452829108430645,-39.386635665751044,,-46.90103311172427,,0
HK.02693,182,3.0,3.015000104904175,-0.49751589990911627,0.0,15225.0,45675.0,2.5421742779154597,2.9699000120162964,,8.499091724409517,-18.47826234841389,-29.362699224909772,-29.51863067011262,,0
HK.02695,170,1.2200000286102295,1.2350000143051147,-1.2145737264080234,0.17415215398716774,218500.0,266570.00625133514,2.692465731816668,1.5082000017166137,,-22.292994404376877,-36.12565183609459,-24.755739817440745,-43.02492014159786,,0
HK.02696,488,67.4000015258789,68.19999694824219,-1.1730138682710023,1.1603063103116864,621887.1,41915191.48892441,5.092158972167522,63.42699989318848,66.16274976730347,7.324844497933898,6.561267234591156,-2.8818443170411316,15.017070445222053,-19.281435298348615,0
HK.02697,46,624.0,635.5,-1.8095987411487018,0.3986391804825652,24171.5,15083016.0,13.70286153117707,,,-26.588235294117645,,,56.00000000000001,,0
HK.02698,200,30.65999984741211,30.920000076293945,-0.840880427685301,15.84159081229837,2016200.7,61816713.15435219,4.514792327970196,30.30132785797119,29.33048131942749,-11.7914070610247,14.574234473375716,6.858019239092797,2.4254983365630154,,0
HK.02699,491,5.715000152587891,5.599999904632568,2.0535758913172297,0.01146848832135163,1952480.6,11158426.926924897,4.000683005376704,5.273400030136108,6.195435276031494,5.2486249218992524,38.69074220436049,-21.17241168844289,8.857145763578869,-91.34090885971531,1
HK.02700,491,0.5799999833106995,0.5799999833106995,0.0,0.5840232389251997,35430.25,20549.54440869391,2.3468363646264456,0.5682000017166138,0.5701999996602535,7.40740004880958,-4.918037752603991,0.0,5.454540134461573,9.433965022643019,0
HK.02701,111,8.975000381469727,9.109999656677246,-1.4818801349632407,0.32074784575407506,3378040.0,30317910.288619995,5.646467796624817,10.063100004196167,,4.60373497990726,-26.192430147276806,,-20.22221883138021,,0
HK.02706,134,55.29999923706055,57.25,-3.4061148697632366,0.3263749731282297,4615256.1,255223658.80883902,12.57729981335643,43.3735998916626,,1.4678885083679758,-4.737295497231174,-54.22185609269664,-40.28077737764193,,0
HK.02714,139,36.47999954223633,36.18000030517578,0.8291852806248596,2.714242988505434,3804486.75,138787674.89844418,3.8865262998515795,32.8831999206543,,16.178343902616366,2.0134263268954626,-5.670513261989708,-8.83655951187635,,7
HK.02715,121,16.34000015258789,16.799999237060547,-2.7380899128727645,0.2546543043746425,7366874.95,120374737.80709592,5.874656522754861,18.810999965667726,,-13.269638958344682,0.061238389029743545,,26.66667159521625,,0
HK.02718,205,49.20000076293945,54.20000076293945,-9.225092121066664,1.029368803736258,5371990.95,264301958.83850384,11.618736449611074,97.27140014648438,194.79785011291503,2.2443928824343096,-84.2610365315709,-80.91543712467106,-75.39999961853027,,0
HK.02720,137,25.0,24.920000076293945,0.3210269801811017,1.5836832633473306,42825.0,1070625.0,5.2555612192758305,22.26620002746582,,0.0,14.364132213983222,-9.420291107007854,0.8878099566520784,,1
HK.02722,491,1.8200000524520874,1.840000033378601,-1.086955465418649,0.6843705616149514,8288150.05,15084433.52573077,4.391715930470724,1.983638482093811,2.3633812141418455,-12.499994268783945,-32.7312917877566,-36.59469506182356,-1.2212072489309505,8.487585718403071,0
HK.02723,69,860.0,914.5,-5.959540732640788,0.9586935666483248,137886.15,118582089.0,9.031293009822704,566.0960003662109,,28.35820895522388,120.51282051282051,,323.6453201970443,,0
HK.02726,106,117.0999984741211,106.0999984741211,10.367577905934668,1.415328599626612,215648.35,25252421.455946732,5.604739000815718,104.32300018310546,,11.523808070591517,12.057414807771382,,13.689318906913684,,4
HK.02727,491,2.930000066757202,2.940000057220459,-0.340135723422776,0.4560018322107679,17895989.25,52435249.69718617,2.5200790032905935,3.214700012207031,3.9526743042469024,-14.70159780013568,-31.086231602945613,-38.438959933788865,-28.75017436604102,-21.1094406287975,0
HK.02728,491,0.01600000075995922,0.017000000923871994,-5.882353585690328,4.088558500323206,1102400.0,17638.400837779045,2.727124945159335,0.018860000167042017,0.023790000271983445,6.66667411724743,-33.333330746326205,-35.99999791383746,-35.99999791383746,-46.66666294137629,0
HK.02729,110,34.31999969482422,33.15999984741211,3.4981901470142454,0.4770080884509284,116267.2,3990290.2685180665,8.712553828674425,32.02319999694824,,-7.741938196368101,14.247665275817589,,11.791527172386166,,1
HK.02738,491,0.041999999433755875,0.041999999433755875,0.0,0.7057416267942583,346200.0,14540.399803966284,7.212709216291826,0.04009999975562096,0.16536000035703183,13.513510520219668,-40.000001064368654,-84.15094275434653,-85.51724115783054,-86.00000074505803,0
HK.02768,141,38.31999969482422,38.13999938964844,0.47194627177848114,0.658041900130628,1055586.95,40450091.60186043,7.650609278417504,38.91699996948242,,15.21347452989818,6.2344329007259,12.821793181493751,42.7128337951268,,1
HK.02772,491,0.03799999877810478,0.03799999877810478,0.0,0.41545480928678524,4573066.25,173776.51191219222,9.900649815189793,0.033379999771714214,0.04943000001832843,0.0,-9.523811213283604,-32.14286141933822,-37.70492073589995,-52.5000004656613,0
HK.02777,491,0.18799999356269836,0.1940000057220459,-3.0927896816374685,0.45273226994737004,3327769.05,625620.5599781468,4.706940859692466,0.21189999848604202,0.41231999717652795,-11.737092026493565,-47.77778164104164,-67.58620707373557,-63.84615375798129,-76.79012431983558,0
HK.02779,491,0.32499998807907104,0.32499998807907104,0.0,0.5955532027527792,386650.0,125661.24539077282,5.164052488492641,0.31480000376701356,0.47057499960064886,8.333325054910777,-18.750004190951525,-42.98245751626605,-41.964288090108596,-43.96551768433893,0
HK.02788,190,16.950000762939453,16.690000534057617,1.5578203748482777,0.33223489255476774,6343412.65,107520849.25713979,5.932022179689271,16.261600074768065,,0.1773090219280837,-13.254861981760516,-24.218649002194983,-14.74597285741586,,1
HK.02789,491,0.18400000035762787,0.18199999630451202,1.0989033482009263,0.056232427366447985,4352300.0,800823.2015565038,6.4908189886302345,0.18253999948501587,0.1673124072700739,2.2222183589583624,-2.127656032996879,-0.7831028295225291,35.77048512317446,29.702529445068258,1
HK.02797,40,86.6500015258789,90.25,-3.9889179768654777,0.16991818232303849,109771.3,9511683.31249771,13.539958456333428,,,25.307302406133346,,,312.61905488513764,,0
HK.02798,491,0.8799999952316284,0.875,0.5714280264718192,1.039755351681957,341250.0,300299.9983727932,4.826622353621887,0.7911000025272369,1.0084749960899353,9.999997764825855,-6.3829789932306245,-25.423725902674498,-24.137929262644278,11.392401434102805,2
HK.02799,491,0.6349999904632568,0.6349999904632568,0.0,1.0657890759245405,57739541.5,36664608.30185282,3.7618836654811374,0.5923999929428101,0.7571999981999398,4.0983566511258145,-6.617649443524906,-24.404760679893176,-25.294120864472085,-44.78260838016445,0
HK.02858,491,1.1349999904632568,1.184999942779541,-4.219405462501887,1.7284092787693999,28598039.0,32458773.992267847,4.529605242422173,1.3367000007629395,1.914332708120346,-14.661657606014028,-26.298700092333014,-53.24778442972635,-51.969401489971766,-59.55317912818349,0
HK.02863,491,0.6800000071525574,0.800000011920929,-15.000000372529025,2.0152549177037336,1231350.0,837318.0088073015,9.398110147286628,0.7924000000953675,0.49807500168681146,-24.444441648177083,19.298248365865444,88.88888336994052,109.23077910609535,83.78378334839559,0
HK.02865,328,15.199999809265137,15.829999923706055,-3.9797859600584564,0.4253449001988306,3800430.8,57766547.43512535,5.896278967268476,17.606200065612793,26.50239999771118,-9.415976237937981,-50.22920971316326,-60.167715225250575,-30.90909177606756,-33.85552605722146,0
HK.02866,491,0.9300000071525574,0.9350000023841858,-0.5347588469389063,0.9342792763429347,10780147.7,10025537.438105624,2.1114031836140468,0.899689314365387,1.045025007724762,1.086955465418649,-5.140535728095181,-15.304053067433077,-11.346294670008536,-17.947510171360996,0
HK.02869,491,4.199999809265137,4.175000190734863,0.5987932308542752,1.3265895011402686,2648297.25,11122847.944877386,3.103523687389929,4.151800026893616,4.211759363412857,-2.8901735378628564,-2.284272772586375,-0.760852713877016,0.35669312905988243,-12.45899514729943,1
HK.02877,491,8.149999618530273,8.145000457763672,0.061377047091955045,1.61995180690808,1051410.6,8568995.988918686,2.650124407656355,8.016799955368041,8.526930010318756,2.3869293903613,-3.8915087443392458,-11.084533479855965,0.003990379557648288,4.546700144209196,1
HK.02878,491,0.25,0.2549999952316284,-1.960782480441495,0.47848898216159497,1430600.0,357650.0,3.139451207857656,0.28495999991893767,0.38029000014066694,-10.714286094417377,-35.897433546167775,-39.759034933277626,-43.181817873942954,-51.92307515962583,0
HK.02880,491,0.6700000166893005,0.6700000166893005,0.0,1.1238371925234005,2689555.0,1802001.8948867917,1.9675783970094773,0.6875799107551575,0.78884775608778,-6.2937005224118066,-15.175595411028112,-23.47363542977126,-10.880692510051627,-19.07557084348122,0
HK.02881,490,10.470000267028809,10.470000267028809,0.0,0.0,5025.0,52611.75134181976,0.8041594815769872,10.510399971008301,7.626249957084656,-4.296154765830668,8.835762906252128,100.86358642405038,105.42867220472154,58.57651941544197,0
HK.02882,491,0.39500001072883606,0.4099999964237213,-3.6585331282255105,0.4156247239091772,13287.05,5248.384892554581,0.9541861124098553,0.4044999969005585,0.4944749957323074,-10.227269802458014,-14.130434007973678,-31.896547914685197,-20.999997854232788,-58.85416462939849,0
HK.02883,491,7.505000114440918,7.610000133514404,-1.3797636955493173,1.5222710823351808,8078076.95,60625968.43421254,2.5951088623258514,6.941400022506714,7.827938587665558,9.084302174474436,-2.826018290467802,-22.778815845999652,9.100498923352573,5.282716514491024,0
HK.02885,491,0.9150000214576721,0.9300000071525574,-1.6129016752173695,0.7425035697287006,217500.0,199012.5046670437,2.3244323952165,0.8792999947071075,0.82154830545187,2.234641447752232,4.383605348363806,15.567566151439657,21.345937607577742,48.797650201157374,0
HK.02886,491,1.125,1.0800000429153442,4.166662527455388,4.273285568065507,91660.0,103117.5,1.1248446697762664,1.0643000054359435,1.058157683312893,7.142862008542651,7.142862008542651,11.00966954534916,4.3108143015219005,5.217865973091866,2
HK.02888,491,231.0,228.60000610351562,1.0498660684189132,0.6966223071720264,684015.4,158007557.4,1.8123532769946,227.11927673339844,196.33474060058595,-1.195916605181224,9.782310902584147,20.776142341268272,20.83908474715078,56.89457922070358,1
HK.02889,226,156.5,147.89999389648438,5.814744055726462,1.3728455563845605,622303.0,97390419.5,8.776075101517172,142.7900003051758,179.2929999923706,17.053106635884312,-27.880184331797235,-43.29710144927536,-30.444444444444446,,1
HK.02892,490,0.6150000095367432,0.6150000095367432,0.0,0.0,22500.0,13837.500214576721,0.0,0.6563000059127808,0.5130250030755996,-0.8064508376086847,-33.870967225072455,75.71429143146602,83.58208782610745,57.69231592174613,0
HK.02898,490,6.389999866485596,6.389999866485596,0.0,,0.0,0.0,0.0,6.389999866485596,6.56059992313385,0.0,0.0,0.0,-3.7650603166701484,-8.321376487302688,0
HK.02899,491,35.79999923706055,36.41999816894531,-1.702358492739925,0.9012434145307192,61237630.05,2192307109.069396,3.9851396688918976,32.937663803100584,34.82918967247009,1.7045410827172651,12.441392812009797,-17.996881965204256,-0.28208633809792333,62.35166426909873,0
HK.02903,18,0.3499999940395355,0.3499999940395355,0.0,,,,,,,,,,0.0,,0
HK.02908,8,0.7599999904632568,0.7599999904632568,0.0,,,,,,,,,,0.0,,0
HK.02909,6,5.300000190734863,5.300000190734863,0.0,,,,,,,,,,0.0,,0
HK.02912,3,1.2899999618530273,1.2899999618530273,0.0,,,,,,,,,,7.4999925494197,,0
HK.03200,139,102.5999984741211,105.0999984741211,-2.378686999330051,0.4145502911771928,2102535.9,215720180.1317848,8.244253290391532,120.23399993896484,,-5.524861956079837,-43.09484373959315,-12.997667988480591,-6.27476032193062,,0
HK.03223,7,100.0,100.0,0.0,,,,,,,,,,0.0,,0
HK.03268,120,21.200000762939453,21.600000381469727,-1.8518500530834543,0.6908743815874382,720595.0,15276614.549770355,6.012401108243043,17.98764045715332,,22.685184725272823,-13.975830060930239,,-27.187733947822085,,0
HK.03277,95,89.94999694824219,87.5999984741211,2.682646706683829,1.5853290716301933,494855.9,44512286.694819644,8.08400504279105,76.30487030029298,,24.240324658128838,-9.863591948467034,,28.895066075808266,,1
HK.03288,298,27.81999969482422,28.079999923706055,-0.9259267435479415,1.4480045781263209,2487809.85,69210869.26778069,2.625379556982933,31.272000045776366,32.141348123550415,-13.976501040313,-12.789968565817908,-15.114026396801245,-10.852122208637944,-14.892325373289001,0
HK.03296,91,76.0,76.55000305175781,-0.7184886085320448,0.5950361962495492,1413975.85,107462164.60000001,5.610553145525779,69.1779995727539,,9.905999020921973,-18.933333333333334,,22.52569569028507,,0
HK.03300,491,0.3400000035762787,0.3199999928474426,6.250003492459733,2.699279497098646,702131.65,238724.76351101845,3.565868689482812,0.37340000212192537,0.48277499958872794,-8.108108325802206,-15.000000372529025,-40.350875817067276,-38.18181887145868,30.769236941309597,1
HK.03301,491,0.07699999958276749,0.08399999886751175,-8.333332594188422,0.10184404395374529,7319850.0,563628.4469459206,20.746813796013104,0.06913999989628791,0.1094950001500547,-56.49717564065943,-11.494250806418323,-39.84375318323131,-42.10526404241162,-61.50000078231095,0
HK.03302,491,0.33000001311302185,0.32499998807907104,1.53846929764635,1.3010318528488112,217300.0,71709.00284945965,3.1778351496631134,0.3437999987602234,0.3565399999171495,6.451616314521787,-18.518515520571142,-4.347821955569661,-8.333333333333332,94.11765273054571,1
HK.03303,491,0.41499999165534973,0.41999998688697815,-1.1904750923180183,0.18638366378250892,259933.3,107872.31733094751,2.323735563744731,0.4534000021219253,0.5019899372756481,-9.78261214629908,-21.698110555150944,-15.306125800344395,-18.627451094972404,-32.43741634180229,0
HK.03306,491,19.979999542236328,19.799999237060547,0.9090924854121539,0.9203606606086976,583513.55,11658600.461888695,2.7319316679944,19.38779998779297,19.909935665130615,-1.769914491892268,0.6042242104575716,-5.975485331078359,6.106435290796452,14.372845943424098,2
HK.03308,25,996.0,1035.0,-3.768115942028986,1.1316611781651749,1658846.0,1652210616.0,8.302359877523816,,,-10.75268817204301,,,3.75,,0
HK.03309,491,0.8899999856948853,0.8550000190734863,4.0935632562121285,0.2826708782436278,295240.75,262764.2632765472,2.4474028705703206,0.9165060651302338,1.2651507851481438,-1.6574570352582891,-15.017368492165367,-40.786291160480225,-46.011033450207954,-55.44599591332038,2
HK.03310,69,27.3799991607666,27.81999969482422,-1.5815979111584146,0.5509805999869298,407065.6,11145455.786376953,5.45306154731894,29.827999954223632,,-8.733336130777996,-12.85805507866781,,-31.378450842895095,,0
HK.03311,491,8.350000381469727,8.1850004196167,2.0158821428717073,1.0651754241258007,7802165.05,65148081.14378977,2.751530577554513,7.9525,8.612717213630676,-1.8801391669660674,-2.145157293913674,-10.282773504736802,-6.694091328771129,-18.20461788943567,1
HK.03313,490,0.7149999737739563,0.7149999737739563,0.0,1.5516123327241644,40940.0,29272.09892630577,1.4188977170028099,0.7011000084877014,1.1226250034570695,0.7042247017941755,-21.42857657496918,-50.34722601649923,-55.31250230502334,-55.31250230502334,0
HK.03315,491,0.6000000238418579,0.6150000095367432,-2.439022026387315,2.817540322580645,216000.0,129600.00514984131,1.8901518599703515,0.6537999975681305,0.7401649194955826,-7.692300638503319,-15.492951834492505,-25.387592302588235,-23.61110478731558,-45.156686774859075,0
HK.03316,491,21.700000762939453,21.84000015258789,-0.6410228418970434,1.2367659553006454,271504.9,5891656.537141801,2.269125276274644,22.41683334350586,22.610629329681398,-6.54607491543225,-7.30041280752792,-1.1581568531578255,-4.408434740159624,-5.831540592370559,0
HK.03317,166,127.19999694824219,130.5,-2.528737970695642,0.3003738593921995,2685539.55,341600622.5643837,7.613462044510462,119.3020004272461,,-6.53931576498551,-35.46423490142482,41.33332994249132,160.65573552640907,,0
HK.03318,491,2.8299999237060547,2.8299999237060547,0.0,1.3892500267074013,328776.15,930436.4794163705,4.88489691829653,2.6103999996185303,1.9218500030040742,6.792446107956289,103.5971189086947,63.58380881531326,57.222222148636234,42.21105076099256,0
HK.03319,491,1.6749999523162842,1.625,3.0769201425405646,1.4734321945570044,1544984.2,2587848.461329412,4.293775707133303,1.775900001525879,2.0604218351840973,-9.703507542124257,-25.94346603678277,-20.11494736459089,-24.97751341212974,-46.107584020074746,1
HK.03320,491,4.409999847412109,4.445000171661377,-0.787408839090905,1.5060920515400062,8298521.6,36596478.989746094,2.486555863129643,4.681400012969971,4.725373344421387,-8.978327381152146,-4.723414868477076,-2.0540246753231624,0.7692441794583474,-9.974537478227198,0
HK.03321,490,1.0099999904632568,0.9800000190734863,3.061221510804984,0.3884075291305647,310200.0,313301.99704170227,6.122637700410954,1.1389000034332275,0.7818999986350537,-6.481486080605124,-30.821920268910024,55.384619616898014,129.54545362182884,71.18644667096426,1
HK.03322,491,0.1899999976158142,0.1899999976158142,0.0,1.997981836528759,104500.0,19854.999750852585,2.4889657516991055,0.18938000082969667,0.20770499974489212,0.5291016137011844,-4.040404724571225,-20.50209058933658,-13.636364252114102,-12.44239447797282,0
HK.03323,491,3.450000047683716,3.5999999046325684,-4.166662803402551,1.3459299186636797,35260858.1,121649962.12636875,3.9065992575406177,4.119000029563904,4.948230918645859,-14.498136848842497,-31.137726745100192,-43.85898882040997,-30.533684301788195,-34.84364111788505,0
HK.03328,491,7.929999828338623,7.880000114440918,0.6345141265426559,1.2106894436910867,26636260.25,211225539.2100829,2.078509450425953,7.215020961761475,6.879144787788391,8.11178987180979,10.644264878022232,15.332581251440322,24.474803163691806,21.300738894895424,3
HK.03329,491,0.4650000035762787,0.48500001430511475,-4.123713430708066,0.4872065416556697,9762074.8,4539364.8169119,4.771784021964306,0.5811000031232834,0.4504749998450279,-10.576919109158116,-6.999999284744263,17.721516695222824,30.985920459026296,-21.186436568481646,0
HK.03330,491,21.579999923706055,21.639999389648438,-0.277261865224838,0.9799337288917895,31428305.25,678222824.8972106,7.979912836077213,18.906800041198732,20.47216965675354,0.09276650398468672,30.629535870045366,-15.301727445348966,14.665669544658877,99.95064031511025,0
HK.03332,490,0.15000000596046448,0.15000000596046448,0.0,0.0,83200.0,12480.000495910645,2.6195409057167542,0.14648000061511993,0.2930299996584654,8.69565921604989,-31.192656160755373,-64.28571175150311,-60.52631372560092,-65.11627826386366,0
HK.03336,491,2.809999942779541,2.7799999713897705,1.0791356726084065,1.1365158327752798,2160900.0,6072128.87635231,6.333871375041808,3.063700008392334,2.717575017809868,-4.421772513971409,-13.538463299091047,57.86516786208583,39.10890937190395,126.61289686839122,1
HK.03337,491,0.8199999928474426,0.7450000047683716,10.067112429400499,2.8329038727284854,3746284.65,3071953.386204484,3.585419386169767,0.7969999897480011,0.9272829025983811,3.7974646297370884,-15.463920756548829,-30.944665448994396,7.035768822693581,-40.53568347333802,1
HK.03339,491,3.4000000953674316,3.549999952316284,-4.225348139821283,1.1471704970098529,10310679.6,35056311.62330303,3.6632848892563756,3.0185999774932863,2.9298151111602784,8.28025419671734,22.7436865985174,5.187318779379776,23.310812096166398,30.357148080599185,0
HK.03347,491,38.84000015258789,39.959999084472656,-2.8028001940569767,0.5586335727607386,2070802.35,80429963.58997937,5.824032949787306,38.063600082397464,40.77791826248169,2.5343164134193152,23.877135776657752,-21.0095202023748,-8.055373718325969,-25.174887821193547,0
HK.03348,491,1.3600000143051147,1.3600000143051147,0.0,0.2898550724637681,4700.0,6392.000067234039,0.416339036482949,1.3720000076293946,1.2483696830272675,0.0,6.274242617747662,13.865264493421897,15.70180604642856,31.624069382000076,0
HK.03355,111,43.08000183105469,43.0,0.1860507698946221,1.0241063465859959,183863.1,7920822.684663392,6.360960693141606,36.92599998474121,,20.335203209886675,14.362683126498501,,-7.346838581879986,,1
HK.03360,491,7.050000190734863,7.110000133514404,-0.8438810359048985,0.6115229894170156,9567518.35,67451006.1923593,2.7520888499909213,6.511000022888184,7.06347380399704,4.212865186608269,-1.8549088603346495,-7.988976293080648,-7.873817432546579,1.4900896824294159,0
HK.03363,490,0.36500000953674316,0.36500000953674316,0.0,0.0,300.0,109.50000286102295,0.0,0.33995200276374815,0.3294572174549103,8.955224013376348,18.48597525964889,14.895484087402,5.320861236818626,-18.461261707983844,0
HK.03366,490,0.21299999952316284,0.21400000154972076,-0.4672906632318794,0.0,8400.0,1789.1999959945679,0.8351059810912609,0.2150199991464615,0.2669949995726347,5.445540646936104,-9.745763460989139,-26.551722188908705,-29.00000298023212,1.4285743682563818,0
HK.03368,490,0.1469999998807907,0.14800000190734863,-0.6756770362637876,0.0,171325.0,25184.77497957647,3.060972796171106,0.159619999229908,0.16105999991297723,-6.369429955623014,-10.365856207069438,-8.124998020939485,-15.999998637608096,53.77436451964309,0
HK.03369,491,2.3949999809265137,2.430000066757202,-1.44033271066513,0.8616383616383616,403175.0,965604.1173100471,1.5772394812805648,2.2941836404800413,2.3841564512252806,2.5695906552171293,11.088492405389873,-1.0618165801681958,-6.881710801494177,14.090873521059608,0
HK.03377,491,0.04699999839067459,0.04600000008940697,2.1739093463565164,1.012460382967604,17179548.3,807438.7424525165,6.568256401417123,0.049059999734163286,0.07703499995172024,-11.320756706278218,-30.882359064058118,-49.462368520288294,-52.5252538935869,-60.16949313069101,1
HK.03378,169,30.020000457763672,29.600000381469727,1.4189191583824268,0.02222839677688247,32320.0,970246.4147949219,5.3134415736356395,28.857199935913087,,5.333334939521656,12.857142959578335,60.53475525658122,75.96718286945965,,1
HK.03380,491,1.3799999952316284,1.3899999856948853,-0.7194237817389376,0.749138584070409,3685685.4,5086245.834425283,4.1204203408407745,1.4074999928474425,1.4137249958515168,-5.479454851034117,-2.127657595741337,-2.816898807176702,-22.471909134123983,55.05618173175204,0
HK.03382,491,0.6349999904632568,0.6449999809265137,-1.5503861641813224,0.8845470692717584,1135800.0,721232.9891681671,1.495308988251324,0.6069000089168548,0.6361400789022446,4.958672800657641,-1.7124049117540854,-3.116513285324763,1.2215432545381386,-8.353465946492038,0
HK.03383,491,0.1599999964237213,0.1599999964237213,0.0,0.7424741439179959,1400971.75,224155.4749897346,4.852613049006364,0.16297999978065492,0.24897500015795232,-8.571429057997108,-20.000002980232196,-44.827585852528856,-41.81818437970369,-65.21739271277514,0
HK.03388,67,23.940000534057617,24.18000030517578,-0.9925548721634697,1.0563849297567094,648663.65,15529008.127423763,7.098402719840595,22.066999893188477,,4.177550091142714,4.0869588437287705,,5.000005855895121,,0
HK.03389,491,0.4350000023841858,0.36500000953674316,19.178079731089976,0.9820281956317322,5782984.45,2515598.2495377096,9.323198644985299,0.27437999606132507,0.20261499866843224,67.30769936149669,61.11110559216274,143.01675414924486,212.94964522371683,229.54545813733228,4
HK.03390,490,0.25,0.25,0.0,0.0,100400.0,25100.0,1.9743471259646255,0.24031999856233596,0.271049999371171,5.485230528819569,-3.8461503192516595,-21.874998253770134,-13.793100967701989,-24.242427252759718,0
HK.03393,491,14.859999656677246,15.40999984741211,-3.5691122399798596,1.0782309827322962,4457566.3,66239433.68761606,6.582093873797964,18.492800006866457,21.499498705863953,-25.364139776180156,-35.109170723947095,-45.63532867903858,-15.76196795742881,68.85169797838586,0
HK.03395,490,0.20499999821186066,0.20499999821186066,0.0,0.0,76550.15,15692.780613117664,3.0276499661403045,0.22601999819278717,0.2714099985361099,-13.865548954383039,-14.93775889995051,-33.870968827347845,-26.78571523604344,-42.25351988524342,0
HK.03396,491,18.360000610351562,17.8700008392334,2.742024331875658,0.7775728669667963,11437008.1,209983475.69659576,6.095788448303131,15.265944805145264,11.288092329502106,24.05405657930559,12.092881513118494,108.06456145083428,106.6712634512577,54.05776233027472,1
HK.03398,491,0.06800000369548798,0.0820000022649765,-17.073168515591792,38.839285714285715,125700.0,8547.600464522839,4.6497434352140505,0.10265999987721443,0.08419500026851892,-18.072281585997075,-42.857141068288016,-2.85713799145759,15.254242853062175,-46.45669171234987,0
HK.03399,491,1.2799999713897705,1.2699999809265137,0.787400835704065,0.10140845070422536,89200.0,114175.99744796753,1.2534152153101867,1.3209272742271423,1.427744332551956,-5.535058791733368,-4.872286026568986,-19.336146629562386,-16.906510423659697,-23.792711184696508,1
HK.03600,491,7.824999809265137,8.069999694824219,-3.035934260520671,0.622558102451055,997284.5,7803751.022283077,4.315575747618751,7.468499956130981,6.053539896011353,2.4885340496070514,34.94336235331576,37.01587000477838,49.518249553182244,49.724377529702245,0
HK.03601,491,0.6150000095367432,0.6100000143051147,0.8196713302251629,0.8695652173913043,82450.0,50706.750786304474,2.6442982087612705,0.7260999989509582,0.8363249978423118,-22.151899641474298,-27.647059731004948,-32.41758331730231,-31.66666379681332,-45.089285096571764,1
HK.03603,490,0.07999999821186066,0.08399999886751175,-4.761905606641802,0.6388642413487134,174450.0,13955.999688059092,5.309424073426397,0.07918000064790248,0.06656000012531876,21.212119159619657,0.0,45.45454299154359,59.99999403953561,50.94339463497742,0
HK.03606,491,55.349998474121094,55.70000076293945,-0.6283703483380145,0.7379611509398882,2721683.6,150645183.1070404,3.1883593327725985,54.6402001953125,59.81390268325806,-4.321521289440245,0.544957749715249,-12.89454236777349,-16.06084668358755,-14.779427579601995,0
HK.03613,491,5.929999828338623,5.894999980926514,0.5937209079788406,0.89997917439495,1050398.95,6228865.5931870695,2.001286707221199,6.5802000045776365,7.431669454574585,-11.624444193352849,-10.573380875616564,-29.521392412724843,-25.247421852515366,-31.51752311951308,1
HK.03616,491,0.2460000067949295,0.2460000067949295,0.0,5.090909090909091,20700.0,5092.200140655041,1.2434566583058204,0.23194000065326692,0.24666500017046927,20.58824087990482,12.844042529282149,7.894739765924978,-1.5999972820281982,-5.384609300709112,0
HK.03618,491,6.565000057220459,6.525000095367432,0.6130262263356319,1.1657600908592354,6923912.9,45455488.584689476,2.360889376259921,6.303100004196167,6.224309167861938,4.7049454097502785,4.790416928430806,8.69670564056182,11.958416383764593,14.914405571525391,1
HK.03623,491,0.6200000047683716,0.6000000238418579,3.3333300219643105,4.661654135338346,24600.0,15252.000117301941,1.598616444712573,0.5542000037431717,0.7976750026643277,9.734514581353325,-4.61538038310199,-32.60869635638757,-44.144144434402946,-52.67175329390751,1
HK.03625,105,92.5999984741211,92.5,0.10810645850929054,1.0227839774356733,42755.9,3959196.274759674,6.173657949801861,90.1649998474121,,-3.642039599972023,-14.967863015028787,,15.749998092651369,,1
HK.03626,491,1.7300000190734863,1.6100000143051147,7.453416379015641,1.8469015795868773,87000.0,150510.0016593933,6.022296180700454,1.634300000667572,2.3770249956846237,4.216870714434931,-22.072072217201473,-32.94573371194451,-46.27329181049218,-79.1062792890611,1
HK.03628,490,0.20000000298023224,0.20000000298023224,0.0,0.0,103800.0,20760.000309348106,1.6690124906373445,0.19836000144481658,0.20182500042021276,0.0,4.166667313418449,0.0,0.0,2.0408205157368053,0
HK.03633,491,2.609999895095825,2.5999999046325684,0.3846150319251659,0.8758467293943943,1288863.85,3363934.5132928016,2.4257956266821648,2.553542523384094,2.717114305496216,3.7773274842575013,-3.9873152883367013,-5.701830173703956,-4.335187881590651,-29.590700348234623,1
HK.03636,159,15.930000305175781,15.979999542236328,-0.312886348515813,0.21769403472873505,328050.0,5225836.600112915,7.2547782363266204,15.29899995803833,,-1.4232645074756027,-14.559648446727017,-55.59719191677104,-57.05379184948916,,0
HK.03638,491,3.384999990463257,3.630000114440918,-6.749314497346657,0.28961658713180843,75172.5,254458.91178309917,8.163050054317825,6.895500006675721,10.05912500500679,-54.836557142778986,-58.51715620390866,-73.9013113278933,-75.64748141467092,-81.40109973315984,0
HK.03639,491,0.03500000014901161,0.03400000184774399,2.941171314477376,25.586523816342737,17246200.0,603617.0025698841,28.10526654798104,0.02838000051677227,0.0431750002130866,45.83333268658155,-14.634148335967387,-36.363635747885894,-33.96226308998495,-58.33333259418843,2
HK.03650,491,1.5399999618530273,1.4900000095367432,3.35570147625903,1.2731728304992798,272125.0,419072.48961925507,6.8552080109890365,1.8786999940872193,2.996475007534027,-15.846998593525841,-38.645419613376255,-57.57575996412293,-57.34072003865948,-77.18518575032553,1
HK.03658,491,1.6699999570846558,1.6699999570846558,0.0,0.3688013954647396,198300.0,331160.99148988724,1.9439151127560876,1.8299999976158141,1.8642609882354737,-10.695189688434729,-11.70701854508865,-11.70701854508865,-8.94785677730344,-4.062139136649479,0
HK.03660,491,33.380001068115234,34.68000030517578,-3.7485560139009855,1.8743996157540825,44982.5,1501515.8980464935,3.365624397475274,51.293399810791016,59.77905094146728,-37.72387683139279,-46.29123049302583,-42.784514464252744,-55.829040011961496,-72.05829449066961,0
HK.03661,48,87.4000015258789,90.30000305175781,-3.2115187462581747,0.5826370361981446,670131.15,58569463.53253899,7.877333693180769,,,-0.794548195648162,,,-30.247406706146297,,0
HK.03662,491,0.32499998807907104,0.33000001311302185,-1.515159040990203,5.435725276262414,426400.0,138579.9949169159,4.073036580800899,0.3580999994277954,0.3713249982893467,-7.142858967489158,10.169492381566323,-20.731709533188774,-25.287359471774053,-44.915253809216836,0
HK.03666,490,0.024000000208616257,0.024000000208616257,0.0,,0.0,0.0,0.0,0.024000000208616257,0.029410000098869203,0.0,0.0,-14.285716186372543,-41.4634157422041,-19.99999751647308,0
HK.03668,491,34.119998931884766,34.67000198364258,-1.5863946359660024,2.8251216032619197,1063801.5,36296906.04373741,2.8498837857624464,31.241898498535157,33.35942869186401,13.81120999992556,-11.610933880986606,3.2687471157417547,31.562637391408842,24.045708151827952,0
HK.03669,491,0.8899999856948853,0.8650000095367432,2.890170622255947,1.0369942844152513,3461206.4,3080473.646487045,5.368343757573764,0.8276999950408935,1.2330249986052513,9.87654112039807,3.4883687082273678,-45.39877372401996,-47.95321837189393,-54.04931205012448,2
HK.03677,342,4.840000152587891,5.0,-3.1999969482421875,0.8106568305561592,2569125.0,12434565.392017365,3.7695130327441415,5.5102999305725096,7.6586749815940856,-16.695349393198036,-35.46666463216146,-44.87471184751377,-42.4494620641731,-56.43564084469623,0
HK.03678,491,2.25,2.319999933242798,-3.0172385886647377,1.014368593603503,4458103.0,10030731.75,3.1271196223987414,2.225156226158142,2.8582806968688965,-0.44247745599357413,-7.596276154556486,-29.54216289620935,-31.469577464481898,-51.09217232964425,0
HK.03680,491,2.450000047683716,2.380000114440918,2.9411735242391543,3.7067424003365943,1086800.0,2662660.0518226624,3.91630031533083,2.1814000034332275,2.0015000003576278,13.425923626364106,8.407082213372604,30.319151803075385,54.08805007869687,-2.7777751497070007,1
HK.03681,491,1.100000023841858,1.0750000476837158,2.3255790743460065,0.17672326808314354,1020075.0,1122082.5243204832,5.3072176342092305,1.181100013256073,1.4573250019550323,-18.215613349951138,-7.563027651344701,-45.81280594359909,-20.863306822845132,-60.43165341142257,1
HK.03683,490,0.035999998450279236,0.035999998450279236,0.0,0.0,136375.0,4909.499788656831,1.7390859097148124,0.04493999965488911,0.06681000065058469,-20.000006622738045,-33.33333793245704,-53.84615678523883,-52.000003973642826,-59.09091063028525,0
HK.03686,491,0.4749999940395355,0.4650000035762787,2.150535566956493,0.7087827426810478,1001500.0,475712.4940305948,3.3114951613505736,0.5488550740480423,0.6301152355968952,-15.178572854065159,-22.41685723715146,-33.633696142703776,-29.37944265324625,-12.565027558024907,2
HK.03688,491,0.2199999988079071,0.2199999988079071,0.0,6.008087810514153,56275.0,12380.499932914972,4.454037124244216,0.25000000059604643,0.3144000008702278,-21.428572188834753,-22.80701699349358,-31.249998835846753,-40.54054162901103,-46.3414632373449,0
HK.03689,490,1.899999976158142,1.899999976158142,0.0,0.0,740.0,1405.9999823570251,1.0539224428248894,1.780199980735779,1.72568313062191,-5.4726375535833895,11.51514841966236,24.634581236196116,23.185340575379744,8.655783105581442,0
HK.03690,491,78.75,76.6500015258789,2.739723982147715,1.2135851592092162,42785327.35,3369344528.8125,3.5444850039639806,82.89399993896484,87.50650005340576,-15.368084452188171,0.6389776357827476,-7.352941176470589,-24.713192018369483,-33.48817653284619,1
HK.03692,491,35.119998931884766,34.36000061035156,2.2118693481752736,0.7639570309311042,13366671.9,469437502.8508541,4.669764706320744,32.569398727416996,35.38608030319214,11.77593522153563,13.501169808913232,-4.4749602190711055,-3.0069590804384574,-2.893831222219679,1
HK.03696,166,44.959999084472656,45.0,-0.08889092339409722,0.3948754702791905,15478446.7,695910949.4610587,7.617637356474774,43.565200119018556,,8.128901165400055,13.592716029630886,-34.17277148523416,19.638097109722384,,0
HK.03698,491,4.769999980926514,4.855000019073486,-1.7507731784354104,1.1398828698765826,4915340.15,23446172.421747327,3.1989913157513703,4.72981824874878,4.082581382989884,-0.6250043461718422,2.893593840917242,27.330814274333886,55.75635037356695,46.3572521121103,0
HK.03699,491,0.38999998569488525,0.41499999165534973,-6.024097942928766,1.1007268951194185,77100.0,30068.998897075653,1.672392122212137,0.3989999955892563,0.3817147055268288,-1.265829088137235,3.1200400054025574,3.1200400054025574,4.45926151797752,0.04182479653127109,0
HK.03700,491,0.800000011920929,0.8149999976158142,-1.8404890477013416,0.3542354528479195,2823661.85,2258929.5136606726,5.443168236862123,1.013100003004074,0.9517250016331673,-27.27272776532763,-44.05594117029681,-3.6144544569876715,-26.605505741020778,-43.66196928883178,0
HK.03708,491,0.19099999964237213,0.1860000044107437,2.688169415623739,0.2012409860808318,292650.0,55896.149895340204,3.719565927886169,0.1921200007200241,0.27706499963998793,-4.02010114219272,-2.5510180420375455,-34.13792926264428,-48.37837914030772,27.333328035142895,1
HK.03709,491,4.664999961853027,4.809999942779541,-3.014552653876394,0.4694918296709403,650891.9,3036410.688670445,3.483234950579965,5.175000019073487,6.246574428081512,-13.289965378786844,-16.717262610869902,-29.12614733730811,-35.333404103909004,-32.602250579530114,0
HK.03718,491,0.4050000011920929,0.4050000011920929,0.0,2.4491017964071857,737800.0,298809.00087952614,1.8542224624196766,0.4038000017404556,0.3973000007867813,0.0,0.0,8.974358974358974,7.59493670886076,25.511135584087796,0
HK.03728,490,0.0560000017285347,0.0560000017285347,0.0,0.0,81000.0,4536.000140011311,0.5995166417466773,0.0598199999332428,0.06163500001654029,-8.196719509400037,0.0,-13.846148026765237,-9.67741509071863,-38.461535312518706,0
HK.03737,491,0.7099999785423279,0.7099999785423279,0.0,1.088264092880123,362650.0,257481.4922183752,6.889708970086011,0.669300000667572,0.7165749981999397,12.698410145429659,-2.7397315080268676,-11.250004004687012,18.333325054910777,-12.345681919446163,0
HK.03738,491,3.3550000190734863,3.4149999618530273,-1.7569529560692645,1.626058515120793,28956914.25,97150447.86105931,5.973709110659148,2.467999997138977,3.6367999947071077,27.566535098295535,10.361844117539105,-40.08928435341434,-21.976747203350193,-38.09963151573334,0
HK.03750,320,564.5,592.0,-4.64527027027027,2.5540066144596056,1862604.75,1051440381.375,3.423427786723675,635.4743420410156,589.5600532531738,-14.646994777176833,-24.898418685943522,5.627015246464079,11.375419783210477,37.08768443992036,0
HK.03752,40,51.849998474121094,53.5,-3.0841150016428154,0.5228926512096286,252784.0,13106850.014282227,9.195580503211184,,,-25.180380677045434,,,18.43307428012182,,0
HK.03759,491,28.540000915527344,28.020000457763672,1.8558188767609107,0.6825606176326616,12043880.35,343732356.2155018,6.431930943040512,24.998621406555177,21.181793293952943,16.48979965521365,67.31861585346898,38.2301871216799,45.54948623001503,33.12943472140801,2
HK.03768,490,0.3799999952316284,0.3799999952316284,0.0,0.0,22900.0,8701.99989080429,4.648411690130074,0.47759999632835387,0.6361499997973442,-26.92307515962583,-40.62499941792338,-45.714285471001446,-50.0,-47.22222498169641,0
HK.03773,491,2.615000009536743,2.619999885559082,-0.19083497102031144,2.4050632911392404,120800.0,315892.0011520386,3.218952516883082,2.5525999593734743,2.0723999845981598,6.300811747406568,0.9652546793790108,59.45122148453801,59.45122148453801,46.91011525663282,0
HK.03774,491,29.299999237060547,24.020000457763672,21.981676430777462,1.1470813153199082,776900.0,22763169.40727234,12.369694904531077,16.176600017547607,8.664650001525878,102.34806742635698,225.19421190621603,350.7692190317007,436.6300189075538,1654.4910173656533,3
HK.03778,490,2.9049999713897705,2.9049999713897705,0.0,0.0,1500.0,4357.499957084656,0.016949136104436064,2.9356000328063967,2.995150009393692,-1.5254262903920466,21.041660664810312,-1.5254262903920466,-9.218752246815678,-6.219420847946879,0
HK.03788,491,3.2899999618530273,3.359999895095825,-2.083331411556532,0.8648651192837269,4335367.5,14263358.909618855,6.375317272384827,2.751599988937378,3.529250005483627,17.081851560419935,13.058414598426518,-22.222223474749555,-12.032086805781994,26.53846471267351,0
HK.03789,491,0.2199999988079071,0.2199999988079071,0.0,0.5545286506469501,100600.0,22131.999880075455,1.714338637896098,0.20543255627155305,0.13590511517599224,11.504006386352419,32.49299370476667,110.50289531573152,204.37578785900575,257.5207748811988,0
HK.03798,490,1.1549999713897705,1.2000000476837158,-3.7500062088169175,4.537037037037037,26500.0,30607.49924182892,1.9319191050681659,1.2685999965667725,1.3378999972343444,-11.832059401536581,-12.500005644379018,-20.344832178811956,-13.805974431387272,25.54347287363511,0
HK.03800,491,0.699999988079071,0.7250000238418579,-3.448280681469336,0.6066464176572965,404732948.25,283313058.9502073,4.906281374001815,0.6727000057697297,0.9396250030398369,0.7194237817389376,-11.392408978994343,-43.089432745996604,-36.93693882361912,-41.1764744184891,0
HK.03808,491,39.619998931884766,39.540000915527344,0.20232173622941593,1.2674390353388425,6074035.9,240653295.87022972,3.980679445553987,39.981704025268556,36.475523490905765,-6.202657771004924,7.431073005873458,-5.772740741117078,45.92656171977939,77.25855365968694,1
HK.03813,491,0.38999998569488525,0.39500001072883606,-1.265829088137235,0.17770250330654716,10117461.85,3945809.976768547,2.914795825016165,0.3507999962568283,0.4126409478485584,21.874998253770134,-2.5000050291418283,-14.350055812866708,-16.172392832922114,-19.09860876883841,0
HK.03816,491,3.200000047683716,3.0850000381469727,3.727715011822779,1.1072492552135054,847000.0,2710400.0403881073,5.735873589673081,2.2343000078201296,1.7328468307852745,39.13043974027302,25.49020029498456,33.02107243239815,562.3906738632503,863.1199961107149,2
HK.03818,491,0.26499998569488525,0.26499998569488525,0.0,0.06868751316937341,3027644.5,802325.749189198,3.8868340014403326,0.29139999687671664,0.3977566355466843,-8.620691958562439,-33.750004563480545,-41.75824658074035,-40.44944045971389,-45.32457477841414,0
HK.03822,490,1.100000023841858,1.100000023841858,0.0,0.0,23530.0,25883.000560998917,1.8767114576160406,1.056700005531311,1.1209792885184289,11.11111244903803,-14.062496216501957,2.80373550646287,-8.333334989017844,85.09617260348796,0
HK.03828,491,0.7099999785423279,0.7099999785423279,0.0,0.13365595114644543,432250.0,306897.4907249212,2.7453511038183045,0.7537999892234802,0.8268976199626923,-6.578949019519266,-10.126587435748647,-24.69697224480827,-18.967394435809922,-12.767780602728523,0
HK.03830,491,0.20000000298023224,0.19099999964237213,4.712043641210308,6.3681592039801,121500.0,24300.000362098217,2.607842695126532,0.19475999891757964,0.14999500017613174,2.5641078544558447,-1.9607810195433113,39.86013541507756,177.77779387471188,173.97261084882118,3
HK.03833,491,1.9249999523162842,1.9550000429153442,-1.5345314547575757,0.416819321928811,3423300.0,6589852.336764336,4.668060665788957,1.7376999974250793,2.152800903916359,1.0498677809387533,-3.750002384185791,-23.518369010239724,-34.83966260423772,51.211786602401624,0
HK.03836,491,0.6349999904632568,0.6349999904632568,0.0,0.08014571948998178,186675.0,118538.62321972847,3.3883973507909273,0.661499997973442,0.8995249955356122,-3.7878840559658693,-13.013702209323668,-37.12871322186832,-37.74509781005519,-69.32367096898957,0
HK.03838,491,0.1599999964237213,0.16200000047683716,-1.234570399524046,2.8345046641298213,3160468.35,505674.9246972844,2.3762557548528456,0.16382000029087065,0.16862367860972882,-0.6211192771326315,-5.325445769560331,-8.533686906396131,-6.512329061004839,-17.052601296639004,0
HK.03839,490,8.619999885559082,8.800000190734863,-2.0454579690270434,0.0,17266.0,148832.9180240631,2.1098202332187026,8.896399879455567,7.65089996099472,-4.008905067133153,-5.792347049915211,28.464975209442372,19.06077566391673,14.021163370403638,0
HK.03848,491,2.0799999237060547,2.0799999237060547,0.0,1.1905692327732187,383400.0,797471.9707489014,1.4639530364909317,2.2230000066757203,2.233642113208771,-9.170307495422154,-7.225699011977289,-6.976978269522578,-6.976978269522578,-15.013188604990734,0
HK.03858,249,55.349998474121094,57.20000076293945,-3.234269692557412,0.8544470050594491,3272608.6,181138881.01639557,7.8788655717894995,57.4710001373291,73.40320024490356,-8.813842210171465,-32.50000186082793,-25.754532249055355,13.515177152247029,,0
HK.03860,491,0.5450000166893005,0.5149999856948853,5.82524889858715,0.23112480739599384,325000.0,177125.00542402267,4.1261077483624105,0.5804000043869019,0.6145000019669533,-9.166667494508921,-6.034477177329475,-18.656715953182776,-19.852939565185874,9.000003337860107,1
HK.03866,491,5.349999904632568,5.260000228881836,1.711020377082083,2.382749163778866,3194720.0,17091751.69532776,2.425689210725342,4.714899997711182,4.253967525959015,12.63157693963302,21.867883083001058,23.25009455415314,46.80313715248497,32.26132986035879,4
HK.03868,491,0.800000011920929,0.7900000214576721,1.265821543245696,2.397452896588015,9049328.45,7239462.867876401,2.415317132960397,0.8548727691173553,1.071258981823921,-5.2268267834562305,-33.566609781722384,-36.083027180364255,-25.990871722289143,-30.843935690676833,1
HK.03869,490,3.4000000953674316,3.4000000953674316,0.0,,0.0,0.0,0.0,3.400600094795227,4.348350018262863,0.0,-0.2932548449136124,-33.85213650419538,-42.37288067101817,-50.0,0
HK.03877,491,2.2950000762939453,2.315000057220459,-0.8639300402664769,0.4412508448222747,9750036.25,22376333.937618732,2.5628295623636297,2.1911259508132934,2.2095724540948867,3.8461555058724333,1.2665461474239854,0.40102300083024944,15.026854538097881,21.017043591605532,0
HK.03878,491,0.19499999284744263,0.20000000298023224,-2.5000050291418283,0.5771643663739021,150800.0,29405.998921394348,1.940839089083727,0.2253999999165535,0.23236999839544295,-18.750001164153243,-18.067231783800437,-25.0,-15.217395952157945,19.631895615081987,0
HK.03880,291,21.219999313354492,20.84000015258789,1.8234124663353883,1.0065818775671798,100700.0,2136853.9308547974,5.215133529263204,22.452999992370607,24.39370004653931,6.365907277428676,2.2157951801594584,-21.1152430696061,-27.328771373571858,-47.78543397626252,1
HK.03881,171,17.760000228881836,17.709999084472656,0.28233284581600276,0.15674118665732795,1074092.8,19075888.373840332,4.4584056878353735,19.807600021362305,,-12.166167992141949,-17.625228808856324,-23.31606068267599,-21.066665649414062,,1
HK.03882,491,0.41999998688697815,0.42500001192092896,-1.1764764455773846,0.41853512705530643,68300.0,28685.999104380608,3.3031551086571755,0.4291000008583069,0.5296749971807003,-5.617978957818797,-10.638300435690931,-20.754715177502643,-35.384615031925165,-46.83544614188576,0
HK.03883,491,0.04100000113248825,0.03799999877810478,7.894743291707789,3.4126890247559594,2406437.75,98663.95047526248,8.629572211024685,0.0401400002092123,0.06316500008106232,-2.3809483684514388,-28.07017348938335,-47.435897068511814,-41.42857006009745,-65.25423653901086,1
HK.03886,491,0.1809999942779541,0.1809999942779541,0.0,0.23785926660059464,643250.0,116428.24631929398,8.422162777263834,0.20088000059127809,0.230997913479805,-13.397134542437758,-15.502811911228696,-28.42590306532216,-26.405668119463595,-29.802332142750643,0
HK.03887,173,2.765000104904175,2.619999885559082,5.534359758727668,1.5232737392072766,2480202.8,6857761.002183627,9.09741170826632,2.128400001525879,,37.56219492652379,-16.21211682250452,-59.278348741704676,-57.26429374702852,,2
HK.03888,491,24.440000534057617,25.079999923706055,-2.5518317049255606,0.4288611618488276,10747937.45,262679597.01801786,3.683409003054753,24.8396000289917,25.866202974319457,-14.605171846975196,4.892709589379751,-11.923579388180345,-15.72674670398991,-29.538869322460986,0
HK.03889,490,0.04500000178813934,0.04500000178813934,0.0,0.0,27400.0,1233.000048995018,2.624520901573255,0.050999999940395356,0.07590500019490719,-2.1739093463565164,-35.714283433495744,-47.05882198257844,-51.086954673178255,-55.88235036312085,0
HK.03893,491,1.3200000524520874,1.4500000476837158,-8.965516617692204,0.03934972268572273,861521.75,1137208.7551886141,7.090758828486441,1.2215999960899353,1.108499992787838,11.864416197229556,3.1250064028428435,14.782615636382221,30.693075734252513,306.1538771905854,0
HK.03896,491,5.454999923706055,5.5,-0.8181832053444603,0.34486302574255623,77365224.2,422027292.10850185,4.5366800865443695,5.497600002288818,6.513200011253357,-20.596797458867417,-18.70342931901827,-24.236110163691578,-3.9612660463473977,-27.363518542552036,0
HK.03898,491,30.31999969482422,30.6200008392334,-0.9797555068149715,0.926693497202021,3343389.85,101371579.2316784,2.8828732967666175,33.991815414428714,37.07326322555542,-14.00015818886517,-21.443748985086064,-28.27939342975781,-17.5776290660122,-18.3978760178826,0
HK.03899,491,7.380000114440918,7.545000076293945,-2.186878199928054,1.7273916364976787,3637252.75,26842925.711250544,3.3439582455918284,7.631599998474121,9.18104519367218,-5.9872585465164985,-19.167579168285283,-38.07975730213225,-20.13843100859546,9.224124607531582,0
HK.03900,491,5.849999904632568,6.085000038146973,-3.8619577985404154,2.331278858835166,15908073.95,93062231.09038784,5.108450024652993,7.182600002288819,8.840700013637543,-19.31034614299906,-35.643566485891704,-46.914703614996675,-30.190932878968603,-45.327102720440706,0
HK.03903,490,0.1679999977350235,0.1679999977350235,0.0,,0.0,0.0,0.0,0.1679999977350235,0.1679999977350235,0.0,0.0,0.0,0.0,0.0,0
HK.03908,491,20.8799991607666,22.479999542236328,-7.117439564282827,1.8723828319655544,14739554.65,307761888.7220735,3.362528223266374,21.50375114440918,20.1688867855072,-5.52036741920631,7.372308736509966,-4.288031209399191,4.818359181256671,-7.3528856682317265,0
HK.03913,491,0.14499999582767487,0.14300000667572021,1.398593747264647,0.09831502026350185,835344.15,121124.8982646726,5.493714695853429,0.14610000014305113,0.18997499987483024,-12.121218141883071,-18.539329605141,-35.55555570272752,-33.78995526997945,-52.459018876302,1
HK.03918,491,3.2049999237060547,3.265000104904175,-1.8376777724446989,0.889574125874606,3018316.0,9673702.549720764,3.3279832533682066,3.499782738685608,4.078409770727157,-5.317579535135186,-22.2056042661516,-29.399503586550406,-31.7479548113404,-29.421684667113713,0
HK.03919,491,0.5199999809265137,0.4950000047683716,5.050500185316258,0.19956701086036546,1131027.5,588134.2784273624,11.075377163298132,0.7326000034809113,1.1978000020980835,-23.529415373983642,-60.0,-64.86486660641765,-56.666669978035685,-52.72727548583474,2
HK.03928,491,27.239999771118164,26.420000076293945,3.103708147071451,0.8201968472433384,379085.0,10326275.31323433,5.483011972804914,25.766400108337404,17.07645003557205,3.5741466210121366,23.818180777809836,134.82757651139698,214.54965647901676,698.8269526533575,1
HK.03931,491,16.889999389648438,17.049999237060547,-0.9384155693352023,1.4073742177124768,3533688.05,59683989.007707976,4.857110290420065,19.731999969482423,26.798499994277954,-9.485533077371096,-43.84973592922975,-40.402260766727224,-35.038463885967545,-24.123992740422107,0
HK.03933,491,8.399999618530273,8.194999694824219,2.501524482490562,1.8774035217267548,8718058.05,73231684.29432479,3.5327066213562275,8.897024936676026,10.267319023609161,-7.995624170431312,-3.92705206426694,-31.114620538062255,-26.122923778359997,-47.631507194156065,1
HK.03938,491,3.130000114440918,3.109999895095825,0.6430938913094892,0.30600047812574704,37987.5,118900.87934732437,1.9776181139977014,3.338800005912781,2.9482000106573105,7.931034879650416,-11.830981507515995,-3.692304171048678,111.48649149345073,353.62320655886055,3
HK.03939,491,14.720000267028809,15.850000381469727,-7.129338089871617,1.6508685695735796,46904886.5,690439941.804956,7.647010520116051,11.186999979019165,11.40957283258438,27.44588765320406,32.25372807194174,-14.90417026400315,89.2219753890687,102.98650455492148,0
HK.03952,46,58.70000076293945,58.5,0.3418816460503472,0.6807923105517498,185225.0,10872707.64131546,7.751758798342993,,,-11.262283584415183,,,-19.589040050767874,,1
HK.03958,491,5.795000076293945,5.894999980926514,-1.6963512291114788,0.964213664698829,6429560.4,37259303.00853653,2.248119091562633,5.6072999858856205,6.017763998508453,1.9349188148034078,5.094549237802677,-12.216945060560072,-13.726107668262896,-27.985651404455066,0
HK.03963,490,0.11999999731779099,0.11999999731779099,0.0,,0.0,0.0,0.0,0.1311600002646446,0.1485800012201071,-1.639347566099932,-25.0,-11.111116630059483,-7.692306369719372,-48.936171224614846,0
HK.03968,491,51.75,51.45000076293945,0.5830888874867477,0.8905377735268541,10999465.15,569222321.5125,1.9871939718316178,47.8237752532959,47.78394519805908,6.132079125085539,12.054074252978456,6.269774367461123,1.438721104891867,12.371605915707578,3
HK.03969,491,3.1500000953674316,3.190000057220459,-1.253917276975866,0.8835252561264724,1848395.75,5822446.788776755,1.6345882470359392,3.174768204689026,3.2874436473846433,-4.545450276251277,-1.029025440567599,-8.35016382370983,-0.7353381471323931,-3.8730157344310916,0
HK.03978,491,2.799999952316284,2.75,1.8181800842285156,2.3374576613327576,622704.85,1743573.5503071188,2.965738810643704,3.1057000207901,3.447386317253113,-12.500002793967683,-15.151515370448653,-16.58270873037289,-26.878543634124334,-42.95963508313024,1
HK.03983,491,1.9450000524520874,1.940000057220459,0.2577317053687192,1.4309602112622999,5567436.15,10828663.603773648,2.4765219587200846,2.0776000094413756,2.3853294759988786,-8.254709554422643,-15.06549847807736,-27.2084112480594,-15.573693552947333,-11.587900062370254,1
HK.03986,157,472.20001220703125,475.3999938964844,-0.6731135318756236,0.35545320622362137,3527927.55,1665887432.1755219,6.450495351599017,624.7860009765625,,-2.8395036611046813,-33.35215071178105,22.5001185570573,112.34087180103671,,0
HK.03988,491,6.0,5.974999904632568,0.4184116446269469,1.2741995298436504,176961850.5,1061771103.0,1.9001648887565317,5.27205825805664,4.816584222316742,13.851992821926837,18.138260192348046,29.554965337137673,36.13282276946925,42.89509555118793,4
HK.03989,491,0.08100000023841858,0.08100000023841858,0.0,0.16927964031847115,2490816.45,201756.13304385694,4.335371282439093,0.08461999967694282,0.08976999994367361,-2.409634552598453,-7.954544684857372,-14.736840784384587,9.459458370988969,-6.896548771073796,0
HK.03990,491,2.2899999618530273,2.325000047683716,-1.5053800048545098,0.5143073268666396,648779.8,1485705.717251015,4.140858465399817,2.594000692367554,3.30669172167778,-14.071294760516809,-15.69518046317043,-39.18308804682917,-40.369758854945125,-45.718151300396734,0
HK.03991,491,0.6100000143051147,0.6000000238418579,1.6666650109821552,3.517428700769579,491800.0,299998.00703525543,1.2305007682167195,0.6748000037670135,0.9822499939799308,-3.9370041785203256,-32.222218837267,-46.49122614389419,-46.01769762131049,-36.458330422950226,1
HK.03993,491,16.059999465942383,16.6200008392334,-3.369442509106671,0.7559200102950094,42971714.75,690125715.9356284,4.188414976728815,16.544764766693117,18.377164721488953,-12.47784027744934,-12.619775880795201,-30.9863547470694,-18.388625904781584,52.48241078263257,0
HK.03996,491,1.024999976158142,1.0449999570846558,-1.9138738514697822,1.1397526099152977,17938853.45,18387324.358554404,1.9113793511053376,1.0780459547042847,1.1540329295396805,-7.239822763299333,-16.601554695026117,-13.88941244100024,-1.9296034297572362,-19.148070073553875,0
HK.03997,491,1.4149999618530273,1.5199999809265137,-6.907896078359404,0.7341955862893242,94235.0,133342.52140522003,3.904929362994422,2.2517999958992005,1.4486500000953675,-26.30208367287803,-46.80451442876031,76.87499259598565,91.21620859692278,117.692309808449,0
HK.03998,491,4.25,4.295000076293945,-1.0477316762418971,0.763742786066606,21179991.3,90014963.025,2.7892301313726953,4.410698857307434,4.287122808694839,-8.337195941119974,0.480481103406478,-5.839050616670032,-0.6310276519438773,-3.157590504921766,0
HK.03999,491,0.5400000214576721,0.5600000023841858,-3.571425150243618,0.3257328990228013,15600.0,8424.000334739685,3.691006038542581,0.5537999987602233,0.5825999990105629,1.8868020014566025,-3.571425150243618,-5.2631529414422,-8.47456856590309,-14.285710230976514,0
HK.06030,491,26.399999618530273,27.34000015258789,-3.4381877425433762,0.9608915869088982,15484800.3,408798722.0130175,3.0433621301946414,27.209600028991698,26.831419525146483,-3.2258102857967486,2.009275404274274,-9.493597261242268,-5.748944091782744,-12.451613005245173,0
HK.06031,208,19.1200008392334,19.690000534057617,-2.894868864215089,0.6952588330553404,4468097.75,85430032.72977686,3.6641154040611625,19.46900005340576,21.599933853149412,-9.64082714030929,-0.09511725763312505,-25.970861974145894,-12.571923257089935,,0
HK.06033,490,0.5099999904632568,0.49000000953674316,4.081628681073312,0.5097451274362819,68400.0,34883.99934768677,1.3010727976679242,0.5256999969482422,0.5826249995827675,0.0,-20.31249970896169,-13.559319807927558,-22.72727724277594,-31.004447096485464,1
HK.06036,491,1.2050000429153442,1.2599999904632568,-4.365075235253858,0.2159644293881008,1121500.0,1351407.5481295586,9.30585243750031,1.3079000043869018,0.7902750000357628,-9.39849593733858,-3.5999965667724605,170.78653085022611,183.52941390964804,170.78653085022611,0
HK.06038,491,0.4399999976158142,0.4399999976158142,0.0,0.20618556701030927,735000.0,323399.99824762344,2.94323572624551,0.3534000015258789,0.3444106647372246,27.536231633670887,15.789474509759632,3.5294082997992935,27.70898100620901,98.89103458309731,0
HK.06049,491,28.100000381469727,27.920000076293945,0.6447002316759097,1.0772845240428424,695121.1,19532903.175167654,2.433242037080356,27.620000114440916,30.01630044937134,0.9339088629913941,-1.031735827260881,-7.159225988950856,-7.965031380612644,-18.52228190590424,2
HK.06051,491,1.2100000381469727,1.2450000047683716,-2.8112422881404373,0.8568217950059274,4832383.45,5847184.1588408,5.292755180434625,1.394500000476837,2.3236250072717666,-14.788727132698329,-34.9462350085507,-56.785712187387475,-57.986111456045386,-62.88343430408945,0
HK.06055,491,24.540000915527344,25.020000457763672,-1.9184633631266979,0.38448646537035036,2935544.4,72038262.26357116,4.277447953290633,22.17480010986328,30.434611988067626,4.336736555746885,-0.7682920753172114,-45.60922021902028,-30.42119690423131,-34.167341484912605,0
HK.06058,491,0.6100000143051147,0.6150000095367432,-0.8130073421291051,1.1815110818159347,1248800.0,761768.0178642273,4.222459557945761,0.5771000015735627,0.522150000333786,12.962961123313507,7.017547712211622,32.60869635638757,28.42105725465395,-21.794867092335547,0
HK.06060,491,11.399999618530273,11.40999984741211,-0.08764442607862154,0.45324288453085204,10817654.0,123321251.47339249,3.5088826501842663,10.550200061798096,13.236900024414062,0.26384989686142174,5.555550159250362,-31.65467979642141,-30.992740298788696,-44.00786209832326,0
HK.06063,491,1.2699999809265137,1.315000057220459,-3.4220588848538034,1.3032873104514398,7838707.0,9955157.74048853,11.224959014683348,1.0010000002384185,0.544509999975562,0.39525654451939296,126.78570991420017,176.08694736696162,551.28206538966,669.696927552273,0
HK.06066,491,11.920000076293945,12.260000228881836,-2.7732475223526167,0.8722683813871022,6136624.4,73148563.31618729,2.547842699805576,11.855026569366455,11.808663349151612,0.16807107903203497,5.687665567344736,-6.100883156205765,-7.674214973927383,-17.50760903109955,0
HK.06067,51,7.260000228881836,7.525000095367432,-3.5215928654769835,0.6229589620245368,3343355.0,24272758.06523323,5.991400378197572,8.176000032424927,,-2.8762498795148908,,,-33.99999791925604,,0
HK.06068,490,0.05999999865889549,0.06400000303983688,-6.250006548361542,0.14886164623467601,229500.0,13769.999692216516,8.057660483227993,0.06334000028669834,0.07608500013127922,-7.692306369719372,-10.44776542637114,-29.411767026132342,-15.492962402167846,-53.12500327418077,0
HK.06069,491,6.409999847412109,6.489999771118164,-1.23266450735593,0.7911902150957241,6308166.3,40435345.02045021,4.960229075088994,7.088486413955689,8.896071314811707,-9.463278015732394,-25.583623058787786,-38.09910391877018,-39.20448116234671,-43.257515409362426,0
HK.06078,491,10.279999732971191,10.34000015258789,-0.5802748426621864,0.533331264446154,2673533.2,27483920.582089618,3.5173018819623425,9.831100025177001,11.544075026512147,5.435894697140425,5.005104933886211,-29.10345011744006,-18.991331182844025,-33.376542257598615,0
HK.06080,490,0.13500000536441803,0.13500000536441803,0.0,0.0,371400.0,50139.001992344856,4.17470500773952,0.14202000081539154,0.13371500052511692,-0.735295567803238,-21.511627453655873,-14.012738309422506,19.469033375502743,35.00000335276122,0
HK.06082,164,43.29999923706055,45.91999816894531,-5.705572814366124,1.1143643377125254,12899054.3,558529041.3488026,7.568661648815442,41.28600002288818,,14.248014495446421,-28.132781349277103,11.025639069386017,25.652932058756523,,0
HK.06083,491,0.7149999737739563,0.7300000190734863,-2.0548006722750554,0.1683432560049271,944600.0,675388.9752268791,3.1568513760250063,0.8276999986171723,0.6582977218925953,-7.741936029678345,-15.689487448386144,34.27228833020591,43.839882997158206,106.32143909082896,0
HK.06086,491,0.7300000190734863,0.7200000286102295,1.3888875091517963,1.1055495103373232,240275.0,175400.75458288193,5.553274193797197,0.7258000004291535,1.6890999972820282,4.285718786473254,-29.12620977178249,-71.48437361756802,-67.26457341570855,-81.13694985373297,3
HK.06088,491,5.170000076293945,5.25,-1.5238080705915178,0.2684665536468193,34006994.0,175816161.57452774,5.238805405122085,5.660000019073486,6.274300014972686,-16.410668971315374,-42.87292853776018,-7.678568493954939,1.1741671470031065,4.024150795680066,0
HK.06090,231,41.560001373291016,41.13999938964844,1.0209090662948774,0.8748660212599801,694140.35,28848473.899256706,6.876435421574198,38.93879978179932,67.56210005760192,1.8627503687307017,9.196005974020169,-67.01587192595952,-55.881101146822765,,1
HK.06093,491,0.6600000262260437,0.6600000262260437,0.0,8.275862068965518,32700.0,21582.00085759163,0.9154198671214929,0.715900000333786,0.7194250029325485,-13.157890196322017,-10.810808416175734,-11.999996503194172,-11.999996503194172,-30.52631215705761,0
HK.06098,491,5.539999961853027,5.565000057220459,-0.4492380073742245,0.7264631458569036,5511815.05,30535455.166740943,2.775486942185876,5.40439998626709,5.587028391361237,1.187215677674449,2.9756267606364086,-5.48593318655108,0.43091629487710115,-16.832785553090062,0
HK.06099,491,15.359999656677246,15.9399995803833,-3.638644535598587,0.8458546719273116,5267551.85,80909594.60752958,2.9046379613473543,15.558459987640381,14.415522317886353,2.7424739307221624,5.809768465271827,6.236129009193317,10.619300422576682,-11.746349853209463,0
HK.06100,491,2.265000104904175,2.2899999618530273,-1.0916968281791193,0.19096994395032144,548079.1,1241399.2189957856,5.824521661068673,2.1216999983787534,2.7684426242113114,5.348837415613688,-1.8103705152224898,-32.29232079621121,-38.23158881652307,-41.45939348496671,0
HK.06106,50,64.80000305175781,67.44999694824219,-3.9288273037548835,0.9962624923166682,127844.9,8284349.910151672,7.999236323330276,70.50759994506836,,12.793737495578569,,,-38.86792164928508,,0
HK.06108,491,0.21699999272823334,0.21899999678134918,-0.9132438732922266,2.97789485740465,80248.0,17413.81541645527,2.788537138074564,0.20956000089645385,0.22833499975502491,6.896551217898366,4.830913214414389,-3.555556232546601,-25.172414147471144,-47.71084407431794,0
HK.06110,491,1.1100000143051147,1.125,-1.3333320617675781,0.7444377956322834,23771848.7,26386752.397059023,3.1290186361915815,1.3487781834602357,2.268274763226509,-7.500002483526767,-57.09238071574424,-57.23685086742367,-56.20463653444806,-59.13619464736596,0
HK.06113,490,1.4500000476837158,1.4500000476837158,0.0,0.0,12300.0,17835.000586509705,2.2611108456617313,1.4396000027656555,1.7571499925851821,2.8368852488815253,-14.705881940452297,-17.613633207915225,-27.49999761581421,-64.6341443558238,0
HK.06117,490,0.5699999928474426,0.5699999928474426,0.0,1.6091954022988506,9400.0,5357.999932765961,0.2096703170100691,0.6037000012397766,0.6408277919888496,-3.389827426361236,-10.937499126885067,-14.240581789380427,-10.400607959578297,-38.743273491471086,0
HK.06118,491,0.6800000071525574,0.7049999833106995,-3.546095992902228,0.42735042735042733,47350.0,32198.00033867359,2.3646484785388355,0.7036000001430511,0.8122500005364418,-2.8571401810159034,-13.924052065485734,-19.047615668670826,-23.5955035862575,-48.09160024009298,0
HK.06119,490,0.4399999976158142,0.4399999976158142,0.0,,0.0,0.0,0.0,0.4399999976158142,0.4941250003874302,0.0,0.0,-21.428572188834753,-22.80701699349358,-9.278353682891009,0
HK.06123,491,1.1699999570846558,1.1699999570846558,0.0,0.060790273556231005,230000.0,269099.9901294708,3.893356635715528,1.2060000109672546,1.2390000110864638,-3.3057917191121846,-20.945949864439708,0.862068168189925,8.333325054910777,-1.6806806028663923,0
HK.06127,491,23.0,23.420000076293945,-1.793339346395115,0.5910511049174253,6153138.6,141522187.79999998,6.631184986963387,23.233599967956543,20.873403058052062,-6.427989945525719,32.70326936291201,5.378453624562938,16.148597013349754,3.220213269077268,0
HK.06128,491,0.05299999937415123,0.05299999937415123,0.0,0.7394565445285852,1990360.0,105489.07875433564,4.353858797430768,0.05391999989748001,0.12158000033348798,0.0,-22.058828685522624,-28.378380147142924,-75.11737113014044,-73.89162517280393,0
HK.06132,51,43.599998474121094,45.5,-4.175827529404189,0.6680118946474086,92775.0,4044989.8584365845,7.409925258735944,41.5583999633789,,8.728179883245526,,,23.65286599430911,,0
HK.06133,490,0.27000001072883606,0.27000001072883606,0.0,,0.0,0.0,0.0,0.27000001072883606,0.2430350051820278,0.0,0.0,31.067966221527026,54.285723043947954,12.500006984919466,0
HK.06136,491,0.7699999809265137,0.7799999713897705,-1.2820501064172196,1.4438185591461608,338650.0,260760.49354076385,3.1672414318144977,0.7739986979961395,0.6505374957621097,-3.750003818422499,-9.879924365430355,31.36146913028009,61.46513879724842,96.2107956782293,0
HK.06138,491,0.3199999928474426,0.3100000023841858,3.225803350434739,0.7785426062188464,1461500.0,467679.9895465374,2.3618588701080627,0.30930000185966494,0.34537500187754633,4.918027981350978,-1.5384601277006635,-12.328771373571856,-11.111116630059483,-24.705886147838868,3
HK.06158,491,0.032999999821186066,0.032999999821186066,0.0,0.4939112288035482,76222500.0,2515342.486370355,38.343885832591425,0.01944000005722046,0.024365000100806354,94.1176354575741,106.24998908606409,3.1249945430320487,13.793106106033584,-13.157892414985195,0
HK.06160,491,219.39999389648438,213.1999969482422,2.908066152434017,0.6051055504866976,4863717.5,1067099589.8142242,3.1571693220711716,199.53599975585936,191.4170001220703,10.41771377260472,27.930025595617714,1.2926997756549479,18.91598585175305,17.075774302146506,1
HK.06162,491,0.08100000023841858,0.08100000023841858,0.0,0.11181009485427827,73039600.0,5916207.617413998,14.046740327487106,0.27925999730825424,0.299514998421073,-46.00000198682142,-66.52892533994813,-58.03108876297279,-66.24999914628762,-29.565218461709105,0
HK.06163,490,0.6949999928474426,0.6899999976158142,0.7246369925949435,0.0,34685.0,24106.074751913548,2.8770177395956726,0.6223000079393387,0.3986000029742718,13.934422385080783,73.74999562278396,117.18750261934481,148.21428210303495,131.6666550768751,1
HK.06166,208,95.5999984741211,98.8499984741211,-3.2878098635993904,0.4317201027916982,11326204.55,1082785137.6975834,9.139709248931664,98.6389998626709,97.27020778656006,16.372485329784404,-28.120301899157074,40.820218621424324,-0.28286583477292904,,0
HK.06168,293,13.550000190734863,13.489999771118164,0.4447770247198891,0.24535410403215763,842109.9,11410589.305619717,3.5717498351381645,14.726599998474121,22.494882645606996,-6.744663181324996,-22.171164218884307,-38.8354266227707,-50.39888038817901,-70.05746952514798,1
HK.06169,491,0.375,0.3700000047683716,1.3513500451867637,0.31186243077819875,3381400.0,1268025.0,3.569791068477775,0.35750000476837157,0.4569499994814396,5.633806009374048,-6.2500013969838415,-33.03571457081303,-30.555558315029742,-30.555558315029742,1
HK.06178,491,7.445000171661377,7.610000133514404,-2.1681991978734443,0.9665679009826336,1631648.95,12147626.712841105,2.4256293490699314,7.409436807632447,8.040893094539642,-1.6512549163201198,1.23922153168728,-16.444485901205045,-16.444485901205045,-35.10887852254044,0
HK.06181,491,385.0,387.6000061035156,-0.6707961977743742,0.8019189785824145,1730279.95,666157780.75,6.233312450317715,367.5480004882813,557.9441326904297,13.168720219123738,-29.097605893186003,-50.116609731888964,-36.64328662950609,-45.02654532226609,0
HK.06182,491,0.5049999952316284,0.5,0.9999990463256836,1.1212224439145457,8680000.0,4383399.958610535,11.892991937375,0.6361999970674515,0.7309500043094158,-26.277373215482626,-50.0,-31.756758280615443,-31.756758280615443,38.35615946217995,1
HK.06185,491,28.540000915527344,29.5,-3.2542341846530722,1.1833016897891098,9439845.9,269413210.62843704,9.605516382587812,25.009200134277343,31.459500064849852,21.03477950750446,9.684859390583798,-16.009413478499894,-18.363839636931594,-44.90347232455504,0
HK.06186,491,2.819999933242798,2.819999933242798,0.0,0.5939418147794944,17137264.7,48327085.30996416,2.451708750792005,3.1176000165939333,3.4745036399364473,-13.629407576219277,-7.7732701216630495,-24.948143002341546,-26.996708970904255,-33.48708575274317,0
HK.06188,490,0.38999998569488525,0.38999998569488525,0.0,0.0,6625.0,2583.749905228615,1.7923281566108906,0.5250999987125397,0.45807499930262563,-39.534884150745604,-45.07042288993045,-12.359552367771112,-3.703707519273088,-54.117650028743455,0
HK.06189,490,0.07199999690055847,0.07199999690055847,0.0,,0.0,0.0,0.0,0.07199999690055847,0.07199999690055847,0.0,0.0,0.0,0.0,0.0,0
HK.06190,491,2.9000000953674316,2.9000000953674316,0.0,24.444444444444443,400.0,1160.0000381469727,0.15517267177277033,2.7784000062942504,2.138267804980278,-3.3333301544189453,29.71856995502955,58.69824840634483,74.4752645247448,-11.990355862369166,0
HK.06193,491,0.36000001430511475,0.3700000047683716,-2.7027000903735274,0.30303030303030304,46900.0,16884.00067090988,1.4448213733933652,0.37000000059604643,0.30557999938726427,-7.692300638503319,22.03390857879588,16.129035979478314,20.0,84.61539872299336,0
HK.06196,491,0.9100000262260437,0.9200000166893005,-1.086955465418649,0.6515775082141321,6397748.9,5821951.666787643,1.6250902541993968,0.889599997997284,1.0403499960899354,-1.086955465418649,-7.142856273984786,-13.333326899815829,-20.869561296329525,-34.99999701976771,0
HK.06198,491,7.204999923706055,7.199999809265137,0.06944603574133014,1.148401114709453,2458734.6,17715182.605413437,1.8051153089249352,6.822700004577637,7.030375235080719,2.5622751017088556,1.3463793773594839,1.9009440585331667,6.565937390771532,17.02292358966086,6
HK.06199,491,0.9200000166893005,0.9150000214576721,0.546447553483442,0.32132963988919666,91700.0,84364.00153040886,1.0897601737495757,0.9142514431476593,0.9563220545649529,1.0989000192372347,-11.627708716961243,-2.963750529894539,-10.020937349197279,-13.178092292101573,1
HK.06600,166,46.880001068115234,49.540000915527344,-5.369398058647158,1.3236685854240482,308015.35,14439759.936995886,5.783270348407771,59.15739990234375,,-30.804426467726593,-44.32303709353765,-71.02595785914856,-49.04347709987474,,0
HK.06601,491,2.240000009536743,2.265000104904175,-1.1037569187436889,0.8001296593264626,750952.35,1682133.2711616396,1.857836629100084,2.1738000106811524,2.2025131797790527,2.283102785839374,3.567993978549243,-0.3984384317529478,4.492703993832253,-5.277094945707373,0
HK.06603,291,4.804999828338623,4.78000020980835,0.5230045488068248,1.1116429262925815,4816880.0,23145107.573127747,5.951314606058519,5.685000038146972,11.448049278259278,-7.418116081640768,-43.270369812819744,-67.60555488295833,-69.35716433041544,-86.05369435935,1
HK.06608,491,5.46999979019165,5.434999942779541,0.6439714403052952,1.065506576763181,1221718.15,6682798.0241733305,5.874580478122366,5.110299987792969,7.963875000476837,13.016521027729851,-2.4955497324569618,-56.16987186834892,-57.09804086124196,-47.40384624201871,2
HK.06609,491,46.97999954223633,47.47999954223633,-1.0530749890913957,0.5436922610934424,32170.0,1511346.5852737427,4.198593838845805,46.504599990844724,48.75034997940063,-3.4128286764851206,-0.718512584067238,3.116764982754739,-13.956042389811488,-15.427542416790327,0
HK.06610,491,0.9150000214576721,0.9449999928474426,-3.174600171093715,0.508104824234391,183915.0,168282.22894638777,5.332285595598135,0.7697000002861023,1.338924998641014,26.206895361048755,-16.05504647357606,-45.209578145438904,-35.56337682317812,-80.61440546334178,0
HK.06611,490,0.04600000008940697,0.04600000008940697,0.0,,0.0,0.0,0.0,0.04600000008940697,0.04600000008940697,0.0,0.0,0.0,0.0,0.0,0
HK.06613,285,24.360000610351562,24.360000610351562,0.0,0.45080926053278786,12688118.1,309082564.6602127,4.739076038240216,23.061600036621094,23.667616729736327,10.226245203039849,-10.769226039822925,-12.124110079557619,-3.567414663508638,3.217920704163669,0
HK.06616,491,10.039999961853027,10.09000015258789,-0.4955420215929253,0.23299130775766289,2816600.0,28278663.892555237,5.2023793766762845,8.295500030517578,8.22962502002716,16.540919658665395,33.688410863708896,29.048839217195216,2.032518355322763,110.48218033541546,0
HK.06618,491,37.0,36.459999084472656,1.4810776990867116,0.6754086373975672,10475967.85,387610810.45,3.813178788857992,37.49799995422363,49.24055006027222,-5.995936417061156,-5.419220321493567,-36.371454808073175,-34.33895119448431,-41.732283464566926,1
HK.06622,491,2.559999942779541,2.505000114440918,2.1956018293794877,0.3250230840258541,127025.0,325183.9927315712,2.761784083821952,2.554199986457825,2.965399998426437,4.4897915491806435,-1.1583000920443032,-25.797104133424842,-19.242905956884297,-35.35353742124059,1
HK.06623,490,10.899999618530273,10.899999618530273,0.0,,0.0,0.0,0.0,10.899999618530273,10.899999618530273,0.0,0.0,0.0,0.0,0.0,0
HK.06626,491,1.940000057220459,1.8119999170303345,7.064025720260653,0.7006130496876632,763324.05,1480848.7006777525,2.756875838183347,1.6539874434471131,1.8758124607801436,13.588702649765573,15.765223213282194,6.9056311905172,-14.475497294878148,-23.02165283564355,2
HK.06628,491,1.065000057220459,1.0199999809265137,4.411772268178833,0.44720085907425217,353838.0,376837.49024677277,7.643754005799688,1.1018999981880189,1.9811250019073485,0.0,-33.43749741557989,-55.4393301056713,-52.666664123535156,-72.96954208747445,1
HK.06633,490,3.1500000953674316,3.1500000953674316,0.0,0.0,250.0,787.5000238418579,0.04716976534589024,2.8765000009536745,2.874124995470047,5.000003178914389,26.000003814697266,16.236164244533352,-4.545450276251277,-9.99999727521624,0
HK.06636,106,83.25,87.0999984741211,-4.420204984578724,0.665614085021554,132106.45,10997861.9625,6.2484861119048425,86.66499954223633,,-9.853815511075675,-13.100211536504263,,-16.75,,0
HK.06639,490,1.8300000429153442,1.8300000429153442,0.0,,0.0,0.0,0.0,1.8300000429153442,1.8236000400781631,0.0,0.0,0.0,0.0,-22.45762185336711,0
HK.06651,166,60.75,61.70000076293945,-1.5397094832940064,0.38896605463725875,3787609.9,230097301.42499998,8.175150586692165,68.69399978637695,,-10.265874832395605,-38.3561662924612,-0.4098360655737705,60.290231013628436,,0
HK.06655,491,15.819999694824219,15.890000343322754,-0.4405327060169046,1.8799237278211658,2584990.4,40894547.33912353,3.863277811067019,14.000999984741211,16.00381760597229,11.0955052605453,9.784870661642172,-11.133982334658358,-13.149297596343787,26.910115797977816,0
HK.06656,96,336.6000061035156,333.0,1.0810829139686562,1.0407023688561823,248695.1,83710772.17791443,6.631394717361918,322.1685186767578,,3.441921455780413,-28.9578067156933,,-48.59539622576789,,1
HK.06657,491,14.890000343322754,15.0,-0.733331044514974,5.747091705695724,40040.0,596195.6137466431,4.6613028961563865,14.080600032806396,14.883100037574769,2.6896575401569236,19.12000274658203,-8.08642196248269,-19.77370273826829,-17.689329918592378,0
HK.06658,56,138.60000610351562,141.39999389648438,-1.9801894722983902,1.8402531554710713,83632.9,11591520.450454712,7.438992845830194,157.38199981689453,,-18.56638743321254,,,8.281254768371582,,0
HK.06660,491,1.784999966621399,1.715000033378601,4.081628681073312,1.1129266521423384,455040.0,812246.3848114014,8.58631006306458,1.6010999989509582,2.6283250039815904,8.18181772205783,-25.933613981339835,-46.23493968332985,-48.11046694971017,-67.24770588823041,2
HK.06661,490,4.945000171661377,4.945000171661377,0.0,,0.0,0.0,0.0,4.971200037002563,4.869415864944458,-0.7028081782742842,-1.1901957937109564,4.679690503773718,5.51545891935555,5.51545891935555,0
HK.06663,491,0.28999999165534973,0.2800000011920929,3.571425150243618,45.6,80500.0,23344.999328255653,2.3429261732884155,0.30440000355243685,0.29614500172436237,1.754384313814067,-21.62162488703309,3.571425150243618,-3.3333399560713786,-8.288945496549378,2
HK.06666,491,1.1449999809265137,1.1449999809265137,0.0,0.3553239172861944,17767234.2,20343482.8201169,4.333544384562625,0.9590999865531922,1.1758249920606614,11.16504977971743,-5.371905386052869,-7.6612925709348145,0.4385960784535167,25.824170101957343,0
HK.06667,491,7.074999809265137,7.090000152587891,-0.21157042313008548,0.6557377049180327,4170.0,29502.74920463562,1.0025050749315125,7.050299968719482,7.007848062515259,-0.28188839348751316,0.21246269981824129,0.6744014791195279,0.6744014791195279,0.6744014791195279,0
HK.06668,491,1.3849999904632568,1.4049999713897705,-1.423486215927142,1.943778601002397,242850.0,336347.2476840019,1.4486951347854276,1.2808999824523926,1.2863661164045335,5.725194729747979,6.23128095762497,5.472480996161195,7.001068240381807,13.400151405537663,0
HK.06669,491,6.394999980926514,6.320000171661377,1.1867058105699555,0.9610979514347336,468773.4,2997805.8840588573,6.124204142232479,7.5230999946594235,10.795774993896485,-19.61030745117559,-29.023309450901653,-54.6132014785539,-53.4231595474263,-46.70833349227905,1
HK.06675,54,31.420000076293945,31.299999237060547,0.38338927207165,0.9728806679086581,359757.4,11303577.535447313,7.5904516349591455,29.424799728393555,,1.3548389557869203,,,-24.65227937305406,,1
HK.06676,364,0.75,0.7200000286102295,4.166662527455388,15.685818375171875,306000.0,229500.0,8.617212305915258,0.6565000027418136,1.1994500005245208,-5.660379338946266,1.3513500451867637,-48.27586376993035,-55.88235417864311,-79.10863459801664,1
HK.06677,491,0.3199999928474426,0.3100000023841858,3.225803350434739,0.3205197984474747,168006.4,53762.04679832458,2.6145951029322183,0.32389999985694884,0.3723324719071388,-3.0303090509739805,-9.8591542201391,-21.282269750621793,-20.333862095470998,-39.888284006919996,1
HK.06680,491,16.3700008392334,16.829999923706055,-2.733209070457096,0.7978338361343486,2894433.9,47381885.3721056,3.7055645721291546,17.181599922180176,19.328139305114746,-8.033699208536008,-12.646739385436792,-26.323123758527256,-14.018173546823034,-14.66096890969197,0
HK.06681,406,1.434999942779541,1.4600000381469727,-1.7123352543991492,0.39289972056904016,10018050.0,14375901.17676258,4.249969048367067,1.6178999900817872,3.947724996805191,-7.71704236759623,-45.43726690732136,-69.66173494729438,-78.89706025692827,-73.90909194946289,0
HK.06682,491,27.100000381469727,28.540000915527344,-5.04555181452071,0.6563423445665792,4394071.85,119079348.81120537,4.912824268087222,27.635600128173827,37.67610005378723,-11.668839270194209,-21.947006253817992,-39.80453108414763,-39.80453108414763,-51.34649908389053,0
HK.06683,491,3.934999942779541,4.039999961853027,-2.599010397646785,0.27260710036665775,16763573.2,65964659.582780644,7.34461084638796,4.248899984359741,5.698074998855591,-11.7713024860322,-30.599649209324948,-33.530407228593475,-34.197325581460255,-64.03107775401146,0
HK.06686,490,14.119999885559082,14.260000228881836,-0.9817695727606008,4.008138351983724,5900.0,83307.99932479858,0.9370723378910997,14.94375207901001,15.70094331741333,-0.5633797519761711,-2.008094086675877,-18.07068969085434,-8.125509180782766,-12.428173845112319,0
HK.06687,213,14.789999961853027,14.869999885559082,-0.5379954560977918,0.36015282051625475,725052.5,10723526.447341442,4.847507317957864,13.796799964904785,20.385799989700317,-0.8048282145348923,-21.32978424436627,-31.40074059270595,-51.69823789520409,,0
HK.06690,491,20.860000610351562,21.260000228881836,-1.8814657301220137,0.789238225703182,12085140.75,252096043.42118454,2.1152368870543716,20.513833351135254,22.346492586135863,-0.9496622063749462,7.324881705273269,-21.454538977814664,-13.631042714642296,-12.967898150462553,0
HK.06693,366,40.52000045776367,39.70000076293945,2.0654903754805485,0.9325494683253908,9121113.5,369587523.1953144,6.747943482586126,33.29159999847412,34.408038511276246,13.501399416853546,32.59162685169946,2.6503352444277413,33.43204789802356,69.7220250241551,1
HK.06696,490,2.940000057220459,2.940000057220459,0.0,,0.0,0.0,0.0,2.940000057220459,2.1474649773538115,0.0,0.0,57.21925399591768,425.0000079827648,366.6666792814064,0
HK.06698,490,0.8500000238418579,0.8650000095367432,-1.734102373353568,0.9600237776787042,32885.0,27952.250784039497,5.072328765177105,0.8590000009536743,0.9707500025629997,-1.734102373353568,-7.608694736696163,-14.999997615814209,-16.666662770938174,-60.28037466475175,0
HK.06699,491,96.5,96.0999984741211,0.41623468494291727,1.2511236782190496,709495.8,68466344.7,4.290810532703569,82.8629995727539,71.4726841545105,1.9007424601519207,36.10719030066163,35.23191591113713,69.65055343045331,56.960280453565396,4
HK.06715,46,75.5,75.0,0.6666666666666667,3.4266725033066447,120288.3,9081766.65,6.229137553971826,,,3.28317589052831,,,-33.771929824561404,,2
HK.06745,39,3.119999885559082,3.184999942779541,-2.040818159755871,0.28262889399380026,10856315.0,33871701.557593346,3.781389445445562,,,-3.1055944771003032,,,10.247348751630177,,0
HK.06805,491,3.0299999713897705,2.950000047683716,2.71186177670977,0.8083441981747066,68900.0,208766.9980287552,4.105669099022228,3.052200002670288,2.8412999963760375,12.01478953235759,-2.884612739438744,16.98841976068481,23.67346581296598,67.57163655451505,1
HK.06806,491,2.5450000762939453,2.5850000381469727,-1.5473872828915258,1.3932456219234084,8714777.1,22179108.384384725,2.097728987071277,2.521560697555542,2.7815303230285644,-1.73744553539103,0.8681394193807362,-17.729427065771347,-15.889506060531325,-26.03348666420539,0
HK.06808,491,1.0149999856948853,1.024999976158142,-0.9756088483765962,0.7517977419861896,11847717.45,12025433.042267041,4.658185935261033,1.0961000037193298,1.38810545027256,-10.1769920373469,-28.771928444977092,-38.18713642612649,-38.18713642612649,-45.92709474281981,0
HK.06809,138,261.79998779296875,263.6000061035156,-0.6828597378104796,0.5678880471823479,4015930.3,1051370503.5174133,7.122087167925647,310.4442367553711,,-3.1804757017886307,-29.615812230987704,32.98361558392517,49.77755088429678,,0
HK.06810,87,61.0,65.6500015258789,-7.0830181535424614,0.7234214977901083,830765.3,50676683.300000004,6.934533205964632,62.27600036621094,,-4.163395856010254,-18.61240495830248,,-28.066040324587537,,0
HK.06811,491,1.524999976158142,1.4500000476837158,5.172408690208939,1.5512713764170882,2431500.0,3708037.4420285225,3.891953940575463,1.2394999933242798,1.1043989205360412,22.983868099152133,41.20369588519351,46.267714882490765,44.938006123761156,61.25656727158866,1
HK.06812,491,0.25,0.23000000417232513,8.69565020211481,3.063063063063063,96000.0,24000.0,2.0133552987762817,0.2574885073304176,0.2541489601880312,-2.335625353640959,-12.267599984730564,-13.72981762912619,32.723369043268036,76.061616259879,1
HK.06816,490,0.20100000500679016,0.20100000500679016,0.0,0.0,7300.0,1467.3000365495682,0.0,0.2114599961042404,0.20621999830007554,-24.15093741242053,5.235604912639797,-8.63636086548654,-6.944444540259521,-30.689651451552987,0
HK.06818,491,2.865000009536743,2.890000104904175,-0.8650551716246593,1.333701325198443,14679178.4,42055846.255991556,1.9743217981448598,3.0295656871795655,3.172542679309845,-7.877810090779219,-5.275402308418613,-14.610583154069065,-16.79150695502149,-16.103834611043645,0
HK.06820,491,0.36000001430511475,0.36500000953674316,-1.3698616715036243,0.5349253731343283,843600.0,303696.0120677948,4.5918704350264115,0.4002999997138977,0.4506674636900425,-11.111107840623067,-8.860758347611412,-30.337073727063522,-19.961744674992072,-47.752806801843214,0
HK.06821,491,128.10000610351562,123.0,4.146346425622459,0.9353582894364749,1586806.65,203269941.55009916,8.329191465709494,119.17009246826171,93.4775252532959,12.764091394506258,45.029154702784076,56.47422199843454,76.45871739163105,36.207253630453565,2
HK.06822,490,0.38999998569488525,0.38999998569488525,0.0,0.0,5400.0,2105.9999227523804,1.104252865097212,0.39390000760555266,0.4006000006198883,-3.703707519273088,-1.265829088137235,-2.5000050291418283,-4.87805143982653,-9.302330416818046,0
HK.06823,491,12.229999542236328,12.15999984741211,0.5756553922911116,0.9604014934866214,8259000.0,101007566.21932983,1.5528597656894103,12.176646537780762,11.547842040061951,-5.775018905122296,2.692916717583036,7.286589013235886,12.263803503213513,8.534106856646376,1
HK.06826,491,16.639999389648438,16.68000030517578,-0.2398136378626535,0.5996434205969499,157141.0,2614826.144088745,2.9664632356774976,16.28459981918335,21.217028183937074,0.9708728874782327,-6.49051089226156,-33.77008081366942,-28.80964189850051,-40.01410785294746,0
HK.06828,491,0.035999998450279236,0.035999998450279236,0.0,2.8127537487143397,4075600.0,146721.59368395805,5.728661776935208,0.032360000051558015,0.03516500021331012,0.0,12.499989813659825,-2.7027081450551504,12.499989813659825,-23.40425599371488,0
HK.06829,491,2.444999933242798,2.2799999713897705,7.236840522960702,2.537699987468148,200862.0,491107.57659101486,7.291469394485967,1.9295000004768372,2.389025003314018,62.99999554951986,2.7310846922857768,-9.107811106547576,-16.836738583115714,81.11110296759601,1
HK.06830,490,0.1979999989271164,0.1979999989271164,0.0,0.0,100800.0,19958.399891853333,2.7490541991947235,0.20687999963760376,0.22723279103636743,-4.347827651875765,-15.434406009907898,-12.096287954896106,-21.403736759948632,-28.421261019578694,0
HK.06831,322,5.079999923706055,5.199999809265137,-2.307690191550995,1.2050129123654298,5179328.8,26310989.908848573,6.50830356979103,6.226567125320434,6.523543672561646,-20.99533344748751,-25.47147101811884,-21.22482951014687,-18.315849391854183,-26.069290843306508,0
HK.06833,491,0.15600000321865082,0.1550000011920929,0.6451625928174096,4.716157205240175,56600.0,8829.600182175636,0.7339708144994004,0.1658000010251999,0.17637243062257768,-9.302326790251001,-6.024090869797868,-6.323802338159543,-11.086999503669484,-37.049594044685904,1
HK.06838,491,0.23600000143051147,0.25,-5.59999942779541,5.154639175257732,97600.0,23033.60013961792,2.0417121721133613,0.23207999855279923,0.23877000004053117,-2.479337723428905,-4.453438364602948,17.99999895691873,-12.592595536031723,-12.592595536031723,0
HK.06839,491,0.08500000089406967,0.0820000022649765,3.6585348124734343,1.1805403715709253,60491.95,5141.815804084018,1.7914773878276447,0.09854000046849251,0.12812500033527613,-9.574464037710719,-21.29629750995394,-41.37930804143756,-41.37930804143756,-61.88340850623747,1
HK.06855,491,32.65999984741211,32.099998474121094,1.744552647697123,1.1450984294926791,3182503.75,103940571.98938847,5.989359617040861,34.94799976348877,45.2377499961853,-2.215573786406658,-13.045796982753325,-33.12858364992951,-35.834972753769165,-63.97131903181681,1
HK.06858,490,2.9000000953674316,2.9000000953674316,0.0,0.0,200.0,580.0000190734863,0.20339003735251282,2.8619999504089355,3.039449986219406,2.4735043656717677,0.3460204186943589,-7.643312150273555,-10.769227834848257,-17.613633207915225,0
HK.06860,491,0.11800000071525574,0.11500000208616257,2.6086944127578815,0.0148720999405116,672900.0,79402.20048129559,2.7560308170254304,0.13011999934911728,0.17466499961912632,-7.812503819877565,-28.048782039085747,-43.269231595848424,-34.44444665202379,-47.78760939414053,1
HK.06862,491,11.529999732971191,11.520000457763672,0.08679926050506988,0.7157901562030684,16524999.8,190533243.281349,2.9351574295773406,11.438999977111816,13.642202425003052,-0.08665709631623046,-12.386019250307626,-29.680433737950224,-17.773440754460694,-14.823044122283418,1
HK.06865,491,6.440000057220459,6.619999885559082,-2.7190306865605245,1.2730217569759747,4011414.25,25833507.999534965,4.159089693575435,6.762500009536743,8.926496913433075,-13.903742770068167,-24.32432568727866,-44.858008031189286,-32.84855888752322,-36.11467615292601,0
HK.06866,490,0.2849999964237213,0.2849999964237213,0.0,0.0,18800.0,5357.999932765961,2.5036113142739627,0.3005999970436096,0.32144999980926514,1.785712575121809,-13.636368151866849,-24.000000953674316,-5.000004967053534,-6.557380413054316,0
HK.06868,491,2.6500000953674316,2.6500000953674316,0.0,0.36363636363636365,8400.0,22260.000801086426,0.7837383273990506,2.632983546257019,2.6853100848197937,0.3816521921090774,-4.6374230969170815,-8.082035017278077,2.131070326129364,-7.467198030612257,0
HK.06869,491,169.39999389648438,164.10000610351562,3.2297304057535956,0.8491660476635088,27099804.7,4590706750.775918,8.244826561136092,152.44996994018555,140.3406819820404,39.99999495577221,-19.27208007319891,32.88182375302826,223.8360362821389,359.61561450539654,1
HK.06871,75,27.020000457763672,27.360000610351562,-1.2426905884616564,0.18317876559002239,369355.0,9979972.269077301,6.777243157065806,28.219799995422363,,-5.8536594443062855,-12.49999613959544,,-49.730231706486194,,0
HK.06872,71,186.5,186.1999969482422,0.1611187200186711,0.5392287026913964,66159.25,12338700.125,6.794111350740806,194.3320004272461,,0.9745549981044238,-7.673267326732673,,-11.61137440758294,,1
HK.06877,491,0.10000000149011612,0.09799999743700027,2.0408205157368053,2.4,119000.0,11900.000177323818,1.0001515073485476,0.09701999992132188,0.13042500104755164,13.636365945427883,-11.504421919661246,-32.43243229637362,-29.57746604502942,-57.08154356847004,1
HK.06878,490,0.03700000047683716,0.03700000047683716,0.0,,0.0,0.0,0.0,0.03700000047683716,0.03700000047683716,0.0,0.0,0.0,0.0,0.0,0
HK.06880,41,200.0,230.0,-13.043478260869565,4.24751046834864,110925.05,22185010.0,7.476638362734825,,,-22.540669812348817,,,-32.34100275019535,,0
HK.06881,491,7.820000171661377,8.0649995803833,-3.0378105575831893,1.1818572075176814,17525537.45,137049705.8674579,2.748050749704871,7.525017986297607,8.723397920131683,-0.1277107553271176,4.195170181797527,-25.382815232785806,-22.37809704677857,-34.6513484239677,0
HK.06882,491,0.4749999940395355,0.47999998927116394,-1.041665696538963,0.9505208333333334,318300.0,151192.49810278416,2.2614197705616146,0.48259999871253967,0.4674589405953884,1.0638287753851585,4.395600076948939,3.3410953056255512,2.307687271276354,-8.653854420022206,0
HK.06883,292,2.0299999713897705,2.0299999713897705,0.0,,0.0,0.0,0.0,2.0299999713897705,2.0438625758886335,0.0,0.0,-2.4038439495322868,-3.3333303057956836,0.42072164991009897,0
HK.06885,490,0.6299999952316284,0.6299999952316284,0.0,0.0,2897000.0,1825109.9861860275,8.993624904709256,0.6540000009536743,1.0225499960780144,3.2786853209006517,-39.99999772934677,-41.66666942614085,-37.00000047683716,-44.247787797336194,0
HK.06886,491,17.610000610351562,17.809999465942383,-1.1229582346325901,1.088506732474575,8345365.9,146961898.5926071,2.073549958666698,16.78604030609131,16.903589577674865,4.201189395547662,10.86818270897137,-0.5232255830395698,-8.050919449774199,-12.856004425576867,0
HK.06887,264,38.70000076293945,37.720001220703125,2.598089900639882,1.2862055942974535,189483.15,7332998.049564171,4.366345192084596,36.621200256347656,40.929050025939944,5.564650638347864,3.8090183211893343,-11.279225789592942,-13.30644871847021,-21.020406606246013,1
HK.06888,491,0.08900000154972076,0.08100000023841858,9.87654479969712,0.3537214443625645,207150.0,18436.350321024656,5.04704224311241,0.11299999967217446,0.13224000055342913,-28.225804028817404,-29.92126085878088,-36.42857059228177,-38.620686820230844,-42.94871813241076,1
HK.06889,491,3.1500000953674316,3.125,0.8000030517578125,0.4652274503665587,383114.2,1206809.7665366174,2.498818315099547,2.9689000034332276,3.132990155220032,5.527645094483649,4.378365648323716,-4.167234549953915,-3.886197450725706,-13.153134108338952,2
HK.06890,491,0.8650000095367432,0.8550000190734863,1.1695895017748938,0.27938671209540034,288300.0,249379.50274944305,9.705191555910277,0.6944000023603439,0.48607500091195105,9.49366911923426,90.10988672694333,140.27777087909232,127.63158431343761,143.66198188136275,2
HK.06893,491,0.2290000021457672,0.2280000001192093,0.4385973798399445,0.6881287726358148,487000.0,111523.00104498863,5.044021132455019,0.1965800017118454,0.2222749999165535,20.526318431230827,3.153152790329657,-3.7815139203764607,-13.584900185831547,-18.214285296140886,2
HK.06896,491,2.2200000286102295,2.2300000190734863,-0.44843006178141653,0.4169813997538372,1050837.0,2332858.1700646877,4.00922198179693,2.990600004196167,3.019380705356598,-28.731941514812913,-28.454939164045012,-22.36119204837486,-19.832236991358553,-29.881761406016267,0
HK.06898,491,0.6650000214576721,0.6779999732971191,-1.9173971019833753,3.7681159420289854,82000.0,54530.001759529114,2.909715105805937,0.8041670453548432,0.7303043574094772,-14.492089395718294,-4.446750588854762,-11.990423810063977,-8.373594090103065,-14.07970587861563,0
HK.06899,490,0.23000000417232513,0.23000000417232513,0.0,,0.0,0.0,0.0,0.23000000417232513,0.23162500232458114,0.0,0.0,4.545457008456409,4.545457008456409,21.05263529391835,0
HK.06908,491,0.33000001311302185,0.3499999940395355,-5.714280362031807,2.2808500826255718,2775850.0,916030.5363997817,5.232999022698405,0.37149999976158143,0.4419499981403351,-11.999996503194172,-22.352940268995052,-29.787231074463133,-29.787231074463133,-50.74626792643008,0
HK.06909,491,0.22499999403953552,0.22499999403953552,0.0,0.012164166372952732,159517.35,35891.4027992025,3.6706902478256267,0.2450199967622757,0.32960895329713824,-9.638555875195772,-13.203091453092172,-39.24216262013957,-43.481084468890046,-63.72666477366362,0
HK.06911,490,1.899999976158142,1.9600000381469727,-3.061227592911475,4.736472241742797,17600.0,33439.9995803833,0.8388392175845524,2.403599998950958,2.6132499998807908,-22.76422980914496,-20.83333747254461,-25.490195620110374,-1.041665696538963,-41.896024855027655,0
HK.06913,491,0.1120000034570694,0.10199999809265137,9.803927011189312,0.453903380732649,974200.0,109110.403367877,9.191349093326377,0.1305000005662441,0.21321499969810248,-13.178287320508861,-29.999996274709616,-58.51851888644841,-61.37930804143756,-60.21858153139497,1
HK.06915,46,17.84000015258789,17.399999618530273,2.528738756919483,0.47255076251324235,1660244.95,29618770.161333274,16.01302901043636,,,73.37220815086627,,,82.41309447529042,,1
HK.06918,491,0.13600000739097595,0.13699999451637268,-0.7299176389946654,0.36477160696680905,619100.0,84197.60457575321,2.336260291259592,0.1417199996113777,0.1525900001078844,-2.85713799145759,-11.111104618230296,-16.049378400822103,-19.52662273204767,-50.545452929725364,0
HK.06919,491,3.5899999141693115,3.4600000381469727,3.7572218089327305,3.706356311548791,12715.0,45646.848908662796,1.2536442193459654,3.375899977684021,3.9016583251953123,4.057967088423369,-5.526322790129672,-17.20284072338436,-7.425287557017099,-21.01609026486154,2
HK.06922,491,2.9049999713897705,2.9749999046325684,-2.352939007957491,1.0574712643678161,39170.0,113788.84887933731,2.503540173820244,3.693700017929077,5.228475000858307,-21.48648827157809,-40.22633967935547,-49.65337987881064,-57.21649502635666,-49.47826136713442,0
HK.06928,491,0.18299999833106995,0.15800000727176666,15.822778423232759,2.5742574257425743,91200.0,16689.59984779358,3.0739436114852374,0.1849200001358986,0.21759499959647655,-5.181349830539829,-24.066389682312188,-23.74999899106719,-28.23529343016556,-40.0000019542506,2
HK.06929,491,3.9049999713897705,3.984999895095825,-2.0075263691852863,0.32141422257934915,121875.0,475921.8715131283,2.1773584522147953,3.816100015640259,3.7933089995384215,5.970150122832477,-4.440967574207979,11.133572471848435,11.44141839358408,-13.874263287743524,0
HK.06933,491,1.309999942779541,1.2999999523162842,0.7692300638503318,2.082036775106082,322800.0,422867.98152923584,6.402556941949336,1.316600000858307,0.9016500005125999,4.382465956723893,13.913040864219683,101.53846012770067,81.94442926733643,240.2597338257761,2
HK.06936,433,31.059999465942383,30.899999618530273,0.5177988653312469,0.8756719257691277,1220463.6,37907598.76420212,2.161356147691336,32.112799949645996,33.748931627273556,-5.992740298788695,-2.080705743061734,-12.899925321635255,-10.473599077444664,-30.727961130984355,1
HK.06938,159,64.0,60.349998474121094,6.048055705327113,2.0660924616542693,315723.9,20206329.6,6.327943826242436,52.31619987487793,,26.48221725289619,10.535402959177206,-12.984367988451867,-22.046283569452722,,2
HK.06939,491,1.1100000143051147,1.1449999809265137,-3.056765694710106,0.033003300330033,391500.0,434565.0056004524,6.583567833847245,1.4634000027179719,1.364949997663498,-4.3103408409496256,-52.76595492123361,-2.6315764707211,50.0,152.27273189085577,0
HK.06951,40,105.5999984741211,110.0,-4.000001387162642,0.46720539030558533,1857246.25,196125201.16606712,7.821245834594858,,,-4.864866239530547,,,0.5714271182105655,,0
HK.06955,491,3.5950000286102295,3.5199999809265137,2.130683184378164,0.8154942628097763,4145560.9,14903291.554105448,4.843898733678341,4.61710000038147,6.918925004005432,-21.847823844740162,-38.23024188014756,-54.55119977295075,-56.15853521669284,-77.67080780477565,1
HK.06958,491,0.09399999678134918,0.09399999678134918,0.0,3.460952058275453,578400.0,54369.59813833237,4.308297292992714,0.0913000002503395,0.10589000009000302,4.444436717916725,-3.0927896816374685,-21.66666759798926,-16.07143403582106,-28.787880840380343,0
HK.06959,490,3.180000066757202,3.190000057220459,-0.3134793192439665,0.27575305172565207,57720.0,183549.6038532257,0.599301129258413,3.418500027656555,4.728825002908707,-8.882519826144353,2.580650470507544,-46.554619013509644,-50.31249969732017,-55.46218310614002,0
HK.06960,251,6.699999809265137,6.800000190734863,-1.4705938038939925,0.4398546567221266,126025.0,844367.4759626389,4.275008597687421,7.506999998092652,12.654493644237519,-5.633804235778114,-53.67479908210221,-52.86774177101056,-56.08130148388617,,0
HK.06963,491,4.034999847412109,3.9200000762939453,2.933667573468197,3.9614666475720184,8874969.7,35810501.38528709,2.67366541680484,3.552200016975403,3.5541058099269867,10.245894884898874,21.349331009026905,1.1244316312190734,8.78538189135202,-3.8414956621896525,3
HK.06966,490,0.5950000286102295,0.5950000286102295,0.0,0.0,2500.0,1487.5000715255737,0.04166662527455388,0.5398999905586243,0.49942499831318854,16.666674458123644,21.428574904060852,25.263165489788626,19.0000057220459,8.181821038900267,0
HK.06968,491,0.0949999988079071,0.09799999743700027,-3.0612231709717466,1.0031084600520876,584250.0,55503.749303519726,8.654693588377139,0.12241999983787537,0.10387500055134297,-18.103446946983208,-50.77720363270228,5.555550036607185,33.80281084162281,14.45783424540113,0
HK.06969,491,10.199999809265137,10.279999732971191,-0.7782093947869452,0.3711896916547808,21737699.05,221724526.16386294,5.3044732836657245,8.728499994277954,10.165513353347778,17.174036745110076,7.822407696978355,-15.20147615027518,-13.798689588722354,-52.38342537756775,0
HK.06978,491,0.39500001072883606,0.38999998569488525,1.282057748038625,0.2627219453100484,98070.25,38737.749802179635,3.318678711298246,0.4486999934911728,1.8487249903380871,6.7567582806154425,-45.138889578757436,-84.80769133779421,-86.18881030708565,-91.75365315501946,1
HK.06979,491,7.690000057220459,7.670000076293945,0.2607559416893439,0.7804042831505067,3930433.8,30225036.146901224,3.7340956575628264,7.748499965667724,8.265174090862274,-0.7741928100585938,6.305119858336296,-10.077939037153469,-10.698796592410591,-21.295388837044143,1
HK.06980,208,33.97999954223633,32.31999969482422,5.136138190242448,1.043753294675804,136270.0,4630454.537620544,4.79794720275472,23.88399990081787,29.372299938201905,57.89962276686439,50.62056891239782,14.41076993047618,7.395702268418694,,7
HK.06988,491,0.0430000014603138,0.0430000014603138,0.0,0.03836446239273095,922850.0,39682.55134765059,6.421099465824666,0.05159999988973141,0.09075000016018749,-12.244892683886986,-48.19276735309856,-57.84313503490962,-61.261260444908395,-66.14173221417403,0
HK.06989,491,0.550000011920929,0.5299999713897705,3.7735927567532066,0.566421530276952,327550.0,180152.50390470028,3.255310129950103,0.5387999939918519,0.7210499969124794,0.9174302896359119,-23.611112490848203,-32.098764160242304,-32.926827229466326,-63.81578823536055,2
HK.06990,491,493.0,489.79998779296875,0.6533303974649849,0.7227953259616708,644523.65,317750159.45,4.921346979026102,501.4939996337891,450.94050048828126,0.2440041148468704,13.229216102655695,18.509615384615387,23.065400022137812,5.6579497537827965,1
HK.06993,491,3.759999990463257,3.799999952316284,-1.0526305882884401,0.6777385156513668,1245757.55,4684048.376119531,3.0510523594388226,3.2081000137329103,2.9122022235393525,13.939395296781646,20.127790830284674,32.48064148837884,41.66725505361508,7.103962931038464,0
HK.06996,491,3.559999942779541,3.549999952316284,0.28168987598808554,0.6030809742686644,1709116.8,6084455.710203553,7.346206219532256,4.01529999256134,4.191675007343292,-9.759188770043554,-8.95141011171587,-0.558658697003811,-8.95141011171587,-44.46177804174505,1
HK.06998,164,1.6100000143051147,1.5850000381469727,1.5772855240665875,0.3776899429073342,795500.0,1280755.0113797188,6.196437234044565,1.7336999988555908,,-4.166662823113064,-16.580307872513753,-49.844236910523065,-44.48275995311211,,1
HK.06999,490,0.11699999868869781,0.11699999868869781,0.0,,0.0,0.0,0.0,0.11699999868869781,0.11699999868869781,0.0,0.0,0.0,0.0,12.499996417990172,0
HK.07489,113,2.694999933242798,2.680000066757202,0.55969649671485,1.4640465221052863,5729140.4,15440032.995538617,5.137867678131399,2.909500012397766,,-6.423617147460892,-50.27675469913335,,-58.60215301857687,,4
HK.07618,177,13.149999618530273,13.079999923706055,0.535165865692033,0.4248212533566216,3100970.55,40777761.54957361,4.952588961480299,13.003599987030029,,-4.433143896837946,-12.508317683577708,8.587943776526775,-6.0042899666234435,,1
HK.07630,78,13.380000114440918,14.5,-7.724137141786773,0.5977449466169906,643749.65,8613370.390671302,9.66881252207095,16.564200077056885,,3.7209341868595502,-68.59154790212239,,-68.03631170723831,,0
HK.07656,41,17.450000762939453,19.700000762939453,-11.421319354630704,1.3208111569555678,490845.55,8565255.221985435,8.75598343432653,,,-46.472387792312894,,,-16.90475827171689,,0
HK.07666,78,12.300000190734863,12.130000114440918,1.401484539901678,0.49243509730663393,3607502.7,44372283.898076534,8.755037337745417,12.299599933624268,,13.678378351698175,-17.999998728434242,,-48.31932527299529,,1
HK.07687,41,71.1500015258789,75.5999984741211,-5.886239468332109,1.9691028882486374,100385.45,7142424.92067604,6.758738457829734,,,-14.27710659532662,,,-26.42191957466006,,0
HK.07688,73,17.049999237060547,16.200000762939453,5.246903914138233,1.9049056719144406,2257867.05,38496631.47988415,8.62345681086662,17.73299991607666,,-0.23406035792976002,-54.98944362118284,,-64.10526476408306,,1
HK.09600,491,0.1459999978542328,0.14000000059604645,4.2857123090296465,1.4061608670849972,270080.0,39431.67942047119,6.891140453585734,0.1446800009906292,0.19654000002890826,-2.0134268459512996,-25.128203482317442,-53.65079398117969,-27.00000216066834,-46.90909284008431,1
HK.09606,341,176.0,180.0,-2.2222222222222223,0.975870677266485,952268.9,167599326.4,6.663636880704428,201.78200012207031,270.36400024414064,-3.296703296703297,-13.978497189802475,-49.541282637754755,-40.62078150329963,-48.53801169590643,0
HK.09608,491,0.04899999871850014,0.05000000074505806,-2.0000040233134624,1.2992442514873774,1963000.0,96186.99748441577,6.764766078674393,0.045940000265836715,0.054330000188201666,-28.985507324622777,-2.0000040233134624,-2.0000040233134624,-23.437505638866885,-58.119658745574384,0
HK.09609,186,7.59499979019165,7.800000190734863,-2.6282101991064075,0.21868787276341947,7030.0,53392.8485250473,1.7678842369592767,7.826799955368042,,-5.4171850217308295,10.072459206063378,-20.720252080612756,-13.693186073017422,,0
HK.09611,150,21.600000381469727,22.260000228881836,-2.9649588527666535,0.38881940012763244,976795.0,21098772.37261772,5.8577494640448355,22.673200187683104,,-2.702704328151932,-18.24375352348728,-27.738779163722416,-31.205512928207618,,0
HK.09615,2,98.25,99.80000305175781,-1.553109222806293,,,,,,,,,,-1.553109222806293,,0
HK.09616,491,1.7999999523162842,1.7999999523162842,0.0,0.3343313373253493,157480.0,283463.99249076843,2.380256062638985,1.8169534468650819,2.008629149198532,-3.83143926933392,-7.4806939131469505,-12.92301513760124,-18.085672888530503,-30.24089964350519,0
HK.09618,491,108.5999984741211,108.5999984741211,0.0,0.8892246299171801,9802188.7,1064517677.863047,2.3900312701471518,114.9959994506836,113.84001960754395,-16.461539635291466,-3.3807855873408523,1.4766796216601064,-5.223777891130667,-10.142149117599027,0
HK.09626,491,121.69999694824219,125.4000015258789,-2.950561828241402,0.9675944839964905,3532321.8,429883552.2802093,3.1092830476664073,137.47799835205078,181.5095001220703,-18.92072485039576,-14.954582978698902,-48.168656147157115,-39.05858847870482,-34.10936710391731,0
HK.09630,48,308.3999938964844,329.0,-6.261400031463715,0.40605817023134505,653425.0,201516266.0118103,10.190744286487277,,,-13.370788231324616,,,-40.116506039517596,,0
HK.09633,491,41.79999923706055,41.560001373291016,0.5774731853684887,1.0191057498210883,6378719.6,266630474.41342315,2.8910989003558885,42.21560005187988,44.89558853149414,-0.5235631087730683,-4.040408817134751,-11.029119043166832,-11.102829726631292,-7.580633598197093,1
HK.09636,491,28.219999313354492,28.84000015258789,-2.149794854206213,0.8086554812217006,996559.65,28122912.638716795,3.6940677821564663,29.562800064086915,37.16062313079834,-3.0240586136747982,5.238686796731325,-27.084620221118495,-42.71978639926776,-61.46681424249461,0
HK.09637,47,28.899999618530273,30.459999084472656,-5.1214691819791,1.7445361557303192,400314.25,11569081.672292233,7.557117391756525,,,-12.951810378297315,,,-37.173913872760274,,0
HK.09638,490,36.0,36.0,0.0,,0.0,0.0,0.0,34.97320007324219,33.82054352760315,0.0,0.5902379807561633,-2.347494791778227,30.273801561681445,46.79632255704657,0
HK.09639,467,0.949999988079071,0.9700000286102295,-2.0618597877583125,0.5387205387205387,227250.0,215887.4972909689,3.9638600796498737,0.9332000017166138,1.0739499965310098,4.395600076948939,-4.040406168924137,-14.414416591355394,-18.103446946983208,-22.13115034421193,0
HK.09658,491,10.130000114440918,10.210000038146973,-0.7835447934099518,0.24970155861792107,414637.2,4200274.883451462,3.3305545947046316,10.422000007629395,11.86125005722046,-4.162720842827971,-4.071972425086221,-23.60482700161204,-23.66239815376708,-36.489026736185046,0
HK.09660,457,4.304999828338623,4.59499979019165,-6.311207292589057,1.66025165303459,128538282.5,553357284.0974414,4.475188211839389,4.671299962997437,6.823574986457825,-16.650535137775012,-20.71823269917502,-52.113460089630536,-52.113460089630536,-43.79895673505732,0
HK.09663,491,2.2300000190734863,2.4800000190734863,-10.080645083760869,0.4560810810810811,129700.0,289231.0024738312,6.450613032178529,2.638799996376038,3.9177000069618226,-11.507935081269514,-33.827890361974596,-57.44274586871544,-54.58248292515036,-71.48337634115784,0
HK.09668,491,0.8450000286102295,0.8450000286102295,0.0,0.2545798622246459,890865.35,752781.246237862,1.9927280310305846,0.7943999981880188,0.8658499979972839,-2.3121364978047576,1.8072344097764832,-7.142856675002801,-12.886597558053078,-18.749994268783947,0
HK.09669,491,3.200000047683716,3.234999895095825,-1.0819118561693997,0.8777108169364212,578206.4,1850260.5075710297,4.474207455757144,3.3142999839782714,4.799874995946884,-3.7593984423271922,-20.199504612596584,-41.923776501673515,-56.28415337922825,-60.88019647555563,0
HK.09676,491,4.744999885559082,4.769999980926514,-0.5241110160880059,0.20755094024986045,701300.0,3327668.419742584,5.839659723011681,4.14189998626709,5.91287519454956,23.2467533271778,2.365678162513432,-39.544034647617046,-31.75621455832438,-32.116814363340985,0
HK.09677,490,2.7899999618530273,2.7899999618530273,0.0,0.0,350.0,976.4999866485596,0.3231605218587482,2.770156993865967,2.654108726978302,0.3597118908694688,3.05086572671853,16.24137932404603,8.840234390331966,-1.823159486478283,0
HK.09678,291,77.55000305175781,85.3499984741211,-9.138834870311465,2.1460284557425986,1845468.8,143116111.07192382,7.763748535185125,75.64999969482422,273.6719998168945,4.374158635950568,-69.201746579877,-76.18243194163121,-81.4651041627538,-90.28195450479225,0
HK.09680,490,7.5,7.5,0.0,0.0,17725.0,132937.5,3.361734958604306,6.769400014877319,8.27185000181198,7.219444213050982,-4.336736555746885,-14.285714285714285,-20.969439611310882,-37.5,0
HK.09686,490,0.9200000166893005,0.9300000071525574,-1.0752677834782465,0.0,14075.0,12949.000234901905,0.16129048797681392,0.8856000089645386,0.9121999993920327,6.976744347227267,-7.0707062801138925,-1.0752677834782465,2.2222267845531776,-7.999998331069946,0
HK.09688,491,20.5,19.440000534057617,5.4526720001130276,0.84101331342806,12438086.2,254980767.1,4.680265353218589,16.844800109863282,15.391650047302246,42.16366082897181,51.06853692722615,33.899408479005366,50.957290980642654,-23.50746050898596,1
HK.09689,491,0.47999998927116394,0.47999998927116394,0.0,0.2545454545454545,334200.0,160415.996414423,6.524172067460363,0.6200000023841858,0.5661750000715255,-20.000004967053535,-40.74074223971443,-14.285716566504256,9.090907243657693,50.0,0
HK.09690,491,12.479999542236328,12.489999771118164,-0.08006588522892079,0.5630286358483425,1413476.05,17640180.456962015,3.557187359350404,12.316399993896484,14.167000007629394,5.4945023053444295,-7.4870292514328085,-20.000004890637403,-22.242989810123138,-39.8264239153196,0
HK.09696,491,36.5,37.58000183105469,-2.8738738116883615,0.9283149219891061,5230025.6,190895934.39999998,4.517434597811838,35.91719982147217,46.80149983406067,0.4402857642825718,-25.570963869123524,-19.46160581248086,-30.276979820651658,-13.26046004811885,0
HK.09698,491,30.239999771118164,30.719999313354492,-1.5624985448084445,0.9724951601447481,6299225.6,190488580.70222166,3.4961990056825085,31.4192000579834,36.61029999732971,-6.66667176862779,-12.449337088685855,-31.021898572386096,-15.103872324798884,-3.0769261805968116,0
HK.09699,491,8.364999771118164,8.579999923706055,-2.5058293065231543,0.8100860216707809,2018324.7,16883285.653542135,4.396378190460639,8.039300022125245,10.486425015926361,-1.7038831241338765,6.560507933021448,-35.85122856143422,-22.832106518733365,-47.554859742010464,0
HK.09857,491,2.8499999046325684,2.9049999713897705,-1.893289752112795,1.042654028436019,15540.0,44288.99851799011,2.5851057402780793,2.5074999856948854,2.997374987602234,9.615384968074835,19.747889394621197,-16.176475744346288,-25.0000015685433,-37.362642084367266,0
HK.09858,491,4.300000190734863,4.329999923706055,-0.6928344919118286,0.5144241683188648,26739093.6,114978107.58007737,5.3811501373612565,3.7338000345230102,4.021350014209747,-3.262091683391725,38.26367639161518,-12.601623494813136,-13.999996185302734,0.467289251077145,0
HK.09860,491,3.7049999237060547,3.6600000858306885,1.2295037382534066,0.8023872679045093,153200.0,567605.9883117676,7.123434569756728,3.705699992179871,4.403525003194809,16.87696638914845,-7.375001907348633,-26.633667648101365,-12.617921610666038,-52.500002139653866,1
HK.09863,491,37.02000045776367,36.5,1.4246587883936215,0.9470455669501205,7150094.2,264696490.5570534,4.302801089901628,38.047600173950194,44.27474998474121,-8.456969053125887,-13.01691902435894,-17.95212470272711,-25.302664584439317,-47.8591542848399,1
HK.09866,491,30.020000457763672,31.059999465942383,-3.3483548810716526,2.425862762261788,5857401.3,175839189.70730552,3.6547964781583517,36.993600044250485,41.59550009727478,-21.248684945124698,-33.78914786781224,-26.95863364407184,-27.347529817324745,-34.39684974018626,0
HK.09868,491,43.400001525878906,44.439998626708984,-2.340227571935673,0.7955193543929896,12586554.2,546256471.4855576,3.1517423434050467,48.72720001220703,65.78984981536865,-8.12870452191,-35.98820122065806,-37.55395463902316,-45.98630696943067,-52.774754292406044,0
HK.09869,491,1.5700000524520874,1.5950000286102295,-1.5673965962198322,0.08152645273200347,806275.0,1265851.7922908068,6.716760883116675,1.741700005531311,1.1733935993909836,-14.20764941890684,21.705434021629927,85.01355525026166,82.9804264059707,31.47553797683176,0
HK.09876,491,2.4749999046325684,2.509999990463257,-1.3944257356044334,0.7923169267707083,78200.0,193544.99254226685,2.284056860113389,2.402285966873169,2.994111247062683,7.612218751448053,-15.318567849792434,-19.88867808974405,-29.313538849185495,-50.207856939553466,0
HK.09877,491,7.400000095367432,7.420000076293945,-0.26954151914918884,0.8696050162478832,21639.0,160128.60206365585,5.603246265615849,7.365599985122681,8.416399986743928,6.7051212173697445,-10.735824735596958,-8.302349749610258,-19.30207160523666,-14.450862176745737,0
HK.09878,491,8.135000228881836,8.149999618530273,-0.184041599392644,0.2900276589817136,924505.15,7520849.606852436,6.417535136723069,7.850299997329712,8.496925020217896,0.43209686128136615,12.206899708714978,-15.436587051382725,-20.32321059267823,-49.597270529642614,0
HK.09879,491,9.095000267028809,9.161999702453613,-0.7312752412212153,0.9374394731745109,517150.0,4703479.388093948,3.1644318196404413,9.033610897064209,8.224257082939149,-2.3681519980860193,3.6993514440414565,17.058589629681638,16.022670701815088,52.01436428140258,0
HK.09880,491,79.1500015258789,81.5,-2.8834337105780294,0.9888178397765466,5440084.65,430582708.3484104,4.554445631889289,86.98800003051758,108.89274993896484,-11.017420751645059,-25.958839666884508,-43.74555562002252,-39.58015150696267,-16.24338462869957,0
HK.09881,304,17.700000762939453,17.700000762939453,0.0,,0.0,0.0,0.0,17.700000762939453,17.9441503572464,0.0,0.0,-15.714282081240698,10.763462265171121,51.41147475010509,0
HK.09882,490,0.7799999713897705,0.7200000286102295,8.333325054910777,0.9667673716012085,69400.0,54131.99801445007,4.98427900090193,0.8719999980926514,0.8232999995350838,-17.894738823423122,-25.714285065527648,29.999990065892934,27.868844770161566,27.868844770161566,3
HK.09885,491,3.6500000953674316,3.5850000381469727,1.8131117581258505,0.47414397608531517,762295.5,2782378.647698164,5.009221107236896,3.6456000137329103,4.709383279085159,9.118088614304815,3.6931850893561684,-24.101493289700265,-29.88558715859022,-63.48348858064278,2
HK.09886,491,0.8799999952316284,0.8799999952316284,0.0,9.565417337318923,160375.0,141129.9992352724,3.7710731592480435,0.8446000003814698,0.9393999972939491,15.789474509759632,3.5294082997992935,-3.29670660767248,-16.190472838559504,-9.278353682891009,0
HK.09887,273,66.94999694824219,67.5999984741211,-0.9615407404598425,1.4727064209109855,1919832.95,128532810.1436348,6.740283288062226,61.649400024414064,62.47964992523193,15.33160693910856,10.478545600678235,-2.6181862571022725,32.5742513826578,-0.5939146769730141,0
HK.09888,491,92.3499984741211,93.69999694824219,-1.440766828270873,0.73805063874695,12787252.6,1180902758.098201,2.701132152882038,103.80900009155273,120.56224975585937,-17.54464421953474,-28.466309753639713,-30.66816772525473,-35.77886195114917,7.822529864424816,0
HK.09889,491,3.2249999046325684,3.2300000190734863,-0.1548023037582592,0.6757204372308712,156050.0,503261.2351179123,0.4968774524800943,3.3195999813079835,3.250494556427002,-2.8614467024232306,-4.302670203279791,0.2004730966556187,-0.94467982148318,-8.282107463194196,0
HK.09890,491,10.380000114440918,10.5,-1.1428560529436385,0.4796711322085334,640336.55,6646693.462280703,4.268443141095587,10.372900066375733,14.573275017738343,-6.486488669232594,-31.16710764617873,-51.58582156771777,-43.371521234888064,-37.35666683395776,0
HK.09893,490,1.649999976158142,1.6749999523162842,-1.4925359325276826,0.26542800265428,152700.0,251954.9963593483,1.3475329738701118,1.7169000101089478,1.526025000810623,-2.3668686217741897,-12.698413299114591,-7.821228417790342,73.68421019609615,175.59540058511146,0
HK.09896,491,18.770000457763672,18.600000381469727,0.9139788860612502,1.1723708664840493,6017472.35,112947958.76408023,3.643163095070961,23.162399940490722,31.077583866119383,-23.69918631423103,-28.194334751221607,-51.67626048786084,-49.66061830019623,-59.96801472003036,2
HK.09898,491,53.349998474121094,53.650001525878906,-0.5591855418924851,0.9562740833560531,116016.7,6189490.767972564,1.9104904495782806,59.32499984741211,69.85914625167847,-15.785320032935862,-13.039935124651377,-33.2345030462567,-34.49423152801837,-40.14127898735079,0
HK.09899,491,88.80000305175781,90.6500015258789,-2.040814608914213,0.39630007548823715,845024.4,75038169.29880981,3.972439042979913,112.85000045776367,144.3865005493164,-29.746833876756668,-24.936601216395033,-43.47549356984358,-52.89124506538047,-69.0592323861471,0
HK.09900,491,5.699999809265137,5.755000114440918,-0.9556959875251779,1.302573395713731,2389793.6,13621823.064183045,8.362082416797321,5.81289999961853,5.594324991703034,8.571424938383556,-19.37765670625584,-13.373862076662082,-7.46753327177799,148.90829276052904,0
HK.09901,491,46.52000045776367,45.540000915527344,2.151953277414597,1.1641733159351715,3401255.6,158226412.06897125,2.894782549903758,41.16439994812012,42.07845687866211,3.561893041047571,25.9339528619473,-2.6571032013880154,2.9348523369156023,26.16354249549735,2
HK.09903,160,368.20001220703125,380.0,-3.105259945518092,0.7252401692627698,1898363.75,698977555.9233856,9.101343739202154,499.6140008544922,,-23.957041940428834,-18.214126560772073,41.94295330398673,134.82143178625628,,0
HK.09906,490,1.559999942779541,1.559999942779541,0.0,,0.0,0.0,0.0,1.559999942779541,1.605999962091446,0.0,0.0,-3.703707519273088,-10.85714612688337,3.9999961853027344,0
HK.09908,491,8.479999542236328,8.300000190734863,2.1686668357236276,0.6470588235294118,8750.0,74199.99599456787,0.7337634650768178,8.455499839782714,8.20390524148941,-0.23529950310202208,3.2632247620175754,-1.3778164737720646,7.302859479115707,9.554201024313429,1
HK.09909,491,1.8849999904632568,1.9700000286102295,-4.3147226859147505,0.5940650320407683,157590.2,297057.52549710276,2.4863973384812295,2.1069999980926513,2.3803500044345856,-13.926943323659419,-21.45833685166292,-25.787400835704066,-22.745903841880803,-17.324560784346943,0
HK.09911,491,8.890000343322754,8.614999771118164,3.1921135172461734,1.1491681949816406,8238353.1,73238961.88741407,4.355217804052508,8.411700038909911,9.446175022125244,3.6130585358186957,3.252040624976809,-12.58603464472772,-25.105303883463087,-12.24086630907803,1
HK.09913,491,2.194999933242798,2.2200000286102295,-1.1261304074433849,0.06630545664070697,274738.3,603050.5501592398,1.8349677977851389,2.2877999782562255,2.3551499855518343,-6.991524118111357,-6.196580608764165,-12.200002670288086,-8.159002640261196,-11.133606970934459,0
HK.09916,491,0.3700000047683716,0.3700000047683716,0.0,0.7272727272727273,85500.0,31635.00040769577,1.862315786736521,0.35910000205039977,0.3457750007510185,1.3698616715036243,-2.6315764707211,8.82352966957026,13.846159489197346,-5.1282004256688785,0
HK.09918,490,0.9900000095367432,0.9900000095367432,0.0,0.635593220338983,9740.0,9642.600092887878,0.7919510346034568,0.9538000023365021,0.9946999922394753,10.00000397364309,7.608694736696163,-5.714280524221172,-3.883491549912931,-10.810811101069607,0
HK.09919,490,0.800000011920929,0.7699999809265137,3.8961080178621965,2.2758214863888844,295775.8,236620.6435259223,2.659467983188293,0.7692999935150147,0.8799901986122132,10.344825601747921,-6.432749231065244,-17.228963593756927,-19.5496562700631,-16.14476699384214,1
HK.09922,491,1.1200000047683716,1.1549999713897705,-3.0303002154437033,0.9635695405853515,1608418.0,1801428.1676695347,3.2043887449733437,1.2057000017166137,1.6527325183153152,-4.2735003547240655,-29.475265144057055,-48.62225315198083,-39.60381763507859,-58.86057081934942,0
HK.09923,491,4.485000133514404,4.505000114440918,-0.4439507307092648,0.6662916764236554,282516.3,1267085.6432199955,3.326860719090578,4.9175,6.6092250180244445,-9.02636329247461,-23.983049813237436,-44.35483995014863,-45.57038521730697,-65.73720335192111,0
HK.09926,491,87.80000305175781,85.6500015258789,2.5102177321377974,0.6105093701170186,12642316.3,1109995409.7212875,5.178228907161699,94.82100021362305,111.01249988555908,-8.06282402957297,-24.245037190829326,-19.89050704914994,-22.506618987778023,-50.367435793618355,1
HK.09927,203,38.58000183105469,39.97999954223633,-3.501745190623707,0.9995553241402858,1066186.65,41133482.90924606,3.149289821979262,43.71719993591309,78.56411026000977,-14.683766498016897,-43.924418430575955,-59.17586686610659,-63.53627780383712,,0
HK.09928,491,0.48500001430511475,0.49000000953674316,-1.020407170268328,10.482752543827386,316269.2,153390.5665242672,1.4668623111611334,0.4905000042915344,0.4993163099884987,-2.999997138977051,-9.345786062762024,4.874483019238535,-0.9518877868192045,-6.164944520850146,0
HK.09929,491,1.5449999570846558,1.590000033378601,-2.830193418192852,0.5804487860126,6449150.0,9963936.473232508,8.506003053175677,1.6637000012397767,1.0556600038707256,-9.11765213243675,-12.2159110536137,145.23809028230463,157.49998261531263,2076.056206338681,0
HK.09930,491,0.7200000286102295,0.7300000190734863,-1.3698616715036243,0.841589954183843,278601.1,200592.79997084138,5.397812695973898,0.7143000042438508,0.896911987066269,7.462688160516194,-14.50249653274087,-26.47214327114219,-31.9186517909206,-47.10225852008364,0
HK.09933,491,1.6699999570846558,1.6100000143051147,3.726704487356004,0.7529411764705882,88200.0,147293.99621486664,1.7111810034795445,1.6205999851226807,1.6706499993801116,0.6024090761646119,3.726704487356004,-4.022991498185347,-4.571431023733957,-1.7647111622106002,1
HK.09936,491,13.899999618530273,14.470000267028809,-3.9391889286784094,1.0198707916422516,1327685.0,18454820.993528366,6.8833893583529075,14.918932819366455,12.735125730037689,8.508970829106257,-35.21880179366936,18.24354955060785,128.5395891614025,168.6110700290953,0
HK.09938,491,0.25999999046325684,0.2849999964237213,-8.77193202602569,0.32887402452619846,738500.0,192009.99295711517,6.878776961287829,0.2532399991154671,0.1861549997702241,6.995880534141014,6.557371943300105,91.17645318636114,104.72439540593695,87.05035477628317,0
HK.09939,491,1.809999942779541,1.7599999904632568,2.840906397000803,1.056359027881318,1378600.0,2495265.9211158752,7.667222864770815,1.800400002002716,2.3676500046253204,9.036143323751826,-27.60000228881836,-32.96296626615584,-11.274510949724066,-23.949585892993742,3
HK.09955,491,0.5,0.4950000047683716,1.0101000370632516,0.06900811484313434,225525.0,112762.5,4.578767312523204,0.5190999954938889,0.7553749980032444,2.040814340536656,-21.874998253770134,-41.17647223819081,-50.0,-69.51219485601735,1
HK.09958,491,0.1469999998807907,0.1469999998807907,0.0,1.789901890404403,673700.0,99033.8999196887,4.720336325442114,0.13688000172376633,0.17157500058412553,17.59999990463257,0.0,-22.6315780392644,-2.649002243858402,-60.27027081450551,0
HK.09959,491,2.259999990463257,2.2899999618530273,-1.3100424405900453,0.971451519893322,5313291.25,12008038.174328506,4.919234610679269,2.0410000014305116,2.1395433777570725,2.4943341796021814,6.943494562866566,1.8064796340901395,0.05873186255266367,9.453913233850423,0
HK.09960,491,1.0,1.0,0.0,1.002814018930673,304825.0,304825.0,3.342644425659231,0.9598000025749207,1.0370011678338051,4.712043714733788,4.712050250152288,-8.376968897720918,-6.027651723031986,-34.55496859365482,0
HK.09961,491,343.79998779296875,349.0,-1.4899748444215617,1.5125783999124303,1970499.35,677457652.4760529,2.1192025333846085,346.1760015869141,429.0370002746582,-6.219317493439678,-8.951275890943949,-18.72340714114214,-41.02916161355596,-31.920794496441836,0
HK.09963,491,10.350000381469727,10.40999984741211,-0.5763637542924506,0.21893272009366216,286427.25,2964522.1467633247,9.846564812444376,8.865600051879882,4.60095001488924,29.861990639034204,63.5071170018287,459.4594728694159,661.0294318090877,2660.0001017252607,0
HK.09966,491,8.569999694824219,8.430000305175781,1.6607281682123054,1.1563984689068842,1340225.0,11485727.840995789,5.366759986787985,7.830299997329712,8.990474996566773,8.549711406313277,3.3775601237590873,-8.24411611546198,-10.542799967905573,-20.648152375253883,1
HK.09968,491,0.04699999839067459,0.06700000166893005,-29.850750418010925,6.542873809060859,7787600.0,366017.18746721745,10.819368416533477,0.03772000007331371,0.029405000181868673,6.818178739429488,34.28570911592369,87.9999907612802,123.8095191634701,95.83332492556016,0
HK.09969,491,14.449999809265137,14.0600004196167,2.773822034203535,0.9886945387953129,8336870.65,120467779.30236812,4.769362837200751,13.868999977111816,13.147200031280518,5.474452630961239,25.325239756458206,13.600625046530984,15.599998474121094,-23.987376984292215,1
HK.09971,41,40.220001220703125,41.5,-3.084334407944277,0.44673900122918536,683042.9,27471986.2717926,13.769749578774976,,,-25.102419647523398,,,21.071642813900652,,0
HK.09973,229,25.559999465942383,25.579999923706055,-0.07818787264786743,0.6931497008435945,2409708.8,61592155.641076654,3.4621442815305867,25.617200012207032,27.598527173995972,-3.6925448974329416,-8.1896575939263,-6.1371629509944805,-12.291086911588547,,0
HK.09978,491,1.2100000381469727,1.1799999475479126,2.542380672253542,0.2410029139078071,2038556.1,2466652.958764744,12.349472551925986,0.6836800017952919,0.24401500081643462,40.69767651395449,764.2857378538773,1535.1351656123088,1393.8272031918655,1187.2341272112176,1
HK.09979,491,2.009999990463257,1.8849999904632568,6.631299768297614,3.0970257552385005,1311479.0,2636072.7774927616,4.0315981293606304,1.746149458885193,2.2232829731702806,16.18496926605391,3.3398025787172902,-25.22854578671768,-21.75700744104409,-22.37571327039026,1
HK.09980,142,106.19999694824219,110.4000015258789,-3.804351919915684,1.369178168630956,547060.45,58097818.12050399,3.403615687453756,113.65400039672852,,-7.972274225294167,-26.454292633576227,-44.900426606833356,-44.419016573059054,,0
HK.09981,134,9.755000114440918,9.899999618530273,-1.4646415118840346,0.5930968790272875,1411350.0,13767719.41151619,3.6097661917659853,10.751699905395508,,-15.687118653903093,-37.35675419122713,-55.266948786007234,-52.10881435633574,,0
HK.09982,491,0.09399999678134918,0.0949999988079071,-1.0526337253750466,1.1701706726734618,1704463.75,160219.58701392636,5.155989870340065,0.09411999970674514,0.10266999972984195,4.444436717916725,-21.66666759798926,-5.050507787173788,-41.97531079958895,-14.545457008456408,0
HK.09983,491,0.2800000011920929,0.30000001192092896,-6.666669978035689,1.534800713860797,443800.0,124264.00052905083,4.68787149220846,0.32509999930858613,0.4700749982893467,-12.49999767169351,-30.00000074505805,-47.16980824397509,-53.33333498901784,-73.93137760325767,0
HK.09985,491,7.454999923706055,7.599999904632568,-1.9078945098161006,1.0741199917600923,5034353.75,37531106.82215929,4.3511083529280095,7.830400009155273,9.703734264373779,-7.391307489826191,-10.90430748690742,-39.83056633345056,-31.335421900014776,-42.99966261220405,0
HK.09986,490,1.8799999952316284,1.8799999952316284,0.0,,0.0,0.0,0.0,1.8799999952316284,1.9069499951601028,0.0,0.0,0.0,0.0,46.87500291038311,0
HK.09987,491,353.0,349.79998779296875,0.9148119836199642,0.6150629766005125,801031.25,282764031.25,2.0254921125282,354.5985040283203,373.49709426879883,-6.787376479476202,4.149717091141754,-16.550522371574306,-6.3952880036609665,-0.7578183938457531,1
HK.09988,491,109.9000015258789,110.4000015258789,-0.4528985444649607,0.7782671871734614,97420049.05,10706463539.246197,2.9802917163337854,113.04399993896484,133.46459018707276,-14.207653169766111,-10.404462705598926,-27.711351316955184,-26.15884446036511,-6.759895036364437,0
HK.09989,491,4.235000133514404,4.255000114440918,-0.47003479174151686,0.17001388559623395,739800.0,3133053.0987739563,3.410445913361982,4.276600003242493,4.71326620221138,-0.11791598758603875,1.3157968285764643,-16.66832583673072,-14.730378995657812,-31.4655394265876,0
HK.09990,491,1.8799999952316284,1.8049999475479126,4.155127416241933,0.5123920913394597,166250.0,312549.9992072582,5.500451293303791,1.9596000003814698,1.8012500011920929,-8.068463320614567,-1.570679157803206,23.68421176463945,15.337423357751248,5.617978957818797,1
HK.09991,491,7.255000114440918,7.514999866485596,-3.4597439343171557,2.5374855824682814,13575.0,98486.62655353546,2.753186694642702,7.335299987792968,7.131824989318847,-8.971137949472132,8.445441739730022,-1.2925141690379314,0.20718706901888773,-4.161163145011216,0
HK.09992,491,154.1999969482422,155.1999969482422,-0.6443299095769255,0.6217192354562204,11938785.2,1840960641.4057188,2.8433521868912512,156.84999969482422,181.22733139038087,-4.460964820643044,-14.142543592472762,-36.822733948381654,-18.730023087871995,-51.01987452008143,0
HK.09993,491,1.1299999952316284,1.1349999904632568,-0.440528217941891,0.26356010477492536,192486890.0,217510184.78215098,12.381196241420191,1.0963000023365022,1.5168249955773354,9.70874044850008,-28.48101490259432,-32.73809342191057,-37.912089963449255,-59.057971045791135,0
HK.09995,491,79.5,79.3499984741211,0.1890378434321296,0.48759259138386557,3984535.25,316770552.375,5.708770044415941,81.18600036621093,85.59150001525879,-3.6947340266547277,1.4030592509083017,-3.1078646641234733,7.942971287061738,-1.9728711519417,1
HK.09996,491,4.934999942779541,4.900000095367432,0.714282586345233,0.328279022930883,978034.8,4826601.6820364,6.311338440807765,4.485900015830993,5.532624996900559,20.365855062667453,1.7525781405847713,-22.283464300853463,-19.362744525137966,-41.87279062635848,1
HK.09998,491,0.4000000059604645,0.41499999165534973,-3.6144544569876715,1.8875502008032128,246000.0,98400.00146627426,2.023870017092565,0.3820000010728836,0.41675316527485845,5.263160784158717,0.0,-18.367347311149377,8.108108325802206,76.29010365592087,0
HK.09999,491,186.8000030517578,188.70399475097656,-1.0089832500532672,0.7143827605403923,6519545.25,1217851072.5960732,3.293371269400522,199.06462768554687,196.54106994628907,-7.751715546631062,-4.183833358900747,2.6700567623250198,-18.15114538419829,-8.641621801370018,0
