code,n_rows,last_price,prev_close,gap_pct,rvol,avg_vol_20d,avg_dollar_vol_20d,adr_pct,sma50,sma200,perf_4w,perf_13w,perf_26w,perf_ytd,perf_52w,consecutive_up_days
HK.00001,489,67.0,67.25,-0.37174721189591076,0.6496829208683271,7323366.05,490665525.34999996,2.268281312438994,67.7537417602539,58.42137830734253,-4.89708601517302,13.692763036139215,26.839480135473405,26.956918860658085,41.11167440503976,0
HK.00002,489,73.94999694824219,73.75,0.2711823027012712,0.7497118708744501,3365969.5,248913434.25287628,1.4617080355138632,74.45688842773437,69.75003646850585,-2.512800459275691,1.3284021048949566,11.876201762290366,8.595136285424205,17.113689801579916,1
HK.00003,489,6.699999809265137,6.659999847412109,0.6006000415836379,0.8436395078761232,28787277.75,192874755.4342625,1.5460345521740726,6.942973861694336,6.979992809295655,-3.4582168008143337,-5.694201377714345,-2.0927099859189946,-2.643523345285341,6.052836222323245,1
HK.00004,489,18.5,18.1299991607666,2.0408210499760084,0.0904229420920728,2595432.0,48015492.0,4.131694267887625,23.074199981689453,23.088020153045655,-16.591525043022838,-20.961262386615353,-17.97473886675181,-16.357753875900976,-19.326386881728034,1
HK.00005,489,147.60000610351562,147.6999969482422,-0.06769860987986466,0.8439483397194378,16659855.0,2458994699.6836853,1.912575819357595,142.72855682373046,122.63773918151855,1.722949617394556,19.215939820138015,33.73887270920613,22.656723723202045,68.57495284209176,0
HK.00006,489,57.650001525878906,57.54999923706055,0.17376592553273357,0.685847563569036,5227044.8,301339140.6958374,2.3252575662679873,60.21038795471191,55.430230655670165,-4.0765341271966085,-3.670878072025715,14.483450747676995,7.944504792167964,18.41257931532487,1
HK.00007,488,0.03200000151991844,0.03200000151991844,0.0,,0.0,0.0,0.0,0.03200000151991844,0.03200000151991844,0.0,0.0,0.0,0.0,0.0,0
HK.00008,489,5.440000057220459,5.429999828338623,0.18416628357234469,0.7203844279663262,10179258.5,55375166.82246184,2.375950922074971,5.759807920455932,5.528902430534362,-4.3936730665363815,-4.131877011571813,-3.8085419749805403,2.9630525455553802,11.450176082084957,1
HK.00010,489,12.789999961853027,12.619999885559082,1.3470687625637336,1.029139871397527,662289.95,8470688.435235642,2.58627715062436,14.910529403686523,14.890414328575135,-12.397262824143114,-11.829411477367808,-13.207979543640741,-12.924345139966364,12.488657853076903,1
HK.00012,489,25.5,25.15999984741211,1.3513519660170512,0.6180916901976905,10623412.15,270897009.825,2.7960268171497593,29.49278133392334,29.125706968307494,-15.481603070880404,-16.024082233856454,-10.3259232439435,-9.644695643464399,0.21671710356028173,1
HK.00013,489,16.770000457763672,15.829999923706055,5.938095632268001,1.0637110858743617,3364924.4,56429783.72834015,3.458557530702442,19.232600078582763,22.289749970436095,-8.460694666378481,-23.7033630253778,-20.370366177436864,-19.914039971067325,-31.690423711102323,1
HK.00014,489,16.799999237060547,16.709999084472656,0.5386005835962073,0.36693581530361574,3976857.15,66811197.08589878,2.673953832606826,18.590800018310546,17.967462949752807,-9.91957329388684,-8.296945868362124,-5.317789235814231,-7.223466715877621,30.00615637305643,1
HK.00016,489,113.80000305175781,114.19999694824219,-0.3502573617980573,0.6830964264882403,8102249.6,922036029.2061034,2.865920182335343,129.9620002746582,113.83898559570312,-13.591491504376446,-14.2426483279092,19.567153264134095,18.638831230467954,38.398501554478564,0
HK.00017,489,6.550000190734863,6.78000020980835,-3.3923305598243885,3.2422977478853623,6335438.75,41497125.020889044,3.7231071468565977,8.17620002746582,8.321149971485138,-20.316301971332923,-26.072229745533633,-7.09219838968376,-11.366707590350803,31.000003814697262,0
HK.00018,489,0.25999999046325684,0.26499998569488525,-1.8867907552966041,0.047097609796302835,161660.0,42031.5984582901,2.3539793300167613,0.2718000018596649,0.3128500019013882,-5.454550971669479,-10.344828294942289,-21.212127232792163,-14.754103486558959,-31.428567835449666,0
HK.00019,489,83.5,82.94999694824219,0.6630537335655294,0.7616800159447911,1003411.55,83784864.425,2.86268245257944,84.69899993896485,73.79982662200928,2.3284332860391896,-2.874708466925389,33.264934344154476,34.93858849175886,28.28509465857764,1
HK.00020,489,1.340000033378601,1.2799999713897705,4.687504947651288,0.9145726590201468,495504707.8,663976324.991254,5.01742796360037,1.7651999926567077,2.16070000231266,-19.277104799832877,-32.999998331069946,-36.492886255913994,-39.63963891399265,-7.586207633636486,1
HK.00021,489,0.0729999989271164,0.0729999989271164,0.0,0.022571240477757923,2597250.0,189599.24721345305,10.308833062921217,0.07865999951958656,0.09022499967366457,-16.09195284176285,-6.410259716727021,-23.157894901951927,-29.126214715894893,-44.69697021009508,0
HK.00022,489,0.04100000113248825,0.04100000113248825,0.0,0.142427864640572,13201219.2,541250.0021502256,7.649723479971246,0.06590000003576278,0.14332999989390374,-25.454542991543587,-85.09090900224102,-71.72413633637986,-74.69135740011899,-83.05785067989628,0
HK.00023,489,12.760000228881836,12.670000076293945,0.7103405844194457,0.9665047961958919,1210281.0,15443185.837011337,2.568114336981682,13.664000034332275,13.392353043556213,-6.4516135798464855,-6.314241291507503,-1.641092903373496,-3.903050879887199,17.016373404866403,1
HK.00025,488,4.190000057220459,4.179999828338623,0.23923993522771544,0.0,2901.7,12158.123166036605,0.16689492487132834,4.116600008010864,4.0612881100177765,0.47961584078167446,0.9638544803331104,0.23922850034952844,0.9638544803331104,10.62091827251149,1
HK.00026,489,57.5,57.099998474121094,0.7005280850579975,0.592364422592779,3336.3,191837.25,0.696201461206825,57.185155410766605,56.983177185058594,0.1742133649177853,1.0377882218122005,2.830385681484414,1.1079340181866137,14.896824979400058,2
HK.00027,489,29.81999969482422,29.200000762939453,2.1232839578266938,1.057994289710007,13567310.75,404577202.42458534,2.8789381282792137,31.726956024169922,36.76159875869751,-4.789272077317045,-14.554057322893446,-21.164112889602908,-20.878481775490037,-5.767963766432236,1
HK.00028,489,3.8499999046325684,3.4700000286102295,10.951004982398594,0.06506284462479607,1846779.9,7110102.438877344,3.0121113120615535,4.02835629940033,4.3517034161090855,1.31578823536055,-6.978537988687469,-11.476291449396761,-12.438494924675634,-7.192887838137006,1
HK.00029,489,10.25,10.15999984741211,0.8858282868066666,1.2223269724651344,71601.4,733914.35,2.500894271302465,11.060399990081788,11.823078808784485,-10.480347853753832,-6.950177383219612,-13.064216093164156,-20.939931686135786,-22.86900581580641,1
HK.00030,489,0.25,0.23499999940395355,6.3829789932306245,3.5852774775920158,1849900.0,462475.0,5.982783413318113,0.23211999982595444,0.2517699982970953,18.48341486599195,-13.793100967701989,-5.660372265889812,2.45901524211669,23.152712903282875,1
HK.00031,489,0.6700000166893005,0.6700000166893005,0.0,0.2556772747408742,19401459.7,12998978.322796792,7.878197799713369,0.5946999996900558,0.6078000019490719,19.642859613712943,31.37255474862033,17.54386405205138,-5.633797614353404,65.4321023993077,0
HK.00032,489,7.519999980926514,7.590000152587891,-0.9222683827945597,0.46388106089598624,10734.35,80722.31179525853,0.5407875338139446,7.98338472366333,8.005435974597932,-5.270376402683927,-8.010399748574944,-5.331096900695512,-4.050214987714988,-2.7799528700553227,0
HK.00033,488,0.4000000059604645,0.4000000059604645,0.0,,0.0,0.0,0.0,0.4000000059604645,0.4026250052452087,0.0,0.0,0.0,0.0,-52.941177089321556,0
HK.00034,489,4.639999866485596,4.630000114440918,0.21597736063739223,2.590568850599558,149701.65,694615.6360126734,2.8783759670689366,4.747967081069946,4.264252893924713,-5.530614931521532,-0.8169556910777932,21.391960296429474,11.465048045234893,65.80259190055783,1
HK.00035,489,0.6800000071525574,0.6600000262260437,3.030300019967555,1.890060183901689,371051.15,252314.78465396466,2.0764785400545676,0.7375999987125397,0.7718499976396561,-8.108108325802206,-19.047615668670826,-11.688308571860292,-8.108108325802206,-27.659573523692814,1
HK.00036,488,0.2750000059604645,0.2750000059604645,0.0,,0.0,0.0,0.0,0.2750000059604645,0.2448350030183792,0.0,0.0,76.28205146574409,74.05062867336005,-32.926827229466326,0
HK.00037,489,0.48500001430511475,0.49000000953674316,-1.020407170268328,0.18497757847533633,355000.0,172175.00507831573,2.8774986267390004,0.5152999889850617,0.49044999420642854,-4.901956201103737,-14.912277124374922,11.494255551007942,7.777783811828397,1.041671905356266,0
HK.00038,489,6.800000190734863,6.400000095367432,6.2500013969838415,1.5017700379507066,3811436.45,25917768.586973812,4.20864765683404,8.000756406784058,8.024870252609253,-15.416973409844553,-19.602316387690838,-13.532695678451972,-16.826683613205514,-5.834085053397161,1
HK.00039,488,0.04500000178813934,0.04500000178813934,0.0,,0.0,0.0,0.0,0.04500000178813934,0.07248000046238304,0.0,-35.714283433495744,-53.60824694756635,-44.44444240038942,-60.526314241569125,0
HK.00040,489,0.699999988079071,0.699999988079071,0.0,0.15182701032879153,72380.0,50665.99913716316,4.213069393326009,0.6971999955177307,0.7048399090766907,0.0,-1.408449403588351,-3.0793145961307657,-5.405408235428679,21.2933821548093,0
HK.00041,489,14.850000381469727,14.84000015258789,0.06738698638147948,1.3070767081640635,374359.6,5559240.202806854,2.614786649531457,16.72926118850708,15.372888851165772,-12.954274054255238,-8.150424842553907,4.402758192322525,1.9202541069243586,16.596027498695054,1
HK.00042,489,0.2800000011920929,0.2549999952316284,9.803924089392945,0.4626060138781804,195500.0,54740.00023305416,4.3856651618605715,0.3648000001907349,0.3346249993145466,-22.22222498169641,-42.26804269412987,9.803924089392945,-1.754384313814067,12.449800590744273,1
HK.00045,489,5.260000228881836,5.190000057220459,1.348750884192977,2.125072055483174,146648.25,771369.8285651207,2.0103157881052267,5.8043999767303465,6.065900001525879,-10.391817181767243,-18.449606442994302,-11.148645927472426,-10.544215535581378,-2.2304810967750743,1
HK.00046,489,1.2400000095367432,1.2200000286102295,1.6393426604503258,1.1865801366374273,55425.1,68727.12452857495,1.0822277492161017,1.2200000190734863,1.415604491829872,2.4793364003288203,-5.50131288629032,-17.085014317794784,-20.175021569965,-9.848272510080875,1
HK.00048,488,0.3400000035762787,0.3400000035762787,0.0,0.0,103320.0,35128.800369501114,0.975101589339844,0.3439999994635582,0.23707902498543262,-10.526313725600916,36.000001430511475,139.43661439752248,139.43661439752248,41.666671323279644,0
HK.00050,489,4.849999904632568,4.739999771118164,2.3206780343041093,1.3452870889477428,116497.05,565010.6813899756,1.340106417364903,4.97821084022522,4.836442830562592,-2.2350007833743923,-2.2350007833743923,4.953603435389919,3.862615496658608,15.834466013612664,1
HK.00051,488,4.360000133514404,4.400000095367432,-0.9090900224102623,2.142857142857143,7050.0,30738.00094127655,0.6096309080285338,4.5730000019073485,4.485950031280518,-4.803488948830167,-6.837600567558505,1.3953474446076042,1.1600972482291474,10.37974888306933,0
HK.00052,489,4.53000020980835,4.449999809265137,1.7977618870150913,2.1585861916901767,142582.9,645900.5669150829,2.974089664579695,4.027400026321411,4.5976194620132445,14.683548230961327,4.861111800979658,-7.739300395376681,-3.2051201716287787,-9.09577263386417,2
HK.00053,488,66.5,68.0,-2.2058823529411766,2.8003613369467026,11470.0,762755.0,1.1754028896471036,69.57800018310547,71.36178768157959,-3.692980360690798,-5.940589999341736,-7.381619535499528,-2.7540577864582696,6.407871480727212,0
HK.00055,488,0.13699999451637268,0.13699999451637268,0.0,0.0,28585.0,3916.144843250513,1.7218919243924713,0.15475999921560288,0.16525999948382378,-5.5172424424134325,-14.906834885044018,-23.033712286040675,-9.868421762087856,-36.57407825799911,0
HK.00057,489,1.5399999618530273,1.5,2.6666641235351562,1.984216459977452,96100.0,147993.99633407593,1.5053474007438923,1.6401999950408936,1.6747235161066056,-6.097562482568367,-7.7844310522361555,-5.752753067140586,-3.750003818422499,15.12542061002021,1
HK.00058,488,0.23800000548362732,0.23800000548362732,0.0,0.0,31150.0,7413.700170814991,0.24767921228313247,0.26984000086784365,0.2205800000578165,-2.8571425095939147,-31.99999727521619,17.24138538521962,13.87559726739805,54.54545894367215,0
HK.00059,488,0.009999999776482582,0.009999999776482582,0.0,,0.0,0.0,0.0,0.009999999776482582,0.009999999776482582,0.0,0.0,0.0,0.0,0.0,0
HK.00060,488,0.4950000047683716,0.4950000047683716,0.0,0.0,11100.0,5494.500052928925,1.419576231192763,0.46259999632835386,0.4756249971687794,12.50000169331378,-13.157892810560856,11.235957915637593,10.00000397364309,12.50000169331378,0
HK.00061,488,0.04800000041723251,0.04699999839067459,2.1276639591467217,0.7855200691123049,368584.05,17692.034553785248,3.868301953985933,0.06629999987781048,0.07568500032648444,-26.153842803289074,-34.24657380453392,-42.857141590037294,-39.24050859735659,-46.66666832235118,1
HK.00062,489,9.550000190734863,9.199999809265137,3.804352051369046,1.1242892047518482,145882.6,1393178.8578248979,1.3963315252316806,9.666118621826172,10.084432306289672,0.5263177972090871,-6.903913737172666,-7.504537531970549,-5.590237025152333,18.03499146200406,1
HK.00063,489,0.04600000008940697,0.04899999871850014,-6.122446341943493,4.769230769230769,32200.0,1481.2000028789043,0.5458931921420791,0.04842000029981136,0.05677000002935529,-6.122446341943493,0.0,-24.590164635233318,-16.363635747885898,-17.857145232965678,0
HK.00064,488,3.4000000953674316,3.4000000953674316,0.0,0.0,135732.0,461488.81294441223,4.488427884896535,3.2377999687194823,3.0458984744548796,-3.954798530910498,10.389616220390424,15.234904312817987,13.33333651224772,22.883691792794217,0
HK.00065,488,0.20000000298023224,0.20000000298023224,0.0,0.0,55809.65,11161.93016632572,0.903587368298676,0.2522400009632111,0.34363500013947484,-16.666663562258016,-38.46153528732649,-48.0519459910689,-43.66196928883178,-57.89473568633652,0
HK.00066,489,31.100000381469727,30.940000534057617,0.5171294267948943,0.5269377463568244,6029055.95,187503642.34490234,1.8399772425705545,32.29007564544678,30.622502660751344,-1.3950555525856123,-2.5676230426559825,5.396526599548767,5.745057329363122,17.878293561636525,1
HK.00068,49,11.699999809265137,11.210000038146973,4.371095177972557,0.5711906343025082,3750873.85,43885223.32957759,7.66648706171117,,,-37.96394787578408,,,-37.09677650909472,,1
HK.00069,489,3.9600000381469727,3.9800000190734863,-0.5025120811725401,0.393549554616269,599688.4,2374766.086876297,2.1554791901285704,4.219470405578614,4.49680196762085,-5.26844831824479,-14.461796308848882,-12.240025488759109,-15.531032120234947,-1.6867821888605088,0
HK.00070,489,0.04800000041723251,0.04600000008940697,4.3478267911701876,0.19840176357123174,91625.0,4398.000038228929,1.8592723326485279,0.0497000003606081,0.0574150001630187,-7.692308794464562,-11.111112644152346,-14.285716186372543,-4.000000596046439,6.666663355297644,1
HK.00071,489,10.149999618530273,9.850000381469727,3.04567741565695,4.901616303583977,68370.0,693955.4739189148,1.5782266680002008,10.365878200531006,10.09681221485138,-1.5653292446542795,-4.621752007410848,3.610301562792507,1.2989104441742432,12.379516965506406,1
HK.00072,488,0.2549999952316284,0.25999999046325684,-1.9230751596258298,0.0,13400.0,3416.999936103821,2.516579476620666,0.256199999153614,0.2587799983471632,-5.5555610745039266,1.9999980926513672,6.250000388051082,6.250000388051082,3.238867007374386,0
HK.00073,489,2.0799999237060547,2.0,3.9999961853027344,0.6937375619257314,5888.55,12248.183550739288,0.7790415659069355,1.9321999955177307,1.8852999967336654,6.6666601458168,15.555554378179826,3.9999961853027344,25.301202742761642,40.54053357432941,1
HK.00075,488,0.1599999964237213,0.1599999964237213,0.0,0.0,10441.6,1670.6559626579285,3.976243193283098,0.15996000081300735,0.14895000137388706,1.2658158607009335,8.843535070389741,4.575163016758645,13.475172657954948,-15.343915260484525,0
HK.00076,489,0.13199999928474426,0.13300000131130219,-0.7518812155627725,0.1262154735062007,152953.5,20189.86189059913,2.8023525911603016,0.1486999997496605,0.1915399993956089,-5.035970760276549,-21.428570795018647,-39.449540155622806,-5.7142866266017025,-62.285713847802604,0
HK.00077,488,0.4449999928474426,0.4449999928474426,0.0,0.0,41800.0,18600.9997010231,0.0,0.4319000023603439,0.4378750002384186,3.4883687082273678,1.136362558800321,3.4883687082273678,-3.2608728750215663,16.76037567638726,0
HK.00078,489,0.4099999964237213,0.41999998688697815,-2.3809501846360366,1.301076683518736,279648.55,114655.90449989884,4.358696172036491,0.5167999958992004,0.5575000011920929,-24.07407775337299,-24.07407775337299,-26.78571523604344,-24.07407775337299,-36.92307515962583,0
HK.00079,488,0.08399999886751175,0.08399999886751175,0.0,1.1091211349334087,125613.15,10551.504457744582,2.774100457277948,0.08320000037550926,0.0951000002771616,7.692304018451458,-1.1764729600463935,-17.647058393853477,-22.222225288304692,-35.38461388568195,0
HK.00081,489,2.180000066757202,2.1600000858306885,0.9259250061011975,0.8746913577230334,8308271.3,18112031.988636944,4.574899073962605,2.7662000131607054,2.4755800330638884,-24.827586376993036,-8.016870378753584,8.457715278633627,11.79487248457707,29.52667062177337,1
HK.00082,489,0.07999999821186066,0.07500000298023224,6.666660043928621,0.8052803544285723,5385470.0,430837.5903700292,4.923971738802576,0.08564000084996223,0.08562000032514333,-11.111116630059483,0.0,-3.6144563171994144,-2.439029265698055,-8.045976420881425,1
HK.00083,489,10.4399995803833,10.34000015258789,0.9671124402293393,1.0762663947438662,12368446.45,129126575.74799332,2.816863857605769,11.898999996185303,10.967373352050782,-11.600345389978086,-9.922351657155156,-0.9776741605343432,1.6883101200329202,34.31342375014547,1
HK.00084,489,0.07100000232458115,0.07000000029802322,1.428574317572056,1.6404631322364411,443400.0,31481.40103071928,4.037056251000052,0.0654600004851818,0.06783000010997058,18.3333398525915,9.230776813608934,0.0,1.428574317572056,-6.578941305794679,1
HK.00085,489,1.0299999713897705,1.0099999904632568,1.9801961500356329,0.9637497597431742,2191591.6,2257339.2852980616,3.96682623830844,1.1483999943733216,1.3364500004053115,-11.965811182055925,-13.445384717409887,-21.374044551152434,-23.70370717042098,-28.191719546767402,1
HK.00086,489,4.0,4.019999980926514,-0.4975119657066306,0.9448088082116853,418783.4,1675133.6,2.1987279273640836,4.140136771202087,3.983572709560394,-1.7199058650850827,-1.2944922129728798,10.256147553777026,0.3784740873466357,40.02049078398781,0
HK.00087,489,12.800000190734863,12.6899995803833,0.8668291094477714,0.6216348898081707,1143474.55,14636474.458100462,2.647702250186106,13.304000034332276,12.203028259277344,-1.8404890477013416,-1.9341625304716503,14.918254853477602,14.031992028670414,24.795889904025856,1
HK.00088,489,3.359999895095825,3.190000057220459,5.32914842714743,2.910788591587792,320698.15,1077545.7503574253,1.5111782277506562,3.7826000213623048,3.572497433423996,-8.69565668088043,-17.848416387714998,0.29850718650553654,-3.4482794057458057,14.178809846939904,1
HK.00089,488,1.9600000381469727,1.9600000381469727,0.0,0.0,2525.0,4949.000096321106,0.22727280937278818,2.155425372123718,2.202993851304054,-7.5471630211864165,-9.800703965732142,-12.17437446897341,-8.980708640450684,15.423010747358898,0
HK.00090,489,1.159999966621399,1.0800000429153442,7.40740004880958,0.21691973969631237,348500.0,404259.9883675575,6.143329419782219,1.017200003862381,1.2105500000715255,30.337076996209817,39.759034933277626,-10.769230063850333,-2.5210158955061504,104.26829620292094,1
HK.00092,488,0.1850000023841858,0.1860000044107437,-0.537635485400107,0.8970612016684639,304755.7,56379.80522659421,2.477860663012463,0.18758000046014786,0.1935850005596876,-1.5957400432101987,-15.137611543396694,-11.90475801897145,1.6483550223013894,-7.500000186264512,0
HK.00093,488,0.39500001072883606,0.39500001072883606,0.0,0.0,6500.0,2567.5000697374344,3.9699693815766692,0.431800000667572,0.4674000008404255,-3.6585331282255105,0.0,-22.549016055855397,-20.999997854232788,-34.16666749450892,0
HK.00094,488,0.05900000035762787,0.05900000035762787,0.0,0.0,296000.0,17464.00010585785,4.094650805037643,0.06620000012218952,0.06608750125393272,-7.812503819877565,-20.270270814505515,-10.54713706299947,-24.778274927785645,43.59340462068227,0
HK.00095,489,0.18299999833106995,0.18299999833106995,0.0,0.059632722911484214,1964604.3,359522.58362121286,8.886838388683064,0.21255999952554702,0.2626449988782406,-8.500002197921242,-26.209676886339828,-46.95652203959494,-33.454547503762946,-19.383259969730293,0
HK.00096,488,0.49000000953674316,0.49000000953674316,0.0,0.0,83700.0,41013.0007982254,2.551797713115921,0.5540999937057495,0.5751750001311302,-5.769225478877488,-14.03508496746789,-12.499998669539185,-12.499998669539185,-8.584519639930804,0
HK.00097,489,0.15800000727176666,0.14300000667572021,10.489510416640616,0.6802839266897801,332827.45,52586.73952024356,6.997533385112511,0.1632399997115135,0.19582999907433987,2.5974078752637335,-17.277482948897678,-17.70833026126237,-13.18680742860563,13.669071149507747,1
HK.00098,489,6.510000228881836,6.5,0.15384967510516828,0.24896265560165975,35000.0,227850.00801086426,1.3414536943673343,6.979006452560425,7.04408303976059,-8.180534714013389,-5.950102051585444,-6.5804633841558084,-3.741747782828056,-13.748795069821826,1
HK.00099,488,1.25,1.25,0.0,0.0,6800.0,8500.0,1.2786207442901623,1.2982277011871337,1.3015512251853942,-2.343747817212667,-4.546524165912243,1.5624962165021814,1.5624962165021814,4.432902714530817,0
HK.00101,489,7.019999980926514,7.0,0.2857140132359096,0.8227405017496167,8980110.05,63040372.379718,2.3831165238550818,8.205096530914307,8.537194411754609,-12.686566987139985,-17.48188716513816,-18.035075314494733,-15.873168890847516,9.015532891841122,1
HK.00103,489,2.049999952316284,1.9800000190734863,3.5353501297213805,0.5214689892377676,89150.0,182757.49574899673,4.00928343238956,2.2227999782562256,2.960099993944168,-5.092598571453328,-8.482145375515113,-41.59544279526562,-34.29487091314625,-4.79340235755367,2
HK.00104,489,0.2549999952316284,0.24799999594688416,2.8225804028817403,0.09615644361097707,680694.7,173577.14525419474,2.7268215972194345,0.23360000014305116,0.22854999996721745,7.5949331274248575,18.05555028572631,12.831858261207207,14.349771140220124,20.704016242122968,4
HK.00105,488,5.21999979019165,5.21999979019165,0.0,0.0,500.0,2609.999895095825,0.0,5.233800048828125,5.197985887527466,-1.1363715384942585,-2.7932979248437135,3.1620523561551437,1.3592173500576323,7.265910696310645,0
HK.00106,488,0.01899999938905239,0.01899999938905239,0.0,,0.0,0.0,0.0,0.01899999938905239,0.01899999938905239,0.0,0.0,0.0,0.0,18.749990541255553,0
HK.00107,489,4.380000114440918,4.329999923706055,1.1547388363939746,0.32219261774700075,3067496.1,13435633.26904707,3.2875791969453916,5.246279983520508,5.029009017944336,-19.626538995827644,-17.04310323572977,-16.44629368887728,-10.661799140126506,-4.998234009512044,1
HK.00108,489,2.140000104904175,2.1500000953674316,-0.46511581486920134,0.769921524225979,2481600.0,5310624.2603302,7.610106678232291,2.356999983787537,2.4857999908924104,0.0,-21.61171831674738,-30.29315467626989,-9.3220254224934,205.71430590688,0
HK.00110,488,0.3100000023841858,0.3100000023841858,0.0,0.0,640450.0,198539.5015269518,4.213933131494994,0.4321999990940094,0.2675600002706051,-27.90697738890907,47.619053363259596,35.371178811980535,40.90909275634231,103.94737654755181,0
HK.00111,489,0.6399999856948853,0.6299999952316284,1.5873000855468575,1.0282776349614395,363900.0,232895.99479436874,6.712693988940438,0.6958000028133392,0.6126176051795482,-11.111116630059483,-6.961507287948167,22.943724034201686,27.497188806522203,122.09187217173279,1
HK.00113,489,6.03000020980835,6.059999942779541,-0.4950451032088859,0.3200479490018141,137829.4,831111.3109177588,1.7461612214486733,6.113400039672851,5.590235097408295,2.203391734569489,4.506069839537271,8.883812855732744,8.064521366577713,-7.464631592457716,0
HK.00114,489,0.6499999761581421,0.6399999856948853,1.5624985448084445,0.40441176470588236,132250.0,85962.49684691429,4.217583060778878,0.6297999942302703,0.6020074537396432,0.0,10.169492381566323,1.5624985448084445,3.174600171093715,43.25657843962346,1
HK.00115,488,6.679999828338623,6.730000019073486,-0.7429448825134888,,0.0,0.0,0.0,8.066400089263915,6.509750007390976,-18.734797915606787,-18.53658556441762,-16.500002145767212,-10.933335622151692,75.78947137267302,0
HK.00116,489,9.899999618530273,9.789999961853027,1.1235920031242332,1.7432621888887234,996797.8,9868297.839751815,3.797749748650778,11.225399932861329,12.290638489723205,-9.589043004790058,-18.746567282054453,-10.11295516515526,-13.735046006470805,23.060478139695885,2
HK.00117,489,4.440000057220459,3.819999933242798,16.230370021272307,0.7040750745876955,23246745.65,103215552.01618946,21.674667438490268,3.212000030875206,1.1373250053822994,-26.368160817003112,996.2963071979232,825.0000325962908,1168.5714665237745,1084.000015258789,2
HK.00118,489,0.20100000500679016,0.2029999941587448,-0.9852163593614053,0.10526680286713529,983150.0,197613.15492242575,6.903211539279322,0.24089999824762345,0.22385500028729438,-15.546218329554826,1.0050271575533463,-14.46808275889357,-19.599997997283936,7.486629993343086,0
HK.00119,489,1.590000033378601,1.590000033378601,0.0,0.9074007276307544,16436985.95,26134808.209143594,4.366599210525327,1.9770017051696778,1.9218232476711272,-22.348747317143374,-12.220326609227026,-10.269662869947362,-18.836884609753508,11.389371620156187,0
HK.00120,489,0.04800000041723251,0.050999999046325684,-5.882350363120852,0.022666100014166312,372060.0,17858.88015523553,8.183725493351371,0.06674000009894371,0.09066000003367662,-25.000002910382907,-44.82758413975166,-51.02040645655167,-47.25274572322337,-59.66386612496565,0
HK.00122,488,1.409999966621399,1.409999966621399,0.0,0.0,13018.75,18356.437065452337,0.2508497337642149,1.43900000333786,1.560177599787712,-0.7042247017941755,-3.42466234377868,-6.000002225240072,-4.081636790548634,-29.500001668930054,0
HK.00123,489,3.369999885559082,3.3499999046325684,0.5970143730110731,0.5183517591312028,9888340.6,33323706.690369222,4.771860433806932,4.121199989318848,4.367811561822891,-22.883295793772398,-15.32663644701207,-19.377989857513523,-16.169156677896854,-19.932809468938995,1
HK.00124,489,0.1979999989271164,0.1979999989271164,0.0,0.9697387533418942,882716.75,174777.91555294767,3.2583417198623685,0.22585999935865403,0.24227499917149545,-17.154809602433264,-10.810812443516545,-17.154809602433264,-13.5371191826095,-7.476636685391298,0
HK.00125,488,0.29499998688697815,0.29499998688697815,0.0,0.0,30600.0,9026.999598741531,0.6656651705086368,0.3024999988079071,0.34977499932050704,-1.666674945089223,-15.714288025486264,-18.05556245424102,-15.714288025486264,-23.37662488458373,0
HK.00126,489,0.1080000028014183,0.11500000208616257,-6.08695578935693,0.22900763358778625,26500.0,2862.000074237585,0.8030798489596026,0.11848000034689904,0.1342150004208088,-6.08695578935693,-9.999995653827888,-24.999994825985475,-25.517237304081842,-12.195122098960546,0
HK.00127,489,1.059999942779541,1.0700000524520874,-0.934589643208842,0.612085319576437,243074.55,257659.00909116268,2.636876994602911,1.1818000125885009,1.25099999666214,-8.620691958562439,-13.114760826108633,-15.87301977757817,-15.200004577636719,-19.088623646779332,0
HK.00128,488,0.5400000214576721,0.30000001192092896,80.0,,74000.0,39960.00158786774,0.1851855531150766,0.3048000121116638,0.3012000119686127,80.0,80.0,80.0,80.0,80.0,1
HK.00129,489,0.17499999701976776,0.17499999701976776,0.0,0.49632623141401433,107369.8,18789.71468001306,2.188378729609892,0.19467999964952468,0.24544999964535236,-9.32642815080994,-15.45893956283449,-33.962261710738865,-30.000001192092896,-42.62295314234702,0
HK.00130,489,0.1899999976158142,0.1899999976158142,0.0,1.8806708825955458,397900.0,75600.99905133247,0.7726353110981947,0.1946000015735626,0.17094000086188316,-1.554407265404577,2.7027000903735274,20.25315751347164,22.58064268034779,46.153849680748344,0
HK.00131,489,1.350000023841858,1.3300000429153442,1.5037579158775027,2.4865481130144578,65068.1,87841.93655134439,1.010206950798849,1.313199999332428,1.2570918864011764,5.46875422005551,3.9014869006805246,19.12843874563076,18.11024993486771,-6.285634890351351,1
HK.00132,489,0.1889999955892563,0.17900000512599945,5.586586690999124,0.10152284263959391,12050.0,2277.4499468505383,0.35560520275312635,0.19517999976873399,0.21996999941766263,-5.025128299746067,-5.025128299746067,-24.400001764297485,-17.826090364915824,-24.255245682138586,1
HK.00135,489,6.5,6.449999809265137,0.7751967785028495,0.880876378381816,11744763.5,76340962.75,2.6330055270271013,7.1280442810058595,7.329396336078644,-7.0312888428514,-21.779563408904888,-9.18745434053239,-10.046492242340367,-13.052185127474353,2
HK.00136,489,1.4600000381469727,1.350000023841858,8.148149063884787,0.8631287054206292,129122257.05,188518500.2186232,6.1305071084147,1.4564000034332276,2.1034500044584274,7.3529428522066915,-9.87654112039807,-33.63636334080342,-35.39822812797001,-35.11110941569011,1
HK.00137,488,0.5899999737739563,0.5899999737739563,0.0,0.0,12150.0,7168.499681353569,0.9310884370113306,0.6375999939441681,0.6658999997377396,-3.278695092153664,-10.606068131899294,-18.05556245424102,-14.492757128607561,-13.235298887049812,0
HK.00138,489,0.375,0.3499999940395355,7.142858967489158,1.8279663086899312,4925.85,1847.1937500000001,0.7231608291296215,0.46039999783039093,0.6541999979317188,-5.063293717874323,-37.50000248352677,-51.92307515962583,-47.18309699531298,-47.91666873627231,1
HK.00139,489,0.11299999803304672,0.10899999737739563,3.669725460452727,0.4038949003476841,2504476.5,283005.83957381174,5.8350432896780235,0.12388000026345253,0.21673044469207525,-5.042020647499266,-12.40309768589575,-31.970230825527217,-22.251694364830417,-76.18958185695038,1
HK.00142,489,4.920000076293945,4.829999923706055,1.8633572258699664,1.849299614830197,6607362.8,32508225.480101775,2.804509921059976,5.233163242340088,5.801471939086914,-3.718200631235334,-10.15429220125636,-11.413078940843306,-15.271128188658356,-7.945890178016689,1
HK.00144,489,12.710000038146973,12.710000038146973,0.0,1.1754815961676937,3251906.75,41331734.9165504,2.9347574005508683,14.668831996917724,15.016946730613709,-14.730719178388949,-20.273736349523972,-17.672883133418978,-13.664854549058681,-10.282372803997083,0
HK.00145,488,0.18400000035762787,0.18400000035762787,0.0,0.0,379951.5,69911.07613588125,2.845526568122288,0.19179999947547913,0.2159878496080637,-7.070706386539887,-12.38094947505691,-45.07462812707532,-20.689652736135884,2.2222183589583624,0
HK.00146,488,1.559999942779541,1.559999942779541,0.0,,0.0,0.0,0.0,1.5651999831199646,1.701497989296913,8.333325054910777,-11.864409062707859,-17.021279428921556,-17.46031986312503,14.45340443092959,0
HK.00147,489,0.057999998331069946,0.057999998331069946,0.0,4.13936227854054,11170700.0,647900.581356883,7.632806057407031,0.06831999994814396,0.174059999268502,-15.942029298491105,-12.121214173713673,-69.63350867033039,-65.88235428176536,15.999994933605269,0
HK.00148,489,120.0,126.4000015258789,-5.063292285299998,1.2451941069253663,44756691.7,5370803004.0,13.112386302760076,69.21006568908692,39.45789199829102,85.58906673784085,229.6186037485675,357.53581261808455,312.5247088718382,427.081267175396,0
HK.00149,489,0.06400000303983688,0.06700000166893005,-4.47760978263432,1.07913772746107,5601321.5,358484.5930271037,6.2636662014534705,0.06520000077784062,0.07166000036522746,-5.882353585690328,3.2258130416166604,-17.948715744404208,-12.328761670620239,64.10256851119158,0
HK.00150,489,0.1589999943971634,0.16200000047683716,-1.8518555992860688,1.2838147638697845,219200.0,34852.798771858215,3.2665078059222385,0.16416000038385392,0.17290932267904283,0.632903214793344,-4.790420069990845,-22.058824818439575,-11.666673289404713,-1.589001086271021,0
HK.00151,489,3.890000104904175,3.799999952316284,2.368425097822203,0.6743050101612431,6834722.75,26587072.21449095,3.349864493337953,4.224799976348877,4.785299985408783,-6.490378663737174,-17.75898331463117,-20.123199254293247,-16.8803365899886,-25.579501160744716,2
HK.00152,489,5.46999979019165,5.550000190734863,-1.4414486088985201,0.4207136841154096,11293593.8,61775955.71650973,3.15048367757565,6.3380186653137205,7.499837429523468,-8.067227469924397,-36.38904785036032,-29.559883016344994,-32.17786495879326,-24.06390233934306,0
HK.00154,489,0.41999998688697815,0.41999998688697815,0.0,0.02106002106002106,142600.0,59891.998130083084,2.734123940408494,0.494899999499321,0.5490249954164028,-14.285718630076067,-34.37500058207662,-20.754715177502643,-20.754715177502643,-17.64705985475166,0
HK.00156,489,0.9700000286102295,1.0299999713897705,-5.825237324869397,0.16216216216216217,91350.0,88609.50261354446,3.7964181637389793,1.0175999796390534,0.9048499935865402,-4.901956201103737,1.041671905356266,21.250001769512867,18.2926874477051,36.619726468400344,0
HK.00157,488,0.4650000035762787,0.46000000834465027,1.086955465418649,0.5687203791469194,105000.0,48825.00037550926,0.9759618851618277,0.46440000176429747,0.49782500341534613,1.086955465418649,-6.999999284744263,-6.06060624305064,-5.102041933448131,-10.576919109158116,2
HK.00158,488,56.099998474121094,56.20000076293945,-0.1779400132754178,2.2222222222222223,500.0,28049.999237060547,0.0043031887324476185,57.98657646179199,59.50903429031372,-2.9513362218612205,-7.609675156079277,-7.324199106154827,-5.850813812332325,-3.3934050855519775,0
HK.00159,489,0.061000000685453415,0.07100000232458115,-14.084508889749145,1.5190432242958305,807772.1,49274.09865369014,4.41201750340494,0.07634000070393085,0.09290000075474382,-16.438353997297785,-31.460674580578363,-25.609757316424513,-31.460674580578363,-33.69565155772609,0
HK.00160,489,0.7799999713897705,0.800000011920929,-2.5000050291418283,1.9346715340042309,65159.8,50824.64213576317,1.3367794401948472,0.9337999975681305,0.9909999924898147,-17.021279428921556,-20.408167733792524,-22.00000286102295,-17.894738823423122,-20.60701631004149,0
HK.00162,489,0.03799999877810478,0.03799999877810478,0.0,0.4434789122780733,1124237.5,42721.023626299575,11.690541163720845,0.045960000455379485,0.044760000184178354,-32.14286141933822,-15.555561626398765,-15.555561626398765,-7.317078711020517,-17.39130716468075,0
HK.00163,489,0.15000000596046448,0.15199999511241913,-1.3157823791214334,0.8224110295187991,119093.7,17864.05570985377,0.776259584529469,0.17607999980449676,0.19325499974191188,-17.58241263395796,-22.27979114594637,-23.85786379672819,-24.62311294391233,-39.99999761581421,0
HK.00164,489,0.49000000953674316,0.5,-1.9999980926513672,1.0078998285968561,304374.2,149143.36090273858,3.665815005388541,0.5196999925374984,0.4254999974370003,-1.9999980926513672,22.500000558793538,46.2686559197419,38.028175871988694,27.272732902445927,0
HK.00165,489,5.309999942779541,5.400000095367432,-1.6666694629339032,1.528637753776781,7493969.45,39792977.35069163,5.180667153074976,6.1484168434143065,8.468579189777374,-12.807884897620166,-28.598359282969827,-46.94461749676833,-43.70544499123067,-7.929958860706641,0
HK.00166,489,0.028999999165534973,0.028999999165534973,0.0,0.20885149528150326,849085.0,24623.464291468263,4.654952620102906,0.03650000017136335,0.04290000018663705,-17.142859879805105,-29.268296671934774,-34.09091063028525,-30.952382008302255,-47.272728504228205,0
HK.00167,488,7.0,7.0,0.0,0.0,193219.9,1352539.3,4.916860249557022,6.712400026321411,4.305999992489815,-12.060301928974027,16.861440191562767,118.74999674037103,103.48836870822737,276.34408312707245,0
HK.00168,489,47.220001220703125,45.58000183105469,3.5980678450325745,1.1967904616627774,3762919.35,177685056.3004074,2.9334271479052805,50.20660011291504,51.18309991836548,-5.066345743318739,-2.4380170825921343,-7.047240295518894,-4.913408445844243,-7.683284824903536,1
HK.00169,489,0.10199999809265137,0.10599999874830246,-3.7735855687594055,0.6590139897179284,2200724.2,224473.86420245172,7.543263714475945,0.1096399998664856,0.12087750259786845,-13.559324174254684,14.606737434344899,-25.000005478367786,-8.928575942634788,-30.706524572490046,0
HK.00171,489,0.03400000184774399,0.03400000184774399,0.0,0.0990897568844337,4298800.0,146159.20794308186,12.761333786323508,0.05620000004768372,0.0824999999254942,-31.999997317791024,-59.999998246922225,-63.829784029854316,-59.03614079299854,-54.66666600439286,0
HK.00173,489,1.9500000476837158,1.9600000381469727,-0.510203585134164,0.5124315018705189,1762697.2,3437259.6240519523,2.284997319516179,2.204618754386902,2.2573669362068176,-14.795582771876903,-15.53010535482519,-7.9952385028821755,-7.56123710203004,9.220805720633054,0
HK.00174,488,0.22300000488758087,0.22499999403953552,-0.8888840910827873,0.039100684261974585,92500.0,20627.50045210123,3.325538309772276,0.20657999992370604,0.22330499917268753,19.892472902919977,1.3636391345134602,-6.694555739010955,-1.7621115588899148,-8.979591613310374,0
HK.00175,489,16.920000076293945,17.059999465942383,-0.8206295078022973,0.8070224246541744,55132000.45,932833451.8202379,4.123638926181826,20.121311531066894,18.268427681922912,-7.715958389049776,-11.025325469900302,0.21844596303703606,-4.572220741296297,7.341509651197536,0
HK.00176,488,0.013000000268220901,0.013000000268220901,0.0,,0.0,0.0,0.0,0.013000000268220901,0.013000000268220901,0.0,0.0,0.0,0.0,0.0,0
HK.00177,489,9.680000305175781,9.649999618530273,0.31088795680260367,0.5260073452917732,8209940.85,79472229.9334751,3.042814662135821,10.077866096496582,9.457242064476013,-2.753036483793252,4.086951260655867,2.2115181571625238,5.484823914760931,-6.120533490393884,1
HK.00178,489,0.8899999856948853,0.8899999856948853,0.0,0.8394944364746265,6287857.65,5596193.218551476,4.242739870992395,0.8599999976158142,0.6815576115250588,4.705877733065725,36.923079744598674,48.33332505491077,48.33332505491077,47.887136600360854,0
HK.00179,489,18.969999313354492,21.559999465942383,-12.012988018293916,1.3743308224341522,10445934.85,198159376.93184575,7.550991063560428,24.473400039672853,28.967364540100096,-25.666148224603752,-21.676301192565436,-35.99865147102658,-38.80645382788874,-8.848904953419268,0
HK.00180,488,0.18799999356269836,0.18799999356269836,0.0,0.0,70630.0,13278.439545333385,2.8145790760615035,0.20042000085115433,0.20180000059306621,-7.389163067815921,-3.0927896816374685,-5.527641878522739,-2.083337537219918,-17.543862515612723,0
HK.00181,488,0.10300000011920929,0.10300000011920929,0.0,0.0,1000.0,103.00000011920929,0.0,0.11844000175595283,0.11560000002384185,-13.445380045342104,-20.76922777136391,2.999998584389708,10.752685673871753,47.14285668669915,0
HK.00182,489,0.4050000011920929,0.41499999165534973,-2.4096363046584477,0.8908713873435056,41895146.35,16967534.321692906,6.461952923724917,0.3991399982571602,0.3532349993288517,5.194808110195212,49.99999448105163,28.57142992300783,26.56250320142142,-16.49484757802371,0
HK.00183,488,0.16099999845027924,0.14000000059604645,14.999998403447021,11.827956989247312,23680.0,3812.4799633026123,1.0862084512942312,0.15097999930381775,0.165149999409914,6.6225204121246914,6.6225204121246914,0.6250012805685687,-6.395352917097133,-33.74485679984135,1
HK.00184,488,2.309999942779541,2.299999952316284,0.43478220306857157,11.382113821138212,37500.0,86624.99785423279,0.8633473873191794,2.2594444704055787,2.2077492022514345,-0.793968371507817,6.701606717388109,9.126633673971517,13.244624182194858,5.692234335798726,1
HK.00185,489,0.07199999690055847,0.06499999761581421,10.769230063850333,92.66666666666667,8450.0,608.3999738097191,0.0,0.0845199990272522,0.10612999938428402,-5.263158926673246,-14.285716819925407,-37.93103536867786,-30.76923517785825,-1.3698658099383398,1
HK.00186,489,0.15600000321865082,0.15600000321865082,0.0,12.307692307692308,31500.0,4914.000101387501,0.0,0.15425999969244003,0.16288000270724295,1.2987039376318668,-1.2658252918151793,-2.4999958090483205,-1.2658252918151793,-32.17391287446698,0
HK.00187,489,3.0399999618530273,3.0299999713897705,0.3300326916726055,0.4463028544608952,7052800.0,21440511.73095703,7.553812450971487,3.769200029373169,4.346400007009506,-11.884060294606579,-36.00000080309416,-26.570046862497783,-25.85365774232952,-33.18681682600014,1
HK.00188,488,0.24300000071525574,0.24300000071525574,0.0,0.0,37860.0,9199.980027079582,0.20612112794584828,0.24587999850511552,0.24591191574931145,-0.8163281690572588,-2.799999713897705,1.0880031896973568,1.0880031896973568,17.00000731812627,0
HK.00189,489,19.40999984741211,20.239999771118164,-4.100790183260961,0.602272506197258,67984620.2,1319581467.7083702,8.665954201581764,15.023084239959717,12.252241067886352,21.04658526500898,76.59832649960585,94.10218277526545,82.12718100208849,97.98810098211645,0
HK.00191,488,0.6499999761581421,0.6399999856948853,1.5624985448084445,20.39812510850067,50823.7,33035.403788268566,2.5055912698431744,0.7861999976634979,0.665225000679493,-21.686748285773973,-10.958909702068233,25.0,-9.722229120907686,20.370361172123086,1
HK.00193,488,0.20200000703334808,0.20200000703334808,0.0,0.0,37501.85,7575.3739637635645,0.6811715764706093,0.21122000098228455,0.2061049997806549,2.53807624946995,-5.1643157344789365,9.189191583824266,11.60221735871723,-20.78430948602096,0
HK.00194,489,4.28000020980835,4.260000228881836,0.4694830951162475,0.771513353115727,34800.0,148944.00730133057,0.6820465716405935,4.432882852554322,4.39336124420166,-2.7272700672307866,-6.475557837218406,-0.17053447258769297,0.054297542955364764,9.639668653052096,1
HK.00195,488,0.2849999964237213,0.2849999964237213,0.0,,0.0,0.0,0.0,0.2849999964237213,0.2849999964237213,0.0,0.0,0.0,0.0,0.0,0
HK.00196,489,0.1420000046491623,0.14000000059604645,1.428574317572056,1.274632611285937,1552650.0,220476.30721852183,4.0010283456491615,0.17967999905347823,0.1910399992763996,-17.91906912011568,-26.42486946621648,-23.655913289343932,-16.959063461168448,-31.730768404151576,1
HK.00197,489,0.2849999964237213,0.29499998688697815,-3.389827426361236,0.2780779990248732,492225.3,140284.20873966513,3.438037041682809,0.29299999833106993,0.3326399986445904,1.785712575121809,1.785712575121809,0.0,-1.72413633637985,43.93939291314316,0
HK.00199,489,2.6700000762939453,2.690000057220459,-0.7434936989250247,1.0510633906287448,9192903.0,24545051.71136284,11.51801457389529,1.6350000083446503,1.0220499995350838,9.876543331005728,187.0967801891595,144.95412793868664,154.28573309969826,1065.9388870199175,0
HK.00200,489,3.1500000953674316,3.119999885559082,0.9615452214343201,0.7275222639583754,4102518.4,12922933.351246642,3.9955815803667036,3.835400013923645,4.450749995708466,-16.223401506463013,-15.99999745686849,-31.372549223306056,-26.744187078068443,-0.630914209626635,1
HK.00201,488,0.06599999964237213,0.06800000369548798,-2.941182271212952,0.9092955210443394,743700.0,49084.199734032154,2.41168238393991,0.06952000066637992,0.07025500040501356,-5.7142866266017025,-5.7142866266017025,-5.7142866266017025,-5.7142866266017025,-5.7142866266017025,0
HK.00202,489,0.05999999865889549,0.05999999865889549,0.0,0.1707941929974381,58050.0,3482.9999221488833,2.862755874929087,0.07243999980390071,0.12282500067725778,-14.285716566504256,-36.84210588231973,-55.55555831502974,-52.380954211215915,-3.2258070330838233,0
HK.00205,489,0.6700000166893005,0.6800000071525574,-1.4705868173635692,0.22642215568862276,244225.0,163630.75407594442,3.6335260396009192,0.7225999975204468,0.6191499987244606,-11.842101960961466,-10.666664441426594,1.5151500099837776,-4.285710271523855,324.05062395780294,0
HK.00206,489,0.32499998807907104,0.2549999952316284,27.450978100551872,1.7446766481147604,2049226.3,665998.5230713189,7.111043468136575,0.4005000007152557,0.3635599982738495,-17.721524240114363,-35.00000238418579,22.641511555879244,25.0,41.30434007973676,1
HK.00209,489,0.5099999904632568,0.5400000214576721,-5.5555610745039266,0.350721143829493,49029079.0,25004829.822422266,9.15481233920688,0.45790000081062315,0.30803747549653054,1.9999980926513672,41.66665838824411,180.2197806696402,226.9230640645801,233.33333333333334,0
HK.00210,489,0.3499999940395355,0.35499998927116394,-1.408449403588351,0.6572699178412603,1362400.0,476839.9918794632,4.340137821105197,0.37324737310409545,0.3917329022288322,-4.0404090750055275,-2.777783296726149,-16.035354510291775,-8.779152833558562,-14.082695193077893,0
HK.00211,489,0.25,0.24300000071525574,2.880658133391025,0.32867261865389663,67201.65,16800.4125,1.9352878216699894,0.25271999448537824,0.2594599964469671,0.0,11.111114054550438,-5.660372265889812,-10.714286094417377,5.0420143865073115,1
HK.00212,489,28.0,27.020000457763672,3.62694124956887,3.508771929824561,3350.0,93800.0,0.6650664003489589,28.411686401367188,28.45581669807434,-2.439026983732244,-1.1206324372216419,-5.5861498830058,-2.439020500011132,15.684960335125576,1
HK.00213,488,0.3449999988079071,0.3449999988079071,0.0,0.0,31458.35,10853.130712498723,1.1046609566310313,0.3889000004529953,0.37539999797940254,-11.538458599376382,-11.538458599376382,-1.4285700905079517,-1.4285700905079517,-9.240755594836223,0
HK.00214,489,0.1899999976158142,0.1899999976158142,0.0,0.0746435445939498,64895.25,12330.097345277667,5.236542583466852,0.2418599984049797,0.27941499955952165,-25.490195620110374,-25.490195620110374,-34.48275755758657,-33.33333333333333,-41.53846012770067,0
HK.00215,489,1.1100000143051147,1.100000023841858,0.9090900224102623,0.7924863887183844,3061535.6,3398304.559795618,1.388290357838866,1.1267871809005738,1.096246545612812,-1.7699098239742965,-3.301678847739754,0.03274494491855501,0.03274494491855501,17.34362362349243,2
HK.00216,488,0.5299999713897705,0.5299999713897705,0.0,0.0,6300.0,3338.999819755554,0.8878029861750434,0.5966000032424926,0.6093000051379204,-13.114760826108633,-19.696977222808385,-7.017547712211622,-7.017547712211622,-13.114760826108633,0
HK.00217,489,0.1379999965429306,0.13500000536441803,2.222215599484177,0.03917156311205568,2316200.0,319635.59199273586,12.394884259771793,0.14072000071406365,0.13713000029325484,14.0495845377669,-21.590910630285258,15.966380977603805,9.52380501854544,57.72955503208147,3
HK.00218,489,0.8899999856948853,0.9100000262260437,-2.197806588435245,0.26099906669249406,733647.0,652945.8195050955,5.5565672252728975,1.0213999986648559,1.3439499974250793,0.0,-16.822435320886324,-34.07407629800591,-35.971223391778764,-30.468749563442532,0
HK.00219,488,0.6899999976158142,0.6899999976158142,0.0,0.0,51000.0,35189.999878406525,1.4607069106900936,0.7074000096321106,0.6430500045418739,-4.166670805877945,2.985071705720311,27.77777225882941,13.114751054855619,14.999995032946467,0
HK.00220,489,6.909999847412109,6.730000019073486,2.6745888236030564,0.6191530463021871,15538567.95,107371502.1635027,3.8267363028071633,7.207446641921997,7.551956808567047,-5.600064100121262,-3.8881431521034875,-8.05656322121676,-7.942498333714065,-22.060563268472546,1
HK.00222,489,3.5,3.4000000953674316,2.941173583166078,4.694533762057878,37900.0,132650.0,1.6960110726647886,2.3908835649490356,2.971740869283676,52.57987750425309,27.14989131243494,2.740025337763359,-0.3992493609940872,89.7157087605176,4
HK.00223,489,0.10199999809265137,0.09200000017881393,10.86956292869689,0.3402129012644608,1762601.55,179785.35473810436,8.682944491850373,0.1235400003194809,0.12059499919414521,-14.285717863423974,-19.047621863409102,-6.422017846943471,-27.142858815436455,-6.422017846943471,2
HK.00224,488,0.5199999809265137,0.5199999809265137,0.0,,0.0,0.0,0.0,0.5319999837875367,0.5715249967575073,0.0,-13.333339956071377,-13.333339956071377,-3.7037110623015317,-13.333339956071377,0
HK.00225,488,5.300000190734863,5.300000190734863,0.0,0.0,6700.0,35510.001277923584,0.018771670799753105,5.299195470809937,5.510152962207794,1.7334464141654429,-3.067040587738762,-5.96820573298467,-5.96820573298467,10.62564581937023,0
HK.00227,489,0.16899999976158142,0.164000004529953,3.048777496048921,0.6443747823058168,468560.0,79186.63988828659,4.283382225311222,0.19992000013589858,0.25700499944388866,-13.333330276684771,-20.657276929616426,-33.72548905027594,-32.40000009536743,-33.72548905027594,1
HK.00228,489,1.2400000095367432,1.2599999904632568,-1.5873000855468575,1.309500805152979,78707.5,97597.30075061321,1.8965725444862838,1.4240000057220459,1.5120000022649764,-13.888891648363074,-31.86813330768369,-13.888891648363074,-19.99999692363114,-43.63636442452421,0
HK.00229,488,0.8399999737739563,0.8100000023841858,3.7037001606749893,0.3785488958990536,161500.0,135659.99576449394,1.8316783240959214,0.8563599860668183,0.8924462741613388,-5.617978957818797,-5.547226617915964,-6.562849385823523,-5.547226617915964,7.995451164968453,1
HK.00232,489,0.4000000059604645,0.39500001072883606,1.265821543245696,0.48123446913824175,163896196.25,65558479.476897456,7.268544069256108,0.2411392253637314,0.16782297141849994,102.92128744864044,176.96012651815283,201.3977664480362,145.44970842981857,235.98442259554733,2
HK.00234,488,0.028999999165534973,0.029999999329447746,-3.3333339542150635,0.7144656392406513,449890.0,13046.809624582529,3.250056401919049,0.03117999989539385,0.035310000190511344,-14.705889442593609,-12.121214173713673,-17.142859879805105,-17.142859879805105,-12.121214173713673,0
HK.00235,489,0.020999999716877937,0.01899999938905239,10.526317853346493,1.1140522555967671,15002067.85,315043.4206025836,6.653851715295665,0.023040000051259994,0.02849500011652708,-4.545455315142628,-22.222225288304692,-29.999999379118268,-29.999999379118268,-22.222225288304692,1
HK.00236,489,1.1399999856948853,1.1699999570846558,-2.5641002128344392,2.2670557881825486,65107.5,74222.54906862974,2.289295755604866,1.1960189366340637,1.1810661786794663,-4.201686480785667,-5.037390669765021,-1.1133138752008906,-2.72122828854291,28.65901579551976,0
HK.00237,489,2.140000104904175,2.140000104904175,0.0,1.139240506329114,16700.0,35738.00175189972,0.20826860774380795,2.2262000179290773,2.0987788039445876,-2.7272700672307866,1.4218109620800314,7.00000524520874,6.467667415807105,16.392065644121303,0
HK.00239,488,2.4000000953674316,2.380000114440918,0.8403352926397583,0.9056603773584906,34500.0,82800.00329017639,0.719936513064887,2.4516000318527222,2.4158903729915617,-2.040814340536656,0.41840962444885654,-3.6144543704662766,0.8403352926397583,3.707562914047834,1
HK.00240,489,1.3799999952316284,1.3600000143051147,1.4705868173635692,0.8548519027702958,234195.0,323189.0988832712,2.042727365898709,1.605322024822235,1.442536827325821,-12.658230522240038,-12.388813253491213,8.714614954717266,4.88664297713597,39.597533225365716,1
HK.00241,489,3.180000066757202,3.069999933242798,3.5830663161680496,1.0535459798253897,113914618.9,362248495.7066213,3.5423334471962082,3.96899995803833,5.3630499839782715,-12.396695137653557,-34.702255821672686,-37.7690805544039,-38.96353083543883,-30.26315555568104,1
HK.00242,489,0.5199999809265137,0.5,3.9999961853027344,1.5133108711487038,1479615.75,769400.1617785692,3.3446224226118586,0.5781999957561493,0.6646000009775161,-10.344828294942289,-14.754103486558959,-22.388064481548582,-21.212127232792163,-11.864406094746942,1
HK.00243,489,0.44999998807907104,0.4300000071525574,4.6511582776364895,0.05077614931450083,1288950.05,580027.507134518,9.406985835598016,0.5382999968528748,0.42454999923706055,-34.78261019797467,8.433734247587214,45.16128536069558,24.999991721577445,116.3461436512028,1
HK.00244,488,0.2800000011920929,0.2800000011920929,0.0,0.0,136750.0,38290.0001630187,7.044573558554679,0.2982200050354004,0.3253550012409687,0.0,-17.64705933914052,-9.677419664956526,-12.49999767169351,12.903228132335293,0
HK.00245,489,1.0499999523162842,1.0199999809265137,2.941173720662243,0.01134393844526912,471020.15,494571.13504000905,4.459864234062692,1.0255999839305878,1.0805999931693078,8.247414571799014,0.9615375798129149,-6.2500046566128535,-3.669732095175381,-20.454552227800274,1
HK.00247,488,19.350000381469727,19.350000381469727,0.0,,0.0,0.0,0.0,19.350000381469727,19.727804050445556,0.0,0.0,-2.985074484136464,-2.985074484136464,3.6855852226236108,0
HK.00248,489,0.23000000417232513,0.2329999953508377,-1.2875498877136726,1.0409670660706183,54480.85,12530.59572731182,0.9270917958444332,0.2709199982881546,0.29232052400708197,-23.333334989017846,-19.298243137387765,-30.567925494511666,-36.47707044100976,6.628099192965147,0
HK.00251,488,1.2699999809265137,1.2699999809265137,0.0,0.0,4500.0,5714.9999141693115,0.03937004178520325,1.2884781169891357,1.2904451632499694,1.5999984741210938,-12.129731049408782,0.03692157451923077,0.8124015867248061,1.6904222008324206,0
HK.00252,488,1.600000023841858,1.600000023841858,0.0,,0.0,0.0,0.0,1.600000023841858,1.5994500243663787,0.0,0.0,0.0,0.0,1.265821543245696,0
HK.00253,488,0.6200000047683716,0.6499999761581421,-4.61538038310199,28.571428571428573,17000.0,10540.000081062317,0.07462679264300777,0.664200006723404,0.6198500001430511,-7.462688160516194,-7.462688160516194,19.230774521122513,8.77193202602569,3.3333300219643105,0
HK.00254,489,0.11699999868869781,0.11699999868869781,0.0,0.7050795031854762,49599462.9,5803137.094260116,42.02167589680535,0.7829200032353402,0.5668800028413534,-88.06122485596354,-81.99999954150272,-80.8196727959131,-80.50000099341071,-71.46341470506205,0
HK.00255,489,1.4299999475479126,1.440000057220459,-0.6944520329984546,1.2437311935807422,50650.0,72429.49734330177,1.8298177954462185,1.4256941771507263,1.4908434855937958,1.4184383971608912,9.154922400396446,-15.300553701817812,-6.060608196355947,20.314918599406496,0
HK.00256,489,0.06199999898672104,0.05999999865889549,3.3333339542150635,1.200159888078345,4118500.0,255346.9958268106,9.23104764348252,0.08371999926865101,0.1537750000320375,-29.545455315142625,-35.41666828354612,-73.0434791904316,-68.84422176402192,-86.66666698712174,1
HK.00257,489,4.699999809265137,4.690000057220459,0.21321432670949933,0.5262378170873828,16876890.0,79321379.7809887,2.886033981174011,5.234717769622803,4.915861477851868,-9.757197344485292,-6.2389631223219935,-3.801178323117725,-0.6210495017700269,23.245334152416948,1
HK.00258,489,2.0,2.0299999713897705,-1.477831123772482,0.9366575465170693,564100.8,1128201.6,2.8603390371036896,2.16221351146698,2.423167006969452,-5.213265429609397,-18.25807605852407,-14.302821539570829,-11.813691014962622,-24.096782798255038,0
HK.00259,489,4.369999885559082,4.199999809265137,4.047621047956423,0.49819747096047634,1740256.0,7604918.520843506,7.596610584696924,4.213999972343445,3.9485017001628875,-10.450824117250345,31.231230801218185,-7.610996449529004,12.339325648083276,127.33169736672465,1
HK.00261,488,0.18199999630451202,0.18299999833106995,-0.5464491998239219,0.0,73279.65,13336.896029195934,0.423826220061655,0.2178200003504753,0.2533899986743927,-4.210527058783669,-31.32075240409162,-31.32075240409162,-24.166666511446234,-35.00000159655298,0
HK.00262,489,0.07699999958276749,0.08100000023841858,-4.93827239984856,9.777777777777779,3350.0,257.9499986022711,0.19480510684084254,0.08282000005245209,0.0843400002643466,-7.228912634398829,-6.097564078171489,-23.000001564621904,-23.000001564621904,11.594205089437743,0
HK.00264,489,2.2899999618530273,2.299999952316284,-0.43478220306857157,1.4937227773507558,4604000.0,10543159.824371338,7.945588338924303,1.7794000029563903,2.118150006532669,-2.966098998066082,10.628021048560338,-6.5306156210876845,-1.716736616428903,51.65562757059835,0
HK.00265,488,1.5399999618530273,1.5399999618530273,0.0,0.0,1700.0,2617.9999351501465,0.06493500461665078,1.578999972343445,1.7303999906778336,0.0,-8.333332742017395,-14.444444297272478,-18.94736941171156,92.499992363155,0
HK.00266,488,1.8799999952316284,1.8799999952316284,0.0,0.0,36300.0,68243.99982690811,0.7114020143292374,1.9023999953269959,1.981169586777687,0.5347588469389063,-7.389161491241287,-5.515939686529413,-7.843135765358715,-0.8927492434789117,0
HK.00267,489,11.470000267028809,11.779999732971191,-2.6315744734248283,0.8386321428813832,35240808.0,404212077.170311,3.3408026500726344,13.018399925231934,12.244895129203796,-12.841942249077123,-0.3475235539323115,-4.8132772989664465,-7.350564127625657,7.0518575246522035,0
HK.00268,489,6.090000152587891,5.679999828338623,7.2183157859212645,0.5940525867325044,65727021.6,400277571.5731476,5.629875060137809,7.892199954986572,11.96355001449585,-16.23108433885085,-36.56250093132254,-55.05535006005333,-56.961128503405256,-57.6495124887232,1
HK.00269,489,0.009999999776482582,0.009999999776482582,0.0,70.9623430962343,271750.0,2717.4999392591417,0.0,0.009999999776482582,0.010024999780580402,0.0,0.0,0.0,0.0,0.0,0
HK.00270,489,7.809999942779541,7.829999923706055,-0.2554276005286011,0.9369675738921611,13043988.0,101873545.53361702,2.487045805913276,8.201800031661987,7.525257675647736,-6.467070826590038,5.683357021407924,13.68267937232959,14.181283165975579,18.48725148975749,0
HK.00271,488,0.1589999943971634,0.1589999943971634,0.0,0.0,85551.3,13602.656220670046,2.3575865492264545,0.17248000025749208,0.18343000039458274,-9.142858797190168,-7.558145931744886,-23.923449956661862,-13.58695973471398,0.632903214793344,0
HK.00272,489,0.44999998807907104,0.4399999976158142,2.272725117600642,0.8094777425654837,4259754.35,1916889.4067197707,2.253929496695315,0.49819999277591703,0.6435499994456768,-6.250000388051082,-27.41935731965221,-34.78261019797467,-34.78261019797467,-33.82353186091747,1
HK.00274,488,0.49000000953674316,0.49000000953674316,0.0,,0.0,0.0,0.0,0.49000000953674316,0.49000000953674316,0.0,0.0,0.0,0.0,-22.222220119765602,0
HK.00276,489,0.5199999809265137,0.5299999713897705,-1.8867907552966041,0.2869539124399291,108458.15,56398.235931324954,3.1320970409854674,0.5441999959945679,0.6626999989151955,-21.212127232792163,-13.333339956071377,-27.77778329672615,-23.529415373983642,-17.46031986312503,0
HK.00277,488,1.5499999523162842,1.5499999523162842,0.0,,0.0,0.0,0.0,1.5499999523162842,1.5098163878917694,0.0,0.0,10.952040232496522,5.442171574764416,-13.027521831176692,0
HK.00279,489,0.4399999976158142,0.4000000059604645,9.999997764825855,3.6240401223830045,1733205.95,762610.613867715,7.345265969182677,0.49080000519752504,0.6300500006973744,-9.278353682891009,-20.00000216744158,-32.307690191550996,-24.137929262644278,-31.249998835846753,1
HK.00280,489,0.5400000214576721,0.48500001430511475,11.340207325840764,17.01393983859134,499600.0,269784.010720253,2.634399050492981,0.5044999939203262,0.5135620757937431,5.882359128509954,3.846161781683767,8.000004291534424,8.000004291534424,36.52839037816389,2
HK.00285,489,21.18000030517578,21.239999771118164,-0.2824833643546889,0.6801954894281745,13393851.0,283681768.26747894,4.579932992143053,26.56428062438965,32.713358554840084,-26.90654376933778,-31.242194296612087,-37.15771662054408,-39.544580592235995,-29.95510711025913,0
HK.00286,488,1.309999942779541,1.309999942779541,0.0,,0.0,0.0,0.0,1.309999942779541,1.309999942779541,0.0,0.0,0.0,0.0,0.0,0
HK.00287,488,4.360000133514404,4.360000133514404,0.0,,0.0,0.0,0.0,4.340000133514405,4.2078113985061645,0.0,6.341469144622737,6.862750368730701,6.862750368730701,19.897822569879988,0
HK.00288,489,8.489999771118164,8.5,-0.11764975155101104,0.8231230782598669,38711239.7,328658416.1927004,2.8507043504162812,9.228497123718261,8.629972252845764,-6.1878498101028985,-6.314089072234383,1.5199002683048988,1.8699635221170765,26.63125175671078,0
HK.00289,489,13.100000381469727,12.90999984741211,1.4717314973144946,0.07677543186180422,26150.0,342565.00997543335,1.2175077305202207,14.181309051513672,13.174407086372376,-7.973374318183692,-4.0723126817454265,4.893571139050123,0.028938918928208473,16.589021827807716,1
HK.00290,489,2.0299999713897705,1.9199999570846558,5.729167539781599,1.4405773286960295,39925530.0,81048824.75772142,15.312742684914474,5.8196000218391415,3.597600012421608,-66.61184215685998,-47.680414651681524,-16.115706306151516,-23.396230251519896,41.95804516431668,2
HK.00291,489,21.940000534057617,21.399999618530273,2.5233688091272515,0.5876908332059261,10982122.7,240947777.90308627,2.831426768182831,24.456405143737793,25.729358377456666,-9.338843626578981,-9.90200888598141,-15.137897019274885,-15.45692656714101,-4.98422967774422,1
HK.00293,489,12.8100004196167,12.579999923706055,1.8283028402665256,0.924365784833751,20829735.75,266828923.69800496,2.9232467270134417,12.279400024414063,11.52357961177826,-3.684208752564613,9.141948913257387,14.788816407579267,7.154404988614665,34.92360720830941,1
HK.00294,489,0.7699999809265137,0.7900000214576721,-2.5316506313829312,4.782608695652174,2850.0,2194.499945640564,0.06329145440686175,0.8131999969482422,0.8501326704025268,-7.228916095257991,-6.097562482568367,-10.465119986227169,-7.228916095257991,-11.735329574029704,0
HK.00295,489,0.014999999664723873,0.014999999664723873,0.0,0.4915254237288136,1345000.0,20174.99954905361,1.797880735128408,0.021639999952167272,0.01995000003837049,-25.0,-44.444447127266606,-6.250006548361542,0.0,0.0,0
HK.00296,489,0.1940000057220459,0.18799999356269836,3.191495938720082,0.09963291911500727,450407.95,87379.14487725496,2.9674166142849168,0.21616000115871428,0.24155499793589116,-9.767440699963668,-14.912278236573057,-21.138211234372786,-13.777772950537285,-30.71428396568007,2
HK.00297,489,1.2899999618530273,1.2799999713897705,0.7812492724042223,0.6946176790643926,35261236.4,45486993.610890575,4.4337799266296125,1.4509298944473266,1.48971504509449,-12.825715216274524,-17.104205918368205,-8.08153866892794,-12.825715216274524,5.134624597546616,1
HK.00298,489,0.09799999743700027,0.09399999678134918,4.2553199921436,1.2744689333471488,198644.45,19467.155590874332,1.2574191823029213,0.11284000024199486,0.11467500023543835,-10.909092756342305,-14.035090012490178,-12.500004989227925,-7.547171137518811,-17.6470628747595,1
HK.00299,488,0.10599999874830246,0.10599999874830246,0.0,,0.0,0.0,0.0,0.10599999874830246,0.10599999874830246,0.0,0.0,0.0,0.0,0.0,0
HK.00300,427,84.05000305175781,80.3499984741211,4.604859549348225,1.78146139469731,7892254.45,663344010.6077492,2.944869800476961,84.17719741821288,82.27948894500733,3.066596973903291,5.590933784607033,0.2036343844134742,-1.0306764780129598,18.86602655586921,2
HK.00301,489,3.990000009536743,3.890000104904175,2.570691566473151,3.679299846915688,3132492.25,12498644.107373774,10.179516166820628,2.21260000705719,1.5884499996900558,124.15730750947547,167.78523382541968,185.0000055347171,197.76118732449436,182.97873077950956,7
HK.00302,489,0.17900000512599945,0.18000000715255737,-0.5555566593452297,1.8813647529185318,1507700.0,269878.3077284694,6.7241357557448405,0.24243999928236007,0.3430950004607439,-21.834059629371033,-31.153841657045866,-47.35294022259004,-56.34146178357307,-62.31578792165189,0
HK.00303,489,51.099998474121094,51.400001525878906,-0.5836635074938018,0.5377465651661486,1248772.75,63812285.619524,2.4808657764000075,57.315999832153324,60.51958408355713,-0.2926859041539634,-15.884776174286266,-16.77524885307464,-16.97806806250501,-0.5820181254549974,0
HK.00305,489,0.375,0.3700000047683716,1.3513500451867637,0.2940437369701869,1303333.3,488749.98750000005,4.294996956081017,0.43096400260925294,0.4826566278934479,-9.354601400946931,-18.12674131545604,-16.3273299340921,-18.12674131545604,-14.413883018202633,1
HK.00306,489,2.7799999713897705,2.7899999618530273,-0.3584226021499716,0.3379416282642089,66200.0,184035.9981060028,1.6686673553478186,2.4606000137329103,2.523474806547165,19.313307399939912,21.397380685554417,-2.112674105382526,-2.112674105382526,109.24680113544395,0
HK.00308,489,1.0499999523162842,1.0199999809265137,2.941173720662243,0.5766333299876317,14351402.35,15068971.783171808,3.093615698911719,1.1364479207992553,1.26933019220829,-10.275426156780384,-8.728447058738192,-20.394738447503457,-22.15074089937426,25.99368003093183,1
HK.00309,488,0.9300000071525574,0.9300000071525574,0.0,0.01748570179592729,30087.5,27981.37521520257,9.863364772438496,1.2402000105381012,1.5326500043272973,-13.888891648363074,-35.41666873627231,-41.87500041909515,-44.64285498877765,-53.49999964237213,0
HK.00311,488,0.2549999952316284,0.2549999952316284,0.0,0.0,273200.0,69665.99869728088,4.513558194650134,0.2723599997162819,0.23797499895095825,-8.928573519295567,15.909089369714744,14.8648612366299,15.909089369714744,64.51612469060863,0
HK.00312,489,0.0560000017285347,0.05999999865889549,-6.666661699612825,0.061037639877924724,98600.0,5521.600170433521,3.7868977281076397,0.059520000219345094,0.07422000022605062,-12.500001455191454,-6.666661699612825,-11.111109797075754,-30.864195600367783,-47.16980906621802,0
HK.00313,489,0.057999998331069946,0.05700000002980232,1.7543829837627665,0.165223549114187,301370.3,17479.47689703405,2.194547197865441,0.06695999994874001,0.08379499971866608,-14.705889442593609,-27.500000465661294,-53.968256033166675,-30.952382008302255,-17.142859879805105,3
HK.00314,488,1.2999999523162842,1.2799999713897705,1.5624985448084445,0.42404418677530553,1025530.0,1333188.951098919,5.554779235722364,1.352200002670288,2.3436500072479247,-10.344833823077964,-43.722944393148325,-45.14767868819476,-48.00000190734863,-75.92592723412113,1
HK.00315,489,4.630000114440918,4.639999866485596,-0.21551190371588724,0.3562565376912099,909571.9,4211318.001092243,1.812028630018831,4.949600009918213,4.753067977428437,-2.5263133801912008,-7.3999977111816415,0.2531776787754382,0.6770792885032142,13.492348002958105,0
HK.00316,489,122.69999694824219,121.80000305175781,0.7389112265472856,0.5353314558495124,1416205.4,173768398.2580841,3.84581540988833,133.95742889404298,131.00344234466553,-9.845707975267533,-14.543054321755704,-1.3079787168106782,-1.1525590323721073,-2.8884444950590202,2
HK.00317,489,12.079999923706055,11.899999618530273,1.512607655007744,1.5793835456609093,2639742.1,31888084.36660366,3.8386717812038715,14.524541511535645,14.660924005508424,-15.760113004419887,-16.653163522494694,-14.072406091045492,-7.286930191075997,-7.383902660516046,1
HK.00318,489,0.8999999761581421,0.8999999761581421,0.0,0.08925085067217046,109793.75,98814.37238231301,6.592948437453996,0.7587999963760376,0.5956749974191189,28.571427355007227,30.43477960405066,60.714280772574114,40.62499941792338,172.72725466525986,0
HK.00320,489,0.4650000035762787,0.4699999988079071,-1.0638287753851585,0.04400440044004401,90300.0,41989.500322937965,1.7080070205604352,0.47850000083446503,0.5080510348081588,-1.0638287753851585,-4.123713430708066,-6.999999284744263,-6.999999284744263,12.247071436777759,0
HK.00321,489,1.1200000047683716,1.100000023841858,1.8181800448205245,0.8779944289693593,2645600.0,2963072.012615204,3.6562063634923545,1.1748000025749206,1.0536808970570564,3.70370002440479,-5.084741139541855,6.666671964857554,8.737867561021847,68.84242571550647,1
HK.00322,489,10.039999961853027,9.670000076293945,3.826265590898377,0.5171212203708383,25480756.35,255826792.7819863,4.375305273075006,11.048530120849609,11.000764517784118,-8.831291216727852,-12.633039617818516,-6.322785302904582,-6.962762845563374,-5.428297571501207,1
HK.00323,489,1.6399999856948853,1.6100000143051147,1.863352243678002,0.4836278879354993,9739673.45,15973064.318672853,4.609316214065636,2.1993999910354614,2.4962499940395357,-15.025905167586956,-37.40457796451676,-30.508472093457662,-37.16474898039514,-15.897438687607234,1
HK.00325,358,42.540000915527344,40.279998779296875,5.610730399009012,0.7830179255344895,546296.55,23239455.737149432,6.653370170152714,55.781399993896486,71.38735008239746,-21.222220526801216,-35.5454531582919,-37.71596044689707,-37.07100314238516,-72.19607783298866,1
HK.00326,489,6.210000038146973,5.840000152587891,6.335614313214072,0.4704494359625655,5386343.5,33449193.3404727,7.8494149935404876,6.8515999889373775,4.225999993681907,7.439443126817477,3.156147139907745,243.09393560590595,110.50847246673597,280.98159854684604,2
HK.00327,489,3.3499999046325684,3.3399999141693115,0.29940091976750616,0.3414742198532455,5090073.9,17051747.079572726,4.480578686161485,3.690600023269653,4.768753952980042,-3.7356354519655763,-9.459463203797943,-34.697859066272926,-34.697859066272926,-37.944477317737174,1
HK.00328,489,0.5699999928474426,0.550000011920929,3.636360089641049,0.04368827722469127,1086792.9,619471.9452266514,9.905701543554922,0.6502609843015671,2.2952675075829028,-12.307690191550995,-22.972974932219852,-77.2000002861023,-79.42238278800319,-59.81744632255971,1
HK.00329,489,0.23000000417232513,0.24699999392032623,-6.882587111919005,3.5931911909171044,471743.0,108500.89196826518,4.5386900121399005,0.29103999853134155,0.3323849999904633,-22.033893425071955,-16.36363665919658,-26.984125106933572,-24.59016433488742,-43.20987568016442,0
HK.00330,489,0.44999998807907104,0.4449999928474426,1.1235944521335182,1.4952906518401725,98236.95,44206.6263289243,2.6451931417870815,0.6060999947786331,0.9988749970495701,-13.461537579812916,-49.43820277393324,-59.09091106131052,-61.86440609474694,-54.0816347631798,1
HK.00331,489,5.21999979019165,5.119999885559082,1.9531231810105558,1.001280692128513,148210.7,773659.8229041577,1.5314312087029431,5.429400014877319,5.50306370973587,-4.744529707607458,-6.951877612138965,-4.840977183582708,-4.840977183582708,-1.9442691568895025,2
HK.00332,489,0.012000000104308128,0.013000000268220901,-7.692308794464562,0.3622298399662701,2632150.0,31585.80027455464,9.083562058697725,0.015560000594705343,0.018420000071637334,-25.000002910382907,-36.84210268331689,-29.41176792845164,-29.41176792845164,-67.56756770362638,0
HK.00333,488,0.19200000166893005,0.19200000166893005,0.0,0.0,18640.0,3578.880031108856,1.184751289940582,0.2080399999022484,0.2531450014561415,-7.246377020250101,-18.297871423015877,-26.153842803289074,-26.153842803289074,-30.181819088202843,0
HK.00334,488,0.36500000953674316,0.375,-2.6666641235351562,0.7597072298467957,2034510.0,742596.1694025993,4.067822046411406,0.40759999930858615,0.3759000000357628,-10.975606653535715,-1.3513500451867637,7.3529428522066915,14.062505529727911,73.80953377742107,0
HK.00335,488,0.6499999761581421,0.6499999761581421,0.0,0.0,22200.0,14429.999470710754,0.3076920255401327,0.6467999792099,0.6708250001072884,0.0,-1.515159040990203,-5.797104579113893,-8.45070481655075,-5.0793707163514625,0
HK.00336,489,3.0399999618530273,3.0199999809265137,0.6622510282393388,0.6142216144168159,3391699.45,10310766.198616935,4.561178120008674,3.8525603723526003,3.9879902374744414,-15.083798138576872,-27.52820905495261,-23.77041094691441,-23.010015286069773,1.5769392088656378,1
HK.00337,489,0.14900000393390656,0.14000000059604645,6.42857378538773,0.5243253494572675,861690.0,128391.81338980794,5.381266674029506,0.17947999894618988,0.2085049991309643,-15.819207327262921,-31.963467523394996,-26.237624383197065,-34.36123119565343,-10.778438465340969,1
HK.00338,489,1.100000023841858,1.100000023841858,0.0,0.33774164561391296,50490177.4,55539196.34377963,4.5274831948495855,1.215799994468689,1.3540500044822692,-2.6548647359614446,-15.384610446952324,-17.910448026752697,-20.28985306936711,-11.123194694361969,0
HK.00340,489,1.7400000095367432,1.7799999713897705,-2.2471889042670363,0.935691246166823,11573031.5,20137074.92036903,5.557997035256696,2.376399075984955,2.7790039497613908,-17.604966582887737,-41.146403752842744,-37.181086865842715,-37.181086865842715,-31.602572116794914,0
HK.00341,489,5.099999904632568,5.150000095367432,-0.9708774720186868,0.5744456634023366,2492627.25,12712398.737284541,4.176303358063516,4.191800026893616,5.084718772172928,32.1243534517236,14.349772668421343,-5.555558989567952,1.9999980926513672,-23.195065457231173,0
HK.00343,489,0.12700000405311584,0.11999999731779099,5.833339076489338,0.23713282163345117,2682432.15,340668.8939222082,11.324458811399179,0.12434000000357628,0.17032500002533196,10.434784129797144,-16.99345985101176,-31.720429547591944,-19.108280375683886,-9.28571177684532,1
HK.00345,489,6.559999942779541,6.880000114440918,-4.651165208409023,1.6072811938629745,2872042.7,18840599.9476604,3.517420519313603,6.185400028228759,6.944184370040894,8.429747701920826,3.14465102305935,0.6134963492337805,1.7054284770116428,-29.064684999184294,0
HK.00346,489,0.26499998569488525,0.2800000011920929,-5.357148369051949,0.13161743199766013,280625.0,74365.62098562717,4.083366216402559,0.35500000059604647,0.39722500026226043,-24.285717083483373,-42.39130850268665,-29.333337148030598,-27.397266090150964,-48.039217519558505,0
HK.00347,489,1.1200000047683716,1.100000023841858,1.8181800448205245,0.5766885745012363,7671614.9,8592208.724581111,3.2184149705594245,1.3450000095367431,1.8212500035762786,-11.111110059882801,-26.31578823536055,-40.106951769387784,-42.85714372601521,-30.00000074505805,1
HK.00348,489,0.05999999865889549,0.06300000101327896,-4.761908422431829,1.1999131284612878,513690.0,30821.399311088026,10.025309555029427,0.0724200001358986,0.12467499975115061,-7.692306369719372,-42.307694787545266,-62.5,-56.52173901306583,-18.918921776153955,0
HK.00351,489,0.3499999940395355,0.35499998927116394,-1.408449403588351,2.7209325268837605,593792.0,207827.19646072388,2.9617896293148602,0.33759999930858614,0.30982499904930594,-12.500002793967683,48.936168054155004,24.99999733907837,18.64407104995203,221.10091968875437,0
HK.00352,488,0.36000001430511475,0.36000001430511475,0.0,,0.0,0.0,0.0,0.36000001430511475,0.362025014013052,0.0,0.0,0.0,0.0,462.4999956344256,0
HK.00353,489,0.35499998927116394,0.3400000035762787,4.411760452090707,0.8565043221589711,298132.5,105837.03430138528,3.8427898349727667,0.380699999332428,0.33939999863505366,-4.054058190241914,5.970143411440622,10.937499126885067,10.937499126885067,-15.47619039171677,1
HK.00354,489,2.9700000286102295,2.9200000762939453,1.7123270893795304,0.2928442992871848,53356939.7,158470112.4355543,6.957215103898765,3.513417477607727,4.653345804214478,-18.870492260770657,-19.089171102432413,-40.55858335590345,-41.938262844669644,-37.59268479120266,1
HK.00355,489,0.06199999898672104,0.06199999898672104,0.0,0.3477286963373267,2411660.75,149522.9640563149,6.256538818093247,0.07578000009059906,0.08548000022768974,-15.068493290496917,-11.428573253203405,-26.19047640166045,-40.952380073854414,-3.1250061845636785,0
HK.00357,489,4.150000095367432,4.099999904632568,1.2195168755581758,0.8093798799373575,781669.45,3243928.2920458075,5.144849082374546,5.33180004119873,8.646199989318848,-11.889595291805103,-41.958041398401306,-60.95954797093904,-61.03286155854208,-60.70075823426846,1
HK.00358,489,31.700000762939453,31.260000228881836,1.4075512822648368,0.7774798571137846,18738581.0,594013031.9964027,5.755075449448318,36.076750907897946,35.586562852859494,-7.9908867412869995,-10.334417345518553,-3.0903351152658436,-25.853462805093987,132.59069833412158,1
HK.00360,489,0.03999999910593033,0.039000000804662704,2.564098155475083,3.8426628133006657,3245050.25,129802.00709869899,3.598388025271715,0.04671999990940094,0.04582000004127622,-20.000002980232196,-4.761905606641802,-16.666669253673795,-9.090910630285256,-35.48387135538921,1
HK.00361,489,0.03700000047683716,0.032999999821186066,12.121214173713673,0.6412355851274715,4238300.0,156817.10202097893,7.501385738837715,0.05060000024735928,0.07410500033758581,-27.450978100551872,-44.776120066881745,-61.05263058828844,-55.421684475799125,-35.08771849562844,1
HK.00362,488,0.014999999664723873,0.014999999664723873,0.0,,0.0,0.0,0.0,0.014999999664723873,0.014999999664723873,0.0,0.0,0.0,0.0,0.0,0
HK.00363,489,12.520000457763672,12.300000190734863,1.7886200294088341,1.7491493385539119,1286649.6,16108853.580981446,2.335142745634619,14.008646812438965,13.896374893188476,-13.080584855125943,-9.170711369847272,-11.018090717792909,-8.981750137101029,-2.5814537642706874,1
HK.00365,489,0.5099999904632568,0.5199999809265137,-1.9230751596258298,0.2857181758863495,3271935.0,1668686.8187963963,12.915393009009673,0.7003999942541123,0.3953149973601103,-51.88679075529661,78.9473673203205,75.86207073735572,75.86207073735572,82.14285296140886,0
HK.00366,489,0.800000011920929,0.800000011920929,0.0,0.7131354957441914,269420.0,215536.00321173668,2.687192211793522,0.8661932623386384,0.9017253428697586,-4.838277638701513,-12.000987923960539,-11.044476923134024,-10.066943702509121,9.85841677282046,0
HK.00367,488,0.25999999046325684,0.25999999046325684,0.0,0.8735258871519811,161891.35,42091.74945608377,0.922941138549061,0.2845999985933304,0.315375000834465,-5.454550971669479,-14.754103486558959,-14.754103486558959,-21.212127232792163,-23.529415373983642,0
HK.00368,489,2.440000057220459,3.2899999618530273,-25.835863662254354,0.8948241842961492,1992825.0,4862493.114030361,22.275542539792507,1.393199999332428,0.6716999994218349,154.1666783081991,392.92929974055727,454.5454705549667,467.4418643334544,952.2337091723234,0
HK.00369,489,2.0,1.9700000286102295,1.5228411651818354,7.538461538461538,53700.0,107400.0,0.7482925645802259,2.1010999965667723,1.8994771373271941,-1.960782480441495,-13.592550627304753,18.559055033532765,13.922668845725692,38.43455530214766,1
HK.00370,489,0.3449999988079071,0.3449999988079071,0.0,0.37226482637015196,6546300.0,2258473.4921962023,7.482497318360385,0.47659999907016753,0.8388999991118908,4.545450029951333,-45.238095012832034,-61.66666578363487,-62.5000008098457,-79.09090886102892,0
HK.00371,489,2.2899999618530273,2.259999990463257,1.3274323679807223,0.4188869280228686,21357450.6,48908561.05927792,2.8331724823487487,2.605058693885803,2.540790467262268,-12.82217821207044,-15.009429970369522,-3.2148242718784115,-3.2148242718784115,-6.236643785569592,1
HK.00372,488,0.2070000022649765,0.2070000022649765,0.0,0.0,6000.0,1242.000013589859,0.1666666548403479,0.22089999943971633,0.2385750002413988,-5.909089369714744,-24.727273535137318,-20.384611593195533,-24.727273535137318,-18.823527005579464,0
HK.00373,489,2.2100000381469727,2.2100000381469727,0.0,0.12287593585384644,1476258.0,3262530.2363147736,3.317677792098643,2.45443913936615,2.502909068465233,-3.9130398276171445,-17.39826710710649,2.974359202236918,-12.353884326074445,40.879020787660956,0
HK.00374,488,2.509999990463257,2.509999990463257,0.0,0.0,300.0,752.999997138977,0.1399998664855957,2.509999990463257,2.6107093334197997,0.39999961853027344,-7.720589556547583,-7.0370390320347145,-7.380075456400016,0.20609075665061974,0
HK.00375,488,1.149999976158142,1.149999976158142,0.0,0.0,21700.0,24954.999482631683,0.9081038786542696,1.115599992275238,1.0491827249526977,3.603600120498037,2.6785688626827135,11.650486223456546,30.681816180629166,30.43655328311917,0
HK.00376,489,1.6100000143051147,1.559999942779541,3.205132907664455,1.3675401303464225,4812648.35,7748363.912345487,5.208131583383984,2.281200008392334,3.428599998950958,-22.22221902283163,-45.608108325802206,-49.68750030267983,-51.35951534328026,-35.08064508376087,1
HK.00377,488,1.2799999713897705,1.2799999713897705,0.0,0.0,224.0,286.7199935913086,0.07473084319147993,1.2487999868392945,1.0981500026583673,0.0,34.73684078438459,5.785118267433915,39.13042914889946,27.99999713897705,0
HK.00379,489,0.06800000369548798,0.06800000369548798,0.0,0.02069614234254806,1588650.05,108028.20927083716,10.254966393689495,0.10615999937057495,0.08429999992251397,-47.28681606409948,-6.849308637141818,-8.108104298461395,-1.4492675377223445,-9.333332008785725,0
HK.00380,489,0.1340000033378601,0.14000000059604645,-4.2857123090296465,0.41750301083902047,751500.0,100701.00250840187,2.953048831578836,0.1389400002360344,0.1429650005325675,5.511810284522997,3.0769294253470134,-4.2857123090296465,-12.98701034808242,4.687497635313888,0
HK.00381,489,0.10000000149011612,0.10199999809265137,-1.9607810195433113,0.5774701046342887,5185190.3,518519.03772653564,7.854832840290163,0.14268000021576882,0.22956000067293644,-8.256877159472232,-44.13407897964843,-57.08154356847004,-53.27102767946377,-81.13207417202396,0
HK.00382,489,0.4749999940395355,0.45500001311302185,4.395600076948939,0.36358406247463154,704996.7,334873.4282978922,4.28367013330527,0.6826999998092651,1.2076351892948152,-20.83333747254461,-66.54929518344926,-63.755140751904214,-65.02244281083905,-65.00522472784913,1
HK.00383,489,0.8500000238418579,0.8500000238418579,0.0,1.2904641154191105,5599.15,4759.277633494138,0.15882337629588994,1.0043999814987183,0.9886999854445457,-19.047613100670095,-10.526312157057612,-17.47572354832594,-17.47572354832594,6.2500013969838415,0
HK.00384,489,5.440000057220459,5.650000095367432,-3.716814771722865,2.097812038241027,15919001.05,86599366.62289254,3.363031126944506,7.005799989700318,7.628310327529907,-21.50071873054248,-30.34570938441788,-29.78371785830654,-28.608926528846553,-23.77837355569176,0
HK.00385,489,0.2750000059604645,0.27000001072883606,1.851850012202395,0.4610266159695818,430500.0,118387.50256597996,5.591793128625339,0.28635334253311157,0.37724834606051444,5.363983974343969,-28.879312238479816,-40.10889281594426,-39.47175241656274,-26.108372135743878,1
HK.00386,489,4.079999923706055,4.070000171661377,0.2456941430691839,0.6456759566247597,135644734.35,553430505.799128,2.38765798672176,4.315562438964844,4.433113950490951,-2.6299222849225106,-10.119915674459886,-1.9490035992835122,-10.502386078655663,4.960725811175379,1
HK.00387,489,0.8500000238418579,0.8700000047683716,-2.2988483697581654,0.431266846361186,37900.0,32215.000903606415,2.125083948541298,0.7549291336536408,0.6974875336885452,21.034608078335957,24.444032170406395,31.87352319317262,26.2218032717963,64.68686289169422,0
HK.00388,489,367.0,362.20001220703125,1.3252312620644273,0.8395280516278035,5769199.55,2117296234.85,1.9704166812079822,401.66400146484375,411.50850692749026,-8.204099248235545,-7.3232323232323235,-6.977275218367389,-10.333077163911472,-6.478120276363342,1
HK.00389,489,0.19900000095367432,0.19900000095367432,0.0,0.4047225603852959,100666.45,20032.62364600301,5.396717976997982,0.2370799994468689,0.3631450040638447,-0.5000010058283656,-30.17543738568587,-53.72093078057271,-53.72093078057271,-53.72093078057271,0
HK.00390,489,3.3299999237060547,3.3499999046325684,-0.5970143730110731,0.6720968907416842,30800559.05,102565859.28660384,3.0701808477113524,3.7086000061035156,3.9888379526138307,-5.128207044053164,-22.73781976993437,-10.723863091743086,-13.953487799005861,-4.787376799735666,0
HK.00391,489,0.09600000083446503,0.09799999743700027,-2.0408129131033443,0.39523574264438904,12154575.0,1166839.2101425678,5.203880460115458,0.10014000087976456,0.0984600006043911,-3.030301661968662,-1.0309298938791562,-4.000000596046439,-4.950497532788271,-2.0408129131033443,0
HK.00392,489,27.559999465942383,27.34000015258789,0.8046792689343418,0.6957362823484284,1964753.6,54148608.16670838,2.4122567822056995,30.02743927001953,32.275806951522824,-8.311824813590537,-15.292884694165403,-16.346074018563982,-11.582300203944676,-12.183675912797366,1
HK.00393,489,1.3200000524520874,1.3200000524520874,0.0,0.807570977917981,157900.0,208428.0082821846,1.1178117285093714,1.341381332874298,1.312161327600479,-0.7518789579387514,-0.18278699460211803,-1.6087507281847577,-2.306562730548195,10.092250913337233,0
HK.00396,488,0.24400000274181366,0.2549999952316284,-4.313722625689836,0.3109069171579276,1162866.8,283739.5023883641,8.37271659529265,0.3246804827451706,0.19319596964865923,17.874396170041685,5.527432773525706,126.13020475859697,141.20556506655095,191.88437291358377,0
HK.00397,489,0.03500000014901161,0.03700000047683716,-5.405406221758272,3.965328551566568,1973749.0,69081.21529411152,5.980427550713878,0.04239751987159252,0.04657438000664115,-12.49999767169351,-23.913043302207456,-18.604653580502003,-22.22222498169641,-44.44444510146212,0
HK.00398,489,3.2799999713897705,3.259999990463257,0.6134963492337805,1.3328593775750024,461457.35,1513580.0947975991,1.2457014454215753,3.2679999828338624,3.301237766742706,1.2345667202249964,-2.958584013766768,-2.0545013523528945,-5.257081262235566,-2.973326143307853,1
HK.00399,488,0.0729999989271164,0.0729999989271164,0.0,,0.0,0.0,0.0,0.08073999926447868,0.17242499971762298,0.0,-57.05882461219509,-31.132075670627824,-16.09195284176285,-63.681593478243784,0
HK.00400,489,4.78000020980835,4.599999904632568,3.9130501936425373,1.0369898550392174,13227223.45,63226130.86618192,8.232034813965711,3.3368000173568726,3.0975500082969667,41.420119762303734,78.35821234109692,54.692567721101796,58.803994184487664,236.61974325844164,2
HK.00401,489,0.11999999731779099,0.11999999731779099,0.0,0.016168266164045573,3712960.25,445555.22004106455,10.717260810494182,0.16490000024437904,0.1292909399792552,-36.84210588231973,1.694912364756178,0.0,27.65957598585848,51.8987237910514,0
HK.00403,489,0.16500000655651093,0.16500000655651093,0.0,0.4416761041902605,180500.0,29782.501183450222,4.114857282944766,0.16139999866485596,0.16747999988496304,1.2269963327602937,7.8431435568156935,0.0,6.451616314521787,-15.816320983792934,0
HK.00406,489,0.5,0.5400000214576721,-7.407411086706321,7.213114754098361,8300.0,4150.0,2.481896958965266,0.6754000043869018,0.7139000046253204,-16.66666997803569,-31.50685110466183,-27.536231633670887,-33.33333333333333,-39.0243897120347,0
HK.00408,489,2.0799999237060547,2.0999999046325684,-0.9523800873701953,0.20776826047647107,143817.75,299140.90902757645,3.8919733438895237,2.211956572532654,1.9438415402173996,0.08804014649035999,-0.36690242510545856,12.985987339677049,16.591921419162507,42.69864375676914,0
HK.00410,489,0.3400000035762787,0.36000001430511475,-5.555558315029741,1.665202154383716,1235662.5,420125.25441907346,4.11418029269887,0.4199999982118607,0.5002499967813492,-19.047615668670826,-26.881720223362315,-37.037038876686495,-35.849052466035474,-35.849052466035474,0
HK.00411,489,10.850000381469727,11.0,-1.3636328957297585,0.2960222016651249,6856.25,74390.31511545181,0.1633685791714766,12.059999961853027,11.73123568534851,-10.33057818671051,-13.199996948242188,-0.19403170477003234,-2.4119421113306982,8.91751666855742,0
HK.00412,489,0.5,0.4950000047683716,1.0101000370632516,0.8823783850452077,9075622.1,4537811.05,9.970736509968773,0.9976999878883361,2.67222499191761,-40.476188617768955,-64.78873133020865,-68.94409965481877,-64.78873133020865,-96.38728327682492,1
HK.00413,489,0.026000000536441803,0.02500000037252903,4.000000596046439,1.3764403267898742,1632701.55,42450.24117584936,3.716551812954622,0.024400000274181367,0.03104500038549304,-7.1428580931862715,-3.703704214717449,-23.529414342761314,-21.212119159619657,-18.75000218278718,3
HK.00417,489,0.7200000286102295,0.7099999785423279,1.4084577986089954,1.5515610217596973,226300.0,162936.00647449493,3.5573658903957845,0.7636000001430512,0.9922000014781952,2.857148695965302,-6.493500461665078,-25.773195116106155,-21.739128744669838,4.347830593924006,1
HK.00418,489,0.6200000047683716,0.6200000047683716,0.0,0.13171759747102213,71420.0,44280.4003405571,3.681664904861685,0.7106000030040741,0.7642000010609626,-7.462688160516194,-8.82352966957026,-29.545453621828848,-23.45678976006923,-43.63636442452421,0
HK.00419,489,0.4449999928474426,0.41999998688697815,5.952382557381357,0.5461321160084931,1211406.75,539075.9950853437,5.64178844098982,0.4046999996900558,0.40693499743938444,-3.2608728750215663,74.50980437988962,14.102566453832226,21.917803074097225,11.249996554106525,1
HK.00420,489,0.6499999761581421,0.6499999761581421,0.0,0.2677988242978446,246300.0,160094.9941277504,3.5887926531205183,0.6624859404563904,0.611454943716526,-1.841937038437866,5.483294658411288,21.851402875732397,12.180652039579485,10.42783077141179,0
HK.00422,489,0.2800000011920929,0.25999999046325684,7.6923121009354265,0.3746397694524496,93450.0,26166.00011140108,2.2495608031067293,0.2697999984025955,0.3046749998629093,7.6923121009354265,0.0,-5.084741139541855,1.8181800448205245,-43.99999976158142,1
HK.00423,489,0.699999988079071,0.6899999976158142,1.449273985189887,0.48109965635738833,119200.0,83439.99857902527,1.8973289278139016,0.74299999833107,0.7728861531615258,-5.405408235428679,-10.256408492959162,-5.405408235428679,-6.66666825612386,-5.897487199782116,1
HK.00425,489,26.5,26.520000457763672,-0.07541650610272439,0.735587311774759,6575880.5,174260833.25,5.251730198892215,34.739200057983396,34.987799882888794,-29.894178479193194,-26.060268171939388,-15.605094516111418,-21.22473103208655,33.29980442000241,0
HK.00426,489,0.14499999582767487,0.1340000033378601,8.20894941478471,0.26698134080684416,1362300.0,197533.49431604147,11.355836112714773,0.12940000012516975,0.09863500040024518,15.999996662139893,14.1732214174031,40.776694815394144,62.921340789717995,215.21738162140994,1
HK.00430,488,0.38499999046325684,0.38499999046325684,0.0,0.0,3100.0,1193.4999704360962,0.12820501064172196,0.3849360018968582,0.3956284411251545,-1.785721616824566,-0.5425007974103468,-4.181188623108252,-5.335627142522888,-1.1372942374903259,0
HK.00431,488,0.009999999776482582,0.009999999776482582,0.0,,0.0,0.0,0.0,0.009999999776482582,0.009999999776482582,0.0,0.0,0.0,0.0,0.0,0
HK.00432,489,0.21699999272823334,0.2199999988079071,-1.3636391345134602,0.9551999453838204,376500.35,81700.5732121773,3.401130075330474,0.26191999673843386,0.2314149983227253,-13.200002908706665,-21.090913445496266,10.152282305755797,14.210523921697064,9.045221953918121,0
HK.00433,489,0.07100000232458115,0.06700000166893005,5.970150083602185,0.5012132680839556,33962775.0,2411357.1039492264,11.227341216419203,0.06638000026345253,0.07217500030994416,-12.345676400497588,-18.39079957749212,-2.7397214136017394,-10.126583472292943,97.2222371693753,1
HK.00434,489,2.069999933242798,2.0999999046325684,-1.428570131055293,1.5565725429273924,1917620.9,3969475.134984994,5.944385886360387,2.551608567237854,3.842235884666443,-8.463187472937353,-23.441941695590547,-41.35524351003857,-41.19143474746624,-59.8981589254702,0
HK.00436,489,0.05000000074505806,0.05000000074505806,0.0,1.4705882352941178,146000.0,7300.000108778477,2.398290544720625,0.06021294206380844,0.06488741317763924,-24.242422703048078,-19.99247360964751,-24.698801331858476,-24.698801331858476,-25.790117500414954,0
HK.00438,489,1.2799999713897705,1.2799999713897705,0.0,0.11684080440399955,44725.0,57247.998720407486,6.204479500792326,1.5295999979972839,2.0113999897241595,-14.093962201534744,-34.02062197752229,-35.02538310657952,-35.35353742124059,-40.4651202505635,0
HK.00439,489,0.550000011920929,0.5600000023841858,-1.785712575121809,0.75805672609208,207805.25,114292.88997723162,8.55522911524031,0.6915999984741211,1.0926000013947488,-28.571425253915795,-32.098764160242304,-55.99999904632569,-52.58620450456978,-51.754384313814064,0
HK.00440,489,38.2599983215332,38.20000076293945,0.15706166857451456,0.5288036285691448,232633.4,8900553.493532563,2.8023040405555255,40.14864936828613,36.897938919067386,-6.5751802336694265,-0.9258099491156684,11.500259806327001,11.374982232645737,41.912338793363745,1
HK.00442,489,0.6800000071525574,0.6200000047683716,9.677419664956526,2.4161073825503356,115550.0,78574.000826478,3.1642594681256964,0.7378000032901764,0.8194409471750259,-2.8571401810159034,-16.049382080121152,-9.333332379659016,-12.820508705793602,-2.8571401810159034,2
HK.00444,488,0.009999999776482582,0.009999999776482582,0.0,,0.0,0.0,0.0,0.009999999776482582,0.009999999776482582,0.0,0.0,0.0,0.0,0.0,0
HK.00450,489,0.7300000190734863,0.7200000286102295,1.3888875091517963,0.4918032786885246,147000.0,107310.00280380249,2.021240171825447,0.7643285489082337,0.8257418376207352,-5.194800369332063,-11.668100715678206,-13.609468123437054,-14.548493023146774,-15.467323894744487,1
HK.00451,489,0.8399999737739563,0.8899999856948853,-5.617978957818797,0.6461408640209112,6172400.15,5184815.964122364,7.677161972604586,0.9041999948024749,0.9854000011086463,-11.578949019519266,-18.446602222663053,18.30985903668985,-14.285718630076067,88.7640420843624,0
HK.00455,488,0.08699999749660492,0.0860000029206276,1.1627843511822382,3.8450074515648285,75500.0,6568.499810993671,2.101914348440347,0.09334000021219253,0.11513500101864338,2.3529371547039415,-5.434785513577022,-20.183486614792397,-37.410073099308626,-42.00000397364283,2
HK.00456,489,0.4650000035762787,0.5,-6.999999284744263,0.2047082906857728,39480.0,18358.200141191483,4.425499077985636,0.520299996137619,0.49677499771118167,-6.999999284744263,16.249999161809694,6.896551960383053,6.896551960383053,0.0,0
HK.00458,489,2.0,2.0,0.0,5.82995951417004,1993.75,3987.5,0.20448728574881656,1.7332879376411439,1.6953554379940032,18.161415980511258,12.707804228050158,23.4720357507179,22.100130133177455,-5.673717236417741,0
HK.00460,489,0.8899999856948853,0.8299999833106995,7.228916095257991,1.3577157391314254,25134983.7,22370135.133441173,4.514214179885177,1.0762000024318694,1.3621886429190635,-7.2916660845900445,-35.507247190569615,-31.00775100671786,-30.468749563442532,-19.983698491762166,1
HK.00464,489,0.7900000214576721,0.7900000214576721,0.0,0.13213929204937988,2755740.0,2177034.6591317654,11.017306056194567,0.6362000006437302,1.080700000077486,58.000004291534424,2.597407925529181,-50.0,-48.70129603723541,97.50000242143867,0
HK.00465,489,3.5299999713897705,3.549999952316284,-0.5633797519761711,0.1106108412805332,680875.0,2403488.73052001,14.081466773809442,3.442599980831146,1.2880499981343747,-25.68421112863641,390.2777543222472,605.9999942779541,390.2777543222472,1117.2414044704512,0
HK.00467,489,0.3499999940395355,0.36000001430511475,-2.777783296726149,2.0460837054060206,56787157.4,19875504.751522165,4.9867739504892095,0.45950000047683714,0.5219999983906746,-23.913046154272756,-45.31249970896169,-21.348314681990463,-25.531915972922498,-54.54545419359713,0
HK.00468,488,2.2799999713897705,2.2799999713897705,0.0,,0.0,0.0,0.0,2.2799999713897705,2.2799999713897705,0.0,0.0,0.0,0.0,0.0,0
HK.00470,90,31.479999542236328,31.040000915527344,1.4175213071236765,0.7888245801917366,2579432.55,81200535.49322948,7.127823741127741,48.350851974487306,,-40.265656382353974,-25.322352646062146,,-30.833495515148957,,1
HK.00471,489,0.16099999845027924,0.15299999713897705,5.228759124770055,0.3819002209292778,1211647.8,195075.29392228424,4.811739682255779,0.23475999921560287,0.5728146969527006,-1.2269963327602937,-74.84374967985786,-76.32352988870498,-77.32394319492491,-70.72727364350939,1
HK.00472,489,0.25,0.24400000274181366,2.45901524211669,0.3508771929824561,387000.0,96750.0,4.398743169667732,0.27557999938726424,0.28068999961018565,-13.793100967701989,-10.714286094417377,-27.536231633670887,-28.571427355007227,38.888883369940515,1
HK.00474,489,0.11400000005960464,0.11500000208616257,-0.8695669638411668,0.5162848888375917,8373490.0,954577.8604990989,5.37721277312165,0.11297999992966652,0.10616499964147806,4.587158534414711,-4.201682829417396,-8.799999952316284,-4.999997826913944,322.22221149093355,0
HK.00475,488,0.48500001430511475,0.47999998927116394,1.041671905356266,2.286634460547504,180600.0,87591.00258350372,7.899002762004035,0.40660000026226045,0.44435000061988833,7.777783811828397,22.784810413097148,16.867475676457076,-2.999997138977051,-16.379305472271763,2
HK.00476,488,0.5,0.5,0.0,0.0,68947.9,34473.95,2.1136303274243016,0.5252999997138977,0.7725249981880188,-1.960782480441495,-16.66666997803569,-44.44444297272478,-39.0243897120347,21.951220575930613,0
HK.00480,489,0.9800000190734863,1.0,-1.9999980926513672,0.47303095153489405,349682.8,342689.1506696701,3.9720479028017452,1.121199996471405,1.1102000045776368,-9.259261098908716,-18.333334989017843,-1.9999980926513672,-10.909091106131052,8.888893892735743,0
HK.00482,489,0.5899999737739563,0.6600000262260437,-10.606068131899294,0.36785837452580755,52368.75,30897.561126574874,1.4166217577506988,0.7187999951839447,0.7522276452183724,-22.3684235292789,-32.61794242786533,-13.750888103258896,-0.48190869341848225,-27.318241764341817,0
HK.00483,488,0.17599999904632568,0.17599999904632568,0.0,0.0,400.0,70.39999961853027,0.7871487101454457,0.23098000138998032,0.2723699977993965,-32.307690191550996,-34.814817758253945,-37.1428577510678,-42.29508363313166,-34.814817758253945,0
HK.00484,488,0.6499999761581421,0.6100000143051147,6.557370641801303,1.7572171418325264,29435.0,19132.749298214912,2.7393673474668088,0.7529999959468842,0.8210999974608422,-15.584416589722485,-26.96629363980926,-23.529416714572438,-22.619048041416146,-13.33333651224772,1
HK.00485,488,0.39500001072883606,0.39500001072883606,0.0,0.0,1000.0,395.00001072883606,0.0,0.38880000412464144,0.398600000590086,11.267612018748096,-19.387754481417705,6.7567582806154425,-5.9523754615900915,178.16901253261074,0
HK.00486,489,3.0999999046325684,3.009999990463257,2.9900303805469446,0.1910524354988162,476832.35,1478180.2395257233,5.34117407593985,3.881799998283386,4.5096500051021575,-14.600556283728347,-23.645321469875224,-34.5991549720839,-35.81780634369159,-18.42105411756734,1
HK.00487,489,0.04399999976158142,0.0430000014603138,2.3255773658299925,0.10202222627072327,1091200.0,48012.79973983765,4.6841818149056875,0.04360000006854534,0.07181000020354986,0.0,-8.333334626836898,-18.518521073587245,-8.333334626836898,-62.39316217545239,1
HK.00488,489,0.7200000286102295,0.7200000286102295,0.0,0.0360843342440332,18220.8,13118.976521301269,2.8300487130873497,0.8460000121593475,0.6924000066518784,-8.860758347611412,12.500006984919466,16.129035979478314,18.03278880745961,30.909093273572637,0
HK.00491,489,0.02199999988079071,0.023000000044703484,-4.3478267911701876,0.25436520500205995,512016.85,11264.370638962835,3.265144774925787,0.027959999963641166,0.03258999996818602,-21.428574279558816,-21.428574279558816,-37.1428577510678,-37.1428577510678,-50.0,0
HK.00493,489,0.009999999776482582,0.009999999776482582,0.0,1.2086188758376064,55687532.75,556875.3150528665,10.941726734340115,0.01234000016003847,0.015360000026412308,-16.666669253673795,-28.571432372745086,-37.50000436557436,-33.33333333333333,-47.36842053666337,0
HK.00495,488,0.012000000104308128,0.012000000104308128,0.0,,0.0,0.0,0.0,0.012000000104308128,0.012000000104308128,0.0,0.0,0.0,0.0,0.0,0
HK.00496,488,0.20000000298023224,0.20399999618530273,-1.9607810195433113,0.0,36450.0,7290.000108629465,8.887231577996209,0.29315999925136565,0.3768149998784065,-31.034479746495276,-38.46153528732649,-54.02298807263107,-51.807227228493836,-36.507935081269515,0
HK.00497,489,0.1889999955892563,0.19200000166893005,-1.562503152914939,0.28512474207465766,313437.5,59239.68611750752,0.4857136079226941,0.20568000078201293,0.1961049997806549,-6.896551217898366,-10.426540451709997,9.883714634109362,7.3863617121434295,11.83431707449117,0
HK.00498,488,0.07100000232458115,0.07100000232458115,0.0,,0.0,0.0,0.0,0.081340002566576,0.1330600006505847,0.0,-44.9612356089718,-55.34590891416546,-54.19354723966086,-28.282825546159547,0
HK.00499,489,0.17800000309944153,0.1850000023841858,-3.7837833483955876,2.462818746661419,196945.0,35056.21061041951,2.9513267689648135,0.18138000056147574,0.13163000043481587,-2.732237856408501,58.92856929033089,72.81553678973724,52.13675649095225,57.522129378609044,0
HK.00500,489,0.0560000017285347,0.050999999046325684,9.803927011189312,0.8409551542596928,588559.1,32959.310617344825,9.373409770508594,0.0659000001847744,0.07535500038415194,-12.500001455191454,-24.32432296373621,-28.20512747035696,-29.999996274709616,-50.877191491881376,1
HK.00505,488,0.8999999761581421,0.9399999976158142,-4.255321442460307,0.0,68210.0,61388.99837374687,1.6330977606521013,0.9662000024318695,0.9739500018954277,-10.000002384185791,-3.2258097595362787,-7.2165000399412556,-2.1739174096029172,-8.163269526359606,0
HK.00506,489,3.190000057220459,3.0899999141693115,3.236250674072611,1.2915497393268176,3998015.1,12753668.397768259,2.9148921763519122,3.363376569747925,3.831030988693237,-5.028641184632985,-14.670409311732216,-24.78777854452496,-21.814280026006138,14.743550052750114,1
HK.00508,489,0.375,0.3700000047683716,1.3513500451867637,0.40520628683693516,371950.0,139481.25,5.083158260582345,0.47570000171661375,0.47404999926686286,-10.714282926653432,-36.44067514083113,-7.4074076799480775,-5.063293717874323,-6.2500013969838415,1
HK.00509,488,0.17000000178813934,0.17000000178813934,0.0,,0.0,0.0,0.0,0.17000000178813934,0.17000000178813934,0.0,0.0,0.0,0.0,0.0,0
HK.00510,488,0.6299999952316284,0.6299999952316284,0.0,0.32169250315482883,123895.05,78053.88090922237,4.762507748204069,0.466700000166893,0.5696999999880791,53.6585367626551,-8.695652549493667,23.52941313966888,27.27272508339232,170.3862694430579,0
HK.00511,489,2.240000009536743,2.2200000286102295,0.9009000301245093,0.7359803813473919,636858.05,1426562.0380735518,3.515676750717694,2.6207999897003176,3.020249983072281,-11.462449214721754,-19.71326020918624,-27.035828721642265,-28.43450710426402,-34.502925158876,1
HK.00512,489,4.769999980926514,4.570000171661377,4.37636327686239,1.2204707814251732,5087794.7,24268780.621958017,3.3725586168100494,5.464051675796509,7.15734368801117,-5.817618012370022,-28.579496333202275,-39.815163266331375,-36.7287615777673,-44.61103755507105,1
HK.00513,488,0.10400000214576721,0.10400000214576721,0.0,0.0,24600.0,2558.4000527858734,1.5899468043060516,0.16963999792933465,0.1506349991261959,-42.5414334621145,-14.754097559733351,-19.999995415027158,-20.61068372330204,-37.34939391319858,0
HK.00515,488,0.17299999296665192,0.17299999296665192,0.0,,0.0,0.0,0.0,0.17299999296665192,0.17630999378859996,0.0,0.0,0.0,0.0,-38.21428848924685,0
HK.00517,489,5.400000095367432,5.309999942779541,1.694918146096621,0.6443946346771671,2279597.7,12309827.79739938,2.2970715514352444,5.886241617202759,6.0005089282989506,-7.051646870125178,-18.167945517465785,-10.140120244081091,-9.567763362259308,15.54774781485009,1
HK.00518,489,0.21699999272823334,0.23999999463558197,-9.583334342266145,14.622641509433961,36100.0,7833.6997374892235,1.105519760298649,0.21011999994516373,0.20216976322233676,10.152282305755797,15.425531999214359,11.855663055567504,11.855663055567504,7.896593223017577,0
HK.00519,489,0.1459999978542328,0.14399999380111694,1.3888917633414033,0.03115263827020615,311500.1,45479.0139315933,3.630080649944347,0.15098000019788743,0.1976699997112155,1.3888917633414033,-18.888893304047585,-32.09302538339994,-31.132075670627824,16.79999828338623,2
HK.00520,489,0.27000001072883606,0.2750000059604645,-1.8181800448205245,0.5310174272052683,1383361.3,373507.5658418566,6.896417805343806,0.36929999947547915,0.6839999969303608,-25.0,-50.90909002241026,-66.2499991618097,-63.51351253389007,-64.47368235304083,0
HK.00521,489,0.24799999594688416,0.24799999594688416,0.0,0.24220011557486765,7045218.25,1747214.0974449143,5.2768688108945545,0.25083999812603,0.26784999869763854,1.224486171479397,-20.000001922730462,5.084743408319849,-0.8000016212463379,92.24806900000381,0
HK.00522,489,217.0,195.10000610351562,11.225009334374256,1.0828565377995185,4593001.75,996681379.75,7.303167523910351,178.69224853515624,111.92592094421387,11.855670103092782,107.6268072870286,177.01128502581452,168.99433111755036,313.28849867113996,1
HK.00524,489,1.6200000047683716,1.5199999809265137,6.578949019519266,0.1374376097675535,778254.45,1260772.2127110064,10.7541805566418,1.4780000019073487,0.6345750004053116,-16.92307871004059,252.17390769145447,458.62070737355725,511.3207895164196,390.90907284707805,1
HK.00525,489,2.0399999618530273,2.0399999618530273,0.0,0.9042603067184154,5672579.4,11572061.759608269,2.539272345288492,2.1979841566085816,2.177251064777374,-6.907310084549997,0.996785503379217,0.05287739810459903,-0.8735392066203711,18.618672322845832,0
HK.00526,489,0.12999999523162842,0.13500000536441803,-3.7037110623015317,2.0823274528009903,1680000.0,218399.99198913574,8.739076802851438,0.12171999931335449,0.09828000005334615,-8.45071058073706,11.111108280881032,56.62650624040009,51.162780019449485,8.333331781129008,0
HK.00527,489,0.6299999952316284,0.6299999952316284,0.0,2.9825361200729414,2444480.0,1540022.388343811,5.6280934314367315,0.6425999963283539,0.6767500001192093,-9.999999148505061,-7.3529428522066915,-1.5624985448084445,4.999995032946466,31.250001940255405,0
HK.00528,488,1.1399999856948853,1.1399999856948853,0.0,0.6143344709897611,120800.0,137711.99827194214,1.0930582265886108,1.1478000068664551,1.1349999937415123,5.555550036607185,-6.557380413054316,2.7027000903735274,8.571432139597944,0.8474634361213969,0
HK.00529,488,1.809999942779541,1.8700000047683716,-3.2085594564617397,,2100.0,3800.999879837036,0.0,1.8670000052452087,1.9990000009536744,-3.2085594564617397,-22.317596478690493,-11.274510949724066,-16.589867320614747,7.730588456250009,0
HK.00532,489,0.4099999964237213,0.4050000011920929,1.2345667202249964,0.29864187939067727,7906040.0,3241476.3717257977,18.366663500328777,0.5066999965906143,0.3483249984681606,-39.70588351306617,57.692312100935425,30.158730008554684,26.153849680748344,65.32258190501496,1
HK.00533,486,0.8999999761581421,0.9100000262260437,-1.0989065691980104,0.12200081333875559,233550.0,210194.99443173409,1.5885753181613442,1.0046744918823243,0.9591143003106117,-4.792748621419007,-3.7905683689361576,-3.7905683689361576,-5.774271270611009,-2.7987182390605945,0
HK.00535,489,0.09399999678134918,0.09700000286102295,-3.0927896816374685,1.1665854964351674,3852646.1,362148.7209996775,6.755087965592359,0.11839999943971634,0.16235000029206276,-23.577240500070843,-41.250000698491945,-47.77778164104164,-41.250000698491945,-63.84615375798129,0
HK.00536,489,1.100000023841858,1.100000023841858,0.0,0.513874614594039,732000.0,805200.01745224,1.7161843152776028,1.113531973361969,1.0253366845846177,-2.222230463851244,6.748210117739825,11.880344191290023,11.880344191290023,29.59481523495222,0
HK.00538,489,0.7900000214576721,0.7900000214576721,0.0,1.9749045280960174,461350.0,364466.50989949703,2.1920195213967606,0.8421105420589448,0.8337756413221359,-5.340457581079634,-0.08159173465098368,2.1892743521208975,1.0410875234239736,8.345257250891759,0
HK.00540,488,0.20999999344348907,0.20999999344348907,0.0,0.0,3000.0,629.9999803304672,0.047619145608546055,0.21263999700546266,0.1813900002092123,0.0,25.748502299418764,46.85313541257666,10.526313725600916,20.68965487710738,0
HK.00542,488,0.6899999976158142,0.6899999976158142,0.0,0.0,574000.0,396059.99863147736,3.446961489557686,0.8480000019073486,0.9796250031888485,-17.857140576352805,-50.0,-15.853658093362244,-18.82353196919576,129.99999006589294,0
HK.00543,489,0.25,0.25999999046325684,-3.8461503192516595,0.7494484527792827,161267.75,40316.9375,3.4798337780458612,0.28197546899318693,0.2920800219476223,-12.280700653653822,-8.613421392757758,-8.613421392757758,-10.06400667116314,-25.447789640073477,0
HK.00544,488,1.6100000143051147,1.6100000143051147,0.0,0.0,39552.0,63678.7205657959,2.024264004645333,1.7671999907493592,1.7805000042915344,-11.049720154537395,-5.294119462009894,-17.435898721257264,-15.263156078528805,155.5555597604688,0
HK.00546,489,4.809999942779541,4.699999809265137,2.340428467625901,0.8900708834191112,6842263.2,32911285.60048256,4.642590831026997,5.920749807357788,7.657974414825439,-17.775130046240836,-40.857541813296926,-37.94153660586447,-39.32231904175074,-28.498908909038047,1
HK.00547,489,0.2199999988079071,0.20499999821186066,7.317073525310204,0.01828604448890962,24105652.0,5303243.4112638235,10.269583149640834,0.2471399971842766,0.30818500004708765,-4.347828340440215,-18.518522197817433,-37.14285641300434,-43.589741826292496,-42.857141751305264,1
HK.00548,489,6.519999980926514,6.429999828338623,1.3996913684388819,0.3009562295398522,949983.2,6193890.445880508,2.391277733702374,7.0158000087738035,7.280850009918213,-5.370100039607244,-14.547839015278164,-11.772664428650675,-8.426965088152592,-0.7263454376143593,1
HK.00550,489,1.0499999523162842,0.9700000286102295,8.247414571799014,1.2318920712153048,1922100.0,2018204.9083471298,9.475215920642292,1.1592000007629395,0.4717500013485551,-11.764714132130367,128.2608550584161,660.8695497246903,774.9999798213437,683.582034448815,3
HK.00551,489,12.550000190734863,12.59000015258789,-0.3177121633696351,0.49934369730432676,3927798.95,49293877.5716682,3.572450612968071,13.826828899383544,14.514282426834107,-8.810681757769396,-16.495179776795986,-20.655561508566002,-16.23373585346194,19.063133106202244,0
HK.00552,489,3.950000047683716,3.9200000762939453,0.765305377701246,0.8518400196248519,11801911.3,46617550.19775899,3.2106221211815082,4.056585431098938,4.225215481519699,1.7812500979108845,-2.014784100745652,-8.219087547933261,-9.600741680376835,-2.7096541496510116,1
HK.00553,489,3.240000009536743,3.1600000858306885,2.531643086491392,0.3955581531268264,6353450.0,20585178.06059122,5.781473200512801,4.279587922096252,4.866655403375626,-17.921253224371306,-36.76423138607488,-25.28003057078291,-32.70562265080784,-31.4278778271305,1
HK.00554,489,0.2029999941587448,0.20200000703334808,0.49504311414783325,0.01896505603083566,2103942.2,427100.2543103367,3.961184606526337,0.19977999955415726,0.2337050002068281,1.499995566904611,3.571428299905948,-18.800002336502075,-21.923076305869042,-31.186439599226436,1
HK.00556,489,0.6499999761581421,0.6299999952316284,3.174600171093715,0.46199701937406856,1040800.0,676519.9751853943,7.583994071483731,0.5471999943256378,0.5147445863485336,25.0,-16.666666666666664,109.67741005130422,19.354836238276913,138.70967247655383,2
HK.00557,488,0.6000000238418579,0.6700000166893005,-10.447759866236506,96.89244679335225,22559.95,13535.970537871122,1.7725134801990288,0.5321000039577484,0.6890499967336655,26.315796078077064,17.647065698344395,-22.077917051387566,-14.285709420028917,-19.99999682108561,0
HK.00558,489,1.4199999570846558,1.9500000476837158,-27.17949116096763,6.007413970442217,2843094.75,4037194.42298761,5.987513367933035,2.578399999141693,3.3664733928442003,-42.2764254038675,-48.55072601481012,-58.235293622660365,-59.659091909685415,-48.184756104563256,0
HK.00559,488,0.12600000202655792,0.12600000202655792,0.0,,0.0,0.0,0.0,0.12600000202655792,0.13204000134021043,0.0,4.132233644051281,12.499998336924026,35.4838699340159,1.6129065208083302,0
HK.00560,489,0.6700000166893005,0.6700000166893005,0.0,1.006993006993007,68700.0,46029.00114655495,1.6223188422521895,0.6799514329433441,0.725978498160839,-2.189778925938227,-7.476816597376218,-9.91163662782194,-11.081615095266182,-9.95606880444538,0
HK.00563,489,0.2280000001192093,0.22200000286102295,2.702701432820465,0.2180976740680979,2263950.0,516180.6002698839,3.783370790941064,0.2698599997162819,0.30526500202715395,-15.55555886692458,-21.37930804143756,-29.846151236246225,-27.619047033363277,-22.71186093084073,1
HK.00564,489,12.289999961853027,12.430000305175781,-1.126310055394436,0.9004186314906059,1763959.65,21679064.031210277,3.5108187781903966,15.411925411224365,18.391434845924376,-19.255151110735174,-32.19712072133388,-36.42678443819121,-35.63592134186553,-11.652505495239264,0
HK.00565,489,3.0999999046325684,2.859999895095825,8.391609032863334,1.257063533665083,8996542.3,27889280.27202287,6.335572167618597,2.8779999923706057,2.0210999977588653,8.771930118089982,3.3333301544189453,96.20252028047983,123.02157816806194,174.33627590388863,2
HK.00567,489,0.2549999952316284,0.23100000619888306,10.389605363076136,1.3167082294264338,1014500.0,258697.49516248703,6.05633084364661,0.3165000003576279,0.17735500041395424,-20.31249970896169,1.9999980926513672,199.99999123461117,174.19353675767883,157.57575415492164,1
HK.00568,489,4.159999847412109,4.019999980926514,3.482583759946414,0.5092972571655034,82333574.7,342507658.1888935,9.852847665487802,6.5470000171661376,5.50005002617836,-22.388064481548582,-62.85714358699567,29.192540697199597,28.79256417482592,-26.371685359386255,1
HK.00570,489,1.3899999856948853,1.340000033378601,3.7313396321503887,1.1401508101285547,14520523.9,20183528.01328224,3.0997250558960725,1.5977999997138976,2.0251500010490417,-10.897433546167774,-26.063830360615075,-35.94470337213952,-34.43395939956302,-35.76361764490058,1
HK.00571,489,0.04100000113248825,0.041999999433755875,-2.3809483684514388,1.0734165217885665,205533.3,8426.865532764046,3.805655126028092,0.048599999770522116,0.04923499993979931,-12.765952050280957,-14.583331716453879,-6.818178739429488,-6.818178739429488,-25.454542991543587,0
HK.00572,488,0.36000001430511475,0.38999998569488525,-7.692300638503319,0.0,28371.7,10213.812405860424,1.804981952073369,0.401599999666214,0.46234999775886537,-7.692300638503319,-15.294116657085514,-23.404252081232507,-23.404252081232507,-48.571425652017346,0
HK.00573,489,0.25999999046325684,0.2549999952316284,1.960782480441495,2.3636363636363638,158750.0,41274.99848604202,2.3289158558164402,0.2796999979019165,0.3129499998688698,-1.8867907552966041,-7.1428609441737585,-21.212127232792163,-20.0,-16.129035979478314,1
HK.00574,489,0.019999999552965164,0.02199999988079071,-9.090910630285256,0.748843523830503,2847550.05,56950.99972704593,11.912582495550561,0.03539859984070062,0.04623236504383385,-45.9459478507693,-56.521740186755274,-56.521740186755274,-57.446808004713844,-33.33333333333333,0
HK.00575,489,0.9800000190734863,0.9700000286102295,1.0309268214748768,0.3849560510362716,454729.45,445634.86967327597,7.36360693991645,0.6944000005722046,0.811499999165535,63.33333002196431,18.0722938287863,-11.711711131194118,-4.854364437391164,-8.411217660443162,2
HK.00576,489,6.190000057220459,6.190000057220459,0.0,0.8172723392096246,5423223.6,33569754.39431934,2.2713619113821393,6.7980952548980715,6.833460175991059,-7.886901034502504,-3.7233330487859777,-11.358175050753694,-8.276053138309344,-7.891730998467389,0
HK.00579,489,1.7799999713897705,1.7629400491714478,0.9676972411138218,1.177654422742786,7353001.45,13088342.370628942,2.1450738359970942,1.955862262248993,2.0922118282318114,-8.758548087560184,-16.073259313950757,-14.264490816793494,-13.518965599923828,-15.602567737378697,1
HK.00580,489,2.7799999713897705,2.799999952316284,-0.7142850452539758,0.9635719872659005,18044220.3,50162931.917750716,8.876161354187797,2.23805166721344,2.009151108264923,-0.2988682970107698,56.833242689216256,38.19959294514099,41.707190176986856,133.8413360855093,0
HK.00581,489,1.1399999856948853,1.1100000143051147,2.7027000903735274,0.8637609199709582,2149650.0,2450600.96924901,3.907918350893013,1.2599999928474426,1.3521499997377395,-7.317075770973953,-14.285718127044653,-13.636368151866849,-14.285718127044653,-6.557380413054316,1
HK.00582,489,0.04399999976158142,0.04100000113248825,7.3170696249468685,0.4752455059791776,866990.5,38147.58179329336,7.043001240548034,0.06792000018060207,0.11019949520006776,-32.307690191550996,-64.80000019073486,-63.33333271245161,-62.71186483485094,-70.86092597596196,3
HK.00583,489,0.19900000095367432,0.19900000095367432,0.0,9.383592017738358,326300.0,64933.70031118393,1.4374635269484015,0.22415999829769134,0.22283999867737292,-17.08333108263706,-19.433196011387384,-8.715593696453222,-18.442623476424988,-18.442623476424988,0
HK.00585,489,6.199999809265137,7.050000190734863,-12.056742673380354,0.3957284433494662,10832446.85,67161168.40387473,11.73340069081276,3.569000015258789,1.5668999993801116,94.35735730573558,604.5454366886911,839.3938731665589,674.9999646097427,1341.8603967756383,0
HK.00586,489,10.760000228881836,10.100000381469727,6.534651707766251,1.7073464778586043,11254236.65,121095588.92989035,5.55338349734863,11.1157999420166,10.83808898448944,1.3182706669622877,-2.1818161010742188,9.017227493841458,12.083331263727693,22.57889985692745,4
HK.00587,489,0.30000001192092896,0.29499998688697815,1.6949238156632322,0.2623527121387895,1151087.9,345326.3837220371,5.652789889698638,0.41660000026226046,0.5344249974191189,-26.82926474689796,-43.39622111030189,-46.42856952791312,-46.42856952791312,-48.275858525288555,1
HK.00588,489,0.6899999976158142,0.699999988079071,-1.4285700905079517,0.19953596287703015,13254000.0,9145259.968400002,5.208457076320313,0.7893999910354614,0.8149999967217445,-14.814815359896155,-9.210525490240366,-6.7567582806154425,-9.210525490240366,-10.389608479527276,0
HK.00590,489,21.920000076293945,21.81999969482422,0.4582968967384862,1.395370848510746,1505897.7,33009277.698890876,4.005995510243811,22.052400016784667,25.150487928390504,4.780114705320564,-12.946783913309718,-11.826228728383127,-7.8217012474524905,14.77582327764253,2
HK.00591,489,0.23199999332427979,0.22300000488758087,4.035869165669302,0.851545211135205,1345613.55,312182.33461706043,5.040759190932552,0.23287999927997588,0.2984050001949072,-7.200002670288086,0.4328948478623736,-22.666671964857102,-28.615384051080266,-7.200002670288086,1
HK.00595,489,0.9300000071525574,0.9100000262260437,2.1978000384744694,0.9054860231185013,9487072.95,8822977.911356833,12.24731680199919,1.2242000007629394,0.6151267847418785,-40.384612739438744,82.35294598884107,135.44303339044566,126.82927201575713,119.00756913812887,1
HK.00596,489,2.359999895095825,2.3299999237060547,1.2875524623216772,0.20464763981828085,14373000.05,33920278.61021229,8.60232828325809,2.5759872913360597,5.318743586540222,-27.912460734783977,-22.061202213501076,-63.73844397370002,-65.7069292979587,-71.6136483350899,1
HK.00598,489,3.9200000762939453,3.9200000762939453,0.0,1.0742221083624017,5763420.1,22592607.231714055,3.276043550173185,4.695499806404114,4.846782890558242,-17.061114294707785,-18.719891352794544,-18.719891352794544,-15.33322155434045,8.335995883123672,0
HK.00599,488,0.12999999523162842,0.12999999523162842,0.0,0.0,28500.0,3704.99986410141,0.077519541025729,0.1367799985408783,0.16459000073373317,0.0,-12.16216651604412,-29.729733212835296,-29.729733212835296,3.9999961853027344,0
HK.00600,91,14.270000457763672,12.569999694824219,13.524270518792772,1.0979221259672596,971289.95,13860308.031121254,8.50698425698739,19.572599925994872,,-22.445648078206272,-37.685586482645,,-49.39716286633099,,1
HK.00601,488,0.06400000303983688,0.06400000303983688,0.0,,0.0,0.0,0.0,0.06400000303983688,0.06400000303983688,0.0,0.0,0.0,0.0,0.0,0
HK.00602,489,0.041999999433755875,0.04699999839067459,-10.63829601728408,0.7939508506616257,63500.0,2666.999964043498,4.627452461623852,0.044179999828338624,0.04962999984622002,-8.695653582340375,-4.545455315142628,-14.285713199623792,-12.500001940255348,2.439020179624407,0
HK.00603,489,0.13300000131130219,0.13199999928474426,0.7575772969519223,0.3895497036342026,5790712.0,770164.7035933733,5.3178878826258345,0.15747999906539917,0.17268999993801118,-11.920524899841494,-33.83084676698929,-16.874997322447538,-16.874997322447538,-27.322402992218336,1
HK.00604,489,0.6299999952316284,0.6299999952316284,0.0,0.73012503514379,5813935.8,3662779.5262769936,3.5911630016118434,0.7739999961853027,0.8332999974489212,-20.253167326605755,-19.230766879501108,-26.74418781949995,-22.222223039844234,-18.18181677438852,0
HK.00605,489,0.7699999809265137,0.7699999809265137,0.0,0.0434334474296587,596717.0,459472.07861852646,8.730934593666918,0.8255999934673309,0.9364999958872795,-2.5316506313829312,-4.938274239498084,-14.444444297272478,-6.097562482568367,-46.89655478587464,0
HK.00606,489,0.25,0.26499998569488525,-5.660372265889812,0.25514252578892754,763300.0,190825.0,5.425468099258142,0.28080000102519986,0.2863999997079372,-5.660372265889812,-16.66666997803569,-3.8461503192516595,-7.407411086706321,-3.8461503192516595,0
HK.00607,488,0.46000000834465027,0.5,-7.999998331069946,1.5802469135802468,303715.0,139708.90253439546,8.613728024314568,1.2719999951124192,0.8301549978554249,-66.6666659468038,-65.41353432317673,175.449113871643,206.66666004392863,9.523814930126678,0
HK.00608,488,1.1699999570846558,1.1399999856948853,2.6315764707211,0.3875968992248062,24900.0,29132.99893140793,2.179689067625394,1.2044430923461915,1.3615202659368515,-5.007874012699658,-6.480619590713458,-16.800003051757812,-26.88485285707294,-4.83782328348924,1
HK.00609,489,1.0499999523162842,1.059999942779541,-0.9433953776483021,0.04371584699453552,183400.0,192569.99125480652,1.7216807395068194,1.228799993991852,1.401350000500679,-13.223147172434558,-24.46043430774779,-28.571433205414472,-28.571433205414472,-6.413047970862368,0
HK.00610,489,0.8500000238418579,0.8399999737739563,1.1904821881092846,0.7385398981324278,241200.0,205020.00575065613,3.0092683247566923,0.8594000005722046,0.8617000019550324,2.4096434859410953,-6.593406665384184,-7.608694736696163,-7.608694736696163,26.865672040129045,1
HK.00611,489,0.4699999988079071,0.4699999988079071,0.0,1.6703614893905805,2212200.0,1039733.9973628521,2.1085905886218006,0.5053999984264373,0.5239749974012375,-11.320750154859622,-6.000000238418579,-16.071429141626066,-11.320750154859622,13.253014038186759,0
HK.00613,489,3.240000009536743,3.1600000858306885,2.531643086491392,1.4235831318828902,824120.0,2670148.807859421,4.793909279732225,2.388599998950958,1.8970999968051911,32.24489577459032,131.42857605097254,80.00000529819079,80.00000529819079,96.36363977899897,3
HK.00616,489,0.1899999976158142,0.18199999630451202,4.395605205352333,0.376314097731851,5152875.0,979046.2377145886,10.624333775203258,0.22798000007867814,0.25725999996066096,-4.040404724571225,-33.33333333333333,-43.283584214021595,-48.64864995481323,150.0000049016979,2
HK.00617,489,0.16300000250339508,0.16099999845027924,1.242238554265263,1.0822071615058912,408772.65,66629.94297331944,3.887745377552683,0.20523999989032746,0.2442749997228384,-18.90547341136204,-12.834226260817486,-34.79999899864197,-34.79999899864197,-47.419354435556514,1
HK.00618,489,0.4300000071525574,0.4300000071525574,0.0,0.10845531866819451,3056050.0,1314101.521858573,7.3990607552724725,0.33580000162124635,0.23521500058472156,30.30302729269483,91.11111935274123,131.18279406219185,108.73786730819783,241.2698414575606,0
HK.00619,488,0.30000001192092896,0.3050000071525574,-1.6393426604503258,0.0,22553.75,6766.125268861651,1.4560127443618736,0.3416000032424927,0.3414000004529953,-22.077917051387566,-9.090909090909092,-26.82926474689796,-23.076917198752763,71.42858115994217,0
HK.00620,489,0.3799999952316284,0.3799999952316284,0.0,1.9609343924792806,709000.0,269419.99661922455,7.160069864321642,0.25989999920129775,0.532794998884201,61.70212604061626,7.042255412962399,-38.7096786598261,-39.68253998289063,63.09012996307006,0
HK.00621,489,0.5400000214576721,0.5400000214576721,0.0,0.17147324174358058,13335216.65,7201017.277142706,6.964440382514378,0.5570000034570693,0.5612000004947185,-18.181818181818183,42.1052705878367,-18.181818181818183,5.882359128509954,-20.588232973867658,0
HK.00622,489,2.2200000286102295,2.2100000381469727,0.4524882484455325,0.4230705880272417,30241883.55,67136982.34622723,6.366358196836713,2.0997999811172487,1.2276499949395656,-2.6315764707211,17.46031986312503,174.07407679948076,196.00000381469727,372.3404328172268,3
HK.00623,489,1.9199999570846558,1.909999966621399,0.5235597192677354,0.22263450834879406,366450.0,703583.9842736721,1.2618710851900827,1.9296863603591918,1.9491812735795975,-1.0581582513933512,7.888708443145926,15.24475113168795,4.015774159032704,-24.316876620753103,1
HK.00626,489,1.399999976158142,1.3799999952316284,1.449273985189887,1.4247414783607812,259800.0,363719.9938058853,2.2283231725202146,1.4286000204086304,1.396559985280037,-2.777783296726149,-12.500002793967683,6.490873461662863,2.7146047219126106,15.73953238830208,2
HK.00627,489,0.5899999737739563,0.6200000047683716,-4.838714639304418,3.259098316132537,18410.0,10861.899517178535,0.599452015129853,0.5777999967336654,0.5964499989151955,-15.714288025486264,31.111108756359652,0.0,9.259250061011974,28.260861537181732,0
HK.00628,489,0.35499998927116394,0.3400000035762787,4.411760452090707,1.0651855076281,38996798.0,13843862.871609747,7.813580590792385,0.4396999979019165,0.27731999948620795,-24.46808719753734,49.15965592092618,73.17072798424286,83.93781475324566,31.481472283234197,1
HK.00629,488,0.25999999046325684,0.26499998569488525,-1.8867907552966041,0.07017543859649122,100100.0,26025.99904537201,1.0847140004093963,0.2910093080997467,0.293213928937912,-10.189976185934393,-5.3787306502387455,-19.715294264455274,-14.535626189025406,-1.8742435287224852,0
HK.00630,489,0.2160000056028366,0.2160000056028366,0.0,1.694915254237288,19200.0,4147.200107574463,4.4590823544427955,0.2642800012230873,0.2778350002318621,-22.857141184563545,-6.08695578935693,-24.210523398849297,-13.599997758865356,139.99999668863097,0
HK.00631,489,6.769999980926514,6.610000133514404,2.4205725292026683,1.638997668401961,10086304.85,68284283.642119,5.752157418556387,9.191305627822876,9.310759782791138,-8.065832072488917,-40.81161562724337,-10.16585414867586,-18.25714308415144,3.796635571411861,1
HK.00632,489,0.27000001072883606,0.25,8.000004291534424,2.7188868692031276,9004030.6,2431088.3586027683,9.704121386299466,0.25811999797821045,0.31676499962806703,3.846161781683767,-31.64556876070856,42.85715186767138,40.62500436557453,-63.51351253389007,1
HK.00635,489,0.47999998927116394,0.47999998927116394,0.0,7.441331280023904,95511.2,45845.37497527599,0.6102475661513779,0.5002999925613403,0.4896108403801918,-4.000002145767212,1.7599994237899683,-3.9999964237211,1.7599994237899683,2.6151297189383182,0
HK.00636,489,5.570000171661377,5.539999961853027,0.5415200363704532,0.830726037402628,1118596.05,6230580.190519738,2.208428779455413,6.195747623443603,6.738743379116058,-9.283382853727558,-13.78794400422516,-18.80881183396517,-20.832966227431797,-24.38762690298239,1
HK.00637,489,0.17499999701976776,0.17900000512599945,-2.234641336136306,0.13185002060156573,241100.0,42192.49928146601,2.5594406255585187,0.18480000168085098,0.18423500038683416,-3.84615353125187,-7.894737254879816,15.131580688761105,15.131580688761105,27.7372292148915,0
HK.00639,489,2.180000066757202,2.109999895095825,3.3175438455743578,0.8327793041977958,18384420.9,40078038.7892925,4.76051683326394,2.622399997711182,2.9487658488750457,-19.852939565185874,-31.874998928979053,-25.85033930855694,-26.845635811942465,-9.031891626015678,1
HK.00640,489,2.4200000762939453,2.4000000953674316,0.8333325054910776,0.24883359253499224,97650.0,236313.00745010376,2.244215383457393,2.5040362596511843,2.4341092884540556,-2.4827554270554346,-0.1423359545658281,5.8014991388566655,2.4560049145535103,30.916008849217956,1
HK.00641,489,0.39500001072883606,0.39500001072883606,0.0,0.851063829787234,14700.0,5806.50015771389,3.003309745811469,0.4065999984741211,0.31734999909996986,-3.6585331282255105,29.5081972018649,38.59649673173089,33.89831467354282,33.89831467354282,0
HK.00643,489,0.15800000727176666,0.17000000178813934,-7.05882022950067,1.0594315245478036,795000.0,125610.0057810545,4.094029082611632,0.22807999849319457,0.3211099971830845,-33.05084478218165,-33.05084478218165,-36.29031860726054,-24.401912681622157,-20.999997541308442,0
HK.00645,489,0.16899999976158142,0.17000000178813934,-0.5882364800231967,0.5875706214689266,45550.0,7697.949989140034,2.0397358752675014,0.18240000069141388,0.14994499955326318,-9.139787229048228,22.46377101104273,35.19999980926514,29.007636105901074,43.22033791287266,0
HK.00646,488,0.13099999725818634,0.1340000033378601,-2.2388104514517955,0.0,72820.0,9539.41980034113,2.0320416450344227,0.11334000036120415,0.14901500094681977,13.913039027630575,-9.655171705057711,-16.025644515804448,-20.121955097714363,-17.08861314616218,0
HK.00648,489,6.170000076293945,6.099999904632568,1.147543815668197,2.4726665395114766,7937051.2,48971606.509548955,63.733463924433444,8.179400017261505,6.106949976086616,-71.40871131553584,14.259258654218982,36.504427042701295,76.2857164655413,-18.815787451088898,10
HK.00650,489,0.3050000071525574,0.33000001311302185,-7.575759080925313,1.6158082478479059,13688800.0,4175084.0979099274,16.440048040867744,0.5086000007390976,0.30475000008940695,-34.40860111681158,8.928573519295567,50.99009729351399,63.978494580584,53.266334518038036,0
HK.00653,489,0.017000000923871994,0.014000000432133675,21.428574279558816,6.698882500940626,16576315.0,281797.3703143932,12.592069904910222,0.04693999964743853,0.07868000009097159,-55.26315402497532,-78.74999837018547,-73.43749981810107,-85.08771849562844,-83.80952242415503,1
HK.00655,489,0.375,0.3799999952316284,-1.31578823536055,0.18892797885105855,1099864.9,412449.33749999997,5.506144535380812,0.3939599978923798,0.3232299993932247,-8.536584568052042,38.888883369940515,27.118649718337736,24.999995032946465,36.363633408034204,0
HK.00656,489,4.03000020980835,3.8499999046325684,4.675332717779895,1.7844934182677448,10392323.5,41881065.88539624,3.1628436886602986,4.02080002784729,4.4654000067710875,3.5989743220745627,6.052638431004956,-15.157890319824219,-8.200448009704452,-11.816191281601547,1
HK.00657,489,0.032999999821186066,0.032999999821186066,0.0,0.4657056866782829,1938000.0,63953.999653458595,12.802000032370891,0.031199999898672105,0.031560000209137795,22.222218389619133,13.793106106033584,22.222218389619133,31.999997317791024,83.33334023201937,0
HK.00658,489,1.2599999904632568,1.25,0.7999992370605469,0.6493703757846219,1012800.2,1276128.2423411845,7.0387015298492255,1.8634000420570374,1.7984500098228455,-35.38461745373121,-37.62376225937722,-19.230766879501108,-23.636363110923234,-8.029198096514799,1
HK.00659,489,7.849999904632568,7.880000114440918,-0.38071331691190097,0.5578463101661799,1520057.3,11932449.66003604,1.76335947344297,8.18600004196167,7.794528291225434,-2.7261437238064534,-2.966628472541489,7.343104377995719,8.491154052475983,26.400794646196402,0
HK.00660,489,0.47999998927116394,0.47999998927116394,0.0,0.17083552809532623,345140.0,165667.19629704952,6.616258147795325,0.6950999999046326,0.3471749983727932,-31.428571793497834,88.23529343016557,148.70465289135407,155.31915197171696,168.15641090808256,0
HK.00661,489,0.0949999988079071,0.09200000017881393,3.2608680687633522,0.22315692151701233,18797993.55,1785809.3648410456,7.65694732181956,0.11102000027894973,0.11588500026613474,3.2608680687633522,-26.356586192306082,2.150533930223632,-13.636364252114102,79.24528288624812,1
HK.00662,489,4.619999885559082,4.800000190734863,-3.7500062088169175,3.888888888888889,3600.0,16631.999588012695,0.3422395645124982,4.6074676513671875,4.489352960586547,-1.8901715010856153,1.6584905214948418,5.009861702065398,-0.45941058147384733,18.31973948960973,0
HK.00664,59,17.290000915527344,15.699999809265137,10.127395704322812,0.15847216578626575,63075.0,1090566.8077468872,7.273222906251137,21.128600025177,,-19.65613128372537,,,-43.31147240810707,,1
HK.00666,489,13.210000038146973,13.15999984741211,0.3799406634848535,1.1387818868922543,2046723.55,27037218.173576307,4.6911249155805175,15.240599994659425,14.369099984169006,-13.149243885496132,-20.277608440311383,4.4268809209795235,0.5327221689137163,18.581684300081406,1
HK.00667,489,3.7899999618530273,3.700000047683716,2.4324300813361748,0.8766750662052735,5846441.5,22158013.061975956,5.2271911418463946,4.5403721809387205,5.6132702231407166,-15.022423106801472,-31.208628229315476,-39.53762544210254,-39.80754514222446,-34.759144523136015,1
HK.00669,489,127.5999984741211,127.19999694824219,0.3144666159399888,0.7232503996993092,5398661.7,688869224.682296,3.496418735497199,117.35514770507812,104.23000038146972,9.716246883789301,20.305383189574062,40.10576800802998,39.348850563555594,50.552175702432734,1
HK.00670,489,3.359999895095825,3.4700000286102295,-3.1700326399841696,0.6706887675618585,26106529.75,87717937.22131604,4.395201331893598,3.7380000066757204,4.272500017881393,-11.578949019519266,-11.345648313594287,-25.82782032060929,-36.84210927296767,8.387096724574695,0
HK.00672,489,0.08500000089406967,0.08299999684095383,2.4096435292019236,0.3697469530216455,1778520.0,151174.2015901208,9.594662537601591,0.09753999948501586,0.11624499969184399,-15.000000372529025,-19.811318964349603,-27.966101373861797,-22.018345927321157,-23.423423604835172,1
HK.00673,488,0.41999998688697815,0.41999998688697815,0.0,4.326923076923077,30360.0,12751.199601888657,2.5840829292830705,0.5323999977111816,0.5921749980747699,-19.230768789906456,-27.586207073735576,-37.31343635447326,-47.50000242143866,47.368418300801224,0
HK.00674,489,0.06599999964237213,0.06800000369548798,-2.941182271212952,0.5895196506550219,140450.0,9269.699949771166,3.641479143490263,0.07194000013172626,0.07941500017419457,-15.384617588929125,-17.499998603016106,-20.481925115198997,-19.512197781289846,-43.58974326317858,0
HK.00675,488,0.36000001430511475,0.36000001430511475,0.0,0.39408866995073893,20700.0,7452.000296115875,1.6857857452329106,0.3708230710029602,0.3755380219221115,-3.934315595393751,-6.306300995645192,-5.135133161193915,-7.448910932993683,3.551329316070315,0
HK.00676,488,0.9900000095367432,0.9900000095367432,0.0,,0.0,0.0,0.0,1.0041999959945678,0.9993499994277955,0.0,-0.9999990463256836,0.0,-0.9999990463256836,-1.9801961500356329,0
HK.00677,489,0.3499999940395355,0.3400000035762787,2.9411736347271384,1.005603513554445,346750.0,121362.49793320894,1.6714472597289431,0.3459999978542328,0.34566399350762367,1.449273985189887,-1.408449403588351,3.2448400661383014,1.449273985189887,9.946316210560886,1
HK.00679,489,9.300000190734863,11.319999694824219,-17.84451906843203,2.1656692968716227,2534482.55,23570688.19841418,15.13608459141754,12.757199873924256,3.98291698127985,-22.564529446301943,644.0000152587891,921.9780134846662,878.9474007825776,932.8703531773543,0
HK.00681,489,0.03099999949336052,0.03200000151991844,-3.1250061845636785,0.4539985152976491,9783127.35,303276.9428934814,6.976881217831686,0.029700000397861005,0.03207000007852912,10.714280487475508,-6.0606070868568365,-6.0606070868568365,-11.428573253203405,14.814809960184236,0
HK.00682,488,0.23499999940395355,0.23499999940395355,0.0,0.0,66788.65,15695.332710190862,0.816589976325386,0.25173999786376955,0.2733499985188246,-0.8438835544059935,2.173910930837298,-17.5438588235737,-18.965515115173133,10.328638464808213,0
HK.00683,489,18.520000457763672,18.06999969482422,2.4903197041466836,0.5371974002634627,2415328.95,44731893.25964985,2.86714518083381,21.28683807373047,20.911768465042115,-10.703950520028402,-12.061323865601045,-4.595659127417738,-5.528250221249098,5.2973840527256115,1
HK.00684,488,0.4449999928474426,0.4449999928474426,0.0,0.0,3000.0,1334.9999785423279,0.1501224088490229,0.49509999513626096,0.5404749983549118,-11.000001430511475,-16.03773266618113,-17.592597191716237,-16.03773266618113,-37.323942775173876,0
HK.00685,488,0.1899999976158142,0.1899999976158142,0.0,0.13651877133105803,29500.0,5604.999929666519,3.6918003685375482,0.20781999737024306,0.20969499982893466,-13.636364252114102,-7.317073525310204,-7.317073525310204,-19.14893697969187,-5.472640356702653,0
HK.00686,489,0.8100000023841858,0.7699999809265137,5.194808110195212,0.9212451775974458,298700.0,241947.0007121563,3.2485121651195166,0.9083747386932373,1.0522200188040733,-9.746657891188946,-17.338066450132594,-25.673720005552507,-23.088457800070607,-24.838358343990347,1
HK.00687,489,0.3149999976158142,0.3199999928474426,-1.5624985448084445,0.966802562609202,154400.0,48635.999631881714,2.7465361592371886,0.31996571242809296,0.3074428553879261,-3.076920255401327,-1.5624985448084445,4.403402973492698,4.403402973492698,52.18678277596837,0
HK.00688,489,12.199999809265137,12.170000076293945,0.24650561037898563,0.6682949130239344,36846603.45,449528555.06206816,3.8130791532754373,14.295363655090332,13.421513290405274,-20.317762817812493,0.5360638947987869,-0.9835676537715541,-0.3493521895855688,-4.628895089098503,1
HK.00689,489,0.1899999976158142,0.19099999964237213,-0.5235612714294887,0.31217319272304944,3915150.6,743878.6046655535,7.581022485385774,0.23269999921321868,0.20270303491503,-25.490195620110374,-12.844035693886942,-5.000002607703171,-10.37735855687594,65.21738623400951,0
HK.00690,489,0.09000000357627869,0.08699999749660492,3.448282949422888,2.2885727684852273,1607250.0,144652.50574797392,4.400760845489529,0.0887176463007927,0.11043933346867561,1.1235977630846006,-17.48426803399625,-22.93985113879954,-18.919324916367657,-11.197351887042194,2
HK.00691,489,0.28999999165534973,0.28999999165534973,0.0,0.1671309192200557,18100.0,5248.99984896183,2.385297056027654,0.3614000004529953,0.5885999977588654,-21.62162488703309,-39.58333372138442,-57.35294285220669,-50.84745685659031,-38.29787395938374,0
HK.00693,488,1.649999976158142,1.649999976158142,0.0,0.0,12600.0,20789.99969959259,0.12121200736670071,1.6037529587745667,1.631483212709427,0.6097555213709185,3.6585362200425533,-9.980745748602107,-13.179400742791051,60.35924532044268,0
HK.00694,489,1.4600000381469727,1.4700000286102295,-0.680271446845552,1.6956630676713766,6249029.5,9123583.308381557,3.3053374051967275,1.7634000086784363,2.3820999866724013,-14.619882714792826,-18.888884620901866,-45.7249067996091,-47.101447710443054,-48.59154639890132,0
HK.00695,489,8.119999885559082,8.25,-1.5757589629202178,0.3831555252224098,808870.0,6568024.307432175,6.404725875349618,7.559000005722046,6.858650007247925,12.30981831449079,2.7848074371626717,34.660026584263726,-2.168678325775369,194.2028954208861,0
HK.00696,489,8.369999885559082,8.3100004196167,0.7220151975052524,0.8217040228912983,5304660.3,44400006.1039298,2.6121240532768883,9.362999992370606,10.261050024032592,-9.219092807506431,-20.133585389708834,-19.36416384124575,-19.90430585330627,-18.89534754776319,2
HK.00697,489,1.5499999523162842,1.5499999523162842,0.0,0.5453440281412412,45900085.95,71145131.03381336,3.7124908277811017,1.6632221674919128,1.9426966685056686,-8.352735558710785,-13.14675807860192,-20.145174489750485,-27.489492610446792,6.5509142142654495,0
HK.00698,489,1.7799999713897705,1.899999976158142,-6.3157898039038525,0.6702843050799835,119936.9,213487.67856857774,5.346449635210657,2.6686000084877013,3.7376999968290328,-36.200716999022745,-41.44736862743991,-57.61904637559465,-55.1637290034758,-53.766233364111,0
HK.00700,489,420.20001220703125,411.79998779296875,2.039831146931842,0.9244458656861992,35024049.9,14717106195.51967,3.8702133558086715,457.6544122314453,554.8916247558594,-1.6385767322046878,-16.319739936375814,-29.3273947415993,-31.766335853334464,-16.319739936375814,1
HK.00701,488,0.10700000077486038,0.10400000214576721,2.8846140069192967,0.4381639498874927,471114.65,50409.26791504808,3.6147500010331566,0.1269200003147125,0.17857000045478344,0.0,-39.204544684857375,-47.029704431051925,-45.685277939942424,-49.528300925298865,1
HK.00702,488,0.03400000184774399,0.03400000184774399,0.0,,0.0,0.0,0.0,0.03400000184774399,0.03400000184774399,0.0,0.0,0.0,0.0,0.0,0
HK.00703,488,0.12200000137090683,0.12200000137090683,0.0,0.0,20125.0,2455.2500275895,0.9804598434775815,0.1141199991106987,0.13099999967962503,25.773193579904017,3.389831043563671,-10.294121514141969,-7.575756036381411,-26.506020473298598,0
HK.00704,488,0.13300000131130219,0.13300000131130219,0.0,,0.0,0.0,0.0,0.13300000131130219,0.12773500014096498,0.0,-8.275858525288555,92.75362991755878,32.99999932944775,32.99999932944775,0
HK.00707,488,0.05999999865889549,0.05999999865889549,0.0,,0.0,0.0,0.0,0.05999999865889549,0.05999999865889549,0.0,0.0,0.0,0.0,-14.285716566504256,0
HK.00708,488,0.17000000178813934,0.17000000178813934,0.0,,0.0,0.0,0.0,0.17000000178813934,0.17000000178813934,0.0,0.0,0.0,0.0,0.0,0
HK.00709,489,1.3799999952316284,1.3899999856948853,-0.7194237817389376,1.8221763172839527,1116909.1,1541334.5526741624,1.406125396398853,1.4336484003067016,1.4299000793695449,-4.592095296155861,-1.3247026919994216,-2.6581520949897652,1.4548819296435764,9.36683175533408,0
HK.00710,489,4.059999942779541,3.9600000381469727,2.525250092658129,0.6648079612663327,2781705.6,11293724.576829528,5.229502200245721,4.428600015640259,4.843000001907349,-11.159742007108733,-5.5814008676661615,-19.4444449700586,-24.81481720227105,-41.1128668145017,1
HK.00711,489,0.4050000011920929,0.4000000059604645,1.2499987892806712,2.949172849177457,246610.0,99877.05029398203,2.145277025242593,0.427200003862381,0.4276497370004654,-7.954544684857372,-5.813954777818146,-3.9601611431427384,-5.813954777818146,-3.9601611431427384,2
HK.00712,489,0.06499999761581421,0.06199999898672104,4.838707545359315,0.35364064550999924,198000.0,12869.999527931213,3.2133160549469393,0.08427999943494796,0.11087500017136336,-22.61904941411383,-32.29166973873763,-45.37815452253363,-36.893206271276654,-12.16216651604412,1
HK.00713,489,0.36500000953674316,0.35499998927116394,2.816907202197346,0.03065134099616858,117900.0,43033.50112438202,2.151912774624264,0.38259999454021454,0.41792499750852585,-3.9473647060816504,-3.9473647060816504,-14.117647223819082,-8.749998975545182,-29.80768789906457,1
HK.00716,489,0.4399999976158142,0.4350000023841858,1.1494241848790827,0.8111223166690679,1392500.0,612699.9966800213,2.4634265509862905,0.5434999972581863,0.641920709758997,-13.725489050275936,-36.23188418316455,-38.88889164836307,-37.14285641300434,-30.492521753409758,1
HK.00717,489,0.05999999865889549,0.05999999865889549,0.0,0.1985419312228758,7179120.0,430747.1903720498,4.969140610689016,0.07922000005841255,0.09658000014722347,-15.492962402167846,-34.06593420089206,-39.39394042019017,-35.483873939704296,-32.58427234366296,0
HK.00718,489,0.03200000151991844,0.03200000151991844,0.0,0.6770576204245715,366475.0,11727.200557012111,3.135971957178972,0.03212000049650669,0.038110000155866144,0.0,-5.882353585690328,6.66667411724743,0.0,-13.513510520219668,0
HK.00719,489,5.550000190734863,5.239999771118164,5.916038800714455,2.1970593697171403,3797763.0,21077585.374365807,5.04330753330858,6.052199983596802,6.755049996376037,-7.499996821085612,-17.16417389952742,-18.50219915758768,-17.41070886883792,-10.306116983872863,1
HK.00720,489,0.36000001430511475,0.35499998927116394,1.4084577986089954,0.2661517678435555,4179230.25,1504522.9497843683,7.335901384154011,0.33800000429153443,0.26711500197649,5.882356034843122,-9.999997764825855,132.25807195895663,140.0,118.18181818181819,3
HK.00722,489,0.4650000035762787,0.4650000035762787,0.0,0.09255424257078664,40217.9,18701.32364383042,1.2196564256433933,0.469200000166893,0.45710659712553026,-2.1052611765768803,1.086955465418649,2.9724030880875794,-0.24548615426634568,12.035097719010158,0
HK.00723,488,0.20399999618530273,0.20200000703334808,0.9900936051078819,0.09812464719419385,1802901.5,367791.8991224766,3.608116484309483,0.23169999867677687,0.24899499922990798,-17.073174572974224,-17.40890639410049,2.512560405862701,-30.847455846342047,31.612899752486907,1
HK.00725,488,1.0,1.0,0.0,0.0,123700.0,123700.0,6.172018616427324,1.0135396254062652,0.8203990572690963,-9.090911061310528,28.298232310641524,28.298232310641524,29.9019588486237,58.984468392518764,0
HK.00726,489,0.03700000047683716,0.035999998450279236,2.7777835266828066,0.19638557033642717,934575.0,34579.27544564009,5.73534414512589,0.03954000048339367,0.042045000307261944,-11.904759581735043,-7.499996740370916,-11.904759581735043,12.121214173713673,-40.32257890074853,1
HK.00727,489,0.5799999833106995,0.6499999761581421,-10.769230063850333,1.2048192771084338,206800.0,119943.99654865265,5.419365988234966,0.6524000000953675,0.8298960936069488,-17.142858115994215,-7.936509888789085,-22.66666889190674,-22.66666889190674,-59.72222498169641,0
HK.00728,489,4.389999866485596,4.349999904632568,0.9195393731027225,0.9835026986186761,88256887.35,387447723.6829342,2.860240968103331,5.004078283309936,5.214042246341705,-13.53637695278107,-11.660450160031226,-20.02115337587464,-18.12037256332099,-18.52919238081113,2
HK.00730,489,0.125,0.125,0.0,0.6365195027861124,951550.0,118943.75,4.61079004400185,0.12015538424253464,0.12186730809509755,5.0420143865073115,-7.705412363959793,6.0243583040011695,2.6315787863863473,13.530507691445687,0
HK.00731,489,0.38999998569488525,0.4000000059604645,-2.5000050291418283,0.16200984788432496,1489790.0,581018.0786883831,7.374380611048381,0.4436999994516373,0.2596099991351366,-12.359552367771112,143.74999650754026,81.39533916636391,81.39533916636391,101.03091453185775,0
HK.00732,489,0.949999988079071,0.8799999952316284,7.954544684857372,1.8178354587558174,2896618.1,2751787.1604696214,3.5329800536943075,0.9706727111339569,1.0026195567846299,-3.061227592911475,5.876394288249204,-5.215409211967356,-7.848323036411648,1.8146404122168205,2
HK.00733,488,0.19300000369548798,0.19300000369548798,0.0,0.0,9500.0,1833.5000351071358,0.5073683063292928,0.22877999931573867,0.2845100005716085,-16.08695643723349,-27.169805994743097,-37.74193477059999,-24.313722625689834,-48.53333234786987,0
HK.00736,489,0.20999999344348907,0.21199999749660492,-0.9433981494022772,2.8615513087547875,176262.8,37015.18684433102,6.354492939431619,0.347460001707077,0.5668649990856648,-20.754715177502643,-59.61538439495323,-69.1176483478513,-69.56521823636075,53.28467288251771,0
HK.00737,489,1.8700000047683716,1.8799999952316284,-0.5319143876925793,2.498125811979938,224782.85,420343.9305718482,1.3801381056725834,1.9398000097274781,1.896640272140503,-4.591838348313967,-3.108805409853593,1.081080036149411,0.5376338917391232,11.654103468988536,0
HK.00738,488,0.26499998569488525,0.26499998569488525,0.0,4.211994421199442,173600.0,46003.99751663208,3.96208985586786,0.3090800032019615,0.26943000055849553,-10.169492381566323,-24.285717083483373,8.606550293891813,11.344529239145475,11.814338324635436,0
HK.00743,489,1.7400000095367432,2.069999933242798,-15.942025813937445,,11650.0,20271.000111103058,0.05747120924395414,2.0402799892425536,2.037070007324219,-14.538310504598398,-14.538310504598398,-14.538310504598398,-14.538310504598398,-14.538310504598398,0
HK.00745,489,4.360000133514404,4.320000171661377,0.9259250061011975,0.4021947581504368,90745.5,395650.3921158314,2.3965435687151726,3.22280002951622,1.3061500111222266,14.7368470585578,541.176483478513,550.7462723745377,505.5555500366072,2495.238209699964,1
HK.00746,489,4.400000095367432,4.210000038146973,4.5130654512793615,0.9054126701185524,170386.4,749700.1762493133,2.8828452179759245,4.604685382843018,5.088356425762177,-3.930127321770136,-15.820253309134976,-15.97643271021374,-13.405924640613437,27.01413574694267,1
HK.00747,488,0.06599999964237213,0.06599999964237213,0.0,0.0,309500.0,20426.999889314175,5.42748178906955,0.08768000081181526,0.08531000062823296,-31.250000970127672,-40.54054162901103,1.5384647126735067,-20.481925115198997,57.142858409962706,0
HK.00750,489,0.22100000083446503,0.2160000056028366,2.314812547191321,0.20889792231255647,510810.0,112889.01042625308,5.30842986700377,0.23823999971151352,0.24661999925971032,-5.957446214892626,3.27102767946377,-8.298753570404834,-7.531377544435701,-14.999996561270368,1
HK.00751,489,4.119999885559082,4.25,-3.0588262221392464,5.094351512436472,1941603.45,7999405.9918011185,4.846655785613538,5.66539999961853,5.361000007390976,-27.208480624909438,-40.28985755630358,8.707122085159845,-20.463320036817723,25.609753704156123,0
HK.00752,489,2.190000057220459,2.259999990463257,-3.097342191955019,1.8909756539908091,524475.75,1148601.9225107431,2.339379652496465,2.3398000049591063,2.5119951605796813,-2.6666641235351562,-13.16018235222879,-15.07576361331055,-13.808236983466674,6.763352965352307,0
HK.00753,489,4.429999828338623,4.510000228881836,-1.7738447113792584,1.100491273377703,30923404.75,136990677.73414576,3.9966531354351664,4.759000005722046,5.819200000762939,-8.659795557784946,-12.103177343876984,-28.778135405658496,-37.69339317650734,-21.869492614995124,0
HK.00754,488,2.640000104904175,2.640000104904175,0.0,,0.0,0.0,0.0,2.640000104904175,3.017550036907196,0.0,-7.692300638503319,-14.006509370976444,-10.2040798121586,-18.769227541410004,0
HK.00755,489,0.2549999952316284,0.2549999952316284,0.0,0.41109969167523125,23075.0,5884.124889969826,1.4266118515632074,0.3337000012397766,0.36497499987483023,-26.086957648481,-31.08108325802206,-35.44304093533718,-30.136989433158213,-39.28571352545094,0
HK.00756,488,0.6800000071525574,0.6700000166893005,1.4925358528601556,3.3333333333333335,2800.0,1904.0000200271606,0.14285700905079518,0.7676000118255615,0.5772000063955783,-13.924052065485734,3.030300019967555,63.85542670499269,76.62338285627942,-26.08695708511005,1
HK.00757,489,0.05999999865889549,0.057999998331069946,3.448276526508396,0.9719377125643806,1302405.45,78144.32525333817,8.224885769196662,0.06781999990344048,0.08555500004440546,-9.090910630285256,-29.411767026132342,-26.829271949273544,-25.0,-15.492962402167846,1
HK.00759,489,0.22599999606609344,0.22699999809265137,-0.4405295308195402,0.20184135977337112,570200.0,128865.19775688648,6.859347241051076,0.22107999831438063,0.2344599984586239,20.8556087092264,5.607474032463781,-1.7391339276823337,0.0,76.5624885403673,0
HK.00760,488,0.15000000596046448,0.1550000011920929,-3.225803350434739,0.0,7612.5,1141.8750453740358,0.032258129640870485,0.16917999744415282,0.1726700010150671,-14.285709420028917,-16.666666666666664,-19.35483741751987,-6.249994179233778,15.384624201870853,0
HK.00762,489,6.349999904632568,6.340000152587891,0.15772479186133756,1.0345663966366858,33289551.6,211388649.48526096,2.677110037200529,7.294403657913208,8.00268678188324,-15.125111432064633,-11.16660926513431,-24.25785074065909,-19.653179713882164,-29.214857692624573,1
HK.00763,489,22.959999084472656,22.799999237060547,0.7017537402020417,0.3726343828977565,30377651.9,697470859.8124291,6.854604858863107,25.304579315185546,28.54535918235779,-12.835972804153176,-0.2456143636546098,-15.118083974038274,-15.425629416825362,2.1554766779551815,1
HK.00764,488,0.29499998688697815,0.29499998688697815,0.0,0.0,71374.65,21055.520814062653,1.8051896672513186,0.4087000024318695,0.7882749998569488,-28.915664381031963,-43.269231210093544,-72.4299091190757,-70.202021813614,-47.32143113731729,0
HK.00765,489,0.14000000059604645,0.14000000059604645,0.0,1.2090771466786903,42099.7,5893.958025093376,2.1087815560910266,0.16864000111818314,0.2707193905115128,-24.324324977406615,-43.77509970462786,-53.33333498901784,-54.09836153675233,-56.923075159625824,0
HK.00767,489,0.4699999988079071,0.5,-6.000000238418579,4.488215123872822,1108703.45,521090.6201783225,9.849754589796929,0.43419999837875367,0.5029499977827072,23.68421176463945,-6.000000238418579,-7.843135765358715,-6.000000238418579,-16.071429141626066,0
HK.00769,488,0.699999988079071,0.699999988079071,0.0,,0.0,0.0,0.0,0.699999988079071,0.699999988079071,0.0,0.0,0.0,0.0,0.0,0
HK.00771,489,0.7599999904632568,0.75,1.3333320617675781,0.04716981132075472,115400.0,87703.99889945984,1.461616387706495,0.791873117685318,0.7621403187513351,-2.5641002128344392,9.074074089915502,6.445785561566568,9.074074089915502,19.39189246129803,1
HK.00772,489,19.290000915527344,18.65999984741211,3.3762115394797663,0.747428016918188,7086116.05,136691185.092033,4.23154372316194,24.008200035095214,32.72284998893738,-16.42113960444994,-29.752361403264082,-40.64615102914663,-42.623433883476544,-34.94097415275605,1
HK.00775,489,0.6000000238418579,0.5899999737739563,1.6949238156632322,0.47931816205057876,3368074.55,2020844.8103011549,3.0582163365690906,0.7006000077724457,0.8130000016093254,-17.808218059586352,-15.492951834492505,-28.571423503006237,-27.710839047420095,-31.818178739429488,1
HK.00776,489,0.5,0.5199999809265137,-3.8461503192516595,0.06874043625299531,2144854.3,1072427.15,11.435424822055122,0.7316999983787537,1.0747749996185303,-27.536231633670887,-39.0243897120347,-56.521738229041276,-60.62992066856325,-73.26203215374147,0
HK.00777,489,7.170000076293945,6.929999828338623,3.463207126988619,0.2343949420219638,2781728.9,19944996.425229073,4.443654007399548,8.108242349624634,9.663002095222474,-13.81849577694822,-7.512527398879712,-29.31991610471681,-29.18793238622,-23.796908248245867,1
HK.00780,489,12.789999961853027,12.270000457763672,4.237974610345944,1.1544196874535826,14014525.35,179245778.69188827,3.8204258235862447,15.806799926757812,20.25864998817444,-9.67514053899841,-34.10613053890215,-38.80382681675645,-44.58405544136899,-43.01866310224046,1
HK.00784,489,0.6700000166893005,0.5400000214576721,24.07407223442462,1.3241423533183714,3174500.0,2126915.0529801846,11.443629733276929,0.7829999995231628,0.3203450002335012,-16.249999161809694,139.2857192274259,477.58623790372513,679.0697603902025,1240.0000134110448,1
HK.00788,489,8.949999809265137,8.920000076293945,0.3363198734820595,0.5325126604136375,18652174.4,166936957.32238007,2.1302135525369352,10.189551429748535,10.853196482658387,-9.77822842307069,-16.42116319485572,-23.14908312456389,-20.71459431931639,-18.97328310610581,1
HK.00789,489,0.30000001192092896,0.30000001192092896,0.0,0.08308235538477515,225325.0,67597.50268608332,1.605257662849167,0.33850000202655794,0.3840250016748905,-9.090909090909092,-11.764703304297399,-26.82926474689796,-23.076917198752763,-9.090909090909092,0
HK.00794,488,0.25,0.25,0.0,16.64,45800.0,11450.0,0.30000001192092896,0.27879999846220016,0.2222749999165535,-12.280700653653822,2.040814340536656,26.26262694679345,24.99999813735488,53.37423077327427,0
HK.00797,489,1.159999966621399,1.149999976158142,0.8695644061371431,1.2608182533438237,9675100.0,11223115.677058697,5.917040644075995,0.8229999959468841,0.6732749992609024,41.46341179751837,63.3802819266203,107.14285030048725,131.99999332427979,-14.705885704413383,1
HK.00798,489,0.1340000033378601,0.1289999932050705,3.87597705128645,0.6172839506172839,466600.0,62524.401557445526,2.1456166438018025,0.1776352432370186,0.2110195480287075,-26.93058989939962,-35.766889053556426,-39.95600890077939,-36.06426940891684,-34.23752770333587,1
HK.00799,489,3.240000009536743,3.109999895095825,4.18006812945286,0.7334194323455867,2154232.95,6979714.778544367,4.065662544000095,3.3015999746322633,3.235032662153244,-2.4096363046584477,29.57531056685328,2.7546191978368633,-1.4826880656235708,-7.19276721302295,1
HK.00800,156,14.319999694824219,13.649999618530273,4.908425604528228,0.5862418267852084,2128534.8,30480617.686422728,6.392289541055611,18.983999881744385,,-30.687319455048517,-11.221323993276389,-40.18379542451453,-38.69863304507548,,1
HK.00804,489,3.3299999237060547,3.299999952316284,0.9090900552502553,0.39032006245121,10385.0,34582.04920768738,1.3087888815394133,3.6569999980926515,3.5244999885559083,-16.750001907348633,-5.128207044053164,-18.38235328491722,-13.281250048506385,142.2658491709044,1
HK.00805,357,5.789999961853027,5.050000190734863,14.653460260770428,0.5005019159791199,5517333.5,31945360.75453043,12.524180656517569,2.5811999917030333,1.4996999990940094,75.45454683382651,394.87180976315966,436.11108627584343,515.9574443126166,348.83721961789445,4
HK.00806,489,2.0399999618530273,2.0199999809265137,0.9900980750178164,1.4525765265972856,2582660.45,5268627.219479322,3.0030809257611524,2.087334213256836,2.301131963133812,-2.857140262110586,-3.6025645806531643,-10.222125318093457,-15.310751988515397,37.62003823466874,1
HK.00807,489,0.9800000190734863,0.9599999785423279,2.083337601895229,0.21686439596887358,373200.0,365736.0071182251,1.011329462898448,1.0177301943302155,1.077315112054348,-1.0101000370632516,-9.992351222742336,-10.803224254889347,-9.16658987493887,3.1337749276553133,1
HK.00809,488,0.38999998569488525,0.4000000059604645,-2.5000050291418283,0.08031106092816097,603900.2,235521.06936113833,5.902498742353478,0.5801999950408936,0.698899998664856,-32.75862122120672,-36.06557761491922,-44.28571538049349,-39.062500873114935,-54.651165208409026,0
HK.00811,489,8.670000076293945,8.479999542236328,2.2405724565347165,1.6291019730669167,950325.9,8239325.625504113,2.6713645816044935,9.6650679397583,9.921314129829407,-11.530613188245088,-9.98500039457012,-10.778476258408478,-9.71736880887736,-17.64917421393025,1
HK.00813,489,0.07599999755620956,0.07100000232458115,7.0422465745432135,0.38810044858113835,36086776.1,2742594.8954114816,7.715496509462352,0.1260400001704693,0.21686500061303376,-26.21359469102008,-56.818182972713934,-63.28502573689661,-60.20942528873731,-89.7297301923297,1
HK.00814,488,0.27000001072883606,0.27000001072883606,0.0,0.0,100900.0,27243.00108253956,2.157216272522088,0.29140000343322753,0.30832500144839287,-1.8181800448205245,-11.475408394405292,-14.285710230976514,-14.285710230976514,10.204083866896262,0
HK.00815,489,0.26499998569488525,0.26499998569488525,0.0,0.6233704669352927,12436100.0,3295566.3221001625,5.682081132283303,0.3734999990463257,0.5644249980151653,-17.187502619344798,-44.791668412896534,-61.59420483905061,-64.18919158382427,-50.925930525049566,0
HK.00816,489,2.190000057220459,2.119999885559082,3.301895067929056,0.4474585917499178,1206823.1,2642942.658054972,3.830464109906935,2.4462422132492065,2.571951360702515,-14.236391864118636,-2.8745375834453974,-17.951782885605876,-12.587090295077093,-17.122502888816886,1
HK.00817,489,1.2599999904632568,1.25,0.7999992370605469,0.9846892271389179,54696864.6,68918048.87437005,4.947556501582922,1.628799991607666,1.4828996932506562,-27.58620784153221,-6.666669021418023,0.7999992370605469,2.439022026387315,13.621600737952402,1
HK.00818,488,0.4300000071525574,0.4099999964237213,4.87805143982653,2.9036004645760745,1235100.0,531093.0088341236,3.1046484578684352,0.42379999995231626,0.48307499691843986,2.3809572804273027,-3.3707833564005543,-12.244898207432918,-13.999998569488525,-17.307687899064575,1
HK.00819,489,4.75,4.690000057220459,1.279316461567383,0.49472128783540154,5985141.05,28429419.9875,2.9881677698437303,5.849280519485474,6.9008513140678405,-13.688864181596749,-25.366254438590673,-30.095109935160863,-28.92023674340672,-16.252556399687997,1
HK.00821,489,0.29499998688697815,0.30000001192092896,-1.666674945089223,2.3193082411072177,868940.0,256337.2886055708,10.044981977078962,0.28201999843120573,0.3539345298707485,5.357137725365427,-3.278695092153664,-16.9014096331015,-10.606068131899294,-15.714288025486264,0
HK.00822,489,0.375,0.3799999952316284,-1.31578823536055,0.09646302250803858,677300.0,253987.5,6.776149830532,0.35709999859333036,0.3516499991714954,11.94029571909666,27.118649718337736,-5.063293717874323,-2.5974001846660313,2.7397233430072485,0
HK.00825,489,0.2750000059604645,0.2800000011920929,-1.785712575121809,0.18136199751067703,192465.0,52927.876147180796,3.5074612419829405,0.30830000281333925,0.3194500021636486,-11.290321340173895,-19.11764615650409,-8.333334989017844,0.0,5.769236941309597,0
HK.00826,489,3.4600000381469727,3.5299999713897705,-1.9830009577943053,0.6016192953043297,35778742.1,123794449.03085071,6.306738484870506,3.573307547569275,3.2597079885005953,1.9737696868410037,5.362633797942319,15.863892365631685,9.669907173909003,77.1093893302771,0
HK.00827,489,0.052000001072883606,0.04699999839067459,10.638303943433922,0.17940596690956612,9061800.0,471213.60972225666,11.269807352896237,0.038020000122487546,0.03678000007756054,62.499995634425645,-8.771927990007857,79.31035368677861,85.71428381362746,92.59259157056509,1
HK.00828,489,0.18400000035762787,0.1860000044107437,-1.075270970800214,0.6821963394342762,124300.0,22871.200044453144,4.37555330225253,0.20269999891519547,0.24930999882519245,-2.127656032996879,-18.222219896905152,-31.851854427361094,-27.843135765358717,-37.94266998629998,0
HK.00829,489,0.15700000524520874,0.15700000524520874,0.0,0.01235712079085573,309000.0,48513.0016207695,1.7203160433401774,0.16928000062704085,0.23846999824047088,0.0,-34.85476870553302,-39.615380383101986,-42.909090239154416,-43.928569794005284,0
HK.00830,489,0.7599999904632568,0.7099999785423279,7.042255412962399,1.1437908496732025,320100.0,243275.9969472885,3.877398463455759,0.8062833285331726,1.0605649098753929,-6.011679136220692,-17.128578025432688,-37.34112404288173,-36.30544014276407,-47.40852172171386,1
HK.00831,489,0.3449999988079071,0.33500000834465027,2.985071705720311,0.866965620328849,742700.0,256231.4991146326,1.765993370336472,0.3472263145446777,0.3183361859619617,1.4705868173635692,5.513080535821447,17.053574886344183,17.053574886344183,15.15004208107398,1
HK.00832,489,0.04100000113248825,0.03799999877810478,7.894743291707789,1.3366333266894026,398253.8,16328.406251017748,4.546413550301446,0.04656000047922135,0.06762000046670437,-10.86956292869689,-30.50847307802172,-42.25352142235986,-41.42857006009745,-57.731958842072274,1
HK.00833,489,0.8999999761581421,0.949999988079071,-5.263159215615413,0.5196197425991709,6016859.85,5415173.721546882,14.883517051020029,0.7958597123622895,0.661716024428606,-6.060139079202977,53.43509503387117,39.48645647354782,39.48645647354782,97.11969750642406,0
HK.00834,489,0.210999995470047,0.210999995470047,0.0,0.09036144578313253,133400.0,28147.39939570427,1.4751601630512612,0.29022000133991244,0.3456950013339519,-31.93548585572177,-33.01587394696095,-54.13043659947993,-47.250001918524475,37.90849635009198,0
HK.00836,489,17.40999984741211,17.229999542236328,1.044691294010438,0.6829262793419953,25123810.25,437405532.6189108,3.1520526841442824,19.243815002441405,18.05728406906128,-15.006373227249759,-5.789127759334849,1.5719195886494013,2.493732152016536,-5.8592032145347135,1
HK.00837,489,6.019999980926514,5.989999771118164,0.5008382463218262,1.7701863354037266,64975.0,391149.4987607002,2.131170034836678,6.761980218887329,7.18639767408371,-9.020840412073667,-15.648462315609596,-17.291670392678764,-19.28338034983912,7.758735108745389,1
HK.00838,489,0.8299999833106995,0.8500000238418579,-2.352945878843816,0.2329918594270663,5081650.0,4217769.415190816,5.980477668222493,0.8629339277744293,0.9241545486450196,-9.78261214629908,8.827235191619113,-2.4307583369318695,-0.13501229747886445,18.894580328720707,0
HK.00839,489,1.7699999809265137,1.649999976158142,7.272727666807574,3.22835488475453,22333405.0,39530126.424024105,5.680902914642038,2.042999997138977,2.7648999881744385,-6.842105098048074,-36.33093528264823,-39.59044571335203,-43.450481910200445,-32.183906051018106,1
HK.00840,488,0.19900000095367432,0.18799999356269836,5.851067961503642,3.8419618528610355,72500.0,14427.500069141388,2.4456499213078646,0.19412000060081483,0.21059499971568585,7.567566696791175,-9.545453621828846,-16.386556147636693,-7.441861561145425,11.17318170666907,1
HK.00841,489,0.13199999928474426,0.21199999749660492,-37.73584865874436,15.645987478656801,594200.0,78434.39957499504,8.081506938818778,0.19367999851703643,0.18245499949902297,-40.271493761841285,-22.807019684172076,-45.228215305829956,-52.00000130046495,29.4117664245861,0
HK.00842,489,1.0,1.0,0.0,0.2819343254009205,2412300.0,2412300.0,7.600108193311045,1.058800002336502,1.2340500023961067,4.166668994973155,69.49153295778365,-45.05494663845205,-52.38095021842549,-59.183674263785335,0
HK.00844,488,0.4050000011920929,0.4050000011920929,0.0,0.0,55200.0,22356.000065803528,6.002562067508195,0.4447999995946884,0.4548499995470047,-5.813954777818146,1.2499987892806712,-31.355928950047975,-20.588233575413902,15.714288025486264,0
HK.00845,488,0.009999999776482582,0.009999999776482582,0.0,,0.0,0.0,0.0,0.009999999776482582,0.009999999776482582,0.0,0.0,0.0,0.0,0.0,0
HK.00846,489,0.09000000357627869,0.08900000154972076,1.1235977630846006,0.5211726384364821,62450.0,5620.500223338604,4.274098141943276,0.0939199997484684,0.11295499995350838,-8.163259255046837,-15.887847734086971,-13.461536808303157,-17.431187392906445,0.0,1
HK.00848,489,0.10000000149011612,0.10499999672174454,-4.761900369272073,0.046887210210992444,192400.0,19240.00028669834,2.1955562216430295,0.11425999984145165,0.12442499995231629,-12.280700493130402,-17.355370221506995,-27.53622898895727,-20.634920728780305,-24.242422703048078,0
HK.00851,489,0.17499999701976776,0.19099999964237213,-8.37696473956164,0.5763688760806917,17850.0,3123.7499468028545,3.2249566989208556,0.19619999945163727,0.2336299990862608,-22.90748965189837,-18.60465390286356,-12.500002793967683,-31.372548905027593,-5.405408235428679,0
HK.00852,488,0.16599999368190765,0.16599999368190765,0.0,,0.0,0.0,0.0,0.16599999368190765,0.16599999368190765,0.0,0.0,0.0,0.0,0.0,0
HK.00853,489,6.480000019073486,5.909999847412109,9.64467320436515,1.7303930075261773,11314478.35,73317819.92380655,4.315192884514967,7.770000009536743,10.598650000095368,-13.829786761846407,-32.359080681843295,-37.02623864824034,-39.72093005513036,-17.766498414153396,1
HK.00854,489,5.349999904632568,5.28000020980835,1.325751743232593,0.4750593824228028,35750.0,191262.49659061432,6.586186741201478,5.975199975967407,5.883749992847442,-13.709676302930657,13.829789824375796,-6.794423031999928,-7.91738455554796,64.110427002557,1
HK.00855,489,4.460000038146973,4.480000019073486,-0.44642814378045226,1.264366842618215,1074482.65,4792192.65998826,2.607361775537595,4.73616132736206,5.303305125236511,-6.4989506083672435,-11.853361387065164,-13.353028147094134,-13.188923211259668,-24.771843479910025,0
HK.00856,489,8.65999984741211,8.779999732971191,-1.366741334950742,0.4144344502908179,8062905.0,69824756.06969833,6.25100283983998,9.890953044891358,8.76869996547699,-10.165979885980523,3.2588271842752468,17.187381938042503,11.682906847933877,21.277144031857215,0
HK.00857,489,8.789999961853027,8.779999732971191,0.11389782671954382,0.7395078083656608,107364818.8,943736753.1563572,3.3108467760356635,10.29792917251587,8.927187542915345,-16.82790970654465,-16.980369518651887,9.654255936146534,6.307996182270627,34.4843190950941,2
HK.00858,489,0.05900000035762787,0.05900000035762787,0.0,1.5267795867251095,1652413.35,97492.38824094908,5.340909079901414,0.07180000022053719,0.08624500025063753,-28.048782039085747,-26.249997904524157,-32.1839056835257,-28.048782039085747,11.320756706278218,0
HK.00859,489,0.08900000154972076,0.09000000357627869,-1.1111133186904594,0.6198347107438017,49900.0,4441.100077331066,4.567543618193785,0.11358000084757805,0.11695000015199185,-24.57627033029813,-33.082706261479075,-10.999999776482586,-23.93162175452387,-6.315786666817247,0
HK.00860,489,0.5400000214576721,0.5600000023841858,-3.571425150243618,0.37617814642408454,199731.85,107855.20328578055,7.066734983928436,0.5816999983787536,0.642849998474121,-16.92307057465299,5.882359128509954,-28.94736470608165,-19.402983879612854,-41.93548201026084,0
HK.00861,489,1.8600000143051147,1.840000033378601,1.086955465418649,0.37941844381660195,443446.4,824810.3103435517,4.311231987151457,2.1959999942779542,2.6113499927520754,-15.454546636786318,-20.171670591875674,-30.07518968841471,-30.07518968841471,-44.38152093840272,1
HK.00862,489,1.350000023841858,1.5,-9.999998410542805,1.0740033025601554,399512.1,539341.3445251107,12.278742486063805,0.6853999990224838,0.5182499979436398,170.00000476837158,187.23404835445842,193.4782607287225,193.4782607287225,274.99999172157743,0
HK.00863,489,12.0,11.369999885559082,5.5408981599118095,0.8074914963181207,1865270.45,22383245.4,6.053743571910922,11.99859998703003,14.978099999427796,9.090909090909092,-14.953931311250852,-33.665008851405,-29.32862000289809,-4.153358136989674,1
HK.00864,488,0.19300000369548798,0.19300000369548798,0.0,0.0,7000.0,1351.0000258684158,0.0,0.20792000085115434,0.17768499985337258,-10.232557913881825,-18.907563340890352,44.029849916397815,41.91175971089996,13.52941274436699,0
HK.00865,489,0.057999998331069946,0.054999999701976776,5.45454299154359,0.002807041182101183,7119340.0,412921.7081183195,15.454828072129517,0.045879999846220015,0.039924999922513964,48.717941370236254,56.756750225933814,56.756750225933814,56.756750225933814,26.086952648563972,1
HK.00866,489,1.3899999856948853,1.3300000429153442,4.511273747632508,1.685176891519491,10476426.95,14562233.310633508,6.879648602573363,2.298199999332428,3.0006000024080275,-28.717951194617658,-64.72081305817329,-47.148291817075844,-47.34848748252839,-2.1851905105206475,1
HK.00867,489,10.550000190734863,9.930000305175781,6.243704597228678,2.071037081445132,5883774.85,62073825.78974099,4.831683580435906,11.568834590911866,13.177867350578309,-0.28355135337924314,-20.876632233535904,-17.064940704214393,-18.583204237612275,-3.9410684501956528,1
HK.00868,489,8.609999656677246,8.479999542236328,1.5330203002184903,0.8202623082796358,9759071.7,84025603.98648863,4.220452123794407,9.672179222106934,9.272410759925842,-11.150110119575126,-15.987215282552045,8.193583492214984,3.605877974602313,15.900816791565706,1
HK.00869,489,0.47999998927116394,0.4749999940395355,1.0526305882884401,0.8151051945011205,767686.5,368489.5117636174,1.0505421025996424,0.47829999804496764,0.4810000006854534,-1.0309329662834354,19.99999552965171,-5.88235328491722,19.99999552965171,-12.83293540379367,1
HK.00871,489,0.07000000029802322,0.06300000101327896,11.111109797075754,0.18126203693214002,214675.0,15027.250063978136,3.625186903410881,0.07087999999523163,0.07288999995216727,2.941171314477376,-17.64705933914052,0.0,9.374995270627776,-20.454544684857375,1
HK.00873,489,0.4399999976158142,0.41499999165534973,6.024097942928766,0.47391848563264916,1269388.75,558531.0469735414,4.894701032644424,0.5548000019788742,0.6239000035822392,-18.518522197817433,-26.66666997803569,-27.868854541414578,-25.423725902674498,-42.10526274512018,1
HK.00874,489,14.479999542236328,14.1899995803833,2.0436925329718285,1.6072223140169486,1015581.3,14705616.759103775,2.2368029234660103,15.519813690185547,17.319142036437988,-3.151049071841204,-20.09315968674229,-19.275143703980326,-17.45160794349771,-11.689981021643934,1
HK.00875,489,0.5299999713897705,0.5199999809265137,1.9230751596258298,0.14235302195543925,1013461.25,537134.433504641,12.372311203699738,0.5807000041007996,1.0661500008404254,35.897433546167775,-27.397266090150964,-70.22472022985694,-63.44827903720333,92.72725814630209,1
HK.00876,488,2.299999952316284,2.1500000953674316,6.976737223038021,0.2043519394512772,47520.0,109295.99773406982,12.479584234000377,4.354999990463257,4.959500007629394,-44.57831567561332,-55.33980757815523,-39.47368470585578,-39.47368470585578,142.10526117657687,1
HK.00878,489,6.320000171661377,6.329999923706055,-0.15797396785469678,2.9419771843082843,25523.8,161310.42038145065,1.1561081608113037,6.843837041854858,6.397833433151245,-7.7372224868610475,-6.5365262758990195,4.764615963094149,1.7713386930546249,8.48722136204411,0
HK.00880,489,1.4600000381469727,1.4500000476837158,0.6896544920278584,0.6542959769400095,11537587.45,16844878.117124032,3.323267727134028,1.8777999758720398,2.4146000117063524,-23.5602060910206,-30.476185502378623,-40.89068739936588,-39.66942181328949,-38.912134976432974,1
HK.00881,489,5.039999961853027,4.849999904632568,3.917527030031008,1.5502574780614744,8009602.5,40368396.29445791,5.155853287771075,6.476200008392334,10.554300005435943,-18.18181677438852,-35.714287452030426,-54.79820507368439,-56.73819633576214,-57.26555226157301,1
HK.00882,489,2.109999895095825,2.109999895095825,0.0,0.3133619031782478,580462.9,1224776.6581070186,2.6687153007399416,2.2823999977111815,2.4887884044647217,-5.3811714327930105,-16.60079371713322,-12.80992443904642,-13.877556978390032,5.713258441998235,0
HK.00883,489,21.079999923706055,20.860000610351562,1.0546467253952034,0.8279406205064964,101767396.65,2145256713.617764,3.371013553800094,25.651404037475587,22.976355838775635,-18.395549762806414,-29.086322202062696,3.0793055627708434,-1.4475153196983856,23.220245330236548,1
HK.00884,489,0.04500000178813934,0.03999999910593033,12.500006984919466,0.7310975051001413,65039366.85,2926771.624549451,7.037632614330841,0.06151999995112419,0.13394999980926514,-26.229506094300042,-39.18918755648345,-75.0,-71.87499825377013,-80.43478218616747,1
HK.00887,489,0.24799999594688416,0.24400000274181366,1.6393414590667243,0.37987337554148615,2976000.0,738047.9879379272,3.352545272329937,0.2708079966902733,0.2759643929451704,-4.615382675588413,-22.885571032808965,3.7483304452357986,11.83260760504828,-56.88533710629208,1
HK.00888,489,0.04600000008940697,0.050999999046325684,-9.803919706698395,0.04610951008645533,168500.0,7751.000015065074,6.293284834730486,0.05352000042796135,0.07818500014021992,-19.29824549937549,-24.590164635233318,-43.902440464865336,-47.727272342428684,-29.230766497420035,0
HK.00889,489,0.5899999737739563,0.6000000238418579,-1.666674945089223,0.041166569086651054,10918100.0,6441678.713661432,27.49695722821804,0.4956000059843063,0.3893250024318695,37.20929394418205,93.44260981569266,68.57142394902746,59.45945031630735,118.51850012202394,0
HK.00893,489,0.06499999761581421,0.057999998331069946,12.068964631322139,1.4535454724022785,273050.0,17748.24934899807,5.052061999917351,0.07240000039339066,0.08292500000447035,-10.958906066956837,-24.41860999027526,-17.721525792069773,-20.731712414138876,-2.985080601935728,1
HK.00894,489,4.789999961853027,4.340000152587891,10.368658835111034,0.3267928658548005,26078718.95,124917062.77567582,25.888300473009018,2.8898000109195707,1.2899500009417535,40.46920355681357,484.1463419066377,530.2631607841588,514.1025817370751,1068.1780509696177,3
HK.00895,489,1.8600000143051147,1.840000033378601,1.086955465418649,0.6361566022503748,57845059.85,107591812.14848022,15.585282702674588,1.9529999828338622,2.267249993085861,4.494384505685279,-16.216216651604412,-20.512816985918324,-13.888891648363074,-22.500002483526767,1
HK.00896,489,0.24899999797344208,0.24300000071525574,2.4691346668830096,0.08163165348995727,98401.2,24501.898600584267,3.769278246667586,0.2648399987816811,0.25039999790489675,-4.230766497420036,3.750001474594109,-6.037731541565132,2.4691346668830096,4.1841027923280585,2
HK.00897,489,0.2800000011920929,0.30000001192092896,-6.666669978035689,1.3859721075173368,24406.25,6833.750029094517,0.9187308728339348,0.32680000126361847,0.37364999994635584,-15.151518161850626,-13.84615031925166,-28.20512526604305,-28.20512526604305,-21.12675784386655,0
HK.00898,488,0.949999988079071,0.9700000286102295,-2.0618597877583125,0.0,1700.0,1614.9999797344208,0.26315796078077064,0.9500872433185578,0.9936803051829338,4.395600076948939,-11.592912902598837,-1.8681334851804665,-2.8397377231220973,6.403210317236462,0
HK.00899,489,0.2549999952316284,0.25999999046325684,-1.9230751596258298,0.6673227065089619,1348385.0,343838.1685703993,7.0720280877675314,0.1986199998855591,0.20438020452857017,31.44329263421798,32.81249636202123,40.88397971993061,45.714285471001446,-65.06849471657911,0
HK.00900,489,8.470000267028809,8.380000114440918,1.073987486381975,0.4041150457804616,101420.8,859034.2030822755,1.407079972418275,8.506400032043457,7.704790303707123,-1.511629170633841,11.300921398502581,14.614349391819681,16.186561198223103,32.35402751161617,2
HK.00901,23,62.70000076293945,64.3499984741211,-2.5640990680756603,1.1027278295588434,361076.15,22639474.880479243,8.930954844344008,,,1.129033488612021,,,2.4509803616021304,,0
HK.00902,489,5.519999980926514,5.389999866485596,2.4118760233974004,0.7975710872412083,52781587.75,291354363.3732711,4.1453175116416805,6.175096979141236,5.694256842136383,-18.359858334918354,0.5972601116015235,-3.6487255029501044,2.508438633805133,17.743003608996464,1
HK.00907,488,0.061000000685453415,0.061000000685453415,0.0,,0.0,0.0,0.0,0.06084000058472157,0.06011000040918588,0.0,3.389831043563671,-27.380950585886172,15.094342275037622,-41.34615439723228,0
HK.00909,489,1.2300000190734863,1.2599999904632568,-2.3809501283202863,4.158956668407319,8719665.75,10725189.038814425,5.067457728670504,1.86280814409256,2.6473845636844633,-32.78688577984989,-43.66193891610424,-57.654397262299014,-61.32013722932499,-51.46908947100963,0
HK.00910,488,0.014000000432133675,0.014000000432133675,0.0,,0.0,0.0,0.0,0.014000000432133675,0.014000000432133675,0.0,0.0,0.0,0.0,0.0,0
HK.00911,489,0.6499999761581421,0.6499999761581421,0.0,0.2738989545505643,216253.75,140564.93234410882,7.221164794038745,0.6958999979496002,0.38524999871850013,-13.33333651224772,140.74072234424617,132.14284763956562,132.14284763956562,175.42371704159925,0
HK.00912,489,1.090000033378601,1.0800000429153442,0.9259250061011975,0.32786885245901637,68200.0,74338.0022764206,1.2561089457489956,1.0886000084877014,1.1189533865451813,3.8095317027469684,3.8095317027469684,-4.3859607845351665,0.9259250061011975,11.125542588157055,2
HK.00914,489,17.0,16.899999618530273,0.5917182469050446,0.6417309148226318,7204745.9,122480680.30000001,2.919697878927673,18.605703468322755,21.538360204696655,-7.304362133104086,-20.683540899622706,-22.15366031855971,-22.359240399172066,-10.283856814464992,1
HK.00915,489,0.03999999910593033,0.0430000014603138,-6.976749424421009,1.3127037693759651,356660.0,14266.399681121111,3.6206705881186534,0.05413999944925308,0.05947499994188547,-28.571432372745086,-31.034482315661073,-20.000002980232196,-20.000002980232196,-60.784313868715515,0
HK.00916,489,5.199999809265137,5.289999961853027,-1.7013261481454638,0.7813411210114904,31667109.05,164668961.01997828,3.847833730842788,6.300884809494018,6.9913052821159365,-23.190549129758097,-33.549027623806424,-22.81538795827786,-22.24450152356767,-20.303855896096454,0
HK.00917,260,8.84000015258789,8.369999885559082,5.6152959791517905,0.6260756842915921,10006940.85,88461358.640938,8.917284275257218,12.807399940490722,29.123150000572206,-22.59194313896471,-52.625936629823286,-64.92063537716834,-62.22222095427914,-92.50847444695941,1
HK.00918,489,1.0700000524520874,1.0800000429153442,-0.9259250061011975,0.10591265254731737,16116484.8,17244639.58134327,9.78618204711922,0.9691999995708466,0.7010750018060208,3.883503123630685,57.35294723490111,81.35594915501319,87.71930980330154,64.61539872299336,0
HK.00919,489,0.08900000154972076,0.08500000089406967,4.705883074796728,0.08875739644970414,131600.0,11712.400203943253,5.289326154138655,0.092219999730587,0.08441000021994113,-9.18366951291524,4.705883074796728,12.658224624809055,14.10256373517848,12.658224624809055,1
HK.00921,489,26.299999237060547,24.579999923706055,6.997556219256322,1.6766418848144464,1781665.9,46857811.81069679,4.372336976836776,23.713600006103515,23.592300024032593,14.547039572169057,20.201098015668677,5.368590551838161,11.440672931983546,12.674867903732622,1
HK.00922,489,0.1080000028014183,0.1080000028014183,0.0,0.5797901711761457,1456800.0,157334.4040811062,6.070819765438836,0.12586000084877014,0.13251133389770986,-18.18181561619124,-14.96063042939044,-18.18181561619124,-6.08695578935693,-28.12776886672005,0
HK.00923,489,0.01899999938905239,0.019999999552965164,-5.000000931322596,0.7789441655256352,2338500.0,44431.49857129902,7.114604520253309,0.01891999937593937,0.01978999961167574,0.0,-5.000000931322596,-9.523811213283604,-9.523811213283604,46.15383843874806,0
HK.00924,489,0.10999999940395355,0.08699999749660492,26.436784562259536,19.310344827586206,41600.0,4575.999975204468,0.5694876989693481,0.10264000028371811,0.16679000101983546,13.402057896386237,-45.2736335005377,-21.428572188834753,-20.28985350754447,-75.55555504045367,2
HK.00926,488,2.450000047683716,2.450000047683716,0.0,0.0,1306.25,3200.312562286854,0.06130875006448577,2.46340003490448,2.514200016260147,0.0,-0.8097158176053489,3.375534429857653,2.5104577466931395,5.244752379928205,0
HK.00927,489,0.4749999940395355,0.5,-5.0000011920928955,21.73913043478261,14400.0,6839.9999141693115,1.3114639546570759,0.5164999920129776,0.6107507042586804,-8.653843949532288,-8.653843949532288,-31.15942091582278,-25.78124927240422,-15.359938475087498,0
HK.00928,489,0.06700000166893005,0.06599999964237213,1.5151545939038447,0.8241996374134176,3733362.9,250135.32053072154,13.1220618560762,0.07528000049293042,0.09093999983742833,-11.842100232467926,-22.093023960979753,-26.37362304466263,-31.63264957021933,-34.95145476564452,1
HK.00929,489,0.5600000023841858,0.5299999713897705,5.66038351204981,0.10283883730904166,7306464.6,4091620.1934199687,14.35003419540713,0.6854908955097199,0.7014449839293957,-19.28721485578855,1.952998214810271,-26.438977588304823,-27.358488377810914,41.73953166507393,1
HK.00931,489,0.27000001072883606,0.2800000011920929,-3.571425150243618,1.155325333011917,3799150.9,1025770.7837604672,6.499674266974889,0.3641000008583069,0.4274750004708767,-20.588232973867658,-30.769225478877487,-50.0,-44.32989633707962,8.000004291534424,0
HK.00932,489,0.026000000536441803,0.027000000700354576,-3.703704214717449,1.4452733548602605,1854600.0,48219.60099488497,2.88501896527713,0.027960000410676002,0.034220000077039,-7.1428580931862715,-18.75000218278718,-29.729729185494485,-31.57894375664364,-13.333329608042952,0
HK.00933,488,0.4000000059604645,0.38499999046325684,3.8961080178621965,0.37376704401156824,2320377.5,928151.0138305277,4.6510948965285825,0.5055804163217544,0.5862325410544872,-11.111107431811954,-24.64325653537947,-36.417743908776536,-36.417743908776536,16.26469401996786,1
HK.00934,489,3.630000114440918,3.5799999237060547,1.3966534022465158,0.5753588534478542,2067602.8,7505398.400618362,2.1812893694000817,3.768182830810547,3.9645304775238035,-0.0645218289227664,-8.974433629754497,-6.956624192938461,-10.271710925590812,-12.278117333140974,1
HK.00936,489,0.25,0.24899999797344208,0.40160724285009064,1.6935483870967742,131000.0,32750.0,4.402116098454497,0.2641799983382225,0.33723999962210655,-3.8461503192516595,-5.660372265889812,-41.860466083363605,-32.432433303208825,115.51724758074502,1
HK.00938,489,0.42500001192092896,0.41499999165534973,2.4096434859410953,0.8707917146977352,140599.15,59754.640426072474,2.778597042467155,0.443400000333786,0.45617500111460685,-5.555550404536735,-1.1627895694091224,16.438356388082727,46.551732465571895,-36.56716397993547,2
HK.00939,489,8.239999771118164,8.260000228881836,-0.24213628582888497,0.6942458377531718,241953531.3,1993697042.5332317,2.1844366351059477,8.724999961853028,8.020223248004914,-2.9446408332125795,1.9801961500356329,8.707122085159845,5.641020123383446,10.483379955926928,0
HK.00941,489,77.25,77.4000015258789,-0.19380041721155886,1.1635118345605109,19009810.75,1468507880.4375,1.3674998909920872,81.74565521240234,80.80293792724609,-6.497498688927548,1.0372841535910986,-7.04333657592907,-4.592704435986881,-5.310969767215244,0
HK.00943,489,0.15299999713897705,0.1599999964237213,-4.3749996507540265,1.300482600965202,102425.0,15671.024706959724,2.839192883048986,0.17669999957084656,0.20015499979257584,-12.068964631322139,-20.725391601350555,-5.555557599610584,-21.538460127700667,-21.334743144504596,0
HK.00945,489,316.0,312.20001220703125,1.2171645241476925,1.0011192591178442,13789.55,4357497.8,1.5254982873361167,304.7345239257813,276.88145622253415,6.325702227721501,18.90099330965117,16.0516937053032,11.717145888863174,31.691726260929045,1
HK.00947,489,0.18000000715255737,0.18000000715255737,0.0,0.11792306451012276,779110.0,140239.80557262897,7.540193045418294,0.19771999955177308,0.18146500013768674,-1.0988951607495545,-5.2631529414422,20.0,36.363642521141024,53.846161683714065,0
HK.00948,488,0.20100000500679016,0.20999999344348907,-4.285708913186613,20.454545454545453,89000.0,17889.000445604324,3.166964624902011,0.24285999923944473,0.2670250004529953,-7.3732664781612485,-25.55555665934523,-21.176467150827804,-4.285708913186613,-6.944444540259521,0
HK.00950,489,1.0399999618530273,1.0399999618530273,0.0,0.409767344372249,945325.0,983137.9639387131,6.615853446769385,1.1003601694107055,1.527575168609619,-1.8867907552966041,-16.29397152471079,-34.378608822162434,-31.41506402092543,-25.87780467204686,0
HK.00951,489,1.3300000429153442,1.3200000524520874,0.7575750049918888,1.2303210263880329,878400.0,1168272.0376968384,4.486407584810443,1.7180929493904114,1.4627969616651535,-19.8698580398151,-3.619688180376074,1.3410591078795944,-2.252592636787989,3.626945748325873,2
HK.00952,489,0.09000000357627869,0.0949999988079071,-5.2631529414422,0.28776978417266186,45000.0,4050.000160932541,0.24283030316059423,0.11683999985456467,0.13481701843440533,-19.642856430110296,-35.714283433495744,-36.17021141682563,-36.619717866460206,-47.715954828190526,0
HK.00953,489,0.17000000178813934,0.17399999499320984,-2.298846735729269,0.9205256923684358,1643300.0,279361.0029384494,7.021288544730833,0.18790000081062316,0.26719000048935415,13.33333002196431,-31.174086650797435,-37.037038876686495,-43.33333498901785,41.666671323279644,0
HK.00954,489,0.28999999165534973,0.30000001192092896,-3.3333399560713786,1.2790697674418605,36600.0,10613.9996945858,1.2202665658120981,0.3213999968767166,0.3117499996721744,-9.375000582076622,-17.142858115994215,3.571425150243618,1.754384313814067,0.0,0
HK.00956,489,3.109999895095825,3.1500000953674316,-1.2698475892249337,1.216903806233378,6351648.25,19753625.39118558,2.6084080591280423,3.5925999736785887,4.069950002431869,-9.593027809170326,-28.66972936101745,-24.697341188407478,-21.859299492671624,-26.923714708437927,0
HK.00959,488,0.7200000286102295,0.7200000286102295,0.0,,0.0,0.0,0.0,0.7200000286102295,0.7200000286102295,0.0,0.0,0.0,0.0,7.462688160516194,0
HK.00960,489,6.110000133514404,6.03000020980835,1.3266985227616985,0.7143228756434471,25639181.3,156655401.1662,5.815746483922458,8.061000032424927,9.29755491733551,-22.165602449132866,-28.870779685915863,-34.08164378177636,-29.48092727942948,-35.12682510244146,1
HK.00966,489,18.520000457763672,18.399999618530273,0.652178487615554,0.5050154439752782,10629477.15,196857921.6837885,4.670129297049865,21.107800102233888,20.054949955940245,-6.794163686214573,-14.49676552063133,3.869885232810462,-4.091139461562677,32.46349578543831,1
HK.00968,489,2.0299999713897705,2.0,1.4999985694885254,0.7150379462355975,67654000.8,137337619.68840352,4.838031621069653,2.712014889717102,3.1876233053207397,-23.744934613786665,-40.81365439687003,-31.677503232192766,-33.463713484479804,-15.812921272213659,1
HK.00969,488,0.07999999821186066,0.08500000089406967,-5.882356034843122,0.47156726768377255,109200.0,8735.999804735184,1.5065862623834292,0.09504000082612038,0.11740500029176473,-13.978498586272394,-34.959352843798705,-24.52830268251129,-32.20339175682921,-2.439029265698055,0
HK.00970,488,0.3799999952316284,0.3799999952316284,0.0,0.0,163950.0,62300.99921822548,4.060766445835011,0.41470000267028806,0.504500000923872,5.555550036607185,-19.14893697969187,-32.14285828325213,-26.92307515962583,-28.30188382176906,0
HK.00974,488,0.7300000190734863,0.800000011920929,-8.749998975545182,4.753086419753086,20050.0,14636.5003824234,3.195547938524337,0.8144000005722046,1.0231000018119811,-17.9775246284387,-27.722769706298994,-34.82142714593484,-33.63636334080342,-6.410250532086098,0
HK.00975,489,6.150000095367432,5.980000019073486,2.8428106312997024,2.5171383113748904,3718158.6,22866675.744591236,6.051168409269434,8.414599990844726,10.697350001335144,-27.39079219031961,-41.31679041986788,-43.4222616364718,-42.68406003971125,-4.7987606958043205,1
HK.00976,488,0.4300000071525574,0.4300000071525574,0.0,,0.0,0.0,0.0,0.4300000071525574,0.4300000071525574,0.0,0.0,0.0,0.0,0.0,0
HK.00978,489,0.23899999260902405,0.23899999260902405,0.0,0.028790786948176585,369700.0,88358.29726755619,2.735391917412721,0.2643599984049797,0.2744799992442131,-13.090913662240425,-3.6290336632859055,-16.140352418217983,-9.81131867523834,8.63636086548654,0
HK.00979,489,0.3400000035762787,0.36000001430511475,-5.555558315029741,0.6916797361965658,514540.0,174943.60184013844,6.745562624017018,0.30960000038146973,0.2942349999397993,6.250003492459733,19.298248365865444,17.241383917124878,23.63636225708263,42.25942012160595,0
HK.00980,489,0.27000001072883606,0.30000001192092896,-10.0,0.4276845251782019,44420.0,11993.400476574898,6.364341109121796,0.3064000028371811,0.3474750018119812,-15.6249947613104,-18.181818181818183,-26.027396253627717,-15.6249947613104,-22.857138478026023,0
HK.00981,489,84.80000305175781,80.0,6.000003814697266,0.9189261424422189,130979903.2,11107096191.078943,6.9677741258714665,73.95200012207032,70.47949987411499,3.9215743106313647,49.03339328240545,26.28443950083423,12.916118208683145,116.05096318919188,1
HK.00983,488,0.30000001192092896,0.30000001192092896,0.0,0.0,55516.75,16655.025661811233,1.1287923841415148,0.32739999949932097,0.36495000079274176,-6.249994179233778,-19.99999682108561,-16.666666666666664,-11.764703304297399,-23.076917198752763,0
HK.00984,489,0.2150000035762787,0.21799999475479126,-1.376142775547768,0.17325392528424471,45250.0,9728.75016182661,2.8829088067779107,0.26953999847173693,0.3639099984616041,-13.999998569488525,-41.095890970206824,-44.155841843638285,-44.155841843638285,-43.421050980480736,0
HK.00986,488,0.29499998688697815,0.29499998688697815,0.0,0.0,94116.65,27764.41051584631,8.413710704226625,0.3824999988079071,0.7584249985218048,-31.395353027908975,-60.135137420923165,-71.07843211732065,-66.47727403574247,-67.2222228109101,0
HK.00987,489,0.18400000035762787,0.18299999833106995,0.5464491998239219,0.4299647761263183,2266654.8,417064.4840106189,5.111070240484207,0.17884885817766188,0.13435986690223217,7.60786009479542,46.870179124552216,64.67263427877387,62.214825856621005,61.01323596412236,1
HK.00989,489,0.8999999761581421,0.8500000238418579,5.882347166332156,0.31406357039244204,241213.0,217091.69424903393,6.70069614462471,0.6725000017881393,0.7178250010311603,45.16128536069558,28.571427355007227,19.99999682108561,24.999991721577445,-14.285712663819117,1
HK.00990,489,0.5600000023841858,0.5699999928474426,-1.754384313814067,0.32146828670083955,41303420.0,23129915.298475027,6.16748030466032,0.7447999954223633,0.7725499999523163,-27.272725161582777,-32.53011883801963,-19.999998297010123,-22.22222498169641,-1.754384313814067,0
HK.00991,489,2.509999990463257,2.490000009536743,0.8032120823258392,0.5798348347950999,76506528.0,192031384.5503769,4.725193182700129,2.846800003051758,2.5051747822761534,-20.317463032632766,-4.198469461854663,11.555555131700304,14.61186871606482,21.529666230734414,1
HK.00992,489,21.280000686645508,23.440000534057617,-9.215016203919,0.742878699821383,190330353.85,4050230060.617482,7.1186347448515805,17.654399948120115,11.959266600608826,-11.333330472310383,130.3030434390405,124.94715222869957,122.82722787053717,142.13719513783147,0
HK.00993,489,0.08799999952316284,0.08500000089406967,3.529410114750335,0.13946304364416595,211800.6,18638.452699005604,3.99573820860332,0.10033999979496003,0.14039000041782856,-11.11111111111111,-23.47826267235217,-45.34161467688498,-40.93959919477727,-37.58865398130485,2
HK.00994,489,0.32499998807907104,0.3449999988079071,-5.797104579113893,2.916035672219418,2616800.0,850459.9688053131,6.5798269086540735,0.3544999986886978,0.33192999973893167,-13.33333651224772,-10.958909702068233,16.071423819782805,10.169492381566323,73.79677908622895,0
HK.00995,489,16.81999969482422,16.270000457763672,3.380450040479869,1.0909074095209728,1868602.95,31429901.048747633,5.09529881419163,16.088199977874755,13.811699991226197,3.763113169672378,17.704686772043342,22.863405481224145,31.714949818958715,26.053303742537203,2
HK.00997,489,0.017999999225139618,0.01899999938905239,-5.263158926673246,1.074328780028262,399808.0,7196.54369020462,4.541450924393151,0.02109999980777502,0.02774000004865229,-14.285716819925407,-28.00000417232507,-41.93548542155686,-45.454547507047,-43.75000509317009,0
HK.00998,489,6.78000020980835,6.800000190734863,-0.2941173583166078,0.5492813284980016,35043125.7,237592399.5983404,2.96050503863796,7.692153625488281,7.151009221076965,-6.995881408962891,-5.4635339548137924,-0.3242074852195302,-1.1725201506375098,-5.3816637537684455,0
HK.00999,363,6.800000190734863,6.579999923706055,3.3434691425482237,0.5114525964722626,1741369.7,11841314.292139912,4.446768831342004,6.792989387512207,8.497412545681,-5.555550404536735,-9.347941269485592,-25.384904687377695,-20.500388226285303,-10.956002169679719,3
HK.01000,488,0.44999998807907104,0.4950000047683716,-9.090912374911527,0.37735849056603776,4050.0,1822.4999517202377,2.9183644420920203,0.5861999988555908,0.6427999964356422,-18.181822122621057,-36.6197180733797,-23.728812189493883,-11.76470656983444,-33.82353186091747,0
HK.01001,489,0.4300000071525574,0.41999998688697815,2.3809572804273027,0.045112781954887216,83300.0,35819.00059580803,2.6879597719155557,0.40189999938011167,0.39130873888731005,0.0,11.68831631272344,11.54867383893839,7.500000186264512,33.858416885799386,1
HK.01002,489,0.057999998331069946,0.050999999046325684,13.725489050275936,0.23310260586319217,924850.0,53641.29845649004,10.786639453979255,0.05904000021517277,0.055185000244528055,-10.769230063850333,11.538456027677187,11.538456027677187,11.538456027677187,5.45454299154359,1
HK.01003,489,0.20900000631809235,0.20000000298023224,4.500001601874804,1.442880127250484,1925174.8,402361.5453634322,5.604658528835907,0.23525999933481218,0.2882449990510941,-9.130433684035395,-10.683756982690582,-31.475409371530596,-35.69230338948702,-51.3953481763682,1
HK.01004,488,0.15700000524520874,0.17000000178813934,-7.647056709523866,0.0,53600.0,8415.200281143188,2.594169795228167,0.25453999936580657,0.3619600033760071,-38.43136934077261,-51.692304306481596,-74.67741870359129,-69.807690191551,-47.66666699780357,0
HK.01005,488,0.39500001072883606,0.39500001072883606,0.0,0.0,6000.0,2370.0000643730164,0.0,0.394000004529953,0.4358315195143223,8.219178194041364,-12.2222175127193,-7.058823611909541,-11.235951218486386,-44.687976191877205,0
HK.01007,488,0.6700000166893005,0.6700000166893005,0.0,,0.0,0.0,0.0,0.6700000166893005,0.6700000166893005,0.0,0.0,0.0,0.0,0.0,0
HK.01008,489,0.17499999701976776,0.16599999368190765,5.421688964100857,0.7876447876447876,50000.0,8749.999850988388,1.4112186688507602,0.17759079992771148,0.18085720039904118,6.428270430305825,4.222492401215805,-3.756259524249523,1.5906163342019188,-26.854756998656438,1
HK.01009,489,1.5399999618530273,1.5,2.6666641235351562,3.3025099075297226,168400.0,259335.9935760498,3.903170951607783,1.28,1.1906500086188316,15.789467079817967,30.50847714469897,28.33332505491078,29.411755277565295,33.91304293742476,2
HK.01010,489,0.06499999761581421,0.05999999865889549,8.333331781129008,0.9236234458259325,235300.0,15294.499439001083,5.976233374780195,0.07412000015377998,0.0897850001603365,-25.28735691245191,-17.721525792069773,-35.00000335276122,-30.851063998428717,-34.343436395935896,1
HK.01011,489,0.41999998688697815,0.4000000059604645,4.999995157122685,0.19029269394988166,203900.0,85637.99732625484,5.5606921156854,0.5635000026226044,0.7705750015377998,-25.000002660921634,-42.465756724220256,-50.0,-50.588238222788696,0.0,1
HK.01013,489,0.44999998807907104,0.44999998807907104,0.0,0.7684426229508197,81080.0,36485.99903345108,7.607944702803454,0.7419000029563904,0.39870000034570696,-31.818186333685034,30.43477960405066,143.24323366470293,136.84210196096146,60.714280772574114,0
HK.01020,489,0.19300000369548798,0.16899999976158142,14.201185779742499,0.7498023163868087,4383000.0,845919.0161973238,6.936897647179574,0.23774000018835068,0.24215500112622976,-19.583329996094033,-51.13924089789943,54.40000295639038,-14.601766789834217,211.29033362859263,1
HK.01021,60,17.799999237060547,18.950000762939453,-6.068609390918685,0.6441782209619455,925515.0,16474166.293888092,7.007967610315177,19.650400047302245,,-8.764741013636028,,,-3.2608717060269834,,0
HK.01022,489,0.33500000834465027,0.36500000953674316,-8.219178194041364,1.276047501680484,694387.5,232619.81829442084,4.765347769173806,0.5089999961853028,0.6053249987959862,-32.999998331069946,-36.792447843683775,-39.09090889386895,-44.16666749450892,61.83575105270944,0
HK.01023,489,0.46000000834465027,0.46000000834465027,0.0,0.2937023439706298,338950.0,155917.0028284192,0.8390747199632833,0.48540000438690184,0.48414313450455665,-5.1546402521829435,-4.2448964550911255,-9.664990522895287,-9.664990522895287,3.120876803834123,0
HK.01024,489,41.0,40.19000244140625,2.0154205259744895,0.6700385383671701,50635645.45,2076061463.45,4.431554454142594,45.318824005126956,62.03855045318603,-8.423572875822005,-22.483442660206222,-37.52224060686048,-37.05070918737526,-27.872520318917974,1
HK.01025,489,0.20600000023841858,0.2029999941587448,1.4778355497526663,0.4129144832445286,3695655.0,761304.9308811128,6.616617005037956,0.24642000019550322,0.25641588896512985,-19.215684670386306,-20.76922777136391,-28.965515115173133,-9.693877950960793,-25.09091062782221,1
HK.01026,488,0.05900000035762787,0.05900000035762787,0.0,0.0,76500.0,4513.500027358532,0.40601467391714513,0.0779799997061491,0.10054500000551343,-33.7078659210282,-43.269231595848424,-36.55914090481611,-43.80952171457591,-66.28571350720462,0
HK.01027,489,3.0999999046325684,3.2699999809265137,-5.198779121881766,0.17442966436441448,70606.85,218881.22826640608,3.818704255753914,2.787999973297119,3.071599990725517,18.320612215258134,-4.320990879385587,-31.56733419304367,-11.68091415796773,195.238099563149,0
HK.01028,489,0.8199999928474426,0.8199999928474426,0.0,0.1567530989968694,6073700.0,4980433.956557512,11.606594501067528,1.0691999971866608,0.7164049997925759,-46.4052282234621,17.142858115994215,-2.3809501846360366,13.888883369940519,261.2334800605394,0
HK.01029,489,0.41499999165534973,0.4350000023841858,-4.597703590624888,8.594050548581254,415583.3,172467.0660321027,2.1037116760564625,0.49969999492168427,0.5399249985814094,-16.161618655025418,-23.14815274727179,-16.161618655025418,-16.161618655025418,-38.970590104384385,0
HK.01030,489,1.3600000143051147,1.3300000429153442,2.255636873816254,0.8799493377022675,24879242.3,33835769.88390042,5.122935562165905,1.906200006008148,2.1858999997377397,-25.2747266422995,-35.23809161586269,-34.299514098313,-34.299514098313,-39.8230079626531,1
HK.01033,489,0.5600000023841858,0.5600000023841858,0.0,0.421865282140906,56929985.3,31880791.90373166,5.099157834747961,0.7259999978542327,0.8138999965786934,-19.999998297010123,-43.43434373841774,-21.12675784386655,-18.84057908417722,-34.883721736136344,0
HK.01036,489,1.590000033378601,1.6399999856948853,-3.048777606854592,0.185581727337616,68700.0,109233.0022931099,1.3865635504170328,1.6195281314849854,1.5867753207683564,0.07072084316411324,5.992058872261322,-6.7049022659471404,-0.4852300117839975,23.53556827352255,0
HK.01037,489,0.41999998688697815,0.4350000023841858,-3.4482794057458057,0.400407366828204,701645.4,294691.05879930855,7.858787755119242,0.5333999961614608,0.6095349986106158,-32.25806715213047,-26.31579084959939,-32.25806715213047,-44.736843137199536,80.25750869847307,0
HK.01038,489,60.25,60.25,0.0,0.5600732221001335,3312337.3,199568322.325,2.4399148508687625,61.39680290222168,57.45540502548218,1.5164305796424609,-4.460213784373206,17.52479497010793,8.674418743864598,20.324633676367217,0
HK.01039,488,0.052000001072883606,0.052000001072883606,0.0,0.0,303350.0,15774.200325459242,2.7228490091591966,0.054239999949932095,0.05000499999150634,1.9607883240342294,-10.344823156610696,4.000000596046439,1.9607883240342294,0.0,0
HK.01044,489,22.020000457763672,21.81999969482422,0.9165937934769725,0.5613222859626313,4706122.7,103628824.008292,3.1515339958196615,24.81770118713379,26.2244162940979,-9.531633854889481,-17.04660672996993,-21.463908112784328,-19.629729953817534,6.51801584647145,1
HK.01045,489,2.180000066757202,2.240000009536743,-2.6785688626827135,0.8795234103838071,4416295.2,9627523.830819512,6.223742173650946,3.2645816659927367,2.9038210672140123,-35.63050138269792,-29.944869675732004,9.938006156159847,-40.62171972641106,11.243686064128024,0
HK.01046,489,0.36000001430511475,0.36000001430511475,0.0,4.516056192642054,38000.5,13680.180543601513,2.2765472319496634,0.3418000012636185,0.3703000010550022,4.347830593924006,7.462688160516194,-11.111107840623067,-12.195117696277553,-6.493500461665078,0
HK.01047,489,0.3199999928474426,0.33000001311302185,-3.0303090509739805,,1000.0,319.9999928474426,0.0,0.34139999985694885,0.3371999999880791,-1.5384601277006635,-1.5384601277006635,-13.513516561230885,-13.513516561230885,6.666660043928621,0
HK.01049,488,1.0399999618530273,1.0399999618530273,0.0,0.0,235258.45,244668.77902560236,5.5693725793002455,1.1635999882221222,1.0942499920725823,-9.565218833533967,-22.388064481548582,-1.8867907552966041,-7.1428609441737585,3.9999961853027344,0
HK.01050,489,2.0,2.059999942779541,-2.9126186624346984,0.7802209515223902,10453541.9,20907083.8,8.493522309605003,2.7056000137329104,2.4863489937782286,-33.774834018826226,-12.663754003662275,-23.664118803073162,-21.568625984353197,156.9017000358696,0
HK.01051,489,7.78000020980835,8.010000228881836,-2.8714108926510407,0.06429589466335171,65458.2,509264.8097336769,3.5068493223236277,8.095799942016601,9.920149977207183,18.237086626384315,-29.272725365378637,-30.597679006837957,-33.04646913570925,-18.736145639616343,0
HK.01052,489,3.7200000286102295,3.700000047683716,0.5405400180747055,0.7876415274264447,1977020.35,7354515.758563006,2.462856567287091,3.8505933237075807,4.166809762716293,-3.8184174766450316,-14.123590435840027,-11.557163741115506,-17.440700560889372,8.098507386994019,3
HK.01053,489,0.8899999856948853,0.8799999952316284,1.136362558800321,0.8327372819068384,8227050.0,7322074.382311106,6.187310943600409,1.0270000088214875,1.2052000042796136,-8.247426861416132,-23.93162236411185,-23.275861094454353,-26.44628449286202,0.0,1
HK.01055,489,3.4800000190734863,3.5799999237060547,-2.793293485019055,0.7329909809436024,21458684.65,74676222.99129193,4.208040837195818,3.8928000020980833,4.724749999046326,-10.769232462143716,-18.691592325194904,-32.03124810825098,-40.61433549854829,-10.077516227865575,0
HK.01057,489,3.5399999618530273,3.549999952316284,-0.28168987598808554,0.4478502276159005,7279242.0,25768516.402318954,4.359262408544398,4.744799957275391,5.09380000591278,-26.096033610748364,-38.00350370922521,-9.693880281762098,-28.48484649985136,-26.859507226250162,0
HK.01058,488,0.39500001072883606,0.39500001072883606,0.0,0.0,22100.0,8729.500237107277,1.0698806409757742,0.37630000412464143,0.3973500017821789,19.696968191801957,2.597407925529181,3.947372548798166,9.722220842485129,41.07143180254769,0
HK.01059,489,0.3700000047683716,0.36500000953674316,1.3698616715036243,0.02205208253729328,570506.5,211087.40772038698,4.918050613719658,0.40559999883174896,0.4031750003993511,-16.853930176305184,-21.27659453046219,-2.6315764707211,-13.953488694454535,39.62265084586868,1
HK.01060,489,0.4650000035762787,0.45500001311302185,2.1978000384744694,0.6202744719771736,187603156.85,87235468.60617118,5.547404030349366,0.5799999994039535,0.8188999964296818,-19.827583283363058,-29.54545680320615,-43.97590205707123,-47.75280774715736,-51.56249854480844,1
HK.01061,489,2.759999990463257,2.7300000190734863,1.098900043229742,1.0632478369070275,663555.0,1831411.7936718464,4.99791031333481,2.9403384351730346,3.8839865458011626,-9.210525490240366,-22.992795316776295,-28.451535334577738,-25.822454788254678,-42.487233079576455,2
HK.01063,489,0.05299999937415123,0.052000001072883606,1.9230736166063123,3.1234197544276605,703239.6,37271.69835987836,7.804373061279882,0.09063999958336354,0.10531500009819865,-32.05128425559579,-49.03846319169685,-54.31034405240687,-43.0107547125522,-51.81818212605705,1
HK.01064,489,0.06499999761581421,0.07000000029802322,-7.1428609441737585,5.2543346191972695,135102.6,8781.6686778903,3.993164308909267,0.07220000095665455,0.07381000060588122,-10.958906066956837,-18.750001164153243,-10.958906066956837,-1.5151545939038447,80.55555670533656,0
HK.01065,489,3.640000104904175,3.680000066757202,-1.086955465418649,0.8920992610727275,850520.3,3095893.9812231306,3.107387315598238,3.999888095855713,3.965218220949173,-8.99999737739563,-11.48237383806341,-3.7563976889835877,-8.545762889134208,-7.890964404616025,0
HK.01066,489,3.2300000190734863,3.0999999046325684,4.19355220774842,0.550194630957309,23638862.7,76353526.97187552,3.543277150177145,3.3899260854721067,4.688944028615952,-1.9358609260833228,-27.742214965652007,-36.635478944241605,-34.753367418492296,-44.0292890593711,1
HK.01068,489,0.07800000160932541,0.07999999821186066,-2.4999958090483205,0.16685322583382742,672221.8,52433.301481823626,7.1356400497288055,0.09849999979138374,0.11957000039517879,-17.02127204242456,-32.17391287446698,-32.17391287446698,-29.090907243657693,-45.0704232003097,0
HK.01069,489,0.2280000001192093,0.2290000021457672,-0.43668210357543275,0.19470586636606244,1223040.5,278853.2341457978,7.410682232347021,0.3045522627234459,0.39366306461393835,-18.5714288755339,-26.451613430426097,-49.89011130806843,-45.71428399102212,-50.43478348192059,0
HK.01070,489,12.930000305175781,12.609999656677246,2.537673728873485,0.7284386663978919,7732078.45,99975776.71814309,4.506950840104024,13.921416492462159,11.417804865837097,-2.9122831992651226,19.97267493615598,22.48805798874794,28.337535181843776,46.19344206224794,1
HK.01071,489,3.8499999046325684,3.759999990463257,2.393614744616607,0.7447976873674231,12777905.95,49194936.68890393,3.9652764521061874,4.274415278434754,4.1946672391891475,-14.812828537346615,-12.185918375892452,-6.633264941012346,-1.3178362837734239,-11.590051613490989,1
HK.01072,489,21.65999984741211,21.5,0.7441853368005087,0.6901998688869131,12622576.65,273405008.3129477,5.841810739490059,33.07943840026856,27.124890475273133,-30.764732299249893,-39.56965331865476,1.4524050245932842,-14.004768022715428,57.53834022790048,1
HK.01073,489,0.10000000149011612,0.10499999672174454,-4.761900369272073,11.440128292867284,127151.0,12715.100189469755,1.2351241245614148,0.10101952955126763,0.11202084396034478,-6.54205535892754,-15.71919486670855,0.806457791031934,-3.9041273166552886,-3.9041273166552886,0
HK.01075,489,2.0399999618530273,1.940000057220459,5.154634107374385,4.221343873517786,76600.0,156263.9970779419,4.872549751406561,2.366590888500214,2.7963509172201158,-5.499620402781695,-30.219917381637444,-32.45645880899249,-32.67225607956848,4.4926293591464415,2
HK.01079,489,0.2549999952316284,0.24799999594688416,2.8225804028817403,0.8074245939675174,637900.0,162664.49695825577,3.953897927032419,0.2758599990606308,0.310940001308918,-3.7735815105932082,2.8225804028817403,-22.72727724277594,-13.559319807927558,264.2857059228177,1
HK.01080,489,0.06599999964237213,0.06599999964237213,0.0,0.011621825788831426,1281300.0,84565.79954177141,6.493096436229213,0.06888000056147575,0.08259000055491925,3.1249945430320487,-20.481925115198997,-18.518519199870195,-24.137929262644278,65.00000279396778,0
HK.01081,16,63.25,64.55000305175781,-2.013947312621252,,,,,,,,,,-4.743978092607748,,0
HK.01082,489,1.440000057220459,1.4600000381469727,-1.3698616715036243,2.1495470597267006,103400.0,148896.00591659546,1.4879868753264807,1.425399990081787,1.483599995970726,7.462688160516194,-3.35570147625903,-5.2631529414422,-2.7027000903735274,-3.9999961853027344,0
HK.01083,489,3.009999990463257,2.9600000381469727,1.6891875564834549,1.093714541868806,1816711.2,5468300.694674492,1.8744777448627612,3.2883442306518553,3.5356215834617615,-8.51063752693985,-10.782262334820738,-20.49457414106232,-16.698558014033864,-16.320566765156556,1
HK.01084,489,0.6600000262260437,0.6600000262260437,0.0,1.295774647887324,36500.0,24090.000957250595,3.5665611708309766,0.6534141087532044,0.6394999825954437,1.7964143970930238,-4.020524576869346,8.363926288796652,4.977552950179628,-7.964891061086149,0
HK.01085,489,1.8899999856948853,1.7999999523162842,5.000001986821545,0.9979838709677419,206400.0,390095.9970474243,10.150282965158123,1.5587999939918518,1.5752000004053115,22.727274838417223,34.042555350100365,27.70270009037353,18.867921133234972,54.91802798135098,1
HK.01086,489,0.8199999928474426,0.8199999928474426,0.0,0.5532980072169306,1495000.0,1225899.9893069267,3.920244934560222,0.8726337158679962,1.0349876493215562,-5.564184877136049,-17.25623374235531,-21.728871919251226,-24.45134997609539,-26.372069320515006,0
HK.01087,489,1.600000023841858,1.0299999713897705,55.33981245484804,11.537528430629264,503575.5,805720.8120061755,10.756613004303075,0.7932000005245209,1.052824997007847,128.57143586995662,86.04651130554547,46.788988517958444,41.59292306137474,310.25643141782336,4
HK.01088,489,41.099998474121094,40.619998931884766,1.1816828036879916,1.0333072700424735,15288112.75,628341410.6971912,3.1462824924306654,45.12640014648437,42.267336502075196,-8.828755978869218,-15.8131939142998,5.709869714552138,3.6308588811125446,30.185388294149057,2
HK.01090,488,0.7099999785423279,0.7099999785423279,0.0,0.7441860465116279,133800.0,94997.99712896347,3.183433914738161,0.7563999962806701,0.8329499980807304,-4.054058190241914,-15.47619039171677,-18.390807511390996,-16.470593102662896,9.230769936149668,0
HK.01091,489,0.42500001192092896,0.4099999964237213,3.6585403970846935,0.3007504709904015,5912552.8,2512835.010483122,4.881527859011436,0.5127999991178512,0.5038749976456165,-18.269225478877487,-29.166667494508925,2.4096434859410953,-24.107141051517463,37.09677698460874,1
HK.01093,489,7.150000095367432,6.690000057220459,6.875934741592395,1.5917911324254246,94383242.45,674840192.5185875,4.589402442076912,7.5806632995605465,8.496450598239898,-2.5291486828213263,-16.928249754684487,-4.937402664670061,-13.793465645217632,-8.703431305842873,2
HK.01094,489,0.2549999952316284,0.2800000011920929,-8.928573519295567,0.07587307215032796,113248.0,28878.239459991455,3.0656759769538815,0.34729999899864195,0.39127500012516975,-23.88060033440874,-47.959185659463344,-28.16901325682895,-27.142857264499277,-44.56521943352394,0
HK.01097,489,0.06199999898672104,0.0560000017285347,10.714280487475508,1.2074660446085366,12941300.2,802360.5992868528,11.167620849195629,0.05494000017642975,0.0800700000114739,8.771927990007857,5.084743408319849,-46.5517234734916,-45.61403600499607,63.15789731668312,1
HK.01098,489,0.5699999928474426,0.5400000214576721,5.555550036607185,1.4171974522292994,128150.0,73045.49908339977,1.7388280416261361,0.6148000037670136,0.6633500027656555,-6.557380413054316,-10.937499126885067,-14.925376321032388,-13.636368151866849,-32.94117919301484,1
HK.01099,489,16.15999984741211,15.789999961853027,2.343254505718573,0.9870979204812216,7808506.7,126185467.08051644,2.2994980830149925,16.983990383148193,18.567884316444395,0.36983749492819507,-18.587842794910884,-15.677371691920678,-13.925104374456792,-7.50231285321914,1
HK.01100,489,1.4700000286102295,1.4199999570846558,3.5211319039915216,0.1342281879194631,28800.0,42336.00082397461,1.9289245288375334,1.49061537027359,1.356650921702385,-2.649004112957355,5.434488277911755,19.43750944361147,20.3779659461644,15.55555014122957,1
HK.01101,488,0.019999999552965164,0.019999999552965164,0.0,,0.0,0.0,0.0,0.019999999552965164,0.019999999552965164,0.0,0.0,0.0,0.0,0.0,0
HK.01102,489,0.0689999982714653,0.07000000029802322,-1.428574317572056,0.0831719195757242,3988125.0,275180.61810638756,7.05211672449855,0.06270000033080578,0.05212500017136335,4.545452492952992,30.188677521225543,37.99999448657044,60.46510680970049,21.052628483138257,0
HK.01104,489,1.3300000429153442,1.409999966621399,-5.673753588643565,0.6560683391904384,10225434.85,13599828.789328055,4.361978580932589,2.010526556968689,2.195804904103279,-20.359276820752413,-42.9184512246734,-29.99999686291339,-49.62121249750406,5.443219565203625,0
HK.01105,489,0.17299999296665192,0.17499999701976776,-1.1428594783861208,1.0543908790168055,83466.85,14439.764462948591,1.4727994794650094,0.18435999900102615,0.21426999919116496,-5.464483855528111,-18.779345843219637,-20.64220315177339,-13.500004805624414,-16.826928174398603,0
HK.01107,488,0.013000000268220901,0.013000000268220901,0.0,,0.0,0.0,0.0,0.013000000268220901,0.017605000012554228,0.0,-38.09523598339549,-23.529414342761314,0.0,-38.09523598339549,0
HK.01108,489,2.4000000953674316,2.4100000858306885,-0.41493734884287353,0.21509556203433755,15530000.0,37272001.48105621,8.425761496009848,3.197000002861023,3.8317500162124634,-21.568622867770404,-38.46153752103127,-34.959348017591545,-35.999997456868485,-40.44665085807611,0
HK.01109,489,30.540000915527344,30.15999984741211,1.2599504974726998,0.5138381715641787,31555648.8,963709543.2420594,4.248228896217987,33.435108795166016,30.030501194000244,-10.879888058268476,7.1382731753111175,11.70058429532265,13.55420430706909,16.750946355505924,1
HK.01110,489,0.36500000953674316,0.36000001430511475,1.3888875091517963,1.0684769775678866,1360200.0,496473.01297187805,6.212868609460593,0.43739999949932096,0.4995999957621098,-14.117647223819082,-23.157891764865322,-28.431369340772616,-31.132069954713966,-35.964909804054436,1
HK.01111,489,0.20000000298023224,0.20800000429153442,-3.846154397232281,0.7944720290794034,226800.35,45360.07067591772,3.0664216459613183,0.24297999769449233,0.2798449978977442,-21.56862481563465,-28.57142781116525,-23.076919109158116,-31.034479746495276,-21.56862481563465,0
HK.01112,489,10.609999656677246,10.390000343322754,2.1174139180455094,0.4694286562909145,2086401.45,22136718.668190908,5.505717471026513,12.398469429016114,13.230116295814515,-12.961443626697594,-12.215378725448392,-20.053292578353464,-18.228032503306597,-11.921429234185918,1
HK.01113,489,44.459999084472656,44.08000183105469,0.8620626988047398,0.8549431012445284,5226008.35,232348326.45644644,2.361979249702168,47.219430694580076,42.2807053565979,-6.083652426768731,0.1319723312588851,16.62489789624487,13.499466631712556,37.527110308926545,1
HK.01114,489,1.9500000476837158,1.940000057220459,0.5154634107374384,0.6806322370711587,30116376.8,58726936.196060754,4.434345512797302,2.682199993133545,3.5241104555130005,-25.572514013007098,-31.09540281788864,-52.20588029049669,-52.08845293763896,-17.77395635196706,1
HK.01115,489,0.41999998688697815,0.4050000011920929,3.7037001606749893,0.4277762779692239,9777360.0,4106491.0717892647,4.690840264992764,0.4633999991416931,0.5389999967813491,-8.69565668088043,-19.230768789906456,-20.754715177502643,-25.000002660921634,47.368418300801224,2
HK.01116,489,0.20100000500679016,0.20000000298023224,0.5000010058283656,0.16736401673640167,350500.0,70450.50175487995,2.1176033278304085,0.23989999979734422,0.28126499965786933,-17.622949693375023,-24.15093741242053,-41.739128782227866,-39.090909994009735,-40.0,1
HK.01117,489,1.0099999904632568,1.0,0.9999990463256836,0.9372986860703307,17063958.5,17234597.92226541,5.045572689773394,1.1819999945163726,1.3343499997258186,-11.40350849674679,-30.344830534545945,-23.48485224776783,-37.65432175985289,-7.339453253719029,2
HK.01118,488,1.149999976158142,1.1399999856948853,0.8771921569070334,0.0,17375.0,19981.24958574772,0.1304346609205723,1.1134208464622497,1.0799314919114114,1.8326049521755428,3.603600120498037,11.34965809283406,2.7104689649195413,28.47378089297737,1
HK.01119,489,0.3050000071525574,0.3050000071525574,0.0,0.5914246509165849,3839080.0,1170919.42745924,6.052235921447304,0.39040000140666964,0.6375749984383583,-15.277779157514871,-32.222218837267,-50.806450837608686,-46.49122614389419,-61.8749996740371,0
HK.01120,488,0.7300000190734863,0.7300000190734863,0.0,0.0,10500.0,7665.000200271606,4.031807032457606,0.7892000007629395,0.8817000013589859,-2.6666641235351562,-27.722769706298994,-14.117647223819082,-23.157891764865322,-27.722769706298994,0
HK.01121,489,0.5799999833106995,0.550000011920929,5.454540134461573,0.02951299717963961,996101.3,577738.737375766,11.650494623322574,0.9552000004053116,1.2759499962627887,-35.55555570272752,-54.330709289651544,-47.27272993276922,-55.03875965410453,-66.08187307766312,1
HK.01122,489,0.7099999785423279,0.7099999785423279,0.0,1.9839657936932122,492750.0,349852.48942673206,5.8348116648815544,0.9238000023365021,0.9156000000238419,-17.441864333454436,-19.318183819370834,-8.974358386541944,-26.041667248743288,-2.7397315080268676,0
HK.01123,489,0.10999999940395355,0.1120000034570694,-1.7857178494485173,0.7037815126050421,193900.0,21328.999884426594,1.1539028985811,0.11324000090360642,0.11850999966263771,-0.9009027150183835,-4.347828340440215,-8.333331781129008,-5.982905438630968,-12.698414575606066,0
HK.01124,489,0.125,0.11900000274181366,5.0420143865073115,1.4469938033830179,285400.0,35675.0,2.0832787511257447,0.16415999993681907,0.24592499855905772,-13.793100967701989,-41.31455385923285,-54.54545553065526,-47.698743152479786,-13.793100967701989,1
HK.01125,488,0.75,0.7400000095367432,1.3513500451867637,0.0,4836.15,3627.1124999999997,0.7500000186264513,0.8959999895095825,0.9518499940633773,-14.772726810914424,-24.24242497220256,-26.470586860331117,-21.05263058828844,-33.62831830399571,2
HK.01126,489,6.340000152587891,6.380000114440918,-0.626958638487933,0.33093525179856115,576775.0,3656753.5880088806,2.6042761990255356,6.831189193725586,8.479128670692443,-4.947525036452663,-15.223318888421023,-20.780793885128567,-22.263252721265346,-30.16580858207842,0
HK.01127,489,1.2300000190734863,1.2200000286102295,0.8196713302251629,0.38897090674422513,219238.0,269662.744181633,0.879298299284924,1.2731999778747558,1.2484498405456543,-3.14960334281626,2.1058489955852377,-6.584014820547485,-3.8565423891294963,-2.383988609244582,2
HK.01128,489,5.070000171661377,4.980000019073486,1.8072319727547885,0.4328963807054645,14489191.3,73460202.37823454,3.726775006452436,5.439176464080811,5.841631739139557,-6.578217635963169,-0.9694091533079753,-14.173486334108087,-12.027822959874245,5.8306716976715,1
HK.01129,488,0.16300000250339508,0.16300000250339508,0.0,0.0,260398.0,42444.87465187907,4.436307154528028,0.28378000140190124,0.4576199990510941,-22.009570537852763,-65.68420956867882,-58.20512603020519,-42.80701594779804,-34.79999899864197,0
HK.01130,489,0.6299999952316284,0.6100000143051147,3.2786853209006517,0.16335996599934574,729460.1,459559.85952166317,3.337684652301409,0.6295999920368195,0.577774993777275,-1.5624985448084445,-1.5624985448084445,-1.5624985448084445,14.545451195772102,0.0,1
HK.01132,488,0.06499999761581421,0.06400000303983688,1.5624914507502095,6.965205559529517,817250.0,53121.24805152416,3.512090974872951,0.06162000015377998,0.0686450001038611,4.838707545359315,-17.721525792069773,-7.1428609441737585,0.0,58.53657517172225,1
HK.01133,489,15.640000343322754,15.25,2.557379300477075,0.5242176223480404,7063494.75,110473060.31505847,4.871069610978816,20.317397480010985,17.644488282203675,-20.244773806550306,-30.688932961312716,11.8705022966234,-9.525844700532216,159.21212437329692,1
HK.01134,489,0.3449999988079071,0.3400000035762787,1.4705868173635692,0.006926167059149467,2888600.0,996566.9965565205,6.149786470391037,0.34260000467300417,0.27289999939501286,-4.166670805877945,11.290321340173895,39.11290501867512,40.24389808066386,98.27586708917455,1
HK.01137,489,1.0800000429153442,1.0800000429153442,0.0,0.19554657758686883,1080774.65,1167236.668381816,3.9629256735673692,1.0928000116348267,1.3353500026464462,-2.7027000903735274,-18.79699187467716,-22.857138478026023,-22.302154386323007,-31.210190647538006,0
HK.01138,489,15.25,16.829999923706055,-9.38799721252839,0.9539639282453288,40152786.65,612329996.4125,6.82817765325263,17.16639995574951,13.80480000257492,-4.627891067608293,-20.61425962104029,65.76087300178017,57.70423867302187,127.27093325249194,0
HK.01141,489,3.859999895095825,3.390000104904175,13.864300166590581,0.4197920152965412,25743078.6,99368280.69544359,8.841254667288565,2.4583999824523928,1.4720499953627586,83.80952716144049,159.06039398589937,376.54319552273455,428.76709510157605,808.2352439589993,2
HK.01142,489,0.06199999898672104,0.0689999982714653,-10.144926753772236,2.618648826680613,42316881.25,2623646.5946211945,10.04928901207615,0.112240000218153,0.7069250030815601,-43.11926561607554,-47.89916171578728,-71.68949776349898,-73.0434791904316,-97.46938784571302,0
HK.01143,489,0.375,0.375,0.0,11.499529159549796,608866.05,228324.76875000002,4.008793567356874,0.35480000138282775,0.3879749961197376,13.636359120860423,-3.8461503192516595,2.7397233430072485,0.0,4.166662527455388,0
HK.01145,489,0.10599999874830246,0.11299999803304672,-6.194689740345943,0.918133129303749,121700.0,12900.19984766841,3.019397516976679,0.147600000500679,0.15544000081717968,-27.397260064254624,-26.896550483850994,-35.75757906894478,-34.56790219981611,-43.915343268755066,0
HK.01146,489,0.04600000008940697,0.04600000008940697,0.0,0.09528834743734457,2033615.0,93546.29018181935,12.285202998567609,0.04721742019057274,0.041100485352799296,-21.64835632014701,30.586072799754987,44.33198001986605,61.31219854466663,-16.899770256841517,0
HK.01147,489,0.1459999978542328,0.1459999978542328,0.0,0.1020259437399796,3338000.0,487347.99283742905,7.080313749339344,0.1347800014913082,0.1378850008174777,-2.0134268459512996,5.035970760276549,12.307694776523839,11.450382374041675,15.873012306348475,0
HK.01148,489,0.22499999403953552,0.2199999988079071,2.272725117600642,1.8254231662794558,317800.0,71504.99810576439,3.138461960284756,0.2406599998474121,0.2931899991631508,-4.255321442460307,-15.09433728853283,-29.68750029103831,-31.818186333685034,23.492090598142127,1
HK.01150,489,0.0989999994635582,0.09099999815225601,8.791210410704666,2.150537634408602,51500.0,5098.499972373247,2.190229034385438,0.10439999952912331,0.16488999906927349,4.210527058783669,-31.72413633637985,-32.19178019276387,-42.10526476312906,-20.161289450374266,2
HK.01152,489,0.3499999940395355,0.3449999988079071,1.449273985189887,0.17157026196293354,15492200.0,5422269.907659292,15.09754279054995,0.3051799988746643,0.3036999998241663,7.692309808449005,18.64407104995203,41.12903216115269,22.80701699349358,379.45205367602466,1
HK.01153,489,0.3400000035762787,0.3400000035762787,0.0,0.054884742041712405,80650.0,27421.000288426876,4.955226233570145,0.33820000052452087,0.4016000011563301,15.25424362359079,-9.333332379659016,-8.108108325802206,-31.999999284744263,-28.421050980480732,0
HK.01156,489,0.23999999463558197,0.23800000548362732,0.8403315570899159,2.069011141199208,1333838.7,320121.2808447316,6.45430751379544,0.22117999970912933,0.18143499992787837,0.0,19.99999552965171,64.38356038552774,33.33332505491078,139.9999910593034,2
HK.01157,489,7.050000190734863,7.269999980926514,-3.026131922542493,0.8706285278768399,8579909.05,60488360.438987784,4.114142732135744,7.6286758708953855,7.728776543140412,0.8257732358090301,-15.174576633705538,-4.294794560912105,-5.344555637880227,26.509540161707168,0
HK.01159,489,2.619999885559082,2.630000114440918,-0.3802368230680391,0.13741823988146182,285539.5,748113.4573225975,7.638526620362103,2.6482000064849855,2.425550003647804,19.09090130782341,-19.877678873357738,47.191007172515,30.9999942779541,-24.92837024642712,0
HK.01161,489,1.100000023841858,1.0800000429153442,1.851850012202395,0.24266144814090018,246300.0,270930.0058722496,2.579302044833769,1.0556256330013276,0.9248940795660019,-3.4363788274484177,20.9586485199901,26.89937474944939,25.54937304357806,15.702365245162255,1
HK.01162,489,0.17900000512599945,0.17000000178813934,5.294119554819925,0.4679102118242175,1238800.0,221745.20635008812,5.0914153399282345,0.18831999987363815,0.20006500020623208,-5.789469804129724,0.5617988815423003,-12.682923567146123,-3.763440386423953,-29.803918245800208,1
HK.01163,488,0.18299999833106995,0.18299999833106995,0.0,0.0,89375.0,16355.624850839376,2.0913028332050865,0.17598000019788743,0.1572700000926852,21.192057424143712,6.395344253631617,-2.1390416944038093,14.37500151339922,31.654676413241152,0
HK.01164,489,2.5199999809265137,2.5199999809265137,0.0,0.717393502619229,49830588.6,125573082.32155696,6.2141393777963465,3.4258359622955323,3.614151269197464,-21.099410905635914,-31.176388582399046,-15.294013746871604,-21.829973536673915,8.117303736227496,0
HK.01165,488,0.024000000208616257,0.024000000208616257,0.0,,0.0,0.0,0.0,0.024000000208616257,0.023855000184848905,0.0,0.0,0.0,0.0,49.999994179234186,0
HK.01166,489,0.17000000178813934,0.1770000010728836,-3.9548018318157303,0.05504650276374615,170682.8,29016.076305204628,2.525241255975456,0.30721999853849413,0.5094549987465143,-20.560747403246378,-70.17543790853364,-67.3076907646726,-79.51807166187591,-60.000000701231095,0
HK.01167,489,4.650000095367432,4.269999980926514,8.899300143754678,0.983769725690684,3375314.6,15695213.211895084,7.702817979950705,5.601000032424927,7.091400001049042,-5.102040717026833,-30.38921834038536,-44.839858516820414,-27.570092833211874,-3.526972411607799,1
HK.01168,489,2.930000066757202,2.880000114440918,1.736109386439745,0.3068225366062298,152160.65,445830.71465781925,8.776924370949594,3.2298000144958494,4.912100006341934,7.326009021479505,-31.54205787087094,-42.99610616992974,-42.32283246532699,-53.785489018305135,1
HK.01170,489,0.4399999976158142,0.46000000834465027,-4.347828340440215,0.4549431321084864,116900.0,51435.99972128868,0.8442996005921457,0.48020000457763673,0.4864765693247318,-9.278353682891009,-6.3829789932306245,-15.259261963298709,-15.384612739438744,-23.408399995849805,0
HK.01171,489,11.680000305175781,11.470000267028809,1.8308634111424578,0.5906899250986687,52345020.0,611389849.5744324,5.6012646121210885,14.323000030517578,12.362425665855408,-19.780219996152553,-30.517545055014132,18.699188252593434,19.794874924879807,47.80506657937254,1
HK.01172,488,0.017000000923871994,0.017999999225139618,-5.5555463573075095,0.20859407592824364,242200.0,4117.400223761797,3.328514189386654,0.018799999579787254,0.022309999968856572,-5.5555463573075095,-14.999993480741832,-31.999997317791024,-34.615382411070875,-52.77777317865375,0
HK.01173,488,0.027000000700354576,0.027000000700354576,0.0,0.0,251834.1,6799.520876373164,1.7386614297637586,0.02926000013947487,0.032664999952539804,-3.5714290465931358,-9.999995653827888,-15.625001818989318,-15.625001818989318,12.500001940255348,0
HK.01176,489,0.014000000432133675,0.014999999664723873,-6.666661699612825,0.22523621909975244,2686000.0,37604.00116071105,12.587481795300423,0.023540000319480895,0.04294500001706183,-41.666665373163106,-46.15384560276772,-73.58490453310901,-70.83333268658156,-79.71014379296975,0
HK.01177,489,4.489999771118164,4.260000228881836,5.399049997156887,1.2507648876102246,91993457.0,413050600.87436867,4.5301039706728305,5.0634518909454345,6.398684914112091,-8.990521154781447,-24.05730673076163,-32.52046305284713,-28.594769730141927,-7.844744988387878,1
HK.01179,489,33.58000183105469,32.41999816894531,3.5780497459143206,1.177421222061042,2403293.3,80702593.41456145,3.1225844576360595,36.592396621704104,36.06701185226441,-4.275940483766224,-17.012008601989965,-9.814985812153672,-9.621447492827711,27.49900694612669,2
HK.01180,489,0.7799999713897705,0.7699999809265137,1.2987000923330156,0.37778505801066653,889746.75,694002.4395441413,8.961947660322636,0.6543111169338226,0.6539846974611282,14.705876939024536,77.59504989905106,32.46844666901716,28.263092560801635,-0.5654963420882447,4
HK.01181,489,0.11900000274181366,0.12099999934434891,-1.652889763117717,2.632631093341535,356850.0,42465.150978416204,6.3131748168666455,0.13123999997973443,0.18083499919623136,8.181821260570512,-37.368418823648994,-37.696333526372285,-43.33333025849045,-31.21386845099322,0
HK.01182,489,0.8799999952316284,0.9200000166893005,-4.347828340440215,1.0298253548133158,142705.9,125581.19131952524,3.996803363163527,0.8324000024795533,0.7038749977946281,9.999997764825855,2.3255791388182447,23.9436650460639,37.500002328306486,72.54902189944814,0
HK.01183,489,0.14499999582767487,0.1340000033378601,8.20894941478471,1.621675071689904,390587.5,56635.18587034196,4.685287675523686,0.153540001809597,0.15604500070214272,-7.051286643602345,-13.690477510377816,5.072463376886118,7.40740004880958,28.318582612072063,1
HK.01184,489,6.5,6.670000076293945,-2.548726751865384,0.5424328434812328,216938.45,1410099.925,5.241071570857921,6.015600566864014,4.825091309547425,7.260727085397366,48.673806447616144,49.99241867238079,49.3302017216561,74.34296949510134,0
HK.01186,489,4.599999904632568,4.579999923706055,0.4366808135300151,0.7380498223291627,6154673.15,28311495.90304463,2.165838302811442,5.077800006866455,5.369249987602234,-5.154639276615404,-13.370998979245192,-14.498144855326014,-14.656771454952292,-10.804963353095383,1
HK.01187,37,28.639999389648438,26.600000381469727,7.669169093696063,1.1679275666150153,301780.0,8642979.015808105,5.256308971595636,,,-0.20906401287799228,,,-26.375325793765903,,1
HK.01188,488,0.012000000104308128,0.012000000104308128,0.0,,0.0,0.0,0.0,0.012000000104308128,0.012000000104308128,0.0,0.0,0.0,0.0,0.0,0
HK.01193,489,14.880000114440918,14.789999961853027,0.6085203030427498,1.1154545153482132,4925234.2,73287485.45964833,2.7992343292110933,17.554534301757812,19.621558170318604,-16.12175701001702,-22.835373211685763,-32.52314428398417,-27.649109650834447,-26.494895142187907,1
HK.01195,489,0.012000000104308128,0.013000000268220901,-7.692308794464562,0.2101985290073386,808466.65,9701.599884329644,2.408424079726613,0.015779999885708093,0.020269999760203064,-19.99999751647308,-36.84210268331689,-36.84210268331689,-36.84210268331689,-39.99999813735481,0
HK.01196,489,10.470000267028809,10.710000038146973,-2.2408942134764778,1.2607706185696812,1954121.45,20459652.103306722,4.4510756048638065,11.157000026702882,12.487900013923644,2.5465252488777046,-24.676255004560485,-9.896726590844906,-22.098209866683565,48.51063806762051,0
HK.01198,489,0.06300000101327896,0.07500000298023224,-16.000001986821413,3.260869565217391,21400.0,1348.2000216841698,2.813308578562133,0.09630000054836273,0.12916500050574542,-33.68420862755284,-39.42307719861614,-45.217391417022014,-49.59999918937683,-78.27586109445436,0
HK.01199,489,4.519999980926514,4.539999961853027,-0.440528217941891,1.2180973837775821,3091941.15,13975573.939025903,2.531098843188724,5.123400030136108,5.539850773811341,-9.236948521790453,-16.017972745853893,-21.588208361303195,-17.8143843795494,-6.563742604745975,0
HK.01200,489,2.309999942779541,2.299999952316284,0.43478220306857157,0.37565429830286834,2118361.85,4893415.752286362,5.29350170158779,2.6269785261154173,2.4695231598615646,-5.9126452301186605,-23.83405600053016,8.0733045438042,5.229270831477934,85.98662291139557,1
HK.01201,489,2.359999895095825,2.3299999237060547,1.2875524623216772,0.14988167236392322,760600.0,1795015.9202098846,10.20555972305468,2.112399981021881,1.780249988734722,17.412930661352977,-13.235298887049812,194.99998249113585,80.15267161679472,280.64514144278235,1
HK.01202,489,1.600000023841858,1.5499999523162842,3.225811165403894,0.9356886558101021,728100.0,1164960.0173592567,7.0721524822385415,1.4222751927375794,1.14599302560091,13.53504034656265,32.14733801117748,77.16456400636811,87.46482705371876,112.13126219208382,2
HK.01203,489,0.6600000262260437,0.6480000615119934,1.8518462307010435,0.4680643588493418,102950.0,67947.0026999712,3.905727641831923,0.6721963763237,0.7921223059296608,1.8518462307010435,-13.817660036968324,-21.834627128818774,-21.834627128818774,-10.865566423325818,2
HK.01204,489,2.200000047683716,1.440000057220459,52.77777501830359,0.275,162200.0,356840.0077342987,4.336930515670008,1.6499999856948853,1.8268999963998795,42.85714949216841,21.546967802952967,10.552765685456407,10.000002384185791,30.95238787922481,2
HK.01205,489,0.4950000047683716,0.5299999713897705,-6.603767643538114,0.21404891149583483,48707027.7,24109978.94375321,4.333061016008524,0.5349000000953674,0.467424996048212,-8.333336092807519,-0.9999990463256836,28.571432994778945,25.316453499588537,22.222223039844234,0
HK.01206,489,0.23499999940395355,0.2329999953508377,0.8583708553746346,0.059386341141537444,278300.0,65400.49983412027,3.7464403857865496,0.21571999937295913,0.33384499870240686,20.51282462753973,-16.071429141626066,-35.616440201682515,-38.961037603874644,-26.562498544808445,1
HK.01208,489,6.880000114440918,6.769999980926514,1.6248173386161537,0.8967314042336035,63445714.45,436506522.6767858,6.0635747445627795,8.817200021743774,8.198749985694885,-21.906926370609078,-8.994706792135391,-15.375153535111108,-24.561401307307644,94.9008546799575,1
HK.01209,489,37.220001220703125,36.959999084472656,0.7034690007330081,0.7436326887268514,5705990.85,212376986.40232086,4.385299219026538,43.461440582275394,42.987504444122315,-8.478955318744996,-16.507117132890173,-11.376264752532048,-11.58208529986242,-0.898324138555864,2
HK.01211,489,72.9000015258789,72.6500015258789,0.3441156156217652,0.8692888869445501,27251551.1,1986638116.772567,3.3775883399295714,93.25608932495118,98.62304630279542,-19.772203630505164,-29.43354966973496,-24.758109559461072,-25.824829780148377,-42.550603981845434,1
HK.01213,489,0.46000000834465027,0.4300000071525574,6.976744347227267,0.7308970099667774,31200.0,14352.000260353088,4.870989342798038,0.48510000109672546,0.44148155599832534,2.2222267845531776,12.195124965136735,10.84337773352831,-16.36363665919658,101.50937779975425,1
HK.01215,489,0.017999999225139618,0.01899999938905239,-5.263158926673246,0.49894486830076806,2758175.0,49647.147862799466,8.148149153589763,0.020879999697208405,0.02312000003643334,-10.000001862645192,-28.00000417232507,-28.00000417232507,-21.739133955850935,28.57141906813729,0
HK.01216,489,0.2800000011920929,0.2800000011920929,0.0,0.27464541672931386,999900.0,279972.0011919737,3.5729154874581712,0.3127999967336655,0.32395000115036965,-12.49999767169351,-16.417912173892542,-9.677419664956526,-13.84615031925166,-17.209533198874606,0
HK.01218,488,2.4000000953674316,2.4000000953674316,0.0,0.0,23461.3,56307.122237443924,1.3188057205061439,2.626600060462952,2.9683500146865844,-0.41493734884287353,-22.829576324037692,-21.052627451201833,-24.764888642082898,7.623321741700094,0
HK.01220,488,0.0560000017285347,0.0560000017285347,0.0,,0.0,0.0,0.0,0.0560000017285347,0.0560000017285347,0.0,0.0,0.0,0.0,3.703704214717449,0
HK.01221,488,1.5399999618530273,1.5399999618530273,0.0,0.0,3130.8,4821.431880569458,0.7195411865926857,1.6360000038146973,1.5604587078094483,-3.750003818422499,-10.465119986227169,0.18050155174258908,0.8310265739461917,11.977202461296505,0
HK.01222,489,0.020999999716877937,0.020999999716877937,0.0,2.5727503265441567,11437672.1,240191.11086174267,2.4559699194512055,0.02071999967098236,0.023535000011324882,0.0,0.0,-4.545455315142628,-12.500001940255348,-4.545455315142628,0
HK.01223,489,1.2599999904632568,1.2999999523162842,-3.076920255401327,1.1473943349017321,2560719.75,3226506.8605790734,3.2026174314709097,1.353199987411499,1.4449499970674515,-8.029198096514799,-4.545459060957758,-11.267603623727451,-19.745226218601736,58.24643898029287,0
HK.01224,489,1.2300000190734863,1.2699999809265137,-3.14960334281626,0.048209854661467565,706950.0,869548.5134840012,2.5473251484691253,1.2144000339508056,1.2066000425815582,2.499997516473233,2.499997516473233,2.499997516473233,2.499997516473233,2.499997516473233,0
HK.01225,488,0.2549999952316284,0.23199999332427979,9.913794210847326,0.0,29016.0,7399.07986164093,0.682210185390268,0.25274000138044356,0.21260499976575375,-7.272731016490004,37.837833483955876,26.237617006384852,28.787877077460827,7.142852670720033,1
HK.01228,489,1.9900000095367432,2.0,-0.4999995231628418,0.7419275326596007,330700.0,658093.003153801,6.04906009689166,2.1148000001907348,2.3466999989748003,-1.9704414983633092,-25.187971980260738,-7.441864127142966,-15.677961949403333,416.88313216378174,0
HK.01229,489,0.13899999856948853,0.14100000262260437,-1.4184425644792256,0.05148005148005148,231700.0,32206.29966855049,3.1038890864363693,0.18690000027418135,0.2175249993801117,-31.188121915985338,-39.56521910958566,-39.56521910958566,-36.81818212605705,-52.06896463132213,0
HK.01231,488,0.3050000071525574,0.3050000071525574,0.0,0.0,200.0,61.000001430511475,0.0,0.31800000548362733,0.30644000314176084,-1.6129016752173695,-10.294116486933829,1.6666650109821552,0.0,39.90826352799901,0
HK.01232,489,0.4350000023841858,0.5899999737739563,-26.27118275926481,2.93398533007335,8180.0,3558.3000195026398,0.16666699780356892,0.4454999995231628,0.4593000015616417,-19.44444720391863,24.285717083483373,7.4074076799480775,24.285717083483373,-8.421050980480734,0
HK.01233,489,0.03099999949336052,0.029999999329447746,3.3333339542150635,0.018597695316857604,2634757.1,81677.46876512804,12.776009011609407,0.04394000023603439,0.09452500017359852,-18.421051341658444,-50.0,-74.79674907553743,-71.81818212605705,-83.68421058823198,1
HK.01234,489,3.440000057220459,3.4700000286102295,-0.8645524824904915,1.2155207756295663,314899.75,1083255.1580187082,1.6981758580763766,3.580950365066528,3.376560020446777,-4.178269095684949,-4.522001408174826,5.587436531683499,7.4842160279576255,3.2325444389002596,0
HK.01235,488,0.1889999955892563,0.1899999976158142,-0.5263168626875233,0.29850746268656714,17000.0,3212.999925017357,0.051826099581086235,0.19139999866485596,0.17745214335620405,-3.571428299905948,6.7796578777597984,7.999999318804048,4.999993377261955,30.559207197837278,0
HK.01236,34,34.720001220703125,34.20000076293945,1.5204691408286928,0.1955255247266633,291168.0,10109353.315429688,6.890614995878981,,,-9.109946263698832,,,-42.133331298828125,,2
HK.01237,488,0.6700000166893005,0.6700000166893005,0.0,0.0,54325.2,36397.88490664959,2.123945774070966,0.7836000049114227,0.8121500015258789,-6.944445824181537,1.5151500099837776,28.846161781683765,-25.55555172908443,67.5000016763806,0
HK.01238,489,0.19499999284744263,0.18199999630451202,7.142855388403277,0.3480481934474314,645245.0,125822.77038484812,7.454260267663017,0.2279599991440773,0.2577249980717897,-13.716815822237846,-17.372884887520225,-21.370969340980515,-23.52941313966888,-36.06557761491922,1
HK.01239,489,0.32499998807907104,0.3149999976158142,3.174600171093715,0.9612223846929869,491881.25,159861.40038631856,9.268984263001286,0.41509999871253966,0.39386999770998954,-34.34343738417734,-9.722229120907686,-35.00000238418579,-46.72131467909934,64.14140901016026,1
HK.01240,488,0.17000000178813934,0.17000000178813934,0.0,0.0,163625.0,27816.2502925843,0.6669193984479665,0.17422000139951707,0.18512000009417534,-5.555558315029741,-9.090911264145943,-10.526313725600916,-10.526313725600916,3.030300019967555,0
HK.01241,489,0.11699999868869781,0.1289999932050705,-9.302321820510768,14.251207729468598,283000.0,33110.99962890148,4.151167885350262,0.1447800000011921,0.18577999975532294,-9.999997707513579,-35.00000331136902,-46.330274539547275,-26.41509257135852,12.499996417990172,0
HK.01243,488,0.03200000151991844,0.032999999821186066,-3.030297899049148,3.0376308084782804,1138629.5,36436.145730623975,4.6670971527092515,0.03348000057041645,0.03555500025860965,0.0,-8.571424618059293,-13.513510520219668,-3.030297899049148,-8.571424618059293,0
HK.01244,489,2.559999942779541,2.5399999618530273,0.787400835704065,4.459376908979841,94450.0,241791.99459552765,4.837847249258397,3.2201999950408937,4.891600000858307,-24.926689784645102,-37.712898792766694,-48.80000114440918,-48.69739358312849,-35.35353742124059,1
HK.01245,488,0.1850000023841858,0.1899999976158142,-2.6315764707211,0.9149676777722526,179100.0,33133.500427007675,4.186371491531744,0.17362749874591826,0.18088700950145722,-1.3333320617675781,18.163680025690198,-10.708899334715083,-2.7914549837119775,7.4283601961776355,0
HK.01246,488,0.020999999716877937,0.020999999716877937,0.0,,0.0,0.0,0.0,0.020999999716877937,0.020999999716877937,0.0,0.0,0.0,0.0,0.0,0
HK.01247,489,1.149999976158142,1.090000033378601,5.504581737815471,1.3361064295191307,287900.0,331084.9931359291,6.289190298446864,1.3812000060081482,2.3539000076055525,-4.958682652664732,-44.97607543609783,-62.4183007299816,-61.14864995481324,-37.837839927701175,1
HK.01250,489,1.1100000143051147,1.159999966621399,-4.3103408409496256,1.224789922881208,77505.65,86031.27260872722,3.8461614919929263,1.4088000011444093,1.7176499992609024,-19.565216076772167,-31.055900345181232,-45.04950372346088,-37.28813410923989,-31.055900345181232,0
HK.01251,489,0.2549999952316284,0.23800000548362732,7.142852670720033,0.5661497855493236,1478400.0,376991.99295043945,6.9039689885232045,0.2528399983048439,0.2372449990361929,4.081628681073312,-5.5555610745039266,30.769233120498896,34.92063554636607,292.3076993614967,2
HK.01252,488,0.23999999463558197,0.23999999463558197,0.0,,0.0,0.0,0.0,0.23999999463558197,0.28235999584197996,0.0,19.99999552965171,-14.285716566504256,-9.433959399563019,-11.111116630059483,0
HK.01253,488,0.11999999731779099,0.11999999731779099,0.0,0.0,31200.0,3743.9999163150787,0.042372966970187324,0.1345999988913536,0.1758449998497963,-9.090910630285256,-21.56862773743102,-44.18604868756812,-42.85714235030063,-7.692306369719372,0
HK.01255,489,3.1600000858306885,3.319999933242798,-4.819272609316895,0.1842374616171955,194400.0,614304.0166854858,7.114969393366347,2.367799983024597,1.3809999933838843,43.63636442452421,106.5359571843856,139.39393638360391,100.0,953.3333200878574,0
HK.01257,489,0.7699999809265137,0.75,2.6666641235351562,0.3323675722954135,342093.75,263412.18097507954,2.2412842548946883,0.8470942115783692,0.8881026124954223,-12.50000169331378,-9.690368018683746,-13.616877695365206,-17.216167307922877,3.2503696317477524,1
HK.01258,489,11.869999885559082,11.489999771118164,3.3072247346436434,0.7432766540751758,18450434.2,219006651.84251538,6.476885295447253,13.74080005645752,14.002450022697449,-12.398526062933355,6.076857289323407,-21.129569866274586,-21.9078945098161,74.16522836120774,1
HK.01259,489,0.029999999329447746,0.029999999329447746,0.0,0.020738567293326047,21397000.0,641909.9856521934,9.723576622417458,0.03324000004678965,0.03273000050336122,-23.076926383393687,-9.090910630285256,-6.250006548361542,-9.090910630285256,15.384610424909468,0
HK.01260,489,0.4300000071525574,0.47999998927116394,-10.416663174206933,8.327137546468402,481000.0,206830.0034403801,3.3012244914626594,0.5129999959468842,0.45897499814629555,-17.307687899064575,-5.49450664614695,3.614461638270319,2.3809572804273027,0.0,0
HK.01262,489,2.2300000190734863,2.3399999141693115,-4.700850390196472,1.5483870967741935,7200.0,16056.000137329102,6.615954028401591,2.948000011444092,2.7852500104904174,-10.799999237060547,-43.401015566312495,31.176468030804237,15.54404557920985,-19.784171150236723,0
HK.01265,488,0.15600000321865082,0.15600000321865082,0.0,0.0,805000.0,125580.00259101391,5.407171927357067,0.16958000093698503,0.18896500036120414,-7.692305657556503,-19.999995415027158,-15.675675022593383,-13.333334989017844,-21.212119159619657,0
HK.01268,489,0.5099999904632568,0.5400000214576721,-5.5555610745039266,0.9214735071513525,708980.3,361579.94623863697,11.169960757099664,0.808400000333786,1.3965500018000603,-22.72727724277594,-68.90243933464643,-64.82758802125905,-59.20000076293945,-76.71232981105274,0
HK.01269,489,0.039000000804662704,0.04100000113248825,-4.878049445322461,0.5939025999736043,929240.0,36240.36074772477,8.723646036552742,0.0373999997228384,0.04867500003427267,5.405406221758272,-15.217389719867077,-20.408159541567283,-29.090907243657693,-17.02127204242456,0
HK.01270,489,0.46000000834465027,0.46000000834465027,0.0,0.390150470671582,712268.3,327643.4239436299,2.3917050064180008,0.5209112191200256,0.4943688553571701,-13.207540910156226,-12.97132238938026,0.4867229933418519,-1.5433134332471092,-1.5433134332471092,0
HK.01271,489,0.4050000011920929,0.41999998688697815,-3.5714252769540553,0.36950666160493156,26919.5,10902.397532090545,4.247982140656238,0.4657999986410141,0.7507249973714352,-11.956523077136378,-26.36363774291737,-48.7341784567543,-68.11023564767065,-80.714284781696,0
HK.01272,489,1.0800000429153442,1.0800000429153442,0.0,0.11937329022631187,198650.0,214542.00852513313,3.2745433471056615,1.1458000040054321,1.1805000042915343,-3.571425150243618,-12.195119823748584,-7.692300638503319,-3.571425150243618,-0.555819358543825,0
HK.01273,489,0.7099999785423279,0.7200000286102295,-1.3888957875743526,0.2962962962962963,161800.0,114877.99652814865,2.366055748283587,0.6202000105381011,0.5819737885892391,16.39343637575627,20.338984763132647,21.46797947576692,18.333325054910777,92.30863799403224,0
HK.01274,489,3.390000104904175,3.1600000858306885,7.278481418554292,0.21113984085941628,315720.0,1070290.833120346,7.229114795823969,3.895600018501282,5.690750002861023,-21.16279175502015,0.29585769599628914,-34.30232160560317,-44.96752940134641,-74.04287905066033,1
HK.01276,271,58.150001525878906,52.95000076293945,9.820586757345273,1.854068536437168,4685008.9,272433274.6837563,5.630027846429333,60.95979438781738,70.37072370529175,-3.405314304119702,-9.87991259276023,-21.88386089331436,-21.251341090858595,1.5713715060356768,1
HK.01277,489,1.5299999713897705,1.5199999809265137,0.657894117680275,0.5225699624161971,35840433.25,54835861.84709698,6.675934719832155,1.9073826026916505,1.6714288133382798,-23.500001430511475,-29.70786849153016,10.599510795123807,17.153552514116406,41.05445224968233,1
HK.01278,489,0.06300000101327896,0.06449999660253525,-2.3255746794835144,0.33481447990737756,2489962.85,156867.66207302696,4.931521531181621,0.07471298336982728,0.08224925115704536,-18.197670683912033,-17.16220303012699,-21.15437550049439,-12.744182062839501,-19.068302953100826,0
HK.01280,489,1.4299999475479126,1.4199999570846558,0.7042247017941755,1.6606176812983633,612395.0,875724.8178786039,6.644170111767221,1.7497999930381776,3.046350005865097,-14.880952845557763,-39.91597147952946,-61.2466144885353,-57.31343318635835,-57.81711199715923,2
HK.01281,489,0.10100000351667404,0.09799999743700027,3.0612307736052076,0.8259933450773146,266000.0,26866.000935435295,3.0524592955386827,0.10090000048279762,0.10610999997705221,1.0000020116567312,-3.8095174571011516,-11.403505733450512,-9.009007013479778,-9.821428215055148,1
HK.01282,489,0.07800000160932541,0.0820000022649765,-4.878049445322461,0.05994035934245426,625130.0,48760.14100603759,4.3684647509567665,0.09098000004887581,0.12025500047951937,-12.359550279614425,-27.102802762173916,-41.35338282684884,-29.729729185494485,-30.357143569889704,0
HK.01283,489,1.600000023841858,1.559999942779541,2.5641078544558447,0.975609756097561,214750.0,343600.005120039,2.445756489360967,1.6856000137329101,1.5864497834444047,-8.045976145262136,5.960267148809036,-11.602205832956825,-11.602205832956825,35.180267577257105,2
HK.01284,489,0.4399999976158142,0.4350000023841858,1.1494241848790827,0.33271719038817005,132000.0,58079.999685287476,1.9228445808589754,0.4156461519002914,0.35888588055968285,0.0,31.14969477212486,22.521420366989577,20.93023217716683,59.47858406215495,2
HK.01285,489,1.0,1.0099999904632568,-0.9900980750178164,0.17910380931414435,127600.5,127600.5,2.3772414577643444,1.0590792846679689,0.9889007952809333,-4.840033260467348,20.257100449906435,-7.259348653594662,0.3981284789864402,14.905662070202572,0
HK.01286,489,8.020000457763672,8.359999656677246,-4.066976230579295,0.7166629149227218,6985551.0,56024122.217731476,6.517449595121769,9.611199932098389,6.769726008176804,-18.495931571155154,1.515143924820962,70.90525066051269,60.097014879200195,223.30226119129568,0
HK.01288,489,5.349999904632568,5.329999923706055,0.37523416909558394,0.7305176407386299,76841785.0,411103542.4217963,2.7375822023457763,5.879935960769654,5.497383420467377,-7.279030809052172,2.141344758354146,-4.108556534926247,-5.917834514863703,3.064355404268828,1
HK.01289,489,2.200000047683716,2.3299999237060547,-5.579394003393935,3.9419588875453444,24475.0,53845.001167058945,4.000595280128431,2.242600026130676,2.53914999127388,-2.222220102945964,-5.1724090091395505,-24.137931884965177,-23.875433639243333,20.750486258705532,0
HK.01290,489,0.5299999713897705,0.5299999713897705,0.0,2.25,8900.0,4716.9997453689575,2.709643266265093,0.5230714392662048,0.5497044870257377,-1.1246158733907451e-05,3.70369506467891,-6.666682061407592,3.70369506467891,-20.000007197541752,0
HK.01292,489,2.180000066757202,2.200000047683716,-0.9090900224102623,3.319502074688797,12400.0,27032.000827789307,0.6824596910794867,2.5025999975204467,3.5261019432544707,-14.509799705015439,-30.793650769622722,-42.6315764707211,-44.38775448141771,-19.934924019208438,0
HK.01293,488,0.0860000029206276,0.0860000029206276,0.0,,0.0,0.0,0.0,0.0860000029206276,0.0860000029206276,0.0,0.0,0.0,0.0,0.0,0
HK.01298,488,1.0,1.0,0.0,,0.0,0.0,0.0,0.9229999911785126,0.9977000066637993,20.48193013344475,-9.9099110709451,2.040814340536656,2.040814340536656,42.857145289985546,0
HK.01299,489,72.19999694824219,70.80000305175781,1.977392423925349,0.6623369032509674,52837425.8,3814861981.512973,2.9087485872524783,80.03609161376953,79.35333362579345,-12.218848695146276,-14.640708238552543,-4.978436544822677,-11.822730050254178,8.597613133343723,1
HK.01300,488,3.200000047683716,3.240000009536743,-1.2345667202249964,0.34455561233665505,14856981.9,47542342.78843611,13.592674838635594,2.7330000293254852,1.071575008481741,-20.987656864700465,310.25643141782336,949.1803188985218,710.1265723459655,900.0000372529039,0
HK.01301,489,0.36000001430511475,0.33500000834465027,7.462688160516194,0.28629856850715746,96900.0,34884.00138616562,4.130965818767319,0.33930000245571135,0.39230000153183936,9.090909090909092,-1.3698616715036243,-7.692300638503319,-1.3698616715036243,-51.35135004518676,1
HK.01302,489,1.4199999570846558,1.3700000047683716,3.6496315432303783,0.8921352288795086,17432066.85,24753534.17889685,5.032345736034595,1.8189999794960021,1.8079999965429305,-14.457832190515981,-15.47619039171677,-7.1895435530757945,-10.126587435748647,-24.064173611563987,1
HK.01303,488,0.30000001192092896,0.3199999928474426,-6.249994179233778,0.6524863466513366,718500.0,215550.00856518745,11.83366943810323,0.24888000071048735,0.23991999961435795,33.92857261648284,22.950823176166594,24.48133447134513,40.186920443188384,15.384624201870853,0
HK.01304,239,127.19999694824219,121.0,5.1239644200348655,1.2026375901885658,368878.5,46921344.074272156,7.839033979962245,138.33545700073242,138.9637327194214,-8.646996385190173,24.37858111346728,4.563366692503816,-7.458017581488982,,1
HK.01305,489,0.8500000238418579,0.8500000238418579,0.0,0.11017904094152998,397850.0,338172.50948548317,7.957340639685297,0.6890000033378602,0.765050003528595,28.78787728271105,16.438356388082727,26.865672040129045,25.00000219134721,6.2500013969838415,0
HK.01308,489,31.719999313354492,31.760000228881836,-0.12594746611798766,0.6729904140036073,4112240.3,130440259.49234867,3.519634655251902,33.587447814941406,29.852114753723143,-8.37666004622373,-6.077705176971619,22.471853349101835,19.25120287974071,38.56696504341837,0
HK.01310,489,5.889999866485596,5.880000114440918,0.17006380697372708,0.8523968643432209,1653035.35,9736377.99079597,2.6139550172839887,6.788484201431275,6.652384951114654,-11.027190811074089,-21.657297256431697,-5.066382383371425,-3.607136001048815,24.98316572585292,1
HK.01312,489,0.02800000086426735,0.02800000086426735,0.0,0.010964912280701754,4336800.0,121430.40374815464,7.323971386483932,0.02849999975413084,0.02960499979555607,3.703704214717449,-3.448270103593903,-12.500001455191454,0.0,7.692308794464562,0
HK.01313,489,1.0299999713897705,1.0199999809265137,0.9803912402207475,0.4194224521366727,18403321.75,18955420.87597674,4.1775261367719105,1.2639366006851196,1.569458442926407,-15.960202934299241,-35.55230459430045,-32.22596798183461,-34.34390954024295,-35.850642917880286,1
HK.01314,489,0.14800000190734863,0.13699999451637268,8.029202796545627,9.139744552967693,775200.0,114729.60147857666,3.668546646296105,0.14484000116586684,0.16322500072419643,4.225350043480957,-10.303032711298684,-10.843368951598244,-14.450862471492915,-34.51327235241801,1
HK.01315,489,0.10599999874830246,0.10300000011920929,2.912620024874812,15.514067841178017,59030.0,6257.179926112294,4.395540092888903,0.10694000035524369,0.12527500003576278,-4.504506862857232,-11.666665735344072,-30.718953770948303,-21.481485528710287,-23.188404779903905,1
HK.01316,489,3.8399999141693115,3.819999933242798,0.5235597192677354,0.6651032018096988,9753416.6,37453118.906857535,4.699067074775822,4.696859879493713,6.056039606332779,-18.860723055786064,-31.45130063172751,-32.95404895073456,-40.302927083117126,-25.535944181155667,1
HK.01317,489,0.18199999630451202,0.16899999976158142,7.692305657556503,0.06647116324535679,424100.0,77186.19843274355,6.575189170665756,0.2166999977827072,0.32829999685287475,-5.208336082028408,-35.00000159655298,-52.105263529391834,-53.33333256917119,-43.999999083005434,1
HK.01318,378,54.0,50.599998474121094,6.719370807131162,1.1213126396643993,2616877.5,141311385.0,5.815861161560172,63.86332084655762,81.71870069503784,-9.774433789919994,-30.216669921893292,-34.85783865049223,-33.71637595715002,-48.35245142568973,1
HK.01319,489,0.2849999964237213,0.2800000011920929,1.785712575121809,1.3449023861171367,191200.0,54491.999316215515,1.0409999901672105,0.29009999871253966,0.2695391380041838,-6.557380413054316,3.636360089641049,5.555550036607185,5.555550036607185,51.713834115751325,1
HK.01321,489,0.6499999761581421,0.7200000286102295,-9.722229120907686,2.0162224797219004,95000.0,61749.9977350235,5.097998547604819,0.7824000012874603,0.7032249999046326,-27.777778513637607,22.641511555879244,-7.142858967489158,8.333325054910777,4.838705025652108,0
HK.01323,489,0.21899999678134918,0.22499999403953552,-2.6666655187253294,0.3287024128952272,17346334.45,3798847.1887182062,14.251782984354122,0.14396000057458877,0.13379500035196543,63.43282934790297,65.90908936971475,78.0487729530121,85.59321648634157,26.589598661755083,0
HK.01326,488,0.027000000700354576,0.027000000700354576,0.0,,0.0,0.0,0.0,0.027000000700354576,0.02811500068753958,0.0,0.0,0.0,0.0,-32.49999674037092,0
HK.01327,489,0.800000011920929,0.7799999713897705,2.5641078544558447,2.4929884699283265,35090.0,28072.000418305397,3.962777053041169,0.7605999958515167,0.6811999994516372,45.45454446934474,42.857144377669506,26.98412983746097,9.589039865544988,233.33334575096796,1
HK.01328,489,4.400000095367432,4.360000133514404,0.9174302896359119,1.173512154233026,89790.0,395076.0085630417,5.721796488832025,4.653800015449524,4.408400001525879,-17.757006097187613,44.7368470585578,49.659864276577224,44.262300464165804,166.66667629974071,3
HK.01330,489,5.289999961853027,5.28000020980835,0.18938923574475955,0.35451569841780955,1487150.0,7867023.44326973,3.6042714674145735,5.8667545509338375,5.31274626493454,-6.105569486142872,0.7605770398393562,3.2135383028333373,5.788931802922458,19.55463854066175,2
HK.01332,489,0.1289999932050705,0.11699999868869781,10.25640568450013,2.1453520612680395,1074828.05,138652.81114661918,7.863211039701941,0.13559999957680702,0.1688299996778369,4.878040359248814,-22.7544931017437,-50.38461617816837,-49.4117664245861,46.59090216371635,1
HK.01333,283,16.899999618530273,16.600000381469727,1.807224278111647,1.444633729818212,1405625.85,23755076.328796294,5.0820837936617975,18.12160011291504,25.198399982452393,0.11848613008321712,-13.33333528958834,-31.46796543754315,-39.64285850524902,-50.43988159895113,1
HK.01334,483,1.2200000286102295,1.159999966621399,5.1724192858027385,0.2680105371664185,1933000.0,2358260.0553035736,16.4890916374444,1.6568000078201295,1.2739499986171723,-43.51851943834325,-11.594200519873441,15.094348534692829,4.273510543552606,15.094348534692829,1
HK.01335,489,0.10199999809265137,0.10400000214576721,-1.923080780625969,2.316570486397362,541400.0,55222.79896736145,6.212733946358492,0.12103999957442284,0.12730999961495398,-22.7272737535235,-14.285717863423974,-14.999999689559134,-24.444448859603142,-21.538460127700667,0
HK.01336,489,46.7599983215332,46.380001068115234,0.8193127310624506,0.4588286050339679,10622706.55,496717740.4481398,4.738694941286551,49.799399871826175,51.22684644699097,-3.508049515180779,-9.115650868531299,-4.610367431917343,-16.79715714102155,27.41555577776914,1
HK.01338,489,0.03099999949336052,0.03099999949336052,0.0,0.8652900688298918,1695900.0,52572.899140790105,8.107445734670423,0.029499999731779098,0.03630499956198037,6.896553053016792,-13.888886589326876,-18.421051341658444,-13.888886589326876,-39.21568613128449,0
HK.01339,489,4.769999980926514,4.699999809265137,1.489365414938639,0.901880280411663,48553201.85,231598771.89842117,4.112042884013619,5.298600015640258,6.335224418640137,-7.91505523164483,-22.56493345644402,-29.437872493748213,-31.857143129621235,-12.704140399219527,1
HK.01340,489,0.07699999958276749,0.07699999958276749,0.0,0.23750519946239157,4385914.8,337715.43777005374,12.203735026986333,0.06556000024080276,0.0513700002245605,40.0,60.416664403035426,79.06976039020248,79.06976039020248,92.50000325962908,0
HK.01341,489,0.017000000923871994,0.017999999225139618,-5.5555463573075095,0.8773960367753739,25361216.65,431140.70648051775,10.050931607230662,0.023400000035762786,0.10022999969311058,-45.161286446107844,-46.87499963620213,-79.51807039649927,-79.01234460020554,-95.95238060603876,0
HK.01343,489,0.12600000202655792,0.125,0.8000016212463379,1.0676156583629892,136500.0,17199.000276625156,3.094667935773506,0.12832000121474266,0.11359499976038932,0.0,-3.0769179629149055,8.620694527728237,3.2786890251666563,61.538460803690285,2
HK.01345,489,2.299999952316284,2.25,2.222220102945964,0.12006861063464837,58650.0,134894.99720335007,0.9286448552655933,2.2130461502075196,2.1214902114868166,2.8952402000243826,5.192005498348936,9.595394832137337,4.724483900572468,10.942606869198366,1
HK.01346,489,1.25,1.2599999904632568,-0.7936500427734288,0.22181146025878004,108200.0,135250.0,1.4317931879826726,1.3830000066757202,1.4139780443906784,-8.088236260888475,-12.139490089030557,-10.334137402953465,-10.334137402953465,6.783254462702248,0
HK.01347,489,204.1999969482422,189.5,7.757254326249176,1.127509109413712,37518587.45,7661295442.792358,9.774039509904084,136.7240003967285,95.85965023040771,26.596399928596814,130.9954676736777,182.0441887356207,151.16849850330615,548.2539585658482,1
HK.01348,489,0.23600000143051147,0.24199999868869781,-2.479337723428905,0.10647259004683446,2415900.0,570152.4034559727,8.083722335006236,0.2760199984908104,0.18769999947398902,-32.57142701440925,37.2092984975385,25.531919952861603,81.53846929764636,214.6666560702858,0
HK.01349,489,2.380000114440918,2.259999990463257,5.309740021417584,0.7672092488783636,5072850.0,12073383.58054161,5.678383026344546,2.558600001335144,3.0194999885559084,0.0,-18.493148895338166,-17.64705785296735,-15.602830823329548,-26.970077792209484,1
HK.01351,489,0.23499999940395355,0.2199999988079071,6.818182126057051,0.1834862385321101,255700.0,60089.49984759092,5.94011600761562,0.29462000042200087,0.4109550013393164,-18.965515115173133,-31.884057908417724,-40.50633088076574,-34.72222498169641,-26.562498544808445,2
HK.01354,488,1.9700000286102295,2.0,-1.4999985694885254,1.3326623049823856,154260.0,303892.204413414,8.357160469508765,2.322799983024597,3.4307499933242798,-7.943928409366017,-33.22033909263709,-46.75675666967912,-37.46031844546852,-90.14999985694885,0
HK.01355,489,0.14800000190734863,0.1420000046491623,4.225350043480957,3.0246135644659344,1115025.0,165023.7021267414,6.432844938411379,0.14174000054597855,0.13856000017374753,-1.3333359824285513,-2.6315745616387045,13.846159489197346,18.400001525878906,42.307691205535434,2
HK.01357,489,3.7799999713897705,3.609999895095825,4.709143524488462,0.5509196683446954,126972394.4,479955647.1992907,7.169039697753457,4.541793961524963,6.673562792539596,-12.392076464082145,-21.243181383301188,-45.6656382717537,-48.59076920642501,-49.954883708362836,1
HK.01358,489,1.100000023841858,1.1299999952316284,-2.6548647359614446,0.7038883349950149,472200.0,519420.0112581253,0.5208738531391914,1.1641999745368958,1.2818091237545013,-5.1724090091395505,5.769236941309597,-17.293233958799657,-15.384610446952324,-0.7741737345478981,0
HK.01359,489,0.949999988079071,0.9599999785423279,-1.041665696538963,1.0061764557727702,73522248.25,69846134.9610465,3.540747236265076,1.079199993610382,1.228549993634224,-9.523806550335047,-16.666666666666664,-33.0985903668985,-27.480913772914118,-15.02013175051857,0
HK.01361,489,4.139999866485596,4.050000190734863,2.222214111412231,0.35303152072321276,5583068.1,23113901.188579988,3.833934815259865,5.134643630981445,5.578488774299622,-10.428818158268118,-20.956775084922537,-27.204179563396576,-21.250619267973104,-5.57449445994903,1
HK.01362,489,0.8299999833106995,0.8399999737739563,-1.1904750923180183,160.0,1800.0,1493.999969959259,0.30120489714643833,0.8659999811649323,0.6138499954342842,-6.741573409952315,23.88059143819332,69.3877483993112,50.909084603806306,137.00558589236033,0
HK.01364,338,21.020000457763672,21.020000457763672,0.0,1.5534869282905455,5081636.65,106816004.70918866,4.251522546738809,23.395199966430663,24.547034549713135,-7.80701245113883,-27.366965895433932,-15.036375698342866,-14.343929610599323,-8.890010852476182,0
HK.01368,489,3.859999895095825,3.8399999141693115,0.5208328482694815,0.4008609773965902,17510547.9,67590713.05707042,3.2330002143514345,4.233254532814026,5.069800578355789,-8.962261710738868,-22.012237758532354,-25.68397768042392,-26.239610909931848,-26.331975064098867,3
HK.01370,489,0.11900000274181366,0.12200000137090683,-2.45901524211669,0.0676056338028169,89050.0,10596.950244158506,8.879222142625824,0.20156000122427942,0.25136499959975483,-45.41284146558529,-49.1452974036191,-68.6842094118245,-62.81249831197779,-54.230766497420035,0
HK.01371,488,1.440000057220459,1.440000057220459,0.0,0.0,19465.2,28029.88911380768,1.8852319514716913,1.7009999966621399,2.3204499959945677,-12.195117696277553,-20.441983273816504,-40.0,-36.842101960961465,-73.81818077780984,0
HK.01372,489,0.8999999761581421,0.9100000262260437,-1.0989065691980104,0.7738025871110593,804800.0,724319.9808120728,5.422279016804351,0.985599993467331,1.2297499945759773,-3.2258097595362787,-24.369753539313617,-45.783132876206395,-42.30769171987528,-41.176471046556294,0
HK.01373,489,0.6800000071525574,0.6800000071525574,0.0,0.06617497435260195,263706.15,179320.18388617338,2.0014776241024683,0.7089999973773956,0.7353681367635727,0.0,-6.849316522537741,-5.55555049651913,-5.55555049651913,-23.241266643131418,0
HK.01375,489,1.7000000476837158,1.690000057220459,0.5917153919925783,0.6759223397547202,13679901.25,23255832.777308524,4.614925630203432,1.8253999948501587,2.1925964164733887,-1.734102373353568,-12.820512507010424,-19.43127335527613,-21.296297216121022,4.018889457344596,1
HK.01376,488,0.09600000083446503,0.09600000083446503,0.0,,0.0,0.0,0.0,0.09600000083446503,0.16441500067710876,0.0,-24.409450574257882,-24.409450574257882,-33.79310096770199,35.211264354041504,0
HK.01378,489,20.639999389648438,20.139999389648438,2.4826217236977186,0.5947236247068505,62752858.15,1295218953.914695,5.266061974711487,29.060228157043458,30.194799394607543,-26.338333146138165,-36.79680167275552,-30.468420596087554,-35.905043807354964,32.47329919639285,1
HK.01379,489,1.8200000524520874,1.909999966621399,-4.712037473409619,9.719626168224298,3975.0,7234.500208497047,1.106325259811677,2.5384406518936156,3.1210941576957705,-29.999995415027158,-47.53470700397179,-46.508848046301985,-40.15677498360974,-12.955304724653486,0
HK.01380,489,0.7099999785423279,0.9100000262260437,-21.9780265845878,5.59473672974319,3607834.35,2561562.3110842737,8.803489090719843,0.6063999962806702,0.5239349998533726,31.481472283234197,-2.7397315080268676,22.413792926264428,1.4285700905079517,269.7916522764395,0
HK.01382,489,0.8700000047683716,0.8799999952316284,-1.136362558800321,3.385012940215057,2664923.65,2318483.588207346,3.7950336055873652,1.124399996995926,1.2485409554839135,-22.321428476395656,-29.268293392083805,-30.39999961853027,-30.952380051328117,-29.040056292776107,0
HK.01384,162,39.02000045776367,38.599998474121094,1.088088083537525,0.9933435028414931,4655789.15,181668894.76425114,10.47993079208383,56.10220008850098,,-32.897679391464294,7.1977989616897515,-46.54794457840593,-40.78907503144665,,2
HK.01385,489,30.200000762939453,28.100000381469727,7.4733108646309905,1.5691171473847447,6133171.85,185221794.54923877,5.974219552848679,35.83839340209961,41.421191444396975,-4.021722790138305,-27.993459630582095,-25.144536517282873,-35.9196669238757,4.710030849899556,1
HK.01388,488,0.30000001192092896,0.30000001192092896,0.0,0.0,16000.0,4800.000190734863,2.531449517181094,0.31990000188350676,0.3725000011920929,-6.249994179233778,-24.050631956342844,-24.99999813735488,-18.918916741977938,-31.03448039616946,0
HK.01389,489,0.44999998807907104,0.38499999046325684,16.8831166820555,15.897435897435898,125400.0,56429.99850511551,2.8241449083049104,0.49139999866485595,0.4394900007545948,-23.728812189493883,76.47058686033112,26.760563853240598,24.999991721577445,34.32835130442983,1
HK.01392,6,17.549999237060547,18.59000015258789,-5.594410473324103,,,,,,,,,,-34.269667657011574,,0
HK.01393,489,0.0430000014603138,0.0430000014603138,0.0,0.15513370075525618,232300.0,9988.900339230895,6.2011418230311035,0.05598000012338161,0.06058999989181757,-23.214285476703434,-28.333329297602088,-32.81250090949466,-31.746030525856057,-38.5714267467966,0
HK.01395,489,0.14499999582767487,0.14499999582767487,0.0,0.3125,81250.0,11781.249660998583,3.9146095587198255,0.15226000040769577,0.15964000076055526,1.398593747264647,-14.201185779742499,3.571425150243618,-9.375000582076622,-0.6849329049691699,0
HK.01396,489,14.399999618530273,13.800000190734863,4.347821880453609,1.3660768501282516,6622092.45,95358128.7538722,8.97683560685945,13.164000062942504,7.6354500198364255,0.6289252010796579,139.20265222848104,195.081952476143,178.52996916883504,279.9472233105181,3
HK.01397,489,0.8999999761581421,0.8999999761581421,0.0,0.6691449814126395,214800.0,193319.99487876892,1.8765069499446432,1.0154500031471252,1.089784367084503,-13.513513823122908,-14.285712663819117,-23.200002034505207,-16.521741341853488,47.23926392332849,0
HK.01398,489,6.619999885559082,6.619999885559082,0.0,0.6663358059017268,197077596.2,1304653664.290259,2.651717529119994,6.893877563476562,6.238068761825562,-0.30120453808230596,3.155731194283079,11.428451494701084,7.386094625468731,18.364387281678702,0
HK.01399,489,0.38999998569488525,0.36500000953674316,6.8493083575181215,0.015750511891636478,1686100.0,657578.975880146,19.24585032332982,0.3520999997854233,0.23487999953329564,-4.87805143982653,106.3492035959893,92.11822508226652,107.44680800471384,96.96969081219231,1
HK.01400,489,0.01899999938905239,0.017999999225139618,5.555556705336561,1.8851035575276822,19434297.5,369251.6406266624,6.154967957921416,0.018539999537169935,0.018864999692887068,0.0,11.76469621464508,0.0,5.555556705336561,-9.523811213283604,1
HK.01401,489,0.2280000001192093,0.22699999809265137,0.4405295308195402,0.4868045049588166,2865000.0,653220.0003415346,6.359773130527378,0.45232000142335893,0.6957800019532442,-31.940300167204366,-74.94505565403422,-59.99999947715223,-65.45454680919643,-82.72727340459821,1
HK.01402,488,0.23600000143051147,0.23100000619888306,2.164500042187702,1.8487394957983194,195000.0,46020.00027894974,3.2542697723905984,0.2797399994730949,0.25046999998390673,-14.181819521691159,-12.592595536031723,4.888892303278507,-1.6666638726988803,19.796956925658936,1
HK.01405,489,30.0,28.860000610351562,3.9501017516941435,0.9140164805455175,469223.85,14076715.5,5.579065689867354,41.11520000457764,65.33579995155334,-22.44053835753023,-50.33112708259413,-59.73154362416108,-58.448751706310986,-69.37212768280911,1
HK.01406,488,0.35499998927116394,0.35499998927116394,0.0,,0.0,0.0,0.0,0.35499998927116394,0.35499998927116394,0.0,0.0,0.0,0.0,0.0,0
HK.01407,489,0.550000011920929,0.550000011920929,0.0,0.2183141297756216,158800.0,87340.00189304352,3.5840801751880944,0.5737999951839448,0.5922499993443489,-5.1724090091395505,-1.785712575121809,-8.333334989017844,-9.836065733954968,30.023641061681296,0
HK.01408,489,0.3400000035762787,0.33000001311302185,3.030300019967555,0.5392545598731165,259000.0,88060.00092625618,3.8648711144215704,0.39776572823524475,0.3119622651487589,-12.820508705793602,-16.675483471430812,42.34604885304415,44.758691146733405,121.83799623545517,2
HK.01410,489,0.7599999904632568,0.7900000214576721,-3.797472174628627,0.9030183077684315,1555300.0,1182027.9851675034,5.3552145464103695,0.8127999949455261,0.5825499990582466,-7.317073525310204,46.153849680748344,26.66666004392862,55.10203585134163,279.99998956918733,0
HK.01412,489,1.090000033378601,1.0399999618530273,4.807699361496682,3.173734610123119,77700.0,84693.0025935173,0.5160051729679781,1.0365428233146667,1.3195623135566712,9.000009834766974,-2.179483585965839,-29.785272434279157,-28.018869929739626,-14.837749386168625,1
HK.01413,489,0.18400000035762787,0.18299999833106995,0.5464491998239219,0.11115998240633372,1238150.0,227819.60044279695,7.798281378980404,0.2463853806257248,0.3722957302629948,-5.641021996560048,-41.58730103165234,-59.560440647301185,-52.20779093105244,-48.16901241732688,1
HK.01415,489,23.299999237060547,22.1200008392334,5.334531433354336,1.5827746636832276,3559779.15,82942851.47910404,5.9017057010403216,28.437216453552246,29.40852095603943,-16.825587295954456,-4.8092711590538455,-17.17603733777306,-16.353675370988153,-13.754062135233863,1
HK.01416,489,0.18799999356269836,0.17800000309944153,5.617972072545548,0.4630738522954092,439250.0,82578.99717241526,2.3192140549487745,0.20489999890327454,0.19288999930024148,-21.99170283547461,3.2967018571514073,-3.589743354616777,1.6216168323514677,154.05404208087867,1
HK.01417,489,2.75,2.5899999141693115,6.1776096962538,6.6693509304573055,4720359.05,12980987.3875,18.543946930434057,1.2288999912142753,0.48113499775528906,67.68292829190459,1203.3175635259115,1150.000006773255,1241.4634263352366,1179.0697461660006,4
HK.01418,488,0.17000000178813934,0.17000000178813934,0.0,0.0,48700.0,8279.000087082386,4.738750864063089,0.15875800609588622,0.19912921294569969,7.890830831234104,-4.939422406002282,-23.86923681100484,-24.522715714488633,-40.49607316571441,0
HK.01419,489,0.7300000190734863,0.7300000190734863,0.0,0.2544529262086514,79600.0,58108.00151824951,0.4520400947387905,0.7875999987125397,0.8257843443751335,-5.194800369332063,-13.095233111289467,-7.637194840296786,-8.749998975545182,-8.749998975545182,0
HK.01420,488,0.19499999284744263,0.19499999284744263,0.0,0.4005006257822278,163000.0,31784.99883413315,0.7981404291042195,0.22113999843597412,0.21228999957442285,-8.01887021221995,-25.0,16.766465783542337,13.37208501458711,45.52237909709641,0
HK.01421,489,0.39500001072883606,0.4000000059604645,-1.2499987892806712,1.0568031704095113,109587.5,43287.06367574632,0.6166253887983109,0.40569999933242795,0.4415499985218048,-3.6585331282255105,12.857147844470362,-39.23076535117683,0.0,-7.058823611909541,0
HK.01425,489,0.6499999761581421,0.6700000166893005,-2.985080601935728,1.1345646437994723,1188250.0,772362.4716699123,1.7551282876445977,0.6639999949932098,0.6446499955654145,1.5624985448084445,-1.515159040990203,-1.515159040990203,3.174600171093715,-6.132549376603595,0
HK.01427,489,0.21799999475479126,0.20999999344348907,3.809524552892418,0.6336306794226811,63050.05,13744.910569289328,9.819408200630567,0.2201399978995323,0.2234799997508526,-12.096774871931126,7.920785724924132,-12.449800590744273,-12.800002098083496,10.101008048508547,2
HK.01428,489,6.96999979019165,6.78000020980835,2.802353606249689,0.7139260440288518,14388308.65,100286508.2717127,6.01789762844493,10.105000009536743,9.553100028038024,-25.6929668960128,-40.982222332403055,-5.555559863027559,-17.8066018108117,-11.99495299180394,1
HK.01429,489,0.24400000274181366,0.1899999976158142,28.42105568611064,1.9351620947630923,5981200.0,1459412.8163993359,6.5285234318614895,0.24069999724626542,0.1630149994045496,-2.399998903274536,-11.272728198815948,141.5841527188975,154.16666731341846,300.0,2
HK.01431,489,0.23399999737739563,0.21699999272823334,7.8341037874838895,0.4631549841006498,684700.0,160219.7982043028,3.887986767025558,0.28677999913692476,0.2914049996435642,-16.428572721019076,-31.176472083507512,0.862070737355722,-9.999997707513579,-16.428572721019076,1
HK.01432,489,0.33500000834465027,0.33000001311302185,1.5151500099837776,0.3555258824122055,6854208.15,2296159.78744597,1.8172617324927536,0.3284000045061111,0.33700000181794165,1.5151500099837776,-4.285710271523855,-1.4705868173635692,-1.4705868173635692,24.07407223442462,1
HK.01433,488,0.08100000023841858,0.08100000023841858,0.0,,0.0,0.0,0.0,0.08100000023841858,0.09039000019431115,0.0,-10.989008919655149,-18.181817497650997,-14.736840784384587,8.339878920750392,0
HK.01440,489,15.0,15.199999809265137,-1.31578823536055,0.7403598971722365,1893250.0,28398750.0,10.504983491988643,14.959799995422363,10.95809999704361,8.381501695252549,7.142857142857142,61.290319272721824,100.0,74.41859691448668,0
HK.01442,488,0.30000001192092896,0.30000001192092896,0.0,0.0,29500.0,8850.000351667404,2.1039875391083225,0.29689999878406526,0.31999999955296515,11.11111111111111,-4.761900256640573,-11.764703304297399,-7.692300638503319,-10.447759866236506,0
HK.01443,489,0.04899999871850014,0.04899999871850014,0.0,0.028137310073157007,339700.0,16645.299564674497,3.1926209502096348,0.04865999989211559,0.05936000009998679,2.0833297761985303,2.0833297761985303,-43.023259239044506,-31.944443294663436,-27.94118227121295,0
HK.01446,489,0.36000001430511475,0.33500000834465027,7.462688160516194,1.1428571428571428,111900.0,40284.00160074234,1.4135455554617025,0.3552000063657761,0.3943000021576881,0.0,7.462688160516194,-12.195117696277553,-24.99999534338702,-13.25300685690411,1
HK.01447,488,0.5199999809265137,0.5600000023841858,-7.1428609441737585,9.25531914893617,27500.0,14299.999475479126,1.7747766989850484,0.5483481621742249,0.5050111222267151,-3.7037110623015317,-11.475413495664815,18.681308216884542,18.681308216884542,-5.263167039280135,0
HK.01448,488,2.640000104904175,2.640000104904175,0.0,,0.0,0.0,0.0,2.640000104904175,2.746935802698135,0.0,0.0,-5.035966472172563,-7.692300638503319,-22.9074414166308,0
HK.01449,489,0.28999999165534973,0.2849999964237213,1.754384313814067,0.14457831325301204,220450.0,63930.49816042185,4.991929439724938,0.2885999971628189,0.26406499683856965,-12.121218141883071,11.538462420187086,13.725489050275936,9.433965022643019,13.725489050275936,1
HK.01450,489,0.7200000286102295,0.7200000286102295,0.0,0.0034680623536802817,545290.9,392609.4636008978,5.386900033358466,0.7541620314121247,0.8891519024968147,-12.65356006855768,-3.918918854427044,-30.75237424686389,-32.57467632250432,-14.594590008505476,0
HK.01451,489,1.0099999904632568,0.9700000286102295,4.123707285899507,0.4918032786885246,266600.0,269265.9974575043,6.378369094392602,1.224000004529953,1.1198266023397445,-11.40350849674679,-21.705424780599454,-23.632566792144598,-17.88618091046433,25.58201133685092,2
HK.01452,488,0.1550000011920929,0.15800000727176666,-1.8987379377227689,0.0,199300.0,30891.500237584114,3.007114420562406,0.14593999966979027,0.124594999961555,4.7297291854944845,54.999998882412925,40.90909275634231,34.78260728722486,86.7469964958033,0
HK.01455,489,0.24500000476837158,0.22499999403953552,8.888893892735743,1.1875601154216096,806800.0,197666.0038471222,3.3739103029083144,0.2281800001859665,0.2298599998652935,6.521739271277513,11.872149940249065,5.603453369897701,5.603453369897701,56.831935518487164,1
HK.01456,489,3.880000114440918,3.890000104904175,-0.2570691566473151,0.6265163130821443,3622344.3,14054696.298544407,4.268667708017766,4.225998573303222,5.069930148124695,-2.073580897623841,-14.579330800476479,-24.542350298132344,-24.829808263561596,0.4181874905591268,0
HK.01458,489,1.2100000381469727,1.190000057220459,1.6806705852795165,0.7717298874987581,1270922.0,1537815.6684818268,4.940464459804175,1.4304000091552735,1.671149999499321,-16.55172425132869,-8.333334085917201,-27.544906033453554,-26.219509225527045,-50.61224430216099,2
HK.01459,489,0.2150000035762787,0.20600000023841858,4.368933654098912,0.2112676056338028,54700.0,11760.500195622444,2.4192661905752235,0.22017999976873398,0.24789999857544898,-4.867253398799982,-2.7149308758059694,-13.654616334892411,-10.788379023220832,-33.84615031925166,1
HK.01460,488,0.23000000417232513,0.23000000417232513,0.0,0.0,671660.0,154481.8028023839,5.7165468700617525,0.22996000081300735,0.27034250110387803,-7.2580613180389735,11.111111910958723,-28.124997089616887,-19.298243137387765,5.479688428753656,0
HK.01461,489,0.550000011920929,0.5099999904632568,7.843141608951449,0.6265296133137542,101800.0,55990.00121355057,5.083838393138227,0.5683374655246735,0.6587023997306823,7.2908115735635475,-14.167350741149162,-15.46785436218942,-15.46785436218942,-0.37282444396458647,1
HK.01463,488,0.29499998688697815,0.29499998688697815,0.0,0.0,167900.0,49530.49779832363,2.4684284102166942,0.29479999423027037,0.26904999658465384,0.0,11.320755777939622,17.99999475479126,15.68627153071743,26.60943895847916,0
HK.01466,489,1.0399999618530273,1.2300000190734863,-15.44715888407701,2.9952586786459046,3325598.05,3458621.845138502,12.367556558667578,0.6087999975681305,0.5647249983251095,110.1010003706325,62.49999767169351,103.92156496088299,82.45613594794862,50.724632673417766,0
HK.01468,488,0.2150000035762787,0.24300000071525574,-11.5226325335641,0.1486031344224938,3236621.25,695873.5803250596,13.812873776110044,0.32893999844789507,0.6123100004345179,-30.645160670086945,-41.891891674197794,-68.38235274782231,-68.38235274782231,-80.71748863342107,0
HK.01470,489,0.15000000596046448,0.15000000596046448,0.0,2.030075187969925,116600.0,17490.000694990158,1.4794150509040525,0.1582200014591217,0.13452000133693218,-3.225803350434739,-8.536584257795896,42.857152993987526,45.631073579474474,212.50000970127672,0
HK.01471,463,10.399999618530273,10.010000228881836,3.8960977096001748,0.01126126126126126,8490.0,88295.99676132202,4.336707819737278,10.907691135406495,18.417471089363097,-1.0852047450700384,-74.20977819518609,-37.097021294464795,-41.15753125152432,-23.928120197196083,1
HK.01472,488,0.09700000286102295,0.10300000011920929,-5.825240049749624,0.18981394474722796,2659250.0,257947.25760817528,8.83144516100301,0.1102600009739399,0.08004000041633845,-8.490562258071387,14.117649224390187,56.45162007470048,64.40678351365843,51.56249727151603,0
HK.01473,489,1.2599999904632568,1.2599999904632568,0.0,0.1385721606917866,9467675.0,11929270.409709215,15.165691400935726,0.9937999999523163,0.5849999986588955,3.2786853209006517,173.91303643612432,260.0000034059798,200.0000070957913,781.5731896023426,0
HK.01475,489,6.539999961853027,6.150000095367432,6.341461145331823,0.3863053134119492,737869.8,4825668.4638525015,7.239827217761542,6.832961483001709,6.8314463639259335,-4.786832103741272,-8.926536430184914,-2.0028247281679645,-3.1357386890311187,-2.8549730522864687,1
HK.01476,489,1.2100000381469727,1.2699999809265137,-4.7244050142243905,0.01473606652281459,948050.0,1147140.5361652374,3.4824908617054398,1.3202187085151673,1.6856918793916702,0.0,-18.294212656721847,-33.028044486906765,-33.028044486906765,-34.108238579967335,0
HK.01477,489,4.670000076293945,4.349999904632568,7.356325946595772,2.590930245641996,801514.95,3743074.8776507378,5.877618904927079,6.271799983978272,7.515550000667572,-24.677415807090753,-32.70893317305925,-43.11814793428452,-38.14569591634142,-58.07899522109877,1
HK.01478,489,6.900000095367432,6.860000133514404,0.5830898115819017,0.5831057926249256,8143911.8,56192992.19666395,6.382350625696685,8.411816539764404,9.84438190460205,-24.687314162492648,-11.84257132263537,-18.354203759971888,-16.938381245586562,-3.9793590461604613,1
HK.01480,489,1.3300000429153442,1.3700000047683716,-2.919705234584303,0.09228219896443324,2498755.0,3323344.257234931,18.568333200361746,1.3515999925136566,1.2231499993801116,12.711873053819863,34.34343738417734,3.906255675247066,10.833332505491079,33.000004291534424,0
HK.01481,488,1.6100000143051147,1.6100000143051147,0.0,0.0,198500.0,319585.0028395653,5.036551038434813,1.9504000020027161,1.8918999966979027,-10.055863205805586,-43.70629114127394,-10.55555239135828,-12.97297332128353,222.00000286102295,0
HK.01483,489,1.100000023841858,1.059999942779541,3.7735927567532066,0.09534127843986999,395900.0,435490.00943899155,3.091830021606669,1.2499999976158143,1.1313499987125397,-9.836065733954968,-6.779654852722472,5.769236941309597,0.9174302896359119,-4.347822030685715,1
HK.01486,489,0.6200000047683716,0.6200000047683716,0.0,1.7123287671232876,31700.0,19654.00015115738,2.1834556123484616,0.6817999994754791,0.5848500007390975,-7.462688160516194,-11.428569239013012,5.084751242024469,-3.124997089616889,169.56521457444973,0
HK.01488,488,0.8299999833106995,0.8299999833106995,0.0,0.0,108400.0,89971.99819087982,2.3012767583417375,0.8093999981880188,0.6937000021338463,1.219511042741837,29.68750029103831,33.87096402052169,38.33332505491078,-17.000001668930054,0
HK.01489,489,0.5400000214576721,0.550000011920929,-1.8181800448205245,0.3276003276003276,1227000.0,662580.0263285637,4.726510588530311,0.5047999930381775,0.43992499873042107,8.000004291534424,42.1052705878367,44.0000057220459,38.461549042245025,52.11268669791349,0
HK.01490,489,0.2800000011920929,0.2750000059604645,1.8181800448205245,0.10561192793539036,1935600.0,541968.002307415,8.838738975583402,0.27121999830007554,0.2182899993658066,5.66038351204981,3.70370002440479,48.14815223625831,48.14815223625831,55.55555003660718,2
HK.01496,489,0.16899999976158142,0.15199999511241913,11.184213944605128,1.733931240657698,142000.0,23997.99996614456,2.092795461260686,0.17087999999523162,0.16463046737015247,1.197607248210522,-4.519774724751561,6.962020242754995,10.45751824954011,15.177497213078611,1
HK.01497,488,6.889999866485596,6.889999866485596,0.0,0.0,10760.0,74136.39856338501,0.16041989343292448,6.292154998779297,6.335189161300659,0.0,25.602522589870524,5.616141064222426,22.830310897345985,14.292348386640555,0
HK.01498,489,0.30000001192092896,0.28999999165534973,3.448282949422888,0.32062234177905413,627125.0,188137.50747591257,3.3284024998269657,0.3021000021696091,0.3544250009953976,-1.6393426604503258,-4.761900256640573,-18.918916741977938,-14.285709420028917,-34.78260728722486,1
HK.01499,489,0.10700000077486038,0.10899999737739563,-1.83485931252876,0.32617519002287654,6799000.0,727493.0052682757,6.146157050405972,0.1330200007557869,0.21147999957203864,-17.054258596151133,-38.85714137310882,-42.16216248870331,-41.530053688151426,-55.41666534729299,0
HK.01500,489,0.25,0.25,0.0,0.21390374331550802,283500.0,70875.0,4.185554878263489,0.26447999984025955,0.1624000005610287,-16.66666997803569,4.6025136950404315,83.82351942179992,103.25202690616588,303.2258130416166,0
HK.01501,489,31.459999084472656,30.68000030517578,2.542368877243093,0.7388777107086967,177860.0,5595475.437164307,5.114736852246658,34.75917274475098,31.90757360458374,-7.822468514304363,3.624420233867854,2.287336620473926,8.22210027024523,27.8591687933118,1
HK.01502,489,1.9800000190734863,1.9700000286102295,0.5076137217272785,0.8025247971145176,99300.0,196614.0018939972,1.7348278122391216,2.051290295124054,2.034328818321228,-0.6672382827523667,-1.1249982587654344,4.662818483202883,5.69397800969859,2.1708495270733827,2
HK.01508,489,1.1399999856948853,1.1299999952316284,0.8849549119871483,0.7938491437984079,22522751.0,25675935.817809463,3.557455632212933,1.2588000011444092,1.5292500060796739,-4.201686480785667,-32.94117919301484,-28.75000195577738,-35.95505595402861,3.7900970511518537,1
HK.01511,27,100.0,96.0,4.166666666666666,0.8769559318557568,353248.5,35324850.0,5.4088345019808655,,,35.04388369856547,,,73.91304347826086,,2
HK.01513,489,24.360000610351562,23.399999618530273,4.102568407997203,0.9959289233009884,932725.4,22721191.313290406,3.170135372089404,25.42360324859619,28.12843783378601,-1.213348097586391,-3.130100037627977,-14.657683698236356,-9.353588937262861,-13.318427212394305,1
HK.01515,489,2.5199999809265137,2.4000000953674316,4.999995032946466,0.6315863549198641,2653630.0,6687147.5493860245,3.1819735031287517,2.669599995613098,3.1082194805145265,-1.945523486967363,-7.3529428522066915,-21.49532862992654,-21.73913172248759,-37.14239395709435,1
HK.01516,489,0.7300000190734863,0.7200000286102295,1.3888875091517963,0.155535643664748,12470669.7,9103589.118859148,5.333673782464307,0.9427435898780823,1.2930493491888047,-23.95832964684806,-33.46381935646502,-47.989319084411896,-47.24631178935203,-56.55578573916193,1
HK.01518,489,0.4399999976158142,0.45500001311302185,-3.29670660767248,4.932362122788762,29950.0,13177.999928593636,3.230765813691329,0.5260999947786331,0.6469249986112118,-16.981128043829436,-24.137929262644278,-35.29411867828104,-33.333336343668805,-51.64835330383624,0
HK.01519,489,8.460000038146973,8.449999809265137,0.11834590659837681,1.0592245593824794,47097678.45,398446361.4836339,5.289652201672892,9.26599998474121,9.960100002288819,-6.312289165889803,-10.853527479588456,-16.071427557744126,-18.73198691496523,24.77875776328496,2
HK.01520,489,0.4950000047683716,0.48500001430511475,2.0618536429497536,0.5084385993969268,1433300.0,709483.506834507,7.706957659336326,0.5857000011205673,0.971425000578165,-21.42857007699217,-41.07142616392797,-58.40336294398446,-54.58715691649543,-23.846150319251656,2
HK.01521,489,0.9399999976158142,0.8600000143051147,9.302323486045513,0.6206685446592177,290465.2,273037.28730747703,6.945006640113576,0.9398000025749207,1.0735999989509581,34.28571623198843,-15.315316621479901,-6.9306924265747485,-6.9306924265747485,-24.800000190734863,1
HK.01522,489,0.24500000476837158,0.2460000067949295,-0.4065048776163425,0.9940691492210626,1199105.0,293780.7307177782,2.683012906499655,0.26939703583717345,0.3018168506026268,-5.499996149114119,-10.305073576183291,-19.818179388676764,-22.17646689068477,-7.482518844018222,0
HK.01523,489,7.949999809265137,8.079999923706055,-1.6089123226289685,0.2566629016237945,1564195.45,12435353.529153394,4.677674714728813,8.503999977111816,7.201445572376251,-6.690148097106427,1.0165174697505286,42.39204097509465,32.66770143978606,42.417961088749635,0
HK.01525,489,1.8700000047683716,1.8300000429153442,2.185790213933768,1.1528852598866615,422075.0,789280.2520126104,4.451029677644101,1.9009419465065003,2.4059696823358534,2.747250048093087,-20.037707941912213,-33.17835882674829,-28.690342639361997,-29.968895892581003,1
HK.01526,489,0.9700000286102295,0.8999999761581421,7.777783811828397,0.3272106795142026,494150.0,479325.5141377449,7.8508729463449445,0.7613511145114898,0.9026977780461312,32.272728307188025,9.015987010712893,5.536751126417514,-7.28547827804022,-5.519475392415316,3
HK.01527,489,1.7999999523162842,1.8200000524520874,-1.0989065691980104,1.3925925925925926,2570.0,4625.99987745285,0.4087486603542566,1.9925999975204467,2.0238999956846238,-15.492964525556008,-6.73575123133008,-5.263159215615413,-7.692312394843655,21.621616832351467,0
HK.01528,489,1.0800000429153442,1.100000023841858,-1.8181800448205245,0.5602447857001432,2272138.55,2453909.7315096078,3.1314055330371264,1.2913999938964844,1.3200499927997589,-13.59999656677246,-12.903223015391266,-9.243698236624217,-13.59999656677246,-22.302154386323007,0
HK.01529,489,0.375,0.38999998569488525,-3.8461503192516595,0.15578190533253444,141100.0,52912.5,9.692006703208877,0.4251000028848648,0.4924000009894371,8.695652549493667,-25.0,-26.470586860331117,-36.44067514083113,-1.31578823536055,0
HK.01530,489,17.280000686645508,15.90999984741211,8.610941875378083,1.4716077451376774,36220748.9,625894565.8628145,6.717813342180086,19.43739990234375,25.056149950027464,-6.594590882997255,-21.80995299378213,-37.30043170719402,-29.69893921773409,-18.792974048647146,1
HK.01532,489,0.11900000274181366,0.11299999803304672,5.309738772749573,0.16489988221436985,128400.0,15279.600352048874,3.8348245741346965,0.1284800010919571,0.11103000048547983,-14.999998403447021,32.22222001464287,8.181821260570512,14.423077198616141,7.207208295677697,2
HK.01536,489,0.20000000298023224,0.19300000369548798,3.626942565135252,9.976349172221028,681200.0,136240.0020301342,10.479936582078562,0.25307999789714813,0.20677999913692474,-27.27272776532763,-19.028336881358218,25.00000465661298,36.986305424410595,115.05376154569582,1
HK.01538,489,0.7900000214576721,0.800000011920929,-1.2499987892806712,1.2782090630077632,583300.0,460807.01251626015,6.60273044261176,0.7692650556564331,0.5324287563562393,-4.172452843039131,53.68570267372982,101.11955634127834,108.85493486323423,136.09686347816577,0
HK.01539,489,0.33000001311302185,0.33000001311302185,0.0,1.7452830188679245,234600.0,77418.00307631493,3.566509374381273,0.3557000011205673,0.34614500030875206,-8.333333333333332,-10.810808416175734,-1.4925358528601556,13.793111244365178,-14.285708756526322,0
HK.01540,489,0.49000000953674316,0.4950000047683716,-1.0101000370632516,1.0920825706777137,1368952.3,670786.6400553465,8.21907623763806,0.4080999994277954,0.409955236017704,19.512198490446938,12.07446877400682,21.09195571607855,22.500000558793538,22.500000558793538,0
HK.01541,489,3.7799999713897705,3.6500000953674316,3.5616403459094235,0.5070300079244706,2059501.1,7784914.099077201,9.10162689799019,3.966800012588501,6.562150007486343,29.010234992018674,-19.915251283596184,-42.29007845317816,-37.82894705884014,-69.80830804166794,2
HK.01542,489,1.0,0.9200000166893005,8.69565020211481,21.106719367588934,26000.0,26000.0,2.454410086263885,1.0310000133514405,1.1782000058889388,7.526880893449264,-9.090911061310528,-21.874998253770134,-12.280700653653822,-30.555558315029742,1
HK.01543,488,0.19300000369548798,0.19300000369548798,0.0,0.0,95700.0,18470.1003536582,2.893972106310664,0.184480000436306,0.26109500028192995,2.6595799489334015,-20.247931925091493,-46.388889992678564,-37.74193477059999,-35.666667991214275,0
HK.01545,488,0.13300000131130219,0.1379999965429306,-3.6231850412206086,0.6557377049180327,170500.0,22676.500223577023,1.932503850252122,0.13299999967217446,0.1005850001052022,-1.4814844249206127,15.65217295531291,7.258067326571811,41.48936794186264,118.0327865849,0
HK.01546,489,0.13899999856948853,0.14000000059604645,-0.714287158786028,0.9491371480472298,1800000.0,250199.99742507935,7.197186035403161,0.20159999951720237,0.16056499930098653,-35.64815047964836,-52.88135432265532,135.59321648634156,59.77011789559287,90.4109597429815,0
HK.01547,488,0.20399999618530273,0.20399999618530273,0.0,0.0,24400.0,4977.599906921387,0.9616922848758539,0.2286799967288971,0.22018179647624492,-14.999999689559134,0.0,10.86956292869689,4.081633428840149,-19.861928121983162,0
HK.01548,489,12.1899995803833,11.789999961853027,3.3927024582229577,0.7175519465201102,28564418.4,348200248.309893,7.641747717741758,13.17980001449585,13.952850003242492,-10.891817920711185,9.81981226535102,-8.7574858260508,-4.691167969188938,-18.733336130777996,1
HK.01549,489,0.09799999743700027,0.08799999952316284,11.363634054572117,0.38461538461538464,164400.0,16111.199578642845,4.228503495107543,0.09719999983906746,0.10652500029653311,-1.010103062602563,10.112354753445224,-5.769235177858251,-6.666666193613915,22.499999534338702,1
HK.01551,488,1.590000033378601,1.590000033378601,0.0,0.0,5652.0,8986.680188655853,0.7825116789295838,1.4869969058036805,1.519039317369461,8.937989354239237,10.400250236065514,8.22129356779694,8.22129356779694,5.378838078252311,0
HK.01552,488,0.24400000274181366,0.24400000274181366,0.0,10.0,75750.0,18483.000207692385,0.6688160551094203,0.24863999903202058,0.22345499977469443,-4.313722625689836,-2.399998903274536,3.8297886641223093,8.92856929033089,16.190481123740593,0
HK.01553,488,1.3200000524520874,1.3300000429153442,-0.7518789579387514,0.6451612903225806,9600.0,12672.000503540039,1.2077525583115636,1.4466000127792358,1.4793000084161758,-7.692300638503319,-12.582777431202425,-11.409393019904112,-12.582777431202425,-5.714280362031807,0
HK.01555,489,0.026000000536441803,0.026000000536441803,0.0,0.02546443659934024,1710200.0,44465.20091742277,5.643816136914344,0.029240000285208224,0.03231000006198883,-7.1428580931862715,-34.99999720603221,-13.333329608042952,0.0,-39.534884526834006,0
HK.01556,489,0.24500000476837158,0.24300000071525574,0.8230469330160306,1.3143398087569862,162167.65,39731.07502327561,1.465554583892761,0.2730361440777779,0.3148950053006411,-5.8962266850703635,-29.73584990163592,-23.62592437375678,-24.71697790100227,-16.352203625651295,1
HK.01557,489,0.47999998927116394,0.4950000047683716,-3.0303061318608857,0.1,160800.0,77183.99827480316,5.596203337890302,0.41909999787807467,0.32150499992072584,12.941170778241698,31.506842939642215,37.14285641300434,43.283575317806175,287.0967718676647,0
HK.01559,488,0.04399999976158142,0.04500000178813934,-2.2222266373809187,0.0,711500.0,31305.99983036518,3.686742697104832,0.05500000037252903,0.0710209103114903,-31.250003637978637,-25.42372966970187,-43.58974505928608,-48.83721131708501,-45.679012799913465,0
HK.01560,489,0.11999999731779099,0.12999999523162842,-7.692306369719372,1.2514220705346986,18680.0,2241.5999498963356,0.8416858925353722,0.1301000015437603,0.1301800000667572,-2.439029265698055,-20.529799461939767,-6.976741365383075,1.694912364756178,9.090907243657693,0
HK.01561,489,0.05299999937415123,0.05299999937415123,0.0,1.420500403551251,265400.0,14066.199833899736,9.624954985189897,0.04728000000119209,0.0647850001230836,12.765959976430802,-5.357146896041653,-32.05128425559579,-22.058828685522624,-36.14457663689935,0
HK.01563,489,0.13099999725818634,0.14000000059604645,-6.42857378538773,0.31768328921065425,901800.0,118135.79752743244,4.3334293472061,0.15092000037431716,0.1751450002938509,-13.245030955930256,-18.633541292460094,-28.02197806696402,-25.56818297271394,-38.78504845349274,0
HK.01565,489,0.17499999701976776,0.1599999964237213,9.375000582076622,2.6040771694134186,708100.0,123917.49788969755,7.730745366177888,0.16546452432870865,0.1920586596429348,11.464962530699237,-9.81595054335577,-7.975461901387641,-9.81595054335577,-22.919618125598866,3
HK.01566,488,0.050999999046325684,0.050999999046325684,0.0,,0.0,0.0,0.0,0.11525999784469604,0.06706499874591827,-90.0,0.0,0.0,0.0,0.0,0
HK.01568,489,0.6299999952316284,0.6100000143051147,3.2786853209006517,2.0826580226904374,262200.0,165185.99874973297,4.388071425282127,0.6556428480148315,0.6908749851584435,-0.2262400939131909,-9.538457799004666,-9.538457799004666,-8.316007919264033,6.0096230273851985,3
HK.01569,489,0.11299999803304672,0.11299999803304672,0.0,0.04707896426278622,457900.0,51742.699099332094,3.5096714862738367,0.12915999948978424,0.1728549998998642,-4.237290382967418,-37.222225809538664,-38.918920769318746,-35.42857145289985,-20.422539201858154,0
HK.01570,488,12.930000305175781,12.5,3.44000244140625,0.5178161390226073,61491.7,795087.6997657776,4.419241275892849,12.367400016784668,6.384550006985664,-7.378221562726528,84.71429007393974,382.4626859364623,152.04678395187383,556.3451836240567,1
HK.01571,489,3.8399999141693115,3.7200000286102295,3.225803350434739,0.98308869355733,929520.75,3569359.600218594,3.032547974338523,4.013091216087341,3.7509721124172213,-5.514942436491477,3.7204407768423304,8.906464919696147,8.620623377380113,24.306393007469364,1
HK.01572,489,0.09000000357627869,0.08500000089406967,5.882356034843122,0.8044382801664355,299000.0,26910.001069307327,7.280099721410585,0.09062000006437301,0.09640500012785197,-7.216493895132698,-4.255312065993758,-9.090904985905985,-9.999997764825855,11.111115199221167,1
HK.01575,489,0.03500000014901161,0.035999998450279236,-2.7777731786537547,0.20684736091298145,566600.0,19831.00008442998,4.8685607148809815,0.04483999989926815,0.050584999956190584,-16.666665188376843,-44.44444510146212,-28.571426399247585,-16.666665188376843,-43.54838593383236,0
HK.01576,489,1.6699999570846558,1.659999966621399,0.6024090761646119,0.22033898305084745,43200.0,72143.99814605713,0.6763129276049653,1.780400004386902,1.8015500020980835,-3.468211637417439,-4.571431023733957,-8.743173884072421,-8.241763244200811,-15.807972360397333,1
HK.01577,489,1.100000023841858,1.1799999475479126,-6.779654852722472,0.5755395683453237,14300.0,15730.000340938568,2.3765815723816632,0.9797143483161926,0.930136254131794,14.081358857889384,11.908383624561909,17.503794611718217,17.503794611718217,23.04062234295867,0
HK.01578,489,2.059999942779541,2.049999952316284,0.4878044241882981,1.2657881412756407,75002.0,154504.11570835114,1.8109950141774886,2.255510940551758,2.278343563079834,-5.936078129875197,-4.099764252511754,-8.495196887068545,-14.214234021726362,-1.075881164649089,1
HK.01579,489,13.25,13.020000457763672,1.7665094788777993,1.1761432732360535,3030175.6,40149826.7,3.6079558616375422,14.420074253082275,13.532091360092164,-3.9855085734283255,-6.172340596806722,14.7908081638966,6.88950906380728,4.1509456592628124,1
HK.01580,488,0.23000000417232513,0.23999999463558197,-4.166662786155852,0.0,164519.7,37839.531686429684,1.3773477085462327,0.31899999916553495,0.26172499991953374,-22.033893425071955,-47.126436112248015,21.05263529391835,28.49161876304216,55.40540622175827,0
HK.01581,489,0.3149999976158142,0.25999999046325684,21.15384968074834,4.808534352360481,736050.0,231855.74824512005,6.433184621003083,0.3334999984502792,0.23264499939978123,-16.000000635782875,46.511624361000095,36.956518218062165,58.291455329763444,178.76106468930453,2
HK.01582,489,0.38499999046325684,0.39500001072883606,-2.5316506313829312,6.141732283464567,95250.0,36671.24909162521,1.4152756415672176,0.40899999856948854,0.3705750015377998,-9.411769490753356,9.999999148505061,14.92536742481697,8.45070481655075,-6.553400481148368,0
HK.01583,489,0.8700000047683716,0.8700000047683716,0.0,9.565217391304348,17000.0,14790.000081062317,0.6875787503786902,1.0051202034950257,1.160226786136627,-14.220963539064952,-23.67119903051682,-32.27971015178606,-31.766681921897273,-24.943350815827444,0
HK.01585,489,9.399999618530273,9.399999618530273,0.0,1.660465277617263,7084665.3,66595851.11741466,4.491045770262189,10.959780731201171,11.50842821598053,-12.044801529982458,-9.142517712694755,-19.540977873759527,-14.102675941070924,-17.503377162513914,0
HK.01586,488,1.7799999713897705,1.7999999523162842,-1.111110080907347,23.486666666666668,2913.8,5186.563916635514,1.3732834467666222,1.565799994468689,2.1099499958753585,18.66666475931803,5.952382557381357,-20.535715901273846,-18.721464617268516,-29.08366620904864,0
HK.01587,488,0.6000000238418579,0.6000000238418579,0.0,0.0,19800.0,11880.000472068787,1.2500007450580304,0.5870000052452088,0.596468243598938,0.0,2.6086889157605797,-5.284278985391336,-0.7012632405483842,10.430890147355571,0
HK.01588,489,4.730000019073486,4.679999828338623,1.0683801830952866,0.44508064936621694,90626.85,428665.00222857,5.384885363279204,5.316459474563598,7.128167266845703,0.42462804170978624,-28.0539571622205,-38.623813742149494,-39.66660689808865,-37.38701196002728,6
HK.01591,488,0.13699999451637268,0.13699999451637268,0.0,0.19108283297497342,211333.3,28952.660941126942,4.116957950834391,0.1473599997162819,0.14767999991774558,-15.432102399307704,3.007513658370604,-5.5172424424134325,3.007513658370604,-8.666673951678517,0
HK.01592,489,0.19099999964237213,0.1550000011920929,23.2258052731652,0.8343553814205625,22082937.85,4217841.121452526,20.434412455585445,0.20966000139713287,0.21341219998896122,-42.98507615382802,15.06024512770161,-16.22807037609289,33.566427081014794,-40.31249877763909,3
HK.01593,489,1.100000023841858,1.100000023841858,0.0,18.321678321678323,54300.0,59730.001294612885,2.2011653065875096,1.224400017261505,1.3206000006198884,-10.569105139490373,-11.290321340173895,-12.698410145429659,-11.999998092651367,-12.698410145429659,0
HK.01596,489,0.3799999952316284,0.3799999952316284,0.0,0.3537054860442733,833100.0,316577.99602746964,10.601599508781712,0.5608422476053238,0.6413894794881344,-31.814101092819612,-60.34085748730664,-37.312967909009465,-43.67251907985536,-82.26917765770352,0
HK.01597,489,6.789999961853027,7.099999904632568,-4.366196435823527,0.2282453637660485,31750.0,215582.49878883362,5.769619361912165,5.565200004577637,3.503400000333786,-5.034966835142458,134.1379220193691,146.90908952192828,171.5999984741211,105.13595405537043,0
HK.01598,488,0.11100000143051147,0.11100000143051147,0.0,,0.0,0.0,0.0,0.11100000143051147,0.11100000143051147,0.0,0.0,0.0,0.0,0.0,0
HK.01599,489,1.0199999809265137,1.0199999809265137,0.0,0.007948072592396344,359750.0,366944.9931383133,1.8384376273703116,1.137487962245941,1.2430561023950577,-8.034658087055368,-17.715223652033558,-18.934254488333107,-19.53032474504726,-13.360422356271112,0
HK.01600,489,2.7200000286102295,2.7300000190734863,-0.366300014409914,1.8389182854868324,683849.2,1860069.8435650824,2.1998813933995143,2.7632856941223145,3.028179223537445,-1.8050524426198775,0.1304235597258718,-6.902146655570713,-13.011698827067347,-7.4070349670622955,0
HK.01601,489,0.800000011920929,0.7900000214576721,1.265821543245696,0.7297096053611318,131700.0,105360.00156998634,1.9061218510506368,0.8327999973297119,0.8525000053644181,-2.439022085483674,0.0,-8.045976145262136,-6.976744347227267,-0.33956552008449375,1
HK.01606,489,1.5399999618530273,1.4900000095367432,3.35570147625903,3.742883397998775,3939611.5,6067001.559715748,2.1087749765544497,1.5578000020980836,1.6162000042200089,-2.5316506313829312,6.206890428250726,-6.6666676299740715,-12.994351500110856,15.094085960433729,1
HK.01608,489,0.08799999952316284,0.0820000022649765,7.3170696249468685,0.973085837674757,5841250.25,514030.01921467483,22.685739540007287,0.09737999945878982,0.15929499916732312,7.3170696249468685,-34.32836020064524,-54.16666731341845,-39.31034341011542,-68.00000086697663,3
HK.01609,38,163.0,150.0,8.666666666666668,0.9422398702332938,55160.3,8991128.9,4.906186085356307,,,-17.55184495896914,,,-24.186046511627907,,1
HK.01610,489,0.9800000190734863,0.9599999785423279,2.083337601895229,1.3254463106520848,21200165.0,20776162.104361057,3.6213959153427915,1.2273999977111816,1.529299995303154,-16.23931153677999,-39.1304341387562,-35.526313725600914,-37.57961870492399,-37.57961870492399,1
HK.01611,489,1.8200000524520874,1.7999999523162842,1.111116703645831,0.6802128098312318,663928.05,1208349.0858244123,5.8160966000944025,2.305999987125397,3.238499999642372,-14.553992738643554,-19.823785561916885,-37.67123270893795,-32.84132742313332,-7.61421187714206,1
HK.01612,489,0.7300000190734863,0.7300000190734863,0.0,0.08297346734805484,495690.0,361853.70945453644,2.9736423958186173,0.8180381560325622,0.8750044783949852,-9.87654112039807,-19.087293512643594,-8.233150477001695,-9.338773287639139,70.91505817314918,0
HK.01613,489,0.41499999165534973,0.41999998688697815,-1.1904750923180183,0.13348314442880516,13113106.8,5441939.21257571,19.896213344480213,0.230280000269413,0.2046893399208784,166.02563018776513,144.11763958246246,155.86485350751263,137.14285641300435,53.703694505456426,0
HK.01615,489,0.36500000953674316,0.36500000953674316,0.0,0.28368794326241137,114250.0,41701.25108957291,3.297862397179653,0.37359999895095825,0.2975449984520674,2.816907202197346,32.72727331839316,19.672131467909935,5.797104579113893,80.69306773661918,0
HK.01616,488,0.05999999865889549,0.05999999865889549,0.0,,0.0,0.0,0.0,0.05999999865889549,0.05999999865889549,0.0,0.0,0.0,0.0,81.8181787394295,0
HK.01617,489,0.5299999713897705,0.5299999713897705,0.0,0.20143149662861437,20684760.0,10962922.20820427,12.911140760665802,0.6471999937295914,0.3287599981576204,1.9230751596258298,15.217382994626707,404.76189327348084,435.3535093551823,341.6666526968277,0
HK.01618,489,1.3300000429153442,1.3300000429153442,0.0,1.0903172774553267,11020267.7,14656956.513938582,2.654683778415508,1.5138000059127807,1.9363500052690505,-11.333330472310383,-23.56321634334687,-26.923076671155354,-29.99999686291339,-11.851903821596014,0
HK.01620,489,0.10599999874830246,0.10199999809265137,3.9215693435775414,2.2509702457956013,369500.0,39166.99953749776,3.045423581592646,0.11555999979376792,0.1071100004389882,3.9215693435775414,9.278346001880312,5.999997168779416,5.999997168779416,76.66666852931185,3
HK.01621,489,0.1720000058412552,0.17399999499320984,-1.1494190859216393,0.604351329572925,1015600.0,174683.20593237877,3.9932856070890153,0.17098000019788742,0.142295000217855,1.1764729600463935,-4.972369459237667,36.50793894828789,37.60000467300415,104.76191447638072,0
HK.01622,489,0.19200000166893005,0.19099999964237213,0.5235612714294887,0.002658337210075098,1490700.0,286214.40248787403,6.584479426681593,0.16262000009417535,0.15733500003814696,19.254660569592726,20.75472228592443,9.71428853638323,-1.5384570710521015,20.000003725290384,1
HK.01623,489,0.2329999953508377,0.2240000069141388,4.017851856651366,0.877892850595547,595836.5,138829.9017298594,3.3934608094650134,0.2256599995493889,0.21825999937951565,7.870365419924714,-6.048387435965563,8.878501711927552,29.444436717916727,106.19468974034594,1
HK.01626,489,15.300000190734863,15.5,-1.2903213500976562,0.8948577994829072,691350.0,10577655.131864548,14.259770188931881,12.505999975204467,5.328150004148483,3.378378334839559,267.78847961383525,519.4331989276762,431.24998551276053,416.8918916741978,0
HK.01627,489,0.5199999809265137,0.5,3.9999961853027344,0.682727139905811,144071.4,74917.12525205612,2.4247285161733507,0.5571999967098236,0.6232249999046325,-7.1428609441737585,-8.77193202602569,-23.529415373983642,-23.529415373983642,-10.06870697052276,1
HK.01628,488,0.11800000071525574,0.11999999731779099,-1.6666638726988803,0.0,650536.55,76763.31336530001,3.568771730638681,0.1536999997496605,0.1597649996355176,-18.620686820230844,11.320756706278218,0.8547025963809027,4.4247812117189325,-80.65573804130544,0
HK.01629,488,0.16500000655651093,0.16500000655651093,0.0,0.0,34400.0,5676.000225543976,0.8405699408482826,0.17694000095129014,0.16533500038087368,-8.839772501248074,1.2269963327602937,13.793111244365178,13.793111244365178,36.363642521141024,0
HK.01630,489,0.29499998688697815,0.2849999964237213,3.508768627628134,0.30422753769665045,2535090.0,747851.5167573094,7.645237204451731,0.32140000015497205,0.1285200002230704,-3.278695092153664,213.82978402985432,637.4999837018546,602.3809306289736,555.5555003660719,1
HK.01631,489,1.2699999809265137,1.25,1.5999984741210938,0.2959830866807611,329750.0,418782.4937105179,6.684754462600526,1.058499994277954,0.6033499972522258,-7.971015556898724,164.58333527358874,221.51897378006836,130.9090824363647,179.12086688468867,2
HK.01632,488,0.052000001072883606,0.054999999701976776,-5.45454299154359,0.07414272474513438,213300.0,11091.600228846073,8.041017048550192,0.057960000187158585,0.08838999979197978,-18.75000218278718,-38.09523598339549,-51.401868508115946,-52.7272714957718,-73.99999985098839,0
HK.01633,489,0.4399999976158142,0.39500001072883606,11.392401434102805,0.844713070975258,3027150.0,1331945.992782712,14.555298964907273,0.41179999947547913,0.20733500007539987,2.3255791388182447,57.1428556223305,160.35502854233667,272.88135165149066,598.4126833951515,2
HK.01635,489,2.319999933242798,2.2899999618530273,1.3100424405900453,0.33761759547206205,16871861.35,39142717.20568174,4.108117318810034,2.9323999881744385,3.377649997472763,-23.178809672341817,-32.163746155326216,-39.26701639302517,-32.947979547269306,8.876756642932405,1
HK.01636,488,0.3100000023841858,0.3100000023841858,0.0,,0.0,0.0,0.0,0.3100000023841858,0.5945249977707863,0.0,-35.41666472641126,-50.0,-34.73684078438459,3.3333300219643105,0
HK.01637,489,0.4099999964237213,0.4399999976158142,-6.818182126057051,1.4157973174366616,143600.0,58875.99948644638,3.6950253444325685,0.46129999935626986,0.3054460700601339,-12.765957986461249,2.4999975785613424,99.09427722425238,81.13676004007378,201.89459344192616,0
HK.01638,489,0.05000000074505806,0.04500000178813934,11.111108351636926,2.196396379054053,9796527.7,489826.3922989819,8.495831971290043,0.06920000031590462,0.10149000018835068,-26.470591135606476,-35.89743626482152,-54.95495486424908,-48.979589742131594,-66.44295340607033,2
HK.01640,489,0.5899999737739563,0.5899999737739563,0.0,0.07759079724251873,1826666.45,1077733.1575937658,15.44975953306172,0.8785999977588653,2.9004000064730646,-30.58824032648198,-72.685187484747,-84.94898055380256,-84.94898055380256,-83.14285789217267,0
HK.01641,111,4.5,4.369999885559082,2.9748310719757884,0.8160123171670516,30825.0,138712.5,2.79932538681535,6.074399995803833,,-16.512057301142313,-34.782609597045656,,-63.41463471366704,,1
HK.01643,489,1.2400000095367432,1.3799999952316284,-10.144926534683554,0.22706630336058128,964350.0,1195794.0091967583,16.72257020695356,2.3535999965667727,1.300649998486042,-45.851527065818935,-22.01257965373376,133.96227857997886,143.13726131845476,249.2957878907368,0
HK.01645,489,2.869999885559082,2.700000047683716,6.296290180483745,0.8115719406041987,4448600.0,12767481.490898132,7.880396271394531,2.317000000476837,2.782349994182587,11.673150198791932,-29.484035270014598,-5.280530935361733,-14.328359186211179,168.22427522148138,3
HK.01647,489,0.04399999976158142,0.04699999839067459,-6.382976025140478,2.703801585688148,1373750.0,60444.99967247248,7.793087475891023,0.06414000004529953,0.07785500016063451,-34.32836020064524,-35.29412151414197,-42.857142857142854,-42.10526160999013,-40.54054162901103,0
HK.01650,489,0.14000000059604645,0.13699999451637268,2.1897855472652887,0.035634743875278395,882800.0,123592.0005261898,2.9209378422069276,0.13550020933151244,0.11125452496111393,1.4492783356655092,17.88677287873244,57.182363838309925,16.943677287045986,82.72450713297724,2
HK.01651,489,60.650001525878906,60.5,0.2479364064114153,1.1833813658473937,1321192.7,80130339.27098008,6.508296173481597,54.93140022277832,40.31304383277893,11.080591979549869,80.82886067483972,85.4740064551209,75.79710587211277,192.9564836452634,1
HK.01652,489,1.0399999618530273,0.9700000286102295,7.216487750324138,0.9527934170636639,110400.0,114815.99578857422,3.484592085278768,1.100600004196167,0.9206000025570392,-3.7037110623015317,-20.0,33.33333333333333,29.999993294477562,215.15149106883135,1
HK.01653,489,2.359999895095825,2.450000047683716,-3.6734755443363665,0.15971707261422624,1681100.0,3967395.8236455917,6.940704010623828,2.7013999938964846,2.402475000321865,-21.070237873963325,-24.840770183100148,-23.37662488458373,8.256872606723206,700.0,0
HK.01655,489,0.1550000011920929,0.16300000250339508,-4.907976189224632,0.10864817645774187,9016500.0,1397557.5107485056,6.356752896656535,0.21218000024557113,0.20353000037372113,-23.645317412726722,-26.1904733183702,-28.240742050213463,-18.421050980480732,34.78260728722486,0
HK.01656,488,4.300000190734863,4.420000076293945,-2.7149294906731947,0.0,600.0,2580.000114440918,0.0,3.820800061225891,2.6375500082969667,0.0,91.11111958821616,91.11111958821616,91.11111958821616,146.36849610100563,0
HK.01657,489,50.29999923706055,52.0,-3.269232236422025,0.004472742901452055,1229945.5,61866257.71162605,12.48887781038526,38.222799911499024,21.065299954414368,67.66666412353516,235.33332824707028,206.89445460766103,246.8965464624865,403.50350740228845,0
HK.01658,489,4.760000228881836,4.769999980926514,-0.2096384084835029,1.045815182744042,39405820.8,187571716.0272766,2.35387497651548,5.070800018310547,5.174809551239013,-5.1792779488555105,-3.64372117922407,-6.2467222561997255,-9.333328973679315,-9.879224392736491,0
HK.01660,489,0.25,0.24400000274181366,2.45901524211669,0.4474735605170388,14642400.0,3660600.0,5.8736477270154115,0.29515999913215635,0.3711750002205372,-16.66666997803569,-39.0243897120347,-55.35714304720869,-48.45360976778769,81.15942482812105,2
HK.01661,489,2.2100000381469727,2.0999999046325684,5.238101833802261,0.5174842027544126,831590.4,1837814.8157226562,14.558840593871587,2.380399994850159,1.3443500012159348,-14.341081259707703,85.71427998995036,202.73972334300723,156.97674434722725,250.79365950382822,3
HK.01662,489,0.8199999928474426,0.8100000023841858,1.2345667202249964,0.21754894851341552,134300.0,110125.99903941154,4.702224419253824,0.8054000043869018,1.7769176226854324,-5.747127775503971,-18.81188112968861,-64.6551753373263,-62.38532258087448,-56.12978740162753,1
HK.01663,489,0.05000000074505806,0.054999999701976776,-9.090907243657693,0.04468392692863714,762600.0,38130.000568181276,5.600151974003849,0.07704000018537044,0.07384500034153461,-38.27160420014062,-40.47618878671639,-15.25423653901086,-19.3548361899701,-42.528733122079394,0
HK.01666,489,3.2300000190734863,3.130000114440918,3.1948850152176558,0.8938249341403628,1368158.4,4419151.65809555,2.9513310271478725,3.4743103408813476,4.0616184115409855,-2.575566919995852,-16.357554669550154,-24.959739728714954,-22.76260971076062,-28.40625896071033,1
HK.01667,489,0.3400000035762787,0.30000001192092896,13.33333002196431,5.185185185185185,48500.0,16490.000173449516,1.9660304796762653,0.33040000677108766,0.3559700025618076,13.33333002196431,-15.000000372529025,-2.8571401810159034,-17.073169136104084,157.57576168076068,1
HK.01668,488,0.10700000077486038,0.10700000077486038,0.0,,0.0,0.0,0.0,0.10700000077486038,0.10700000077486038,0.0,0.0,0.0,0.0,-10.83333069458598,0
HK.01669,489,1.2799999713897705,1.2999999523162842,-1.5384601277006635,0.08070714834742505,521900.0,668031.9850683212,4.58837017694947,1.106168955564499,0.9155616417527199,23.83652462061908,40.60606489168405,53.38843168827061,51.66495849539302,84.9341142966142,0
HK.01671,489,0.699999988079071,0.699999988079071,0.0,0.02942258183155572,544600.0,381219.9935078621,9.879508255134969,0.717175999879837,0.692989991158247,1.449273985189887,1.273143796546725,8.830847257996286,12.179493669967147,10.479796696984508,0
HK.01672,489,10.399999618530273,9.720000267028809,6.9958779096754675,0.48702488987653764,3405670.0,35418966.70084,7.910651862174932,14.040199947357177,13.433199973106385,-26.914968706345775,-26.553674218923216,-30.666669209798176,-9.722229120907686,7.327142093837817,1
HK.01673,489,0.29499998688697815,0.29499998688697815,0.0,2.454873646209386,25300.0,7463.499668240547,0.0,0.2845999938249588,0.25504500009119513,0.0,-1.666674945089223,25.531909632002826,24.999993685948684,31.111108756359652,0
HK.01675,489,4.5,4.5,0.0,1.1570023681094592,4972400.0,22375800.0,6.434307857444136,5.367314205169678,7.43946480512619,-11.695450780928423,-26.053916825011264,-39.28325267627474,-40.39732238438904,-47.546896728817686,0
HK.01676,489,0.20499999821186066,0.2070000022649765,-0.9661855223342848,2.330163916404551,3979268.3,815749.9943845137,4.7638064991616345,0.21102723956108094,0.40194681100547314,-8.071751695608441,-8.071751695608441,-68.93939544456168,-67.96874956344253,-49.382716639887505,0
HK.01679,489,1.7000000476837158,1.7200000286102295,-1.1627895694091224,0.18325842645152127,1247795.0,2121251.559499502,13.158261165343754,1.119000005722046,0.7209499992430211,75.25773170536873,220.75474329290265,277.7777983818531,277.7777983818531,368.94222878726765,0
HK.01680,488,0.10999999940395355,0.11699999868869781,-5.982905438630968,0.0,123285.0,13561.349926516414,2.6667180179120056,0.16723999857902527,0.30534324392676354,-27.63157701248766,-53.781513920376455,-63.93442727070728,-64.51612949743479,-87.77777752022683,0
HK.01681,489,12.859999656677246,12.479999542236328,3.044872823551599,0.8479488756423018,1922209.7,24719616.08206167,3.2922944123428133,14.29355525970459,15.431837639808656,-6.717711974825304,-18.700505485386433,-11.8171432891223,-14.936151744559037,20.24512026217879,1
HK.01682,489,0.23499999940395355,0.19099999964237213,23.036649132966964,2.984657272158652,2883100.0,677528.4982815385,10.270198856403267,0.2140093982219696,0.1940523497387767,-11.320750154859622,70.28985890651606,16.336629317620528,23.68421176463945,67.85714171674788,2
HK.01683,489,0.1550000011920929,0.1599999964237213,-3.124997089616889,1.1021980512123273,2297700.0,356143.50273907185,9.638107726118236,0.18809999972581865,0.34950999945402145,3.3333300219643105,-37.99999952316284,-62.195121330707146,-58.66666634877523,-81.76470625359293,0
HK.01685,489,0.9200000166893005,0.9399999976158142,-2.127657550770317,0.3108656097779881,5738950.0,5279834.095779061,12.957324032588746,0.6641822171211242,0.45594679966568946,41.53846929764635,48.92756503805194,241.17949886638507,223.53230991738786,207.62087691160184,0
HK.01686,489,4.349999904632568,4.670000076293945,-6.852251957891298,2.927295004025531,8094924.5,35212920.80300784,5.179358253215651,5.98039999961853,5.930802161693573,-27.500001589457195,-25.385935479269605,-10.309278553230808,-8.613451775937836,-38.18903983897433,0
HK.01688,2,9.380000114440918,9.710000038146973,-3.3985573883584754,,,,,,,,,,-3.3985573883584754,,0
HK.01689,489,0.28999999165534973,0.29499998688697815,-1.694913713180618,0.7731376975169301,339100.0,98338.9971703291,5.855752077112356,0.2957999962568283,0.39302499875426294,-3.3333399560713786,-22.66666889190674,-31.76470975974841,-30.95238078343354,-56.716420234086115,0
HK.01690,489,0.10499999672174454,0.10499999672174454,0.0,0.03768844221105527,783000.0,82214.99743312597,4.592077201936138,0.13834045350551605,0.0894679244607687,-13.934429883716593,27.194767679303926,49.735609334210245,62.04265444422432,90.7921472139814,0
HK.01691,489,1.3300000429153442,1.2999999523162842,2.307699361496682,0.28820168927374457,10734095.75,14276347.808157414,7.952430115049272,1.5198000025749208,1.7674999982118607,0.0,-24.858753827830533,-30.36648868282533,-32.14285627398479,-34.158413095364835,1
HK.01692,488,1.5,1.5,0.0,0.0,4000.0,6000.0,0.16449631358904343,1.519562497138977,1.6340497702360153,-1.639342724524056,-5.19454354353223,-12.56830236584199,-11.086413897722446,-30.805149281111998,0
HK.01693,489,6.510000228881836,7.099999904632568,-8.309854699656723,0.17259233690024162,29940.0,194909.40685272217,3.794681709893784,7.687599983215332,4.394699994921684,-18.92901064302948,46.29214624521261,250.0000096136523,177.02129757744393,150.38463337181653,0
HK.01695,489,0.0820000022649765,0.08100000023841858,1.234570399524046,1.3530655391120507,505000.0,41410.00114381313,3.371805667203321,0.09168000057339669,0.09502000037580728,-8.888889992678562,-17.99999895691873,-15.463917684144551,-13.68420705900954,-1.2048127879974913,1
HK.01696,489,2.309999942779541,2.240000009536743,3.1249970064631656,0.9744107279448647,439940.35,1016262.1833264112,4.580949766648634,2.7474000120162962,4.001649990081787,-14.760150912800032,-39.21052705878367,-42.1052647303692,-46.15384700885272,-48.91454422267273,1
HK.01697,489,0.2800000011920929,0.2750000059604645,1.8181800448205245,0.5225845655256228,145530.0,40748.40017348528,3.9210664515938998,0.31230000078678133,0.3598999997973442,-9.677419664956526,-22.22222498169641,-23.28767291062047,-22.22222498169641,-23.28767291062047,1
HK.01698,489,32.880001068115234,31.459999084472656,4.513674586670385,0.7030889981952505,1820741.15,59865970.95676136,3.1628662307544713,35.75319999694824,61.97221294403076,-6.960948143325106,-18.551937214471423,-53.04417912659388,-52.6396749343385,-54.34398971034877,1
HK.01701,488,0.07900000363588333,0.07900000363588333,0.0,0.0,121200.0,9574.80044066906,1.951339730634306,0.0876000003516674,0.11247500095516444,-1.2499932479111833,-22.54901459495721,-33.613443852363304,-35.77235654164896,-28.18181448731539,0
HK.01702,488,1.590000033378601,1.590000033378601,0.0,0.0,5800.0,9222.000193595886,1.8271200658253512,1.8186000442504884,1.696182717680931,-18.46153874369062,-3.4157499847207604,8.17435375048966,-13.69067259271262,-2.487061587421441,0
HK.01703,489,0.7400000095367432,0.75,-1.3333320617675781,3.4549025036788645,5698150.0,4216631.054341793,9.13056278026716,0.6418000018596649,0.7211499992012977,0.0,-29.523805415008425,-13.953488694454535,1.3698616715036243,54.166672099381806,0
HK.01705,489,0.550000011920929,0.5,10.000002384185791,6.093189964157706,216200.0,118910.00257730484,3.0131356676277585,0.5259999966621399,0.43837187588214876,-1.785712575121809,-9.836065733954968,39.24050556507427,42.85714949216841,56.370785822820245,1
HK.01707,488,0.041999999433755875,0.041999999433755875,0.0,,0.0,0.0,0.0,0.041999999433755875,0.05495999975129962,0.0,-14.285713199623792,23.529403386025734,19.999997871262696,-62.50000166307598,0
HK.01708,488,0.29499998688697815,0.29499998688697815,0.0,0.0,44275.0,13061.124419420958,5.100706290932087,0.3034999966621399,0.31399999737739565,5.357137725365427,-23.37662488458373,17.99999475479126,17.99999475479126,-22.3684235292789,0
HK.01709,489,1.059999942779541,1.0700000524520874,-0.934589643208842,0.5095515410342792,4401268.25,4665344.093157411,6.451008164157959,1.1390000009536743,1.916800000667572,-10.169492381566323,-17.187502619344798,-40.78212483970013,-53.508773856105805,-67.3846171452449,0
HK.01710,489,0.3050000071525574,0.3050000071525574,0.0,0.12516688918558078,2115600.0,645258.0151319504,10.013276467600718,0.4875999993085861,0.2955172271281481,-23.74999934807421,12.962961123313507,32.60869635638757,27.61506970065125,140.1519273149914,0
HK.01711,489,0.15000000596046448,0.1459999978542328,2.7397316198766797,0.17857142857142858,53000.0,7950.000315904617,1.2115287681901656,0.170080001950264,0.13693000100553035,-16.666666666666664,10.294116035774179,22.950823176166594,27.118648348509367,123.88060033440873,1
HK.01712,489,4.460000038146973,4.579999923706055,-2.6200848811800905,0.3946823271146605,1560806.1,6961195.265540028,6.7243033918351545,6.844199991226196,7.764300010204315,-23.89078606603739,-51.09649019613379,-33.72956871460786,-34.023670308592635,7.469877967607476,0
HK.01713,489,1.8300000429153442,1.899999976158142,-3.68420705900954,4.870320511758294,84899.95,155366.91214351056,2.0842377859248646,1.9886931800842285,2.245459966659546,-4.28719391504309,-25.958021592588448,-20.882563703048746,-18.92097147246626,-23.891401633628924,0
HK.01715,489,0.46000000834465027,0.4300000071525574,6.976744347227267,0.14769252154573256,1158040.0,532698.4096634388,4.139879570991302,0.48399999618530276,0.460399998575449,-3.1578917648653198,13.580248639671158,-7.999998331069946,-6.122449103716459,31.428576050972527,1
HK.01716,489,4.769999980926514,4.599999904632568,3.6956539090955554,0.5531923669366571,2087951.8,9959530.04617548,11.479637288060266,6.278399987220764,2.3591249972581863,-35.71428663233953,53.870971860300244,767.272705007191,736.8421124179168,1009.3023026937279,2
HK.01717,489,1.2999999523162842,1.3200000524520874,-1.515159040990203,1.0251559159090096,179662.2,233560.85143303874,4.0588607218777595,1.4490685272216797,1.913319565653801,-2.383956194299179,-31.964575529360033,-38.20635759088663,-32.98002962593675,-32.64492977406643,0
HK.01718,489,0.375,0.36500000953674316,2.7397233430072485,0.2973938903816555,921575.0,345590.625,4.760970101264782,0.3452000033855438,0.32703500010073183,13.636359120860423,-10.714282926653432,13.636359120860423,36.363633408034204,51.82186608513124,2
HK.01719,488,0.23999999463558197,0.23999999463558197,0.0,0.0,6400.0,1535.9999656677246,0.5714286626601702,0.2741599997878075,0.3134400015324354,-9.433959399563019,-22.580647487173948,-27.272731788230487,-27.272731788230487,-67.56756871046157,0
HK.01720,489,0.4699999988079071,0.47999998927116394,-2.083331393077926,0.17772812014836661,14761300.0,6937810.982403159,17.28817962668075,0.5812999975681304,0.33362999860197307,5.617978957818797,-11.320750154859622,331.1926698315458,305.1724244241343,379.5918480610662,0
HK.01721,488,0.14000000059604645,0.14000000059604645,0.0,,0.0,0.0,0.0,0.14000000059604645,0.2401649983227253,0.0,-12.49999767169351,-26.31578823536055,-25.925923881870844,-65.00000037252902,0
HK.01722,489,0.10000000149011612,0.0989999994635582,1.010103062602563,0.30318342597271347,1002500.0,100250.00149384141,5.783570934760844,0.08022000014781952,0.08394000021740794,25.00000465661298,25.00000465661298,26.582274541433286,28.20512747035696,88.67925032257149,2
HK.01723,489,0.8899999856948853,0.8799999952316284,1.136362558800321,0.4706279942298004,380766.25,338881.9570530951,8.914760847062862,1.0479999959468842,1.580449997484684,0.0,-11.881188703113866,-39.45578446441863,-31.538460127700663,-80.86021575394055,1
HK.01725,489,0.41499999165534973,0.38999998569488525,6.410258173707503,0.2771394866462041,3484640.0,1446125.570921898,7.136252429569972,0.5219000005722045,0.7686750012636184,-8.79121325381943,-40.71428589674891,-38.970590104384385,-58.50000083446503,-38.970590104384385,2
HK.01726,488,0.9200000166893005,0.9100000262260437,1.0989000192372347,0.0,256085.6,235598.75627388954,3.4079087799773555,1.072799997329712,1.301799996495247,-9.80391824580021,-25.203251835532274,-37.83783751129669,-36.5517250734617,-32.35294066085948,1
HK.01727,489,0.24899999797344208,0.22699999809265137,9.691629984865147,0.35144973013681435,200625.0,49955.62459342182,3.657689210859865,0.2795199981331825,0.3744299995154142,-12.631578562112173,-34.47368392158413,-36.96202754172118,-33.60000054041545,-44.04494337625627,1
HK.01728,488,0.14300000667572021,0.14300000667572021,0.0,,0.0,0.0,0.0,0.14300000667572021,0.14300000667572021,0.0,0.0,0.0,0.0,-4.026843691123538,0
HK.01729,489,16.770000457763672,17.860000610351562,-6.103024162026804,1.3263832811081009,18629509.75,312416887.0354128,7.679788743851515,19.994963302612305,17.05476560115814,-12.635604048549123,6.477083105509232,3.586912033636755,-5.0258172250001865,134.76085749040493,0
HK.01731,489,0.7699999809265137,0.7699999809265137,0.0,0.03615002259376412,215100.0,165626.9958972931,1.9894680778217586,0.7636399841308594,0.7108849740028381,0.653594160147165,14.07407930685533,14.07407930685533,15.615611261733658,18.827157200627394,0
HK.01732,489,0.1979999989271164,0.20000000298023224,-1.0000020116567312,0.08955295389299003,1534320.85,303795.5266538523,6.612459420511821,0.20374000012874605,0.22719999946653843,4.761906639098204,-17.84232295874493,-26.66666997803569,-26.66666997803569,43.47826368641996,0
HK.01733,489,0.5899999737739563,0.5899999737739563,0.0,0.4907787278095165,1001842.5,591087.0487256348,4.027531729111057,0.6859999990463257,0.8307499977946281,-6.349209803242228,-31.395353027908975,-35.16483991535617,-35.16483991535617,-26.982234474602635,0
HK.01735,489,8.460000038146973,8.25,2.5454550078420928,0.8742401166347743,7641600.0,64647936.291503906,4.045750014510756,8.698199996948242,8.610450036525727,1.3173610976276924,4.059039594844434,6.015037818624172,2.9197051498991504,3.4229794929717237,1
HK.01736,488,0.45500001311302185,0.45500001311302185,0.0,0.0,53775.0,24467.62570515275,5.559889150978306,0.43910000145435335,0.5519750028848648,5.813954777818146,-8.99999737739563,-17.27272668160684,-24.16666749450892,33.82353186091747,0
HK.01737,488,0.14300000667572021,0.14000000059604645,2.142861476358084,0.4830188679245283,636000.0,90948.00424575806,3.7479225948632955,0.12724000096321106,0.10756499983370305,2.87770370316372,31.19266983154579,45.91837797511004,44.444451970283474,43.0000045448541,1
HK.01738,489,0.04399999976158142,0.04699999839067459,-6.382976025140478,0.3716216216216216,200875.0,8838.499952107668,5.109300227554738,0.07979999989271164,0.11416000004857779,-46.341465187526566,-65.07936583024244,-62.068964631322146,-56.86274452513796,-56.00000089406966,0
HK.01739,489,0.18700000643730164,0.19200000166893005,-2.6041641605035104,0.21604718925449506,351525.0,65735.17726287246,4.018152397303798,0.20285999953746794,0.22159467481076717,-8.333328463672721,-5.555551792636042,-25.199997425079346,-18.695650849991374,33.63121307783016,0
HK.01740,489,0.17399999499320984,0.17000000178813934,2.3529371547039415,2.007380073800738,348000.0,60551.998257637024,2.761036877647293,0.14832000136375428,0.10581500086933375,-8.421054117567339,73.9999924004079,81.2499932091063,85.10638399057233,138.35616102807398,4
HK.01741,488,0.17000000178813934,0.17000000178813934,0.0,0.5082592121982211,155600.0,26452.00027823448,2.356814319683424,0.21934000104665757,0.20949500054121017,-30.61224551858229,-11.458333171645387,-4.494382680899675,6.250003492459733,36.000001430511475,0
HK.01742,489,0.1889999955892563,0.18400000035762787,2.717388707559934,0.19575856443719414,674750.0,127527.74702385068,4.923595687428802,0.1829399996995926,0.15642499968409537,7.999999318804048,-11.682245691318826,64.34781927016834,52.419353772679656,96.87499369417012,1
HK.01745,489,0.05900000035762787,0.06300000101327896,-6.349207287803033,1.72989245435309,4969800.0,293218.201777339,10.80442010809746,0.0888000001013279,0.1233200005441904,-37.2340400235692,-48.69565279362106,-38.541666828354614,-41.58416009570971,-68.94736784316827,0
HK.01746,489,0.42500001192092896,0.4350000023841858,-2.2988483697581654,0.04801920768307323,167000.0,70975.00199079514,2.4320709701616416,0.4533000022172928,0.3746100001037121,-10.526312157057612,-3.409087676400963,37.09677698460874,49.12281307157064,18.055554175818465,0
HK.01747,488,4.139999866485596,3.9800000190734863,4.020096649380321,0.3601366035392735,327600.0,1356263.9562606812,4.201368510789801,4.239389324188233,4.398821386098862,6.38766452348431,-5.165753318272214,-3.860694155143313,-4.517672438395201,387.30157984033286,1
HK.01748,488,1.7599999904632568,1.7599999904632568,0.0,,0.0,0.0,0.0,1.7599999904632568,1.7599999904632568,0.0,0.0,0.0,0.0,0.0,0
HK.01749,488,0.4950000047683716,0.5,-0.9999990463256836,0.11315417256011315,33850.0,16755.750161409378,2.175101628810231,0.559300000667572,0.7555249974131584,-16.101690377698485,-18.85246013768477,-36.53845859937638,-33.99999936421712,-58.750001241763385,0
HK.01750,489,0.08799999952316284,0.08799999952316284,0.0,0.07707129094412331,701000.0,61687.99966573715,3.2015125670292113,0.10040000036358833,0.08004500031471252,-16.981131544992476,-27.86885366039997,39.68253667903029,8.641974400173074,174.99998544808545,0
HK.01751,489,1.059999942779541,1.1100000143051147,-4.504510890198043,0.85793072352396,340550.0,360982.9805135727,7.420351763075401,1.3146000027656555,1.3275902725756168,9.278341393273893,-29.80132784939019,-41.75824658074035,-48.54369066878265,178.94735686336514,0
HK.01752,489,0.1120000034570694,0.10000000149011612,12.000001788139317,0.062027436953864264,22155500.0,2481416.076593101,11.37752780460248,0.09750000074505806,0.08431139634922147,3.703704214717449,40.00000745058077,34.939768337203596,23.076929374962592,122.96296406164251,1
HK.01753,488,0.1550000011920929,0.15800000727176666,-1.8987379377227689,0.0,305380.0,47333.90036404133,8.020641675704955,0.1451400002837181,0.2006899994239211,18.32061407345317,-3.7267064074160765,-35.41666472641126,-29.545453621828848,-10.91953698151451,0
HK.01755,488,2.799999952316284,2.799999952316284,0.0,,0.0,0.0,0.0,2.799999952316284,2.799999952316284,0.0,0.0,0.0,0.0,0.0,0
HK.01756,488,0.4399999976158142,0.4449999928474426,-1.1235944521335182,0.0,48400.0,21295.999884605408,1.7656446573213598,0.48929999232292176,0.6169249960780143,-4.347828340440215,-22.80701699349358,-32.307690191550996,-30.158730008554684,-25.423725902674498,0
HK.01757,489,17.110000610351562,16.649999618530273,2.762768782945439,1.5809500794676135,268689.5,4597277.508995056,4.31202630651045,17.427399940490723,8.731594983041287,-5.155212073051026,-7.262873155428541,1113.4752493186259,485.9589097020683,11619.178672477983,1
HK.01758,488,0.13099999725818634,0.1120000034570694,16.96427965593752,0.6547619047619048,34700.0,4545.699904859066,2.5799403167872277,0.11894000232219697,0.11968000065535307,36.458329291134696,35.05153958178433,8.264461130597903,33.67347008595614,-19.135804399632217,1
HK.01759,489,0.699999988079071,0.6299999952316284,11.111110059882801,0.13443935926773457,351950.0,246364.99580442905,14.115781371865015,0.8184000027179718,0.9851999959349632,-29.292931178189953,-33.333331441122304,-34.579443573399665,-29.292931178189953,-36.93693882361912,1
HK.01760,489,1.9900000095367432,2.0399999618530273,-2.4509781005518687,0.5653402385579044,9257212.0,18421851.968283653,11.057824230524645,2.083083834648132,1.898739479780197,14.367816013205648,5.2834296504517955,-4.242205011820201,2.076827666804536,38.68368333524134,0
HK.01762,489,0.9399999976158142,0.9599999785423279,-2.083331393077926,0.6370940020482274,8569062.35,8054918.588569763,8.7575140456826,1.3305999994277955,1.2031499987840653,-28.787881798214265,-52.76381944165723,38.23529231300818,36.23188418316455,13.253014038186759,0
HK.01763,489,17.43000030517578,17.299999237060547,0.7514512939211143,0.7095067683211451,129260.0,2253001.8394470215,5.256710226226539,18.22122314453125,19.329413294792175,-1.6426508439710954,-14.614424374254842,-15.753981647072838,-17.40740854552971,17.652246520050575,1
HK.01765,489,0.12800000607967377,0.12800000607967377,0.0,0.30823588253613377,6085516.7,778946.1745979562,5.0504664993889445,0.14860000044107438,0.17682500042021274,-16.88311248489927,-25.146196944896033,-28.089885477043925,-29.28176236121338,-26.85713813742805,0
HK.01766,489,4.570000171661377,4.550000190734863,0.4395600019366923,1.0645136621166176,28628013.95,130830028.6658243,3.157732464138224,5.0549374771118165,5.592122967243195,-9.55901552418531,-12.427477749335141,-22.415088346070693,-20.97833167055564,-1.9215385407306143,1
HK.01767,489,0.3149999976158142,0.3199999928474426,-1.5624985448084445,0.3519061583577713,141500.0,44572.49966263771,1.312944544846442,0.3315089738368988,0.31251550167798997,-5.310197429923392,-5.310197429923392,4.003562807119671,5.736946676882578,2.3260843636634,0
HK.01768,100,302.6000061035156,291.3999938964844,3.8435183396091253,0.5195309176281783,380638.3,115181151.90323181,6.973749492612893,384.0479992675781,,-8.965098778626642,-24.349998474121094,,-24.349998474121094,,1
HK.01769,489,0.9800000190734863,1.0099999904632568,-2.9702942250534496,0.6171308114741705,1716092.5,1681770.6827318668,7.937040150930278,1.3400000047683716,2.0286999994516375,-22.222220119765602,-42.352941671457245,-56.2499993347696,-54.418605785875286,-73.92461058367915,0
HK.01771,489,0.1770000010728836,0.1940000057220459,-8.762888735951432,2.3813801551653735,1368900.0,242295.30146867037,15.82858693958021,0.18520000010728835,0.23818499833345413,5.357144916189394,-9.230765351176826,-30.588233575413902,-30.588233575413902,-39.999996969255214,0
HK.01772,489,49.279998779296875,48.900001525878906,0.7770904735388735,0.7979815185619675,14291093.15,704265052.986818,6.711502141058942,69.36100914001464,58.17281349182129,-23.06011486139279,-15.40185288156278,-4.345945356791912,-8.67777895910764,142.7653754903573,1
HK.01773,489,1.100000023841858,1.090000033378601,0.9174302896359119,1.7975657519867767,11797981.5,12977779.931285799,5.903710458040598,1.5198000001907348,2.2940682220458983,-22.535207247454903,-49.54128485518204,-47.94027862467768,-54.31493712248737,-72.0129658882479,1
HK.01775,489,0.3799999952316284,0.3700000047683716,2.7027000903735274,0.8247422680412371,58400.0,22191.9997215271,3.6647808255608303,0.39859999775886534,0.3771499998867512,-3.797472174628627,-12.643679735887027,28.813563431518354,5.555550036607185,143.58973550725986,1
HK.01776,489,17.020000457763672,16.43000030517578,3.5909929496594635,1.1858757490757206,11256989.8,191593971.549041,4.815755500231942,16.90419998168945,17.568131823539733,5.387002227759635,6.574828886525837,-0.17594592750284985,-5.286582592603796,39.1886784536009,1
HK.01777,489,0.05700000002980232,0.05400000140070915,5.555552872733394,0.1638582312023849,1093400.4,62323.822832585865,13.454642246840223,0.06374000005424023,0.07974499998614192,-4.999997826913944,-31.325298555098975,-32.14285619252797,-24.00000298023212,-16.176475099832295,1
HK.01778,489,0.1469999998807907,0.15299999713897705,-3.921566908747235,0.24725274725274726,545950.0,80254.64993491769,3.4119764888408897,0.1801200008392334,0.19691999971866608,-11.97604571355149,-35.24229025729251,-13.52941274436699,-13.52941274436699,-9.815952378449264,0
HK.01779,16,151.0,150.0,0.6666666666666667,,,,,,,,,,14.567523902637813,,1
HK.01780,489,2.549999952316284,2.799999952316284,-8.928571580624096,1.0842142791510159,12931048.4,32974172.803399563,10.674608406447128,2.0942000007629393,1.2323810338974,-4.8507504180109215,264.2857136775036,218.74998928979056,292.3076993614967,164.10714297840485,0
HK.01782,489,3.1500000953674316,3.1500000953674316,0.0,0.7106598984771574,51000.0,160650.004863739,2.984307795034081,3.4398000288009642,3.989800009727478,-14.40217287432834,-23.170727594206454,-24.821001137239538,-16.886540182778354,-7.352940970226149,0
HK.01783,489,6.050000190734863,5.619999885559082,7.651251137579063,2.0564900037399143,18827096.6,113903938.02098371,7.076104504040194,3.7524000072479247,3.4332750165462493,56.330758905457856,93.2907338508362,100.99668471439871,83.89058543719011,47.56098369414594,6
HK.01785,489,1.899999976158142,1.899999976158142,0.0,0.3065134099616858,12800.0,24319.99969482422,0.4654297505316454,1.9266739583015442,1.9257344365119935,-1.041665696538963,0.9268625825062524,-1.9844900582705156,-0.06261466318032703,-6.049653344028509,0
HK.01786,489,0.699999988079071,0.6899999976158142,1.449273985189887,0.43255913062007245,214150.0,149904.99744713306,2.275774813057407,0.7837999963760376,0.8866499972343445,-9.09090838719426,-19.540231696270077,-23.076926603825033,-22.22222148636239,-11.623518727733366,1
HK.01787,489,17.43000030517578,17.042858123779297,2.271580145681777,0.8294319368947178,16133145.0,281200722.2734451,4.834528395303643,25.415926818847655,33.63551108360291,-25.99896266358192,-45.88390071006824,-46.44247187220845,-50.8035498079644,-34.68616612553784,1
HK.01788,489,1.9700000286102295,1.940000057220459,1.5463902322123155,0.8616316891410947,56553017.35,111409445.79749481,4.898912768679738,2.2659817028045652,2.967641384601593,-9.216591735115868,-17.156643301534924,-19.177209221889388,-24.68785136887114,67.18749841923362,1
HK.01789,489,5.190000057220459,4.960000038146973,4.637097123076092,1.0855292716800842,8120798.15,42146942.8631758,4.68167753924123,5.910489139556884,5.7806397676467896,-9.238173869442189,-7.979778278338323,-4.159443988028096,-8.297633403658972,-11.014657759154783,3
HK.01790,488,0.5099999904632568,0.5099999904632568,0.0,,0.0,0.0,0.0,0.5137999868392944,0.4971749873459339,0.0,-1.9230751596258298,35.999997456868485,-10.526316339839756,-7.272731016490004,0
HK.01792,489,0.9700000286102295,0.9700000286102295,0.0,0.028548161819545642,208671.15,202411.0214701295,5.960752989666272,1.1102000057697297,1.128699659705162,-15.65216967649397,-18.487396473248435,-35.333331425984696,-2.999997138977051,97.95959502331823,0
HK.01793,489,0.38999998569488525,0.375,3.9999961853027344,0.08652732923039425,3264800.0,1273271.9532966614,7.600001802898612,0.286100001335144,0.2516349992901087,41.81817354249578,44.4444334065477,78.08218786608633,79.72350173454329,169.82302837360538,1
HK.01795,489,0.4749999940395355,0.49000000953674316,-3.061227592911475,4.892787524366471,191550.0,90986.24885827303,4.188155930389318,0.531799995303154,0.6062999981641769,-12.03704163616068,-19.49152285530103,-24.603174978613286,-20.83333747254461,-19.49152285530103,0
HK.01796,489,0.3499999940395355,0.35499998927116394,-1.408449403588351,0.0514618513734364,3271709.1,1145098.1654990942,11.986673190027608,0.5176000094413757,2.3054000070691107,-9.09090838719426,-86.00000023841858,-86.27450978100552,-87.22627763425773,-85.41666749450893,0
HK.01797,489,23.079999923706055,23.200000762939453,-0.5172449796859155,1.023878920443782,7551280.5,174283553.36388302,6.116973559722014,24.136800079345704,23.66310008049011,5.968775004941329,-11.025445456705208,21.21848116553421,27.584299220717877,91.37644378655504,0
HK.01798,489,1.2400000095367432,1.25,-0.7999992370605469,0.9414293024699644,7052216.95,8744749.085255181,4.171814223756465,1.5739999961853028,2.0422207885980606,-26.62722085488153,-36.082475620472046,-42.857144426718705,-40.384612739438744,-45.600609079735456,0
HK.01799,489,3.9800000190734863,3.700000047683716,7.567566696791175,1.418129956466807,1450908.6,5774616.255673885,4.892922767269094,5.343199992179871,6.867099996805191,-19.595956112484252,-34.75409702792085,-43.86459896448996,-46.93333307902019,-16.033750817363313,1
HK.01800,489,3.680000066757202,3.700000047683716,-0.5405400180747055,0.6325403233357861,13170271.65,48466600.551210485,2.834235667784339,4.32159999370575,4.836485370397567,-14.01869424389618,-25.506072386003343,-25.806450837608686,-27.84313459664017,-27.55811434365424,0
HK.01801,489,80.05000305175781,75.1500015258789,6.520294645891026,1.57153751698617,13402313.0,1072855196.5506134,4.963122132729871,81.95199966430664,86.44274993896484,-3.959202738783348,-1.2338062459558563,-4.303644242023543,1.58629435480982,1.844789574791315,1
HK.01802,488,0.04500000178813934,0.04500000178813934,0.0,,0.0,0.0,0.0,0.04500000178813934,0.045725001357495784,0.0,0.0,0.0,0.0,-28.571426881954544,0
HK.01803,489,0.08299999684095383,0.08299999684095383,0.0,0.04448151237142063,439875.0,36509.623610414565,12.047626683370014,0.08040000051259995,0.0915700002387166,12.162156447692093,15.277778352668282,-20.19231237647439,-5.681821260570511,-18.62745255587059,0
HK.01808,489,2.359999895095825,2.2699999809265137,3.964753961477019,0.43509220478489286,388920.0,917851.1592006683,13.430146560816825,1.7745999884605408,2.566899999976158,62.75860810251538,-7.812502037268178,-19.727896286946972,-18.62069594874231,-32.76353556957282,1
HK.01809,489,6.900000095367432,6.800000190734863,1.470586791583039,0.8685877784590231,146890.0,1013541.014008522,3.811831289958232,7.6179999828338625,7.633800001144409,-11.196909751540836,-9.921667978902631,-12.87878751389872,-13.09823620098434,-11.76470659972491,3
HK.01810,489,21.860000610351562,21.420000076293945,2.0541574812811363,1.2454554584588338,163344432.25,3570709388.6825294,3.4206756612855647,28.685599975585937,38.15659999847412,-22.03994330739684,-34.156626180703356,-48.17448920769878,-45.72988760469583,-59.36802802909125,1
HK.01811,489,2.2300000190734863,2.180000066757202,2.2935757240897794,0.7315815361385735,12273573.2,27370068.47009983,4.418471466346183,2.546341338157654,2.569960800409317,-14.825593360669382,-13.242430473949488,-14.199309580089958,-7.755782412754919,-3.1627089019655386,1
HK.01812,489,0.6700000166893005,0.6200000047683716,8.064517989739157,0.3323354115740614,1793900.0,1201913.0299389362,6.137287635057441,0.8673999977111816,0.8788999980688095,-16.249999161809694,-41.73912777567175,-2.898547970379774,-10.666664441426594,-2.898547970379774,1
HK.01813,489,0.10199999809265137,0.10599999874830246,-3.7735855687594055,2.1964439086158976,1146191.05,116911.48491381407,6.028015602368841,0.14641999945044518,0.19200999867171048,-25.000005478367786,-34.193550123756545,-32.89473593916091,-35.4430421530253,-68.12499988358468,0
HK.01815,489,0.6499999761581421,0.6600000262260437,-1.515159040990203,0.630740764448089,5575458.1,3624047.6320707197,6.371344811731255,0.9102000021934509,1.6237000009417535,-20.731709533188774,-50.0,-73.25103052258113,-74.40944937322195,-66.8367365557469,0
HK.01816,489,2.7200000286102295,2.7100000381469727,0.3690033329333297,0.4547091734841801,46639296.5,126858887.81436098,2.8526912464453784,3.1520936155319212,3.052182837724686,-12.258060893952798,-17.99877161753676,-3.62741995678632,-5.255337891139666,2.7268128477726163,1
HK.01817,488,0.2199999988079071,0.2199999988079071,0.0,0.0,13125.0,2887.4999843537807,1.5381844451324524,0.2491799995303154,0.3031450014561415,-10.56910864587761,-21.428572188834753,-31.249998835846753,-27.868854541414578,-35.29411867828104,0
HK.01818,489,17.200000762939453,16.639999389648438,3.36539299177731,0.6595669130181986,21584093.7,371246428.1073566,5.152605186377399,23.965862159729003,29.588792028427125,-19.80349987500637,-37.98290817891449,-39.2040652541957,-45.79822939658945,-17.664932786621364,1
HK.01820,488,2.5999999046325684,2.5999999046325684,0.0,0.0,13200.0,34319.9987411499,0.7369182632733057,2.4491999697685243,2.468299996256828,20.370361172123086,3.585653964592276,3.9999961853027344,3.9999961853027344,-33.67008030190202,0
HK.01822,488,0.13600000739097595,0.1289999932050705,5.4263678718010295,0.0,785639.05,106846.91660663934,8.121762016247445,0.13543999955058098,0.1488150005042553,-16.049378400822103,-9.333332008785725,-9.933765815708352,-6.2068887556348225,6.250000727595727,1
HK.01823,489,1.2899999618530273,1.399999976158142,-7.857144012743132,1.001926782273603,162500.0,209624.99380111694,5.868210912206715,1.508400001525879,1.308499999642372,-10.416672875483584,-27.118645437624718,7.4999925494197,15.178567532221898,203.52939427517737,0
HK.01825,489,1.1699999570846558,1.0,16.999995708465576,,48900.0,57212.99790143967,0.12820501064172196,1.003399999141693,1.1688999983668327,16.999995708465576,32.95454129822981,-15.827340350672566,-3.3057917191121846,50.0,1
HK.01826,489,0.11500000208616257,0.1120000034570694,2.678570121868877,0.9905661983524202,467071.35,53713.20622438676,3.813796363876841,0.12533247992396354,0.11698812028393149,-8.730158542439394,-29.44785256443952,64.28571656650426,22.34043194029136,121.15384560276772,2
HK.01827,488,0.6800000071525574,0.6800000071525574,0.0,0.0,15500.0,10540.00011086464,3.3116880502311923,0.8306000018119812,0.8957500013709069,-2.8571401810159034,-4.225348210765052,-28.421050980480732,-28.421050980480732,-40.350875817067276,0
HK.01828,241,27.799999237060547,27.739999771118164,0.2162922366165698,1.2867324990841897,400587.7,11136337.75437584,3.188838883799088,30.275999908447265,36.70999996185303,-7.824935750303272,-11.295471915417426,-27.03411981514036,-27.22513434075292,,1
HK.01830,489,1.0700000524520874,1.0700000524520874,0.0,0.8765391426922793,482643.05,516428.0888156354,2.4540041801431443,1.1710000109672547,1.2543830895423889,-6.956515249097145,-8.547000709448131,-20.974883729120215,-16.40624403371462,-37.55086101058694,0
HK.01831,489,0.7900000214576721,0.699999988079071,12.857147844470362,4.4203045533766225,7969498.4,6295903.907006884,11.227491831895861,0.45149999916553496,0.3310449993610382,92.68293374354897,107.89474509759633,198.1132317370234,281.6425182674197,537.096801910329,3
HK.01832,488,1.0399999618530273,1.0399999618530273,0.0,0.6185567010309279,9050.0,9411.999654769897,0.3653796322173562,0.9672000110149384,0.7460500004887581,-2.803746647517422,42.46574447669083,48.571425652017346,70.49179302688209,126.08694412757882,0
HK.01833,489,7.210000038146973,6.579999923706055,9.574469935344359,1.983729937104548,11622728.25,83799871.1258719,4.9906932737477945,9.645399980545044,13.813599975109101,-19.17040385113358,-38.37606704542481,-45.62594333563625,-50.54869632458626,-8.964646859943054,1
HK.01835,488,1.3200000524520874,1.3200000524520874,0.0,0.0,62740.0,82816.80329084396,10.77130557323053,1.2700000154972075,1.5418999978899957,-19.01840145315393,6.451616314521787,22.22222222222222,23.364484835966355,-28.648646732940584,0
HK.01836,489,12.600000381469727,12.399999618530273,1.6129094281630187,1.026223508251529,1231182.3,15512897.449658776,2.601919645407467,13.617324447631836,14.151646218299867,-4.617711240845791,-4.549918937864597,-14.549445301439867,-11.68987749330291,-1.0858349877600622,1
HK.01837,489,1.5299999713897705,1.4900000095367432,2.684561181007224,2.072318939429074,1962378.45,3002438.972355902,4.042966265006909,1.500033550262451,1.1835509541630744,5.517235936222868,13.893270399314222,47.329808855122366,48.69398054783547,108.55780250872486,2
HK.01841,489,0.23499999940395355,0.23000000417232513,2.173910930837298,0.4838709677419355,57500.0,13512.49996572733,0.02173917409602917,0.23178000181913375,0.22765500009059905,0.0,0.0,6.818182126057051,3.524229682168076,17.499997951090364,1
HK.01842,489,0.039000000804662704,0.03799999877810478,2.631584365034542,0.05520220808832353,1166800.0,45505.20093888044,5.967819398359288,0.042240000441670415,0.05010500017553568,-11.363634054572117,-7.142853975093241,-9.302326790251001,-27.777778161038086,-32.75861736745802,2
HK.01843,489,0.2160000056028366,0.2150000035762787,0.46511721391815564,0.5383360522022839,497600.0,107481.6027879715,3.04792692325136,0.20442000210285186,0.14753500055521726,-3.5714290465931358,37.57961680668696,96.36364252114103,94.59459713435908,81.51260556815059,1
HK.01845,488,0.21799999475479126,0.21799999475479126,0.0,0.0,1950.0,425.09998977184296,0.0,0.22933999955654144,0.1826950004696846,-0.9090927563423067,-27.333337969249964,48.29931627998491,62.68655919741904,67.692309808449,0
HK.01846,489,2.3499999046325684,2.4000000953674316,-2.0833411978347622,0.0599250936329588,66700.0,156744.9936389923,1.4153755036141251,2.619199986457825,2.918977780342102,-10.30534323358943,-13.91941801413918,-24.9201335875246,-21.666669845581055,-20.89761807197066,0
HK.01847,488,0.4650000035762787,0.4699999988079071,-1.0638287753851585,0.0,17850.0,8300.250063836575,1.9130945441213087,0.46070000231266023,0.534024999588728,-10.576919109158116,0.0,-19.827583283363058,-8.823527005579463,10.714290022444697,0
HK.01848,489,3.440000057220459,3.509999990463257,-1.994300097805958,2.054842698275334,377178.75,1297494.9215823412,2.5926519923489733,3.691916103363037,4.165948626995086,-6.230906977932129,-6.9559257695814285,-22.860890791566774,-23.025371997111023,-1.8501221158825747,0
HK.01849,488,0.05000000074505806,0.05000000074505806,0.0,,0.0,0.0,0.0,0.05000000074505806,0.05000000074505806,0.0,0.0,0.0,0.0,0.0,0
HK.01850,489,0.3400000035762787,0.45500001311302185,-25.2747266422995,0.5769994766203046,24296837.35,8260924.785892262,41.65941085495907,1.5586999940872193,0.9446499948203564,-79.88165727429167,-66.33663299141905,-41.37930804143756,-45.16129016752174,-43.07603761365076,0
HK.01851,489,7.190000057220459,7.230000019073486,-0.5532498167012906,1.1519326444699578,525300.0,3776907.030057907,8.704506650607366,6.386400012969971,3.65950000166893,1.9858136552901668,82.48730844671024,229.8165062864306,132.686092457493,440.6014906180052,0
HK.01853,488,1.159999966621399,1.3200000524520874,-12.121218141883071,3.619047619047619,8500.0,9859.99971628189,3.9072318485033035,1.501702344417572,1.658414843082428,-31.76470975974841,-34.3520094557863,-22.767073012960275,-25.21115384500098,-13.112956277555726,0
HK.01854,489,1.25,1.2799999713897705,-2.343747817212667,10.464662241311988,1924000.0,2405000.0,5.688896628200396,1.1397999930381775,1.1193999934196472,-2.343747817212667,7.758623790372514,1.6260146842582102,-8.088236260888475,-0.7936500427734288,0
HK.01855,489,0.18299999833106995,0.1809999942779541,1.1049746499132604,0.38558641266926785,427000.0,78140.99928736687,12.08761705649108,0.2414799991250038,1.4503450059145688,-10.294116787706951,-56.428570465571184,-86.54411791130951,-85.81395319824672,-97.40793201396227,1
HK.01856,489,1.2799999713897705,1.309999942779541,-2.2900742519207253,2.0153061224489797,127850.0,163647.99634218216,9.076541930509105,1.6967999839782715,1.7586999946832658,-26.857144492013113,-23.353293156708467,-26.011563163144736,-31.914894966153124,31.95875604495542,0
HK.01857,489,1.309999942779541,1.3300000429153442,-1.5037668789816911,1.5922598479612993,383100.0,501860.97807884216,1.3870103181652993,1.3832368278503417,1.481304214000702,-3.6764758087977683,-11.069061610691708,-15.629618352001179,-14.533903455943811,-8.645619363702725,0
HK.01858,489,8.630000114440918,8.34000015258789,3.4772177044030483,0.8027474988800956,820800.0,7083504.0939331055,4.209500254632199,10.142495346069335,13.730596356391906,-8.870117517445845,-29.300907042978015,-43.12040386148705,-41.763438421629694,-22.394567043133,1
HK.01860,489,10.5,10.1899995803833,3.0422024767643654,0.9080742091936445,17189656.25,180491390.625,6.57499770763925,14.275399990081787,15.495899987220763,-35.024751861730444,-32.43243226657026,-36.01462463355311,-33.121018295786406,47.88732593008936,1
HK.01861,489,2.990000009536743,2.9700000286102295,0.6734000247088343,0.049044651067742924,244225.0,730232.7523291111,6.681792281822127,2.108178355693817,1.900261596441269,44.99079888266284,68.22136220740346,52.2403273861008,55.34726783974108,201.64519224276134,1
HK.01862,488,0.01600000075995922,0.01600000075995922,0.0,,0.0,0.0,0.0,0.01600000075995922,0.014870000504888594,0.0,0.0,0.0,0.0,60.00001117587115,0
HK.01863,488,1.3700000047683716,1.3700000047683716,0.0,,0.0,0.0,0.0,1.3700000047683716,1.3700000047683716,0.0,0.0,0.0,0.0,0.0,0
HK.01865,489,0.5600000023841858,0.5600000023841858,0.0,0.6016573551002061,5405669.8,3027175.100888121,7.159243143613087,0.48090000212192535,0.3592799986898899,51.35135004518676,-5.084741139541855,128.57142509593916,124.89960118148855,93.1034546544806,0
HK.01866,489,9.210000038146973,9.1899995803833,0.217632847409093,1.054702992249892,4169588.15,38401907.020557165,4.454914612129994,10.741199951171875,9.562049987316131,-8.992093455560708,-15.890409145449444,10.035844254157741,0.5458536197354783,67.70379727074123,1
HK.01867,489,0.1899999976158142,0.1899999976158142,0.0,4.685314685314685,114000.0,21659.99972820282,1.288659976982697,0.2108199977874756,0.22556999951601028,-9.523807834335413,-18.45493501846497,-19.14893697969187,-25.490195620110374,25.000002450848957,0
HK.01868,488,0.3050000071525574,0.3050000071525574,0.0,2.142857142857143,21750.0,6633.750155568123,3.472054685992682,0.33469999969005587,0.35945000186562537,-7.575759080925313,-10.294116486933829,-12.857139329520963,-22.784810413097148,-18.66666475931803,0
HK.01869,489,0.10499999672174454,0.10999999940395355,-4.545457008456409,0.2401312345118844,3433875.0,360556.8637428805,8.05043444618852,0.10555999979376793,0.11174500022083521,10.526313725600916,6.060603323937324,-2.7777833350522556,-7.894739765924978,43.83561406155241,0
HK.01870,489,0.39500001072883606,0.3799999952316284,3.947372548798166,0.27947417451609563,994875.0,392975.6356738508,7.246082975685578,0.45860000073909757,0.442749999165535,-18.55670122097346,-12.2222175127193,-28.181817787737895,-25.47169206574415,77.13004577195598,1
HK.01871,489,0.32499998807907104,0.32499998807907104,0.0,0.06291781360597719,1496800.0,486459.98215675354,5.651022020551295,0.3536000007390976,0.29695999942719936,-14.473686274399084,-12.16216651604412,29.999995231628418,25.0,69.27082565315592,0
HK.01872,489,5.260000228881836,5.269999980926514,-0.18974861633528295,0.12343502027861047,2745750.0,14442645.628452301,14.881706561605194,5.9323999786376955,6.083350005149842,-26.123591103557914,-13.201315535504266,-2.2304810967750743,-24.533710369922343,21.759259719171624,0
HK.01873,489,1.190000057220459,1.1200000047683716,6.2500046566128535,1.194128020622145,5376001.6,6397442.211617279,6.025834500837169,1.4142000007629394,2.033100000023842,-5.555550299414001,-37.36841725510568,-37.037033532942665,-32.38636001882965,-27.87878336875776,2
HK.01875,489,3.369999885559082,3.200000047683716,5.3124948544428525,0.6165312552772413,1412969.9,4761708.401298427,7.453776825023104,4.152399969100952,3.3125499868392945,-18.59903395552906,-35.564055960441664,77.36841725510568,34.79999542236328,68.4999942779541,1
HK.01876,489,6.369999885559082,6.320000171661377,0.7911346920827906,0.9974440643127891,20412774.45,130029370.91044335,3.1750969657335792,7.0670480537414555,7.337658064365387,-8.86981267325425,-7.53735989951165,-13.889751927139345,-12.892338311001067,-15.184643451091576,1
HK.01877,489,17.209999084472656,15.369999885559082,11.971367681286385,2.5296448584308866,3960060.85,68152643.60295601,6.2771645785397485,21.73879997253418,24.09744999885559,-18.281103889370154,-21.415527925805357,-26.76596134266955,-22.755841319214046,-25.81897190294687,1
HK.01878,489,1.7000000476837158,1.5199999809265137,11.842109803677983,0.9636278358530207,403115.0,685295.5192220211,8.22397227982629,1.9585999941825867,2.121799996495247,-9.090906772789708,-14.141412560227785,-21.296297216121022,-12.820512507010424,-17.47572354832594,1
HK.01879,42,393.79998779296875,389.79998779296875,1.0261672973998366,0.6339028471941779,341481.65,134475469.60152283,11.878664072429535,,,-36.07143055308949,,,-55.55304878183197,,1
HK.01880,489,48.2400016784668,47.7400016784668,1.0473397201942827,0.8288486023949158,1831574.1,88355137.65823632,4.974384178778685,57.41040023803711,69.38470245361329,-13.780159033670039,-30.589925642493814,-31.960506854349052,-40.148880159153336,-6.164475756029642,1
HK.01882,489,18.440000534057617,18.790000915527344,-1.8626948611827874,1.9419417691356273,2175219.5,40111048.74169254,3.562058110944097,20.835600242614746,21.50734580039978,-6.680160321531099,-11.867643270319256,-13.458478268595062,-13.84725184839231,-0.11666298005313064,0
HK.01883,489,2.5,2.509999990463257,-0.3984059960658085,0.9872415575192058,5046027.75,12615069.375,2.1141836750765157,2.6671340608596803,2.4956935465335848,-6.716420234086116,-4.299982522436765,2.428928169947997,5.308446521246761,11.933199777580247,0
HK.01884,489,0.1080000028014183,0.10700000077486038,0.9345813264637588,0.5894736842105263,94000.0,10152.00026333332,2.9582735975283527,0.10556000038981438,0.11322000004351139,0.0,-9.243697215924708,-5.263155486885312,-10.743798854026808,-5.263155486885312,1
HK.01888,489,96.30000305175781,98.55000305175781,-2.2831049521310667,0.7973382098681574,87808717.45,8455979758.40594,12.288874994133431,53.843478240966796,24.588042373657228,77.91439899432727,372.9369808730475,717.6873600668804,622.7772467103745,972.713080066578,0
HK.01889,489,0.16300000250339508,0.17000000178813934,-4.1176465947735315,7.916619204920834,118540.0,19322.020296752453,6.048185771865332,0.2727200001478195,0.40112999975681307,-32.08333077219619,-55.9459458370989,-66.39175305243366,-67.39999949932098,-52.058823297386766,0
HK.01890,489,0.8299999833106995,0.800000011920929,3.749996367842013,0.4030242845196066,776571.7,644554.4980395614,4.236982252762728,0.989399996995926,1.252952205836773,-10.752690652985542,-36.1538450957755,-36.56589492718996,-35.15624985448084,-36.302132083237694,1
HK.01891,489,0.17800000309944153,0.17800000309944153,0.0,0.4806991988346686,260200.0,46315.600806474686,2.5423502083831866,0.17168000102043152,0.14800999969244003,-6.806280925273173,20.270270814505515,28.05755750454646,28.985512723594358,66.35514187889854,0
HK.01894,489,0.3799999952316284,0.38499999046325684,-1.2987000923330156,0.7762233955691035,426100.0,161917.99796819687,4.27465999021047,0.36589999973773957,0.5018032206594945,-2.5641002128344392,-41.53846012770067,-33.61019434455846,-18.28941170891572,-33.61019434455846,0
HK.01895,488,0.28999999165534973,0.30000001192092896,-3.3333399560713786,0.0,176100.0,51068.99853050709,3.615516146188169,0.36300000131130217,0.4635961394011974,-15.942031113797448,-39.58333372138442,-42.000001668930054,-39.58333372138442,-34.72889758623056,0
HK.01896,489,4.570000171661377,4.480000019073486,2.008931968855296,1.8751103037482122,2762703.35,12625554.783749461,3.2793029853640765,5.283640251159668,6.3124126529693605,-12.573587129396127,-20.15054611646441,-31.065216693924626,-30.160827099973357,-35.303512328129436,1
HK.01897,489,0.4449999928474426,0.4449999928474426,0.0,1.0935472169602192,13083.8,5822.290906417369,0.489130607314954,0.46249999582767487,0.46720802173018455,0.0,-10.101012411974777,-3.2608728750215663,-5.319150217845466,7.308543534647679,0
HK.01898,489,10.329999923706055,10.0600004196167,2.683891578800181,0.9849575806565725,23202458.0,239681389.36979294,4.33009616608969,12.640200023651124,11.6669961643219,-18.27531927906147,-28.856752079627334,1.5732531584249014,2.2772231044496176,23.44444954754202,1
HK.01899,489,1.1399999856948853,1.100000023841858,3.636360089641049,0.1985941328259621,665596.95,758780.5134785592,2.95311903481581,1.1882000112533568,1.1662605857849122,-3.389827426361236,-7.317075770973953,4.289358901040514,4.289358901040514,17.775048485309387,2
HK.01900,489,0.21899999678134918,0.2199999988079071,-0.45454637817115334,0.7211782630777044,178250.0,39036.74942627549,4.123521680464604,0.24599999755620958,0.28135499857366086,-8.749999301508053,-28.196724050629946,-15.76922891760712,-12.048193347894182,3.791469897181986,0
HK.01901,489,0.20800000429153442,0.20999999344348907,-0.952375816379655,0.011731352038322417,2956100.0,614868.8126862049,7.157682434826933,0.26135999590158465,0.3460649987310171,-18.431369340772616,-43.78378334839559,-50.47618790818983,-51.05882389240198,74.78991554547953,0
HK.01903,489,2.6700000762939453,2.6700000762939453,0.0,0.2790346907993967,255500.0,682185.019493103,7.6519746595207465,2.4757999849319456,2.168449989557266,20.81448100483612,5.118114818634797,60.843381324169634,43.54839009457975,117.07317356833522,0
HK.01905,489,0.7200000286102295,0.7200000286102295,0.0,0.8964265159465168,1388114.7,999442.6237142801,2.6185042912224556,0.7527981746196747,0.7580486834049225,-3.9999961853027344,-5.514249248449439,-1.8801783696066614,-0.6058964397289545,1.978370575959838,0
HK.01906,489,0.49000000953674316,0.49000000953674316,0.0,0.6165228113440198,1239500.0,607355.0118207932,7.3025823589063235,0.5034999972581864,0.5202749972045422,-1.9999980926513672,-18.333334989017843,-1.9999980926513672,2.083337601895229,55.555559760468796,0
HK.01907,489,1.9500000476837158,2.0399999618530273,-4.411760580993364,1.2700978838280559,20247485.95,39482598.567975365,5.1507891673734765,2.688954820632935,2.5760881304740906,-22.555475491361115,-44.23994277616588,-12.874910958996772,-16.24025341879213,-21.867155804986123,0
HK.01908,489,12.970000267028809,12.850000381469727,0.9338512217643761,1.0512677823374466,8015547.05,103961647.37888198,5.2316506749293135,14.680228366851807,14.912944045066833,-17.807347994253053,5.317572800993452,-14.408987539298614,-10.56907986906028,-16.131242958663467,2
HK.01909,489,1.7599999904632568,1.7699999809265137,-0.5649712187014997,1.1641122782848285,13297.5,23403.599873185158,1.4734230744120977,1.970799994468689,2.060098121762276,-13.725489050275936,-29.03225899486958,7.975459853492514,15.032681266298752,-4.864866606417649,0
HK.01910,489,13.720000267028809,13.380000114440918,2.5411072472333642,0.6542254145894202,4883935.75,67007599.794151545,3.0543758646248653,13.794777107238769,16.262128705978395,0.387735673489245,-4.430353553132018,-25.071426205386228,-27.319284403430565,2.6563784300672895,1
HK.01911,489,3.0399999618530273,3.0199999809265137,0.6622510282393388,0.9441568955116032,799320.0,2429932.769508362,5.591767709711398,3.4898000049591062,4.738849983215332,-8.708707762680003,-13.881020212695038,-34.76394718035742,-32.44444529215495,-23.037976578362663,2
HK.01912,489,1.7000000476837158,1.6799999475479126,1.1904821881092846,0.08399436550252767,5039268.75,8566757.115291059,13.168373868462618,0.8695999974012375,0.7094749991595745,203.57143579393014,353.33334604899085,146.37681935620245,139.4366336705977,102.38096437621857,1
HK.01913,489,39.599998474121094,38.2400016784668,3.5564768199791166,0.858001759424316,2075129.55,82175127.0136036,4.482258763198063,37.071908187866214,40.63109298706055,7.960736490324625,12.023936938809381,-7.880322266621587,-7.674236840008196,-14.111098148915769,3
HK.01915,488,0.26499998569488525,0.26499998569488525,0.0,,0.0,0.0,0.0,0.26499998569488525,0.26499998569488525,0.0,0.0,0.0,0.0,0.0,0
HK.01916,489,0.6000000238418579,0.6000000238418579,0.0,0.13087345056212166,856575.0,513945.02042233944,2.5479185815058183,0.658400000333786,0.6857000002264977,-6.249994179233778,-10.447759866236506,-10.447759866236506,-10.447759866236506,-24.205155296030682,0
HK.01917,489,0.09000000357627869,0.0860000029206276,4.651163395125501,0.4444444444444444,220500.0,19845.00078856945,3.7056861179392686,0.10135999962687492,0.10046499971300364,-1.0988951607495545,-30.769225478877487,-43.396222171260455,-24.369746636438595,69.81132950762415,1
HK.01918,489,0.6700000166893005,0.6800000071525574,-1.4705868173635692,0.7581279857131573,143755536.45,96316211.82067934,5.514753226108011,0.9593999946117401,1.2388499948382377,-29.473681568769173,-42.73503920814055,-49.24242499500811,-47.656247526174354,-53.47222291209077,0
HK.01919,489,13.119999885559082,13.15999984741211,-0.3039510814348016,0.48576377909255175,24474125.3,321100521.13515866,3.5587067079554293,14.165827369689941,13.583566999435424,-7.410022477639131,-12.916677796853476,-1.0474544096559693,-2.3288463759810463,2.0856393962979762,0
HK.01920,489,0.5799999833106995,0.550000011920929,5.454540134461573,0.3124663290593686,1780200.0,1032515.9702897072,9.989344904120076,0.7287999999523163,0.6246749986708164,-10.769230063850333,-50.42735003547241,50.64935004616651,43.209872000865374,52.6315764707211,1
HK.01921,489,3.109999895095825,3.119999885559082,-0.3205125266043049,0.7055778798661877,4593193.95,14284832.702654779,6.702570532946536,3.8687999963760378,5.801799997091293,-2.2012632135809818,-49.91948669900764,-56.44257768555661,-58.14266531697574,-53.720238211389436,0
HK.01925,489,1.2400000095367432,1.2200000286102295,1.6393426604503258,0.8235294117647058,52300.0,64852.00049877167,0.7959485087683006,1.263199987411499,1.1597665396332741,-3.875965410453306,6.896555622182589,16.981139289989432,10.714286094417377,3.265572546631146,1
HK.01927,489,0.2070000022649765,0.20399999618530273,1.470591243025672,0.354695687222894,580750.0,120215.2513153851,4.765786956276783,0.21120000004768372,0.15529000092297793,-13.749997128421999,48.92086647144359,41.78082555291984,52.20587574667414,106.99999918043615,2
HK.01928,489,13.3100004196167,12.899999618530273,3.1783008776021817,0.7538377651892763,16935297.85,225408821.4898338,3.0145389380488266,15.22016201019287,17.782706031799318,-13.176774391013938,-17.338064234738376,-32.34901518258167,-31.197799559576694,-9.986693309286009,1
HK.01929,489,11.100000381469727,11.289999961853027,-1.6829015148385897,0.6328439337130589,22364907.75,248250484.55653524,4.218456586090048,11.405600032806397,13.141126165390014,1.0009154926521953,-0.7155628043142246,-12.21381910510423,-10.986366128486925,-11.869087759176963,0
HK.01930,489,0.3700000047683716,0.3499999940395355,5.714288876981205,0.19801980198019803,74800.0,27676.000356674194,4.693543134726604,0.37636983215808867,0.3719292393326759,-0.7345004447108197,-3.2797720435495545,6.256025778456759,-2.0236639974367816,-7.997836139435617,1
HK.01931,489,0.6499999761581421,0.6100000143051147,6.557370641801303,0.3218090889323766,1027125.0,667631.2255114317,8.649565158767718,0.818600002527237,3.7460999962687493,-9.722229120907686,-43.96551768433893,-83.95061862848453,-74.00000095367432,-68.75,1
HK.01932,489,0.2199999988079071,0.21899999678134918,0.4566219366461133,1.242697304086551,130389.8,28685.755844563246,2.94610551905957,0.2548999986052513,0.19981999784708024,-5.982905438630968,-12.000000476837158,65.41353130739537,52.77778352668281,27.906971707287493,2
HK.01933,489,0.19599999487400055,0.18400000035762787,6.5217361375267044,0.0560245013819377,10726600.0,2102413.5450154543,22.31970039381414,0.2355800002813339,0.1802349991351366,-4.390245568957959,-20.325207536522534,49.61831982920312,51.93798852564322,36.11111341067313,1
HK.01935,489,0.800000011920929,0.8299999833106995,-3.6144544569876715,3.167587476979742,62900.0,50320.00074982643,3.4534556108288887,0.9901999914646149,0.9770000001788139,-22.33009377257598,-37.00787213104537,-3.6144544569876715,-12.087913311531134,-3.6144544569876715,0
HK.01936,489,0.8299999833106995,0.8299999833106995,0.0,0.02531645569620253,77500.0,64324.99870657921,1.4296587498882694,0.7996000039577484,0.7212999954819679,5.063286172982784,6.410258173707503,23.88059143819332,18.57142820650217,48.214282103034925,0
HK.01937,488,0.12999999523162842,0.13500000536441803,-3.7037110623015317,0.01486988847583643,336500.0,43744.99839544296,3.437881728753184,0.1808999991416931,0.199974999204278,-35.00000335276122,-28.961750591690105,-33.33333333333333,-25.28735691245191,-56.666669978035685,0
HK.01938,489,0.2199999988079071,0.2280000001192093,-3.5087725031225445,2.405786067757899,139650.0,30722.999833524227,3.0492661802627734,0.2874400007724762,0.3388350015878677,-22.80701699349358,-41.33333365122478,-24.137929262644278,-21.428572188834753,2.3255791388182447,0
HK.01939,489,0.47999998927116394,0.4399999976158142,9.090907243657693,1.0744375061948657,491050.0,235703.99473160505,8.045540817236772,0.6605999994277955,3.0130999951064585,-32.394365665104324,-18.644065998710722,-66.6666687362723,-51.51515306593044,-87.33509250389334,1
HK.01940,489,1.0800000429153442,1.0299999713897705,4.854376011108917,0.05506883604505632,398900.0,430812.0171189308,8.365378190182804,1.2056000018119812,1.0643500062823295,-9.243698236624217,-10.0,38.461549042245025,20.00000794728618,122.68041465168153,1
HK.01941,489,0.44999998807907104,0.4350000023841858,3.448272554637248,0.016293279022403257,479000.0,215549.99428987503,6.824756722922267,0.4079999989271164,0.27960999965667727,7.142857649699376,52.54237562101224,90.67795989466141,100.0,157.14285471001446,2
HK.01942,489,0.08299999684095383,0.07500000298023224,10.666658057107208,1.1000835162273972,5089100.0,422395.2839232981,8.518777972335178,0.14208000004291535,0.2825549992918968,-19.417478888454394,-59.7087394442272,-73.65079445423243,-74.06250040745364,-85.43859686272516,1
HK.01943,489,0.7599999904632568,0.75,1.3333320617675781,0.4812228722400453,5218000.0,3965679.950237274,8.375386742877104,0.66200000166893,0.6934500010311604,18.750001164153243,13.432831571956816,20.634920034218744,58.33333488553766,94.87179957433112,3
HK.01945,489,1.409999966621399,1.4700000286102295,-4.081636790548634,1.3331570841050426,164442.25,231863.56701114774,7.002340362254178,1.6885999941825867,1.5298999983072281,-7.236843137199542,-19.42857333592006,-6.622518177048375,-9.032257419471046,14.634141850135899,0
HK.01947,489,0.47999998927116394,0.5199999809265137,-7.692306369719372,3.855863754068951,50500.0,24239.99945819378,1.090817692296712,0.4865999948978424,0.3889500002563,-14.285716566504256,35.21126866979135,31.506842939642215,26.31578823536055,68.42105098048073,0
HK.01948,489,3.990000009536743,4.050000190734863,-1.4814858857385194,0.23605150214592274,47150.0,188128.50044965744,6.071795085364153,4.158852910995483,4.497815016508103,1.74763532564336,-5.841930450307349,3.045433951817517,-3.824260855382897,50.16286595264424,0
HK.01949,489,0.5299999713897705,0.41999998688697815,26.1904733183702,1.4511201629327901,337040.0,178631.19035720825,9.49063836852003,0.6114000076055527,0.7824499990046024,-11.666674945089223,-30.263160784158714,-33.750004563480545,-29.333337148030598,51.42856583303326,1
HK.01950,489,0.10499999672174454,0.10499999672174454,0.0,0.6204756980351603,280100.0,29410.499081760645,7.881880622709521,0.12239999979734421,0.1642050002515316,-12.500000776102164,-15.322581905014951,-47.236182804748964,-43.243245746725364,-67.18750029103832,0
HK.01951,489,2.009999990463257,1.9282000064849854,4.2422976715672185,2.010446526390213,13505537.75,27146130.748701155,3.658921322605339,2.2348243618011474,2.3986199378967283,-8.3226202140304,-6.6557620854065,-15.490814411813913,-14.434451736268286,-29.67215015641293,1
HK.01952,489,24.65999984741211,23.1200008392334,6.660895122310789,1.628881807936146,3820439.6,94212039.95304719,5.801182922293427,31.124400062561037,41.47115006446838,-18.181817031218753,-25.3179905949576,-43.64716454918706,-34.93403996151886,-51.83593851572367,1
HK.01953,489,1.0700000524520874,0.9100000262260437,17.582419957678084,0.6874872198955672,5588134.4,5979304.101109315,11.672723673117599,1.090099999308586,0.4641257131844759,-7.758613513709325,154.7619252045415,577.5537386971744,602.3423151669052,1096.3788982829099,1
HK.01955,489,0.5600000023841858,0.5600000023841858,0.0,0.9230769230769231,48800.0,27328.000116348267,2.9626083532701153,0.5746000015735626,0.5594450762867927,-12.49999767169351,12.000000476837158,-6.666669978035689,-8.196723073504641,-2.051292530098777,0
HK.01956,2,92.05000305175781,111.69999694824219,-17.591758669061992,,,,,,,,,,-17.591758669061992,,0
HK.01957,489,0.25,0.25,0.0,0.7275355336063599,496625.0,124156.25,3.0513710844121094,0.2383199980854988,0.2255349987745285,0.8064532604041651,29.533676276216873,39.664800469711224,11.111114054550438,16.27906783327278,0
HK.01958,489,0.800000011920929,0.7799999713897705,2.5641078544558447,1.0967403811621805,7966658.35,6373326.774969968,5.670953914641959,1.2146000003814696,1.7269999927282333,-33.88429861985203,-43.262409158926026,-60.39603863986213,-59.390862928803976,-58.974359366236975,1
HK.01959,489,2.119999885559082,2.180000066757202,-2.7523018055394695,0.008301418332899683,1581458.8,3352692.4750164035,13.567104061632824,3.1614000034332275,2.599499999880791,-29.80132784939019,-35.36585658380918,-25.088341246920777,-36.33633831439636,562.4999790452416,0
HK.01960,488,0.32499998807907104,0.3199999928474426,1.5624985448084445,0.0,233000.0,75724.99722242355,7.644847127546615,0.37289999961853026,0.34658999875187874,-15.584416589722485,-29.347829960131623,29.999995231628418,20.370361172123086,146.2121135152404,1
HK.01961,488,0.0989999994635582,0.0989999994635582,0.0,,0.0,0.0,0.0,0.0989999994635582,0.24535499803721905,0.0,-79.15789458824327,-68.5714285038496,-63.33333498901784,-74.61538382183163,0
HK.01962,489,0.46000000834465027,0.46000000834465027,0.0,0.6611570247933884,75000.0,34500.00062584877,0.27415432790353206,0.4404549914598465,0.44490925043821333,2.2222267845531776,3.9752392030727286,3.9752392030727286,5.093254963762834,-7.326863181653179,0
HK.01963,489,7.519999980926514,7.440000057220459,1.0752677834782465,0.3177667329810654,3963105.35,29802552.156409767,2.897123425514829,8.23679998397827,7.896326687335968,-6.699756955048221,-4.930466169518205,-4.447266959619587,-5.170237784204423,-9.010673916926642,1
HK.01965,488,0.13099999725818634,0.13099999725818634,0.0,0.0,19650.0,2574.1499461233616,0.2193988427937132,0.13820000141859054,0.14148500084877014,-7.74648382452771,-9.655171705057711,-2.9629688498412254,-6.42857378538773,-20.121955097714363,0
HK.01966,489,0.04600000008940697,0.0430000014603138,6.976740760955494,1.1180337730417222,1205100.0,55434.600107744336,8.206095301448672,0.0575399998575449,0.07872500037774444,-26.984128016583337,-30.30302978990492,-43.20987659998919,-41.025642127797894,-57.00934602215943,2
HK.01967,489,0.28999999165534973,0.28999999165534973,0.0,0.4700697759823724,210490.0,61042.098243534565,7.877878297002952,0.37719999730587006,0.41084999799728394,-23.68421176463945,-29.268294101240816,-29.268294101240816,-29.268294101240816,-35.55555570272752,0
HK.01968,488,0.17599999904632568,0.1720000058412552,2.3255773658299925,0.2702702702702703,43600.0,7673.5999584198,1.5030247446871212,0.17678000003099442,0.16704499997198582,7.3170696249468685,1.1494276498076295,5.389223694096106,5.389223694096106,74.25741873095076,2
HK.01969,489,0.9100000262260437,0.9200000166893005,-1.086955465418649,0.17684210526315788,333300.0,303303.00874114037,6.1984443710667545,1.1573999917507172,2.9267500063776968,-17.27272668160684,-31.060606813189928,-78.83720963113431,-74.72222082408855,-77.80487689285457,0
HK.01970,489,8.15999984741211,8.390000343322754,-2.741364558985891,0.016301637835142494,74829.0,610604.6285820007,1.785883220372887,7.941399993896485,8.044950006008149,-4.561407422486078,7.793918921685389,-2.392342314337228,0.12270220061236425,-1.6867510856088137,0
HK.01971,489,0.3149999976158142,0.3499999940395355,-9.999999148505061,45.0,1950.0,614.2499953508377,0.42857145289985543,0.35370000123977663,0.36812499925494196,-7.3529428522066915,-3.076920255401327,-21.250001769512867,-18.18181677438852,-21.250001769512867,0
HK.01972,489,20.639999389648438,20.700000762939453,-0.28986169603645595,0.6488379051519606,4327395.8,89317446.6707672,3.151124457757658,23.232000007629395,22.31226201057434,-7.194246393597346,-10.312444729037813,1.2491725374597848,0.962075022576113,17.55559454290561,0
HK.01973,489,2.799999952316284,2.4000000953674316,16.666660043928623,0.3867069486404834,33000.0,92399.99842643738,4.5796750276780855,2.2782000064849854,2.783749994635582,37.25490218994481,1.8181800842285156,0.0,-21.126760847155623,-12.500002793967683,3
HK.01975,489,0.4050000011920929,0.4050000011920929,0.0,0.07910349373764008,287800.0,116559.00034308434,3.282940524883719,0.42269999980926515,0.3749986360967159,-1.219511042741837,1.2499987892806712,14.580198748917711,14.580198748917711,19.337796195306396,0
HK.01977,488,0.949999988079071,0.949999988079071,0.0,0.0,46300.0,43984.99944806099,1.1614069538459526,0.9962000024318695,0.9338494828343391,-2.0618597877583125,2.9561676043599783,8.675957033519289,7.48170801610369,27.577374979078435,0
HK.01978,489,0.2750000059604645,0.27000001072883606,1.851850012202395,1.0121836925960637,219600.0,60390.001308918,3.936821605567651,0.30209999859333037,0.3464250013232231,-8.333334989017844,-22.535207247454903,-25.67567502259338,-23.611112490848203,-20.28985306936711,1
HK.01979,489,2.0299999713897705,1.9900000095367432,2.0100483246901604,0.5227475841204842,1633672.9,3316355.940260243,5.419041549792932,2.454058027267456,2.3224858009815215,-24.86833662057934,-21.18263852060537,-1.9408360675203005,-3.748375399148476,37.73513682581452,1
HK.01980,489,0.5099999904632568,0.5299999713897705,-3.7735815105932082,0.3091289647399775,311050.0,158635.49703359604,4.625434989404402,0.639098459482193,0.6686663380265236,-17.782738524206124,-26.91799292034552,-22.61904977229885,-22.61904977229885,-20.308157908388814,0
HK.01981,489,0.6800000071525574,0.6299999952316284,7.936509888789085,0.5073287466347592,849650.0,577762.0060771704,6.890082351297798,0.7208810293674469,0.950412565767765,-0.6741546621347491,-6.882025062705738,-29.052967615810537,-21.584857147197198,-47.53916362160864,2
HK.01982,489,0.800000011920929,0.7799999713897705,2.5641078544558447,0.9754240974336668,1848400.0,1478720.022034645,2.875262929765173,0.9345999956130981,0.9616657987236976,-9.090907243657693,-23.80951921415416,-26.605505741020778,-23.80951921415416,8.420712761516281,1
HK.01983,488,2.0999999046325684,2.0999999046325684,0.0,0.0,4250.0,8924.999594688416,0.04149659272148832,2.3902000188827515,2.199699989557266,-13.580253212297807,6.598978382454619,1.9417457749564655,-3.225814248860645,-9.914616648357498,0
HK.01985,489,3.440000057220459,3.2300000190734863,6.5015491302446,0.411359811088502,3250060.0,11180206.585969925,14.74706895111641,1.9198000025749207,1.4808000016212464,119.10827657920981,170.86615030583286,189.0756211605094,175.20000457763672,124.4001027719818,1
HK.01986,489,0.8600000143051147,0.8600000143051147,0.0,0.29890834127956356,1061484.25,912876.470184654,7.9211475737640775,0.9017104268074035,0.8340997415781021,-23.21428476395656,2.9169809024754945,6.728720653941343,8.06282686437583,7.551621350229823,0
HK.01987,488,0.20200000703334808,0.210999995470047,-4.26539745493811,0.0,587900.0,118755.80413490534,2.520220858223567,0.20619939357042313,0.19607932969927788,-3.349281853173944,13.069711243320576,6.912442941479043,9.072292706586166,43.02195160524733,0
HK.01988,489,3.1700000762939453,3.2100000381469727,-1.2461047158154555,0.7869285407890011,24486119.5,77621000.68314266,2.5965979990890555,3.45465669631958,3.842348781824112,-3.962779930967901,-15.967430922169058,-20.71620473742946,-18.71913135718593,-24.34927069226285,0
HK.01989,66,196.39999389648438,206.1999969482422,-4.752668863626458,1.407487367105325,1439300.7,282678648.6952057,9.753738493878428,176.52754791259767,,7.206077976522103,105.47832253960196,,105.47832253960196,,0
HK.01991,489,0.5699999928474426,0.5699999928474426,0.0,0.18071926266540833,502510.0,286430.6964057684,9.401172589997596,0.589799988269806,0.8826249960064888,-1.72413633637985,-18.57142820650217,-24.000000953674316,-32.14285587575156,-9.523809974335942,0
HK.01993,489,0.5600000023841858,0.5699999928474426,-1.754384313814067,0.15306122448979592,19750.0,11060.00004708767,10.990902408738556,0.6464000010490417,0.6349249994754791,-22.22222498169641,5.66038351204981,-6.666669978035689,7.6923121009354265,-18.84057908417722,0
HK.01995,489,1.659999966621399,1.6299999952316284,1.8404890477013416,0.6629996020552076,2257974.45,3748237.5116319717,2.546065632993751,1.8092354321479798,1.7354477828741073,-8.287291762440248,0.4441007446809508,5.284778194176099,2.2062762693222755,-9.452765272115947,1
HK.01996,489,0.02500000037252903,0.02199999988079071,13.636365945427883,0.28909691629955947,368450.0,9211.250137258321,1.943149381592706,0.025320000387728213,0.03414000023156404,-3.846154397232281,-7.407408429434898,-37.499997671693514,-26.470591135606476,-54.54545362182884,1
HK.01997,489,21.65999984741211,21.860000610351562,-0.9149165478282053,0.9230834501259527,4271411.25,92518767.02323437,3.128215347271264,23.823600044250487,23.86565486907959,-9.900170455392956,-8.185554135910804,-7.882034654157659,-11.677697675209018,8.960406270994834,0
HK.01999,489,3.0999999046325684,3.069999933242798,0.9771977863882869,0.3174968904451483,17054604.05,52869270.92854622,3.3806134412723883,3.8223999738693237,4.4039965903759,-14.600556283728347,-30.80357385191077,-30.957682346149383,-33.18965530530168,-20.693165708070573,1
HK.02000,489,0.2849999964237213,0.2800000011920929,1.785712575121809,0.40772414866734435,330348.3,94149.26431858241,6.211941554695093,0.2871999979019165,0.3184999991953373,7.547174267346414,-3.389827426361236,-16.17647252177695,-19.7183084402782,-5.000004967053534,1
HK.02001,489,0.5799999833106995,0.5799999833106995,0.0,0.6861731326516283,1647586.8,955600.3165029287,4.574824763608149,0.667200003862381,0.9329000017046929,-9.375000582076622,-28.395063999567316,-40.816329385478554,-40.20618905118011,-34.09091063028525,0
HK.02002,488,0.8100000023841858,0.8399999737739563,-3.5714252769540553,1.3008130081300813,65500.0,53055.00015616417,3.2683339435817715,1.0317999982833863,1.3745999932289124,-24.299068908647918,-34.146342290764444,-48.7341784567543,-43.356641112251054,-53.71428557804653,0
HK.02003,489,0.8999999761581421,0.9200000166893005,-2.1739174096029172,1.1032745591939546,35660.0,32093.999149799347,3.675315487370213,1.099200004339218,2.165491459667683,-15.887856818732034,-45.454546111345955,-65.38461503192516,-65.90909316684251,-74.67602166892824,0
HK.02005,489,2.1600000858306885,2.109999895095825,2.3696774038271946,0.3929598542388913,6356847.75,13730791.685612619,3.4315603366983445,2.302935872077942,2.713687685728073,-7.296130619822838,-10.32573336652514,-26.821000361303106,-23.49468219590779,-20.28530544199449,1
HK.02007,489,0.16899999976158142,0.17000000178813934,-0.5882364800231967,0.5635965923148748,358843515.4,60644554.017045036,5.3643632029325525,0.24142000019550325,0.3902299982309341,-30.45267519994231,-46.34920601882031,-65.15464025218294,-57.21519109588116,-56.10389507848307,0
HK.02008,489,1.4500000476837158,1.4500000476837158,0.0,0.5383132850402074,146100.0,211845.00696659088,5.440985068214853,1.5780000019073486,1.7071499973535538,-8.805030362005615,-23.68420705900954,-12.121207961475603,-20.32967000577117,30.630633242959803,0
HK.02009,489,0.5600000023841858,0.5400000214576721,3.70370002440479,1.230973597786533,10400374.15,5824209.548796425,2.9975675200235568,0.661770008802414,0.7212509107589722,-14.068064395987617,-19.721485559594395,-17.551794266508413,-17.551794266508413,-12.840464290972351,1
HK.02011,489,1.3899999856948853,1.3899999856948853,0.0,21.05263157894737,3900.0,5420.9999442100525,0.0,1.3346000003814698,1.4318500030040742,2.9629600849335267,8.593751309672399,-11.464972021884396,-6.711410953141468,1.4598526172921515,0
HK.02012,489,0.2240000069141388,0.23499999940395355,-4.680847879878632,0.5428633152307597,2173475.0,486858.4150277078,7.980532091636061,0.3112200000882149,0.401129999384284,-25.333333995607138,-43.29113903039543,-53.333330849806416,-48.50574581921377,-58.51851888644841,0
HK.02013,489,1.1399999856948853,1.1100000143051147,2.7027000903735274,0.3985987317829291,75335486.9,85882453.98831722,7.215079542924083,1.405600006580353,1.9296000003814697,-9.523809974335942,-32.14285587575156,-38.7096786598261,-40.31413583156064,-36.31284860393266,1
HK.02015,489,45.900001525878906,46.279998779296875,-0.821083110287286,0.9655608507432727,16207540.1,743926115.3207436,4.284529699164971,62.638799896240236,72.53570003509522,-20.656866488229827,-31.28742600458449,-30.08377690930388,-32.54959666795598,-55.90777886774947,0
HK.02016,489,2.1500000953674316,2.1600000858306885,-0.4629625030505988,0.8639198813378348,9091237.25,19546160.954507947,2.2743449062060392,2.316754689216614,2.406844621896744,-5.65219256349923,-12.183956356046997,-10.1095610728893,-9.754270326658823,-23.89276909256573,0
HK.02017,489,0.22100000083446503,0.24500000476837158,-9.795919782367633,1.8262806236080178,31700.0,7005.700026452541,1.081265849026652,0.2250399997830391,0.2344649986922741,-7.916664260749961,9.95024643258055,13.333337918306176,-3.913044858519632,-21.071428609441735,0
HK.02018,489,42.58000183105469,43.02000045776367,-1.022776899179645,0.8616886263267279,8718519.7,371234584.7900863,5.421014978031313,42.41840225219727,39.42396045684814,-6.417578393286401,33.23036572162054,13.924693764843285,6.359820826819301,5.731105338457994,0
HK.02020,489,71.25,68.75,3.6363636363636362,1.250857093237035,8347035.75,594726297.1875,2.7904029604149665,76.41900421142579,80.9687286376953,-6.002642306822832,-5.728745642207576,-10.12572455389249,-11.771774767707091,-21.591148375734605,1
HK.02022,489,0.05000000074505806,0.052000001072883606,-3.846154397232281,0.23210831721470018,196400.0,9820.000146329403,4.7923185200885605,0.054459999948740005,0.0553549998998642,-7.407408429434898,0.0,-7.407408429434898,-1.9607810195433113,0.0,0
HK.02023,489,0.7799999713897705,0.7799999713897705,0.0,0.6741573033707865,58000.0,45239.99834060669,3.0938081514675004,0.7667999970912933,0.7638499972224235,2.6315764707211,-1.265829088137235,3.9999961853027344,-1.265829088137235,-9.302330416818046,0
HK.02025,489,12.220000267028809,12.220000267028809,0.0,1.2037298671941226,359000.0,4386980.095863342,3.556441685495927,10.051640892028809,11.589486067295075,33.878186053664955,-8.172008226509064,24.111993706451322,6.520472289345724,266.76210966083744,0
HK.02026,156,55.099998474121094,52.29999923706055,5.353727108807348,0.4288929549533066,1206603.35,66483842.7438694,5.7816557783351445,73.0779997253418,,-30.691825818715607,-33.413899124929195,-51.7935284313418,-52.540913696563926,,1
HK.02028,489,0.8899999856948853,0.9300000071525574,-4.301077543014524,0.4406068874584527,7222300.0,6427846.89668417,21.025219433405194,0.4362000012397766,0.186670000590384,-7.2916660845900445,544.9275420220855,1136.1111444547603,1086.6666004392862,1645.0980437988965,0
HK.02030,489,1.309999942779541,1.2899999618530273,1.5503861641813224,0.3508771929824561,28050.0,36745.498394966125,2.1537682031672856,1.301275782585144,1.4224188321828841,2.343747817212667,-2.281904928571759,-12.053712089581827,-11.463471542498851,-12.010947110849907,1
HK.02031,489,0.4050000011920929,0.3799999952316284,6.578949019519266,6.875,10750.0,4353.750012814999,0.13157882353605502,0.3512000048160553,0.3450883336365223,20.895519732473012,15.714288025486264,8.000000317891438,32.78688252276555,18.838022549548324,2
HK.02033,489,0.2549999952316284,0.26499998569488525,-3.7735815105932082,10.952380952380953,19500.0,4972.499907016754,0.5476289351257447,0.291099995970726,0.3193038459122181,-12.068964631322139,-19.047619948671883,-23.88060033440874,-22.72727724277594,-20.27417161871651,0
HK.02038,489,19.059999465942383,20.5,-7.024392849061548,1.862301647884296,1063361.25,20267664.857103825,6.2055026507766495,25.786641960144042,20.707846374511718,-36.04225401422031,-4.8525904501905055,-3.7119671371513436,-0.3779642825597293,89.36015029159358,0
HK.02039,489,7.5,7.670000076293945,-2.216428612815443,0.8005670874165273,6263783.65,46978377.375,5.716802927248738,9.711999988555908,9.148950002193452,-23.70294956042696,-26.1811012535561,-9.310766809460263,-19.70021544462256,27.768315949220334,0
HK.02048,489,0.024000000208616257,0.02500000037252903,-4.000000596046439,2.8369034379382043,2036775.0,48882.600424904376,16.343965053022686,0.046800000108778474,0.06917500003241002,-48.93616802042664,-62.50000145519146,-65.71428556223306,-65.71428556223306,-82.85714278111652,0
HK.02050,250,25.15999984741211,24.420000076293945,3.0303020835635834,0.7084573645103533,14985526.45,377035843.1953901,5.182072855076821,31.436799964904786,34.236078853607175,-19.923616211589188,-15.740122795945638,-30.52740160272045,-37.16283898071749,,1
HK.02051,489,0.41999998688697815,0.42500001192092896,-1.1764764455773846,1.0146202237320083,2363552.5,992692.0190066844,7.376828536338211,0.5818000012636184,0.5994250009953975,-20.754715177502643,-37.31343635447326,-22.222227741170595,-19.230768789906456,13.513508506549263,0
HK.02057,489,172.0,170.3000030517578,0.9982365929409421,0.7062621021283496,1541517.85,265141070.20000002,2.4459859168856157,184.5479998779297,170.52707221984863,-0.9786971664419428,-11.069651662792467,5.864255822740123,3.387535043576664,27.923055002912605,2
HK.02068,489,1.7999999523162842,1.7799999713897705,1.1235944521335182,0.4982708535067091,3488600.0,6279479.833650589,4.2176729073374695,2.3351999807357786,2.5140999925136565,-21.052632679679512,-25.000004967053535,-22.74678063279772,-30.769230063850333,-9.090912374911527,1
HK.02076,489,51.849998474121094,48.91999816894531,5.9893712486599435,0.5358670748886394,128601.45,6667984.98626976,2.924372432764029,53.471399841308596,70.59022113800049,-0.8604221214224722,-1.1439509629946731,-36.69108973369501,-34.69773617419695,-24.785223819330028,1
HK.02078,489,0.10999999940395355,0.11599999666213989,-5.172411578305348,0.02631578947368421,74950.0,8244.499955326319,3.7216153311679343,0.12283999979496002,0.1347699996456504,-19.117651892677458,-16.666666666666664,-20.28985350754447,-15.384612739438744,-16.666666666666664,0
HK.02080,489,0.25999999046325684,0.26499998569488525,-1.8867907552966041,9.296482412060302,56000.0,14559.999465942383,3.323801165059961,0.3027999997138977,0.3647499991953373,-22.388064481548582,-10.344828294942289,-35.00000335276122,-27.77778329672615,-7.1428609441737585,0
HK.02086,489,0.4650000035762787,0.5,-6.999999284744263,0.4633920296570899,110400.0,51336.00039482117,5.387495542825369,0.48779999613761904,0.4993499965965748,-4.123713430708066,1.086955465418649,2.1978000384744694,0.0,3.3333368654605247,0
HK.02088,488,0.03799999877810478,0.03799999877810478,0.0,,0.0,0.0,0.0,0.03799999877810478,0.03799999877810478,0.0,0.0,0.0,0.0,0.0,0
HK.02096,489,9.859999656677246,9.270000457763672,6.36460808822773,1.375675571905565,6601202.45,65087853.890657,4.354337219793487,10.688860321044922,11.965709862709046,0.9989647052203747,-12.590301450098748,-26.175973072224163,-14.664429890265895,-7.278109825519113,1
HK.02097,325,247.8000030517578,242.60000610351562,2.143444689784298,0.6274730921074685,562785.55,139458261.0074852,4.753425408854848,272.71199920654294,359.7380001068115,-6.065195406213509,-26.642980459895764,-38.480632929134515,-39.08554314463997,-51.60156190395355,1
HK.02098,489,0.08500000089406967,0.0860000029206276,-1.1627930146477543,0.1250822909809085,1067350.0,90724.75095428526,6.8130061673236515,0.09146000027656555,0.10853500012308359,-5.555558315029741,-19.047615668670826,-19.047615668670826,-15.841586203472694,-56.63265147087769,0
HK.02099,489,123.0999984741211,116.0999984741211,6.029285178294221,1.0828164047869981,2257082.55,277846858.46096534,5.364354394249341,157.9704162597656,158.82424861907958,-18.04260920421959,-15.861277952006143,-21.130029627998802,-23.71353347241284,70.36784756968414,1
HK.02100,489,0.3799999952316284,0.4000000059604645,-5.000002607703171,0.01692805576300722,1958500.0,744229.9906611443,5.124071175125726,0.4915999978780746,0.4719749990105629,-20.83333255723117,-9.523807834335413,-18.279571546434806,-10.588238924019787,-21.134557391293377,0
HK.02101,489,0.8999999761581421,0.8999999761581421,0.0,0.04896751984408741,18921.7,17029.529548871516,3.153954950180362,1.0522000038623809,1.2039366933703421,-25.000004967053535,-20.3539840746938,-28.000001907348633,-30.769230063850333,-28.561305159617373,0
HK.02102,489,0.26499998569488525,0.26499998569488525,0.0,1.5286624203821657,84500.0,22392.498791217804,1.3482825184353115,0.2902999949455261,0.26660700760781764,-10.169492381566323,-11.802357829184743,2.897244096173872,2.897244096173872,43.46249828071827,0
HK.02105,489,6.96999979019165,6.21999979019165,12.057878220232078,1.3278864006444362,3397719.4,23682103.5051301,10.08763779174308,12.091999998092652,13.817649986743927,-39.9655469741293,-53.53333473205566,-56.35566891891851,-48.71229056708744,-65.74938742242786,1
HK.02107,489,0.23800000548362732,0.24199999868869781,-1.652889763117717,0.044920525224602624,1235125.0,293959.7567729652,8.772897704464784,0.1898000007867813,0.2210949996113777,32.22222001464287,14.423077198616141,3.0303026393503663,2.5862122120671662,-16.049376616329297,0
HK.02108,489,0.4350000023841858,0.4350000023841858,0.0,0.7095343680709535,82600.0,35931.000196933746,4.403581380148684,0.4700999999046326,0.3514049991220236,-16.34615031925166,31.818177302678606,24.285717083483373,52.63158169919878,114.28572162618799,0
HK.02110,488,0.0949999988079071,0.09799999743700027,-3.0612231709717466,0.5442894836034677,609300.0,57883.4992736578,2.392140450314347,0.10320000007748603,0.11316000018268824,5.555550036607185,-6.862744525137968,-4.040404724571225,-7.766991555381757,4.395605205352333,0
HK.02111,489,2.380000114440918,2.309999942779541,3.0303105365945693,0.7801091085362631,641585.7,1526974.0394236564,2.2009440688080577,2.6064413022994994,2.943858985900879,-4.0322541880434235,-18.891777176647754,-24.03761606824409,-23.57583643108446,10.76653423800852,1
HK.02112,489,0.041999999433755875,0.03799999877810478,10.526317853346493,1.6001039028508344,6603400.0,277342.79626086354,9.268763218804695,0.07290000006556512,0.06455000003799796,-39.13043407839501,-36.36363687676175,-26.31579050562058,-22.222225288304692,-39.13043407839501,1
HK.02113,489,0.1379999965429306,0.1289999932050705,6.9767471410272535,1.1764705882352942,292500.0,40364.9989888072,4.945865337575485,0.10657999947667122,0.08278499990701675,0.7299285157550963,122.58064322305393,142.10525696627653,115.62498435669187,175.9999889731409,2
HK.02116,488,0.699999988079071,0.6499999761581421,7.692309808449005,0.0,92600.0,64819.99889612198,2.1160922144601173,0.7019999992847442,0.5972500003874301,0.0,-6.66666825612386,39.99999761581421,37.25490218994481,47.3684203921923,1
HK.02119,489,0.4650000035762787,0.4650000035762787,0.0,0.24896265560165975,60600.0,28179.00021672249,0.5274821482057966,0.4809188801050186,0.5161106856167317,-4.123713430708066,-6.274185238404827,-11.481177310631363,-13.090612781265534,-13.44405948783426,0
HK.02120,488,7.679999828338623,7.690000057220459,-0.1300419870926569,0.0,4080.0,31334.399299621582,0.7568613943817144,8.764400091171265,9.821523926258088,-14.57174611937287,-11.622552368410224,-30.054643456074174,-22.81407059739598,-15.03810067499497,0
HK.02121,489,4.0,4.159999847412109,-3.8461503192516595,0.4036786345161247,808910.25,3235641.0,5.888936266250196,4.22939998626709,5.63434999704361,-8.256883543354942,-14.163087318095826,-28.82562132646597,-28.186716755398038,-30.0699275049103,0
HK.02122,489,0.13300000131130219,0.13699999451637268,-2.9197031862599543,0.26289180990899896,363100.0,48292.30047613382,7.078149500847999,0.1442200005054474,0.21812999907881023,3.1007816410291595,-42.91845323385582,-56.393443215633376,-54.13792926264428,118.0327865849,0
HK.02125,489,0.3050000071525574,0.32499998807907104,-6.153840510802654,0.08218154650728428,133850.0,40824.250957369804,4.9858143138737026,0.34750000476837156,0.4490000008046627,-7.575759080925313,-23.74999934807421,-37.75510179256708,-35.78947137267303,-49.16666749450892,0
HK.02126,489,1.6699999570846558,1.5,11.333330472310383,1.5750383487597959,626600.0,1046421.9731092453,6.44988416930605,2.079800000190735,2.846199994683266,-15.656568636493793,-13.020833624371644,-44.51827367522241,-33.20000171661377,-28.632477848722594,1
HK.02127,488,0.019999999552965164,0.019999999552965164,0.0,,0.0,0.0,0.0,0.019999999552965164,0.019999999552965164,0.0,0.0,0.0,0.0,0.0,0
HK.02128,489,3.640000104904175,3.640000104904175,0.0,0.8470220540543081,9306199.15,33874565.882259145,4.331658545700192,4.352536315917969,4.747527189254761,-17.460312225629405,-28.589263403205834,-15.820454736931252,-17.816081992352675,-8.553152528062496,0
HK.02129,489,0.2070000022649765,0.20499999821186066,0.9756117417371426,0.17147687477357806,2046750.0,423677.25463584065,6.503501338258615,0.18226000010967255,0.1508200004324317,-1.4285672724651155,40.81632818560724,26.219510089812204,36.18421639545409,55.639097912840306,2
HK.02130,488,3.140000104904175,3.140000104904175,0.0,0.0,20650.0,64841.00216627121,2.200016561999871,3.2313916444778443,3.3066425478458403,-6.246151463038455,-3.9594748984564445,-7.075841256159965,-5.116591742809277,-9.212850577858262,0
HK.02131,488,0.45500001311302185,0.45500001311302185,0.0,,0.0,0.0,0.0,0.45500001311302185,0.45500001311302185,0.0,0.0,0.0,0.0,0.0,0
HK.02132,489,0.13600000739097595,0.13899999856948853,-2.158267057112828,0.9811320754716981,100800.0,13708.800745010376,2.1537898072591206,0.14222000002861024,0.14692999977618457,2.2556436466883176,-4.895104166406157,13.333342025677558,8.800005912780762,29.523820606759692,0
HK.02135,489,0.12300000339746475,0.10700000077486038,14.953273370782597,0.4267425320056899,71800.0,8831.40024393797,2.104006115741813,0.130380000770092,0.1363200004771352,0.0,-12.76595665981495,-23.124996158294294,-13.986015625586148,-3.149606714955814,1
HK.02136,489,0.5899999737739563,0.5799999833106995,1.72413633637985,0.2805892373985369,493125.0,290943.7370672822,3.332118115499812,0.6347999906539917,0.5485351327061653,-6.349209803242228,-13.235298887049812,43.807634044258236,46.02006342620088,46.02006342620088,1
HK.02137,489,0.9700000286102295,0.949999988079071,2.1052674507500932,0.6033398736667193,688997.5,668327.5947123766,5.111735092297407,1.200200001001358,1.5547000005841256,-15.65216967649397,-29.197078450066925,-37.82050870579361,-31.690136765799824,-47.282608097070565,1
HK.02138,489,0.39500001072883606,0.36500000953674316,8.219178194041364,3.408974577717113,339500.0,134102.50364243984,5.1645521148479885,0.4262000000476837,0.5703749968111516,-3.6585331282255105,-20.999997854232788,-31.896547914685197,-30.701751634134556,-31.896547914685197,1
HK.02139,489,0.35499998927116394,0.3499999940395355,1.4285700905079517,0.22109917773215804,1469457.15,521657.2724844351,3.194101416734828,0.3670000004768372,0.28544499933719636,0.0,41.999995708465576,44.30893474206242,41.999995708465576,41.999995708465576,1
HK.02142,489,10.770000457763672,10.0600004196167,7.057654160356633,1.124726385001415,5452041.5,58718489.450746536,6.543084086701295,12.000200004577637,13.003899970054626,-7.869967114143073,-8.960266042083882,-19.386222046937768,-10.844366508410411,31.02189912284009,1
HK.02145,489,28.219999313354492,25.440000534057617,10.927667928210818,3.1606060751519545,1586488.25,44770697.32564497,6.294896416192136,39.686608505249026,66.95826890945435,-22.38724191517104,-52.60542847838556,-65.63681281903234,-58.58097190246262,-57.6486204850578,1
HK.02146,488,1.4500000476837158,1.4800000190734863,-2.0270250677801456,0.0,58450.0,84752.50278711319,2.976089140025726,1.2834000039100646,1.322900003194809,-0.6849308357518121,28.318588832072827,6.617649443524906,2.8368852488815253,-2.684561181007224,0
HK.02147,488,0.49000000953674316,0.49000000953674316,0.0,0.0,75498.85,36994.43722001315,3.6958108070129154,0.49549999833106995,0.7367249974608421,-1.0101000370632516,-20.96774100513042,-40.24390075477653,-47.87233927876985,-33.78378334839559,0
HK.02149,489,32.79999923706055,32.0,2.499997615814209,0.21669078225372393,123216.0,4041484.7059936523,6.330054050097244,34.75240016937256,42.9650001335144,-14.805196786855724,-16.32653418703402,-25.07994483414344,-23.862586251293262,-48.66979897680151,1
HK.02150,489,0.6399999856948853,0.6299999952316284,1.5873000855468575,0.8286707760391971,3155875.0,2019759.954854846,8.06989207367829,0.7335999989509583,1.0030499988794326,-3.0303090509739805,-28.08988809194278,-38.46153757981291,-41.81818437970369,-47.54098600932451,1
HK.02152,489,4.269999980926514,4.269999980926514,0.0,3.076923076923077,375.0,1601.2499928474426,0.011709869937360125,4.329334678649903,4.774356894493103,-1.441467836432379,0.0327080999799931,-17.867885343891192,-17.867885343891192,-1.6485233943434638,0
HK.02153,489,0.699999988079071,0.7799999713897705,-10.256408492959162,6.891891891891892,18700.0,13089.999777078629,1.7907641144826496,0.8803999936580658,0.9674499946832656,-20.454546378171155,-25.531915972922498,-27.83505490386447,-30.000001192092896,-27.08333294528225,0
HK.02155,489,8.010000228881836,8.0,0.12500286102294922,0.6209115344195657,9685548.0,77581241.69684601,7.298289896920537,8.119399948120117,9.19894996881485,-13.685339877512451,2.9562983659501993,-4.07185792880222,-12.554581197456812,33.61625916205296,3
HK.02156,489,2.6600000858306885,2.559999942779541,3.906255675247066,0.26078280256758346,1772285.3,4714279.050116467,2.9591327096695927,2.7022845458984377,2.6221528446674345,-2.2058802260453536,11.777939503040798,7.172849177412995,4.055097999367472,7.172849177412995,1
HK.02157,489,4.050000190734863,3.5799999237060547,13.128499358800521,1.9826200138356551,8395247.2,34000752.76126632,6.138138832075035,4.599600009918213,5.540650000572205,-4.929578095400559,-18.181811175945985,-24.999997792420604,-18.674695276640715,-24.999997792420604,1
HK.02158,489,4.360000133514404,4.420000076293945,-1.3574647453365973,1.2364306834924692,7257187.8,31641339.776939105,5.233497703792143,5.529600009918213,5.646999974250793,-16.79388694736482,-19.109457485808342,-12.096772177782581,-18.504668948889563,-30.128200425668876,0
HK.02159,489,1.5700000524520874,1.5499999523162842,1.2903290807148435,1.7215937038858828,77520.0,121706.40406608582,1.5843378424840577,1.588400013446808,1.4190500044822694,-2.484469658237336,-17.368417255105687,33.05085781695251,20.769239233796018,180.35715102997358,1
HK.02160,489,1.1399999856948853,1.0800000429153442,5.555550036607185,0.7794586758692201,980279.85,1117519.0149769841,6.748605908836628,1.9632000017166138,4.431649992465973,-31.32530068569041,-64.59627405075162,-80.51282043966995,-80.17391329226287,-76.00000030116031,1
HK.02161,489,1.9900000095367432,1.8899999856948853,5.291006592526057,0.5213437151532413,417914.0,831648.8639855385,3.351440549985056,2.3784000134468077,2.677143241763115,-16.736404929298917,-24.905662719954627,-25.74627015048393,-24.905662719954627,-25.021258453749994,1
HK.02162,489,73.0999984741211,64.05000305175781,14.129578440535157,2.160415055691268,2831142.65,206956523.39501914,6.656647534511221,65.95499992370605,62.2224998664856,18.284788635214262,43.33333034141391,30.88630344008521,36.76332540823148,57.2042977938088,5
HK.02163,488,0.6000000238418579,0.6000000238418579,0.0,,0.0,0.0,0.0,0.6000000238418579,0.6000000238418579,0.0,0.0,0.0,0.0,0.0,0
HK.02165,489,1.5099999904632568,1.5800000429153442,-4.430382946251475,1.0816542948038177,49700.0,75046.99952602386,2.137959987565271,1.703400001525879,1.8835500013828277,-10.650891163474162,-20.526315294144222,-24.500000476837158,-20.526315294144222,15.267179879363834,0
HK.02166,489,4.820000171661377,4.630000114440918,4.103672840694992,0.3454692754057449,2231544.6,10756045.35507002,9.342358913249633,3.949279441833496,2.6895207637548446,-3.0181104086158426,76.99196378731563,144.1268495511712,133.76296640615334,192.67580341797193,1
HK.02167,489,3.0999999046325684,3.180000066757202,-2.515728315886917,0.5892162312395776,35280.0,109367.99663543701,7.086604129322052,3.3122585821151733,4.087045087814331,6.037071059442482,-4.152670562773116,-34.59599020887183,-28.43686378759484,23.232274216348365,0
HK.02168,489,0.9399999976158142,0.8999999761581421,4.444446946367871,0.017750765057974,26680.3,25079.481936389206,1.721579196613287,1.0385999989509582,1.327100003361702,-9.615381529345202,-12.962966642261877,-34.72222498169641,-25.396825021386714,-39.35483699782701,1
HK.02169,489,0.5,0.5199999809265137,-3.8461503192516595,0.6172607879924953,1030700.0,515350.0,4.223936507461758,0.5542000031471253,0.7128499972820282,-7.407411086706321,-23.07692025540133,-28.571427355007227,-36.70886247858288,-73.16807841774018,0
HK.02170,489,1.4199999570846558,1.2799999713897705,10.937499126885067,2.6367899947889524,100775.0,143100.49567520618,3.7620142172691966,1.6309999895095826,2.1505500036478042,0.7092191985804456,-27.551024007777315,-33.3333389300133,-27.91878495116474,-52.66666809717814,1
HK.02171,489,14.15999984741211,13.149999618530273,7.680610328372921,1.1254311978117468,8013606.2,113472662.56922074,8.970926928031739,19.10579996109009,17.428849954605102,-21.8111575362491,-6.842105098048074,-10.37974888306933,-7.57180072140608,-41.72839386012682,2
HK.02172,489,10.920000076293945,10.850000381469727,0.6451584549597654,1.8649419014582052,3424905.05,37399963.40729952,4.724141132122241,9.901199989318847,11.232876315116883,18.695655463999366,1.675980530836092,7.6923047984394355,-3.362832814396667,-21.14890007727104,3
HK.02175,489,2.9200000762939453,2.9800000190734863,-2.0134208857554183,0.8869565217391304,114950.0,335654.008769989,4.977544352939508,3.1738000106811524,2.9389999997615814,-7.88643514142358,6.181820956143466,-14.117647223819082,-13.095233111289467,6.181820956143466,0
HK.02176,488,0.7699999809265137,0.800000011920929,-3.750003818422499,0.0,71500.0,55054.99863624573,2.649141053869076,0.7642200553417205,1.2344208258390426,9.999999148505061,-25.235311207594037,-47.304404181430264,-45.32832234888119,-36.14986291338514,0
HK.02177,489,2.4100000858306885,2.369999885559082,1.6877722448568986,0.032520325203252036,12220.0,29450.201048851013,0.7588769913165644,2.50280002117157,2.621650005578995,-3.9840599606580844,-2.032518355322763,-30.346819096528655,-16.319444789378718,-18.96116438149148,1
HK.02178,489,0.15199999511241913,0.16200000047683716,-6.1728427993726065,2.14357052607315,8238958.6,1252321.6669314236,13.441468047215736,0.2037000000476837,0.1292299997061491,-26.92308078062597,-45.71428769097036,192.30767687749614,203.99998569488548,26.666665424903208,0
HK.02179,488,4.690000057220459,4.710000038146973,-0.42462804170978624,0.0,64350.0,301801.50368213654,2.943678329881764,4.964000034332275,5.48625,-6.19999885559082,3.3039668860747793,-14.571944394357722,32.11267944272376,-44.82352873858284,0
HK.02180,488,5.480000019073486,5.449999809265137,0.5504625845554801,3.212348769294952,32237.5,176661.50061488152,2.827381804616209,5.341000022888184,5.318374488353729,5.182341246633539,-0.3636360168457031,11.83673290648299,5.384619616898009,73.92665032086492,1
HK.02181,488,0.41999998688697815,0.4399999976158142,-4.545457008456409,0.789736279401283,726300.0,305045.99047601223,6.782846140786439,0.43439999759197234,0.5336999958753585,4.999995157122685,-31.147544747941737,-27.586207073735576,-16.00000262260437,-15.151518617962168,0
HK.02182,487,0.3199999928474426,0.32499998807907104,-1.5384601277006635,0.0,44400.0,14207.999682426453,1.2969458721074278,0.3340000003576279,0.3586250007152557,-8.571429057997108,-15.789474509759632,-25.581398250090825,-15.789474509759632,-11.111116630059483,0
HK.02185,489,2.0,1.8700000047683716,6.951871385034083,21.433295256417964,513370.0,1026740.0,7.350370375530282,3.442000014781952,5.5104499918222425,-33.774834018826226,-51.92307515962583,-66.21621665160441,-66.3865535443267,-45.94594664256706,1
HK.02186,489,1.8799999952316284,1.7799999713897705,5.617978957818797,1.6755297387797337,50803863.8,95511263.7017483,5.474097909046034,2.2767999958992005,2.8118000024557115,-13.364058565269557,-20.33897971189134,-34.72222498169641,-32.12996360372525,-44.86803671813828,1
HK.02187,489,0.5899999737739563,0.5899999737739563,0.0,0.3310344827586207,615900.0,363380.9838473797,4.164365096612924,0.7107999920845032,0.633949997574091,-16.9014096331015,-33.707867049761575,29.670320169287667,13.461537579812916,17.99999475479126,0
HK.02188,489,0.11999999731779099,0.12300000339746475,-2.439029265698055,0.14274385408406026,127000.0,15239.999659359455,3.508822691531302,0.13099999904632567,0.18320500046014787,-6.250006548361542,-22.580647487173948,-42.307694787545266,-36.17021200707076,-56.363638284777764,0
HK.02189,489,0.4650000035762787,0.46000000834465027,1.086955465418649,8.697846980099271,260654.15,121204.18068217188,1.1559219113729873,0.4659000015258789,0.4517111088335514,2.1978000384744694,4.494384505685279,3.3333368654605247,3.3333368654605247,6.951184620558264,1
HK.02190,489,18.530000686645508,17.350000381469727,6.8011543471552525,0.7593781908918484,575778.3,10669172.294355584,4.231787132297957,20.74639633178711,22.934800767898558,-7.53493093761219,-19.160873992720447,-14.751464024232028,-17.742635786510412,-3.1266621183497065,1
HK.02192,489,6.840000152587891,6.480000019073486,5.555557599610584,1.9274595756777486,1386793.7,9485669.119607925,3.41207917893511,7.780486097335816,9.754696819782257,-7.940776438519228,-14.346766701685452,-28.695217503516396,-28.98536618885346,-58.64201254095717,1
HK.02193,489,0.26499998569488525,0.24899999797344208,6.425697932395047,1.402805611222445,106800.0,28301.998472213745,3.4027940584931664,0.34804000169038773,0.26417999997735025,-35.36585658380918,-5.357148369051949,18.30356139072001,9.504126913560027,11.344529239145475,2
HK.02195,489,0.2849999964237213,0.27000001072883606,5.555550036607185,1.1508425811755034,128650.0,36665.24953991175,6.525471967385736,0.3403000032901764,0.425049998909235,-3.389827426361236,-26.92307515962583,-36.66666578363487,-40.0,-33.720932166727216,1
HK.02196,489,15.65999984741211,15.0600004196167,3.9840598345128138,2.087365366648646,3119115.75,48845352.16906071,3.2570805008500257,17.6975998878479,20.889649958610534,-7.990602666119191,-15.942026017956515,-29.712749709210673,-21.50376316524637,0.4152869580840308,1
HK.02197,489,1.7300000190734863,1.6100000143051147,7.453416379015641,0.6949038609168648,5195287.35,8987847.21459224,10.460148115575565,2.3202000069618225,2.3511499989032747,-11.282052473360391,-18.396221110301887,-34.46969885115664,-27.004215079724357,552.8302311175848,1
HK.02198,489,2.7200000286102295,2.869999885559082,-5.226476060281524,0.5072738770519695,6192401.25,16843331.57716602,8.311621689165928,4.1697299718856815,3.615442328453064,-19.526629097166712,-40.22756838971067,-8.757973525312698,-11.964569783382121,55.67848472397704,0
HK.02199,489,1.7300000190734863,1.7599999904632568,-1.7045438382004816,1.6003599075655899,201429.6,348473.21184196474,2.798234591207787,1.8435751295089722,2.058251739740372,1.7647041498996467,-15.517482266712554,-20.44248264017756,-26.688734368500715,7.263488655554761,0
HK.02202,489,2.2100000381469727,2.200000047683716,0.45454501120513113,0.8101235142983697,22349774.35,49393002.166076235,4.929564981489136,2.7852000045776366,3.7232000029087065,-18.45018424213333,-29.841270754336684,-40.591397280913036,-34.42136162623833,-55.08130073421291,1
HK.02203,489,0.18000000715255737,0.17399999499320984,3.448282949422888,0.29910269192422734,492000.0,88560.00351905823,4.882283676640657,0.19067999958992005,0.2043699998408556,-2.1739093463565164,-3.225804901023846,-10.447759866236506,-12.195117696277553,-10.447759866236506,1
HK.02205,488,0.949999988079071,0.949999988079071,0.0,0.0,500.0,474.9999940395355,0.05050500185316257,1.0401999950408936,0.9695250006020069,-7.766988886684739,-13.636366591965793,37.68115816835444,-26.92307515962583,48.43750145519156,0
HK.02208,489,9.75,9.9399995803833,-1.9114646720736996,1.0411432104649372,23390341.3,228055827.675,4.818335871423832,13.845987930297852,13.526982932090759,-27.374772185197877,-35.92716480028097,-24.966703825102442,-38.613322298047116,38.99843947181872,0
HK.02209,489,2.369999885559082,2.4000000953674316,-1.2500086923436844,1.2357993904128568,742200.0,1759013.9150619507,5.807152619453089,2.874938955307007,3.928286463022232,-11.930738161371096,-22.97391287098516,-40.50527513310227,-40.360865808678284,-53.88210130043149,0
HK.02210,489,1.7999999523162842,1.7999999523162842,0.0,0.7048458149779736,91800.0,165239.9956226349,2.1510535176957313,2.259909038543701,2.4841130447387694,-21.397380685554417,-28.24003988276596,-27.690150627900394,-31.12091467191929,-40.086132839764076,0
HK.02211,489,0.44999998807907104,0.4449999928474426,1.1235944521335182,0.25816879259129827,250312.5,112640.62201604247,5.4638195538713115,0.5223999935388565,1.258399995714426,-9.090912374911527,-18.181822122621057,-76.31578980390385,-73.05389223694097,-54.54545618745576,1
HK.02212,488,0.15399999916553497,0.15399999916553497,0.0,0.0,52800.0,8131.199955940247,2.0642857875244074,0.15394000142812728,0.17282499983906746,2.666662030750035,-3.749998370185458,-28.03738408863768,-18.947367843168255,53.99999687075619,0
HK.02215,489,0.16099999845027924,0.17000000178813934,-5.294119554819925,8.034188034188034,24600.0,3960.599961876869,1.382187986380969,0.2246999990940094,0.32776999674737456,-24.766356409173905,-38.07692140164454,-56.48648746610993,-44.48275755758657,-79.62025391427086,0
HK.02216,489,0.5899999737739563,0.6299999952316284,-6.349209803242228,1.387229942472752,591174.75,348793.0869958252,12.4656643283322,0.9553999984264374,1.9586500015854835,-40.40404362722798,-53.174604901621116,-75.81967377303842,-75.0,-73.42342494728211,0
HK.02218,489,17.5,20.520000457763672,-14.717350830375178,0.9144856599178992,4762112.2,83336963.5,12.070805353012078,18.27352066040039,15.857849731445313,3.5502981953434287,23.46119910645431,36.28832869719844,31.564474018639054,2.3127486927721574,0
HK.02219,489,2.3499999046325684,2.3399999141693115,0.4273500354724066,2.1164681775667633,350603.2,823917.4865638734,3.058091960633652,2.599677758216858,2.4755528020858764,-8.914729685073075,1.1666800951868248,-4.137937071098455,-5.552878421566485,-5.552878421566485,1
HK.02221,489,0.75,0.699999988079071,7.142858967489158,0.17117425539198905,117840.0,88380.0,9.031346790752098,0.830200001001358,0.9481999993324279,-3.8461503192516595,-23.469389244597508,-18.47826234841389,-25.742573556263366,0.0,1
HK.02222,489,0.6600000262260437,0.6600000262260437,0.0,0.7212657049790601,44530.0,29389.801167845726,0.4557114189285832,0.6418000054359436,0.6901500022411347,6.451616314521787,-4.347821955569661,-2.9411736347271384,1.53846929764635,-15.384608918628043,0
HK.02223,488,0.8500000238418579,0.8500000238418579,0.0,0.0,53000.0,45050.00126361847,1.3085890665208744,0.971599998474121,0.7441249988973141,-17.47572354832594,1.1904821881092846,37.09677698460874,8.974366028163349,226.92309808449002,0
HK.02225,489,3.5,3.4000000953674316,2.941173583166078,0.7508020036041593,5073783.1,17758240.849999998,9.03314910631403,3.8296000003814696,2.0641499987244605,24.113478115414377,72.41379553339816,194.11763291634793,182.25806234530432,157.35293846951225,1
HK.02226,489,0.6100000143051147,0.5099999904632568,19.60784817878589,0.07897334649555775,25275.0,15417.750361561775,6.227157755439309,0.6424000012874603,0.5173249973356724,-23.74999934807421,52.50000130385158,15.094348534692829,22.00000286102295,-19.736839215841286,1
HK.02227,488,0.3199999928474426,0.3199999928474426,0.0,0.0,302000.0,96639.99783992767,5.435359717842761,0.3009999996423721,0.2000850000604987,10.344828294942289,50.234738762355725,102.53163172140188,119.17808051403699,247.82607850595775,0
HK.02228,489,7.739999771118164,6.75,14.666663275824654,2.4254815682143205,66994778.2,518539567.9341122,5.911977539270441,8.173599996566772,10.163550007343293,-6.0679613335978315,-18.52631819875617,-18.181820931215583,-22.522523038538182,30.08403393670199,1
HK.02230,489,0.21199999749660492,0.21799999475479126,-2.7522923864907436,4.577284372331341,351750.0,74570.99911943078,1.7892117470291675,0.23225999921560286,0.23585368283092975,-4.504506862857232,-5.357146896041653,-5.543027312234364,-8.620688104813743,-28.54230219984217,0
HK.02231,489,0.017000000923871994,0.017999999225139618,-5.5555463573075095,1.059352380952381,3160350.0,53725.952919758856,9.372911992335567,0.029279999993741514,0.09437000020407141,-39.28571286022059,-54.0540521492307,-81.52173816214099,-78.48101247915605,-91.49999966472387,0
HK.02232,489,5.71999979019165,5.550000190734863,3.063055740801296,1.1099794420083595,2292644.75,13113927.488983989,3.4905505259767073,5.927135400772094,6.4753981518745425,-1.4135451179988339,-5.638681779107979,-14.586733878673764,-9.927829386736004,29.60008824601537,1
HK.02233,489,1.440000057220459,1.3799999952316284,4.347830593924006,0.9565255582663269,42757776.8,61571201.03861961,6.365660727775009,2.1303419351577757,2.6873026406764984,-32.53667352008268,-32.22720847663999,-49.40250655297152,-52.64593048331226,9.440511068040118,1
HK.02235,489,7.119999885559082,7.050000190734863,0.9929034458213578,0.43808745402533716,52525.0,373977.9939889908,2.872666524909804,7.627399997711182,7.4860999870300295,-2.997278780045288,1.7142840794154575,4.5521284197399385,-8.010334675623813,11.424100693682416,1
HK.02236,489,0.5199999809265137,0.5,3.9999961853027344,0.2726944179781187,296520.0,154190.39434432983,6.080498285986038,0.5499999970197678,0.47204999923706054,1.960782480441495,-16.129035979478314,42.46574447669083,42.46574447669083,35.06493345644402,1
HK.02237,489,0.20000000298023224,0.20000000298023224,0.0,1.0744435917114352,460550.0,92110.00137254596,4.361202702758292,0.276280001103878,0.3348200006037951,-27.27272776532763,-40.29850806019357,-42.857141032510846,-45.205480067227505,-42.857141032510846,0
HK.02238,489,2.0899999141693115,2.0899999141693115,0.0,1.0822059286212604,16594836.85,34683207.59215373,3.492320986770372,2.642400007247925,3.326350002288818,-18.99224899328214,-36.28048986586556,-46.95431766963633,-47.22222489807606,-25.357144651364337,0
HK.02239,489,1.2200000286102295,1.25,-2.3999977111816406,0.04046535154274153,183850.0,224297.0052599907,8.066981251442408,1.12709512591362,0.9047380959987641,-31.8538608158611,44.30946725674935,53.32880423077807,47.78680846203178,20.257895033083518,0
HK.02245,489,13.0600004196167,11.880000114440918,9.93266240579757,1.37545931983028,6734998.35,87959081.27711777,9.013824290055055,12.32745496749878,18.558686418533327,24.26260832732788,-31.73069704127534,-16.50043971035395,-44.05327602265224,33.00744845044667,2
HK.02246,489,1.1699999570846558,1.1100000143051147,5.405400180747055,0.5865798727295662,63346.45,74115.34378146529,3.3423320039886475,1.6925999975204469,2.3911000019311905,-30.35714323727453,-42.07920949840743,-51.04602904895831,-45.581399758742585,-69.53125043655747,1
HK.02250,489,0.29499998688697815,0.33000001311302185,-10.606068131899294,0.07142857142857142,563900.0,166350.49260556698,12.276975151980212,0.5323000049591065,0.8621750012040138,-43.269231210093544,-50.83333747254461,-71.07843211732065,-68.94736941171156,-64.88095284555776,0
HK.02251,489,11.149999618530273,11.239999771118164,-0.8007131176207963,0.6611335781131855,75425.3,840992.0662275314,8.17911472183306,11.424199962615967,12.165199999809266,9.206655992862295,-0.44643028202108453,-1.327438669669925,-10.369774962751887,-3.546719603839083,0
HK.02252,489,23.520000457763672,21.799999237060547,7.889914132561435,1.2174012713200766,5681726.35,133634206.35288791,6.646714194582312,27.179999961853028,26.341099977493286,-7.182319194415427,-2.163063385857883,13.623186429408477,-3.7643210155086018,47.55333172473082,1
HK.02255,489,0.3449999988079071,0.33500000834465027,2.985071705720311,0.2497434319927311,95397535.45,32912149.616527278,7.418479648801806,0.39670000076293943,0.5583250007033348,-6.7567582806154425,-30.303031215253203,-21.590908936971477,-25.000001619691403,-50.71428504525397,1
HK.02256,489,10.420000076293945,9.359999656677246,11.324791223261585,2.1850873044087815,2156045.5,22465994.274493217,6.554714013435792,10.82400001525879,13.439299974441528,6.871795654296875,-14.59016197376817,-23.88604532008174,-19.969280261579232,1.7578155195224776,1
HK.02257,489,4.849999904632568,4.599999904632568,5.434782721369841,0.15057039315123602,141085.05,684262.4790450811,13.51398300002225,5.779000005722046,8.63325004339218,-18.074326991077026,-17.0940173726859,-41.566267552059415,-39.375001192092896,18.872548905027596,1
HK.02258,489,0.3149999976158142,0.30390000343322754,3.6525153199037543,0.026353904860243298,4635395.0,1460149.413948357,21.258556976184988,0.26377565681934356,0.2222015792876482,54.01199381250299,58.49777465870103,48.41155354540327,41.95887513768256,67.43868996143712,1
HK.02259,180,93.0,93.75,-0.8,0.6788775879933776,9605983.75,893356488.75,5.801646916090655,136.2268507385254,,-27.443123573453974,-46.560895225090334,-33.68127503131856,-36.24237164625988,,0
HK.02260,488,1.350000023841858,1.350000023841858,0.0,0.0,1400.0,1890.000033378601,0.034965002902287816,1.342000000476837,1.2985999995470048,-5.59440046436605,10.65573706418013,16.379315748934953,16.379315748934953,2.2727250149756664,0
HK.02262,488,0.5299999713897705,0.6000000238418579,-11.666674945089223,0.0,9400.0,4981.999731063843,2.1666655644537816,0.7121999931335449,0.8726499980688095,-24.285717083483373,-33.750004563480545,-39.08046339254015,-33.750004563480545,-60.15037937682942,0
HK.02263,489,0.35499998927116394,0.3499999940395355,1.4285700905079517,0.2572347266881029,584500.0,207497.49372899532,7.390434261195636,0.35369999945163727,0.28903999738395214,2.898547970379774,24.561401307307644,18.333325054910777,22.413792926264428,112.57484933765676,2
HK.02265,489,1.1799999475479126,1.2100000381469727,-2.479346252335911,0.8825786646201075,653750.0,771424.9657094479,8.514287524579906,1.3745999932289124,1.2286499863862992,-9.230769936149668,-30.58824032648198,11.320755777939622,8.256872606723206,10.28036352369719,0
HK.02266,489,0.375,0.3799999952316284,-1.31578823536055,1.9811320754716981,23300.0,8737.5,1.654600644147609,0.3709345281124115,0.35299464538693426,3.838065949475079,-7.287436744582212,14.527281539480242,14.527281539480242,35.062752613820116,0
HK.02268,489,58.29999923706055,55.0,5.999998612837358,1.5431834752941185,6209413.7,362008813.9725933,6.226719176199859,54.42639999389648,63.38335008621216,6.193073983028836,10.103868549640593,-17.422095613173695,-4.971474022688216,41.50484989675781,1
HK.02269,489,35.279998779296875,33.040000915527344,6.779654363498613,1.3011622131676968,33348358.05,1176530031.295555,5.0417636865332165,32.977600021362306,35.26409999847412,5.818832087073039,4.316969537690721,5.376341880739209,8.420398852730415,41.971823894234795,1
HK.02270,489,3.9000000953674316,4.099999904632568,-4.878044241882981,0.7692307692307693,2700.0,10530.000257492065,0.08654475387372244,4.182599992752075,3.8381000244617463,-10.55045926744472,1.8276807586367287,-2.9850717942397833,-1.7632224871117343,174.64790234038904,0
HK.02271,489,3.4700000286102295,3.569999933242798,-2.801117829202136,0.021113435495089608,846816.95,2938454.8407276273,7.626460467717834,2.918069911003113,2.6746498638391496,29.1903065694882,31.62786327130023,66.89658438593793,82.62505156401701,267.1724751229465,0
HK.02272,2,115.0999984741211,120.19999694824219,-4.242927290852712,,,,,,,,,,-4.242927290852712,,0
HK.02273,489,25.899999618530273,25.139999389648438,3.023071787323794,1.4439291069353692,928536.05,24049083.34079161,3.459311983299572,27.134276847839356,28.363237857818604,-4.675124632924658,0.36090300917323787,-4.469686299764506,-8.29089523474025,-21.480298400168753,1
HK.02276,489,32.0,31.799999237060547,0.6289332318799776,0.7799464477500818,2151272.1,68840707.2,4.5792671337981234,42.907741165161134,48.97748998641968,-23.82434374997162,-39.940609376776486,-35.61633679210542,-40.4956872076206,-12.353169810216782,1
HK.02279,489,2.0999999046325684,2.069999933242798,1.449274026921029,0.42134188229906117,207800.0,436379.9801826477,4.053741482748713,2.0700106859207152,1.9299829888343811,1.449274026921029,21.260687187737524,32.28438436738135,28.39365838935894,88.16314109750036,3
HK.02280,488,0.20600000023841858,0.20600000023841858,0.0,,0.0,0.0,0.0,0.20600000023841858,0.21144000001251698,0.0,0.0,11.351350045186765,7.85340346813215,20.46783370931896,0
HK.02281,489,0.6700000166893005,0.6700000166893005,0.0,8.596491228070175,32150.0,21540.500536561012,1.4590510315155958,0.6887999987602234,0.744949999153614,-2.898547970379774,-19.277104799832877,-9.459458370988969,-9.459458370988969,7.028748670083365,0
HK.02282,489,10.119999885559082,9.90999984741211,2.1190720623654893,0.5020106584692547,9304007.4,94156553.82324086,3.552733362046355,10.719033870697022,12.946976842880249,-5.860466180845749,-7.425032047428974,-35.5454612820463,-19.530991285093283,-5.196457397817129,1
HK.02283,489,2.0,1.940000057220459,3.092780464424631,0.24658268560707586,357800.0,715600.0,2.1907093734427794,2.1382773399353026,2.276072167158127,-5.660372265889812,-9.448203009581949,-16.168846171988115,-15.840097340707725,1.0595728181258917,1
HK.02285,489,16.6200008392334,16.690000534057617,-0.4194109801337475,0.5915417134006573,1140037.8,18947429.192757796,5.302815206128429,16.35944272994995,19.642190790176393,2.719409924342625,-17.509242460904854,-16.866665598123028,-12.612142341947694,12.78459086680419,0
HK.02286,488,0.14100000262260437,0.14100000262260437,0.0,0.0,1100.0,155.1000028848648,0.21276638467188383,0.16520000129938125,0.1980549994111061,-29.499999739229683,-16.071425878829253,-40.756302784075295,-40.756302784075295,-21.66666832235118,0
HK.02288,488,0.14499999582767487,0.14499999582767487,0.0,0.0,33881.1,4912.759358637035,2.9569486759000028,0.1551400002837181,0.14948999993503093,-8.22785496568442,-2.0270311087913626,3.571425150243618,-10.493829999459143,-11.04294871120956,0
HK.02289,489,7.300000190734863,6.75,8.148150973849827,17.5,375.0,2737.5000715255737,0.24657542747143713,5.689093236923218,5.746331405639649,33.45521884341966,33.52700254176663,24.92622158812025,6.12747614382866,10.827412399657467,3
HK.02290,16,2.430000066757202,2.2100000381469727,9.954752253972527,,,,,,,,,,-13.523127535954965,,1
HK.02291,489,10.0600004196167,9.960000038146973,1.0040198904289495,1.3424765539077599,2647742.1,26636286.6370368,7.77450473019147,10.449242897033692,15.151783962249755,4.682630374776156,-27.43196735115287,-36.290238221091826,-35.59311447261628,-50.490966024276275,1
HK.02293,489,0.375,0.375,0.0,2.2222222222222223,20000.0,7500.0,2.691151360908922,0.39519999742507933,0.4725352926552296,-6.2500013969838415,-18.47826234841389,-26.470586860331117,-25.0,-21.94673632352476,0
HK.02295,488,1.899999976158142,1.899999976158142,0.0,0.0,5000.0,9499.99988079071,3.4685632488403493,2.12460001707077,3.5887500041723253,-2.564106169380135,-49.868074003114664,-54.65393913577762,-51.89873536147667,-72.46376884206455,0
HK.02297,489,0.24400000274181366,0.23899999260902405,2.092054513561865,0.012113870381586917,625200.0,152548.8017141819,7.684954879706216,0.23779999881982802,0.2772749986499548,9.417039190119903,-15.862065599024127,-15.862065599024127,-4.313722625689836,19.607846717887707,2
HK.02298,489,0.3400000035762787,0.3449999988079071,-1.449273985189887,0.9340214099884847,1169950.0,397783.00418406725,4.601648040234304,0.387777778506279,0.3370994460582733,-2.516730480564838,11.191868695724128,16.660311375521218,9.481220457914029,46.42549887766403,0
HK.02299,489,5.110000133514404,5.599999904632568,-8.749996061835903,1.0526315789473684,16000.0,81760.00213623047,0.7639639811817789,5.002997131347656,4.657495512962341,2.200002670288086,14.11221503483919,12.390705227501979,7.082723049224223,15.887295114542072,0
HK.02302,489,4.03000020980835,3.8499999046325684,4.675332717779895,1.3552900850720773,904045.0,3643301.5396761894,7.529291623798463,4.874000005722046,5.61720000743866,-4.502359948569381,-36.635218157118885,-14.255311205247562,-20.355726178237774,3.0690568118534154,1
HK.02306,489,1.8700000047683716,1.909999966621399,-2.0942388770709415,0.07585335018963338,187850.0,351279.5008957386,3.0893306925273523,1.9643999934196472,2.208949994444847,-6.030150964487014,-5.555556224519015,-20.762708140186493,-26.66666510837527,-52.051283101515075,0
HK.02307,489,0.13899999856948853,0.1469999998807907,-5.442177767203923,0.19486271036315322,225000.0,31274.99967813492,2.884017002010499,0.20477999925613402,0.22545499928295612,-33.809522424155034,-35.9446989735297,-30.500001750886412,-47.547167519650415,-8.552629579570587,0
HK.02309,489,2.130000114440918,2.2100000381469727,-3.61990598756426,1.0049322364318185,2849568.8,6069581.870107269,13.597178087021252,2.41060001373291,2.1815500015020373,-7.391297452165717,8.67347311149377,6.500005722045898,1.42858148432148,-13.41463083694224,0
HK.02310,489,0.14399999380111694,0.14399999380111694,0.0,0.022211116663890276,1046250.0,150659.9935144186,10.724824154025763,0.11999999970197678,0.06745999988168477,-29.4117664245861,79.99999627470962,364.5161166275451,323.529370515819,323.529370515819,0
HK.02313,489,40.099998474121094,40.2599983215332,-0.39741642842178876,0.9787961872553945,6293965.2,252387994.91617128,2.9427538873871018,44.65707542419434,56.332814655303956,-11.39981723638557,-24.18764757554209,-32.85191254987572,-33.66418863851279,-21.173920591077078,0
HK.02314,489,2.859999895095825,2.8299999237060547,1.0600696889943286,0.7154722516935437,5328018.4,15238132.065068627,4.151517157585988,3.1275068950653075,3.1132143211364744,-5.610563627034338,-18.300955090179656,2.123802659608069,1.4194930694716708,36.10905645292964,1
HK.02315,489,46.880001068115234,40.5,15.753089057074654,2.848793804331804,1631002.5,76461398.94209862,9.050235407504994,48.366799926757814,40.4693000125885,-5.139613911248927,-9.498066103107734,73.62963358561197,34.94530455700375,115.04588398525286,1
HK.02317,488,0.7200000286102295,0.7099999785423279,1.4084577986089954,0.0,22200.0,15984.000635147095,1.6959478561811854,0.7343857955932617,0.647538797557354,-2.17431338729367,18.576585759653714,20.40085256223178,18.576585759653714,34.932696715664065,1
HK.02318,489,51.900001525878906,50.54999923706055,2.670627713538342,0.9964882951737002,43621655.5,2263963987.011364,3.1058188255344352,58.32634223937988,59.249227657318116,-10.58463980859912,-13.046278708130837,-12.692810723429934,-19.619880885029616,16.235335889861187,1
HK.02319,489,16.81999969482422,16.649999618530273,1.021021502635635,1.2825258759324412,25290243.7,425381891.3160301,3.4652425415026507,16.346889686584472,15.242526097297668,2.927397311277817,7.689610774280515,22.587675110251805,16.92219613719603,3.9076523473980918,6
HK.02320,488,0.07199999690055847,0.07199999690055847,0.0,0.0,93700.0,6746.399709582329,1.979751492683481,0.06859999969601631,0.07642999980598689,19.99999751647308,0.0,0.0,-14.285716819925407,-20.000006622738045,0
HK.02321,489,0.5,0.5,0.0,1.0551558752997603,100750.0,50375.0,0.7553251116253666,0.5045999979972839,0.46082499653100967,0.0,-1.960782480441495,28.205132907664453,24.99999813735488,30.58898399544684,0
HK.02322,489,0.08399999886751175,0.08799999952316284,-4.545455315142628,1.3140949201049368,3538000.0,297191.99599325657,7.221698945786133,0.09537999972701072,0.11123999990522862,-9.677422714448333,-15.151515835682336,-19.230771986161407,-35.38461388568195,-80.23529493849993,0
HK.02323,488,0.01899999938905239,0.01899999938905239,0.0,,0.0,0.0,0.0,0.01899999938905239,0.01899999938905239,0.0,0.0,0.0,0.0,0.0,0
HK.02325,489,0.6899999976158142,0.6600000262260437,4.545450029951333,0.9213051823416507,134600.0,92873.99967908859,5.464566713203093,0.7650000023841858,0.9706000009179115,-11.538458599376382,-15.853658093362244,-28.865981725339346,-30.303031215253203,-80.72625663909182,1
HK.02326,489,0.009999999776482582,0.009999999776482582,0.0,0.1179245283018868,846500.0,8464.999810792506,0.5000000931322596,0.009999999776482582,0.010284999823197723,0.0,0.0,0.0,0.0,0.0,0
HK.02327,488,0.2549999952316284,0.2549999952316284,0.0,0.0,412800.0,105263.99803161621,2.3400622127357376,0.2791399964690208,0.27193993523716925,-10.526316339839756,0.0,-12.068964631322139,-10.526316339839756,-11.674873918282035,0
HK.02328,489,14.5,14.359999656677246,0.9749327762529245,1.0069779218950907,43353939.8,628632127.0999999,3.3714184109231202,14.724600048065186,16.367299218177795,-0.34364391807157746,-4.79316851068754,-13.381121874224142,-12.280705398188722,2.8836877575373716,2
HK.02329,488,0.09600000083446503,0.09000000357627869,6.666663355297644,0.0,164161.1,15759.465736986698,11.20430949775049,0.10034000024199485,0.12515500023961068,3.225804901023846,-22.580643223053922,-11.926602619924958,-33.33332988399032,113.33332671059529,1
HK.02330,488,0.30000001192092896,0.30000001192092896,0.0,0.6354970494779846,267560.0,80268.00318956375,5.557726719483034,0.34689999997615817,0.27334000043570994,-4.761900256640573,1.6949238156632322,87.50001164153244,42.857152993987526,172.72728504228206,0
HK.02331,489,15.130000114440918,14.920000076293945,1.4075069508922926,0.8242367286117638,24716775.7,373964819.1696105,4.171169467036684,18.23424835205078,18.704655284881593,-15.604552398577024,-28.35834152860838,-10.956680989969197,-17.241526269851917,5.064869545684044,1
HK.02333,489,9.130000114440918,9.09000015258789,0.44004357735505095,0.8864371244738241,17445167.8,159274384.01044104,3.619614103318318,11.157799968719482,13.83394998073578,-12.295866971500438,-29.059827539817384,-38.51851932722099,-39.61640090248371,-21.598949203877314,1
HK.02335,4,38.540000915527344,39.52000045776367,-2.479755897988124,,,,,,,,,,4.444442606589771,,0
HK.02336,489,0.1899999976158142,0.18299999833106995,3.8251362560563447,3.194229778464709,112550.0,21384.49973165989,1.0173560807144018,0.1857000008225441,0.21990999899804592,13.095238200830225,-22.13114939311663,-29.629633308928543,-25.490195620110374,131.70730776548552,3
HK.02337,489,1.3200000524520874,1.309999942779541,0.7633671839197399,0.8563881551508411,357350.0,471702.01874375343,7.005911650766475,1.220799994468689,1.5474499988555908,4.76190971769537,-18.518515520571142,-21.893490665137026,-23.699419774629675,-28.956284582839892,2
HK.02338,489,33.720001220703125,35.959999084472656,-6.229137710786958,1.2662560822387878,21179840.25,714184239.0842972,5.984723448868116,38.430799865722655,25.978098454475404,-19.020168792111456,25.914863166969283,70.04539258919547,77.66070618529662,114.7773413750652,0
HK.02339,489,5.300000190734863,5.889999866485596,-10.016972650676296,0.9735339094059574,3818919.05,20240271.693401,7.463590230897839,6.132599973678589,3.696149991452694,-25.561793877491155,15.468409902920529,129.43724337748515,43.631439256051344,1556.2500966247192,0
HK.02340,488,0.15800000727176666,0.14000000059604645,12.85714757077546,7.292450035322804,85354.75,13486.051120679826,4.022898187331283,0.15488000005483626,0.16632000029087066,8.965525391836321,-9.714280021433831,-2.469131600800468,-5.952375355998059,-10.734459709575528,1
HK.02342,489,0.9900000095367432,0.9900000095367432,0.0,0.52521263817226,7237627.55,7165251.343523395,5.314867633289542,1.350199999809265,2.1913409352302553,-23.255810944780777,-41.76470695482403,-61.17646948826489,-60.240963624697756,-43.9369058792341,0
HK.02343,489,2.799999952316284,2.819999933242798,-0.7092191985804456,0.6749350896451647,13253883.85,37110874.14800557,3.7580836959311963,3.1079448890686034,2.7865602731704713,-11.111115316024195,-1.1699910848044304,16.10517279714278,21.024892127655562,39.638475369444656,0
HK.02347,489,0.7099999785423279,0.7099999785423279,0.0,1.2049433573635426,185100.0,131420.9960281849,5.573835852816787,0.7449999928474427,0.6976198944449424,-8.974358386541944,4.411760452090707,0.7394037055432782,4.411760452090707,7.18054647774585,0
HK.02348,489,0.9900000095367432,1.0,-0.9999990463256836,0.5653499962805921,68515.0,67829.85065340996,0.6815942182216362,1.063181800842285,1.1175180733203889,-5.714280524221172,-8.391932837180818,-14.448666812192931,-14.448666812192931,-15.470573410640906,0
HK.02349,489,0.05999999865889549,0.054999999701976776,9.090907243657693,17.517815652824776,2209980.0,132598.79703618586,5.080167256318061,0.08514000028371811,0.08067000020295381,-18.918921776153955,-43.92523530430434,-4.761908422431829,-20.000004967053535,-1.639347566099932,1
HK.02350,489,0.6600000262260437,0.7300000190734863,-9.589039865544988,3.087192775411496,2127022.7,1403835.0377833904,10.011720205234461,0.8037151801586151,0.7527037930488586,-18.518515520571142,-26.666661809991776,29.411772268178833,-22.352940268995052,62.962968958857715,0
HK.02352,488,4.519999980926514,4.519999980926514,0.0,0.0,50.0,225.99999904632568,0.2848101202152809,4.4799999380111695,5.553249944448471,0.8928562875609045,-3.829783737092677,-32.53731179699433,-24.79201649269384,-33.136097220603766,0
HK.02355,489,3.369999885559082,3.359999895095825,0.2976187730795046,0.3227433182047403,195700.0,659508.9776039124,2.992612043812514,3.896612639427185,3.9607366240024566,-16.016322351589842,-14.145391314150713,-13.718255156878381,-13.286847650086997,-18.76988254657507,1
HK.02356,489,11.880000114440918,12.010000228881836,-1.0824322394956467,0.515541057956281,1281063.6,15219035.714606095,3.0482291305659848,12.519445571899414,11.185361008644104,-8.125421497726345,4.466519864943309,14.7578305322703,14.016087171889021,51.367005554197675,0
HK.02357,489,2.9100000858306885,2.809999942779541,3.558724024464971,0.8008406931845259,22828044.25,66429610.726846755,2.9743804345585634,3.2418910312652587,3.7587427055835723,-7.028754650685563,-16.316821913382665,-23.218530633135376,-29.737704238559964,-28.558246151674137,1
HK.02358,489,0.012000000104308128,0.012000000104308128,0.0,0.03615150768219538,6078000.0,72936.0006339848,5.171911833401669,0.012240000143647194,0.011830000043846666,0.0,0.0,20.000003725290384,9.090910630285256,20.000003725290384,0
HK.02359,489,152.89999389648438,145.39999389648438,5.158184535646904,1.8286482623865565,7314780.65,1118429916.7391222,5.0349300562387915,129.63473098754883,114.53784152984619,17.344581976524886,44.78037653040156,47.53810621040292,53.38119415931896,107.53177815816643,4
HK.02360,489,1.5800000429153442,1.590000033378601,-0.6289302046118699,0.8626435964617954,277414.55,438315.0009053409,2.005976822650656,1.6419576382637024,1.8496820795536042,-1.863352243678002,-15.3135503740254,-18.61838540337899,-17.816596594169717,5.619517312307821,0
HK.02361,489,5.039999961853027,4.849999904632568,3.917527030031008,2.7586206896551726,800.0,4031.999969482422,1.0415958652316937,4.886770162582398,4.60136911869049,1.6640764062382474,6.535480174111213,-1.2798556713586924,-7.023570885949902,74.07760893349436,2
HK.02362,488,0.6399999856948853,0.6399999856948853,0.0,,0.0,0.0,0.0,0.6399999856948853,0.6399999856948853,0.0,0.0,0.0,0.0,0.0,0
HK.02363,489,0.3050000071525574,0.3100000023841858,-1.6129016752173695,5.738880918220947,6727.5,2051.8875481188297,0.5079364571771983,0.34479999899864194,0.3474499988555908,-19.736839215841286,-4.687495634425334,-11.594200519873441,-18.66666475931803,-21.794867092335547,0
HK.02367,489,26.940000534057617,25.799999237060547,4.41860980894724,1.071500285054489,5042815.2,135853444.18115386,4.606731780476441,27.765657653808592,34.82018701553345,-6.036143335153271,-7.99500406697974,-17.79530282120335,-17.458987557182496,-46.04482426305327,1
HK.02368,489,2.75,2.7100000381469727,1.4760133317333188,0.02976190476190476,200800.0,552200.0,2.21299798686065,2.9095999908447268,3.316871546506882,-2.4822671950315596,-11.290319851608272,-20.28985617416691,-23.18435590486912,-17.540228172567677,1
HK.02369,489,0.6700000166893005,0.699999988079071,-4.285710271523855,0.5822567269984711,803190.0,538137.3134046793,7.220516481911165,0.7669999980926514,0.9204000002145767,-32.999998331069946,6.349209803242228,-49.24242499500811,-28.72340229907797,-9.459458370988969,0
HK.02370,489,1.090000033378601,1.090000033378601,0.0,0.06919006919006919,239650.0,261218.50799918175,5.915645018412206,1.0189999949932098,0.680849997997284,6.862750368730701,3.8095317027469684,175.94936804365716,73.01587962359383,348.5596831976347,0
HK.02371,489,0.21199999749660492,0.21699999272823334,-2.304145345244466,0.3385731559854897,168200.0,35658.39957892895,5.7203491747651345,0.2367599993944168,0.28474500104784967,-11.297069434051386,-16.86274452513797,-29.33333697583926,-33.749999301508055,-45.64102428904647,0
HK.02372,489,1.100000023841858,1.1100000143051147,-0.9009000301245093,7.962264150943396,1138000.0,1251800.0271320343,14.556170713369212,0.590100000500679,0.3746399988979101,80.32786853209006,152.87356731330627,323.0769477652384,292.8571496995128,404.5871790406004,0
HK.02373,489,16.780000686645508,16.0,4.875004291534424,0.44589720748200684,521409.85,8749257.64102373,5.81028664226852,19.031800079345704,25.585449991226195,-14.080900682612022,-15.76304908444872,-33.09409594222224,-36.34294272339278,-28.03836000594503,1
HK.02376,489,2.369999885559082,2.3499999046325684,0.8510630526872615,8.90625,4625.0,10961.249470710754,0.37985359561564,2.326599998474121,2.7639999824762342,-1.6597592882582415,22.16493895132697,-22.801304980626355,-15.658365344492795,30.806241749357316,1
HK.02377,489,0.8299999833106995,0.8199999928474426,1.219511042741837,0.5260356062981191,90400.6,75032.49649127723,3.173929341730032,0.8679280209541321,0.9275820282101631,-3.9203622534529456,-13.24848248113361,-9.743369469459036,-11.53063288642982,6.373890414738645,2
HK.02378,489,103.19999694824219,103.69999694824219,-0.48216009133496457,1.0721147207798334,163503.55,16873565.861026764,2.53432800544229,112.70999969482422,112.34890937805176,-8.99471291039532,-7.381493580855936,-7.626943868533982,-13.006408902542645,10.388749261341394,0
HK.02380,489,2.819999933242798,2.7200000286102295,3.676467043408923,0.7808715217123523,34688026.45,97820232.27332442,3.4106647140760455,3.213528242111206,3.159803488254547,-19.918828349616977,-9.726674452031967,-11.338699814236046,-9.1762290779979,-3.59159100315978,1
HK.02381,489,0.3050000071525574,0.29499998688697815,3.3898375288438505,0.5410092867462293,5458515.0,1664847.1140423417,10.169703672821115,0.20101396799087523,0.15818784553557635,29.133071982579196,127.88187312846584,134.7873955250666,81.23939486054897,245.5524910240478,3
HK.02382,489,59.400001525878906,60.900001525878906,-2.463054125479108,1.4874304144384751,24447389.6,1452174979.5437562,7.655081428258324,69.63998756408691,67.49966365814208,-28.061502298182013,10.715267936091347,-9.686192318159073,-11.281140489168182,-7.892331535112626,0
HK.02383,489,0.3799999952316284,0.3799999952316284,0.0,0.3815580286168522,61100.0,23217.999708652496,2.8268175521907697,0.3888000005483627,0.41237500324845316,-1.2987000923330156,-3.797472174628627,-9.523807834335413,-8.433734247587214,-15.555554378179826,0
HK.02385,489,6.199999809265137,5.820000171661377,6.52920320267422,0.8921780244629458,194120.0,1203543.9629745483,4.340010002673287,5.032400007247925,5.842150001525879,19.23076993614967,7.266428792581536,-0.8000030517578125,0.0,-8.689251191495979,6
HK.02386,489,5.03000020980835,4.949999809265137,1.6161697702184261,0.5880455203654092,6246175.5,31418264.075499773,3.7626655889636527,5.648552055358887,6.604425394535065,-5.141124572272118,-18.184223254359427,-27.576627202298944,-31.2833370605677,-13.204225337626546,2
HK.02388,489,43.599998474121094,44.30500030517578,-1.5912466452964409,1.2047690572914687,14884421.1,648960737.2481757,2.38663739702026,44.97490272521973,39.84315980911255,-6.4767826805747415,9.457439797095137,20.187425234328863,12.123156284451486,35.21400989958452,0
HK.02389,489,0.07800000160932541,0.07699999958276749,1.2987039376318668,0.008592910848549946,1268400.0,98935.20204126835,3.769417973411346,0.06922000020742416,0.07093500040471554,18.181821260570512,25.806456264670587,18.181821260570512,20.000006877459263,-3.7037020003245145,1
HK.02390,489,8.029999732971191,7.46999979019165,7.496652724339283,0.7113938692886062,35330.0,283699.8905658722,3.34367044560082,8.277599973678589,9.609000012874603,5.242458879826414,6.92409438403943,-8.333338776679746,-8.853582854646943,-19.052422669222874,1
HK.02391,489,14.140000343322754,14.319999694824219,-1.2569787383900806,0.359504132231405,46220.0,653550.8158683777,5.156405015579497,17.15420000076294,17.804222068786622,-15.68276709988615,-19.153799151715138,-17.10382260693883,-15.824707373656999,-30.28463237750893,0
HK.02392,489,1.0,1.0199999809265137,-1.960782480441495,0.32279757901815737,150925.0,150925.0,11.651725537389845,1.2642000031471252,1.2736499971151352,-21.874998253770134,-26.470589008710782,-6.542060656134582,-10.714286094417377,-7.407411086706321,0
HK.02393,489,0.061000000685453415,0.057999998331069946,5.17241800121984,0.2146690518783542,471750.0,28776.75032336265,5.961203047368595,0.07836000017821788,0.10738000018522144,-10.294121514141969,-40.19607664105615,-46.95652210532153,-39.00000022351742,-56.737588971027286,1
HK.02396,124,4.099999904632568,4.179999828338623,-1.9138738514697822,0.045146726862302484,24320.0,99711.99768066406,5.94289291768166,5.647600002288819,,-17.00405147486021,-45.83884000450759,,-74.40699258753385,,0
HK.02399,489,0.3199999928474426,0.33000001311302185,-3.0303090509739805,0.1856438056980168,4789500.0,1532639.9657428265,6.41792880166608,0.3690000015497208,0.4967750017344952,-3.0303090509739805,-31.914894966153124,-52.23880822739794,-53.6231892821519,25.490195620110374,0
HK.02400,489,44.47999954223633,43.41999816894531,2.4412745693046705,0.9826674322427164,3342051.2,148654435.84613037,4.871395004523978,55.22439987182617,68.72285013198852,-12.527038590033834,-36.45714351109096,-28.431217296567386,-31.987769870868416,-6.75052656016917,1
HK.02402,489,12.90999984741211,13.399999618530273,-3.6567148139360004,1.185779101325781,1337988.4,17273430.03983917,7.493566860452444,16.563999862670897,23.75299991607666,-15.840940554135752,-36.71568583910486,-49.052881729783046,-37.39088592640391,-45.063830436544215,0
HK.02405,488,0.6200000047683716,0.6399999856948853,-3.124997089616889,14.659685863874346,132400.0,82088.0006313324,5.332225943989501,0.6021999955177307,0.9269999986886979,21.568630659227384,-27.90697738890907,-36.734694622298754,-42.592594432242045,-78.69415854015735,0
HK.02407,489,5.010000228881836,4.989999771118164,0.40081079521152263,0.6521739130434783,43065.0,215755.65985679626,5.436716634202303,5.079599962234497,7.147450008392334,5.031451759224225,-4.752851504212666,-44.70198678982187,-37.76397378663309,-22.745503801574042,1
HK.02408,135,3.5799999237060547,3.505499839782715,2.125234269814078,0.546239365064342,746627.5,2672926.3930368423,5.766811396198586,4.031626644134522,,-11.823582428428782,-22.586016264991233,-27.69533555325106,-17.648448634182294,,1
HK.02409,489,4.349999904632568,4.139999866485596,5.072464853126664,2.2613803230543317,37900.0,164864.99638557434,1.5159244457754295,4.391599998474121,4.221649994850159,0.9280733731803988,5.072464853126664,3.8186120579255856,4.06698763816728,1.1627839925551307,2
HK.02410,454,5.730000019073486,5.570000171661377,2.872528590324726,2.37798993324252,2564529.2,14694752.364914514,7.745355419377467,8.366999979019164,12.148600008487701,-37.308536063025976,-43.657817344269304,-55.47785493376038,-55.68445565480914,-66.41266003253673,1
HK.02411,489,1.6100000143051147,1.6200000047683716,-0.6172833601124982,0.13669180654710958,1892370.0,3046715.72707057,3.7752516340883884,1.6089505672454834,1.7415631377696992,-8.718680984754702,-2.66992098163315,-13.600034443148207,-9.23149610850289,-14.514322946913675,0
HK.02415,488,1.0199999809265137,0.9399999976158142,8.510636544000942,0.0,65587.5,66899.24874901772,10.992787428905789,1.0630000054836273,1.2931105235219003,15.909089369714744,-14.285720010049644,-19.047619948671883,-20.930231698508795,-22.17497283385031,1
HK.02416,489,2.990000009536743,2.740000009536743,9.124087559483913,0.6242672270766508,942500.0,2818075.0089883804,6.929475424726288,3.6773999977111815,2.6826999974250794,-5.379749103685747,21.052630562886954,44.44444956346939,31.140352941065753,58.20105990304689,2
HK.02418,489,2.940000057220459,2.9100000858306885,1.0309268214748768,0.23962106436333241,159075.0,467680.5091023445,5.365422608912413,3.048204789161682,4.408631521463394,12.474323026789426,44.687838692633676,-64.97568201857707,-68.72434794994618,58.540928938651994,3
HK.02419,489,41.36000061035156,39.58000183105469,4.49721752640314,1.1997554061810778,1238364.6,51218760.611837775,7.4156095377105045,56.33259963989258,69.13540004730224,-21.5924159045468,-47.579214435394356,-42.395544773811835,-40.317462064956636,-50.58542160290942,2
HK.02420,489,3.9200000762939453,3.8299999237060547,2.3498734825248517,0.8453539080845354,73275.0,287238.00559043884,5.729357432396507,4.057078056335449,3.5039783096313477,-3.92156496088299,2.09053192947876,28.40580104029361,9.094113299038092,29.208339125768145,1
HK.02421,489,0.6000000238418579,0.6200000047683716,-3.225803350434739,1.448308718437351,51850.0,31110.001236200333,2.835632708685639,0.6138000023365021,0.620749998986721,-4.761900256640573,1.6949238156632322,-4.761900256640573,-7.692300638503319,-6.249994179233778,0
HK.02422,489,1.7699999809265137,1.8300000429153442,-3.2786918350693264,0.17720075726427187,1252302.85,2216576.020614219,8.956860987744616,1.5254000043869018,1.0320250009000302,40.47619002566405,36.15384968074834,190.163924494792,115.85365809336226,326.5060280763735,0
HK.02423,489,37.58000183105469,35.939998626708984,4.563169913776587,0.8670781065037111,16139729.2,606531052.8887268,4.242183895945907,43.24079978942871,44.811712894439694,-13.450015163905476,-9.054677021973024,-17.752067120328164,-10.225086761976424,-22.170350037700643,1
HK.02425,489,1.7000000476837158,1.690000057220459,0.5917153919925783,0.11606933517806196,129483.1,220121.27617423536,1.5020193914454352,1.9394000101089477,2.0702500039339067,-4.494377808534073,-22.01834882452535,-9.5744653193861,-20.560749329503484,9.67742580528954,1
HK.02427,489,3.009999990463257,3.130000114440918,-3.8338696354679085,1.2966431349949574,659600.0,1985395.9937095642,7.804111346523376,4.815000038146973,2.268950006663799,-30.64516394847522,-17.534248991293477,418.96553053016794,467.9245571599577,826.1538771905855,0
HK.02429,489,2.559999942779541,2.549999952316284,0.392156496088299,1.83949074900351,455100.0,1165055.973958969,4.9245492707076535,2.201799974441528,2.534900003671646,23.671498808655723,4.4897915491806435,6.224060232643104,4.918027981350978,5.349788989751828,4
HK.02431,367,9.529999732971191,9.6899995803833,-1.65118528731433,0.6298267680983695,13083331.6,124684146.65437354,10.110131670163222,9.652200031280518,15.259499998092652,-3.6400464899338187,-9.49667640416773,-3.7373727254144193,-31.831187088531816,-65.2189785925173,0
HK.02432,369,26.3799991607666,24.639999389648438,7.061687557708135,1.024138092986652,3066228.85,80887114.48971835,5.993018654356344,31.10480007171631,39.73400007247925,-15.012891808355711,-27.00608852715528,-25.395931262953898,-30.833771413414375,-54.67354155506329,1
HK.02433,489,0.06700000166893005,0.05700000002980232,17.543862515612723,1.394906879513493,552800.0,37037.600922584534,7.012065997281308,0.08212000004947186,0.07914000008255244,-18.292683148440823,-14.10256373517848,-16.24999604187897,-8.219174447080158,-55.333333995607134,1
HK.02436,489,25.0,26.0,-3.8461538461538463,0.9196249868324028,564945.0,14123625.0,6.5849841768752775,20.288199825286867,10.816899964809418,12.107627153871379,108.33333333333333,514.2505883432183,443.4782721369841,868.9922767163737,0
HK.02438,489,0.3199999928474426,0.3050000071525574,4.918027981350978,0.4855916094552228,2198266.9,703445.3922767699,7.089179168251744,0.40159999787807465,0.5611750003695488,-18.98734578336006,-41.81818437970369,-41.81818437970369,-45.76271066580715,-13.513516561230885,1
HK.02439,489,0.3449999988079071,0.35499998927116394,-2.816898807176702,0.03782645400176481,32005668.4,11041955.559846269,9.618712519224221,0.37810000002384186,0.2935449995845556,-5.479454851034117,30.188685823225658,40.816323303372066,44.35146840037214,4.545450029951333,0
HK.02440,489,0.9900000095367432,0.9900000095367432,0.0,0.05077282001704582,209451.35,207356.83849748372,6.2353321318297095,1.4112000012397765,2.020450001358986,-28.776976998181414,-33.108108325802206,-54.16666804640376,-46.48648666064176,-54.09500115692209,0
HK.02442,489,63.0,78.94999694824219,-20.20265682682501,0.6551137299394294,530270.0,33407010.0,15.95577885026608,44.89459987640381,20.20079995036125,32.631578947368425,224.5749639117058,624.9712663072555,224.2408595496419,5194.117392494263,0
HK.02443,489,1.5700000524520874,1.5499999523162842,1.2903290807148435,0.5997112501388221,543370.0,853090.9285008907,6.434910601342477,1.7201999950408935,2.7244000005722047,2.6143844320456395,-22.660094848314692,-41.85185093611521,-43.928568600391806,-57.3369558703415,1
HK.02450,489,4.889999866485596,4.800000190734863,1.874993170301391,0.6813627254509018,73200.0,357947.9902267456,5.3923032715357975,4.2655999994277956,3.511699995994568,11.643829651127218,40.92218519214511,42.151156544943355,50.461534353402946,82.46267704024692,2
HK.02451,489,12.550000190734863,11.4399995803833,9.702802893934823,2.629730613446844,671103.6,8422350.308002854,6.794770457775484,11.274800033569337,12.048400001525879,10.087724655142154,-22.578649601798297,-3.088800188584496,2.8688556306691346,54.17690001732781,1
HK.02453,489,0.7599999904632568,0.7099999785423279,7.042255412962399,1.9614080364913122,353180.0,268416.79663181305,8.791053764948868,1.1930000042915345,1.8634999924898148,-20.0,-42.4242454345779,-58.69565344149762,-58.46994685024636,-89.14285727909633,1
HK.02455,489,0.6899999976158142,0.6499999761581421,6.153849680748341,1.0355029585798816,126000.0,86939.99969959259,2.9855545938732364,0.6745714116096496,0.6736464089155197,-2.2267209384251805,9.2760232037927,4.658729092490736,-9.380859015248245,24.64295220096749,2
HK.02457,489,0.36000001430511475,0.33000001311302185,9.090909090909092,1.6298811544991512,146000.0,52560.00208854675,3.225954898659404,0.34890000224113465,0.2999699984490871,-1.3698616715036243,26.315796078077064,22.03390857879588,24.137939539307464,46.938778489195016,2
HK.02458,488,4.929999828338623,4.900000095367432,0.6122394364758037,0.4681724845995893,48680.0,239992.39164352417,1.5618469264069212,4.942800016403198,5.9244499993324276,1.0245842771549472,-17.833336194356285,-21.746036839983596,-22.72727680396537,1.440322899201239,1
HK.02459,489,0.5600000023841858,0.550000011920929,1.8181800448205245,0.1129291813037674,573287.5,321041.0013668239,8.094462905317567,0.6889999985694886,1.034499996006489,14.285712547969572,-48.14814998779761,-51.30434660920572,-45.098037955303525,-65.66965547980459,1
HK.02460,412,7.46999979019165,7.210000038146973,3.606099177102082,1.4435773294475465,2466488.5,18424668.57751012,3.206379965694099,8.245400037765503,9.84933170557022,-8.902439464067587,-20.27748258882784,-27.192986125247366,-26.258640614004324,-36.40218670544472,1
HK.02465,407,11.0600004196167,10.75,2.883724833643714,1.0659433469066448,12698993.5,140450873.43870974,8.778309177839565,15.932999935150146,13.202149968147278,-21.83745075771617,5.736141293322775,-23.77670403063115,-21.782177149383905,73.62638333306634,1
HK.02469,489,0.4300000071525574,0.4000000059604645,7.500000186264512,0.43939527760069436,8725095.3,3751791.041406745,8.583055138216475,0.7011999994516372,1.9002999983727933,-32.812497380655195,-65.04065036710645,-81.85653890649364,-80.27522963372236,-80.54298643754319,1
HK.02473,489,0.6299999952316284,0.6100000143051147,3.2786853209006517,0.3906975382098592,95727927.35,60308593.774033666,7.265274649138405,0.7807999980449677,5.375749985277653,-11.267603623727451,-56.25000206960564,-92.10526323651847,-91.93341869593645,-90.21739146531095,1
HK.02476,47,326.0,342.3999938964844,-4.789717928979427,0.9948335112326565,4543635.8,1481225270.8,8.260890953957345,,,-23.474178403755868,,,3.492063492063492,,0
HK.02477,489,0.4000000059604645,0.36500000953674316,9.589039865544988,1.4359269293899735,424642528.0,169857013.7310667,10.657033027326996,2.4077999919652937,2.96293749794364,-41.17647033042974,-89.75672192340359,-89.15254221124164,-87.02351959657642,-75.6468800298789,2
HK.02479,488,65.0,65.0,0.0,,0.0,0.0,0.0,65.0,65.0,0.0,0.0,0.0,0.0,0.0,0
HK.02480,489,12.8100004196167,12.8100004196167,0.0,0.1694915254237288,2380.0,30487.800998687744,1.3826283900780427,18.414600048065186,22.102050042152406,-33.21167770701295,-48.67788105174387,-44.35273603438862,-46.401671028961935,-48.55421439410925,0
HK.02481,488,2.4700000286102295,2.4700000286102295,0.0,0.0,3050.0,7533.5000872612,0.22040269135068954,2.480074100494385,2.4806966900825502,-3.515621725819001,-4.569440886500529,4.8233320483283295,3.5997140388847515,0.4721738715522589,0
HK.02482,489,0.6000000238418579,0.6000000238418579,0.0,24.161073825503355,16450.0,9870.000392198563,0.7688717772543837,0.5461999976634979,0.6633500009775162,15.384624201870853,11.11111111111111,-16.666666666666664,-18.918916741977938,-39.393937569493595,0
HK.02483,488,1.7999999523162842,1.7999999523162842,0.0,0.0,48800.0,87839.99767303467,1.7596942774022108,1.746563057899475,1.6604168033599853,12.499995343387196,9.283843318773487,15.31792613845519,9.922929796132724,12.102418419742447,0
HK.02486,489,3.609999895095825,3.569999933242798,1.1204471316808544,0.8253725640045854,26200.0,94581.99725151062,7.215442578616065,5.373800001144409,6.774800009727478,-35.87922163915776,-48.6486516734508,-48.428572927202495,-52.686764863038995,-47.22222493328463,2
HK.02487,489,2.7899999618530273,2.700000047683716,3.333330095550217,1.2468398465215924,89580.2,249928.75458278655,7.675736716739645,3.9297999811172484,5.722799977064133,-22.28412176721168,-38.0000008477105,-53.731345526077504,-39.21568912628476,-73.17307630586905,1
HK.02488,489,6.909999847412109,6.96999979019165,-0.8608313426920666,0.7885935677865142,412114.95,2847714.241616249,4.261083950846056,7.895683679580689,8.387589919567109,-12.752528019601378,-16.273619926103322,-13.294038188791884,-16.464996141829864,-42.229112105259254,0
HK.02489,489,0.6800000071525574,0.6499999761581421,4.615389553047677,0.4759080586133573,3455050.0,2349434.0247124434,8.115509397652621,0.9161999976634979,1.210864703655243,-23.5955035862575,-29.166664338360178,-42.3728781882046,-37.61468015328346,-63.87499975459651,2
HK.02490,489,4.360000133514404,4.269999980926514,2.107731920138374,0.37524035193349775,1810925.0,7895633.241784573,16.036315021623782,4.655200009346008,5.497806411981583,-2.6785688626827135,-22.695031263693743,-10.661454883589322,3.9202355359995362,-53.05783811218189,1
HK.02493,33,23.899999618530273,22.780000686645508,4.916588666045787,0.4940626243863606,1202470.0,28739032.541294098,8.923100323407049,,,4.916588666045787,,,-8.14758186755084,,1
HK.02495,483,41.08000183105469,39.2400016784668,4.6890929507722285,0.1583497389369169,161128.0,6619138.53503418,8.079873944090469,49.31140007019043,56.36499992370605,-12.25971358646563,-28.307151172726496,-25.30908757990057,-44.63611385360322,-58.03881390114627,1
HK.02496,488,3.799999952316284,3.799999952316284,0.0,0.0,67300.0,255739.99679088593,0.26249974966049194,4.574799981117248,6.145350028276443,-11.627912005583651,-35.153585908925244,-46.40338687539714,-51.6539454482527,-27.203063121641076,0
HK.02497,489,0.6700000166893005,0.6200000047683716,8.064517989739157,0.3430244718678101,290400.0,194568.00484657288,8.762434923881617,0.6271999990940094,0.5698999963700772,-21.176470835728622,28.846161781683765,39.58333993020172,52.27273189085576,-27.95698800684056,1
HK.02498,489,21.81999969482422,20.600000381469727,5.9223266541874215,0.8909027147281,7047929.45,153785818.44814262,5.148400706878466,30.79239978790283,34.725499877929686,-31.036662086779298,-35.213778215224586,-37.870158432680746,-41.50134010419953,-30.949368887920997,1
HK.02499,489,5.900000095367432,5.949999809265137,-0.8403313529497467,0.9349593495934959,4900.0,28910.000467300415,0.7207201297244493,5.88000002861023,5.870100023746491,1.374569095299836,2.2530349197686355,-2.479340341131657,-2.479340341131657,5.357146354354217,0
HK.02500,489,1.25,1.2599999904632568,-0.7936500427734288,0.45696938305133555,1490775.5,1863469.375,10.00966961417928,1.5209999990463257,2.4349499958753587,3.305781867105094,-34.210525490240364,-45.652172786301584,-49.186992657870896,-54.87364589865816,0
HK.02501,488,0.9800000190734863,0.9800000190734863,0.0,0.6380208333333334,152400.0,149352.00290679932,3.887617689898996,1.0805999875068664,1.007649993598461,-3.92156496088299,-16.23931153677999,3.1578980390385336,6.521739271277513,15.294116657085514,0
HK.02502,488,0.48500001430511475,0.48500001430511475,0.0,0.066006600660066,52900.0,25656.50075674057,1.5049092779246962,0.576800000667572,0.476999998986721,-30.714282490769158,-10.185186105009914,7.777783811828397,12.790699125045412,25.974032810112913,0
HK.02503,489,0.19499999284744263,0.18000000715255737,8.333325054910777,1.7440694954894755,629400.0,122732.99549818039,5.247254120800913,0.24368092089891433,0.4571202284097671,-8.878508675086936,-15.584420946052122,-69.53125043655747,-61.000001430511475,-74.67532497691674,2
HK.02505,489,0.7099999785423279,0.699999988079071,1.4285700905079517,0.0482897384305835,113150.0,80336.4975720644,4.1886051431228735,0.7787999999523163,1.409833065867424,1.4285700905079517,-12.345681919446163,-50.0,-50.349650029022875,-72.33367137914796,1
HK.02506,366,84.5,79.0,6.962025316455696,1.7493650907525649,138714.7,11721392.15,5.1424621587674535,78.56600036621094,84.57199993133545,2.5485417903318353,16.955017301038062,2.3002440205542913,10.313318124344194,-29.110736440126985,1
HK.02507,481,33.52000045776367,32.400001525878906,3.456786664007368,0.3584251307047666,1476277.05,49484807.391786,5.7135411971528365,36.21240005493164,50.12295003890991,-13.070541327880639,-28.068666190238794,-37.92592507821542,-44.77759466812166,-19.096720436047583,1
HK.02508,247,3.319999933242798,3.3399999141693115,-0.5988018395350123,0.6680519201145936,914227.55,3035235.404968727,7.394181497735164,3.8890000057220457,4.874900016784668,-15.949369793307994,-34.2574295475486,-20.192306369719372,-14.432993935073954,,0
HK.02509,489,14.84000015258789,13.6899995803833,8.40029662128296,1.5449120443177118,208837.9,3099154.4678661344,6.5131945697285945,16.53940004348755,20.91860002040863,-11.981022447433656,-16.722781107015745,-28.859061752741788,-24.208374819140392,-1.0666656494140625,1
HK.02510,405,7.670000076293945,7.789999961853027,-1.540434995464844,0.44049574790649826,2805372.35,21517206.138532925,3.980533486892251,8.005428791046143,7.972082703113556,-8.472554038793605,-8.08974924658324,7.8792032911389,1.6025956447934433,9.001483584915263,0
HK.02511,489,2.7899999618530273,2.690000057220459,3.7174684946251237,0.12985652412771015,932615.0,2601995.814423561,7.079102899316939,3.419599986076355,3.2115499991178513,-8.524589984527807,-8.823528953443708,-0.711743107963571,-7.920792468742577,-11.708864364805766,1
HK.02512,489,2.940000057220459,2.8399999141693115,3.5211319039915216,1.1743119266055047,49050.0,144207.0028066635,3.5994437767121537,3.0956000089645386,3.5312500083446503,-0.6756750225933819,-8.124999580904847,-20.108695546541867,-15.02890101715153,-20.540540018074704,1
HK.02513,114,1961.0,2046.0,-4.1544477028347995,0.6043509301768638,2677758.95,5251085300.950001,16.538631829687155,1275.68,,22.946708463949843,211.02299762093577,,1391.2547528517111,,0
HK.02515,489,1.1699999570846558,1.1699999570846558,0.0,0.30031612223393045,153200.0,179243.99342536926,5.301513454869113,1.2367999839782715,0.8902249996364117,-18.181818181818183,8.333325054910777,55.9999942779541,28.57142015005043,101.72413633637984,0
HK.02516,489,1.0399999618530273,1.0499999523162842,-0.9523800873701953,0.5283757338551859,1790400.0,1862015.9317016602,4.524846448449853,1.2020000100135804,0.968400003015995,-14.04959263921083,-14.04959263921083,44.4444334065477,6.122443021609968,15.555554378179826,0
HK.02517,489,1.8799999952316284,1.7699999809265137,6.214690140704679,1.3813628732852117,19607163.95,36861468.13250575,5.182020159430496,2.6017175054550172,3.453546905517578,-20.675101856043458,-54.563308747527586,-42.82890327486557,-46.068062530008575,-36.4989778203196,1
HK.02518,489,35.70000076293945,35.2400016784668,1.3053321866148948,0.6356998437237884,11406.1,407197.7787021637,2.9651824034300067,35.05240013122559,42.795085201263426,6.694565868970049,-0.2793253526597125,-22.62064379739191,-17.01534081109756,-29.480523492825633,1
HK.02519,399,4.590000152587891,4.599999904632568,-0.21738591852158914,13.737201365187714,29340.0,134670.6044769287,0.9879611913241517,4.652199983596802,5.578949999809265,-0.6493448855910747,-2.959828032157575,-17.297297390180113,-24.506575490381536,-50.10869295926079,0
HK.02520,489,2.309999942779541,2.319999933242798,-0.4310340840949625,1.2698412698412698,95500.0,220604.99453544617,2.8960465745588486,1.962399995326996,2.0810499995946885,20.942407494681923,17.258878641193235,3.5874404942513323,-1.702126105374523,7.441853037907221,0
HK.02521,489,0.8500000238418579,0.8999999761581421,-5.555550404536735,1.0144181256436664,1377375.0,1170768.782839179,6.042309650628332,1.0569999933242797,0.7798499976098537,-18.269225478877487,-21.296297216121022,60.377371646451316,37.09677698460874,183.33333002196431,0
HK.02522,489,4.800000190734863,4.570000171661377,5.032822985428295,0.40256348451000323,967952.5,4646172.184622288,7.820505682777491,7.145600004196167,10.196850006580354,-35.39703497128933,1.6949238156632322,-50.668032717793544,-42.098911787426104,-64.80938365163145,1
HK.02525,190,120.0999984741211,114.9000015258789,4.5256717834516245,1.1747207018788726,1291605.25,155121788.5541668,4.2729751013795685,160.26999938964843,,-23.939200052879098,-32.90502878540721,-22.66581061553836,-33.499449382475305,,1
HK.02526,60,307.20001220703125,299.0,2.742478999007107,0.7828809614469671,60862.55,18696976.10295105,6.94208634277674,313.3399993896484,,-13.464785293794016,,,46.564887052204426,,1
HK.02528,489,0.8500000238418579,0.699999988079071,21.42857690246747,3.265940902021773,142100.0,120785.00338792801,4.194137854649598,0.6085000038146973,0.37166000068187716,18.055554175818465,132.87671277616545,165.6250133877623,203.57143579393014,295.34884172236355,1
HK.02529,488,2.700000047683716,2.7100000381469727,-0.3690033329333297,0.0,2550.0,6885.000121593475,0.6538531299122444,2.841986365318298,2.754136345386505,-6.25000206960564,-0.42053398187162194,-4.28769959006719,-1.743855488442218,9.144241954619533,0
HK.02530,358,0.7599999904632568,0.7300000190734863,4.1095850145108725,1.1764705882352942,516800.0,392767.99507141113,5.887039944639677,0.6348214942216873,0.5956268821656704,12.119513165378226,33.02316429795549,33.02316429795549,24.57724415331734,24.57724415331734,1
HK.02531,479,3.0899999141693115,3.0899999141693115,0.0,0.0,10625.0,32831.249088048935,2.2958344360129583,4.262599983215332,8.391149983406066,-13.20224820687125,-51.491366253013545,-77.91279510562607,-57.08333338852282,-77.2794130331092,0
HK.02533,462,11.020000457763672,10.380000114440918,6.16570651509309,1.3096970056663313,7209471.3,79448377.02623405,6.376001518006229,15.511000061035157,18.86105010509491,-25.891052168294337,-41.06951867294235,-47.32313375920453,-43.573988375232986,-39.58333006553478,1
HK.02535,489,0.5099999904632568,0.4950000047683716,3.0303001111897543,0.45646784308006416,5719000.0,2916689.945459366,5.147223975124858,0.5194999969005585,0.7658249954879284,-1.9230751596258298,-50.0,-43.333332891817435,-42.045455315142625,-7.272731016490004,1
HK.02536,488,1.1799999475479126,1.190000057220459,-0.840345310226634,0.958417362911745,504750.0,595604.9735248089,2.516444405210745,1.4592000031471253,2.0797550106048583,-4.838714639304418,-47.085204598420795,-45.8715636966384,-45.622124144659644,-53.5192424579377,0
HK.02539,137,7.179999828338623,7.119999885559082,0.8426958391001386,0.1076555023923445,32620.0,234211.59440040588,6.946036516264415,13.83495400428772,,-51.42083925535198,-57.33249287909133,-88.24961101915633,-79.86554872067407,,1
HK.02540,489,0.8600000143051147,0.8399999737739563,2.3809572804273027,1.8901890189018902,275625.0,237037.50394284725,5.492265134372419,0.9465999972820281,1.2015499928593636,-11.340207325840764,-25.217388510027938,-33.84615031925166,-33.84615031925166,-33.333330252989846,1
HK.02543,195,26.040000915527344,25.5,2.1176506491268383,0.1446476268748716,59557.5,1550877.3545265198,4.001881808004263,28.621208953857423,,-13.199996948242188,-6.667804225566446,-32.76565265991726,-25.03500481556443,,1
HK.02545,488,0.39500001072883606,0.4000000059604645,-1.2499987892806712,0.17616580310880828,187400.0,74023.00201058388,3.0612722560100747,0.41220000088214875,0.45274999991059306,-5.9523754615900915,-16.842101960961468,-14.130434007973678,-4.819272609316895,12.857147844470362,0
HK.02546,125,15.010000228881836,15.300000190734863,-1.8954245636456986,0.828825962456252,634750.0,9527597.645282745,8.496277956523626,15.303505401611329,,5.147721043772675,2.0968775432388718,,52.990458853001634,,0
HK.02549,426,3.9800000190734863,4.230000019073486,-5.910165457984052,0.43185374553151334,169288.5,673768.2332289219,5.1892855028828135,4.5123999977111815,4.668350000381469,-10.76233217417001,-15.31914509384257,-13.478258661151113,-13.289762815595546,-29.813534649683,0
HK.02550,489,1.850000023841858,1.940000057220459,-4.639176841445504,0.3772939264232595,1480075.0,2738138.785287738,4.943140950480681,1.9269999957084656,2.5832499915361407,8.823527761809187,0.0,-41.08280375683888,-41.08280375683888,-49.45355244651656,0
HK.02551,400,2.2899999618530273,2.1700000762939453,5.529948448850976,0.34321372854914195,52150.0,119423.49801063538,2.6565621384159765,2.224124541282654,2.568405650854111,-2.1378968425801643,1.6914957040042917,-20.982964902208053,-17.06013129169356,-28.033713194189385,2
HK.02552,489,2.180000066757202,1.9900000095367432,9.547741523111327,1.0483132854223676,2851071.7,6215336.49632957,6.260139728993348,2.935199990272522,3.3201999974250795,-17.11026722823456,-29.67741503799854,-29.67741503799854,-28.524586857726717,-27.090299003210994,1
HK.02553,18,50.95000076293945,52.04999923706055,-2.1133496450425975,,,,,,,,,,141.92783501886746,,0
HK.02555,489,4.610000133514404,4.590000152587891,0.43572941746499666,0.6548976346052247,1588045.0,7320887.662026882,3.672581896418721,5.355233192443848,6.344449627399444,-12.19047364734468,-16.80616248417291,-29.217649845262212,-24.297546559431055,-46.363201203149146,1
HK.02556,489,31.860000610351562,30.84000015258789,3.3073944640628676,1.059976224425759,3647954.0,116223816.66653442,6.280491574003412,37.674399795532224,39.9908000087738,-11.104909389764456,-3.5130218998509126,2.44373060951686,-14.031302132349815,-27.177141462053573,2
HK.02558,489,1.159999966621399,1.1799999475479126,-1.694913713180618,7.017543859649122,3850.0,4465.999871492386,0.39670419334839413,1.266199996471405,1.3503000020980835,-5.691061086715743,-15.942031113797448,-15.328469884383523,-17.730496873630624,-10.534951395344496,0
HK.02559,489,1.2699999809265137,1.2300000190734863,3.2520293685164203,0.7092934587515889,1341288.2,1703435.988416958,6.932773219029224,1.26239999294281,2.1282500010728835,10.43478323967111,-12.41379729916154,-50.77519308209067,-44.052863806273876,4.958672800657641,1
HK.02560,359,1.3899999856948853,1.399999976158142,-0.7142850452539758,2.291454983462328,53400.05,74226.06873610616,1.9764212582369494,1.5127836799621581,1.5662010544538498,-4.137935173497195,-5.209848280997607,-9.618690838286408,-8.555385321449153,-4.0395960272296545,0
HK.02561,311,20.0,19.850000381469727,0.7556655700132899,0.4188991719434973,19235.0,384700.0,4.421362622896254,22.889400024414062,32.30104996681214,-12.816043877997204,-23.1360505451777,-47.0058317156585,-40.511598347993214,-60.591133004926114,4
HK.02562,408,1.4199999570846558,1.409999966621399,0.7092191985804456,0.343874460501236,61240279.15,86961193.76485233,12.145888721394597,2.261800003051758,5.756300011277199,-24.46808719753734,-58.23529655133145,-47.01492829427969,-26.041667248743288,-93.20574170812108,2
HK.02563,406,3.799999952316284,3.549999952316284,7.042253615718542,0.060744115413819286,11400.0,43319.99945640564,6.861384453321478,3.912799997329712,4.451749994754791,2.7027000903735274,0.26385199377066976,14.803625921675101,-10.165486165917011,-13.832197646305755,4
HK.02565,269,5.78000020980835,4.960000038146973,16.532261398282657,2.365584111300678,17046481.2,98528664.91249408,11.39102378750911,16.72679988861084,48.59545004844666,-33.02433217658424,-90.28571393309521,-90.97580025852984,-91.65342929991574,-36.48351684052533,1
HK.02566,386,5.920000076293945,5.789999961853027,2.245252423098684,4.989517933714186,84444.2,499909.6704425812,5.23815496281423,6.317070226669312,8.338846485614777,-0.046872375907759806,-27.95196588809241,-25.16010072257816,-21.32468098357552,-35.62159385550174,1
HK.02567,417,0.38999998569488525,0.36500000953674316,6.8493083575181215,1.191393217502584,2602809.6,1015095.70676651,5.3848460828951135,0.4431999975442886,0.6752749975025654,-4.87805143982653,-15.217395952157945,-40.0,-40.0,-57.14285994998319,1
HK.02569,307,1.2000000476837158,1.090000033378601,10.091744122626764,1.0850378143775607,621240.0,745488.0296230316,5.215419750844265,1.0532000017166139,0.9882500028610229,22.44898207432918,17.647065698344395,23.711341473156402,25.00000776102163,-18.918916741977938,2
HK.02570,380,21.979999542236328,21.059999465942383,4.368471508186611,0.6569745107950032,674393.8,14823175.41528702,8.212903272351022,34.20679996490478,78.37699986457825,-32.369232177734375,-43.727601716711376,-69.493409283485,-66.49390235747134,-88.73398316011624,1
HK.02571,355,14.989999771118164,15.5,-3.290324057302167,0.09090909090909091,13260.0,198767.39696502686,4.796402215963953,13.999799995422363,13.332349982261658,11.201782493765036,16.111541040203836,15.3076905470628,14.42747583673271,15.485364404993904,0
HK.02573,259,4.400000095367432,4.400000095367432,0.0,0.10621348911311737,17720.0,77968.00168991089,4.14699253555023,4.992200021743774,7.430550010204315,-10.38696064957071,10.27569134964216,-50.0,-44.86215432517892,-71.2793721735259,0
HK.02575,171,13.890000343322754,12.779999732971191,8.685450966699678,0.3986781620136841,2165379.6,30077123.38742409,9.622966107439545,19.73219985961914,,-15.14966627226381,-67.69767362017964,-82.05426347610782,-78.69631749469394,,1
HK.02576,422,6.420000076293945,6.5,-1.2307680570162258,0.7715424399932932,773820.0,4967924.459037781,7.540303057991696,4.8059999465942385,4.523499983549118,46.24146404435911,37.17949384141354,66.75325286551272,60.90225716664437,89.94082422851841,0
HK.02577,366,63.900001525878906,62.70000076293945,1.9138767916072281,0.594112885395209,15311140.45,978381898.1179461,8.94855397691201,67.82899993896484,70.91050008773804,-10.063337394468995,2.8985557101228063,-19.01140647643721,-14.62925473809873,78.74126300945149,1
HK.02579,149,25.219999313354492,24.360000610351562,3.530372255563413,0.8879341210168278,1309270.0,33019788.500995636,5.206969480125719,34.95363059997558,,-22.834878323152065,-20.976056824141295,-4.735843385299231,-21.024837152519375,,1
HK.02580,200,10.0,9.720000267028809,2.880655609866369,0.4912359887270649,1736607.35,17366073.5,3.732986564465756,9.960200023651122,12.659450039863586,-6.36704387401784,2.2494915443312786,-28.926793056871254,-24.127467614147143,,4
HK.02581,124,2.440000057220459,2.450000047683716,-0.40816286810733116,0.015688076627324188,414077.4,1010348.879693699,3.191880598982582,2.995400037765503,,-22.04472945662199,-31.46067144834333,,-42.8571412618362,,0
HK.02582,395,12.899999618530273,11.869999885559082,8.677335660502223,0.9911484845982265,3295519.05,42512194.48785925,9.4513844647691,22.73720001220703,35.70734998703003,-42.100542096201764,-53.928572790963315,-53.22697732336745,-50.38461685180664,-88.05555590876827,1
HK.02583,180,49.939998626708984,48.91999816894531,2.0850378085483534,0.1732321960865869,1370480.0,68441769.31793213,15.302938119558535,75.22459991455078,,-27.412795913483556,-54.764494622762726,-70.77823264466699,-70.27381034124464,,1
HK.02585,385,16.299999237060547,14.9399995803833,9.103076940262898,0.5209193320727583,762750.0,12432824.418067932,6.919301867564818,15.508920040130615,15.975797486305236,25.77159868119205,-25.626523376284418,20.050822051387193,16.84271109351628,7.61032666485635,3
HK.02586,380,6.309999942779541,6.46999979019165,-2.472949808354939,0.8299024862676062,2564894.6,16184484.779235555,4.084170696607236,6.607200002670288,7.8316499972343445,1.7741957564260347,-16.312997682976142,-5.820893695344318,-15.415550797411068,-33.36853469002816,0
HK.02587,366,2.380000114440918,2.299999952316284,3.478267990573966,1.2635449869255353,12379595.0,29463437.516732216,6.838584971654672,3.6146000051498413,5.2732500088214875,-32.38636001882965,-49.89473443282278,-47.80701437925474,-48.03493113346901,-91.99999961532464,1
HK.02588,489,80.75,80.25,0.6230529595015576,0.6158878675389436,1137328.3,91839260.22500001,3.0506839703039113,76.99422134399414,74.24875305175782,8.999746966403173,8.43277981793771,13.99152413953021,13.140849671525793,29.294642984210796,3
HK.02589,282,121.5999984741211,131.0,-7.175573683877028,0.3658454471319662,64989.5,7902723.100833893,7.365463192908166,144.2033200073242,106.92764442443848,-16.054169293975352,59.589947679333676,42.517093756865606,43.360453202507465,-16.415651751456377,0
HK.02590,239,11.819999694824219,10.989999771118164,7.552319754248797,1.2830171152733845,4970417.9,58750338.06114884,6.842459092270555,16.02099998474121,22.4319499874115,-19.70109048639268,-36.21155285038471,-49.74490023480175,-48.74241123777418,,1
HK.02591,212,7.739999771118164,6.829999923706055,13.323570389124258,1.1283268797064683,4734432.5,36644506.4663744,11.66548055763938,12.253799991607666,27.01594991207123,-30.395684795198008,-64.16666835914421,-78.25842667733639,-74.55621383397076,,1
HK.02592,243,1.2599999904632568,1.0099999904632568,24.752475481245543,1.532155219529969,290475.0,365998.49722981453,7.526481092760095,1.3468000030517577,3.3212999999523163,-2.3255792462719835,-32.620321537414796,-82.12766019326988,-72.06208588650895,,2
HK.02593,371,0.9700000286102295,0.949999988079071,2.1052674507500932,0.7829181494661922,100560.0,97543.20287704468,2.104771055032878,1.034399995803833,1.1344500023126602,-7.619040698961562,-5.825237324869397,-17.796604090879107,-17.796604090879107,-44.57142693655832,1
HK.02595,187,27.200000762939453,24.299999237060547,11.934163032631046,1.5099372848681687,1496616.35,40707965.861827664,8.812004617278529,35.4275997543335,,-20.281355174600108,-6.012438628224871,-4.15785212375346,21.754702673037247,,1
HK.02596,357,2.6500000953674316,2.5790657997131348,2.7503872007525665,20.0,1200.0,3180.000114440918,0.207763799889663,2.601156530380249,2.583948702812195,1.9719701775107106,2.359689372782591,3.1440694024868745,2.7503872007525665,5.734029151256305,1
HK.02597,239,32.0,31.0,3.225806451612903,1.5449438202247192,10665.0,341280.0,4.13596039457902,39.49320011138916,23.897250032424928,-30.434782608695656,6.666666666666667,130.2158336561418,111.2211274306578,,1
HK.02598,489,4.079999923706055,3.990000009536743,2.2556369412079507,1.1742511609973734,1472723.05,6008709.931640148,5.283065197838669,5.279800038337708,6.901550012826919,-19.047619948671883,-33.11475430339679,-37.03703839974039,-39.644973586326,-60.91953938990237,1
HK.02600,489,7.800000190734863,7.639999866485596,2.094245118395111,0.6024837609127633,81211492.9,633449660.109863,5.4361423741979165,10.685799951553344,10.977673106193542,-28.440362718227373,-30.107524217004322,-27.102800656306197,-38.29113940764,57.562866075013154,1
HK.02601,489,27.260000228881836,27.0,0.9629638106734664,0.7598475367935297,15268920.25,416230769.5097785,4.032694740032491,31.033440628051757,32.283224534988406,-9.509410150988906,-14.77175769190127,-13.157782166445553,-21.458174765988947,10.202103758028194,1
HK.02602,489,15.079999923706055,15.210000038146973,-0.854701604963019,0.20525465849299573,4558629.9,68744138.54420415,6.05234349366453,17.50862268447876,19.306701984405517,-14.318184108773488,-11.11350077601651,-19.543976261683213,-15.947929848091515,-21.68954970611777,0
HK.02603,269,17.049999237060547,17.549999237060547,-2.8490029728556565,0.8025530794876294,2293000.0,39095648.250579834,6.199750962687045,15.203330039978027,14.69251699924469,10.57068192413626,19.786161753013193,32.9626370514221,31.346068313514607,73.24408888616702,0
HK.02605,259,1.1799999475479126,1.1399999856948853,3.508768627628134,0.04313000616142945,63480.0,74906.39667034149,5.027716088836905,1.3329999899864198,2.481599996089935,-8.527133144027744,-20.805373154676214,-61.31147652472006,-56.61764944352491,-81.818181985165,1
HK.02607,489,11.859999656677246,11.630000114440918,1.9776400685563085,1.3636264390008817,3038092.95,36031781.343953565,2.1405822555336873,11.788199996948242,11.809077625274659,4.493385533626555,4.401408583723919,1.9127983008347826,2.506482018169433,5.968072673884803,1
HK.02608,489,0.009999999776482582,0.009999999776482582,0.0,0.10137581462708183,28900.0,288.9999935403466,0.0,0.009999999776482582,0.01104499994777143,0.0,0.0,-16.666669253673795,0.0,-9.090910630285256,0
HK.02609,250,5.130000114440918,5.179999828338623,-0.9652454740281612,0.8390836986771252,12118142.0,62166069.846811295,5.5211556874424375,5.1770000076293945,5.217450006008148,4.056801076394636,60.81504772482161,19.85980988236049,31.876606069327828,,0
HK.02610,309,26.079999923706055,25.860000610351562,0.8507320501238819,0.7892173214367991,1190077.3,31037215.89320431,5.551109702268338,35.23837684631348,46.44469121932983,-24.503682434499222,-54.04572106655468,-36.66416752853427,-46.79075850023236,-7.462460809154464,1
HK.02611,489,14.529999732971191,14.3100004196167,1.5373815996043485,0.593017946454088,16243019.85,236011074.08314577,4.416372305624714,13.835230445861816,15.026704382896423,11.255737106612095,4.878941984270302,-6.694359445318082,-10.915319728317554,28.762361502241873,1
HK.02613,358,30.799999237060547,30.299999237060547,1.6501650580520142,755.2631578947369,22095.0,680525.9831428528,1.1621504204224153,30.35039993286133,29.72510006904602,0.06497254700749834,1.9867498641172026,-9.46502403696556,1.5831119626240187,25.71428260024713,2
HK.02616,489,4.880000114440918,4.409999847412109,10.657602795714736,0.8418046437379112,15371845.7,75014608.77516814,10.53648102477532,7.159200029373169,6.940400009155273,-39.37888200229427,-28.759121425087386,-15.13043279233186,-8.614232677953122,14.018688673368901,1
HK.02617,250,12.720000267028809,9.100000381469727,39.78021685505052,17.000160148708506,11369920.3,144625389.2520963,16.537054455907334,41.87479986190796,105.8872002363205,-63.67789805608389,-81.45772514582876,-91.93916348477084,-88.76325034456963,,1
HK.02618,489,11.859999656677246,11.569999694824219,2.506482018169433,0.793094430121177,10913901.85,129438872.19400916,3.4434679979038636,13.870400009155274,12.808900008201599,-7.990695571851293,-14.921090289221242,-1.4950191507149984,0.3384091614701366,-0.8361235882171466,1
HK.02619,144,1.409999966621399,1.3799999952316284,2.1739109777848307,1.1284722222222223,56450.0,79594.49811577797,6.6241843671864,1.5733999872207642,,2.1739109777848307,-18.497112654568966,-24.598932458502894,-38.15789542479969,,1
HK.02621,266,3.2200000286102295,3.259999990463257,-1.226992698467561,0.06796416434970652,59680.0,192169.6017074585,1.6045868203433369,3.1116621828079225,3.442394518852234,5.687890910690148,0.3246333352572735,-4.520589849446815,-7.4139090771485225,-35.24325483885012,0
HK.02623,489,4.409999847412109,4.400000095367432,0.22726708699861253,1.0436937712668317,2466714.1,10878208.804609299,7.7050790769191675,5.177199993133545,3.953925739824772,-7.740593015812339,-19.525550509802443,-8.12500682969861,-10.000004865685193,809.2782922348053,1
HK.02625,305,2.119999885559082,2.2200000286102295,-4.504510890198043,0.37722161770039897,138750.0,294149.98412132263,5.946952171795324,3.079400005340576,4.234700012207031,-18.461539872299337,-52.8888914320204,-49.5238099563149,-51.59817739343397,-27.147772404484073,0
HK.02627,215,29.31999969482422,29.31999969482422,0.0,,0.0,0.0,0.0,29.31999969482422,40.663199996948244,0.0,-25.08942219713311,-27.3897996055879,-27.137180735969206,,0
HK.02628,489,27.639999389648438,26.920000076293945,2.6745888236030564,0.9408222489378791,47553260.85,1314372100.869793,4.630619839493223,28.759999923706054,27.785262298583984,-4.2936281411070825,-1.8465925446780842,3.05741873286622,-4.1608902794398,57.66040648309298,1
HK.02629,270,12.40999984741211,12.40999984741211,0.0,,0.0,0.0,0.0,12.40999984741211,35.04859986782074,0.0,-6.901726043207384,-75.30348289072218,-71.13953523857649,-58.97520711599302,0
HK.02630,156,63.0,59.0,6.779661016949152,0.4032374204326162,90189.4,5681932.199999999,5.674554829429529,72.50300003051758,,-16.500990658465817,-50.0,-13.993174061433447,-25.0446190213643,,1
HK.02631,209,104.9000015258789,101.9000015258789,2.944062762587995,0.8931337154528997,7195179.4,754774330.0389725,11.223872792690226,90.41699981689453,64.58424995422364,-3.4069953961591266,112.86526810943971,88.4995483371142,76.59932463162805,,1
HK.02632,64,110.0999984741211,118.4000015258789,-7.010137622290204,2.0344121882816646,71185.0,7837468.39138031,6.762347457445303,111.2289998626709,,-10.19575869133355,,,294.9067495993918,,0
HK.02633,489,1.0399999618530273,1.0,3.9999961853027344,3.228722239098138,341294.85,354946.63098063465,2.1853016617689387,1.1285999965667726,1.268318230509758,-7.964604757379029,-16.129035979478314,-18.110237994310243,-19.379845534327472,-30.045278134534765,1
HK.02635,123,11.850000381469727,11.850000381469727,0.0,0.21019569329333504,14404241.25,170690264.30728197,10.536283105485671,22.18400001525879,,-18.332183359428473,-79.22874576697313,,-65.69195116569149,,0
HK.02637,134,178.10000610351562,166.39999389648438,7.031257593861271,1.9140058055152396,145120.0,25845872.885742188,8.973022259654027,211.43799987792968,,-20.420016231042336,29.715952035614656,34.72012875555801,35.026546129554184,,1
HK.02638,489,6.239999771118164,6.199999809265137,0.6451606948963502,0.5405296103033728,3273144.5,20424420.930836678,1.3449728966625238,6.379799995422363,6.264058003425598,-3.2558146411929654,-2.615907264811579,2.37015718622306,0.7580358638769256,14.188857016157364,1
HK.02643,248,20.280000686645508,21.0,-3.428568158830915,0.5490830113382691,6034073.25,122371009.65326929,12.359678255862704,26.747600021362306,37.74519995689392,-24.665673740081807,-32.30974196806299,-56.49935402985299,-31.625081621789096,,0
HK.02648,242,68.3499984741211,65.25,4.750955515894397,0.8580648513585568,610450.5,41724290.74352646,5.114889034580604,77.62538696289063,70.54421539306641,-17.799161491478248,0.30984991990906385,3.12921538060937,3.5889235761535647,,1
HK.02649,74,3.9000000953674316,3.9000000953674316,0.0,,0.0,0.0,0.0,3.9000000953674316,,0.0,-17.721513002364066,,-37.09677072022871,,0
HK.02650,174,11.239999771118164,11.800000190734863,-4.745766191227699,0.963870861123668,5213020.0,58594343.60683441,10.816595850712392,20.894999961853028,,-37.555556827121315,-58.339510890197374,-76.16624298667178,-70.75962494101559,,0
HK.02651,239,14.300000190734863,13.800000190734863,3.6231883557196856,4.933812839543959,64735.0,925710.5123472214,3.9728926357753567,12.08541690826416,10.83155954837799,18.487322379292515,57.94212700265881,35.94305285171368,38.91989506128976,,1
HK.02652,176,18.979999542236328,18.510000228881836,2.539164276298252,2.1369228976241614,625755.0,11876829.613552094,8.917476698519982,20.47120014190674,,-14.581457566341527,-21.310120722037396,-47.101452125922854,-44.11071833357484,,2
HK.02655,128,15.770000457763672,15.75,0.1269870334201389,0.24967874394235695,5952876.0,93876857.24501038,10.200172408722558,25.450400085449218,,-23.44660113720568,-68.45999908447266,,-59.564101390349556,,1
HK.02656,189,10.460000038146973,9.770000457763672,7.062431402805071,0.6427379694092367,8566275.0,89603236.82677746,10.52394771918971,17.990799999237062,,-34.13098260223007,-88.49284943612564,-80.84249023723925,-82.165388293244,,1
HK.02657,120,32.400001525878906,30.719999313354492,5.468757324464162,1.126688822458625,70677.85,2289962.447845841,6.875782263302703,45.04700126647949,,-19.999996232397763,-54.43440061750795,,-61.15411990255264,,1
HK.02658,135,48.400001525878906,45.68000030517578,5.954468481899145,0.932118623448947,161895.0,7835718.2470321655,6.890813294869988,48.50080017089844,,-7.279691918622423,6.326891562286958,5.769237983348879,2.0666457080873193,,2
HK.02659,132,17.799999237060547,16.420000076293945,8.404379746373744,1.0021227573387974,1998144.4,35566968.7955368,8.598351831913362,34.93779998779297,,-27.46536848823895,-80.99306038757324,-74.20289965643398,-74.46197989036001,,2
HK.02660,489,2.1600000858306885,2.130000114440918,1.4084492853487425,2.5725402763337013,363654.8,785494.3992127419,3.099417244954151,2.3454960107803347,2.2434802520275117,-5.676850575890197,-0.5158415153371598,0.7650727234506852,-8.644892231652033,18.595010543658496,1
HK.02661,123,13.470000267028809,14.050000190734863,-4.128113279945221,0.4359404473616896,12426313.8,167382450.2041838,16.76024345556381,34.24800022125244,,-44.24668728434763,-90.75497560112247,,-81.96787039179955,,0
HK.02663,489,0.33000001311302185,0.33000001311302185,0.0,0.6948968512486428,476500.0,157245.0062483549,4.5415388067865665,0.32899999916553496,0.29862499952316285,-5.714280362031807,20.00000216744158,20.00000216744158,11.864416197229556,12.94642957323386,0
HK.02665,128,3.0199999809265137,2.940000057220459,2.721085787382208,0.5543175264939093,20821591.65,62881206.38585965,10.771228485192028,6.542599983215332,,-60.4193979602869,-65.95264915568642,,-70.82125729837252,,1
HK.02666,489,4.46999979019165,4.389999866485596,1.8223217799343223,0.8365981958298462,5996181.7,26802930.940951016,2.6665371433662064,5.0133176517486575,5.526598353385925,-6.465629749422088,-17.196460731676446,-22.0044027059885,-18.99954783101893,-10.116597691556706,1
HK.02668,489,0.375,0.36500000953674316,2.7397233430072485,1.047300619529944,19763500.0,7411312.5,7.0722196806640145,0.34021999895572663,0.26800500009208916,-9.638552399916438,4.166662527455388,179.85073929774165,101.61289844482353,468.18182126057053,3
HK.02669,489,3.25,3.2200000286102295,0.931676121839001,0.5092816167834171,9174343.7,29816617.025,3.3959312955325878,3.7442801856994627,4.333107458353043,-10.499853979019202,-17.756626369801502,-29.232440087756732,-26.914726999739003,-35.26754143612302,1
HK.02670,170,324.3999938964844,310.79998779296875,4.3758065114773785,1.688338105744105,32777.0,10632858.599945068,8.06132685044129,299.9759976196289,,-0.061618053995804827,63.425689620395154,96.24923648362551,194.90908536044034,,5
HK.02671,120,3.7300000190734863,3.799999952316284,-1.84210352950477,0.7510431154381085,11160.0,41626.80021286011,0.8417092635178711,3.8596137237548827,,-7.673265982838111,2.189035247835332,,-51.36714710069966,,0
HK.02675,114,39.439998626708984,37.18000030517578,6.0785322834400075,1.4269802367076132,969035.5,38218758.789232254,10.77222586845417,48.7657999420166,,-26.96296550609447,-27.699359893090573,,-30.318021749166803,,2
HK.02676,134,196.5,195.1999969482422,0.6659851803699115,0.6294116280281019,688972.45,135383086.42499998,9.400989591295867,183.0279995727539,,-5.619595158375899,62.665558804504215,70.4249738066284,64.02336810885146,,1
HK.02677,93,29.799999237060547,29.100000381469727,2.405494317575903,1.9941986947063088,7130.0,212473.9945602417,7.574613790501787,27.293200035095214,,37.58079153735999,-48.173914370329484,,-56.1119314176999,,9
HK.02678,489,5.980000019073486,5.789999961853027,3.2815208717143323,0.5826140528988768,391453.5,2340891.937466383,4.523478575508531,6.64519998550415,5.590750000476837,-5.229792816142094,-12.445093911089627,28.32618486874903,23.80952616009645,59.04255410215335,1
HK.02680,489,5.739999771118164,5.429999828338623,5.709023067766641,0.6970159006752341,44300.0,254281.98986053467,6.431788903329238,8.730999946594238,10.132899961471558,-30.000001163017487,-51.56118492541141,-46.65427835483739,-42.42728568322537,166.97672169810798,1
HK.02682,488,0.1509999930858612,0.14800000190734863,2.0270210404393345,0.2782071097372488,125200.0,18905.199134349823,2.6931683632173096,0.1541799983382225,0.15167500033974649,-10.119050522831195,3.424654318570909,-1.9480559064478,0.6666580571072078,62.02189079672136,1
HK.02683,489,1.1299999952316284,1.0700000524520874,5.60747101292574,0.45496750232126276,436100.0,492792.99792051315,3.54645957463065,1.1702000021934509,1.077831164598465,-4.237284282951545,-9.600000381469727,-1.6963912097279759,-4.237284282951545,78.95411509187488,2
HK.02685,141,11.710000038146973,11.800000190734863,-0.7627131451960233,0.21398702991306118,19173699.8,224524025.3894186,21.11403830827799,15.486200008392334,,12.921891681541197,-49.39498553580178,-53.2721456995186,-56.56528028262719,,0
HK.02687,134,133.0,129.60000610351562,2.6234519570691166,0.7630682956138594,195090.0,25946970.0,6.893426614299998,133.86200073242188,,8.394460723664567,3.7441522355852346,-13.636363636363635,-19.148936170212767,,1
HK.02688,489,41.900001525878906,40.97999954223633,2.2450024253767293,0.5908563336077198,6621230.9,277429584.8131966,3.596848993498701,53.59205574035644,61.84110860824585,-20.266414666787846,-33.474562720674705,-39.66404273063225,-37.644245278455806,-32.10737827912597,1
HK.02689,489,6.579999923706055,6.489999771118164,1.3867512444054289,0.38920936795453714,15871029.45,104431372.57013655,5.746204365680139,6.52979998588562,6.627900006771088,-1.2012000831672758,-9.49105995915729,8.223684313719955,10.033443189278277,109.55413069665678,1
HK.02691,124,6.099999904632568,6.019999980926514,1.3289023913541977,0.2899465553773713,2411203.75,14708342.645049691,4.73282609437213,6.641607065200805,,-5.917687453607419,-21.912499406376078,,-11.84413080691951,,1
HK.02692,75,46.0,44.220001220703125,4.02532503428224,0.661192403486924,998360.0,45924560.0,7.637424910464611,64.8511166381836,,-26.48677199197066,-34.3538857788412,,-36.557078523099115,,1
HK.02693,137,2.880000114440918,2.9000000953674316,-0.6896544920278584,0.9641255605381166,23125.0,66600.00264644623,5.2928667100031985,3.7340492820739746,,-21.739128744669838,-27.539150862414917,-50.56299904699627,-32.33788275465725,,0
HK.02695,124,1.6200000047683716,1.6399999856948853,-1.219511042741837,1.7965926690758907,161150.0,261063.00076842308,2.8181188714179184,1.7936435103416444,,-8.98876231421935,-6.67883293132012,,-24.344567641171697,,0
HK.02696,486,63.04999923706055,55.5,13.603602228937921,1.858332578629107,947587.65,59745400.609547995,8.07250427842416,68.57599983215331,68.5427497291565,-7.956205493342268,-1.7147346261162673,-2.550228421960488,7.593858154970193,27.37373583244555,1
HK.02698,154,25.559999465942383,24.959999084472656,2.4038477703429897,0.9027312949732589,1515328.7,38731800.762727164,5.407088799925923,27.239033966064454,,-8.057553354648984,-12.034843935181431,-16.086985543778937,-16.301181812884238,,2
HK.02699,488,5.039999961853027,5.150000095367432,-2.1359248830568465,0.0,34326.95,173007.82669053075,5.826801930929597,6.131141090393067,15.459785268306732,-18.709675533838443,-32.800000508626304,-28.000000544956755,-4.000000726609003,-86.56000010172527,0
HK.02700,489,0.5699999928474426,0.5600000023841858,1.785712575121809,0.6914433880726015,59850.0,34114.49957191944,4.833974547427874,0.5962000060081482,0.5488249988853932,-6.557380413054316,-5.000004967053534,0.0,3.636360089641049,37.34939862861918,1
HK.02701,65,12.430000305175781,12.720000267028809,-2.279873866077888,0.8393880683606934,12599674.0,156613951.66511536,7.656461420671569,12.630399932861328,,1.0569114831302382,,,10.4888916015625,,0
HK.02706,88,52.0,53.0,-1.8867924528301887,0.5576612391092853,3470519.55,180467016.6,11.832202732894174,57.76299980163574,,-11.3384507295275,-35.0,,-43.844491515264515,,0
HK.02714,93,30.260000228881836,29.059999465942383,4.129390175474108,1.5900235927015893,2950508.4,89282384.85931778,4.393987192675898,35.91137607574463,,-14.27761789549091,-31.451696878846263,,-24.380324433875614,,2
HK.02715,75,17.0,17.479999542236328,-2.745992876467311,0.44394819382610534,17807331.4,302724633.79999995,11.343429213273481,15.98600004196167,,0.9501178501326877,37.20742154104683,,31.782949633426803,,0
HK.02718,159,221.39999389648438,218.1999969482422,1.466543076534157,0.34417714913693015,503208.1,111410270.2686615,17.088335253053955,240.37399841308593,,-31.113877379912996,-0.2702730196016329,9.064036402209052,10.699996948242188,,1
HK.02720,91,19.200000762939453,19.920000076293945,-3.6144543704662766,1.6617210682492582,45350.0,870720.0345993042,4.154878955149182,22.897000007629394,,-14.666663275824654,-30.48515503422282,,-22.51815887443958,,0
HK.02722,489,2.0299999713897705,2.0267508029937744,0.16031415362937812,0.4580064210774997,17229379.75,34975640.39956349,5.850343763077735,2.7812715339660645,2.319749930500984,-25.503542731071093,-21.30262154927535,10.759281337420576,10.176341032751193,76.93222663202458,1
HK.02723,23,328.6000061035156,324.20001220703125,1.3571849879125166,0.3166883364273514,204389.3,67162325.22749329,16.40332531597808,,,-26.15730199920997,,,61.871924188923956,,1
HK.02726,60,114.69999694824219,115.0,-0.260872218919837,0.8235049896098837,234908.0,26943946.883117676,7.142270414005257,110.85999938964844,,8.720376254257998,,,11.359220338099211,,0
HK.02727,489,3.4700000286102295,3.3399999141693115,3.8922190952585756,0.6901009005554829,32096309.05,111374193.32178277,4.394520459533531,4.069101791381836,4.183888700008392,-16.227319030849653,-16.62814346464332,-13.524981869296612,-15.618808411174316,24.019339342246266,1
HK.02728,489,0.020999999716877937,0.019999999552965164,5.000000931322596,0.17147843241397626,5317000.0,111656.99849463999,4.923212533441736,0.023740000165998934,0.026820000149309634,-12.500001940255348,-25.000003326151948,-25.000003326151948,-16.000002384185755,-38.23529830698713,2
HK.02729,64,29.8799991607666,29.81999969482422,0.20120545458220365,1.0845595605629286,500060.0,14941792.380332947,7.344541875245783,32.76359985351562,,-0.8626417854909872,,,-2.671014924412459,,1
HK.02738,488,0.03999999910593033,0.04100000113248825,-2.439029265698055,0.2240398293029872,568700.0,22747.999491542578,7.0060455777023325,0.10050000190734863,0.2225550000369549,-42.857144377669506,-82.97872374153829,-85.96491241829327,-86.20689646313221,-85.18518610500992,0
HK.02768,95,42.959999084472656,45.599998474121094,-5.789472539449074,0.4122799273999299,1120501.2,48136730.52615051,9.479798661444008,38.935962181091305,,11.068816236077202,31.451127839734223,,59.99330005238064,,0
HK.02772,489,0.028999999165534973,0.029999999329447746,-3.3333339542150635,0.8986688025917172,4882028.65,141578.82677611784,13.09954756261304,0.03964000005275011,0.05937500004656613,-32.558143765878505,-47.272728504228205,-60.27397316198767,-52.4590182956333,-65.06024063939988,0
HK.02777,489,0.2199999988079071,0.20399999618530273,7.843138687155083,0.7616046031914874,2383417.2,524351.7811587453,7.111003615219399,0.33939999938011167,0.5140999980270863,-38.02816747696805,-53.684210196096146,-66.6666681718344,-57.69230636971937,-76.08695708511006,1
HK.02779,489,0.33000001311302185,0.33500000834465027,-1.4925358528601556,0.19619865113427346,239250.0,78952.50313729048,5.251561826724353,0.41630000054836275,0.5553999988734722,-17.499997951090364,-39.99999891627921,-42.10526013088135,-41.07142648070443,-44.06779190138522,0
HK.02788,144,14.430000305175781,14.100000381469727,2.340424927503845,0.8661322504054598,9741428.7,140568819.1138481,7.070715539090728,21.037063598632812,,-22.461043353489803,-41.70902993979496,-19.08439891352105,-27.42090959814148,,1
HK.02789,489,0.15000000596046448,0.1469999998807907,2.0408204640181054,0.04193861235616367,3724000.0,558600.0221967697,5.642490639927069,0.17281999975442885,0.15568300969898702,-6.249994179233778,-18.76951715039961,9.402907504862977,10.682464881240158,136.5837820153805,1
HK.02798,489,0.7599999904632568,0.7099999785423279,7.042255412962399,0.5771643663739021,361500.0,274739.99655246735,4.475219469830789,0.9249999928474426,1.0310499933362007,-23.23232493513931,-33.33333333333333,-34.48275755758657,-34.48275755758657,-1.2987000923330156,1
HK.02799,489,0.5799999833106995,0.5799999833106995,0.0,0.3568430261324184,107133401.4,62137371.02401847,5.541195200781273,0.6818000054359437,0.8573499992489815,-12.121218141883071,-20.547949567613223,-34.83146150189509,-31.76470975974841,-46.29629997559521,0
HK.02858,489,1.2000000476837158,1.190000057220459,0.8403352926397583,0.5133855608291061,22379419.15,26855304.047133863,5.733538121551442,1.5806000065803527,2.174565400481224,-23.076917198752763,-43.23143636901538,-56.95364068492527,-49.21874802942815,-40.90909197639165,1
HK.02863,489,0.5600000023841858,0.5600000023841858,0.0,0.008220304151253596,2181150.0,1221444.0052002668,6.949724135101827,0.49170000076293946,0.39600000277161596,-5.084741139541855,41.772148651565665,51.35135004518676,72.30769936149667,67.16417565221491,0
HK.02865,282,20.559999465942383,20.459999084472656,0.4887604396112514,0.6784918134735433,6143417.95,126308669.77106085,7.936961901998293,32.51559978485108,27.10689998626709,-34.27110289444417,-42.31200948922016,32.04881097574421,-6.545456972989169,-3.474177453633965,1
HK.02866,489,0.8700000047683716,0.8799999952316284,-1.136362558800321,0.9477949569815972,14840034.45,12910830.042262798,2.8286962486302607,1.0339999973773957,1.1183946433663368,-11.22449103716459,-24.347824103890794,-20.909092189851844,-18.691592325194904,-15.379736627569985,0
HK.02869,489,3.9200000762939453,3.890000104904175,0.7712074699419454,1.0750031323478175,4386746.3,17196045.83068218,4.195051467499076,4.2740794992446896,4.27971415758133,-6.122304488176495,3.969544321396116,-6.544228561840342,-6.333747002870773,-1.0238475161348133,1
HK.02877,489,7.519999980926514,7.429999828338623,1.2113075998282359,0.3803859738833177,1016614.95,7644944.404609608,3.307880609437523,8.666881551742554,8.530140964984893,-10.262531286036626,-10.843731969419117,-3.2142245404671406,-7.726375343994707,4.7768017721440605,1
HK.02878,489,0.3149999976158142,0.3149999976158142,0.0,0.37119631681174015,4034200.0,1270772.9903817177,4.18269098537424,0.38129999935626985,0.4339999985694885,-21.250001769512867,-19.230766879501108,-28.409091063028523,-28.409091063028523,-25.882355581105298,0
HK.02880,489,0.7200000286102295,0.7200000286102295,0.0,1.3480095924246598,2586401.65,1862209.2619975447,2.902491166015834,0.84,0.8741500005126,-13.25300685690411,-20.879120015389788,-11.111107840623067,-8.860758347611412,3.615486538585751,0
HK.02881,488,11.600000381469727,12.0,-3.3333301544189453,0.4297520661157025,14950.0,173420.0057029724,2.445302322550116,9.549195013046266,6.44701007604599,20.58212598196485,56.06862256453967,113.45085446275007,127.6000587549013,75.43479436663597,0
HK.02882,488,0.38499999046325684,0.39500001072883606,-2.5316506313829312,1.358180895398626,44817.9,17254.8910725832,2.3926457649638277,0.4729000020027161,0.5613749966025352,-22.22222489807606,-24.509804379889626,-27.358488444120756,-23.000001907348633,-28.703708302827348,0
HK.02883,489,6.320000171661377,6.269999980926514,0.7974512103184216,0.98730138564373,9370484.5,59221463.64855027,3.551072562605327,7.928230352401734,7.770281677246094,-16.615528095009722,-31.166419061758997,-6.958002148235252,-8.125894548997579,-1.3866212591798082,1
HK.02885,489,0.8299999833106995,0.8100000023841858,2.4691334404499927,0.6907256499805976,264200.0,219285.9955906868,3.3276490573460915,0.8863961625099183,0.7645098918676376,-7.3066397244125865,-5.313236431371506,13.01649527090875,10.073359373981038,57.93832652681152,1
HK.02886,489,1.059999942779541,1.0199999809265137,3.92156496088299,2.1286043241000434,286794.5,304002.1535894871,1.630455899425351,1.0898668837547303,1.0508981388807297,-0.934589643208842,2.71116120164769,0.8932739284877067,-1.716038052532851,5.564252399968943,1
HK.02888,489,211.0,210.8000030517578,0.09487521126509764,0.4066614832402458,1220198.15,257461809.64999998,2.4532521731131953,200.7079998779297,178.44730194091798,2.129716247094294,29.846153846153843,19.56410763669365,10.280604290131357,70.9540481354449,1
HK.02889,180,117.5999984741211,120.9000015258789,-2.729531025730748,0.35097926633937904,576789.3,67830420.79988939,11.224312363992754,170.1959992980957,,-41.55069569689249,-7.981224048567364,-36.87600829429429,-47.73333401150174,,0
HK.02892,489,0.8399999737739563,0.8500000238418579,-1.1764764455773846,2.727272727272727,10000.0,8399.999737739563,3.025210486751039,0.7339000046253205,0.4556500005722046,-9.677422869507296,112.65821543245696,147.0588132171896,150.74625458210696,112.65821543245696,0
HK.02898,488,6.389999866485596,6.389999866485596,0.0,,0.0,0.0,0.0,6.389999866485596,6.879149949550628,0.0,-0.15625357395032685,-0.7764004703509839,-3.7650603166701484,16.18181575428356,0
HK.02899,489,27.68000030517578,27.459999084472656,0.8011698034889061,0.8006190699366492,69467494.7,1922860274.4957972,4.21587727283265,33.762790298461915,34.60431696891785,-14.37334194617595,-17.976571568805543,-15.14989435462304,-24.016191262561396,43.24308371517231,1
HK.02954,4,2.1700000762939453,2.299999952316284,-5.65216863989143,,,,,,,,,,-9.58333374725446,,0
HK.02958,22,1.4500000476837158,1.4500000476837158,0.0,0.0,52232.0,75736.40249061584,3.7043481344986424,,,168.51851667886905,,,168.51851667886905,,0
HK.02959,22,0.33000001311302185,0.33000001311302185,0.0,0.0,49048.95,16186.154143179952,3.662247349830825,,,-23.255812180500048,,,-23.255812180500048,,0
HK.02967,4,0.1979999989271164,0.2150000035762787,-7.906978775063579,,,,,,,,,,-20.481927494539683,,0
HK.02968,4,0.949999988079071,0.9300000071525574,2.150535566956493,,,,,,,,,,0.0,,1
HK.02969,2,0.3799999952316284,0.38999998569488525,-2.5641002128344392,,,,,,,,,,-2.5641002128344392,,0
HK.03200,93,173.39999389648438,180.0,-3.666670057508681,0.7317780144559014,2261208.4,392093522.7586792,9.29273055839708,162.4427426147461,,-3.666670057508681,54.88110695035241,,58.40113284429545,,0
HK.03268,74,16.90999984741211,16.889999389648438,0.11841597682904464,0.46816433119969686,1097400.0,18557033.83255005,6.46174857670415,22.972999877929688,,-29.068793040353704,-30.18166669357325,,-42.28668843778248,,1
HK.03277,49,91.1500015258789,92.0999984741211,-1.0314842171350571,0.7339241670231126,793653.85,72341549.63851966,8.173433837577617,,,-10.637253406001072,,,30.214287894112722,,0
HK.03288,252,30.799999237060547,29.0,6.2068939208984375,1.1464970377044554,2769740.75,85308012.9868555,3.5217370803863743,32.36106197357178,32.261372270584104,-5.579398388775668,-8.520133187945104,1.1958200817810085,-1.3028480984806035,,1
HK.03296,45,62.400001525878906,63.5,-1.7322810616080215,0.3721054381783543,3309111.9,206488587.60930404,8.584222525935308,,,-20.761902824280753,,,0.6000473425416155,,0
HK.03300,489,0.4399999976158142,0.4000000059604645,9.999997764825855,1.9795848147723363,842900.0,370875.9979903698,6.360620264907682,0.43920000255107877,0.47312999904155734,7.317073525310204,8.641974400173074,-18.518522197817433,-20.00000216744158,41.93548201026084,5
HK.03301,489,0.0430000014603138,0.04600000008940697,-6.5217361375267044,0.6454555274180579,1769900.0,76105.70258460939,14.805583896966807,0.09030000016093254,0.1371950002014637,-52.22222249816964,-65.87301526292802,-71.71052444540474,-67.66917215311358,-79.12621290750155,0
HK.03302,489,0.36500000953674316,0.38999998569488525,-6.410250532086098,0.02596482945827924,797100.0,290941.507601738,5.935120248323425,0.4003999996185303,0.3456400001049042,-14.117647223819082,2.816907202197346,-6.410250532086098,1.3888875091517963,196.7479670364517,0
HK.03303,489,0.5099999904632568,0.49000000953674316,4.081628681073312,1.6078464992767079,4922805.0,2510630.503052473,4.144942899738759,0.5099999964237213,0.5276108807325364,-3.7735815105932082,7.368420392192293,-10.526316339839756,0.0,-26.326632161577567,1
HK.03306,489,17.729999542236328,17.34000015258789,2.2491314083998577,1.2528264598864867,1201960.05,21310751.136286356,4.471866768065061,20.072399978637694,19.433508234024046,-7.559962147384149,-17.096723904573206,-7.378197329443379,-5.842487876074166,13.249879661070018,2
HK.03309,489,0.9399999976158142,0.9600000381469727,-2.0833374725446117,1.045182362547632,353400.0,332195.99915742874,3.8994503755828336,1.094193968772888,1.4836818563938141,-8.549526168365638,-27.11466643644934,-39.79037516959817,-42.97794466989681,-43.34417454148738,0
HK.03310,23,36.29999923706055,33.5,8.358206677792678,0.6494470257696372,748403.9,27167060.999013137,8.52574407886342,,,12.383901221305473,,,-9.022561782318277,,1
HK.03311,489,7.050000190734863,7.019999980926514,0.4273534172344844,0.3376107981252351,12789668.4,90167164.65943566,3.5328907182633094,8.490278396606445,8.961534667015076,-16.719087635189265,-17.845770832444273,-21.896253800215003,-21.22076121234029,-38.57508399491315,1
HK.03313,489,0.054999999701976776,0.05900000035762787,-6.779662087127342,0.41014273417237246,897465.0,49360.57473253459,5.591569235240346,0.09563999980688095,0.1308049999922514,-39.560438660719626,-53.389831043563674,-62.585034186000755,-65.62499941792338,-68.39080385943511,0
HK.03315,489,0.6800000071525574,0.6700000166893005,1.4925358528601556,0.1682018422106528,434100.0,295188.00310492516,2.4606016416111554,0.7220519399642944,0.8114012777805328,-2.8571401810159034,-12.382859137897322,-14.444440778131026,-13.42592128847587,-16.411236972257647,1
HK.03316,489,21.81999969482422,21.1200008392334,3.314388389087907,1.261444454816321,173191.95,3779048.2961460114,2.5202032814792434,23.985999984741213,23.893870067596435,-9.535659470906884,1.5828685280897938,-11.659922992538792,-8.0101166675016,-3.8726584326841382,1
HK.03317,120,119.4000015258789,103.0,15.922331578523211,2.8013453463374263,2374258.85,283486510.3128315,10.864007474952867,222.73999984741212,,-47.400880385075375,-18.775509166068773,,144.67213809954748,,1
HK.03318,489,2.4600000381469727,2.299999952316284,6.956525615122539,1.7094682941258417,1272604.2,3130606.3805459975,11.09398836538706,1.6432000017166137,1.7516500043869019,87.7862706564228,35.164833365395396,29.473687842942386,36.66667240637335,42.19653242919864,1
HK.03319,489,1.6699999570846558,1.6200000047683716,3.0864168005624912,0.7801681833170839,1530964.0,2556709.814298153,4.250875396154907,2.1363035941123965,2.2612918597459792,-26.48006561333914,-13.54942539176824,-22.506015765454293,-25.201460926089688,-39.042488014293205,1
HK.03320,489,4.409999847412109,4.309999942779541,2.320183432950997,0.8530276244897121,10548880.6,46520561.83636856,3.100789893012694,4.891169013977051,4.730083231925964,-2.683228671221018,-1.6300156280430036,0.32434637155124346,0.7692441794583474,-12.532077769356324,1
HK.03321,489,1.2999999523162842,1.2899999618530273,0.7751930820906612,0.6695657935575217,729032.5,947742.2152370214,9.913286136625127,1.0966999953985215,0.651124996393919,-10.958909702068233,176.59573523692816,170.8333294528225,195.45453621828847,128.0701699349358,2
HK.03322,489,0.17800000309944153,0.18000000715255737,-1.1111133186904594,0.2850356294536817,228100.0,40601.80070698261,6.00335402082919,0.19142000049352645,0.2095599991828203,-9.18366951291524,-18.34862046686843,-20.535715354834554,-19.090907243657693,-24.894514555699253,0
HK.03323,489,5.369999885559082,5.710000038146973,-5.954468481899145,1.385597704271559,125250114.75,672593101.8737619,9.158739456728043,5.231161956787109,5.262774252891541,1.1299424374029994,6.673076185338653,14.355294787356252,8.125826722831093,54.37964992246202,0
HK.03328,489,6.909999847412109,6.96999979019165,-0.8608313426920666,0.8098632349149281,34120205.2,235770612.7256699,2.5722772371729463,7.287799987792969,6.876856634616852,-5.3424703168876775,-0.1445119764679487,1.3295689809005917,5.335364446425127,-2.2993167036162747,0
HK.03329,489,0.6000000238418579,0.6000000238418579,0.0,0.5372431871135745,28135023.15,16881014.560791224,8.932251892548514,0.47179999768733977,0.43899999871850015,23.711341473156402,66.66666666666666,53.846165602494466,69.014096331015,110.5263267967951,0
HK.03330,489,12.779999732971191,12.829999923706055,-0.3897131023553452,0.6106257330638486,21879032.8,279614033.34166795,6.3734795843976375,18.447448043823243,20.016122336387635,-21.402216770755583,-47.75554471569565,-28.694156228789108,-32.093270095339406,18.739068241111674,0
HK.03332,488,0.18000000715255737,0.20000000298023224,-9.999997764825855,10.471204188481675,29100.0,5238.00020813942,2.2236295413796276,0.2232399994134903,0.3507349991798401,-7.692300638503319,-52.6315764707211,-48.571425652017346,-52.6315764707211,-62.88659755805308,0
HK.03336,489,3.6600000858306885,3.9000000953674316,-6.1538462478968725,0.6388926386100894,10601347.9,38800934.22392099,11.696629529328666,3.8560000801086427,2.3763500165939333,23.23232493513931,21.59468762215487,125.92593055911732,81.18812477176142,175.18796749870864,0
HK.03337,489,0.8299999833106995,0.8399999737739563,-1.1904750923180183,0.24789755289272422,9961928.4,8268400.405742384,5.5582627562200395,0.9725097942352295,1.0122908690571786,-10.752690652985542,-14.185277147121484,7.003542659100572,8.341081843169954,-42.21808998334895,0
HK.03339,489,2.630000114440918,2.619999885559082,0.3816881419329523,1.1123759238031024,8611656.4,22648657.317525864,4.26194560555854,2.894843864440918,2.8617055439949035,-3.3088203390680304,4.958452475058736,-6.199918215252388,-4.615458579958405,39.77140555408821,2
HK.03347,489,35.65999984741211,33.97999954223633,4.94408572044735,1.760627366852243,2097232.8,74787321.32798767,5.952761189750187,35.387871170043944,42.42607692718506,15.793320791195201,-7.281429753995712,-7.32940030836486,-15.5832815063365,-4.207350720669438,2
HK.03348,489,1.2899999618530273,1.2999999523162842,-0.7692300638503318,0.6410256410256411,16100.0,20768.99938583374,0.37604267875953123,1.2477641248703002,1.1703880873322487,3.09524757693437,14.357756727589532,0.06303581482875702,9.746561629619158,30.332011502039958,0
HK.03355,65,38.900001525878906,35.779998779296875,8.719963256084112,0.5334383349472177,410771.5,15979011.976787567,9.295389052342,40.96476043701172,,7.8934540975730165,,,-16.33686241061762,,1
HK.03360,489,5.389999866485596,5.119999885559082,5.273437245341478,0.9748402848522518,19347737.35,104284301.73329838,4.4616603049429395,6.860830383300781,7.093252227306366,-26.81819129402067,-21.070391071907007,-32.84389963772365,-29.56594350295441,-11.034440909183209,1
HK.03363,488,0.28999999165534973,0.28999999165534973,0.0,0.0,20800.0,6031.999826431274,0.1666669978035691,0.3015552222728729,0.33396108731627466,-5.860463181398445,-10.075666192684446,-16.320416214298767,-16.320416214298767,-18.010543515911287,0
HK.03366,488,0.21899999678134918,0.2280000001192093,-3.947369882962489,4.71953578336557,63900.0,13994.099794328213,1.3148219997181627,0.24795999884605407,0.2684199995547533,-2.6666655187253294,-11.693548241729044,-23.157894901951927,-27.000003973642826,18.37837511296691,0
HK.03368,488,0.16500000655651093,0.1589999943971634,3.773592686022495,0.41440436709418016,792425.0,130750.13019554317,6.991180174051929,0.15858000069856643,0.159216423407197,-6.7796578777597984,3.1250064028428435,6.451616314521787,-5.714280362031807,108.64206498488127,1
HK.03369,489,2.4000000953674316,2.3299999237060547,3.004299311307958,2.384821855351693,739825.0,1775580.07055521,2.5600298625033666,2.3869999980926515,2.574100011587143,7.623321741700094,-1.2345666899427294,-11.439112118666642,-11.764703304297399,10.068812074325614,2
HK.03377,489,0.050999999046325684,0.050999999046325684,0.0,0.4239031880588052,19471017.45,993021.8713809907,5.308582010865097,0.06510000012814998,0.09738000007346273,-21.538460127700667,-33.76623464587729,-53.6363642521141,-48.48484916901567,-47.959183285579925,0
HK.03378,123,27.8799991607666,26.040000915527344,7.066045240198469,1.1071979116267032,107136.25,2986958.560087681,7.479429177139152,28.856399917602538,,-2.449267896459399,18.739351381227497,,63.423212388867036,,1
HK.03380,489,1.4299999475479126,1.4199999570846558,0.7042247017941755,0.40716336597929464,6828003.25,9764044.289356977,5.466321820529181,1.3467999982833863,1.3827999952435492,8.333325054910777,10.0,-10.062898268668793,-19.662923003790187,78.74999077990665,1
HK.03382,489,0.5899999737739563,0.5899999737739563,0.0,0.7464060169464631,3212700.0,1895492.9157435894,3.4814881431617137,0.646143161058426,0.6486112788319588,-9.982274835805105,-8.677670243641057,-7.334694931770139,-5.951639744170171,-2.3366260554731877,0
HK.03383,489,0.14800000190734863,0.15299999713897705,-3.2679708007358252,1.147166561187281,2439249.8,361008.97505249974,6.974952270399292,0.21403999894857406,0.3119799995422363,-24.489792970407436,-45.185186656904754,-51.47541034865589,-46.181818654714526,-63.456789760069235,0
HK.03388,21,25.0,23.34000015258789,7.112252941558152,0.2230312945373211,2232765.95,55819148.75000001,9.199095508653276,,,9.649126476124763,,,9.649126476124763,,1
HK.03389,489,0.25999999046325684,0.24300000071525574,6.995880534141014,3.4214343450001663,1954260.0,508107.5813627243,5.813182222587786,0.2266799983382225,0.16720499996095894,-11.864406094746942,37.56613573065953,87.05035477628317,87.05035477628317,157.42572416874577,5
HK.03390,489,0.2409999966621399,0.23999999463558197,0.41666752037904586,1.4058331033213727,1090500.0,262810.49636006355,4.942310036531609,0.2604599991440773,0.2865449992567301,-7.3076901915509955,-12.363639476870635,-3.212851958398591,-16.896550483850994,-40.49382815980962,1
HK.03393,489,19.540000915527344,20.100000381469727,-2.7860669418625914,0.49338251469420935,6738474.35,131669794.96825752,6.659802555979601,24.31317024230957,20.072409348487852,-9.787622099812982,-30.020829971989443,31.72004821829095,10.767917985411133,158.98661880256532,0
HK.03395,488,0.20000000298023224,0.2199999988079071,-9.090907243657693,0.41652892561983473,130300.0,26060.00038832426,3.9828621670602233,0.25431999683380124,0.29832499906420706,-14.529912298386968,-37.499997671693514,-19.3548361899701,-28.57142781116525,13.636365945427883,0
HK.03396,489,13.5,14.789999961853027,-8.722109298040891,0.6115728259959443,16254701.25,219438466.875,6.846696449046327,12.645399932861329,10.27304999113083,-17.982984502501804,61.48326022020068,49.00661561526885,50.66964221567068,61.48326022020068,0
HK.03398,489,0.11599999666213989,0.11500000208616257,0.869560485075548,0.04032258064516129,196900.0,22840.399342775345,12.340982928887849,0.10390000022947789,0.08275500018149615,13.725489050275936,75.75757165257265,75.75757165257265,96.610162642385,15.999994933605269,1
HK.03399,489,1.409999966621399,1.3899999856948853,1.4388475634778752,0.26310205813706766,168250.0,237232.49438405037,2.136555995192056,1.4506000089645386,1.6242999994754792,-0.7042247017941755,-9.032257419471046,-11.875003399327348,-15.060241266680594,-4.345540232627257,1
HK.03600,489,5.909999847412109,5.849999904632568,1.0256400642336343,1.0552409893462729,512235.8,3027313.4998390195,2.837046031988455,5.823852596282959,5.506635553836823,4.916490771257809,-2.973219123958839,15.508066443171437,12.92688224712156,49.41102247578327,1
HK.03601,489,0.75,0.75,0.0,0.24518388791593695,166650.0,124987.5,2.640339479679352,0.8307999968528748,0.9139499962329865,-11.764708357286219,-11.764708357286219,-16.666664459087173,-16.666664459087173,-21.874998253770134,0
HK.03603,489,0.08399999886751175,0.08399999886751175,0.0,0.4398148148148148,547500.0,45989.99937996268,6.448079341032867,0.0841399995982647,0.05897500002756715,5.000000931322596,47.36841898875884,49.999993347696105,67.99999523162849,100.0,0
HK.03606,489,51.25,49.91999816894531,2.6642665862156765,1.9911569508548053,3197147.05,163853786.3125,3.5151366971373887,56.98769348144531,63.54081047058106,-7.823738477521347,-9.448132154739865,-18.972542151692355,-22.278559601451768,-6.078610283781452,2
HK.03613,489,6.480000019073486,6.210000038146973,4.347825753107082,1.0026045770567023,1008333.3,6533999.803232431,2.6206041383248273,6.790059547424317,7.845416240692138,-0.8690551629292417,-17.231634994272106,-20.672350896093878,-18.31421216799536,-19.368849963130337,1
HK.03616,489,0.23999999463558197,0.22599999606609344,6.194689740345943,0.38461538461538464,5200.0,1247.9999721050262,0.765098143468979,0.21794000059366225,0.2694649992883205,4.347821861674596,5.726870771877531,-36.000001430511475,-4.000002145767212,-7.692306369719372,1
HK.03618,489,5.980000019073486,5.960000038146973,0.335570147625903,0.9431671626582787,11507482.5,68814745.56948781,3.440886470046379,6.561934070587158,6.105227575302124,-3.947013178232766,-4.6962499884109254,4.330183343217868,1.9819232711191375,-3.743933515683806,2
HK.03623,488,0.49000000953674316,0.49000000953674316,0.0,0.6003430531732419,107400.0,52626.001024246216,2.8766498403934566,0.6483000051975251,0.9834750005602837,-27.94117582607435,-34.66666539510091,-54.629630549454355,-55.855855565597054,-56.63716711465096,0
HK.03625,59,96.30000305175781,98.1500015258789,-1.8848685128479703,0.8037358057777644,151329.2,14573002.421820069,5.4550773521509655,115.82899978637695,,-14.929323632589378,,,20.375003814697266,,0
HK.03626,489,1.6699999570846558,1.590000033378601,5.031441636894959,0.9160997732426304,212800.0,355375.99086761475,8.495438032558477,1.9436000037193297,4.159300000667572,-23.394499727295088,-28.632477848722594,-47.151901527697184,-48.136647756322,-83.6274510949724,1
HK.03628,488,0.20000000298023224,0.18000000715255737,11.111108351636926,0.5405405405405406,15200.0,3040.00004529953,0.5798606981169914,0.20203999936580658,0.2044200000911951,0.0,0.5025135787766731,0.0,0.0,83.48624568105554,1
HK.03633,489,2.680000066757202,2.700000047683716,-0.7407400212333817,0.6063758011919487,3507930.0,9401252.634179592,3.734069655700874,2.7314000129699707,2.9476500058174135,-1.1070099987999893,-6.2937005224118066,0.37453146732254694,-2.898547970379774,-36.19047170323289,0
HK.03636,113,15.130000114440918,13.979999542236328,8.226041558372101,0.7586512532768476,391253.0,5919657.9347753525,10.007472427827587,20.275859470367433,,-17.327527223630064,-30.043486485545003,,-59.21053849440824,,2
HK.03638,489,8.0,8.0,0.0,0.9513395297977036,170100.0,1360800.0,3.33279625913004,8.292599992752075,12.031949999332427,-3.6144600462750343,-14.346896474264067,-40.74074074074074,-42.44604158596455,-9.090911061310528,0
HK.03639,489,0.03200000151991844,0.032999999821186066,-3.030297899049148,0.5818181818181818,198100.0,6339.200301095843,2.707021614711045,0.0401400001347065,0.05272000014781952,-21.951217960914253,-28.88888833699405,-30.434779439734154,-39.622637928699206,-50.7692266251207,0
HK.03650,489,1.850000023841858,1.840000033378601,0.5434777327093245,0.7286931012406908,610985.0,1130322.2645670176,5.421414853660239,2.678200011253357,3.8037000155448912,-28.01556140479941,-39.34426056508956,-52.80612275929115,-48.753460454248824,-62.09016433488742,1
HK.03658,489,1.7899999618530273,1.809999942779541,-1.1049713568388595,0.8416547788873039,140600.0,251673.99463653564,1.4509691275667,1.8848598170280457,1.8863672721385956,-7.236616249868182,-2.910862137325489,-4.882217406945287,-2.4051873751028716,2.2987990477842426,0
HK.03660,489,61.599998474121094,57.849998474121094,6.482281934160368,0.7921091467242507,28610.1,1762382.116344452,3.7760439643218695,55.189111328125,72.796027469635,3.7910700216463993,19.292316250331048,-18.859375183718804,-18.486189910200924,-62.64235657322793,1
HK.03661,2,117.0999984741211,125.30000305175781,-6.5442971890826955,,,,,,,,,,-6.5442971890826955,,0
HK.03662,489,0.35499998927116394,0.36000001430511475,-1.3888957875743526,0.009582892499263253,1957099.9,694770.443502596,5.828606505000296,0.3013999974727631,0.3959749981760979,22.413792926264428,-7.792208294861243,-19.318183819370834,-18.390807511390996,-31.730768789906456,0
HK.03666,488,0.024000000208616257,0.024000000208616257,0.0,,0.0,0.0,0.0,0.024000000208616257,0.032424999987706545,0.0,-14.285716186372543,-44.186047921959506,-41.4634157422041,-4.000000596046439,0
HK.03668,489,29.520000457763672,29.780000686645508,-0.8730699223873086,0.46720413123175686,2967042.65,87587100.38620433,4.63299437176029,36.95239994049072,32.566573753356934,-20.857906001153,-37.19148838773687,11.541740420728411,13.59623855604825,-4.141154033582904,0
HK.03669,489,0.699999988079071,0.699999988079071,0.0,0.4445486187744259,4253730.5,2977611.299291581,5.503125503027249,0.9019999945163727,1.4779352882504464,-9.09090838719426,-48.14814994691655,-57.575757685224325,-59.06432909571042,-67.27774962393538,0
HK.03677,296,5.519999980926514,5.389999866485596,2.4118760233974004,0.789441250985476,2367833.3,13070439.770837164,4.158984094741841,7.393600015640259,8.885099997520447,-24.383563880827293,-33.89221881742106,-36.1111138705853,-34.36385159239801,-47.52851957479906,1
HK.03678,489,2.240000009536743,2.259999990463257,-0.8849549119871483,0.4373400829834518,10395540.0,23286009.699139595,6.575759683049174,2.604000005722046,3.279900003671646,-6.276154342405177,-30.65015491302446,-33.92330559824389,-31.91489253771579,-43.165670211094046,0
HK.03680,489,2.049999952316284,2.0199999809265137,1.4851471125267248,1.435897435897436,367900.0,754194.982457161,3.9446187530185104,2.2896000003814696,2.014250007271767,-8.482145375515113,-3.7558759542899,20.588229106784453,28.930811904464328,70.833322571384,2
HK.03681,489,1.0,1.0,0.0,0.22816518345482928,3926831.1,3926831.1,7.588390321538744,1.305599992275238,1.6041999959945679,-19.35483932991305,-40.82840437031116,-32.88590646983213,-28.05755321644248,-51.69081969807453,0
HK.03683,488,0.05700000002980232,0.057999998331069946,-1.7241350517969516,0.0,9625.0,548.6250002868474,0.0862070737355722,0.06170000106096268,0.07658000074326993,0.0,-25.974025534204216,-36.66666915019343,-24.00000298023212,-51.69491552178184,0
HK.03686,489,0.6899999976158142,0.6899999976158142,0.0,2.0199501246882794,410000.0,282899.9990224838,1.6973207613145365,0.7399999988079071,0.736800000667572,-5.479454851034117,-11.538458599376382,-4.166670805877945,-11.538458599376382,26.605514119083747,0
HK.03688,489,0.23100000619888306,0.25999999046325684,-11.153840510802654,0.20853080568720378,11800.0,2725.80007314682,2.360777428051684,0.2848199987411499,0.35345499962568283,-18.94736522892942,-24.26229482567205,-44.99999680689393,-37.567566696791175,-31.04477598662365,0
HK.03689,489,1.5299999713897705,1.5199999809265137,0.657894117680275,0.06102212051868802,13110.0,20058.29962491989,3.0367231335478952,1.753113009929657,1.724605689048767,-10.200959982849803,-18.364505440566255,-7.272727666807574,-0.8033842521043371,-6.9793550304220675,1
HK.03690,489,67.6500015258789,64.25,5.291831168683123,1.3723922727875941,57792923.3,3909691349.430002,4.726918975942389,79.62999984741211,91.3972501373291,-7.8965223462845735,-14.529374325078132,-33.34975219125231,-35.32504539890976,-49.249812470288,1
HK.03692,489,30.31999969482422,28.65999984741211,5.792044159979301,1.0705969243333926,11666983.8,353742945.25551915,3.969370478067284,33.69639991760254,36.29807476997375,-3.5623435757265627,-5.896962923322457,-30.07380242613335,-16.79472876653476,8.913312293017999,1
HK.03696,120,41.380001068115234,38.220001220703125,8.267921890333147,1.7333162839377432,6352899.7,262882996.37162897,11.464603174442031,50.893600387573244,,-0.48100229468984623,-24.62659395626898,,10.111759052444674,,1
HK.03698,489,4.53000020980835,4.539999961853027,-0.22025885746034846,0.6874427700525846,9919695.3,44936221.7902349,3.4639225015288058,5.0051999759674075,3.9568999922275543,-6.597931981783443,8.894239806917623,39.38462184025691,38.53211731594049,36.143345697886446,0
HK.03699,488,0.3799999952316284,0.3799999952316284,0.0,0.5298013245033113,77500.0,29449.999630451202,1.3029025690002292,0.3874706244468689,0.3793551480770111,1.7808213710697747,1.7808213710697747,3.120042921516351,1.7808213710697747,12.546555364241579,0
HK.03700,489,1.399999976158142,1.409999966621399,-0.7092191985804456,0.10932065951169717,11086642.4,15521299.095673848,9.09965395956851,1.0715999937057494,1.0074999988079072,0.7194237817389376,112.12120007987023,44.32989019227106,28.440360851976738,22.80701699349358,0
HK.03708,489,0.19200000166893005,0.1940000057220459,-1.0309298938791562,0.6985833449335574,2378775.0,456724.8039700091,7.907244140851864,0.22611999839544297,0.2815299995988607,-2.0408129131033443,-11.111112644152346,-53.17073089178653,-48.108108325802206,37.1428577510678,0
HK.03709,489,4.760000228881836,4.650000095367432,2.3655942206107063,1.210200120731411,522773.75,2488403.1696534157,4.412112982512876,5.751444673538208,6.7666885995864865,-14.445121326197622,-25.21870234374479,-34.86789968040887,-34.0165029403059,-32.696829084248336,1
HK.03718,489,0.4000000059604645,0.38999998569488525,2.5641078544558447,0.26500389711613404,829400.0,331760.00494360924,1.9452833504981333,0.415604704618454,0.39385881960392,-1.2345667202249964,3.642738626924386,2.378802790010674,6.266605427606016,25.73249645147704,1
HK.03728,488,0.05900000035762787,0.05900000035762787,0.0,0.0,145000.0,8555.000051856041,2.595683284224344,0.060839999839663504,0.06302499996498227,5.357140243737754,-4.838707545359315,-7.812503819877565,-4.838707545359315,84.37499236024487,0
HK.03737,489,0.699999988079071,0.7099999785423279,-1.408449403588351,0.8078491335372069,386150.0,270304.9953967333,7.494214881775554,0.7695999944210052,0.7149999988079071,-5.405408235428679,-19.540231696270077,20.689656589884578,16.666660043928623,-16.66666548403479,0
HK.03738,489,2.319999933242798,2.2200000286102295,4.504500150622547,0.9744814704809712,24124393.2,55968590.61352301,5.79773743319166,2.8721999979019164,4.3146000003814695,-17.142858115994215,-42.85714369605412,-44.230768789906456,-46.04651557361179,-24.91909392604348,1
HK.03750,274,695.0,680.5,2.1307861866274798,0.6894826559680495,3670578.1,2551051779.5,4.97100620815878,689.69,563.9836965942383,-6.648757555406314,0.8258206074848488,38.53627046623658,36.786051303538436,130.2986592702811,1
HK.03759,489,18.270000457763672,17.299999237060547,5.606943719541681,2.4052659429287635,6273093.3,114609417.46259423,5.032585768215347,18.234000034332276,21.30754997730255,4.280821805958635,-1.1363587103598138,-14.225346891209668,-7.866865718327408,17.01783754642694,7
HK.03768,488,0.4749999940395355,0.5099999904632568,-6.862744525137968,0.7606263982102909,43050.0,20448.749743402004,3.38267029589858,0.6250999993085862,0.6965250013768673,-24.603174978613286,-22.13115034421193,-36.666667461395264,-37.5,-19.49152285530103,0
HK.03773,489,2.4000000953674316,2.369999885559082,1.26583169860671,0.3778040141676505,84900.0,203760.00809669495,2.886880064535329,2.5069999742507934,1.8632999980449676,-5.882347441324486,42.857152993987526,56.86275426445919,46.34147050620408,60.000006357828774,1
HK.03778,489,3.0,2.799999952316284,7.142858967489158,16.666666666666668,1000.0,3000.0,0.0,2.8240000009536743,3.0161914002895354,24.999995032946465,-2.9126186624346984,-6.2500013969838415,-6.2500013969838415,-14.931323617151095,1
HK.03788,489,2.1600000858306885,2.240000009536743,-3.571425150243618,0.3680239856101337,3704367.95,8001435.089948452,6.715977366036576,3.110400013923645,3.7951000034809113,-25.25951531402077,-45.72864131961688,-41.93548201026084,-42.245987157143404,4.347833598569212,0
HK.03789,489,0.1899999976158142,0.19499999284744263,-2.5641002128344392,0.4168305151395989,498600.0,94733.99881124496,9.227397507980294,0.1733399997651577,0.10385499998927117,10.46511114143324,79.24528288624812,131.70730776548552,156.7567502259338,251.8518383099876,0
HK.03798,489,1.4600000381469727,1.3300000429153442,9.774435416307956,0.7236842105263158,283500.0,413910.01081466675,1.9217971617628153,1.314600009918213,1.3147999989986419,10.60605910089287,12.307699361496683,2.097908510451529,8.955224013376348,19.672131467909935,1
HK.03800,489,0.6800000071525574,0.6800000071525574,0.0,0.9818985365437954,332787178.2,226295283.5562794,6.647077604066845,0.8369999992847442,1.0902000012993813,-18.072286647503653,-31.313131252316452,-35.23809161586269,-38.73873888386814,-21.839080066028245,0
HK.03808,489,38.720001220703125,39.540000915527344,-2.073848446731333,0.5345086270975679,11769874.2,455729543.39152217,5.992082248767888,40.50399971008301,33.26959364891052,3.9184191222203055,2.055884613145544,33.42522608522023,39.581836842756296,88.31588789190786,0
HK.03813,489,0.3499999940395355,0.3499999940395355,0.0,1.5441213818725374,731650.0,256077.49563902617,2.941858550142003,0.39105467677116396,0.4432975208759308,-10.256408492959162,-17.771961719037453,-22.28999100224699,-24.770094653850734,-28.792412107759702,0
HK.03816,489,1.7999999523162842,1.9199999570846558,-6.250000388051082,0.5033112582781457,485800.0,874439.9768352509,7.976937825173726,2.088199996948242,1.3229845057427883,-28.000001907348633,-41.935483622873484,288.4498415341659,272.59473862559383,521.6860629268252,0
HK.03818,489,0.30000001192092896,0.3050000071525574,-1.6393426604503258,0.5297333614200029,4519150.9,1355745.3238724768,5.069924490340553,0.38869999766349794,0.4404504029452801,-23.076917198752763,-30.23255652772732,-35.48386890028983,-32.58426590047685,-22.44267217455112,0
HK.03822,489,1.0800000429153442,1.149999976158142,-6.086950842960002,31.06317411402157,78250.0,84510.00335812569,3.5814294452995243,1.142999975681305,1.0822100004553794,-15.6249947613104,-11.475408394405292,-10.743800920098646,-10.0,87.50001552204358,0
HK.03828,489,0.7599999904632568,0.7699999809265137,-1.2987000923330156,3.0242085661080074,134900.0,102523.99871349335,1.8035627002431418,0.7776476228237152,0.8673120924830436,-5.000002607703171,-6.1176495535563085,-13.260871384201279,-13.260871384201279,1.4448068415481317,0
HK.03830,489,0.1899999976158142,0.17900000512599945,6.145247025033201,0.39003250270855905,211000.0,40089.9994969368,5.1436278158762265,0.1988400000333786,0.11988500056788326,-6.40393936798081,28.378375112966907,206.45161406616762,163.88889693735592,313.04347227505343,2
HK.03833,489,1.409999966621399,1.3799999952316284,2.1739109777848307,0.8296025948894314,4941575.0,6967620.585057139,5.446041096398999,2.08420170545578,2.2740680247545244,-27.31959149312703,-28.171977412067744,-28.171977412067744,-52.27216840056922,52.996462940425815,1
HK.03836,489,0.47999998927116394,0.44999998807907104,6.6666671081825655,0.5065646872717708,1627138.6,781026.5105426968,8.59125705981075,0.7872999948263169,1.0927749936282636,-34.246578530178894,-56.756758280615436,-48.38709832478263,-52.94117664245861,-25.0,1
HK.03838,489,0.15800000727176666,0.1599999964237213,-1.2499932479111833,0.12383080905315313,5817906.4,919229.2535064579,3.7404226738795425,0.16913395524024963,0.17362115696072578,-5.389214771244863,-3.411821848245295,-7.680918635371705,-7.680918635371705,-10.162615884893745,0
HK.03839,489,8.5,8.010000228881836,6.117350276113114,0.6806508763577898,127445.65,1083288.025,4.906690538953388,8.400999965667724,7.4341999888420105,-7.103821263707115,26.112763926546133,14.401079359118011,17.40331862865844,342.70834322863595,1
HK.03848,489,11.210000038146973,11.199999809265137,0.08928775939409664,12.88888888888889,11100.0,124431.0004234314,0.044642602454638525,11.192206058502197,11.205112533569336,0.17872656956972843,0.2680944336604252,0.08952639142481243,0.2680944336604252,1.8965908678160615,1
HK.03858,203,55.25,60.54999923706055,-8.753095464643048,0.9367363964117608,5294934.95,292545155.9875,11.2018717263178,83.56899986267089,68.01775020599365,-34.6540532160852,-52.69691904415708,50.462957961040225,13.31009413837635,,0
HK.03860,488,0.6000000238418579,0.5799999833106995,3.448282949422888,2.5714285714285716,2250.0,1350.0000536441803,0.8333334989017844,0.5663999986648559,0.6021500001847744,7.1428609441737585,-6.249994179233778,0.0,-11.764703304297399,22.40000471782684,1
HK.03866,489,4.369999885559082,4.309999942779541,1.3921100597705982,0.6275256475976806,3735025.0,16322058.82256031,3.18719120776116,4.483831720352173,4.108645820617676,2.0187561121003026,9.323193277721922,21.18100437297613,19.9120942040714,3.6344381614932675,1
HK.03868,489,0.8899999856948853,0.8799999952316284,1.136362558800321,0.5129313033102922,11404745.55,10150223.376353808,4.450904323740584,1.1324056613445281,1.1899942275881767,-26.722854709307313,-24.300468451536545,-18.217469122028575,-19.652246814038197,-11.448269988885164,1
HK.03869,488,3.4000000953674316,3.4100000858306885,-0.2932548449136124,0.0,50.0,170.00000476837158,0.0,3.4448000526428224,5.096599997282028,-0.8746347173728525,-13.924049257640004,-43.333331743876144,-42.37288067101817,-20.93023384758555,0
HK.03877,489,2.190000057220459,2.180000066757202,0.45871514481795594,0.5892454720534233,24057361.65,52685623.39007327,3.3573370416642394,2.380799994468689,2.170201076865196,-6.0085781575011605,-7.594929832503396,10.92070444923537,7.223346339475007,11.097711342825908,1
HK.03878,489,0.2290000021457672,0.2290000021457672,0.0,2.1081830790568654,158100.0,36204.900339245796,0.8560671800653565,0.2323399993777275,0.22581999853253365,-4.9792509056319965,-5.76131626678205,1.3274363415459611,-0.4347834819205834,18.652848580811117,0
HK.03880,245,23.479999542236328,22.139999389648438,6.0523947133187725,0.7695426897949988,110095.0,2585030.5496025085,5.487153189146717,21.894999961853028,26.52335003852844,8.003678884255432,7.706423687940954,-16.1428587777274,-19.58904476455676,,1
HK.03881,125,21.399999618530273,21.700000762939453,-1.3824937044312893,0.2527583075593101,4274525.5,91474844.06939793,12.842053972787982,24.593399848937988,,-0.2795874580712136,-5.057680792780034,,-4.8888905843098955,,0
HK.03882,488,0.4300000071525574,0.4300000071525574,0.0,0.49573344169036976,109250.0,46977.50078141689,4.124444849401129,0.4791999971866608,0.6189499981701374,-4.444440323629388,-17.307687899064575,-38.57142650351229,-33.84615031925166,-57.42574146408366,0
HK.03883,489,0.03799999877810478,0.039000000804662704,-2.564107707501292,0.17912550473011438,4149666.4,157687.31812954246,8.52815618275218,0.05397999994456768,0.07939000014215708,-28.30188825127069,-41.538461273943874,-56.818182972713934,-45.71428769097036,-69.35483919423652,0
HK.03886,489,0.21699999272823334,0.22100000083446503,-1.8099584122752124,0.18523849456174826,782995.0,169909.90930624306,5.087293860039002,0.2238958138227463,0.24806722067296505,3.7038168521676385,-14.190171241089846,-14.190171241089846,-11.768121614461604,-8.06090549757365,0
HK.03887,127,1.8799999952316284,1.7899999618530273,5.027934932771287,0.7282406105358898,2512390.55,4723294.222019988,8.828374733002287,3.4922000217437743,,-43.202416080620345,-61.632653905271916,,-70.94281211443531,,1
HK.03888,489,21.979999542236328,21.3799991607666,2.8063629795213374,0.4954244776475611,25734989.45,565655056.3304567,5.416655912748169,22.986745109558104,27.774050674438477,4.418044405067186,-6.209746028084866,-21.962800610328728,-24.209245974122815,-45.993301282568,1
HK.03889,489,0.06400000303983688,0.05999999865889549,6.66667411724743,2.497517378351539,433100.0,27718.401316553354,3.4953016942103137,0.073660000115633,0.08587500017136335,-8.571424618059293,-26.436775998373545,-25.581394341457496,-30.434779439734154,-38.46153680830315,1
HK.03893,489,1.149999976158142,1.149999976158142,0.0,7.441776103896796,201564.2,231798.825194335,1.5220234282258172,1.1629999852180481,0.9865499919652939,-10.852712390299727,21.05263058828844,16.161612634354285,13.861384853149497,727.3381208584956,0
HK.03896,489,4.610000133514404,4.28000020980835,7.710278213300168,0.8497429329930691,80037516.9,368972963.59516144,6.107186433062008,7.081800031661987,6.958900020122528,-25.884239726439585,-36.41379126187029,-21.996611632180553,-18.83802336552516,-29.18586833435147,1
HK.03898,489,38.119998931884766,37.47999954223633,1.7075757669826548,0.8037110118244336,5353249.2,204065853.786113,5.4687954390885345,39.333199996948245,39.94146167755127,-5.876545847198109,0.8465600563041255,1.816240197964863,-0.2094288729237487,24.019555340877485,1
HK.03899,489,7.269999980926514,7.340000152587891,-0.9536807929996668,1.4576718241641555,4007949.7,29137794.242554426,4.084943875466098,9.196320695877075,9.136784918308258,-16.244242795803835,-34.883389879675406,-4.313377353599978,-21.328781024245806,18.440455419054825,0
HK.03900,489,6.809999942779541,6.409999847412109,6.240251246322924,1.9951933972855889,13169499.9,89684293.56543517,5.017028729224582,8.968600025177002,9.276200008392333,-23.224351402003403,-29.50310506884818,-20.257611555048616,-18.73508532483023,-26.53211173600954,1
HK.03903,488,0.1679999977350235,0.1679999977350235,0.0,,0.0,0.0,0.0,0.1679999977350235,0.1679999977350235,0.0,0.0,0.0,0.0,0.0,0
HK.03908,489,20.540000915527344,19.920000076293945,3.1124540002951027,0.9742099048687891,17091414.9,351057677.69365764,4.642459219542758,20.3296000289917,20.20594024658203,4.6890929507722285,13.29289501554968,8.333343393189477,1.7839474970633638,25.779132383798377,1
HK.03913,489,0.1469999998807907,0.14000000059604645,4.999999467815674,1.2442175969104832,1784251.95,262285.03643730056,5.712929903807838,0.17722000062465668,0.21237499959766865,-14.53488669270038,-26.865673522831617,-31.94444626493091,-32.87671139668722,-51.00000198682141,3
HK.03918,489,3.559999942779541,3.4800000190734863,2.2988483697581654,0.4614225220152901,4046860.1,14406821.724436808,3.9217080641168147,3.9423999977111817,4.698920526504517,-13.381999339853202,-11.000001430511475,-30.19607824804415,-25.987526296677377,-1.7765022548014437,1
HK.03919,489,0.7400000095367432,0.7200000286102295,2.7777750183035925,1.0484138221914259,327930.0,242668.2031273842,7.5427484306017885,1.3180000042915345,1.3073500031232834,-46.76258869407079,-40.322580335043476,-46.37681071784811,-38.33333498901784,-25.999999046325684,1
HK.03928,489,22.979999542236328,22.440000534057617,2.4064126351474195,1.088522490795582,291450.0,6697520.866584778,7.00425782970449,19.97840000152588,12.236350002288818,1.5017674989132157,50.294307387632806,165.3579670570491,165.3579670570491,1148.9129959438392,1
HK.03931,489,23.8799991607666,23.0,3.826083307680876,0.7325490055273597,4841007.95,115603265.78326444,6.014559802132034,30.495599937438964,29.356699953079225,-18.275154955761195,-16.386555996811737,-11.881923156373377,-8.153849381666916,34.15730440621127,1
HK.03933,489,8.550000190734863,8.229999542236328,3.8882219477205675,1.2776863486654706,8410033.45,71905787.60158658,3.616674624188347,9.072400093078613,11.811163420677184,-2.840909029334046,-18.416025150795207,-30.936994251223542,-27.109969953973224,-45.2776941900019,2
HK.03938,489,3.759999990463257,3.740000009536743,0.5347588469389063,0.546583850931677,82700.0,310951.99921131134,2.85723520891374,3.5918000030517576,2.3661500078439714,4.444446946367871,20.900325314879275,147.3684235292789,154.0540501355603,2685.18506744762,3
HK.03939,489,7.829999923706055,7.650000095367432,2.3529389031985053,0.8194850441013349,30358623.75,237708021.64632082,6.302223139630842,10.78068531036377,10.767498981952667,-27.39350248186905,-32.698651013854466,7.335619271033959,0.6527191564362218,-0.7711121609668083,2
HK.03958,489,5.460000038146973,5.420000076293945,0.7380066658666594,0.7702421959439456,10848553.15,59233100.61283946,4.145810565406867,5.718387079238892,6.367779657840729,-0.28471296711074945,-1.6672457622824808,-14.935536671409041,-18.713468641811524,9.1521063955759,1
HK.03963,488,0.15600000321865082,0.15600000321865082,0.0,,0.0,0.0,0.0,0.1610000017285347,0.17228500053286552,-4.294478022844485,-2.4999958090483205,-3.1055871302834452,20.000006877459263,-44.2857133733983,0
HK.03968,489,44.97999954223633,44.70000076293945,0.6263954687200377,1.6193200245992012,15668199.1,704755588.3456676,2.300492240762686,47.8347998046875,48.488794269561765,-4.5010594491836144,-7.903359128361985,-9.97651771188438,-14.095243881986388,-9.926446884790366,1
HK.03969,489,3.2200000286102295,3.2100000381469727,0.31152617895386386,1.4094916160359117,4200710.0,13526286.320183277,2.0755942735644086,3.4762000036239624,3.5160000121593473,-4.166662823113064,-6.395349562522706,-7.471264052822595,-4.451034481977961,0.08896032987355909,1
HK.03978,489,2.7899999618530273,2.75,1.4545440673828125,0.9308723037913824,1343006.35,3746987.6652683737,3.9975747467797933,3.2162521266937256,3.8953900921344755,-14.939024811305867,-8.463475605530189,-31.61810225447812,-27.139691447971014,-40.05059637886813,1
HK.03983,489,2.0199999809265137,2.0199999809265137,0.0,0.5179082340204879,4961873.55,10022984.476359772,3.125682875307155,2.3417987203598023,2.425125378370285,-6.981033120045549,-23.591560822829063,-11.957357922871784,-12.318183643368592,7.5093613152683645,0
HK.03986,111,1241.0,1083.0,14.58910433979686,1.274727832118562,2560209.85,3177220423.85,9.953690135269145,666.8972283935547,,67.7027027027027,196.0365117459594,,458.05805822290216,,1
HK.03988,489,5.090000152587891,5.059999942779541,0.5928895286087692,0.9453054248912454,271650038.95,1382698739.7060063,2.5714316186633512,5.222599983215332,4.6711460399627684,-2.303260742427213,8.297879981908594,15.94533729821451,12.362029069381277,13.83218639188415,2
HK.03989,489,0.08399999886751175,0.08500000089406967,-1.1764729600463935,0.43808000775362843,4217500.0,354269.9952237308,6.694928405910905,0.0923199999332428,0.09061500005424022,-6.666671633720201,-31.14754268556663,23.529403386025734,13.513510520219668,18.30985368634253,0
HK.03990,489,2.7799999713897705,2.7300000190734863,1.8315000720495702,0.44776987328632917,657189.55,1826986.9301976564,3.505034218244671,3.104000005722046,3.940987300872803,-3.135885636168914,-17.751482921188977,-33.33333523915727,-32.19512107186483,-23.322096167987205,1
HK.03991,489,0.7300000190734863,0.75,-2.6666641235351562,0.96045197740113,543600.0,396828.01036834717,1.9705766805567844,0.9503999960422516,1.072349993288517,-17.045451928515064,-35.964909804054436,-35.39822812797001,-35.39822812797001,-12.048188704574885,0
HK.03993,489,15.390000343322754,15.220000267028809,1.1169518614412752,0.731136500044578,57071375.0,878328480.8439016,5.873097571193033,18.298830223083495,17.9483980512619,-15.671230995491758,-8.878879875921216,-12.29719223147702,-22.30296786414716,124.02122328756198,1
HK.03996,489,1.1200000047683716,1.1200000047683716,0.0,1.2487830296221443,39931924.3,44723755.40641025,3.4562438126387747,1.2559999966621398,1.2139000028371811,-10.399999618530273,-15.789476042922153,3.70370002440479,3.70370002440479,7.527350960270722,0
HK.03997,489,3.359999895095825,3.1500000953674316,6.666660107002255,1.299124631806032,349000.0,1172639.963388443,9.799932470753742,2.163599991798401,1.1012500020861626,20.430105413486185,239.39392552815133,366.66663355297646,354.0540340261971,566.9975419811958,1
HK.03998,489,4.190000057220459,3.950000047683716,6.075949535177333,2.1976804558708136,35695032.45,149562188.00798616,4.095580072141339,4.22020001411438,4.4993920743465425,-1.411763359518612,2.195125723934772,-11.53999173292308,-7.3008832986413195,-4.80336850717501,2
HK.03999,488,0.6399999856948853,0.5299999713897705,20.75472080058264,0.06153846153846154,16300.0,10431.99976682663,3.1269848719432574,0.5673999965190888,0.5993499997258186,16.36363124059263,8.474578668385705,6.666660043928621,8.474578668385705,1.5873000855468575,2
HK.06030,489,27.360000610351562,26.559999465942383,3.012052562105707,0.8866982780271159,14123061.75,386406978.1000328,4.558964265442747,26.507459297180176,27.11965211868286,5.069123073790364,9.33231504918785,5.23282505412941,-2.321629377407398,30.96686085165911,1
HK.06031,162,18.639999389648438,18.489999771118164,0.8112472708873504,0.5878100944081847,9090817.95,169452841.03940505,4.8854843036424445,20.94292423248291,,-2.90441417183943,-11.565521158083225,-17.528273914006252,-14.766776904005601,,1
HK.06033,489,0.5400000214576721,0.5400000214576721,0.0,0.36906854130052724,55950.0,30213.001200556755,3.2277283793643363,0.5762000000476837,0.6255780804157257,-15.6249947613104,-8.47456856590309,-12.903223015391266,-18.181818181818183,-11.871226131113737,0
HK.06036,489,1.2599999904632568,1.2300000190734863,2.439022026387315,0.1274224232168126,3240060.0,4082475.56910038,16.025342113576148,1.0283000010252,0.5934249989688396,-27.16763141204711,142.30769936149667,203.6144616382703,196.4705776755788,183.1460698236948,1
HK.06038,489,0.3400000035762787,0.33500000834465027,1.4925358528601556,0.7723035952063915,387500.0,131750.001385808,2.7248388730660746,0.3816999977827072,0.3114693959057331,-10.526313725600916,-12.820508705793602,62.33766954482586,-1.3157858315557471,58.89831036678348,1
HK.06049,489,26.34000015258789,26.020000457763672,1.2298220184263655,0.8771980321760704,1095739.2,28861770.69519653,3.1151670394003537,29.06626049041748,31.186102800369262,-5.976818399905716,-10.048930764346075,-16.72392780838794,-13.729499837419908,-13.299493354607261,1
HK.06051,489,0.07000000029802322,0.0729999989271164,-4.109587223540079,0.5870992202454569,71438386.15,5000687.051790299,5.70082251588947,0.10538000032305718,0.14142000027000903,-24.731184260144147,-40.67796620871273,-48.14814998779761,-51.38888658932687,-23.913043302207456,0
HK.06055,489,19.760000228881836,18.8799991607666,4.661022813729314,1.513391107288193,2363269.5,46698205.86090946,4.093962108522705,25.296633224487305,34.83631759643555,-18.866779068773944,-43.690439062050395,-40.26348246611977,-43.97403774228145,-36.516790348428934,1
HK.06058,489,0.5600000023841858,0.5400000214576721,3.70370002440479,0.9319166693516412,1306076.55,731402.8711139292,6.974152780877072,0.5722000014781952,0.5077000007033348,-3.4482726727597,33.33333806386084,19.14893697969187,17.894738823423122,47.3684235292789,1
HK.06060,489,9.170000076293945,9.079999923706055,0.9911911161245531,0.6479413245916121,12069167.35,110674265.5203044,4.027152145150803,11.140400009155274,14.783200016021729,-15.092593385685932,-33.065691941890464,-38.7441555596313,-44.49152650002228,-54.9385754083624,1
HK.06063,489,0.6899999976158142,0.6600000262260437,4.545450029951333,0.9894385769872152,1913200.0,1320107.9954385757,7.3646504168618145,0.5785999995470047,0.3519099998474121,21.052632679679512,6.153849680748341,248.48484916901566,253.8461656024945,287.64044134894687,1
HK.06066,489,12.09000015258789,11.970000267028809,1.0025052872356233,0.98834429413141,13604931.95,164483629.35144785,4.772550870058981,11.607800006866455,12.298182997703552,6.519821552837168,7.466668023003472,-1.6273377533435056,-7.920791719637475,27.213954386836352,1
HK.06067,5,9.300000190734863,9.130000114440918,1.861994240559277,,,,,,,,,,-15.45454372059215,,1
HK.06068,489,0.06700000166893005,0.06599999964237213,1.5151545939038447,0.34463382655928076,543100.0,36387.70090639591,12.10173198198767,0.06956000074744224,0.0910400003939867,0.0,-6.944438120648913,-29.473681568769173,-5.633803555899658,-36.190472608791076,1
HK.06069,489,7.610000133514404,7.400000095367432,2.8378383167648535,1.4831498110303916,5219877.1,39723265.427928776,4.72673798101192,8.719200048446655,10.222050020694732,-14.108347309255173,-25.392154158651202,-29.406304990538896,-32.053569079357715,-29.030103889011922,1
HK.06078,489,9.34000015258789,8.720000267028809,7.1100902129941845,1.0909059163487478,4039916.5,37732820.72644234,4.328278033344831,10.452400074005126,12.456750030517577,-3.212429825873887,-19.48275995311211,-18.923613008249614,-26.39873552851783,-36.891891674197794,1
HK.06080,489,0.14800000190734863,0.13899999856948853,6.474822611858408,2.0995475113122173,324600.0,48040.800619125366,4.257661631772175,0.1580200007557869,0.13406000059098006,-13.953490185376506,27.586212212067167,21.311475610066662,30.973455295163987,59.139783223359835,1
HK.06082,118,62.29999923706055,57.0,9.29824427554482,1.2225837088507805,13269269.6,826675485.9563507,11.777328699933424,53.41700004577637,,0.890687023579833,97.02719033378419,,80.78932354102216,,1
HK.06083,489,0.9200000166893005,0.8100000023841858,13.580248639671158,1.5035197237348918,1590000.0,1462800.0265359879,6.870064531294191,0.7611361086368561,0.5834396897256374,6.017929245317037,79.41496571596154,55.2289704498491,85.080698757912,244.65378793875564,1
HK.06086,484,0.699999988079071,0.699999988079071,0.0,0.5068423720223011,534825.0,374377.4936243892,8.882639743109463,1.0437999951839447,2.4465499940514563,-23.076926603825033,-49.275363007405055,-75.0,-68.6098662739068,-82.05128279585024,0
HK.06088,489,6.78000020980835,6.980000019073486,-2.865326772473052,0.6576214421731379,70915734.0,480808691.3987131,7.8409491736677746,8.32540002822876,6.293800009489059,-23.820219096503916,-3.142854145595005,25.09225303266669,32.68101825166494,187.288157253628,0
HK.06090,185,29.0,28.979999542236328,0.06901469316630804,0.3960805738836392,1395275.0,40462975.0,7.169628944156113,37.885600090026855,,-23.684210526315788,-63.38383697293356,-72.32824508060585,-69.21443636995664,,1
HK.06093,488,0.6600000262260437,0.6600000262260437,0.0,0.0,3900.0,2574.0001022815704,2.0623935265896303,0.7308000075817108,0.722700003683567,-1.4925358528601556,-5.714280362031807,-8.333333333333332,-11.999996503194172,-51.111110031850075,0
HK.06098,489,4.920000076293945,4.940000057220459,-0.40485790880267447,0.8617557605349312,9142025.15,44978764.43548117,3.0337537637929834,5.509120378494263,5.686300384998321,-6.977397500792244,-7.136953712334644,-13.377347117304234,-10.808642737284037,-17.21841350886666,0
HK.06099,489,17.219999313354492,16.950000762939453,1.5929117301598055,0.9504594771581291,8130150.2,140001180.86146888,4.31008820789159,14.94920000076294,14.941485962867738,17.622943371094017,28.02973648737424,28.507461220683233,20.419574011694984,38.04485314506642,1
HK.06100,489,2.0399999618530273,2.0,1.9999980926513672,1.2301804024206096,595429.1,1214675.3412861824,5.440808756304295,2.3027676010131835,3.0298192489147184,-5.139501157488375,-21.840292535978953,-42.493894616206475,-44.36752731923338,-39.3514880942888,1
HK.06106,4,106.4000015258789,105.5999984741211,0.7575786584446453,,,,,,,,,,0.37735993007443985,,1
HK.06108,489,0.20600000023841858,0.20000000298023224,2.999998584389708,1.3872103410225423,81404.0,16769.224019408226,0.7145770398914274,0.20890000104904174,0.2672449988126755,0.0,-0.9615403903129845,-22.264146657123927,-28.965515115173133,-41.14285607240636,1
HK.06110,489,1.7699999809265137,1.809999942779541,-2.209942713677719,2.7341943948062863,24397216.05,43183071.943160035,5.943230056487659,2.7850000190734865,2.946251164674759,-36.785713890377345,-37.894735433168094,-43.08681541379999,-38.96551990622422,-31.06813262400074,0
HK.06113,489,1.5800000429153442,1.5099999904632568,4.635765092330359,1.0119840213049267,77500.0,122450.00332593918,9.200712749569565,1.8537999987602234,2.4350999945402148,-7.058823611909541,1.9354897756111937,-14.594593375507648,-20.999997854232788,-77.96373743231506,1
HK.06117,489,0.6299999952316284,0.6200000047683716,1.6129016752173695,1.3846153846153846,36400.0,22931.999826431274,0.9939970494417585,0.6464947140216828,0.6695587208867073,-1.5624985448084445,-6.548292897538486,2.07801880500398,-0.9690925148303048,-21.011059419907316,2
HK.06118,489,0.699999988079071,0.7099999785423279,-1.408449403588351,1.6971125515615793,89250.0,62474.99893605709,3.219252410721908,0.7814000010490417,0.9154999995231629,-10.256408492959162,-2.777783296726149,-27.08333294528225,-21.348314681990463,0.0,0
HK.06119,488,0.4399999976158142,0.4399999976158142,0.0,,0.0,0.0,0.0,0.4399999976158142,0.5246500013768673,0.0,0.0,-30.158730008554684,-22.80701699349358,49.152548194651,0
HK.06123,489,1.1200000047683716,1.149999976158142,-2.6086932184114295,0.33602986932171747,156900.0,175728.0007481575,3.4645924021058976,1.4084000134468078,1.2223500102758407,-23.809524968020284,-15.789476042922153,10.891090628096048,3.70370002440479,0.0,0
HK.06127,489,19.5,18.1200008392334,7.615889055471949,1.6488143182991422,3330223.6,64939360.2,6.510086569724876,19.241784858703614,20.316447310447693,9.257214330117726,19.123472784728783,10.60985711058545,-1.5261894886817327,29.74799654982246,4
HK.06128,489,0.057999998331069946,0.05400000140070915,7.407401530749339,0.11488283147885318,5597340.0,324645.71065843105,7.543066139647739,0.05446000002324581,0.17416500041261315,-10.769230063850333,-7.9365120663333455,-74.89177628803441,-72.76995377421929,-73.87387496234436,2
HK.06132,5,38.400001525878906,44.08000183105469,-12.885662589002386,,,,,,,,,,8.90528461094143,,0
HK.06133,488,0.27000001072883606,0.27000001072883606,0.0,,0.0,0.0,0.0,0.27000001072883606,0.23701500274240972,0.0,29.807694787545262,22.72727826902692,54.285723043947954,-20.588232973867658,0
HK.06136,489,0.7699999809265137,0.7699999809265137,0.0,0.27206013960980846,808350.0,622429.4845819473,3.9866746937910653,0.790800005197525,0.5726749983429908,-13.48314681990463,18.461539872299337,77.01148889798411,60.41666627861558,136.92307974459868,0
HK.06138,489,0.29499998688697815,0.28999999165534973,1.72413633637985,0.5376998894828248,1974250.0,582403.7241116166,2.961465549753819,0.34069999992847444,0.3702750021219254,-10.606068131899294,-13.235298887049812,-18.05556245424102,-18.05556245424102,-22.3684235292789,1
HK.06158,489,0.012000000104308128,0.013000000268220901,-7.692308794464562,0.16668101592767973,2546850.0,30562.200265657157,8.586242014487192,0.016120000332593917,0.02886000012047589,-29.41176792845164,-57.14285809318626,-63.63636312323825,-58.620688104813745,-69.99999906867741,0
HK.06160,489,174.5,165.89999389648438,5.183849559923263,1.2016761515053942,5848835.85,1020621855.8249999,3.6345458966497595,175.38399932861327,189.87200019836425,-1.3009066810278798,3.2544378698224854,-8.01265007526034,-5.420054200542006,12.871923098864514,1
HK.06162,489,0.29499998688697815,0.29499998688697815,0.0,0.016905218077313197,7032800.0,2074675.90777874,8.951919638721884,0.3046599969267845,0.31059499889612197,15.68627153071743,41.14831481774989,-47.32143113731729,22.916663950309097,137.90321911953603,0
HK.06163,489,0.45500001311302185,0.45500001311302185,0.0,4.819277108433735,20600.0,9373.00027012825,0.624434724415254,0.38810000360012054,0.3109150007367134,13.750001583248354,46.774196649565255,62.50000399138245,62.50000399138245,148.63388921450687,0
HK.06166,162,144.3000030517578,148.3000030517578,-2.69723527827843,0.5516534591033229,9671363.25,1395577746.4896584,9.796217296970386,136.97031616210938,,-1.4344200357080692,91.0758228043246,74.90254391476853,50.5144664646617,,0
HK.06168,247,15.710000038146973,15.670000076293945,0.2552645925863173,0.6268730035843675,1650807.0,25934178.03297329,5.447258747679723,17.16999351501465,29.24207368850708,-8.715857792688814,-24.731373571081576,-57.98869353077362,-42.49198671401792,,1
HK.06169,489,0.33000001311302185,0.33000001311302185,0.0,3.3628922237380627,3341100.0,1102563.0438119173,3.81560880787025,0.4062000012397766,0.5101499979197979,-17.499997951090364,-32.65305985911895,-33.99999737739563,-38.88888888888889,-26.666661809991776,0
HK.06178,489,7.460000038146973,7.489999771118164,-0.40053049249576705,0.7754864809035708,2980105.55,22231587.516682003,3.650563022207718,7.821199951171875,8.946075592041016,0.0,-6.516290472225938,-14.055302121375929,-18.5589501919634,-8.410308132590004,0
HK.06181,489,365.79998779296875,371.0,-1.4016205409787736,1.3326892313577248,1251858.3,457929750.85852665,5.744555797549209,516.5882141113282,631.7460052490235,-27.420637342664932,-38.71915132924336,-41.49593491490639,-39.80289616226158,-56.3885935747899,0
HK.06182,489,0.6200000047683716,0.6200000047683716,0.0,0.14332965821389196,720800.0,446896.00343704224,10.684636265681636,0.8320000028610229,0.7248250043392181,-34.73684078438459,-16.216216651604412,-6.060609070941536,-16.216216651604412,106.66666004392862,0
HK.06185,489,22.420000076293945,20.959999084472656,6.96565389119158,1.5374744530499564,814238.65,18255230.59512148,4.8112676195445,27.165999946594237,36.811449956893924,-13.16808543267266,-32.38841924167361,-40.562037776423956,-35.86956331972074,-35.574711012011804,1
HK.06186,489,2.890000104904175,2.8399999141693115,1.760570149506083,0.5914135403596635,31437394.55,90854073.54741393,3.0989931797535397,3.1309727907180784,3.652210612297058,-1.4685499824706194,-19.383365033861672,-26.28209985658459,-25.184566054288744,-45.77867194831055,1
HK.06188,488,0.6499999761581421,0.6700000166893005,-2.985080601935728,0.06097560975609756,54525.0,35441.2487000227,9.930108971050961,0.4895000010728836,0.4606250001490116,-9.722229120907686,58.53658093362245,46.067412720381476,60.49382080121152,109.67741005130422,0
HK.06189,488,0.07199999690055847,0.07199999690055847,0.0,,0.0,0.0,0.0,0.07199999690055847,0.07199999690055847,0.0,0.0,0.0,0.0,-50.34482829494229,0
HK.06190,488,2.299999952316284,2.299999952316284,0.0,1.8168279970215935,14530.0,33418.99930715561,1.3318711335682287,2.2526876020431517,2.1142471861839294,1.1216051658408543,18.312275563666333,42.54491663650467,38.376926514011046,-39.717935473582536,0
HK.06193,489,0.3400000035762787,0.3400000035762787,0.0,0.11680382267056012,378900.0,128826.001355052,5.261308610477603,0.31070000290870664,0.26726999893784525,13.33333002196431,17.241383917124878,30.769236941309597,13.33333002196431,59.62441518189071,0
HK.06196,489,0.8600000143051147,0.8600000143051147,0.0,0.31367233091355223,10047865.6,8641164.55973587,2.674309627995618,0.9897999942302704,1.1342499938607216,-12.244898207432918,-18.095233013299897,-27.118639615855116,-25.217388510027938,-18.863922183536026,0
HK.06198,489,6.5,6.480000019073486,0.3086416800562491,0.8462458321882643,5437768.5,35345495.25,2.758889990777725,7.207687559127808,7.022358696460724,-6.405459062694288,-4.544208083515751,-5.48399910611352,-3.861401752282038,7.5685763594339495,2
HK.06199,489,1.0,1.0,0.0,16.73915042899,64054.5,64054.5,1.6881918036417178,1.0852000093460084,1.0550499957799913,-8.256883543354942,0.0,-2.9126186624346984,-9.090911061310528,-7.546626440387602,0
HK.06600,120,54.70000076293945,54.099998474121094,1.1090615632925986,0.5820316664415709,689498.35,37715560.27104549,9.709865508023062,91.01200035095215,,-41.056035599016795,-52.844826928500474,,-40.54347743158755,,1
HK.06601,489,2.0199999809265137,2.0,0.9999990463256836,0.5206222673723673,967701.2,1954756.4055425643,2.415304557729605,2.2224051094055177,2.206286029815674,-5.347414058239897,-2.7302928678436396,-4.921058331210491,-5.769973582208291,-20.048990729262243,1
HK.06603,245,5.920000076293945,5.670000076293945,4.409171016509162,0.9791373677688503,2674360.0,15832211.404037476,8.522941544175717,9.051901426315307,16.585245711803438,-30.841123994255227,-50.00125247161783,-61.21012303454082,-62.246494072295064,,1
HK.06608,489,4.619999885559082,4.590000152587891,0.653588931893112,0.604008637124693,1200037.35,5544172.419666625,5.717275663780245,6.129199991226196,9.206150002479554,-14.917126489622207,-43.382353284917215,-49.06284409033136,-63.76470677992877,-45.51886633309057,1
HK.06609,489,41.0,40.540000915527344,1.1346795118015665,0.5189669087974172,62417.5,2559117.5,6.132966237175678,48.72939994812012,51.731599998474124,-12.017164501048223,-7.449208338360036,-9.89010989010989,-24.90842280987814,4.193142540943287,1
HK.06610,489,0.8199999928474426,0.8299999833106995,-1.2048181523292238,0.17985479126351114,116014.4,95131.80717020034,5.771722727664409,1.1753999972343445,2.0381499993801118,-18.000000715255737,-44.966443785299745,-49.693251825383115,-42.25351988524342,-85.86206955376758,0
HK.06611,488,0.04600000008940697,0.04600000008940697,0.0,,0.0,0.0,0.0,0.04600000008940697,0.04600000008940697,0.0,0.0,0.0,0.0,0.0,0
HK.06613,239,26.360000610351562,27.34000015258789,-3.584489893075459,0.7155084254220269,39064884.85,1029750388.4893136,9.374179831065092,22.40008075714111,24.68510718345642,9.468441419723236,25.142476211104388,4.188833436364458,4.349874574613401,,0
HK.06616,489,6.800000190734863,6.860000133514404,-0.8746347173728525,0.9226435834020336,1348300.0,9168440.257167816,4.982354656431811,7.652800016403198,7.400750012397766,-6.2068939208984375,-13.265305377701244,-25.27472631120257,-30.894308076342014,43.459926563050146,0
HK.06618,489,33.91999816894531,31.979999542236328,6.066287224759986,1.230669297919323,11200407.55,379917803.58744127,3.6004789427412085,41.34240005493164,55.36675008773804,-11.666674945089223,-30.775513940927933,-41.264072434726735,-39.80479310123997,-18.461539872299337,1
HK.06622,489,2.509999990463257,2.4200000762939453,3.719004600493231,0.7207502623294858,756275.0,1898250.2427875996,5.271184225031439,2.7520000076293947,3.1824500012397765,-1.1811012535560976,-18.770224589536173,-17.704917058865234,-20.820191480950882,-9.386281308792343,1
HK.06623,488,10.899999618530273,10.899999618530273,0.0,,0.0,0.0,0.0,10.899999618530273,10.899999618530273,0.0,0.0,0.0,0.0,0.0,0
HK.06626,489,1.5700000524520874,1.5800000429153442,-0.632910771622848,0.40007295954186917,804609.2,1263236.486203432,2.2131546008953453,1.7012475895881654,2.164633717536926,-10.860235213216123,-13.269419314527514,-34.77577970986817,-34.509563459579425,-41.80231572617614,0
HK.06628,489,1.090000033378601,1.1100000143051147,-1.8018000602490185,1.7739575713240674,666450.0,726430.5222451687,10.353079496329261,1.8374000120162963,2.654350001811981,-31.012657989085714,-52.60869321841143,-57.08661221461577,-51.55555407206217,-27.33333110809326,0
HK.06633,489,2.740000009536743,2.5,9.600000381469727,1.3026819923371646,6900.0,18906.000065803528,0.4197624457562431,2.5917999935150147,2.9272999966144564,9.600000381469727,5.384619616898009,-8.05369154364508,-16.969695480949163,-19.648095584453067,1
HK.06636,60,85.0,84.80000305175781,0.2358454493452306,0.49163893865711117,219732.5,18677262.5,5.104709494827068,97.70399978637695,,-11.319769062959898,,,-15.0,,1
HK.06639,488,1.8300000429153442,1.8300000429153442,0.0,,0.0,0.0,0.0,1.8300000429153442,1.8830000299215317,0.0,0.0,0.0,0.0,-14.084509643527305,0
HK.06651,120,92.1500015258789,98.9000015258789,-6.825075728875237,0.5084980570397301,10639835.85,980460889.8126011,13.983457745337303,83.89599998474121,,-4.9510011072262445,67.54545731977983,,143.1398359257505,,0
HK.06655,489,12.039999961853027,11.720000267028809,2.7303727605233523,1.3630052100914305,2983027.1,35915646.17020655,4.953005877424775,14.7809761428833,16.22993055343628,-16.497327916874433,-18.281094772752162,-25.356757410636675,-33.901234273156014,44.54431951473768,1
HK.06656,50,363.79998779296875,332.3999938964844,9.446448397427746,1.104349924694898,265063.9,96430243.5843567,7.007979358876132,483.7460009765625,,-24.98969323856314,,,-44.83699957650209,,1
HK.06657,484,13.5,12.600000381469727,7.142853899067049,0.3448275862068966,19550.0,263925.0,6.0211182687817555,12.613200035095215,15.62100004673004,14.406777811749057,-16.149070309726163,-10.596028748669434,-27.262928941498554,-63.95193664893164,2
HK.06658,10,155.8000030517578,150.0,3.866668701171875,,,,,,,,,,21.71875238418579,,1
HK.06660,489,1.6799999475479126,1.649999976158142,1.8181801105005106,0.3267760857972388,607620.0,1020801.5681290627,9.777736474562063,2.2790000081062316,3.241000010371208,-28.510637628702916,-40.6360426558651,-50.14836781606593,-51.162793034795385,-54.347828340440216,1
HK.06661,488,4.994999885559082,4.994999885559082,0.0,,0.0,0.0,0.0,4.9727049160003665,4.829858510494232,-0.1911135350458661,1.1321093530514066,6.582343160934926,6.582343160934926,2.0989633254521816,0
HK.06663,489,0.3199999928474426,0.3400000035762787,-5.882356034843122,0.7333333333333333,153500.0,49119.99890208244,1.766579655368889,0.3285000002384186,0.2899251975864172,-13.513516561230885,12.280700653653822,14.285711244660995,6.666660043928621,-1.8682239434040138,0
HK.06666,489,0.7799999713897705,0.7799999713897705,0.0,0.6359683812809473,35259864.6,27502693.379207183,6.789250582834104,1.2771999955177307,1.205849995315075,-35.53719447940812,-30.357145708130318,-40.458014850384146,-31.578949019519264,0.0,0
HK.06667,489,7.110000133514404,7.110000133514404,0.0,0.43859649122807015,4640.0,32990.400619506836,1.5143091082167515,6.947789030075073,7.0027223443984985,0.7082180048174062,4.962764029474537,1.1724420148599972,1.1724420148599972,1.1724420148599972,0
HK.06668,489,1.2200000286102295,1.190000057220459,2.521005877919275,0.34112444725205304,221300.0,269986.0063314438,1.7995710403742031,1.2826919770240783,1.284488520026207,-6.424428375444053,-2.9328056815516406,-5.058361066115143,-5.746348582336615,5.353150865773147,1
HK.06669,489,8.279999732971191,7.71999979019165,7.253885466305679,1.0233206507478352,369095.65,3056111.8834408284,5.30553852229134,9.17880000114441,12.048850009441376,-6.966291147565998,-29.411764227634347,-37.744363802797075,-39.694100444066336,15.642456835580685,1
HK.06675,8,35.599998474121094,33.86000061035156,5.138800450102724,,,,,,,,,,-14.628302583245246,,1
HK.06676,318,0.49000000953674316,0.48500001430511475,1.0309268214748768,0.11065789730478737,2540875.0,1245028.7742316723,12.847419833761355,0.843699996471405,1.5805250012874603,-34.66666539510091,-63.43283602006452,-72.31638334367378,-71.17647083572862,-86.15819167183689,2
HK.06677,489,0.33000001311302185,0.32499998807907104,1.53846929764635,0.01176415227518705,85054.0,28067.82111531496,4.010049892497102,0.34403483927249906,0.4057285365462303,-5.714280362031807,-7.852387569842223,-25.06677389559404,-17.844290185056856,-35.67052532485535,2
HK.06680,489,16.1200008392334,16.389999389648438,-1.647337159668012,0.8893224884199503,5743736.25,92589033.1703353,5.4142216911153085,19.364325523376465,20.510452299118043,-15.557879987506817,-16.200559679386583,-12.330127441762425,-15.33127406675562,-8.03014413595418,0
HK.06681,360,1.7999999523162842,1.6699999570846558,7.7844310522361555,1.6863396524002552,19012100.0,34221779.09343243,7.853731709735203,3.062400012016296,5.341549986600876,-31.558940152406578,-56.52173888004769,-66.72828090416084,-73.52941320841695,-74.02597407065433,1
HK.06682,489,24.780000686645508,23.8799991607666,3.768850743334843,0.8068944433479533,6486940.8,160746397.47822875,5.678855588698601,33.33320003509522,44.736700010299685,-24.863550543987635,-28.17391105320143,-39.70802528800965,-44.95779556934187,-48.85448855224722,1
HK.06683,489,4.150000095367432,4.159999847412109,-0.24037866373717467,0.8900387674839482,3583630.0,14872064.841761589,4.955762739202256,5.368599987030029,7.105150005817413,-25.760286545856548,-50.94562557145777,-31.177446915887746,-30.602005315538218,-23.148147739337148,0
HK.06686,489,16.959999084472656,16.969999313354492,-0.05892887027971938,0.01169248757673195,8132.5,137927.19255447388,2.913064063793948,16.72579973220825,18.02859983921051,4.562267585972685,-11.017840715169697,-7.725789668832168,-1.96531888775771,5.972947111157776,0
HK.06687,167,13.699999809265137,13.510000228881836,1.406362525273075,0.2312938680717106,4055011.0,55553649.92656803,9.170288645742534,16.17779998779297,,-16.91934506111786,-28.645837162103767,-54.27236239013964,-55.25800315553443,,1
HK.06690,489,20.31999969482422,19.700000762939453,3.14720257803815,0.7177278313652827,23481722.55,477148595.04994696,3.3077293708632842,20.815599975585936,24.227107572555543,3.14720257803815,-16.584568203214996,-21.725730310298303,-19.68379325063934,-6.509535410783767,1
HK.06693,320,23.579999923706055,23.399999618530273,0.7692320859408922,0.5692094235977,5852646.25,138005398.12847853,5.059533237122553,33.50342311859131,33.52190160751343,-23.091976382718897,-43.3872645248055,-19.190504325660925,-22.35124275146698,-21.57218737447006,1
HK.06696,488,2.940000057220459,2.940000057220459,0.0,,0.0,0.0,0.0,2.940000057220459,1.6128649635612964,0.0,10.943394393078988,518.9473882342312,425.0000079827648,281.8181987073378,0
HK.06698,489,0.8999999761581421,0.8700000047683716,3.448272554637248,0.06632135032177783,194420.6,174978.53536465167,7.314521196316407,0.9174000012874604,1.1448500028252602,-2.1739174096029172,-9.090912374911527,-21.052632679679512,-11.76470656983444,-56.73076878990646,1
HK.06699,489,68.9000015258789,67.0,2.8358231729535914,0.7249722105153132,430700.0,29675230.657196045,3.7274568434599713,75.62761245727539,66.1720652770996,-2.0611186633864427,8.481475611022518,25.348184543516204,21.12873979507186,30.713139369475616,1
HK.06805,488,3.1600000858306885,3.259999990463257,-3.0674817461689026,0.7507218479307026,104200.0,329272.00894355774,2.259838629743279,3.365599970817566,2.6724194717407226,-6.784661119648777,19.245281966397197,25.39682975191411,28.979592829731672,77.57991447251406,0
HK.06806,489,2.4800000190734863,2.4700000286102295,0.40485790880267447,0.6429049918604444,13300660.1,32985637.301689956,3.8493327925184264,2.721999988555908,3.038103542327881,-4.247100337495778,-12.367488129618835,-16.77852338254197,-20.766775450534926,7.864341060351878,1
HK.06808,489,0.9399999976158142,0.9599999785423279,-2.083331393077926,0.45994994304687237,35270223.55,33154010.052909233,8.678895998373662,1.2769635534286499,1.5289135229587556,-34.46906530662108,-36.957586456255896,-42.088944567618704,-42.75458873796067,-55.566535315268716,0
HK.06809,92,447.6000061035156,419.79998779296875,6.622205602411049,1.3153151580277003,4232333.15,1894392343.7721117,9.292942863305651,368.20800018310547,,11.900001525878906,137.20191486080742,,155.77143205915178,,1
HK.06810,41,67.9000015258789,67.8499984741211,0.07369646703364974,1.1562070405624096,463408.5,31465437.857105255,6.694292143656081,,,-8.736558960605766,,,-19.92924636519643,,1
HK.06811,489,1.0700000524520874,1.059999942779541,0.9434066238083006,0.7777643923398662,443701.0,474760.09327304363,2.210804442937595,1.0740173840522766,1.0587003922462463,1.9047715280065776,0.7780485159513587,4.5454587808969436,1.6942141503635453,28.229819075144384,1
HK.06812,489,0.28999999165534973,0.28999999165534973,0.0,148.0,10500.0,3044.999912381172,0.34482726727597,0.29759999573230744,0.24175999954342842,-1.694913713180618,-6.451616314521787,46.46464304381055,48.71794989358278,85.89742671279531,0
HK.06816,488,0.1899999976158142,0.1899999976158142,0.0,0.0,2300.0,436.9999945163727,0.0,0.19147999852895736,0.20696499899029733,-2.5641002128344392,-9.523807834335413,0.5291016137011844,-12.037040422503098,75.9259191549938,0
HK.06818,489,2.9800000190734863,3.130000114440918,-4.792335140033205,1.4132919190513988,26294455.15,78357476.84852692,3.0205241183099676,3.171400032043457,3.2953034400939942,-2.295079814333678,-9.14634008942296,-15.598726157229947,-15.829326553182737,-19.704770621373545,0
HK.06820,489,0.3700000047683716,0.35499998927116394,4.225356605785697,0.9042371946319264,1131725.7,418738.51439648867,5.806420469137667,0.4178483837842941,0.48732955306768416,-5.1282004256688785,-16.853930176305184,-20.282636123007226,-17.738462013487958,-61.71987826226055,1
HK.06821,489,123.69999694824219,111.30000305175781,11.141054408343555,4.018301277529855,647007.85,80034869.07048874,6.597777501722221,96.39251983642578,87.22190261840821,36.3181288768144,63.72413499218368,63.72413499218368,70.39767184083247,71.9039337525047,4
HK.06822,489,0.39500001072883606,0.39500001072883606,0.0,1.797752808988764,67700.0,26741.5007263422,2.070412001145448,0.3934000027179718,0.40604999974370004,0.0,-1.2499987892806712,-4.819272609316895,-3.6585331282255105,9.722229925754961,0
HK.06823,489,11.8100004196167,11.699999809265137,0.940176172177831,0.6258204629884556,7766663.95,91724304.5085219,1.8075918760320573,12.03727590560913,11.531738181114196,-2.3966938240526114,0.9687919847773255,4.491961490216369,5.479423234924804,11.3958516576584,1
HK.06826,489,15.479999542236328,15.229999542236328,1.6414970946433183,1.059026731321227,239063.5,3700702.8705654144,3.803250975397808,18.907569923400878,23.440821981430055,-11.72079330111721,-29.229116734080563,-39.635042414009824,-33.7724308146062,-34.552850248838546,1
HK.06828,489,0.028999999165534973,0.02800000086426735,3.5714223942892365,0.536015574302401,6042400.0,175229.59495782852,3.8621471096127324,0.03414000045508146,0.038780000237748025,-6.451614066167647,-23.684210268331686,-17.142859879805105,-9.375006912159405,-32.558143765878505,1
HK.06829,489,2.0999999046325684,2.1600000858306885,-2.7777860562003345,0.045317220543806644,88050.0,184904.99160289764,5.840700205480143,2.3971999979019163,2.289900001883507,-7.894739869118656,-18.60465245223681,-28.813563705483713,-28.571433205414472,22.807009227217083,0
HK.06830,489,0.20999999344348907,0.20999999344348907,0.0,0.19756838905775076,115000.0,24149.999246001244,3.151224569824023,0.22745668083429338,0.2423072101175785,-10.309220809637033,-11.430354492614358,-18.243399799345408,-16.640329017531553,-12.523805888205896,0
HK.06831,276,6.389999866485596,6.039999961853027,5.794700444421707,1.1095641779782284,1176706.2,7519152.460892772,4.3435546645875505,7.633199987411499,7.0507499837875365,-12.225279088916176,-17.012986691288802,5.445543346898013,-5.613000229121312,-0.9756932026093562,1
HK.06833,488,0.15800000727176666,0.15600000321865082,1.282053853750646,0.0,206200.0,32579.601499438286,2.5427288060855155,0.18091704428195954,0.18632471598684788,-16.402110603674437,-10.45300142708337,-12.899637114713677,-9.947086954320946,-14.762750637418323,2
HK.06838,489,0.23999999463558197,0.23999999463558197,0.0,0.18604651162790697,41400.0,9935.999777913094,0.208922292696172,0.24493999868631364,0.24772499941289425,0.0,9.090907243657693,-14.285716566504256,-11.111116630059483,-11.111116630059483,0
HK.06839,489,0.09300000220537186,0.09300000220537186,0.0,0.03380281690140845,177800.0,16535.400392115116,4.574433362957232,0.10746000036597252,0.15025500033050776,-10.576922801383859,-27.34375172803985,-43.975900153598666,-35.86206559902413,-46.85714069191287,0
HK.06855,489,33.619998931884766,30.479999542236328,10.301835422593495,1.5990370947539696,2610537.3,87766261.23764533,5.920718713137917,39.53599998474121,53.91005020141601,-14.322126672247427,-21.22774439669419,-42.92020702730689,-33.94892352843748,-52.14235027489713,1
HK.06858,488,2.869999885559082,2.869999885559082,0.0,0.0,44600.0,128001.99489593506,2.7479052917964597,2.9362000322341917,3.1784999895095827,-0.6920490871662418,-6.818183225611482,-12.500002725822194,-11.692311213566708,-19.154931715239023,0
HK.06860,489,0.1459999978542328,0.1379999965429306,5.7971025447188715,0.5286683107274969,645150.0,94191.89861565828,2.5244143073011474,0.16694000035524367,0.1889599995315075,-10.975613523493951,-23.56021040439645,-17.045455315142625,-18.888893304047585,-17.9775307235987,1
HK.06862,489,11.09000015258789,10.869999885559082,2.023921521113183,1.0346903942836114,14517368.55,160997619.43467465,3.378549111911248,13.21374656677246,13.925832481384278,-13.087774657824502,-28.09665921480619,-18.71127040718854,-20.911311734712374,-21.326297783347115,1
HK.06865,489,6.119999885559082,5.900000095367432,3.7288099429759343,0.8388289379532596,5906088.35,36145260.02610183,5.114541040938278,8.160579071044921,9.98123586177826,-26.17611684293536,-34.920963463653294,-34.9887519428048,-36.18527821863701,-24.350545207117875,1
HK.06866,489,0.32499998807907104,0.32499998807907104,0.0,5.251989389920424,47600.0,15469.999432563782,2.573655268946818,0.3245000046491623,0.32272500053048137,-1.515159040990203,-8.45070481655075,16.071423819782805,8.333325054910777,17.610625128676507,0
HK.06868,489,2.680000066757202,2.6500000953674316,1.132074351326048,0.009746588693957114,307800.0,824904.0205478668,1.4313846675593802,2.740155634880066,2.762450942993164,-5.964906791717355,-4.561759956257504,3.659513306143241,2.507746397826978,-12.657610070633925,4
HK.06869,489,239.39999389648438,250.60000610351562,-4.469278505286567,0.9103866006881477,23450803.55,5614122226.737655,11.021680797704441,234.84000122070313,118.16390020370483,5.369717038782107,55.656689952028074,445.5788242230488,356.87020405572196,1329.034014355175,0
HK.06871,29,21.0,21.5,-2.3255813953488373,0.144349437654287,2734568.4,57425936.4,18.970351452525904,,,-34.375,,,-60.93023255813953,,0
HK.06872,25,235.0,242.39999389648438,-3.052802839444172,0.643543117388865,75510.1,17744873.5,8.8212064396015,,,15.422393396451959,,,11.374407582938389,,0
HK.06877,489,0.10499999672174454,0.10599999874830246,-0.9433981494022772,0.6030150753768844,152500.0,16012.499500066042,2.4911719951536444,0.11695999965071678,0.15731500092893838,-1.8691626529275176,-29.530205403000892,-26.57343229371167,-26.05634275775781,-71.23287836211013,0
HK.06878,488,0.03700000047683716,0.03700000047683716,0.0,,0.0,0.0,0.0,0.03700000047683716,0.03700000047683716,0.0,0.0,0.0,0.0,0.0,0
HK.06881,489,7.329999923706055,7.210000038146973,1.664353466354807,0.9351004339688939,19304656.55,141503131.03867158,3.9965697572900742,8.057199993133544,9.791596229076385,-5.5412408826403015,-21.01292958379,-27.06467876026896,-29.721958684233048,-7.061503361768463,1
HK.06882,489,0.44999998807907104,0.44999998807907104,0.0,1.0039630118890357,74700.0,33614.99910950661,1.6567171823685747,0.4615857261419296,0.47134108692407606,-3.0769291996248245,3.109652322404232,-3.0769291996248245,-3.0769291996248245,-14.979761689858073,0
HK.06883,246,2.0299999713897705,2.0299999713897705,0.0,,0.0,0.0,0.0,2.0299999713897705,2.04282097697258,0.0,0.0,-1.4563093312173492,-3.3333303057956836,,0
HK.06885,489,0.699999988079071,0.6800000071525574,2.9411736347271384,0.09518370454978108,250350.0,175244.99701559544,5.718066859967517,0.9945999920368195,1.1485999965667724,-33.333331441122304,-36.36363882663816,-43.54838849230437,-30.000001192092896,-30.000001192092896,2
HK.06886,489,16.709999084472656,16.5,1.2727217240767046,0.4975422316925238,12256831.05,204811635.62403604,3.6918678125702096,16.42819995880127,17.894585251808167,5.425859194352804,3.6600385516314637,-9.528967484093466,-15.134593035843139,15.098562938438045,1
HK.06887,218,35.36000061035156,34.0,4.000001795151655,0.838217958518642,521631.8,18444900.766378783,4.593422613470195,38.55879981994629,43.7731999206543,-3.123285999036815,-14.671810371245355,-19.416591272497953,-20.788528015636157,,1
HK.06888,488,0.10400000214576721,0.10400000214576721,0.0,0.0,82700.0,8600.800177454948,3.013628504749475,0.12640000000596047,0.14131000068038702,-13.333329608042952,-22.388060033440873,-20.61068372330204,-28.275858525288555,-38.46153710503767,0
HK.06889,489,2.7899999618530273,2.7799999713897705,0.3597118908694688,0.865769288030321,58475.05,163145.38726935387,1.9402796594594887,3.045306057929993,3.205610553026199,-2.9126677555635334,-10.67965196375102,-15.98796934701961,-14.870635769061632,-16.45469615298916,1
HK.06890,489,0.699999988079071,0.5,39.99999761581421,2.784313725490196,280100.0,196069.9966609478,7.971815257023154,0.5282999974489212,0.40867499977350236,11.111110059882801,77.2151820420113,97.1831011928233,84.21052549024036,74.99999441206462,2
HK.06893,489,0.18000000715255737,0.17800000309944153,1.1235977630846006,0.24407012719147472,1161200.0,209016.00830554962,9.94826219824192,0.18658000022172927,0.22346500001847744,-22.746776504641584,-19.99999470180921,-24.99999534338702,-32.07546533236226,0.5586603340340764,1
HK.06896,489,3.0399999618530273,2.940000057220459,3.4013572342277603,2.1573562885609885,338156.2,1027994.8351003648,2.71433082689762,3.144123935699463,3.054875090122223,-0.5833766389705513,-5.064121836627022,3.699186667879001,9.77927628256858,-27.051435304730713,2
HK.06898,488,0.75,0.75,0.0,0.0,11300.0,8475.0,3.194758097982263,0.6863405704498291,0.7197444829344749,4.465133199995384,7.44985460480456,5.936483633443901,3.034110891616086,29.933981345261362,0
HK.06899,488,0.23000000417232513,0.23000000417232513,0.0,,0.0,0.0,0.0,0.23000000417232513,0.2347250013053417,0.0,0.0,0.877194759679889,4.545457008456409,21.05263529391835,0
HK.06908,489,0.38999998569488525,0.38499999046325684,1.2987000923330156,0.39136586687539515,796662.5,310698.3636036515,4.474904450498969,0.4366999983787537,0.4849249975383282,-10.34483136612886,-14.285719899966379,-23.52941313966888,-17.021279428921556,-22.00000286102295,1
HK.06909,488,0.25,0.25,0.0,0.0,292400.0,73100.0,5.2499076719513615,0.2777796804904938,0.3902831465005875,-1.8055098708276511,-23.933847555726796,-44.89084935125307,-37.2012033018334,-37.2012033018334,0
HK.06911,489,2.3299999237060547,2.299999952316284,1.3043466092057148,0.006154793045083859,12585.0,29323.0490398407,1.432485148833868,2.714200010299683,2.7435500049591064,-2.9166737033258396,-18.815330431549278,-8.627452263690953,21.354165405500652,-23.606558684154553,1
HK.06913,489,0.13899999856948853,0.13300000131130219,4.511276089496149,0.013283152534868276,452000.0,62827.99935340881,7.5144439696215715,0.1662200003862381,0.25401500053703785,-12.025321410015712,-43.03278811165831,-53.66666898462499,-52.06896463132213,-48.02991134901922,1
HK.06918,489,0.14499999582767487,0.14499999582767487,0.0,0.0837285555360384,5135000.0,744574.9785751104,3.4572123340924463,0.15144000053405762,0.16565000034868718,-4.605262835414611,-2.6845691279350663,-11.585370839918467,-14.201185779742499,-3.3333399560713786,0
HK.06919,488,3.8499999046325684,3.859999895095825,-0.2590671174877994,0.0,2460.0,9470.999765396118,1.3185505399345674,3.8283436346054076,4.22241715669632,8.55262295490817,-0.9695291283424554,-8.745590726765771,-0.7207123682225026,3.6971388819624336,0
HK.06922,489,3.8399999141693115,3.9000000953674316,-1.538466146946781,0.8610305598929289,43480.0,166963.19626808167,2.08088643796449,4.937000012397766,5.8464499938488,-21.63265633811452,-31.428571793497834,-36.945815797105716,-43.44624542352199,-22.109532497420677,0
HK.06928,489,0.20000000298023224,0.20000000298023224,0.0,0.5874254245066545,220100.0,44020.000655949116,3.424354889453871,0.22739999890327453,0.23039499923586845,-17.355370221506995,7.526880772847906,-16.31798779700852,-21.56862481563465,4.166667313418449,0
HK.06929,489,3.950000047683716,3.890000104904175,1.542414939883891,0.4290382156556329,170650.0,674067.5081372261,3.2895662895249838,3.9808601760864257,3.914112722873688,-3.7968019021956567,9.68721254073505,10.882707954005848,12.725636669322505,19.540064264099723,1
HK.06933,489,1.75,1.7699999809265137,-1.1299424374029994,0.3677238057005219,3738000.0,6541500.0,11.739337578026795,1.1758000004291533,0.6903000004589558,62.03703059826394,191.6666550768751,196.61018267612138,143.05554589739592,1058.940450417716,0
HK.06936,387,30.15999984741211,29.219999313354492,3.216976578189057,1.320311455411376,1868435.9,56352026.458899304,2.5341646890084104,32.694580192565915,34.78217366218567,-3.580565264218695,-11.40564510815413,-10.576696650639775,-13.067730695735195,-32.74878210105346,1
HK.06938,113,45.7599983215332,44.97999954223633,1.7341013500110292,0.25473923498266515,172251.5,7882228.350881577,5.934679791974633,56.645,,-21.374574361393798,-19.789660063997314,,-44.26309479657627,,1
HK.06939,489,2.0899999141693115,2.1500000953674316,-2.7907059784509536,1.206381883685023,788700.0,1648382.932305336,6.1369459052739455,1.944599986076355,1.1559999956190585,-12.184881778450247,23.668629787310884,194.36619399062596,182.43241719384557,359.3406272386538,0
HK.06955,489,4.800000190734863,4.53000020980835,5.96026420356251,4.0011095480573005,5606980.0,26913505.069446564,5.727038189794302,5.884000034332275,8.669250020980835,-16.230363442284936,-27.272723331924254,-45.88500278844912,-41.46341094652992,-61.10210590452685,1
HK.06958,489,0.09200000017881393,0.09000000357627869,2.2222183589583624,4.028176363162014,660650.0,60779.800118133426,2.445979705639862,0.10106000050902367,0.11383500039577484,-4.166667313418449,-19.29824549937549,-18.58406922103783,-17.857145232965678,-27.559057289213694,1
HK.06959,489,3.3499999046325684,3.1700000762939453,5.678227886639715,0.308472427635749,24030.0,80500.49770832062,2.8473477829921343,3.664200015068054,5.403449994325638,8.064516377126521,-41.63762999628167,-45.4397397804825,-47.65625227009874,-46.74085969873898,1
HK.06960,205,8.020000457763672,8.149999618530273,-1.5950818018571258,0.2774229602426952,470415.0,3772728.5153388977,6.041031803162255,12.909075241088868,15.552393503189087,-44.4719714055328,-38.666766243944586,-44.54803833669303,-47.4286578759992,,0
HK.06963,489,3.4100000858306885,3.619999885559082,-5.801099623404012,1.4873610717889725,24225602.65,82609307.11580014,4.435328031169587,3.3786451864242553,3.561838998794556,2.8426704364057858,-1.8697982353742704,0.8484906688237305,-8.064888323464837,16.977328643960142,0
HK.06966,488,0.5199999809265137,0.5199999809265137,0.0,0.0,11500.0,5979.999780654907,0.24022541660340427,0.47060000002384184,0.48707500159740447,6.122443021609968,7.216487750324138,3.9999961853027344,3.9999961853027344,3.9999961853027344,0
HK.06968,489,0.1550000011920929,0.15000000596046448,3.3333300219643105,0.5704807737233099,1922100.0,297925.50229132175,7.460022230270072,0.14438000082969665,0.09522500067949295,-18.421050980480732,84.52381343071833,109.45945837098895,118.30985368634252,96.20252412455447,1
HK.06969,489,7.260000228881836,7.119999885559082,1.9662969883848629,1.0314717139154777,11239078.85,81595715.023421,4.309856448001157,9.112106504440307,11.809563014507294,-20.21978104896206,-17.396138637851436,-40.03374108471356,-38.644946566829645,-62.32731058203698,1
HK.06978,489,0.5299999713897705,0.5299999713897705,0.0,0.1850593280908068,392310.05,207924.31527591942,8.453854064730255,1.1644000005722046,2.725057623386383,-32.05128322691612,-79.13385908072553,-81.13879066967114,-81.46853178915893,-82.39202747279077,0
HK.06979,489,7.440000057220459,7.53000020980835,-1.1952211166031463,1.005430241154107,4631911.8,34461424.05704012,4.153600336776099,7.805228080749512,8.573639690876007,3.131717845704806,-20.127765385023334,-3.1227174298269165,-13.601956629572776,24.099000753526997,0
HK.06980,162,22.399999618530273,22.15999984741211,1.0830314655719266,0.5964150791736998,62955.0,1410191.9759845734,4.502307588447779,24.025199966430662,,2.846643307338922,-10.471625864500798,-40.45720293855407,-29.203539662965945,,1
HK.06988,489,0.0729999989271164,0.07000000029802322,4.2857123090296465,0.2602733546844693,2185050.0,159508.64765569568,7.305196326151549,0.0949200002849102,0.11020500034093857,-14.117649224390187,-18.888893304047585,-29.807694787545262,-34.23423604835172,-27.00000216066834,1
HK.06989,489,0.550000011920929,0.5600000023841858,-1.785712575121809,0.9588268471517203,273050.0,150177.50325500965,5.6886256453812365,0.6959999990463257,0.8527499952912331,-24.657534582124093,-24.657534582124093,-36.046511305545465,-32.926827229466326,-60.14492653468355,0
HK.06990,489,435.6000061035156,418.0,4.210527775960675,1.5752885625609032,1009137.85,439580453.6192886,7.270157784175982,441.4260003662109,446.0410009765625,-5.714284393178437,4.310344764587508,4.310344764587508,8.736894524898222,27.14535853566223,2
HK.06993,489,2.990000009536743,3.009999990463257,-0.6644511956770989,0.46298342308898327,3567114.1,10665671.19301865,3.1439606716471795,3.0261247110366822,2.8805059230327608,-7.4303408086538125,18.266823287371267,7.179295653976074,12.65561038184067,-20.806437598147596,0
HK.06996,489,3.5899999141693115,3.299999952316284,8.787877758891334,0.8143245741577199,1431720.65,5139877.0106144305,9.642559590624183,4.401400022506714,4.655050005912781,-19.325841167571728,-11.5763555476422,-15.529413784251494,-8.18414743316795,3.1609165084174773,1
HK.06998,118,1.75,1.6699999570846558,4.790421854561093,0.5972584207070808,1194500.0,2090375.0,6.791089733815337,2.367200002670288,,-12.5,-33.71212384616476,,-39.65517439825208,,1
HK.06999,488,0.11699999868869781,0.11699999868869781,0.0,,0.0,0.0,0.0,0.11699999868869781,0.11699999868869781,0.0,0.0,0.0,0.0,31.460670394858997,0
HK.07489,67,3.0299999713897705,2.990000009536743,1.3377913620550372,1.080619359997386,6207272.25,18808034.739908516,5.555123678435278,5.378799996376038,,-42.50474416781556,-52.28346430085347,,-53.45622327404731,,1
HK.07618,131,11.399999618530273,10.710000038146973,6.442573089875389,3.1395883461436207,1867397.5,21288330.787644386,4.640421981265992,14.017999935150147,,-24.00000254313151,-7.6923136323530805,-19.148941063064115,-18.513225124812724,,1
HK.07630,32,37.0,36.220001220703125,2.1535029072584146,0.6302936861214036,336123.0,12436551.0,5.450780648601756,,,-7.268173972369356,,,-11.610130290226829,,1
HK.07666,32,14.600000381469727,13.050000190734863,11.877395923988724,0.6909407688400991,2704025.1,39478767.491503716,8.010212797477449,,,-1.217857609969523,,,-38.655458615582205,,1
HK.07688,27,22.899999618530273,23.799999237060547,-3.7815111234492176,0.9699859725290453,757366.7,17343697.141087532,9.06956663794008,,,-32.647059945499194,,,-51.78947448730469,,0
HK.09600,489,0.13199999928474426,0.13600000739097595,-2.941182271212952,0.2333474756045821,762120.0,100599.8394548893,5.272025523928906,0.186559998691082,0.21844999969005585,-29.78723201885536,-42.60869700426413,-35.92233051846059,-34.000001341104486,-52.00000130046495,0
HK.09606,295,189.0,162.8000030517578,16.093363917144778,1.5202864023392237,1096822.3,207299414.70000002,8.39931955601209,229.08800079345704,304.41400016784667,-16.223406521860582,-32.548182810087226,-39.61661341853035,-36.23481650070245,-26.114152562477372,1
HK.09608,489,0.0430000014603138,0.0430000014603138,0.0,2.0217391304347827,992000.0,42656.00144863129,3.7978244854499423,0.04878000043332577,0.06499500023201107,-13.999998360872294,-12.244892683886986,-46.24999697320156,-32.81250090949466,-57.4257426107763,0
HK.09609,140,7.699999809265137,6.880000114440918,11.918600017216038,0.19700532112362332,397790.0,3062982.9241275787,13.814251206623371,7.060399971008301,,24.193549131379562,-9.730362833398905,-31.61634411414414,-12.500004063952966,,1
HK.09611,104,24.579999923706055,25.260000228881836,-2.692004350808679,0.5346723407629633,1201633.0,29536139.048322678,7.7903502412589445,24.31598892211914,,5.493565358618392,6.481648419003129,,-21.7144232818298,,0
HK.09616,489,1.9900000095367432,1.9700000286102295,1.015227443454557,1.2360319270239453,182240.0,362657.6017379761,3.003705299691754,2.2327999830245973,2.4369999778270723,-10.76233217417001,-16.736404929298917,-20.399999618530273,-21.343872251365937,-33.8036736589194,1
HK.09618,489,99.0,96.0,3.125,1.1058907167605723,11730220.85,1161291864.1499999,2.936566051479143,116.04300018310546,116.84610420227051,-12.77533039647577,-8.43062248497193,-12.997079570881906,-13.601785261406285,-23.149657931699103,1
HK.09626,489,131.6999969482422,124.69999694824219,5.613472470978015,1.4478950114407045,5611009.05,738969874.7615592,4.629171293354699,154.12600051879883,198.5410005569458,-3.37491269297246,-32.565286794522244,-32.07839035902617,-34.051077135281126,-17.79026251118335,1
HK.09630,2,531.0,515.0,3.1067961165048543,,,,,,,,,,3.1067961165048543,,1
HK.09633,489,43.2599983215332,42.540000915527344,1.6925185484494338,1.0387185286150027,5384909.7,232951184.58360788,2.9516819222476878,43.85584938049316,47.059396266937256,1.0747642352160203,4.122499748194738,-3.269468126394084,-7.997810837151158,13.602703701210443,1
HK.09636,489,30.219999313354492,29.940000534057617,0.9351996469685039,0.7498212997688937,4631687.5,139969593.06967258,8.059666995010408,30.286978797912596,45.32782712936401,11.465926242458771,-5.295348941047965,-38.53706020628046,-38.660238915606016,-22.98174426217268,1
HK.09638,488,34.380001068115234,34.380001068115234,0.0,0.0,5.0,171.90000534057617,0.0,36.82325141906738,31.4770885181427,-3.936319743878819,-4.149907766001628,32.53982090638303,24.411484356612227,40.762705683151616,0
HK.09639,421,0.9300000071525574,0.949999988079071,-2.1052611765768803,0.07944389275074479,252000.0,234360.00180244446,4.255493563611687,1.0351999938488006,1.1312499955296516,5.68181956725673,-13.888891648363074,-21.848742652600905,-19.827583283363058,-16.96428542918697,0
HK.09658,489,9.479999542236328,9.34000015258789,1.4989227768871827,1.0487366900810733,868543.0,8233787.242412567,4.668370709897597,10.62720006942749,12.730050044059753,-7.602345704143463,-20.80201060355154,-29.725724958625804,-28.560669063956112,-37.95811709485583,1
HK.09660,411,4.139999866485596,3.609999895095825,14.68144007731895,2.5415154097206054,213331207.7,883191171.3952109,5.610228364405896,5.917600011825561,7.898150005340576,-21.739132394333698,-43.59673323677056,-52.3041506805367,-53.948832348294175,-36.89024538723648,1
HK.09663,489,2.940000057220459,2.8499999046325684,3.157900196473647,1.217129977460556,61850.0,181839.0035390854,9.228393331935658,3.4220000076293946,4.586200007200241,-10.909087887808596,-15.999998365129745,-36.77419361454557,-40.12219656646158,-66.96629007602178,1
HK.09668,489,0.7099999785423279,0.6899999976158142,2.898547970379774,1.0696566700011314,4327149.2,3072275.8391494513,3.674998851824305,0.8242000031471253,0.9193499964475632,-11.250004004687012,-18.390807511390996,-25.26315921561541,-26.804128082389596,-18.390807511390996,1
HK.09669,489,3.5999999046325684,3.619999885559082,-0.5524856784194297,0.7465412672511872,750018.5,2700066.528472662,6.160605492564891,3.5855999898910524,5.913299998044968,6.8249266137683975,-19.463085601661316,-52.00000127156576,-50.81967458730951,-61.20689646313221,0
HK.09676,489,3.7799999713897705,3.680000066757202,2.7173886635466227,0.23783742116909165,399038.9,1508367.0305834056,4.539398670791877,5.011869478225708,6.6757641339302065,-15.767945269378936,-41.43521875518762,-41.93364897874513,-45.635086777948565,-37.3237346422194,1
HK.09677,488,2.859999895095825,2.869999885559082,-0.34843173735210153,10.0,250.0,714.9999737739563,0.034965002902287816,2.77959997177124,2.767700001001358,2.1428551357619274,11.28404550139846,-5.921054901838992,7.116097879128391,-0.7290418870546157,0
HK.09678,245,121.5,120.0,1.25,0.5051239583724487,522768.9,63516421.35,10.67838646062949,250.12000030517578,383.54949989318845,-50.56956936879457,-56.48280992555767,-72.63513513513513,-70.9608026356568,,1
HK.09680,482,6.0,6.300000190734863,-4.761907645273734,4.502212389380531,11035.0,66210.0,5.6390094086843945,7.830799999237061,9.298000001907349,-23.07692495793746,-31.03448124665186,-41.46341463414634,-36.775551689048704,-46.902655763496874,0
HK.09686,489,0.9700000286102295,0.9700000286102295,0.0,0.6693227091633466,31325.0,30385.25089621544,2.801146616458684,0.9632000017166138,0.9329499983787537,-2.020200074126503,15.476197487508037,3.1914926670751487,7.777783811828397,-4.901956201103737,0
HK.09688,489,14.210000038146973,13.90999984741211,2.156723177755296,0.9051965424141117,12582377.9,178795590.43897963,4.89765551227115,15.109800052642822,16.929900040626524,2.156723177755296,-0.07032509630131976,2.0833330478704766,4.639176126511992,-51.7487277758269,1
HK.09689,487,0.6499999761581421,0.6299999952316284,3.174600171093715,0.05971634735008709,402300.0,261494.99040842056,10.95813392326093,0.664599997997284,0.500774999409914,-7.142858967489158,1.5624985448084445,73.33332697550455,47.727268109144234,166.39342985825024,1
HK.09690,489,12.640000343322754,11.4399995803833,10.489517543314864,1.3103761755388743,1103773.35,13951695.522950508,4.595025879664457,13.336800003051758,15.69330002784729,-5.671636543605193,-7.399262296215863,-21.58809128248246,-21.246100036340636,-35.64154411336255,1
HK.09696,489,39.599998474121094,38.63999938964844,2.484469719556563,0.5903185475221598,6998353.35,277134781.98136026,6.124837068271393,52.803599700927734,48.71429985046387,-19.315409542090222,-2.125557661422699,-17.84232811761867,-24.355301569498394,54.990213920166674,1
HK.09698,489,28.639999389648438,27.860000610351562,2.799708407066802,0.49459376343362804,6888174.7,197277319.20379183,3.9231383006583695,37.41760013580322,37.49499994277954,-13.942306369719374,-33.084112382766016,-16.55011758648815,-19.595732036893114,6.666662878016425,1
HK.09699,489,7.230000019073486,7.059999942779541,2.4079331114982394,0.5145407170026056,3857060.0,27886543.87356758,4.818570885838618,9.076600017547607,11.692100019454957,-6.468305288050047,-39.950165764280065,-35.27305309139888,-33.302583788733344,-59.29054095778756,1
HK.09857,489,1.9900000095367432,2.0299999713897705,-1.9704414983633092,0.1458744871600061,33110.0,65888.90031576157,0.9537133600828507,2.4762000155448916,3.389900000691414,-16.386558241649038,-33.66666634877522,-47.35449670373697,-47.631578039264404,-29.6819765658962,0
HK.09858,489,2.890000104904175,2.880000114440918,0.34722187728794907,0.7742114084394734,26789207.1,77420811.32929967,6.258689168316836,3.3783999919891357,3.873400003910065,-2.033896332532328,-33.10185208180803,-26.83544126540267,-42.199997901916504,12.890631621121576,2
HK.09860,489,4.119999885559082,3.7799999713897705,8.994706792135391,4.323984930933445,141400.0,582567.9838180542,6.4961445203432415,3.9484000110626223,5.0957499957084655,-4.186053423058557,-5.069130398477637,-15.918371318926688,-2.830186132944906,-37.099240220070165,1
HK.09863,489,33.79999923706055,33.560001373291016,0.7151306732678963,0.7911594903339633,9161732.05,309666536.3001532,4.9153396716041815,43.001599884033205,49.706999893188474,-13.994911213162084,-22.901461862642535,-31.188925138350733,-31.79984200872901,-38.321168416728675,1
HK.09866,489,38.220001220703125,37.119998931884766,2.963368320233157,0.43916626116787255,6577373.25,251387213.64402008,3.8830971447508875,45.45000015258789,45.57780017852783,-10.070585363051471,-17.84178666248351,-2.549719451492848,-7.502416498104192,42.61194891323115,1
HK.09868,489,47.400001525878906,45.58000183105469,3.992978546973668,1.0466531185108887,18118140.6,858799892.0860887,5.061481643358744,60.812599716186526,74.12989990234375,-25.76350405851537,-33.79887913962592,-36.503683111852645,-41.008086588644595,-35.81583953249631,1
HK.09869,489,1.75,1.5800000429153442,10.759490662479957,0.7676100329278235,2170672.4,3798676.6999999997,10.349986093936277,1.2573905515670776,1.022840783596039,45.833327538437544,108.54243184275629,101.74213468496309,103.95906720533115,44.45560548283387,1
HK.09876,489,2.7200000286102295,2.700000047683716,0.7407400212333817,1.2752721617418352,64300.0,174896.00183963776,3.326130603150844,2.8706000089645385,3.4984000015258787,-6.849316522537741,-9.93377331824507,-33.496334299909805,-23.809521583393245,-28.018445589303543,1
HK.09877,489,7.28000020980835,6.769999980926514,7.53323826172359,0.48307930767243606,71160.0,518044.81492996216,6.379054684359016,8.446399993896485,8.946149988174438,-10.674839870468789,-20.43715285992869,-16.129032789695046,-20.61068539542956,-10.012360043286675,1
HK.09878,489,7.170000076293945,7.019999980926514,2.136753501068163,0.47051182593949015,266825.0,1913135.270357132,4.543181998375888,7.111199998855591,10.07600002527237,0.0,11.162795167754275,-29.980466439883408,-29.774730171350335,-54.67762190513991,1
HK.09879,489,9.0,8.800000190734863,2.2727250560256556,1.1432813659985153,471600.0,4244400.0,2.6341665427918883,8.579000034332275,7.671850001811981,2.2727250560256556,18.89035397504863,17.49347492533701,13.780027479324195,60.06056979569906,1
HK.09880,489,95.6500015258789,90.05000305175781,6.218765446240348,0.7715694322851274,9249664.4,884730413.9738678,6.570688718406006,108.57000045776367,119.04825012207031,-6.408997669227366,-3.3838368425465593,-14.215245268270039,-26.98473165963442,19.264345592940014,1
HK.09881,258,17.700000762939453,17.700000762939453,0.0,,0.0,0.0,0.0,17.700000762939453,16.351400179862978,0.0,-23.641067601766675,39.26043044701664,10.763462265171121,36.153852022611176,0
HK.09882,488,0.949999988079071,0.9800000190734863,-3.061227592911475,0.0,29300.0,27834.99965071678,3.0629950985177015,1.1541999900341033,0.7691000011563301,-18.103446946983208,58.33332505491078,50.79365004277343,55.73769931157614,43.939386413555255,0
HK.09885,489,4.429999828338623,4.070000171661377,8.8452000366942,1.117901722536261,2237066.0,9910201.99598217,6.896244412978739,4.070191135406494,6.097341200113297,25.495746862414855,1.0653304400903654,-24.45115907799409,-14.902238702478432,-56.56299942893687,1
HK.09886,489,0.9399999976158142,0.9200000166893005,2.173910930837298,0.7308662900849032,570445.45,536218.721639952,5.848004182981768,0.9561999917030335,0.9731999972462654,13.253014038186759,14.634147050620408,-10.476186637705242,-10.476186637705242,62.068969769653734,1
HK.09887,227,49.060001373291016,49.58000183105469,-1.0488108885828378,1.4611281882119305,613179.25,30082574.847073555,6.4531971767919725,66.54479995727539,62.90225002288818,-19.967370336229166,-24.523074810321514,-7.43395967303582,-2.851482429126702,,0
HK.09888,489,104.30000305175781,98.75,5.6202562549446204,1.08449523725054,12653636.05,1319774278.6308327,3.6727237845228236,123.5809992980957,124.3934997177124,-19.769228421724762,-9.775082674324572,-15.751211243385443,-27.468705953909335,25.13497895760775,1
HK.09889,489,3.359999895095825,3.3499999046325684,0.29850718650553654,1.2571154513483276,208850.05,701736.1460907578,1.60439529263425,3.321267776489258,3.251576383113861,0.29850718650553654,5.925624941420139,7.182907576285579,3.201821783129481,4.697504582093259,1
HK.09890,489,10.350000381469727,9.800000190734863,5.612246735003593,0.8541050487437274,2081435.0,21542853.04400444,7.011392103521594,13.815000057220459,15.562599987983704,-24.99999827232916,-38.68482881488672,-34.0764298903888,-43.535185899896554,-29.59183322610444,1
HK.09893,489,1.899999976158142,1.840000033378601,3.260866396255947,0.7307692307692307,534000.0,1014599.9872684479,2.827517530757304,1.8457999920845032,1.323185184597969,0.5291000285156192,20.253159781714217,97.91666860692207,100.0,339.965676926967,2
HK.09896,489,22.799999237060547,21.760000228881836,4.7794071564316,0.8087682748985545,4259398.95,97114292.8103365,3.357961551477849,26.768918075561523,35.99114730834961,-11.832951666931207,-30.615441587900822,-38.68859969283177,-38.852539352235496,-35.209828006205754,1
HK.09898,489,56.400001525878906,55.150001525878906,2.2665457215145186,0.4993724631955782,121171.5,6834072.784893036,2.2178279308488804,62.78600006103515,77.27559474945069,-5.050504920766684,-17.371881030529256,-27.89675404445992,-30.749286833330146,-24.69959129258863,1
HK.09899,489,105.5,101.30000305175781,4.146097553517603,0.5172471852377961,1183475.25,124856638.875,4.714416535607248,118.24000030517578,178.2325005722046,-11.269975907411876,-17.834887059999605,-43.733333333333334,-44.03183023872679,-56.1148075380451,1
HK.09900,489,6.71999979019165,5.650000095367432,18.938047376344944,1.6162118480760863,3051808.0,20508149.1197052,9.192437445751276,5.617800016403198,5.00214998960495,-6.6666671081825655,60.00000227065324,28.735633338884252,9.09090838719426,393.2110110365495,1
HK.09901,489,36.5,34.70000076293945,5.18731757200131,0.6991573355544649,4330074.45,158047717.425,3.135068884648988,39.163331832885746,42.20291646957398,0.16465800096665523,-18.077994033073068,-12.67654736248795,-19.23641286915771,-0.6617527665086239,1
HK.09903,114,695.0,684.0,1.608187134502924,0.9417380503287207,1788384.05,1242926914.75,13.460246588550978,518.1360009765625,,38.86113886113886,136.87798720445977,,343.2397872917061,,1
HK.09906,488,1.559999942779541,1.559999942779541,0.0,,0.0,0.0,0.0,1.559999942779541,1.6014499759674072,0.0,0.0,-10.85714612688337,-10.85714612688337,3.9999961853027344,0
HK.09908,488,8.479999542236328,8.479999542236328,0.0,0.0,1150.0,9751.999473571777,0.0883812646987753,8.070021142959595,7.994572722911835,5.879065117491402,-2.7976203359785465,9.035706310820391,7.302859479115707,17.9149196535298,0
HK.09909,489,2.140000104904175,2.180000066757202,-1.8348605792718238,0.33375403169260975,174775.0,374018.51833462715,4.641871934418328,2.3932000017166137,2.4514000058174132,-11.934154480910276,-18.007655520399723,-9.704632563754338,-12.295079724630456,-3.1674177391187275,0
HK.09911,489,7.559999942779541,7.360000133514404,2.7173886635466227,0.3687670393653632,18227754.35,137801821.84299955,6.159613677592078,8.645000057220459,10.250800030231476,-4.905658815627639,-12.195119114591451,-20.25316130979327,-36.31002514181185,-29.08067494377258,1
HK.09913,489,2.3299999237060547,2.319999933242798,0.4310340840949625,0.9833272548317469,302413.8,704624.130927658,2.7383070241378142,2.3085999488830566,2.3903500032424927,-0.4273500354724066,-4.11523211127299,-3.319508683629736,-2.5104677223654672,-7.905140314047218,2
HK.09916,489,0.36000001430511475,0.3700000047683716,-2.7027000903735274,0.8668076109936576,95800.0,34488.00137042999,2.060075155469245,0.3623999989032745,0.3423499996960163,-5.2631529414422,7.462688160516194,12.500006984919466,10.769239233796018,-1.3698616715036243,0
HK.09918,489,0.8899999856948853,0.8700000047683716,2.2988483697581654,0.2846975088967972,13250.0,11792.49981045723,0.9726941375895288,0.951399997472763,1.014299988746643,-3.2608728750215663,-2.197806588435245,-14.423075159625828,-13.592231998413013,-19.8198221418902,1
HK.09919,489,0.7699999809265137,0.7599999904632568,1.31578823536055,0.31217445696097007,173859.85,133872.08118388653,3.9779895017987523,0.8381413006782532,0.9179967767000199,-9.941524707693251,-17.14619972756313,-21.836032087360486,-22.56654723186976,3.349012206961132,1
HK.09922,489,1.2300000190734863,1.1799999475479126,4.2372943854341605,1.0275566986548814,3267024.75,4018440.504813552,4.870437424111398,1.5722231650352478,1.8501578664779663,-19.550611908831197,-29.94575848164486,-24.881592634397894,-33.67204897808681,-50.71282578153079,1
HK.09923,489,5.03000020980835,4.760000228881836,5.672268234111807,1.0570764369053043,578892.95,2911831.659956574,4.852721206836124,5.953400020599365,7.738250024318695,-11.443655601665673,-24.018122405397165,-37.12499737739563,-38.956306437787916,-60.079364622831655,1
HK.09926,489,91.6500015258789,83.30000305175781,10.024007404817125,1.221610708090006,20586335.0,1886737634.1622543,7.956398011029989,114.15399978637696,118.72924983978271,-22.396272049095835,-20.71799071312598,-21.933560191925412,-19.10856217363801,-3.271766199600099,1
HK.09927,157,46.15999984741211,46.459999084472656,-0.6457151161692753,1.0828790032173263,1560423.75,72029160.06189823,4.860498929681547,66.82276245117187,,-31.81683614741929,-48.206939790777824,-57.44391951692882,-56.37207539850079,,0
HK.09928,489,0.4650000035762787,0.46000000834465027,1.086955465418649,0.016322008416606863,576430.75,268040.300811477,3.3782059115981653,0.5123847419023514,0.4997171537578106,-10.034433306356213,2.560750052027057,-14.532710162629192,-5.0363480930169375,6.83411814875039,1
HK.09929,489,1.4800000190734863,1.5199999809265137,-2.6315764707211,0.921830153638359,5767500.0,8535900.110006332,9.324266939649464,1.4750000083446502,0.6876150035113097,-11.377242089446229,97.33333587646484,164.28571656650425,146.66666004392863,2590.909140169128,0
HK.09930,489,0.6700000166893005,0.6899999976158142,-2.898547970379774,0.11043891169813072,228840.75,153323.30631919205,5.237469903330046,0.8324571192264557,1.0032415229082108,-20.43982434205241,-27.977100009431567,-39.449775580204516,-36.6465241336725,-39.98091795639632,0
HK.09933,489,1.4800000190734863,1.4700000286102295,0.680271446845552,0.008074283407347598,439600.0,650608.0083847046,4.0612129543715065,1.6094000029563904,1.7882499998807908,-8.074533793574973,-10.843370552245663,-12.426037339451897,-15.428570338657924,-1.3333320617675781,2
HK.09936,489,19.65999984741211,18.920000076293945,3.9112038484891776,0.4530240190034623,4298300.4,84504585.20813142,12.298081664365675,16.555400047302246,10.82545000076294,-1.3052220275403141,37.57872568155513,174.58100930711564,222.2950845045353,418.7335104299008,1
HK.09938,488,0.20000000298023224,0.20000000298023224,0.0,0.7523510971786834,125750.0,25150.000374764204,1.523744991938398,0.23809999853372574,0.15296000014990568,-16.666663562258016,30.718958640608918,58.73015854243939,57.48031228139586,117.39130716468075,0
HK.09939,489,2.0,1.850000023841858,8.108106714865881,0.7120601553736862,1174450.0,2348900.0,6.198708984868836,2.580600016117096,2.470150007009506,-13.043476458082539,-33.33333333333333,2.040814340536656,-1.960782480441495,27.388530775927165,1
HK.09955,489,0.5799999833106995,0.5899999737739563,-1.694913713180618,0.10823834010572117,276720.0,160497.59538173676,6.636924397659599,0.657799997329712,0.9417999982833862,-7.936509888789085,-3.3333399560713786,-43.68932044453261,-42.000001668930054,-46.788993986274306,0
HK.09958,489,0.125,0.12600000202655792,-0.7936523892651562,5.788272646095843,3225600.0,403200.0,9.070559360277683,0.15208000004291533,0.20035000063478947,-10.714286094417377,-26.035502854233666,-57.62711676055409,-17.218539255877424,26.26262694679345,0
HK.09959,489,1.7899999618530273,1.7100000381469727,4.678358007099575,1.1884467617618237,4678717.1,8374903.430521106,6.8551834623127235,2.0724367451667787,2.379430634379387,-9.03811351656469,-5.789480420690817,-18.2953003335528,-20.74994381733673,-1.7208464061459323,1
HK.09960,489,0.9700000286102295,0.9599999785423279,1.041671905356266,0.48337302637382024,569225.0,552148.2662856579,3.7561163989158124,1.0112771081924439,1.1171852052211761,1.5706917384835077,-6.448053229165852,-13.293322489870485,-8.846819482770577,-22.153855426470244,1
HK.09961,489,323.20001220703125,305.20001220703125,5.897771716925676,1.7300731627350392,2876706.35,929751527.4360443,3.399124950715291,385.0800006103516,479.6605000305176,-12.36441895207863,-20.315580043520654,-40.31394049731648,-44.562605110286235,-30.22452424665002,1
HK.09963,489,9.350000381469727,8.079999923706055,15.717827595982953,1.2463506555549657,985150.0,9211152.875804901,16.724800537293373,7.413200016021729,2.6691500043869016,53.027826140025134,336.91588425825813,2025.0000982121992,587.5000208177985,3069.4917956223317,1
HK.09966,489,7.199999809265137,6.739999771118164,6.8249266137683975,0.4829959641662227,2496717.45,17976365.16378894,7.418685448649811,8.8964000415802,9.985399990081786,-20.879126291835647,-13.77246131337508,-32.075475941946785,-24.843425192014063,-2.040817650526626,1
HK.09968,489,0.020999999716877937,0.023000000044703484,-8.695653582340375,0.09030236488570335,7908000.0,166067.99776107073,13.364184140094551,0.033140000626444815,0.025240000104531646,-29.999999379118268,-8.695653582340375,-4.545455315142628,0.0,74.99999611948931,0
HK.09969,489,12.149999618530273,10.850000381469727,11.981559367322813,2.583706860803469,8062029.8,97953658.99457969,5.897161750311692,12.333000068664552,13.625000038146972,4.471190876805534,-0.4098376353816929,-10.530193764430644,-2.8000030517578125,-8.509037177428453,3
HK.09973,183,24.940000534057617,25.420000076293945,-1.888275140817028,0.5480764066497296,1801754.85,44935766.9212409,3.352798149125476,27.80445873260498,,-9.110786994690773,-6.4921041985627275,-17.950536554174825,-14.41860778669839,,0
HK.09978,489,0.23499999940395355,0.23000000417232513,2.173910930837298,0.003968647683301915,4011800.0,942772.9976087809,18.08300488321129,0.14508000046014785,0.0981200003810227,67.85714171674788,217.56756266945035,179.76190782407653,190.12345520030289,250.74625903021465,1
HK.09979,489,1.7999999523162842,1.6799999475479126,7.142857649699376,0.440840544725292,5531542.65,9956776.506235493,4.218929775605549,2.0683999943733213,2.67392140686512,-10.891090628096048,-15.492964525556008,-40.0000015894572,-35.714286322496385,-29.532440944573214,1
HK.09980,96,110.0,104.4000015258789,5.363983134361309,1.3020998854095014,563896.3,62028593.00000001,5.45322953116262,143.89511367797851,,-16.855633059232588,-30.686016102586418,,-42.192463038935585,,1
HK.09981,88,10.869999885559082,10.949999809265137,-0.7305929232835626,0.4629778198524889,2923994.0,31783814.445375443,5.55873755502684,15.069146251678466,,-27.822655817414834,-42.37119495367154,,-46.63483584225927,,0
HK.09982,489,0.10199999809265137,0.10300000011920929,-0.9708757528160663,0.16327415069169784,5078466.65,518003.5886135936,9.258169700776753,0.10483999982476234,0.10655999964103102,-14.285717863423974,17.24138049157048,-7.272728504228204,-37.03703839974039,-7.272728504228204,0
HK.09983,489,0.3400000035762787,0.3499999940395355,-2.8571401810159034,0.5978194291314468,419450.0,142613.0015000701,5.835208668434358,0.38390000104904176,0.6159824973344803,-15.000000372529025,-33.33333138546909,-46.031745055605455,-43.33333498901785,-69.44628076420327,0
HK.09985,489,7.300000190734863,7.03000020980835,3.8406824021115407,1.5543413877351653,4890484.0,35700534.1327858,4.592276372789598,8.285240888595581,10.652147405147552,-8.373183977706782,-29.398035310182753,-31.531610905953748,-32.763053205044535,-45.62414063239227,1
HK.09986,488,1.8799999952316284,1.8799999952316284,0.0,,0.0,0.0,0.0,1.8799999952316284,2.0431999951601028,0.0,0.0,0.0,0.0,19.74521862565361,0
HK.09987,489,321.0,316.20001220703125,1.5180226463198139,1.2127722783130523,932006.55,299174102.55,2.5110417990443668,354.1664697265625,369.98463973999026,-6.41399416909621,-23.43383539231966,-11.91788794420909,-14.947167683939552,-5.538228155666766,1
HK.09988,489,93.0,89.5,3.910614525139665,1.2151665327730232,102314918.75,9515287443.75,3.645133620355212,122.77725509643555,143.97320060729982,-22.990606451779197,-24.733744383370297,-38.17771767945316,-37.513854687536366,-17.019285634638578,1
HK.09989,489,3.9800000190734863,3.8299999237060547,3.91645165418922,1.139040570422853,551375.0,2194472.5105166435,3.59962816664572,4.33601218700409,4.9556401360034945,-3.631963467578191,-17.465421251267312,-25.495809272328074,-19.86467945113311,-24.54411634287076,1
HK.09990,489,1.909999966621399,1.8700000047683716,2.139035387755625,0.41360902672792677,431550.05,824260.581095463,5.971114989187953,2.0174000024795533,1.8367999988794326,-3.045688381596555,32.63888130033487,9.77011242258076,17.177912405452588,18.633537245387284,1
HK.09991,489,7.210000038146973,6.800000190734863,6.029409351645937,4.145677725667303,10170.0,73325.70038795471,2.0699710806706406,7.052199993133545,7.709399976730347,7.7727948651552285,27.160492788910336,-3.2214735203038547,-0.41436096574017117,-4.249670155978939,1
HK.09992,489,158.5,158.5,0.0,0.6628714485943068,18835743.15,2985465289.2749996,4.636540242511792,161.79179321289064,203.82304122924805,-8.592845686822407,-23.039828159710943,-16.593315312327743,-16.463738031746246,-38.572539824973425,0
HK.09993,489,1.100000023841858,1.1200000047683716,-1.785712575121809,0.2927495113444915,165866350.0,182452988.95456195,14.827925911619394,1.370599992275238,1.8713999897241593,-34.9112433965815,-20.863306822845132,-46.341461003500335,-39.560439992305106,-63.57615792088892,0
HK.09995,489,79.69999694824219,69.6500015258789,14.429282415204458,2.351193669180379,5207820.15,415063250.0619942,7.521226665341933,86.78599990844727,89.6252498626709,-3.569273470264885,-14.484979015071328,1.8530312437599843,8.21452178821402,54.30783077191006,1
HK.09996,489,4.130000114440918,3.7699999809265137,9.549075207844718,0.9763955344355616,1141252.45,4713372.749105978,6.323825861055835,5.2627999877929685,5.993549995422363,-12.499993685948366,-28.048775625013917,-28.91565998079684,-32.516336737420886,-34.85804392677947,1
HK.09998,489,0.375,0.375,0.0,0.024783147459727387,173500.0,65062.5,2.166765072550101,0.4064999997615814,0.4144870260357857,-2.5974001846660313,-20.21276575507703,1.2820564417786293,1.3513500451867637,105.729163175285,0
HK.09999,489,199.39999389648438,187.5,6.346663411458334,2.1255850188070573,7499528.85,1495406006.9165084,2.7306080484589885,185.79688720703126,203.26878303527832,2.8064584268372363,9.400960523950772,-4.675468293063668,-12.674719850495158,-1.955579790956661,2
