code,n_rows,last_price,prev_close,gap_pct,rvol,avg_vol_20d,avg_dollar_vol_20d,adr_pct,sma50,sma200,perf_4w,perf_13w,perf_26w,perf_ytd,perf_52w,consecutive_up_days
HK.00001,490,66.8499984741211,67.6500015258789,-1.1825617645430184,1.0928095286295256,8174078.7,546437148.6223458,2.0359493652361564,65.64515266418456,57.212945766448975,-5.845497506273806,9.183158318927145,25.051644212283847,26.672684061404606,57.059816772930716,0
HK.00002,490,72.75,73.3499984741211,-0.8179938467657658,0.6844023243757492,3447736.45,250822826.7375,1.489578042927775,74.44881423950196,69.07720886230469,-3.081209317916699,-0.16547497809982378,10.03206863895739,6.832935844027191,15.440485515290996,0
HK.00003,490,6.789999961853027,6.849999904632568,-0.8759115856186189,0.8908938654795243,26314308.25,178674152.0136888,1.350778166485816,7.004349346160889,6.978305373191834,-4.29701802861157,-8.89573054402632,-4.166274921313866,-1.335747523825315,6.925834810982325,0
HK.00004,490,20.3799991607666,20.34000015258789,0.19665195613885875,0.23275937107693812,9147531.85,186426691.42608574,5.251410467562204,23.851520462036135,23.28586784362793,-27.57640510730226,-19.411767900222237,-16.125130914793566,-7.857896983039368,-0.47210826931856065,1
HK.00005,490,142.10000610351562,142.3000030517578,-0.14054599012864671,0.8286786159237286,14163838.45,2012681530.194209,1.6529061636308233,139.54160537719727,119.94477317810059,0.7087716452410885,7.562530398506152,36.13226513984902,17.514014361123813,60.37149383577408,0
HK.00006,490,55.95000076293945,56.25,-0.5333319769965278,1.2187053109379473,4989928.65,279186511.7745135,1.7534698505956725,61.23717796325683,54.87011013031006,-10.42493832726403,-8.726828560079511,10.681827563289445,4.761404434062477,18.16124388457175,0
HK.00007,489,0.03200000151991844,0.03200000151991844,0.0,,0.0,0.0,0.0,0.03200000151991844,0.03200000151991844,0.0,0.0,0.0,0.0,0.0,0
HK.00008,490,5.829999923706055,5.829999923706055,0.0,0.5078817598458528,10159702.5,59231064.79987621,2.137732728324494,5.780584783554077,5.497771987915039,-3.120594867507085,3.0875343838826437,2.0549389367966002,10.344592310875395,19.211362329376584,0
HK.00010,490,13.859999656677246,14.289999961853027,-3.0090994144412986,1.1467065453813134,570264.25,7903862.309215307,2.6530460206176727,15.409910850524902,14.889928464889527,-15.48780500569704,-11.968718296092186,-8.798927520399854,-5.639675522707327,30.12702667855723,0
HK.00012,490,27.239999771118164,27.719999313354492,-1.7316001231106875,0.8375456022577313,10808390.0,294420541.12615585,2.6818493347798946,30.299514846801756,29.128603258132934,-17.787056715950513,-19.491939613564153,-6.073920724512228,-3.4792756866140464,22.48017639279815,0
HK.00013,490,16.899999618530273,17.25,-2.0289877186650815,0.5681535189612387,4599745.95,77735704.80033617,2.9737503598646233,20.94319999694824,22.83769995689392,-16.830709289651544,-20.207746104704253,-24.215245754609583,-19.293222600240778,-24.72160782092775,0
HK.00014,490,17.56999969482422,17.850000381469727,-1.5686312642109492,0.34556244621650145,3972060.35,69789099.13732338,2.5208546032688024,19.161600074768067,17.795103721618652,-13.618487890774379,-11.502246611349207,3.264017516367506,-2.971206219287261,44.60750050920953,0
HK.00016,490,117.19999694824219,118.80000305175781,-1.3468064498437322,0.6960685472297815,6371054.55,746687573.8170844,2.647225161787791,134.84200103759767,112.16810092926025,-18.213541903476926,-17.34653194296615,20.3151450747245,22.183394422493283,44.22521294891648,0
HK.00017,490,7.369999885559082,7.489999771118164,-1.602134702617855,0.5481224090284327,6197584.8,45676199.26674271,3.826653417596719,8.508199996948242,8.282349970340729,-22.82722787053717,-22.988504487152404,3.07692010150029,-0.2706357413782323,53.862211779809144,0
HK.00018,490,0.27000001072883606,0.2750000059604645,-1.8181800448205245,0.32948929159802304,59600.0,16092.00063943863,1.097703239008079,0.2767000037431717,0.3185006971657276,-3.571425150243618,-10.0,-21.739127054556995,-11.475408394405292,-31.428565589748818,0
HK.00019,490,82.05000305175781,83.44999694824219,-1.6776440355686133,0.8672800428308682,967888.85,79415283.09626235,2.396648148198867,85.36002838134766,72.62468559265136,-9.13621231581941,3.4454804262726477,25.502581188974865,32.595348473637195,28.791623990939225,0
HK.00020,490,1.5399999618530273,1.5700000524520874,-1.9108337322794828,1.1086574637954572,445272310.15,685719340.6452093,4.534829962899887,1.8969999885559081,2.191050001978874,-24.137931844466053,-30.94170633716578,-27.01421618871272,-30.630633242959803,9.999999148505061,0
HK.00021,490,0.09399999678134918,0.08699999749660492,8.045976420881425,0.022403441168563493,5585750.0,525060.4820214212,15.363447761242425,0.07547999978065491,0.09270499974489212,34.28570911592369,6.818178739429488,-4.081633428840149,-8.737867308197824,-17.543862515612723,1
HK.00022,490,0.05299999937415123,0.052000001072883606,1.9230736166063123,0.6434384869570943,17820719.2,944498.1064469247,7.656613453564624,0.12199999995529652,0.14904499994590878,-20.895525292607644,-72.68041349952992,-57.258064322305394,-67.28395109990805,-70.55555707326636,1
HK.00023,490,13.350000381469727,13.460000038146973,-0.8172337025668364,2.264358366058198,1008582.95,13464582.767243862,2.229853867877938,13.791800022125244,13.337552766799927,-4.9822049805148385,-6.773738366105456,2.6729758681478106,0.5403044200417977,26.640980502332212,0
HK.00025,490,4.190000057220459,4.199999809265137,-0.23808934520945527,0.2605153467222433,10693.5,44805.76561188698,0.30192077029231645,4.101600046157837,4.038831173181534,1.946470099932767,-3.4562232740473147,6.754785568422984,0.9638544803331104,10.340864277439547,0
HK.00026,490,57.79999923706055,57.79999923706055,0.0,0.7691938003123874,4321.55,249785.586702919,0.7221231533790966,56.775466461181644,56.9951950263977,0.09799109340038277,-0.9122566772739222,3.191101601935579,1.6354523323818153,13.139217050537018,0
HK.00027,490,30.940000534057617,30.84000015258789,0.3242554506321401,0.6509603086746355,15008943.35,464376715.2646405,2.5842128071995494,32.78700988769531,37.32392183303833,-1.0579556279682207,-19.449410673425284,-19.69412175663228,-17.90677930333164,-3.3996488401386533,1
HK.00028,490,3.890000104904175,3.950000047683716,-1.5189858748160028,15.292517780097338,1820766.45,7082781.681506001,2.272863777917503,4.1200022125244145,4.432491602897644,-11.389516555536813,-11.528760424453479,-10.161668705246276,-11.528760424453479,-3.790142321906563,0
HK.00029,490,10.859999656677246,10.949999809265137,-0.8219192160326677,0.6973960008213775,89141.2,968073.4013957977,1.572417084553044,11.22890998840332,12.009571523666382,-1.7194618169955118,-6.663802862754779,-4.658558964282422,-16.23489612239561,-19.48945263813252,0
HK.00030,490,0.23000000417232513,0.23000000417232513,0.0,0.6581598388179987,728300.0,167509.0030387044,4.397340271231499,0.24251999974250793,0.25481999829411506,0.0,-25.806450837608686,-3.361345011335526,-5.7377042672833465,21.05263529391835,0
HK.00031,490,0.699999988079071,0.6200000047683716,12.903223015391266,2.5888743581653326,12836556.05,8985589.081976328,6.4896023548900175,0.537899996638298,0.6004000009596347,12.903223015391266,16.666660043928623,32.07547657852226,-1.408449403588351,74.99999441206462,1
HK.00032,490,8.0,8.0,0.0,2.6406405137630187,20565.4,164523.2,0.7834641302862457,8.161179285049439,8.081368963718415,-2.4390221209414906,-3.120958252293868,0.4198521691803429,1.2880508263017116,5.194696404628632,0
HK.00033,489,0.4000000059604645,0.4000000059604645,0.0,,0.0,0.0,0.0,0.4000000059604645,0.41605000510811807,0.0,0.0,0.0,0.0,-45.9459458370989,0
HK.00034,490,5.130000114440918,5.090000152587891,0.7858538438882031,0.26603875424427903,125457.85,643598.7848575115,2.063510401964751,4.802599983215332,4.283782021999359,3.0120500962435477,-0.7736936414457629,31.818185716734483,19.85980988236049,77.64090922825766,1
HK.00035,490,0.7200000286102295,0.7200000286102295,0.0,0.33109501485919574,278326.7,200395.23196299077,1.48432163348579,0.7637999975681304,0.7781499975919723,-5.2631529414422,-20.879120015389788,1.4084577986089954,-2.7027000903735274,-23.404252081232507,0
HK.00036,489,0.2750000059604645,0.2750000059604645,0.0,,0.0,0.0,0.0,0.2750000059604645,0.244635002464056,0.0,0.0,37.50000093132256,74.05062867336005,-34.5238060603876,0
HK.00037,490,0.4950000047683716,0.49000000953674316,1.020407170268328,0.29419354838709677,363600.0,179982.0017337799,2.2560137350840295,0.5232999849319458,0.4880999943614006,-4.8076878990645735,-16.101690377698485,10.00000397364309,10.00000397364309,-4.8076878990645735,1
HK.00038,490,7.849999904632568,8.0,-1.8750011920928955,0.33997932351862664,4225646.5,33171324.622010946,4.081020152616649,8.341978445053101,8.026680328845977,-12.332996141141026,-11.75750717994183,10.032261813886716,-3.9837489131375565,31.76327301849368,0
HK.00039,489,0.04500000178813934,0.04500000178813934,0.0,,0.0,0.0,0.0,0.04540000163018704,0.07540500031784177,0.0,-43.74999650754027,-48.86363405457212,-44.44444240038942,-62.1848733182193,0
HK.00040,490,0.699999988079071,0.699999988079071,0.0,0.2852741268126952,130683.05,91478.13344213665,4.237025525038636,0.6917999958992005,0.7011962744593621,4.477607558580467,1.449273985189887,-8.04960226379894,-5.405408235428679,23.34920845316521,0
HK.00041,490,15.90999984741211,16.079999923706055,-1.0572144098292033,0.6900251868607007,292991.0,4661486.765293121,2.7927984609010035,16.9952685546875,15.255221590995788,-12.9427110403639,-5.205393643639178,15.046479681345234,9.195366036002932,27.433807589421438,0
HK.00042,490,0.33000001311302185,0.3199999928474426,3.1250064028428435,0.0771366862079605,603300.0,199089.00791108608,5.052584253142113,0.3951999998092651,0.3354999992251396,-24.13792843578641,-8.333333333333332,15.789479738237311,15.789479738237311,34.6938802817621,1
HK.00045,490,5.71999979019165,5.949999809265137,-3.865546662965235,2.2324839310767715,106956.1,611788.8695597172,1.2444335055759461,5.980799961090088,6.096699998378754,-6.2295101701941284,-16.496352265300228,-5.454551903131914,-2.72109389685753,6.1224477157774455,0
HK.00046,489,1.2200000286102295,1.2000000476837158,1.6666650109821552,0.8310067069166305,35920.95,43823.56002770662,0.7567159225989907,1.2271367311477661,1.442804594039917,2.521005877919275,-9.032120834432199,-18.94528544494706,-21.46251998430494,-9.273577065893818,1
HK.00048,489,0.36000001430511475,0.3700000047683716,-2.7027000903735274,0.8335423620892585,539870.0,194353.2077229023,6.331355649552707,0.31825999915599823,0.22632402494549753,28.57143313300851,51.89873799741348,144.89796911364346,153.52112853415917,45.16129846317352,0
HK.00050,490,4.829999923706055,4.880000114440918,-1.0245940484079599,2.3224042959942235,110422.5,533340.6665754318,1.3530794355284865,5.015825214385987,4.835019416809082,-9.706162100678457,-6.305265981555652,2.3701727041952263,3.4343164513479323,20.002625327395858,0
HK.00051,489,4.650000095367432,4.619999885559082,0.6493552067419409,3.4057971014492754,11300.0,52545.00107765198,0.7909354938249004,4.571400003433228,4.4822000312805175,-1.4830444477917337,-8.464563677097885,7.142855573281298,7.888634735540688,16.25000238418579,1
HK.00052,490,3.8499999046325684,3.799999952316284,1.31578823536055,0.18716577540106952,53800.0,207129.99486923218,0.9914292531260456,4.000200028419495,4.672432223558426,-4.938278436624106,-14.06250249461403,-20.62682125461771,-17.735041755347684,-21.06852266606186,1
HK.00053,490,70.0999984741211,69.5,0.8633071570087679,0.5013838193413822,9969.4,698854.9247879029,0.877004190547406,69.71400024414062,71.55158126831054,-2.773925162727793,-2.8367554594231508,-4.411313990493302,2.5103819666728326,14.797237064121378,1
HK.00055,489,0.1550000011920929,0.1550000011920929,0.0,0.0,59700.0,9253.500071167946,3.1198756245442727,0.15595999985933304,0.16922999948263168,2.6490121121775254,-7.738093284640832,-3.124997089616889,1.9736882737759063,-20.103094525590055,0
HK.00057,490,1.6699999570846558,1.659999966621399,0.6024090761646119,0.06593406593406594,74000.0,123579.99682426453,1.4649855522700965,1.6449999976158143,1.6792984181642532,0.6024090761646119,0.0,2.81886694712852,4.374995762482349,28.436430133812863,1
HK.00058,490,0.25999999046325684,0.25,3.9999961853027344,0.4444444444444444,91000.0,23659.999132156372,1.830129386809216,0.2887999999523163,0.21612499997019768,-13.333339956071377,30.653260913191076,59.50919415344265,24.401905551880173,71.05263080499506,1
HK.00059,489,0.009999999776482582,0.009999999776482582,0.0,,0.0,0.0,0.0,0.009999999776482582,0.009999999776482582,0.0,0.0,0.0,0.0,0.0,0
HK.00060,489,0.4749999940395355,0.4749999940395355,0.0,0.0,18200.0,8644.999891519547,1.1059396114616789,0.47519999563694,0.4736249975860119,5.555557027275219,-16.666666666666664,-1.041665696538963,5.555557027275219,10.465113055454637,0
HK.00061,490,0.07599999755620956,0.06499999761581421,16.92307745211225,6.445810287771052,307709.3,23385.906048022956,3.5915290173054983,0.06893999978899956,0.07738500028848648,10.144926753772236,1.3333260483214835,-7.317078711020517,-3.7974758754455378,-5.000000931322596,3
HK.00062,490,9.5,9.470000267028809,0.3167870340578539,0.3383372612800913,226723.7,2153875.15,1.4639514791381745,9.890426616668702,10.067439646720887,-4.9217667583075215,-13.415306607069969,-9.735851463839145,-6.084530853602234,12.900961613111802,2
HK.00063,489,0.05299999937415123,0.05299999937415123,0.0,0.0,57200.0,3031.5999642014503,0.3103743914577627,0.048620000183582306,0.05779000008478761,15.217389719867077,-8.620688104813743,-10.169493130691013,-3.636364252114102,-10.169493130691013,0
HK.00064,490,3.319999933242798,3.299999952316284,0.6060600368335035,0.29307840396828155,304660.95,1011474.3336616874,3.969739707487369,3.1855999565124513,3.0261744046211243,6.752413029920766,8.496731873370125,10.678846852214361,10.666664441426594,18.33722349420351,1
HK.00065,490,0.2199999988079071,0.23100000619888306,-4.761907833675695,2.2135535495496192,103701.8,22814.39587637782,1.174504369809141,0.27864000082015994,0.3613100001215935,-16.981128043829436,-31.249998835846753,-42.857141751305264,-38.02816747696805,-53.684210196096146,0
HK.00066,490,31.280000686645508,31.639999389648438,-1.1377961755609558,0.8497106703232888,6116081.25,191311025.69957972,1.518663326810262,32.438360404968265,30.28732253074646,-5.7374482452678555,-11.98034402728998,6.497956828911193,6.357087630219868,19.209599671557587,0
HK.00068,36,15.670000076293945,15.100000381469727,3.7748323206912335,0.48467942644548656,7860030.9,123166684.80267277,11.035262243699737,,,-35.620378068782095,,,-15.752689489699137,,1
HK.00069,490,4.059999942779541,4.079999923706055,-0.49019562011037376,0.36586310756911844,545018.65,2212775.6878137826,1.8159320249641646,4.316048498153687,4.535894265174866,-6.37618677266998,-14.991872525902735,-8.438387918702968,-13.397979430583815,-2.0078723437802646,0
HK.00070,490,0.04899999871850014,0.04800000041723251,2.0833297761985303,0.4146393061138143,224000.0,10975.99971294403,3.6353430623985488,0.050500000566244124,0.058655000254511834,-15.517241157830536,-10.909092756342305,-25.757577296951922,-2.0000040233134624,8.888881714256007,1
HK.00071,490,10.65999984741211,10.59000015258789,0.6609980530275332,0.5004351610095735,45650.0,486628.9930343628,0.9215069455980324,10.76659999847412,10.34516212940216,-1.5697144736061164,-4.3946169316797965,6.069648209953342,3.3947566784718166,15.359286804338396,1
HK.00072,489,0.2800000011920929,0.2800000011920929,0.0,0.0,33200.0,9296.000039577484,2.9752899615248407,0.2503999999165535,0.25957999847829344,12.000000476837158,7.6923121009354265,12.000000476837158,16.66666977107532,32.701425214883926,0
HK.00073,490,2.109999895095825,1.9500000476837158,8.20512017946683,21.8408736349454,670.5,1414.7549296617508,1.0493370076161208,1.917999997138977,1.8831999975442886,11.052627451201834,5.49999475479126,5.49999475479126,27.108429971255482,32.70439313213554,1
HK.00075,490,0.16099999845027924,0.15700000524520874,2.547766287538112,0.9729046067033127,6467.1,1041.2030899778008,0.8673471781895031,0.1541600015759468,0.14882500171661378,2.547766287538112,18.382345368138644,8.053687382247077,14.184393940194562,14.999998403447021,2
HK.00076,490,0.13699999451637268,0.13600000739097595,0.7352846110676616,0.5800978388046663,719933.6,98630.89925215243,3.454586445804534,0.15687999963760377,0.20068499937653542,-16.969703592435014,-19.41176877921011,-40.69264465801771,-2.142861476358084,-43.38843171127215,1
HK.00077,489,0.4350000023841858,0.4350000023841858,0.0,0.0,22210.0,9661.350052952766,0.509578404956668,0.42810000002384185,0.43758775413036344,1.1627895694091224,3.5714323727453214,-2.2471889042670363,-5.4347838058588644,15.52846345693103,0
HK.00078,490,0.5,0.5,0.0,1.220077936537391,206710.0,103355.0,3.0511638819172022,0.5341999936103821,0.5623000010848045,-13.793100967701989,-12.280700653653822,-13.793100967701989,-7.407411086706321,-12.280700653653822,0
HK.00079,490,0.0820000022649765,0.09799999743700027,-16.326526112727137,18.140794223826713,26412.5,2165.825059823692,1.6934649332088207,0.08203999951481819,0.0967050001770258,1.234570399524046,-20.388347407697072,-24.074073946320638,-24.074073946320638,-34.3999981880188,0
HK.00081,490,2.630000114440918,2.690000057220459,-2.2304810967750743,0.9463643209905594,9365151.85,24630350.437256575,4.2152861429241035,2.7786000061035154,2.462961814403534,-17.812497648410535,-1.127818436908127,6.910572099909401,34.87179744251453,60.83294137270106,0
HK.00082,490,0.08500000089406967,0.0860000029206276,-1.1627930146477543,2.246156528181828,3755660.0,319231.1033578217,4.32402625505046,0.08538000091910362,0.08642500028014183,-5.555558315029741,4.93827239984856,2.4096435292019236,3.6585348124734343,-6.593403714302815,0
HK.00083,490,11.470000267028809,11.59000015258789,-1.0353743225127368,0.6455158271586815,11427704.75,131075776.53402638,2.6168921366476203,12.110599994659424,10.839728093147277,-11.76922871516301,-4.449324882323038,11.613467336925913,11.72078458911808,53.15423692187052,0
HK.00084,489,0.061000000685453415,0.061000000685453415,0.0,0.0,117850.0,7188.850080780685,1.779479393680834,0.06602000027894973,0.06815000016242266,-6.153841657045865,-11.594199690466162,-6.153841657045865,-12.857142248932199,-24.69135740011899,0
HK.00085,490,1.1799999475479126,1.1299999952316284,4.424774559935741,0.9682925567682201,2620887.5,3092647.11252898,3.933558724970719,1.1625999903678894,1.379800000190735,-1.666674945089223,-9.230769936149668,-10.606068131899294,-12.592598021602667,-11.361503112560259,1
HK.00086,490,4.090000152587891,4.090000152587891,0.0,0.6013416600593324,478595.6,1957456.077027893,1.4515243529738562,4.146364850997925,3.973503975868225,-1.9184633631266979,0.210588986727578,13.037549606747078,2.636993583446841,43.64191241049858,0
HK.00087,490,12.9399995803833,13.0600004196167,-0.9188425373490177,0.48436989803347635,816655.3,10567519.239317799,2.079610937733626,13.291289920806884,12.085052289962768,-8.68031396815872,0.5462152929018467,14.885434813439707,15.279211485429878,30.469933469682502,0
HK.00088,490,3.630000114440918,3.609999895095825,0.5540227126394939,0.06537217867048441,147267.3,534580.3158534049,1.2226413178856053,3.8980000400543213,3.5481119787693025,-9.24999713897705,-10.148511170382653,11.596764356407487,4.310347544405118,21.811976394661446,1
HK.00089,489,2.119999885559082,2.119999885559082,0.0,0.0,4627.4,9810.087470436096,0.9710202487422982,2.199673681259155,2.201260033249855,-3.3085988119643908,-10.129153555336032,-3.3085988119643908,-1.5505696375685882,28.49573302948043,0
HK.00090,490,0.9200000166893005,0.9399999976158142,-2.127657550770317,1.023454157782516,191400.0,176088.00319433212,6.315439455757965,1.015400002002716,1.2614499992132187,-11.538456688971031,-19.298243137387765,-12.380946812445632,-22.689077945240665,56.60568411754519,0
HK.00092,490,0.1809999942779541,0.18199999630451202,-0.5494516741004631,2.6645884722315234,449039.95,81276.2283805728,2.727938079714881,0.19043999999761582,0.19490500040352343,-2.1621665160441204,5.232551238983863,-25.206613529453964,-0.5494516741004631,-10.837438676765103,0
HK.00093,490,0.44999998807907104,0.3700000047683716,21.621616832351467,2.3300970873786406,11500.0,5174.999862909317,5.856029896982139,0.4281999999284744,0.47337500140070915,-1.0989065691980104,-1.0989065691980104,-3.2258097595362787,-10.000002384185791,-23.728812189493883,1
HK.00094,490,0.06599999964237213,0.05900000035762787,11.86440549544719,4.064008128016256,284220.0,18758.519898355007,2.959253198006192,0.07062000043690204,0.06505054483190179,6.451614066167647,-15.384617588929125,34.63414456212408,-15.853664444547668,76.30661819797204,1
HK.00095,490,0.1809999942779541,0.1860000044107437,-2.688177427000535,0.9655515071215635,2515900.0,455377.8856039047,7.191827524902209,0.2336599987745285,0.2706149986386299,-27.309238654186952,-35.357145175945995,-49.01408457798609,-34.18182168913274,-21.304351741514875,0
HK.00096,489,0.5799999833106995,0.5400000214576721,7.40740004880958,0.0717154331612163,27988.0,16233.039532899857,1.9188465592828434,0.5623999977111817,0.5838000005483628,0.0,1.754384313814067,-6.451616314521787,3.571425150243618,8.20607357397179,1
HK.00097,490,0.1509999930858612,0.14900000393390656,1.3422745631884723,0.3059484623221501,769297.65,116163.93983096928,5.77793134651166,0.16945999950170518,0.19970999903976916,-13.714288195785254,-18.378383167648533,-20.942411848904097,-17.032969147308872,17.96873899511463,1
HK.00098,490,6.900000095367432,7.010000228881836,-1.5691887292841131,0.13582342954159593,25850.0,178365.0024652481,0.8792667319142897,7.0366784286499025,7.109784433841705,-3.694905097511382,-3.8203023731684924,-0.31577849501535804,2.024873444969026,-0.31577849501535804,0
HK.00099,489,1.25,1.25,0.0,0.0,6500.0,8125.0,1.1586208587310802,1.3007107806205749,1.3074655389785768,-5.2588675925777855,-5.9606492899445005,1.5624962165021814,1.5624962165021814,13.593693379923053,0
HK.00101,490,7.659999847412109,7.800000190734863,-1.7948761525551198,1.1875421829025072,9632820.95,73787407.00714816,2.238928800727213,8.524067516326904,8.551960740089417,-14.983355684523275,-17.05018468308721,-11.842988365537018,-8.203487861787488,31.041557170915013,0
HK.00103,490,2.0899999141693115,2.109999895095825,-0.9478664417471632,0.37556939667193456,108460.0,226681.39069080353,4.07141230216148,2.323799977302551,3.022199994325638,-5.000005960464348,-8.333335947572172,-36.28048986586556,-33.012820806729025,1.6320073124167205,0
HK.00104,490,0.23999999463558197,0.24500000476837158,-2.0408204226431472,1.6438037450064191,256754.6,61621.102622661,1.1321716675254367,0.226599999666214,0.22812385089695453,6.6666671081825655,6.6666671081825655,2.5641014211250326,7.623313621258062,17.09161295950971,0
HK.00105,489,5.28000020980835,5.28000020980835,0.0,0.0,1420.0,7497.600297927856,0.1160582432092891,5.229400033950806,5.182692704200744,0.7633671839197399,0.0,3.3540378120419385,2.5242740200695666,8.498871502141666,0
HK.00106,489,0.01899999938905239,0.01899999938905239,0.0,,0.0,0.0,0.0,0.01899999938905239,0.019159999415278434,0.0,0.0,0.0,0.0,26.666665424903208,0
HK.00107,490,5.03000020980835,5.099999904632568,-1.372543061434859,0.3524990030692947,4779934.9,24043073.549870256,2.793458103697987,5.415366878509522,5.025930609703064,-7.698969143608343,-6.5674338370055025,2.399228929173351,2.5961546410653056,14.248514257839407,0
HK.00108,490,2.0899999141693115,2.0799999237060547,0.48076878990645744,0.7478658170013226,3295900.0,6888430.717110634,6.472122742510774,2.520999984741211,2.4339499926567076,-15.38461983964951,-2.3364573964402773,-32.3624604458551,-11.440677666451787,207.352925321429,2
HK.00110,489,0.4099999964237213,0.4000000059604645,2.4999975785613424,0.0,665050.0,272670.49762159586,4.614623182802258,0.4113399988412857,0.25828500039875507,-21.153843949532288,103.98009264222195,78.26086477656455,86.36363574788591,134.28571623198843,2
HK.00111,490,0.6800000071525574,0.6700000166893005,1.4925358528601556,0.8770668583752695,539300.0,366724.0038573742,6.8047230777224215,0.7021746528148651,0.6047295765578746,-11.865642176040092,-10.790834447095092,35.465767559717825,35.465767559717825,147.9712385273841,1
HK.00113,490,6.25,6.260000228881836,-0.15974805936424355,1.518155905316644,103453.0,646581.25,1.6896857564014662,6.0900000476837155,5.505956969261169,1.4610414743062174,8.50694013276603,25.086032912193563,12.007169990227402,-4.920152862442227,0
HK.00114,489,0.6700000166893005,0.6700000166893005,0.0,0.0,84875.0,56866.25141650438,2.6714694758715756,0.6083999919891357,0.5924596896767617,13.559329910410172,8.064517989739157,9.594732698960419,6.349209803242228,50.678043723667834,0
HK.00115,489,8.0600004196167,8.220000267028809,-1.946470099932767,,0.0,0.0,0.0,8.438200092315673,6.21040000796318,-2.774421511395488,15.142863137381418,61.200008392333984,7.46667226155599,112.1052768620099,0
HK.00116,490,10.239999771118164,10.15999984741211,0.787400835704065,0.59033162141947,1019889.35,10443666.710565852,3.2429228654647027,11.915499057769775,12.322422184944152,-16.68022943122755,-18.726029199358795,-11.210515665975006,-10.772409779102793,37.62884738052331,1
HK.00117,490,7.130000114440918,5.630000114440918,26.642983472638104,0.7522348360733598,34679717.8,247266391.8827787,28.76842165232475,1.8715000116825105,0.8140750010311604,738.823519347036,1705.0632710831999,1245.2831130810384,1937.1429245325994,2752.000045776367,1
HK.00118,490,0.2280000001192093,0.2150000035762787,6.046509919390957,0.5567928730512249,3241860.0,739144.0803864598,10.175429114216094,0.23165999740362167,0.22507499992847443,-39.99999921572835,17.525769790892166,-4.999997826913944,-8.799999952316284,18.13471282567626,1
HK.00119,490,1.9500000476837158,2.0,-2.499997615814209,0.4024763477977527,17700914.5,34516784.11904538,4.141937053839427,2.0304000043869017,1.9437999993562698,-20.731706607916195,-3.9408829967266183,-2.0100483246901604,-2.0100483246901604,38.35366290997472,0
HK.00120,490,0.06199999898672104,0.05700000002980232,8.771927990007857,1.9283214673585134,786030.0,48733.85920353234,11.334122409183408,0.07230000004172325,0.09499999996274709,-6.0606070868568365,-27.05882548873398,-31.11111497437497,-31.86813159821589,-47.00854728068452,1
HK.00122,490,1.340000033378601,1.4199999570846558,-5.633797614353404,0.33308660251665434,26676.25,35746.17589041591,0.39396046089615655,1.4456000113487244,1.5941276031732559,-10.067112429400499,-8.843536918467496,-8.843536918467496,-8.843536918467496,-32.66331522829777,0
HK.00123,490,4.320000171661377,4.300000190734863,0.46511581486920134,0.6256330077878051,12220898.65,52794284.26585629,3.9114247307004866,4.086399993896484,4.428919838666916,-7.096772407269787,-1.144158242725178,-7.296130619822838,7.462691347220366,1.7028728654732457,1
HK.00124,490,0.22699999809265137,0.22499999403953552,0.8888907138212712,0.06202458520955582,967575.2,219639.56855449674,5.1770995397672745,0.22499999910593033,0.2461249992251396,-9.200000762939453,-3.404255885784311,-10.980391240220747,-0.8733642071508655,10.731707352531021,1
HK.00125,490,0.29499998688697815,0.29499998688697815,0.0,0.9917355371900827,12100.0,3569.4998413324356,1.083744355069452,0.3123000031709671,0.3556250001490116,-1.666674945089223,-18.05556245424102,-20.270274841846327,-15.714288025486264,-14.492757128607561,0
HK.00126,489,0.12200000137090683,0.12200000137090683,0.0,0.0,79800.0,9735.600109398365,1.7284295924611819,0.11784000054001809,0.1344350004196167,0.0,-4.687503456079702,-20.779219459755495,-15.862065599024127,0.826447960311188,0
HK.00127,490,1.1200000047683716,1.1399999856948853,-1.754384313814067,0.6573571092495999,212151.5,237609.68101161718,1.898142694042184,1.209600019454956,1.2652000004053117,-11.81102192211935,-13.84615031925166,-12.49999767169351,-10.399999618530273,-13.856119295257525,0
HK.00128,484,0.30000001192092896,0.30000001192092896,0.0,,0.0,0.0,0.0,0.30000001192092896,0.30000001192092896,0.0,0.0,0.0,0.0,0.0,0
HK.00129,490,0.19300000369548798,0.1979999989271164,-2.5252501306673802,1.1289301685062485,102688.35,19818.851929483564,1.8470893732119746,0.19875999987125398,0.25411999940872193,-3.4999995902180734,-13.063062518827817,-33.4482726727597,-22.79999852180481,-37.74193477059999,0
HK.00130,489,0.19900000095367432,0.19900000095367432,0.0,0.0,106700.0,21233.30010175705,1.770252676626078,0.18680000245571138,0.16665000081062317,-13.47826202447561,7.567566696791175,24.375003376044408,28.38709640205217,39.16083333124926,0
HK.00131,490,1.350000023841858,1.350000023841858,0.0,1.0709838107098382,42300.0,57105.00100851059,0.6446797894183189,1.2947999954223632,1.2609483671188355,0.7462679264300778,5.487774093422168,19.12843874563076,18.11024993486771,-6.285634890351351,0
HK.00132,489,0.1979999989271164,0.1979999989271164,0.0,0.0,26500.0,5246.999971568584,0.6916993849502587,0.197780000269413,0.22531999945640563,1.5384647126735067,1.0204102578684027,-20.800000429153442,-13.913045506396193,-25.056784584733677,0
HK.00135,490,6.900000095367432,6.900000095367432,0.0,1.0546390532302354,11979191.75,82656424.21742475,2.49158833649758,7.252985467910767,7.35177634716034,-6.40803006202469,-16.868301654045354,-3.4672950814204038,-4.510890445155929,-5.770134424419833,0
HK.00136,490,1.3700000047683716,1.409999966621399,-2.8368767943217823,0.9013124850054197,111034515.85,152117287.24395382,5.821535216404918,1.485,2.1976500052213668,-2.1428551357619274,-25.94594664256706,-41.949149759909446,-39.380530506659525,-33.17072992024143,0
HK.00137,489,0.5899999737739563,0.6000000238418579,-1.666674945089223,0.16355140186915887,40400.0,23835.998940467834,1.888654819208474,0.6422000014781952,0.6731500014662742,-14.492757128607561,-7.812502037268178,-9.230769936149668,-14.492757128607561,-10.606068131899294,0
HK.00138,490,0.4449999928474426,0.42500001192092896,4.705877733065725,0.700834015012721,22965.35,10219.580585739015,2.167256546448647,0.5025999933481217,0.6822999982535839,-14.423075159625828,-32.57576133867692,-42.94871677308388,-37.323942775173876,-45.73170771597398,2
HK.00139,490,0.12999999523162842,0.12800000607967377,1.5624914507502095,0.989424306022359,2660243.9,345831.6943149686,5.247281776540778,0.1274399997293949,0.2319863249734044,-6.474822611858408,-22.61904941411383,-51.30219697839974,-10.555048338289595,-75.65109848919988,1
HK.00142,490,4.989999771118164,5.059999942779541,-1.383402617647555,0.7025968833966868,5175558.7,25826036.728408623,2.5618299438760808,5.342257022857666,5.876985516548157,-9.198566757325326,-16.985743232217832,-17.783954166748835,-14.065641384263452,-0.5736064274931282,0
HK.00144,490,14.130000114440918,14.15999984741211,-0.21186252326601665,1.019444836972638,3441381.6,48626722.40183487,2.619471329985006,15.093609371185302,15.10902470111847,-9.045655752015296,-14.633833106729293,-8.129232622167446,-4.019228053446241,2.1507998459503854,0
HK.00145,490,0.1889999955892563,0.19099999964237213,-1.0471225428589774,0.13252616934359576,5147227.5,972825.9747968987,3.003966198580644,0.19657999962568284,0.21659284971654416,-3.571428299905948,-13.302752230867934,14.545447320649405,-18.53448231566107,-5.500003613531536,0
HK.00146,489,1.559999942779541,1.559999942779541,0.0,0.0,14050.0,21917.99919605255,0.4059825124720811,1.5945999932289123,1.6921239906549455,-1.265829088137235,-21.608043452085354,-10.775568122546387,-17.46031986312503,22.027523879389374,0
HK.00147,490,0.0729999989271164,0.07400000095367432,-1.3513540725275752,0.46716670497043644,11502750.0,839700.7376588881,9.283180719959564,0.07256000012159347,0.1856049993261695,19.67212804396673,-39.16666620100537,-69.95884826656571,-57.05882461219509,37.73584865874436,0
HK.00148,490,89.8499984741211,71.75,25.22647870957644,2.847097001704525,23053279.4,2071337118.9134872,8.787901920859786,49.515000076293944,34.43467675209045,60.87735170799403,135.08633072845345,261.75266129353673,203.7525311219266,330.56140923010327,2
HK.00149,490,0.061000000685453415,0.06199999898672104,-1.6129005122754927,0.7853838069511384,1511158.55,92180.6725858288,5.5706280067285,0.06542000092566014,0.07214500036090613,-1.6129005122754927,-4.687503456079702,-21.79487252964304,-16.438353997297785,48.78048536715097,0
HK.00150,490,0.14900000393390656,0.1599999964237213,-6.874995459802347,2.5171081538344993,222925.0,33215.82587696612,2.4051630365657752,0.16562000066041946,0.1728272595256567,-9.696970901103887,-4.487178936101052,-19.826309410526726,-17.222223326011896,-9.405813483204705,0
HK.00151,490,4.199999809265137,4.170000076293945,0.7194180437006954,0.32624725173216723,12167559.2,51103746.31922226,3.061642385618173,4.373399972915649,4.884399518966675,-2.5522073079997454,-11.949689181144638,-14.634151541947906,-10.256411040166299,-14.398152998452215,1
HK.00152,490,5.849999904632568,5.909999847412109,-1.0152274844104099,0.6997619166406114,14319272.05,83767740.12690781,2.8614482109636503,6.6619765567779545,7.611270508766174,-15.606028347693831,-29.592396693987215,-26.35431264984004,-27.466270796852164,-13.261748208244956,0
HK.00154,490,0.45500001311302185,0.45500001311302185,0.0,0.6939409632314862,194000.0,88270.00254392624,2.5971994696040657,0.5279999995231628,0.5610499954223633,-15.740741660565469,-24.16666749450892,-18.749998004308775,-14.15093628780453,2.2471956014182424,0
HK.00156,490,1.0099999904632568,1.0,0.9999990463256836,2.870236603170655,35116.3,35467.46266510487,2.38870362770317,1.0245999813079834,0.8884499943256379,0.0,4.123707285899507,27.84809658607993,23.17073161867245,29.487183014081676,1
HK.00157,490,0.46000000834465027,0.46000000834465027,0.0,1.2048192771084338,107500.0,49450.000897049904,1.5147900568730808,0.4704000020027161,0.5034750035405159,-1.0752677834782465,-7.999998331069946,-9.80391824580021,-6.122449103716459,-2.127657550770317,0
HK.00158,489,58.099998474121094,58.099998474121094,0.0,0.0,800.0,46479.998779296875,0.045969855399114294,60.23499984741211,61.505502490997316,-6.2903250417401715,-7.04000244140625,-6.898463557757362,-5.270296157711943,0.9685460526080273,0
HK.00159,490,0.07999999821186066,0.07599999755620956,5.263158926673246,0.49635181416588076,1032350.0,82587.99815401435,9.532121479904587,0.0772000002861023,0.09746500071138144,2.564098155475083,-10.11236312488395,-20.000002980232196,-10.11236312488395,-16.666669253673795,1
HK.00160,489,0.9399999976158142,0.9399999976158142,0.0,0.0,16009.8,15049.211961829662,0.15463933046165945,0.9596000039577484,1.002800448834896,-4.081634763179803,-7.843135765358715,-7.843135765358715,-1.0526305882884401,-6.179117135890569,0
HK.00162,490,0.05400000140070915,0.052000001072883606,3.846154397232281,0.04195303675884362,4039250.05,218119.5083578145,19.290935080194547,0.044640000462532047,0.045430000200867654,25.581394341457496,14.893623935577521,28.571433639850813,31.70731685155918,0.0,1
HK.00163,490,0.1720000058412552,0.1720000058412552,0.0,0.10054326879572624,159260.75,27392.849930282682,1.5921689038039901,0.18387999951839448,0.19494999974966049,-7.027025067780146,-16.9082106477074,-9.47368000022587,-13.567836674887515,-35.09433391468483,0
HK.00164,490,0.5099999904632568,0.5199999809265137,-1.9230751596258298,0.535259688995503,623046.95,317753.93855816126,5.136729537137904,0.4931999951601028,0.42032499819993974,-5.5555610745039266,25.925923200519225,37.837833483955876,43.6619734863421,27.49999571591622,0
HK.00165,490,5.699999809265137,5.489999771118164,3.8251374663391164,0.5839696497233899,8896397.85,50709466.04814677,4.924366350515202,6.341919145584106,8.702602365016936,-13.150192949261836,-29.819409135256507,-33.40171574444567,-39.57081802816639,24.392306090565906,1
HK.00166,490,0.032999999821186066,0.03400000184774399,-2.941182271212952,0.10190835527193759,987987.5,32603.587323334068,2.9815012191332877,0.03867999993264675,0.04410500016063452,-17.499998603016106,-26.66666997803569,-28.260870093377637,-21.428570795018647,-28.260870093377637,0
HK.00167,490,7.0,7.380000114440918,-5.149052961359004,0.4788499089298414,225540.4,1578782.8,6.073131751027775,6.474000005722046,3.9455499908328058,12.0,-3.9780516237384584,112.12121518628113,103.48836870822737,304.6242729956095,0
HK.00168,490,49.34000015258789,48.779998779296875,1.148014324118209,1.3882118496825528,3313794.7,163502631.00364494,2.359377086409128,50.97299987792969,51.43674991607666,-7.6029986091357,-1.615157225614501,-8.714151990668565,-0.644381183663847,-9.384757646926618,2
HK.00169,490,0.11299999803304672,0.11800000071525574,-4.237290382967418,0.30594030537137873,6610650.0,747003.4369971603,12.824201701207802,0.10311999976634979,0.12278000354766845,-37.912087732143924,29.885058947796434,-31.09756407817149,0.8928522724203596,-12.267085488004913,0
HK.00171,490,0.050999999046325684,0.052000001072883606,-1.923080780625969,1.0558408215661104,1312200.0,66922.19874858856,6.578098992378786,0.0654799997061491,0.08646999994292855,-23.88060033440874,-40.00000175307777,-50.485437876408035,-38.55421567779954,-32.89473593916091,0
HK.00173,490,2.119999885559082,2.130000114440918,-0.4694942884761673,1.168082159194165,1746412.95,3702395.2541388986,2.452524036908883,2.2685999870300293,2.284125564098358,-12.033202902216827,-19.696977222808385,0.0,0.0,21.418721337419804,0
HK.00174,490,0.2199999988079071,0.2460000067949295,-10.56910864587761,2.6254826254826256,87900.0,19337.999895215034,2.354742106109899,0.20330000132322312,0.22454999946057796,15.183245664834812,0.0,-0.9009027150183835,-3.0837001513485354,9.999997764825855,0
HK.00175,490,18.56999969482422,18.170000076293945,2.2014288214128594,0.7793117521701305,59486634.2,1104666778.94012,3.650783331881205,21.71579990386963,18.802349939346314,-17.245992634268543,20.506164040895733,10.865669819846083,2.0329610789807884,7.414811175653712,1
HK.00176,489,0.013000000268220901,0.013000000268220901,0.0,,0.0,0.0,0.0,0.013000000268220901,0.013000000268220901,0.0,0.0,0.0,0.0,0.0,0
HK.00177,490,11.210000038146973,11.020000457763672,1.7241340516410293,0.7851968165884405,15308634.65,171609795.01047808,2.9866012414756637,10.483200035095216,9.91200002670288,4.0854184000161515,11.653387258360157,13.807102578754616,15.805781867105095,17.817965426607543,2
HK.00178,490,0.8399999737739563,0.8100000023841858,3.7037001606749893,1.4372982339045943,5418384.95,4551443.2158972,4.024060043648827,0.8331999969482422,0.6647944590449333,-8.69565668088043,35.483865695739055,40.265309378480104,39.99999006589293,39.578868384831836,1
HK.00179,490,23.68000030517578,24.200000762939453,-2.1487621544211475,0.436851631171081,10692876.55,253207319.96720698,7.036379555649498,25.0792000579834,29.266583414077758,-17.77777453999452,-14.45086689270034,-16.72191086547799,-23.612902241368445,15.408180139958844,0
HK.00180,489,0.20900000631809235,0.20200000703334808,3.4653460599081245,0.04405286343612335,45500.0,9509.500287473202,0.9707257521803607,0.1976800012588501,0.20382500059902667,3.9801000557347894,-1.415090195253713,12.365592130072073,8.854169011141877,-15.725802526684197,1
HK.00181,489,0.11900000274181366,0.11900000274181366,0.0,,0.0,0.0,0.0,0.1218400003015995,0.1141949998214841,0.8474593394037465,-7.751930999996189,19.000000968575463,27.95698916116799,58.66666401757145,0
HK.00182,490,0.45500001311302185,0.4399999976158142,3.409094449656088,1.1379353926002185,44437821.35,20219209.296964124,7.190411408499382,0.3519399982690811,0.3518849992752075,8.33333983780866,46.774196649565255,46.774196649565255,42.18750727595778,3.409094449656088,1
HK.00183,489,0.1459999978542328,0.1459999978542328,0.0,0.0,15480.0,2260.0799667835236,0.5895961019355273,0.15007999986410142,0.16872999928891658,-9.87654479969712,-15.60693422549661,-8.749999301508053,-15.116283200024258,-41.600000858306885,0
HK.00184,489,2.319999933242798,2.2899999618530273,1.3100424405900453,0.0,63600.0,147551.99575424194,1.4237621223081736,2.226518416404724,2.226502403020859,1.3100424405900453,5.753470183731016,12.14786049977722,13.734860195133638,4.33525735758877,2
HK.00185,489,0.07599999755620956,0.07599999755620956,0.0,0.0,9680.8,735.7407763421535,0.13157872808193521,0.09057999953627587,0.10991499960422516,-20.833336567092246,-26.21359469102008,-39.6825425921894,-26.92308078062597,4.109587223540079,0
HK.00186,489,0.15199999511241913,0.15299999713897705,-0.6535961080114099,0.0,12000.0,1823.9999413490295,0.16233750840004585,0.15526000171899795,0.1657700027525425,-1.2987039376318668,-3.7974758754455378,-5.000000931322596,-3.7974758754455378,-38.46153892560453,0
HK.00187,490,3.1700000762939453,3.130000114440918,1.2779540060870622,0.5143150181154486,3655599.95,11588252.120400144,5.102121708805873,4.1020000410079955,4.477500002384186,-23.05824843818466,-30.786023382095664,-21.92117928642845,-22.682923170018153,-25.4117629107307,1
HK.00188,489,0.23899999260902405,0.23899999260902405,0.0,0.0,89531.4,21398.003938275575,1.5312363138957088,0.2475599992275238,0.24713422238826752,0.8438772669962988,-9.614546682436625,-2.2955911110103955,-0.5760002301025456,13.55994413414941,0
HK.00189,490,15.529999732971191,15.779999732971191,-1.584283930484756,0.5849204502138683,68541247.05,1064445548.3840125,8.86435531402078,12.830381202697755,11.78286717891693,25.497597306504836,18.36385106335965,58.56962170393266,45.720509766327424,74.26412761859531,0
HK.00191,490,0.699999988079071,0.7200000286102295,-2.777783296726149,0.4200617490771143,51042.65,35729.8543915242,2.5607962363360808,0.7745999932289124,0.658174999654293,-10.256408492959162,0.0,20.689656589884578,-2.777783296726149,29.629622271031803,0
HK.00193,489,0.20900000631809235,0.20900000631809235,0.0,0.0,98665.0,20620.98562337458,1.7656053469725326,0.21388000041246413,0.20710499957203865,-4.999996613372438,-1.415090195253713,13.58695973471398,15.469620400727639,-16.06425380759082,0
HK.00194,490,4.5,4.5,0.0,0.5482155583575462,47726.6,214769.69999999998,0.7245056933521028,4.4770268630981445,4.397197971343994,-1.0432358283401528,-9.305652539690136,6.395427690118789,5.197270297204083,14.448019788922286,0
HK.00195,489,0.2849999964237213,0.2849999964237213,0.0,,0.0,0.0,0.0,0.2849999964237213,0.2849999964237213,0.0,0.0,0.0,0.0,0.0,0
HK.00196,490,0.1679999977350235,0.1679999977350235,0.0,0.3440806929350634,1680036.9,282246.19539475586,3.28449100021652,0.18887999832630156,0.19721999920904637,-16.41791365659511,-26.95652404895122,-1.754389481139836,-1.754389481139836,11.999994039535759,0
HK.00197,490,0.28999999165534973,0.30000001192092896,-3.3333399560713786,0.06320161673015227,109503.55,31756.028586231172,2.6445202686858913,0.285,0.3377649986743927,-1.694913713180618,1.754384313814067,-9.375000582076622,0.0,62.921340789717995,0
HK.00199,490,2.0799999237060547,2.2300000190734863,-6.72646161813726,0.38504667066017106,16095757.1,33479173.53999119,13.120317854284586,1.2673999965190887,0.8826349966228009,121.27658818954252,121.27658818954252,147.61904626746832,98.09523982525961,966.6666666666666,0
HK.00200,490,3.7899999618530273,3.7699999809265137,0.5305034755357873,0.9863005287919139,3944765.6,14950661.473519135,3.1337437463757336,3.9895999956130983,4.56224999666214,-3.0690568118534154,-7.334967714977769,-20.711301349399218,-11.860469913018253,13.134330440189032,1
HK.00201,489,0.07000000029802322,0.07000000029802322,0.0,0.0,8019027.8,561331.9483898565,5.359904559605147,0.06990000024437905,0.0705050003156066,0.0,0.0,-1.4084535124187008,0.0,0.0,0
HK.00202,490,0.06400000303983688,0.06800000369548798,-5.882353585690328,4.720869239415512,81225.0,5198.400246910751,5.827796885541714,0.07914000004529953,0.13222500070929527,-20.98765080067066,-36.633662562921444,-50.7692266251207,-49.206347610734845,1.5873047785303125,0
HK.00205,490,0.699999988079071,0.7400000095367432,-5.405408235428679,0.7357437225649617,487892.5,341524.74418386817,5.664623088833124,0.72299999833107,0.5945499986410141,-11.392408978994343,-7.894737254879816,97.1831011928233,0.0,272.3404319402914,0
HK.00206,490,0.36000001430511475,0.38999998569488525,-7.692300638503319,3.2581739977821838,1646300.0,592668.0235505104,5.007607423156977,0.4305000001192093,0.35896999783813954,-17.241376475403356,-35.714283433495744,51.2605067271228,38.461549042245025,52.542378018211245,0
HK.00209,490,0.49000000953674316,0.49000000953674316,0.0,0.22831461725017713,40985485.5,20082888.28586805,11.76489019490857,0.40340000033378604,0.31451247572898866,27.272732902445927,58.06451798973916,92.15687007823402,214.10256373517848,237.93105078367262,0
HK.00210,490,0.36500000953674316,0.36000001430511475,1.3888875091517963,0.3931428571428571,427900.0,156183.5040807724,2.59456214853556,0.38188947916030885,0.39926974460482595,-2.4613221823860334,0.07214914068984384,-16.243963396832687,-4.869683849366327,-1.6591064408017573,1
HK.00211,490,0.25999999046325684,0.25999999046325684,0.0,0.37966045067593795,157035.95,40829.34550238848,2.159357673793026,0.2556799936294556,0.2602299965173006,3.9999961853027344,-5.454550971669479,10.638294094771258,-7.1428609441737585,16.071420731213262,0
HK.00212,490,29.0,28.0,3.571428571428571,6.666666666666667,1525.0,44225.0,0.3950176660528533,28.37749038696289,28.219676666259765,1.045300196417042,-1.5792526307067696,2.75792950944903,1.045300196417042,21.254358624032545,1
HK.00213,489,0.3700000047683716,0.3700000047683716,0.0,0.3282140359470111,40258.3,14895.571191966535,2.3205118145313888,0.39489999890327454,0.3765034785866737,-6.329115261120019,-7.500000186264512,7.246378564303781,5.714288876981205,2.669475497625025,0
HK.00214,489,0.25,0.25,0.0,0.0,26800.0,6700.0,2.6571512519643714,0.2526599982380867,0.2864399994164705,0.0,-7.407411086706321,-18.03278880745961,-12.280700653653822,-25.37313618726889,0
HK.00215,490,1.1200000047683716,1.1299999952316284,-0.8849549119871483,0.36896010913954386,2873471.15,3218287.701701778,1.478854114853525,1.1309711408615113,1.092164022028446,-3.2368827029370224,-0.7768042290492084,9.423707659963865,0.9339399742616997,25.878713377033584,0
HK.00216,489,0.5899999737739563,0.6100000143051147,-3.278695092153664,0.7633587786259542,13600.0,8023.999643325806,1.0629296078947175,0.6236000120639801,0.6129500064253807,-4.838714639304418,-4.838714639304418,-1.666674945089223,3.508768627628134,-3.278695092153664,0
HK.00217,490,0.1340000033378601,0.12300000339746475,8.94308913541224,2.060085836909871,2051500.0,274901.00684762,9.97425304324849,0.14716000005602836,0.1396900001913309,-14.649682254103325,-2.8985458733878535,8.064520586975977,6.349207287803033,51.45593753255302,1
HK.00218,490,0.8799999952316284,0.8799999952316284,0.0,0.753090121419144,720851.0,634348.8765627146,4.365654443945043,1.0655999958515168,1.4180999955534934,-23.47825969775365,-27.868854541414578,-38.02816747696805,-36.690647173517696,-28.455286049954697,0
HK.00219,490,0.7200000286102295,0.7300000190734863,-1.3698616715036243,2.0756239335718947,50541.85,36390.133446013926,0.7728851259981351,0.7032000100612641,0.6380000039935112,0.0,2.857148695965302,35.849069335275466,18.03278880745961,28.57143313300851,0
HK.00220,490,7.449999809265137,7.450300216674805,-0.004032151737934202,1.011819069213915,15939141.05,118746597.78235012,3.7780123083577353,7.299611825942993,7.671665754318237,2.691624199411198,3.2216450829071515,-3.8500280749034976,-0.7484247467664651,-17.958876155347227,0
HK.00222,490,2.1600000858306885,2.3499999046325684,-8.085099000528984,3.3333333333333335,2800.0,6048.000240325928,0.3194419672804396,2.5209999799728395,3.084899994134903,-10.0,-34.54545099873183,-37.93103235655252,-39.99999602635691,24.855494914242353,0
HK.00223,490,0.11699999868869781,0.11400000005960464,2.631577743442656,0.15436049339981062,2077069.3,243017.10537633448,6.288406950702022,0.13174000024795532,0.12077499903738499,-8.593755366018485,-22.000003973642826,7.339450920905454,-16.428572721019076,7.339450920905454,1
HK.00224,489,0.5199999809265137,0.5199999809265137,0.0,0.0,2128.1,1106.6119594097138,0.0,0.5471999907493591,0.5795249968767167,-1.8867907552966041,-16.129035979478314,-5.454550971669479,-3.7037110623015317,-13.333339956071377,0
HK.00225,489,5.380000114440918,5.449999809265137,-1.2843981151195183,0.0,8430.0,45353.40096473694,0.0659014284592917,5.415800008773804,5.546115972995758,1.5094324684347307,-7.2413803876225575,-5.281685263456316,-5.281685263456316,11.403753020418383,0
HK.00227,490,0.19099999964237213,0.19300000369548798,-1.036271510269718,0.6886446886446886,325200.0,62113.19988369942,3.386675765196218,0.20872000038623809,0.272039999589324,-8.173078989621056,-20.416665036852123,-31.785714703859114,-23.600000143051147,-25.098037955303525,0
HK.00228,489,1.3700000047683716,1.409999966621399,-2.8368767943217823,0.759092867639871,163855.8,224482.44678132533,2.866374153665489,1.5249999976158142,1.519300000667572,-1.4388475634778752,-28.27224980575439,2.2388037792902336,-11.612900199056448,-25.543479352400727,0
HK.00229,490,0.8500000238418579,0.8600000143051147,-1.1627895694091224,4.291845493562231,70000.0,59500.001668930054,0.6814582528787965,0.8648133170604706,0.8928409758210182,-2.298841676145747,-5.4504967506849065,-9.349445276324426,-4.422783174627026,9.281126149412383,0
HK.00232,490,0.4050000011920929,0.38499999046325684,5.194808110195212,5.729332279213123,126307513.6,51154543.15857029,10.332077157238832,0.17457004576921464,0.15338120751082898,116.15873230986142,169.4965946408441,214.41268335569848,148.51782681348425,243.70580630606193,2
HK.00234,490,0.03099999949336052,0.03099999949336052,0.0,2.6082918652250804,285647.0,8855.056855279952,1.7353722574877137,0.03101999990642071,0.03554500026628375,-3.1250061845636785,-8.82353585690328,-22.499999534338702,-11.428573253203405,14.814809960184236,0
HK.00235,490,0.020999999716877937,0.019999999552965164,5.000000931322596,0.5274121277767656,14063707.75,295337.85876825405,6.990355027992671,0.024060000218451023,0.029100000150501727,-16.000002384185755,-22.222225288304692,-34.375004001776496,-29.999999379118268,0.0,1
HK.00236,490,1.190000057220459,1.2100000381469727,-1.652890933552547,0.4566496754933243,17918.9,21323.492025327683,1.3065140353883609,1.2002079129219054,1.1792551559209823,-0.8333325054910776,-0.8723579343719194,1.5453906627968153,1.5453906627968153,48.69146678978126,0
HK.00237,489,2.200000047683716,2.200000047683716,0.0,0.0,18440.0,40568.00087928772,0.9172414882719939,2.2220000076293944,2.093433226943016,-3.083697525593237,-3.930127321770136,8.398067941118184,9.452739210046888,21.564790133872563,0
HK.00239,490,2.430000066757202,2.4800000190734863,-2.0161270940217118,2.2222222222222223,16250.0,39487.501084804535,0.24599932862747276,2.4516000366210937,2.412172638177872,-2.799997329711914,0.41322273338813675,1.2499987582366165,2.100838231599396,8.941555028789644,0
HK.00240,490,1.5800000429153442,1.590000033378601,-0.6289302046118699,0.4284524035520682,292917.6,462809.8205706596,2.1106252510840045,1.6593728756904602,1.4194760978221894,-6.817271523581085,-5.264225160916428,12.1871041043599,20.087609404162006,72.36469083435155,0
HK.00241,490,3.4600000381469727,3.490000009536743,-0.8595980317419155,0.5713835895463596,143618016.5,496918342.56859255,3.9411005755013844,4.322199959754943,5.502499989271164,-24.782606306959366,-32.94573371194451,-39.61605538168151,-33.589251193603026,-23.62031174622496,0
HK.00242,490,0.5600000023841858,0.5600000023841858,0.0,0.17501130058412506,924077.7,517483.5142031729,2.320174816261231,0.5867999935150147,0.6771000015735626,-9.677419664956526,-13.84615031925166,-18.84057908417722,-15.151518161850626,-5.084741139541855,0
HK.00243,490,0.6299999952316284,0.6499999761581421,-3.076920255401327,0.5496973825622461,2985365.95,1880780.534264666,13.716898358082158,0.5076999980211258,0.418849999755621,0.0,67.99999872843424,85.29411429558662,74.99999172157744,270.5882285911732,0
HK.00244,490,0.3050000071525574,0.30000001192092896,1.6666650109821552,6.94207453973956,150000.0,45750.001072883606,5.817448929130132,0.3044200026988983,0.3297300010919571,0.0,-14.084502430904152,-7.575759080925313,-4.687495634425334,19.60784817878589,2
HK.00245,490,0.9800000190734863,0.9599999785423279,2.083337601895229,0.07911512322550139,111154.95,108931.85312011241,2.357994064310771,1.0199999845027923,1.076449994146824,-6.666660611591367,-9.259261098908716,-10.909091106131052,-10.091744122626764,-28.985505618860774,1
HK.00247,489,19.350000381469727,19.350000381469727,0.0,,0.0,0.0,0.0,19.350000381469727,19.720809516906737,0.0,-3.369669101433638,-5.201742348956633,-2.985074484136464,3.6855852226236108,0
HK.00248,490,0.25999999046325684,0.26499998569488525,-1.8867907552966041,0.20681165197528392,148986.7,38736.54057915211,2.028867593667675,0.27819999903440473,0.29223382465541364,-10.344828294942289,-23.529415373983642,-15.624961616506273,-28.19147486988224,20.536105523349217,0
HK.00251,489,1.2699999809265137,1.2699999809265137,0.0,0.0,300.0,380.9999942779541,0.0,1.3139281225204469,1.28704958319664,-5.762320255887681,-6.440289174910071,1.5999984741210938,0.8124015867248061,1.6904222008324206,0
HK.00252,489,1.600000023841858,1.600000023841858,0.0,,0.0,0.0,0.0,1.600000023841858,1.5981500256061554,0.0,0.0,0.0,0.0,1.265821543245696,0
HK.00253,490,0.6700000166893005,0.6700000166893005,0.0,1.2765957446808511,10000.0,6700.000166893005,0.14925358528601554,0.6694000113010407,0.6171500024199486,0.0,-5.633797614353404,24.07407223442462,17.54386405205138,21.818182212262105,0
HK.00254,490,0.8700000047683716,0.8799999952316284,-1.136362558800321,0.24095720390992753,4248576.85,3696261.879758793,8.87441403496489,0.7364000046253204,0.5362250033020973,24.285717083483373,19.178079731089976,138.35615946217996,44.999995032946465,93.33333951455592,0
HK.00255,490,1.4299999475479126,1.4199999570846558,0.7042247017941755,0.8018867924528302,42950.0,61418.497747182846,1.419415755931514,1.4130541801452636,1.4899920505285262,-1.8987420964459514,7.638875553843086,-15.76087277111317,-6.060608196355947,26.894648863749122,1
HK.00256,490,0.0860000029206276,0.0860000029206276,0.0,0.4029556198081601,1924900.0,165541.40562191606,5.3801155318048,0.0879799997806549,0.1719700000807643,-12.244892683886986,-21.100912853359173,-48.19276735309856,-56.783918337443765,-81.50537585823477,0
HK.00257,490,4.909999847412109,4.880000114440918,0.6147486120423657,0.6765036668936584,17085415.6,83889387.98897249,2.6788315156348506,5.381436653137207,4.868221479654312,-14.25165007232846,0.49706785595982694,2.3391775667941737,3.8192875711153955,36.58704562029417,1
HK.00258,490,2.109999895095825,2.109999895095825,0.0,0.5943737427067979,798707.8,1685273.3742122175,2.578490736501827,2.1972995233535766,2.4861899280548094,-6.184908352529249,-15.707490458019812,-16.023189415748824,-6.963448646341554,-14.092683806620565,0
HK.00259,490,4.800000190734863,4.5,6.666670905219184,0.3629136156720616,1609286.0,7724573.106946945,7.2983412120875615,3.734999976158142,3.8522843718528748,23.07692495793746,42.01183515429632,34.8314681990463,23.39331777095428,202.43257812541663,1
HK.00261,489,0.19099999964237213,0.1979999989271164,-3.5353531932699434,1.1636914288676736,141049.9,26940.530849556624,1.9714589954257318,0.24124000012874602,0.2603749988228083,-14.73214564873467,-26.538458981457453,-22.983869853256007,-20.416665036852123,-50.389609253613585,0
HK.00262,489,0.07999999821186066,0.07999999821186066,0.0,0.0,196500.0,15719.999648630619,1.968006980627937,0.08241999998688698,0.08340500023216009,-10.11236312488395,-4.761905606641802,-20.000002980232196,-20.000002980232196,26.98412210342423,0
HK.00264,490,2.059999942779541,2.240000009536743,-8.035717231734662,0.8789561844309266,4635600.0,9549335.73474884,11.067692862513221,1.6858000040054322,2.1045500057935715,71.66665507687509,-0.4830913423070096,-18.577076439730185,-11.587982393452473,38.25502883184658,0
HK.00265,489,1.5399999618530273,1.5399999618530273,0.0,0.0,2280.0,3511.1999130249023,0.45328861148161537,1.605599980354309,1.6905999931693076,-3.750003818422499,-8.333332742017395,6.206890428250726,-18.94736941171156,77.01148889798411,0
HK.00266,490,1.8799999952316284,1.8799999952316284,0.0,2.5270640406938827,27634.4,51952.671868228914,0.21319242396398075,1.9196000003814697,1.983032110929489,-2.5906711748779943,-9.178741262736247,-3.6262624065142077,-7.843135765358715,1.1094184653850245,0
HK.00267,490,13.539999961853027,13.729999542236328,-1.383828016882467,2.3947788595836155,28009470.65,379248231.53252345,2.5190580891578143,12.96219997406006,12.169563837051392,-1.3119555515487025,12.178958609743502,11.80842564588599,9.369950215582005,43.95151380209854,0
HK.00268,490,7.539999961853027,7.510000228881836,0.39946380901319983,0.46315924936327835,74026837.6,558162352.6801002,5.415085937377416,8.429999961853028,12.588900003433228,-17.415116458465185,-18.924733255760987,-47.52957535211787,-46.71377975177508,-38.69918825259343,1
HK.00269,490,0.009999999776482582,0.009999999776482582,0.0,0.37735849056603776,13500.0,134.99999698251486,0.0,0.009999999776482582,0.010099999792873859,0.0,0.0,0.0,0.0,-16.666669253673795,0
HK.00270,490,8.279999732971191,8.25,0.3636331269235322,1.3823694114953122,10566686.3,87492159.74239035,2.196115016674866,8.192800016403199,7.444808728694916,-2.4734987492151,10.399996439615885,9.379122129583676,21.052624974554742,36.24994625145906,1
HK.00271,489,0.17000000178813934,0.17299999296665192,-1.7340990176172215,0.0,41139.0,6993.630073562264,0.7902612409393045,0.1737000012397766,0.18353000067174435,-3.9548018318157303,-2.8571401810159034,-17.874396170041685,-7.6086948599335384,6.250003492459733,0
HK.00272,490,0.44999998807907104,0.44999998807907104,0.0,0.22966727261749725,4608843.7,2073979.6100583018,2.9760413846638993,0.5231999909877777,0.6671499991416932,-18.181822122621057,-30.769230063850333,-38.356167627199575,-34.78261019797467,-27.41935731965221,0
HK.00274,489,0.49000000953674316,0.49000000953674316,0.0,,0.0,0.0,0.0,0.49000000953674316,0.49000000953674316,0.0,0.0,0.0,0.0,20.987656319619237,0
HK.00276,490,0.5600000023841858,0.5600000023841858,0.0,0.13483482580408382,148524.25,83173.5803541094,4.074508583195037,0.5453999960422515,0.6718999993801117,7.6923121009354265,-19.999998297010123,-26.31578823536055,-17.64705933914052,13.131312523164532,0
HK.00277,489,1.5499999523162842,1.5499999523162842,0.0,,0.0,0.0,0.0,1.5499999523162842,1.5249076306819915,0.0,0.0,10.1651399963669,5.442171574764416,-13.027521831176692,0
HK.00279,490,0.44999998807907104,0.45500001311302185,-1.0989065691980104,0.32598535260943573,422020.1,189909.03996912835,5.659907417121217,0.5165000069141388,0.6576750010251999,-8.163269526359606,-25.000004967053535,-40.0000015894572,-22.413792926264428,-27.41935731965221,0
HK.00280,490,0.5,0.4950000047683716,1.0101000370632516,0.6427967296306738,174150.0,87075.0,1.3800960558905835,0.5090999913215637,0.5116087538003922,-3.8461503192516595,-3.8461503192516595,-1.2007804902408687,0.0,31.09720548614855,1
HK.00285,490,26.920000076293945,27.260000228881836,-1.2472492653454277,1.162003880072164,14732039.3,396586499.0799654,5.059963798472622,28.10280014038086,33.97120004653931,-6.202092819955731,-9.421262791895103,-16.08479258179362,-23.696142268317683,-11.909970350245333,0
HK.00286,489,1.309999942779541,1.309999942779541,0.0,,0.0,0.0,0.0,1.309999942779541,1.309999942779541,0.0,0.0,0.0,0.0,0.0,0
HK.00287,489,4.360000133514404,4.360000133514404,0.0,,0.0,0.0,0.0,4.272400074005127,4.19544664144516,0.0,6.601466280036076,6.862750368730701,6.862750368730701,21.518064276737853,0
HK.00288,490,8.789999961853027,8.970000267028809,-2.006692305655905,0.8752246197370622,42197608.75,370916979.302789,3.160458807825662,9.569296150207519,8.552608301639557,-6.654568298609519,-7.220870903396788,10.685838557255408,5.4696112618912425,34.72758688004933,0
HK.00289,490,14.600000381469727,14.5,0.6896578032394935,0.3244032332188911,18195.5,265654.3069410324,0.8566434876786133,14.952999954223634,13.75240409374237,-4.325031700608764,4.136946539005822,11.11111111111111,5.797102751288169,23.89470268188009,1
HK.00290,490,3.1600000858306885,3.509999990463257,-9.971507281581921,0.8223794416837207,17956565.65,56742748.99522439,11.98132539774209,6.6504000520706175,3.5642500132322312,-67.08333374725446,-16.180368652042056,49.0566158685117,19.245281966397197,122.53522403749619,0
HK.00291,490,23.31999969482422,23.639999389648438,-1.3536366458805464,0.9525981752555052,9950199.95,232038659.79743993,2.649906944708689,25.261422691345214,26.014416522979737,-11.536072158063552,-11.470543512418775,-14.44898386443661,-10.139270799317856,-2.8378904378129395,0
HK.00293,490,12.8100004196167,12.550000190734863,2.0717149396840897,0.689338469185924,12269432.9,157171440.59745893,2.4599701334658506,12.140130729675294,11.381963224411011,1.264828505228171,3.3099303525137276,16.668975623238044,7.154404988614665,30.57947705833209,1
HK.00294,489,0.8100000023841858,0.8100000023841858,0.0,0.0,9004.0,7293.240021467209,0.18750019092112497,0.8201999914646149,0.8585846501588822,-2.4096363046584477,2.531643086491392,-7.954544684857372,-2.4096363046584477,-15.677179594509688,0
HK.00295,490,0.017999999225139618,0.017999999225139618,0.0,0.30434782608695654,1097500.0,19754.99914959073,2.222140908774729,0.023780000023543836,0.01991000006441027,-21.739133955850935,-10.000001862645192,5.882342628954752,19.99999751647308,12.499989813659825,0
HK.00296,490,0.20600000023841858,0.21400000154972076,-3.738318342695649,0.015555253775026858,544472.25,112161.2836298123,3.08482767385904,0.2271000003814697,0.24645999781787395,-8.849555830003593,-16.26016481774154,-17.59999990463257,-8.444441913086624,-37.57575998402596,0
HK.00297,490,1.5299999713897705,1.5499999523162842,-1.2903213897927004,0.7995932772851988,39217424.75,60002658.74548048,3.8114619567636487,1.5612000036239624,1.5593999981880189,-3.1645614030057794,-13.06818297271394,0.657894117680275,-1.2903213897927004,27.176313794658117,0
HK.00298,490,0.11299999803304672,0.11299999803304672,0.0,1.4252909686972253,297644.45,33633.82226454728,1.0751631536921946,0.11338000044226647,0.11631500031799077,-6.611571367480186,-4.237290382967418,4.629625094382642,6.6037729881165355,-4.237290382967418,0
HK.00299,489,0.10599999874830246,0.10599999874830246,0.0,,0.0,0.0,0.0,0.10599999874830246,0.10599999874830246,0.0,0.0,0.0,0.0,0.0,0
HK.00300,414,90.19999694824219,89.0,1.3483111778002106,0.6994100556950468,8242962.8,743515219.4044739,2.6778980186435173,87.40900009155274,86.0888661956787,4.096936364511245,5.0669755986453175,1.576569649066765,1.007831876514879,15.517579146929988,2
HK.00301,490,1.850000023841858,1.899999976158142,-2.6315764707211,0.8354317878832765,1035550.0,1915767.524689436,5.903786968613592,1.8622000050544738,1.485700000524521,-7.035175126832094,32.142861096226504,26.712327089379528,38.05969983279563,60.86957062575238,0
HK.00302,490,0.22499999403953552,0.22200000286102295,1.3513473602928898,0.6605978526752263,1795153.65,403909.5605500504,5.837573050566749,0.2527599987387657,0.36452499985694886,-22.413792926264428,-30.769230063850333,-36.6197180733797,-45.12195219460306,-49.43820277393324,1
HK.00303,490,53.25,54.29999923706055,-1.93370027958289,0.743291966416488,1533695.7,81669296.02499999,3.24510129300254,59.39299987792969,61.07730381011963,-17.633412616882264,-16.339357857910592,-11.653150354161607,-13.484970495439006,10.6465879227124,0
HK.00305,490,0.41499999165534973,0.4099999964237213,1.219511042741837,0.7255209240234488,1662400.0,689895.9861278534,3.6111068382496163,0.45629999697208407,0.5069249986112118,-13.541666472641126,-10.752690652985542,-11.70212921107609,-10.752690652985542,-3.488368949998285,1
HK.00306,490,2.369999885559082,2.4000000953674316,-1.2500086923436844,2.1757322175732217,25400.0,60197.99709320068,0.7969776746428052,2.3896000003814697,2.5038869071006773,-4.048588740600685,-15.357145502859277,-1.7147053903114162,-16.54929728220441,75.87416252768352,0
HK.00308,490,1.1100000143051147,1.1200000047683716,-0.8928562875609045,0.08039815900769075,90282694.2,100213791.8535043,8.433298518364671,1.150365264415741,1.2800249987840653,-1.8201746524138598,-9.737901889004826,-17.702207009903113,-17.702207009903113,34.48646033244808,0
HK.00309,490,0.03099999949336052,0.029999999329447746,3.3333339542150635,0.4683938278099246,3513000.0,108902.9982201755,10.585830570319004,0.032200000397861,0.03956999988295138,-20.5128234519055,-11.428573253203405,-22.499999534338702,-26.19047640166045,-38.00000193715093,3
HK.00311,489,0.2849999964237213,0.25999999046325684,9.615387260561256,0.12907957462412908,686150.0,195552.74754613638,11.639241274684393,0.2524599996209145,0.23106999903917314,13.999998569488525,20.253161293875984,35.71428824849688,29.545453621828848,83.87096402052168,1
HK.00312,490,0.06300000101327896,0.05700000002980232,10.526317509367635,5.341745531019979,115500.0,7276.50011703372,5.987665037023269,0.05834000043570995,0.07701000029221178,-3.0769179629149055,-29.213483240128525,-21.249996973201565,-22.22222120019471,-27.586203648181172,1
HK.00313,490,0.06300000101327896,0.061000000685453415,3.2786890251666563,0.29849267170641697,170008.3,10710.523072265833,1.1703091112550004,0.07119999989867211,0.08504999984055757,-13.698627480558578,-21.249996973201565,-47.49999798213438,-24.99999778256527,0.0,1
HK.00314,489,1.2300000190734863,1.2200000286102295,0.8196713302251629,0.2299109834528665,1239329.8,1524375.67763834,5.654712347634518,1.587199993133545,2.623850008249283,-14.583335402938971,-44.090909435729344,-41.14832202936427,-50.79999923706055,-68.1347136657642,3
HK.00315,490,4.860000133514404,4.909999847412109,-1.0183241436159758,0.2539108205803778,1688237.0,8204832.045403957,1.8979507461792673,5.021399993896484,4.732576024532318,-7.779883280759097,-4.969880248252991,3.705068282291537,5.678316779706762,18.314213596542753,0
HK.00316,490,133.8000030517578,141.1999969482422,-5.240788991799265,1.981019804980807,1438115.95,192419918.4987816,3.4993866344501128,137.63749786376954,131.60511779785156,-2.912884614511632,-13.249157864421935,8.387040872157568,7.789635143234909,5.661552557986194,0
HK.00317,490,13.369999885559082,13.539999961853027,-1.2555397102872652,1.3699873973694745,2367735.45,31656622.695534185,3.7561800414686304,14.623198738098145,14.853561110496521,-16.060706847512304,-16.42408051925414,-19.462303462082176,2.6137202453601556,11.595620825848895,0
HK.00318,490,0.7400000095367432,0.6899999976158142,7.246378564303781,2.813659035682312,291165.0,215462.10277676582,9.701274029957137,0.716800000667572,0.5685749983787537,-10.843370552245663,13.846159489197346,89.74359914866224,15.625004074536356,120.895519732473,1
HK.00320,489,0.47999998927116394,0.5,-4.000002145767212,1.218074656188605,162000.0,77759.99826192856,2.4373357376061873,0.47160000205039976,0.5170032434165478,0.0,-3.0303061318608857,0.0,-4.000002145767212,22.683698842458796,0
HK.00321,490,1.0700000524520874,1.090000033378601,-1.8348605792718238,0.47821285026244775,1829267.0,1957315.7859488726,4.000832377828691,1.2092000031471253,1.030381425023079,-14.399995803833008,-9.3220254224934,13.303815569920662,3.883503123630685,86.50871135164002,0
HK.00322,490,11.75,11.899999618530273,-1.2605010364596916,2.4692074202541368,22224039.15,261132460.0125,3.6145719502861073,12.522599983215333,11.943749980926514,-5.470637879973607,-9.055728091214963,-2.2462599624052397,0.3415880591180345,-3.4173166189858586,0
HK.00323,490,1.8300000429153442,1.8300000429153442,0.0,0.5943932250575487,10735921.05,19646735.98223575,4.102638364195215,2.4349999904632567,2.5412499964237214,-31.20300812532284,-36.2369297600562,-25.609755506596827,-29.885053008856293,3.9772757290562484,0
HK.00325,345,49.02000045776367,51.54999923706055,-4.907854154686383,1.0715303691471125,624998.4,30637421.854101565,5.358894310475713,59.767600021362306,75.53790006637573,-20.1628676880363,-10.710384161544157,-32.94117444459624,-27.485204786610005,-68.02348370390226,0
HK.00326,490,6.539999961853027,6.75,-3.1111116762514466,0.12429940495464288,11113654.4,72683299.35204773,11.562357241246692,7.072799959182739,3.995999990105629,-20.631066219489075,49.99999453168413,265.36313414681575,121.69491037764936,357.3426714502661,0
HK.00327,490,3.440000057220459,3.490000009536743,-1.432663386236526,1.8055567501245684,5398051.05,18569295.920878958,4.346115382367934,3.916200041770935,4.9705412590503695,-15.479117638065148,-30.645160670086945,-33.84615031925166,-32.94347016607503,-20.944486268682557,0
HK.00328,490,0.6600000262260437,0.6000000238418579,10.0,1.3958568469373067,966731.05,638042.5183535308,9.349604502595945,0.6694609832763672,2.4510463178157806,4.604670864974785,-17.499997951090364,-77.77777710881432,-76.17328408770292,-52.68423533272627,3
HK.00329,490,0.28999999165534973,0.29499998688697815,-1.694913713180618,0.9643920444001022,492436.75,142806.65339078754,4.340583166718162,0.29529999792575834,0.33802500009536746,-6.451616314521787,-7.936509888789085,-17.142858115994215,-4.918037752603991,-30.120482533361187,0
HK.00330,490,0.5299999713897705,0.5400000214576721,-1.8518610500991368,0.8539671379378331,238789.3,126558.32216818332,4.7777252421238385,0.6969999969005585,1.0493999963998795,-20.895528628688425,-48.039217519558505,-50.467294821604426,-55.084746190783164,-45.91837131892669,0
HK.00331,490,5.28000020980835,5.28000020980835,0.0,0.7713755075749734,146777.1,774983.1187950611,1.1395742168973437,5.538000011444092,5.529336128234863,-4.347821955569661,-6.388774054902199,-5.158518477405845,-3.7471876186811226,1.3234591814614691,0
HK.00332,490,0.014000000432133675,0.014999999664723873,-6.666661699612825,0.3589853826311264,1888800.0,26443.200816214085,7.60644432358437,0.01682000042870641,0.018915000031702222,-17.647060757070985,-50.0,-22.222216473317193,-17.647060757070985,-36.36363405457212,0
HK.00333,489,0.20999999344348907,0.20999999344348907,0.0,0.0,29160.0,6123.599808812141,2.2877373037305944,0.2141199991106987,0.2601800016313791,-0.9433981494022772,-22.222227741170595,-22.222227741170595,-19.230768789906456,-7.079647301376584,0
HK.00334,490,0.4300000071525574,0.42500001192092896,1.1764694332664312,0.43283158700663266,2341762.7,1006957.9777495922,4.478753230849679,0.4023000007867813,0.3792500002682209,-3.3707833564005543,3.614461638270319,28.358207892989206,34.375005238689596,109.75610287965306,1
HK.00335,489,0.6499999761581421,0.6499999761581421,0.0,3.308270676691729,31000.0,20149.999260902405,0.0,0.6489999878406525,0.6725967413187027,0.0,-1.515159040990203,-5.797104579113893,-8.45070481655075,-3.703708936484497,0
HK.00336,490,3.6600000858306885,3.5299999713897705,3.68272281854259,0.6148551598037022,4517384.45,16533627.474730218,4.928960757113483,4.0827057695388795,4.028657031059265,-11.501308183375349,-11.71151653153888,7.4261589852118535,-7.308107172038447,28.67621067885392,1
HK.00337,490,0.16300000250339508,0.16599999368190765,-1.8072236702979723,0.070087653926683,1008460.0,164378.9825245738,4.106806073003613,0.19049999862909317,0.21374499917030335,-17.258880676188987,-17.676765966349716,-21.634615797924212,-28.193830892956356,-7.3863617121434295,0
HK.00338,490,1.1799999475479126,1.1699999570846558,0.8547000709448132,0.5315637394380189,42314081.6,49930614.06853809,3.932163700950212,1.2433999919891356,1.3688000047206879,-11.278202295289647,-30.177520260640872,-10.606068131899294,-14.492757128607561,-2.334062843083114,1
HK.00340,490,1.8799999952316284,1.8600000143051147,1.0752677834782465,0.6433229593530801,10945334.1,20577228.055808578,4.69228415742066,2.7460000133514404,2.834850009679794,-32.12996360372525,-50.0,-30.627307425533346,-33.33333192424004,-1.6185367031325881,1
HK.00341,490,3.799999952316284,3.8399999141693115,-1.041665696538963,0.7034121793675846,771373.45,2931219.0732180476,1.725182636607294,4.047800030708313,5.221114867925644,-7.0904691797655035,-19.661734947294374,-32.71146654156632,-24.000000953674316,-42.44390283325838,0
HK.00343,490,0.12600000202655792,0.125,0.8000016212463379,0.37099305887525824,2589492.15,326276.01614775584,8.471847381548713,0.12982000008225442,0.17302000004798174,0.0,-20.754712914124603,-27.586203648181172,-19.745224320364706,-16.55628622783304,1
HK.00345,490,5.78000020980835,5.809999942779541,-0.516346527825254,0.8106579536966604,2040650.85,11794962.341145588,2.5865573229720393,6.258600034713745,7.145318439006806,-7.814988398863713,-19.386329870223147,-14.233372355024512,-10.387590996427049,-35.227553265367234,0
HK.00346,490,0.33500000834465027,0.3199999928474426,4.687504947651288,0.2408187838651415,366975.0,122936.62806227803,4.6616693482510945,0.39040000081062315,0.4059750002622604,-14.102558812210821,-44.16666749450892,-11.842101960961466,-8.219178194041364,11.666665010982156,1
HK.00347,490,1.2200000286102295,1.2200000286102295,0.0,0.699955163461101,9016938.1,11000664.739976669,3.4836674720502216,1.4404000067710876,1.8883500039577483,-18.12080397304558,-38.69346619278478,-37.43589749859792,-37.75510179256708,-22.292994404376877,0
HK.00348,490,0.06800000369548798,0.07199999690055847,-5.5555463573075095,0.21688184156781473,1456890.0,99068.52538391948,14.954963468082966,0.07714000023901463,0.12942499982193112,-5.5555463573075095,-47.69230293098974,-59.76331136602384,-50.724633768861175,-19.999996493844463,0
HK.00351,489,0.38999998569488525,0.39500001072883606,-1.265829088137235,0.0,422879.2,164922.88195066454,4.8585875430128596,0.3105999994277954,0.3042149991542101,39.285708583739364,18.181809150811755,34.48275755758657,32.20339085787959,353.48834005834846,0
HK.00352,489,0.36000001430511475,0.36000001430511475,0.0,,0.0,0.0,0.0,0.36000001430511475,0.39622501328587534,0.0,0.0,0.0,0.0,256.4356453172623,0
HK.00353,490,0.38499999046325684,0.4000000059604645,-3.750003818422499,1.354220254015387,491614.5,189271.57781159878,3.9738674185567597,0.3802000004053116,0.337549998909235,-4.938274239498084,9.999999148505061,20.31249970896169,20.31249970896169,-13.48314681990463,0
HK.00354,490,3.9100000858306885,4.050000190734863,-3.4567925508855866,0.6442181921862074,53542174.55,209349907.0860617,6.767779808978039,3.5482305765151976,4.851471453905106,12.910107129365244,3.9961563907359965,-27.087570697326434,-23.561819840435458,-20.962921744481243,0
HK.00355,490,0.07000000029802322,0.07100000232458115,-1.4084535124187008,0.2053371808222769,2696292.05,188740.44430355763,7.0152712955756185,0.07664000019431114,0.0854750002361834,-19.54022722729975,-14.634148335967387,-4.109587223540079,-33.33333096806958,22.807018002498037,0
HK.00357,490,4.440000057220459,4.690000057220459,-5.330490340082494,1.158851343283582,865026.9,3840719.4854972363,4.4585763068052575,5.861800031661987,9.038549988269805,-25.752507641155958,-42.857141980442805,-57.307690191550996,-58.30985712435931,-57.471262110362595,0
HK.00358,490,33.29999923706055,33.540000915527344,-0.7155684911018834,0.6679709631261714,13973725.55,465325050.1538935,4.954629024451772,37.006399917602536,35.33127730369568,-13.775245577316714,-21.75752311427716,12.045760452280376,-23.763738543026694,156.28800547725132,0
HK.00360,490,0.04399999976158142,0.04500000178813934,-2.2222266373809187,1.5731235249124507,3388040.25,149073.77019222826,4.075852745351884,0.046479999795556066,0.046525000035762785,-15.384617588929125,0.0,-6.382976025140478,0.0,-21.428574279558816,0
HK.00361,490,0.04800000041723251,0.04800000041723251,0.0,0.06249733676121756,6390300.0,306734.40266624093,6.061865570436598,0.057360000237822534,0.07402000031434,-12.727271495771793,-30.434780261316703,-57.522122785174766,-42.16867199499895,-21.311475610066662,0
HK.00362,489,0.014999999664723873,0.014999999664723873,0.0,,0.0,0.0,0.0,0.014999999664723873,0.014999999664723873,0.0,0.0,0.0,0.0,0.0,0
HK.00363,490,13.630000114440918,13.680000305175781,-0.3654984621304861,0.831282683323051,1340622.9,18272690.280422114,1.951527021866542,14.143159141540528,13.944413123130799,-10.135502626187073,-3.1291222559356755,-7.637655497757294,-0.9122435552116763,22.850186990340866,0
HK.00365,490,0.6899999976158142,0.7200000286102295,-4.166670805877945,0.8648014804228733,6667525.0,4600592.234103382,15.415984699085634,0.6235999953746796,0.37616499736905096,-34.90565708838717,177.1084350327619,133.89831467354284,137.93104050700947,308.28402283386936,0
HK.00366,490,0.8600000143051147,0.8700000047683716,-1.1494241848790827,0.2094240837696335,94600.0,81356.00135326385,2.9109804528415375,0.8827033758163452,0.912618622481823,-6.407433536747216,-3.3219643126839378,-0.026122186979981393,-3.3219643126839378,22.951129238724867,0
HK.00367,490,0.2750000059604645,0.2549999952316284,7.843141608951449,4.820285303046517,126528.3,34795.283254167436,1.4924254358695785,0.29350000083446504,0.32117500096559526,-6.779654852722472,-11.290321340173895,-11.290321340173895,-16.666668171834402,-21.42856838751807,1
HK.00368,490,1.909999966621399,1.7300000190734863,10.404621130831712,0.6414414414414414,1144400.0,2185803.961801529,16.615611208624923,0.9015999972820282,0.5233249992132187,141.77214110667413,267.3076993614967,478.78784567418853,344.1860313606368,720.380007595902,1
HK.00369,489,2.0,2.059999942779541,-2.9126186624346984,2.082018927444795,35000.0,70000.0,1.1194881822644651,2.1179500007629395,1.871138380765915,-11.33844928785245,-23.909864215075295,22.844319363587193,13.922668845725692,42.17603737935065,0
HK.00370,490,0.32499998807907104,0.32499998807907104,0.0,0.19504456768371572,9184560.0,2984981.8905115128,12.595918532879303,0.5759999978542328,0.912349998652935,-42.98245751626605,-50.7575795204951,-67.5000011920929,-64.6739149800658,-80.99415316789967,0
HK.00371,490,2.5299999713897705,2.490000009536743,1.6064241646516784,0.7568862706334303,27122689.1,68620402.64701365,2.807520232850553,2.6750455474853516,2.5443336391448974,-9.351190097882638,-4.736336918217844,8.254158617255618,6.928600830613075,8.164360745987892,1
HK.00372,489,0.20999999344348907,0.2199999988079071,-4.545457008456409,26.666666666666668,10500.0,2204.9999311566353,0.1666666548403479,0.23879999935626983,0.23668000027537345,-4.545457008456409,-27.586207073735576,-27.586207073735576,-23.636367675686586,-27.586207073735576,0
HK.00373,490,2.390000104904175,2.4200000762939453,-1.2396682001644102,0.5899575500303214,814321.0,1946227.2754256725,3.201750173889674,2.5322662162780762,2.4848320013284684,-5.215284145078935,-27.80931997261988,20.551434174771664,-5.215284145078935,60.21674775754759,0
HK.00374,489,2.5,2.5,0.0,0.0,1700.0,4250.0,0.1399998664855957,2.5497999954223634,2.608891499042511,-0.7936500427734288,-8.088236260888475,-5.679932285168671,-7.749078789333347,-0.19313631734702222,0
HK.00375,490,1.1799999475479126,1.2000000476837158,-1.666674945089223,0.070298769771529,17500.0,20649.99908208847,0.6117044201169627,1.0669999980926514,1.0358014300465583,5.357137725365427,0.0,17.99999475479126,34.09090385703013,41.27476531233161,0
HK.00376,490,1.9199999570846558,2.0,-4.000002145767212,0.8612618052190543,5728326.6,10998386.82616689,5.110465032735728,2.559599997997284,3.5119499987363816,-26.717555688940543,-30.434783923227837,-46.21848759138127,-41.993957997704555,9.714283261980329,0
HK.00377,489,1.3799999952316284,1.3899999856948853,-0.7194237817389376,0.0,950.0,1310.999995470047,0.19191823405211328,1.1489999878406525,1.1030000028014184,13.114751054855619,45.26315921561541,14.04958278720374,49.99999676061719,68.29268381327552,0
HK.00379,490,0.12999999523162842,0.13199999928474426,-1.5151545939038447,1.2452276064610865,835750.0,108647.49601483345,8.887450290648836,0.1013599991798401,0.08368999995291233,19.266053540830413,64.55694841586046,52.941169252032715,88.40579491056225,132.14284146242653,0
HK.00380,490,0.14800000190734863,0.14900000393390656,-0.6711422819837666,0.522273425499232,801600.0,118636.80152893066,3.8436962462614077,0.13430000051856042,0.14456000071018935,5.7142866266017025,0.0,2.7777835266828066,-3.8961021368168507,40.95238716964568,0
HK.00381,490,0.10599999874830246,0.10300000011920929,2.912620024874812,0.7145527389136497,6767794.6,717386.2191287681,7.047947429043315,0.20922000020742415,0.24857000086456538,-18.4615364335697,-22.058828685522624,-55.46218642604423,-50.46729066323188,-84.41176505391985,1
HK.00382,490,0.5799999833106995,0.5899999737739563,-1.694913713180618,0.9465387195147037,786089.4,455931.83888071775,3.768400406518836,0.9010000038146972,1.270760692358017,-22.66666889190674,-59.28367050401411,-55.743119952029964,-57.29056244098848,-56.98081782196199,0
HK.00383,490,0.8999999761581421,1.0,-10.000002384185791,0.6513936567285707,7925.85,7133.264811033011,0.41531545215492144,1.0533999729156494,0.9889499855041504,-14.285712663819117,3.448272554637248,-10.000002384185791,-12.62135911093478,19.99999682108561,0
HK.00384,490,6.960000038146973,6.849999904632568,1.605841387530715,1.064727716159985,12133443.8,84448769.31085415,2.676495928325805,7.277799987792969,7.722524814605713,-6.827306109356574,-14.91442813586291,-18.798533362291646,-8.661421166149646,3.5116222929941725,1
HK.00385,490,0.27000001072883606,0.2750000059604645,-1.8181800448205245,0.14307667850140426,380120.0,102632.40407824516,4.791582274550996,0.3042833459377289,0.3849450133740902,-11.33004969500334,-35.04410838962793,-30.17241439109889,-40.57226493560435,-24.574424429912188,0
HK.00386,490,4.099999904632568,4.130000114440918,-0.7263973117930717,1.1554499890874514,113603501.95,465774347.1609258,1.8401715456042214,4.389328813552856,4.432759169340134,-8.108534727107134,-22.297663414581248,-4.149486848918489,-10.06367269510994,5.783343723037671,0
HK.00387,490,0.7699999809265137,0.7699999809265137,0.0,0.47619047619047616,16000.0,12319.999694824219,0.9083700793630167,0.7542000043392182,0.719011227786541,-2.5316506313829312,9.999999148505061,18.461539872299337,9.999999148505061,43.521592026889294,0
HK.00388,490,384.0,386.79998779296875,-0.7238851813168667,0.966396372710458,4347129.6,1669297766.3999999,1.730117980947806,408.0280010986328,415.27580764770505,-9.732015630108009,-4.712908428032942,-6.043997522465259,-6.179568476681213,-0.11875021432191087,0
HK.00389,490,0.1899999976158142,0.20000000298023224,-5.000002607703171,0.15880066678635532,107749.65,20472.433243104813,8.480316412983855,0.2607999986410141,0.37795000448822974,-29.629633308928543,-42.4242454345779,-55.81395477781814,-55.81395477781814,-55.81395477781814,0
HK.00390,490,3.559999942779541,3.549999952316284,0.28168987598808554,0.7777656460854885,34624261.45,123262368.78078388,2.51087116901416,3.8558000040054323,4.016435228586197,-7.2916660845900445,-26.89938344072777,-5.601580804673631,-8.010334675623813,8.402268765532025,1
HK.00391,490,0.10000000149011612,0.0989999994635582,1.010103062602563,1.758265150003326,10201625.0,1020162.5152016059,1.711616998123417,0.09868000090122223,0.09813000060617924,0.0,0.0,4.166667313418449,-0.9901009819200971,-1.9607810195433113,1
HK.00392,490,29.479999542236328,29.020000457763672,1.585110534860772,0.9892998415973246,1707167.0,50327282.378520966,1.7991346149389076,30.49010425567627,32.471779947280886,-4.041450391181703,-15.5199982334421,-10.305807323813932,-5.422576196549579,-3.6792196027617923,1
HK.00393,490,1.350000023841858,1.350000023841858,0.0,0.6468440271257173,188650.0,254677.5044977665,0.9110947419068076,1.3393013310432433,1.3055083811283112,0.6274118065628507,2.085783774623104,3.5870396705446868,-0.08625954373580318,18.086738941992913,0
HK.00396,490,0.24699999392032623,0.2750000059604645,-10.181822339365215,0.42591678932383237,2905366.8,717625.5819363176,10.205231909089129,0.33982047736644744,0.18360062245279551,-39.01234735967981,2.551898840684348,124.89452232455336,144.17119850620907,183.4129882018466,0
HK.00397,490,0.03999999910593033,0.03999999910593033,0.0,0.49558875722173273,3023937.65,120957.50329638906,5.211552346878921,0.04415751986205578,0.047904380019754174,-20.000002980232196,-24.52830268251129,-11.111116630059483,-11.111116630059483,-36.50793894828789,0
HK.00398,490,3.240000009536743,3.25,-0.30769201425405646,0.3234059731061945,337013.95,1091925.2012140155,0.7044631821814008,3.285199966430664,3.2916598999500275,-1.8181801105005106,-4.142014797751925,-0.15517976857267676,-6.412481618458528,0.9443252979257214,0
HK.00399,489,0.0729999989271164,0.0729999989271164,0.0,,0.0,0.0,0.0,0.09603999942541122,0.20055499972775578,0.0,-66.66666666666666,-3.947366744155975,-16.09195284176285,-65.72769995749321,0
HK.00400,490,4.0,3.75,6.666666666666667,1.0440174738614405,12506135.3,50024541.2,8.128925337966987,2.745800004005432,2.9550500071048735,45.45454545454545,29.03226203402433,51.515145494480564,32.890365869548596,183.68794997809002,1
HK.00401,490,0.09200000017881393,0.17800000309944153,-48.314607541092464,81.7536893743309,1193393.6,109792.21141339542,4.928688890692086,0.17220000058412552,0.12824094016104937,-50.270270814505515,-11.538463191696843,-34.28571443776695,-2.127656032996879,22.666662030750036,0
HK.00403,489,0.16699999570846558,0.1720000058412552,-2.9069825366193855,1.1530815109343937,149700.0,24999.899357557297,4.8213754515057285,0.15685999929904937,0.16979999996721745,5.696194950939815,10.596028712071856,-8.743170911760533,7.741931886504297,-14.358973418467109,0
HK.00406,489,0.6399999856948853,0.6399999856948853,0.0,0.0,13550.0,8671.999806165695,2.4962695883981714,0.722400004863739,0.7235000056028366,-16.8831166820555,-12.328771373571856,-8.571429057997108,-14.666668574015299,-31.914894966153124,0
HK.00408,490,2.3499999046325684,2.2899999618530273,2.6200848811800905,1.627020685321754,162218.25,381212.87202966213,3.2274037306568055,2.3387999963760375,2.0180667489767075,-4.081638412443698,17.499995231628418,23.68420705900954,24.999995244310245,56.03768132254594,2
HK.00410,490,0.39500001072883606,0.4000000059604645,-1.2499987892806712,1.069108721115962,1083562.5,428007.1991253644,3.1420067059057697,0.43869999766349793,0.5146749964356423,-12.2222175127193,-22.549016055855397,-25.47169206574415,-25.47169206574415,-26.851852771676583,0
HK.00411,489,11.979999542236328,11.979999542236328,0.0,0.0,2106.25,25232.874035835266,0.02413511981307596,12.457399959564208,11.684002547264098,-4.920641432243182,-3.793216769040353,17.57569404340831,7.751598869126044,17.76500416473117,0
HK.00412,490,0.7900000214576721,0.7799999713897705,1.282057748038625,0.31501724234050554,11061300.2,8738427.395349752,9.517787742053619,1.1823999893665313,3.802399987876415,-36.2903213401739,-48.70129603723541,-53.80116936642006,-44.36619399062595,-93.63929133168408,1
HK.00413,490,0.024000000208616257,0.024000000208616257,0.0,0.10692183562739144,289544.15,6949.059660403617,2.4121639240652453,0.02566000048071146,0.03183500040322542,0.0,-27.2727262464765,-27.2727262464765,-27.2727262464765,-29.41176792845164,0
HK.00417,490,0.7099999785423279,0.6600000262260437,7.575750049918888,1.0644447911027097,54788.5,38899.83382436633,3.9529690487798916,0.7778000009059906,1.0371000009775162,-15.47619039171677,-22.826090688854105,-33.64486507124537,-22.826090688854105,16.39343637575627,1
HK.00418,490,0.7400000095367432,0.7300000190734863,1.3698616715036243,1.7713365539452497,124600.0,92204.0011882782,3.7506940805470173,0.7196000051498413,0.7740500009059906,1.3698616715036243,8.82352966957026,-16.853930176305184,-8.641974400173074,-22.105261176576878,2
HK.00419,490,0.4650000035762787,0.46000000834465027,1.086955465418649,0.08449963556742078,6101782.05,2837328.675071673,11.928022203013837,0.36042000114917755,0.4219349978864193,45.31250436557467,60.344833433273884,13.414636007878572,27.397257925131342,8.13953391663639,1
HK.00420,490,0.7099999785423279,0.7200000286102295,-1.3888957875743526,1.9585142305836951,221800.0,157477.99524068832,2.975971737488301,0.7138000047206878,0.661600005030632,-2.7397315080268676,7.575750049918888,18.333325054910777,12.698410145429659,18.84308449078693,0
HK.00422,490,0.27000001072883606,0.2750000059604645,-1.8181800448205245,0.3830480847595762,125050.0,33763.50134164095,2.526162428525633,0.27599999964237215,0.3152000007033348,1.8868020014566025,-10.0,-10.0,-1.8181800448205245,-45.99999785423279,0
HK.00423,490,0.7200000286102295,0.7099999785423279,1.4084577986089954,0.1518987341772152,110200.0,79344.00315284729,1.5037094172957237,0.7639999973773957,0.7782686850428582,-5.2631529414422,-7.692300638503319,-9.999997764825855,-3.9999961853027344,10.234371770369378,1
HK.00425,490,33.119998931884766,32.540000915527344,1.7824154887489878,0.7997252717345035,4741882.15,157051131.74312344,4.955196402422922,36.57199996948242,35.17459989547729,-19.140625800355355,-17.158581012749657,-1.0752706549395488,-1.5457802235385423,59.163646519653135,1
HK.00426,490,0.12800000607967377,0.12800000607967377,0.0,2.3209876543209877,82800.0,10598.400503396988,2.710418449995796,0.11514000043272972,0.09382000040262937,11.304351093638312,70.66666799121427,24.27185041896134,43.82022904591215,156.00000834465015,0
HK.00430,489,0.39500001072883606,0.4000000059604645,-1.2499987892806712,0.0,6600.0,2607.000070810318,0.06410250532086098,0.3823120039701462,0.3967413425445557,4.691231584743454,0.7653038339013261,-2.8768072192702836,-2.8768072192702836,6.9775612685403745,0
HK.00431,489,0.009999999776482582,0.009999999776482582,0.0,,0.0,0.0,0.0,0.009999999776482582,0.009999999776482582,0.0,0.0,0.0,0.0,0.0,0
HK.00432,490,0.23899999260902405,0.23999999463558197,-0.41666752037904586,0.5600560269578339,603545.4,144247.34613921048,3.771867300563784,0.2688199955224991,0.22928999856114388,-17.586207073735572,-17.586207073735572,20.707067628318377,25.789471372673027,14.903840229752976,0
HK.00433,490,0.06499999761581421,0.06400000303983688,1.5624914507502095,0.30316081742773476,45323524.75,2946029.0006902963,10.996849380794044,0.06961999997496605,0.07212000025436283,12.068964631322139,-30.851063998428717,20.37036283291763,-17.721525792069773,91.17645318636114,1
HK.00434,490,2.309999942779541,2.319999933242798,-0.4310340840949625,0.4549407216970989,2652982.65,6128389.769695115,5.1418030272184465,2.7308000135421753,4.27769999742508,-22.742477076532126,-16.906476023280977,-40.15544027049268,-35.47486055842694,-61.500000953674316,0
HK.00436,489,0.06400000303983688,0.06400000303983688,0.0,0.0,62500.0,4000.000189989805,1.5742949304327662,0.06087247185409069,0.06477888379245997,5.7131823366826655,-11.429496469268432,-0.6936812726287749,-3.61446256296806,30.043992747153958,0
HK.00438,490,1.4500000476837158,1.2999999523162842,11.538469297646351,2.633833655951512,32833.0,47607.85156559944,3.7779350215661887,1.6638000082969666,2.0836499911546706,-12.121207961475603,-24.47916249511754,-32.87037083028274,-26.76767506486069,-33.78995389050121,1
HK.00439,490,0.6299999952316284,0.6299999952316284,0.0,0.5577944787558599,307450.25,193693.65603396297,7.5751634008635245,0.7395999991893768,1.1594500017166138,-24.09638459043242,-37.00000047683716,-47.93388633305932,-45.68965402071878,-56.55172589559469,0
HK.00440,490,40.52000045776367,40.31999969482422,0.49603364199709243,0.9463545396052889,203468.2,8244531.557140351,1.9086370536739123,41.64240005493164,37.71532279968262,-5.547787840239417,-1.0742154212493171,11.871891474710097,13.820230883490353,48.75461949013461,1
HK.00442,489,0.7799999713897705,0.800000011920929,-2.5000050291418283,0.0,194304.6,151557.58244090082,6.263186120574142,0.7610000038146972,0.8446909469366074,8.333325054910777,-10.34483136612886,9.265879013067256,0.0,27.868844770161566,0
HK.00444,489,0.009999999776482582,0.009999999776482582,0.0,,0.0,0.0,0.0,0.009999999776482582,0.009999999776482582,0.0,0.0,0.0,0.0,0.0,0
HK.00450,490,0.800000011920929,0.7699999809265137,3.8961080178621965,0.8492569002123143,193100.0,154480.00230193138,2.3116961406988428,0.7772428274154664,0.8317445152997971,5.065672635596855,-4.273495434477445,-5.325445581737081,-6.354513953427363,-8.316488201166672,1
HK.00451,490,0.8399999737739563,0.8600000143051147,-2.3255860695907784,1.0798207447231793,5811504.15,4881663.333587239,6.5350923183504275,0.9700000023841858,0.9654500015079975,-10.638300435690931,-31.707320264377124,29.23076993614967,-14.285718630076067,154.5454364834417,0
HK.00455,489,0.09200000017881393,0.09300000220537186,-1.075270970800214,0.0,14200.0,1306.4000025391579,1.977294938776163,0.09458000093698501,0.12093000121414661,-1.075270970800214,-14.814816858869795,-23.333331470688144,-33.81294883048396,-34.751774136446016,0
HK.00456,490,0.6800000071525574,0.5699999928474426,19.298248365865444,10.725552050473187,48700.0,33116.000348329544,4.547677976517531,0.4858999979496002,0.4881749981641769,33.33333722906182,40.20618290637155,37.373737495367095,56.32183986794351,40.20618290637155,1
HK.00458,489,1.9500000476837158,1.9500000476837158,0.0,0.0,2562.5,4996.875122189522,0.0,1.921399998664856,1.8926499807834625,5.405406624492354,14.705881940452297,9.550566237437316,8.33333885228207,-16.309008088631956,0
HK.00460,490,0.9100000262260437,0.9100000262260437,0.0,0.3009949232300052,34250330.0,31167801.19825065,4.876629093177465,1.2078000044822692,1.3986363631486893,-24.16666749450892,-34.99999701976771,-31.578947604292217,-28.90624636202111,-6.497807939555048,0
HK.00464,490,0.5199999809265137,0.5,3.9999961853027344,0.9990917347865577,1838000.0,955759.9649429321,9.13434894079281,0.616999997496605,1.0673999996483325,-11.864406094746942,-44.68085295261437,-70.62146968756929,-66.233766635889,48.571425652017346,2
HK.00465,490,3.8399999141693115,4.090000152587891,-6.11247503891644,0.3567059461876424,1578535.0,6061574.264513254,15.673452655722453,2.616399973630905,1.0608749961853028,-20.824742480892347,481.8181456941561,667.9999828338623,433.3333002196431,1138.7096402052168,0
HK.00467,490,0.4300000071525574,0.45500001311302185,-5.49450664614695,1.2908804753218017,61996687.1,26658575.896434862,4.151412210399587,0.5057000017166138,0.5334999978542327,-12.244898207432918,-51.13636255880032,-11.340207325840764,-8.510636544000942,2.5121811495862008,0
HK.00468,489,2.2799999713897705,2.2799999713897705,0.0,,0.0,0.0,0.0,2.2799999713897705,2.2799999713897705,0.0,0.0,0.0,0.0,0.0,0
HK.00470,77,42.68000030517578,41.2400016784668,3.4917521049977807,0.7373519875776837,1719546.25,73390234.47476387,7.128627549186177,50.423994064331055,,-27.26706921348911,2.259032923619856,,-6.225334325031133,,1
HK.00471,490,0.164000004529953,0.16599999368190765,-1.2048127879974913,0.4532565189969465,6183792.6,1014142.0144122898,7.40117701781085,0.3579199978709221,0.6084546976536512,-2.9585770643090035,-79.99999927311408,-75.1515154525487,-76.90140711459532,-71.72413633637986,0
HK.00472,490,0.2549999952316284,0.2800000011920929,-8.928573519295567,0.22140221402214022,482000.0,122909.9977016449,4.798588653569191,0.28215999811887743,0.27478999972343443,-15.000004967053535,-17.741937654695683,-15.000004967053535,-27.142857264499277,49.99999561730558,0
HK.00474,489,0.10999999940395355,0.10999999940395355,0.0,0.0,638134.95,70194.84411964193,4.572219379093935,0.11405999928712846,0.09954499952495098,0.0,-8.333331781129008,-8.333331781129008,-8.333331781129008,478.9473839000987,0
HK.00475,490,0.5,0.5,0.0,0.38392321535692864,332800.0,166400.0,15.147694509485824,0.37669999957084654,0.44387500047683714,72.41379806459602,21.951220575930613,13.636364252114102,0.0,4.166668994973155,0
HK.00476,490,0.5,0.5,0.0,0.1200438400103718,83802.9,41901.45,1.8720605702091324,0.5627999985218048,0.7975999981164932,-5.660372265889812,-29.577462660417304,-43.82022381611444,-39.0243897120347,23.45678976006923,0
HK.00480,490,1.0499999523162842,1.0399999618530273,0.9615375798129149,0.14781883912736402,391568.6,411147.01132855413,3.596160759630139,1.1517999863624573,1.1061000052094458,-12.5000074505803,-13.223147172434558,-1.8691681453631321,-4.545460949259217,15.384606819282062,1
HK.00482,490,0.7400000095367432,0.699999988079071,5.714288876981205,0.24391306241561045,245487.0,181660.38234114647,6.290064431241629,0.7613999772071839,0.7620919141173362,-9.756095610793878,-32.389523876222,21.093510348623457,24.819308117738014,-8.839823426601539,1
HK.00483,489,0.2150000035762787,0.2150000035762787,0.0,0.0,3200.0,688.0000114440918,1.8540626480260416,0.24352000087499617,0.2754599976539612,-20.370372210019827,-27.118639615855116,-27.118639615855116,-29.5081972018649,27.976194330303223,0
HK.00484,489,0.7699999809265137,0.7699999809265137,0.0,0.0,17560.0,13521.19966506958,1.9942128016556138,0.7787999999523163,0.8315499982237816,-3.750003818422499,-16.304351417576594,-7.228916095257991,-8.333332742017395,9.999999148505061,0
HK.00485,489,0.39500001072883606,0.39500001072883606,0.0,0.0,8000.0,3160.0000858306885,0.07246369925949435,0.396599999666214,0.3976249995827675,-1.2499987892806712,-11.235951218486386,9.722220842485129,-5.9523754615900915,180.14184637008776,0
HK.00486,490,3.4100000858306885,3.5199999809265137,-3.124997036700883,1.3238410258635818,672996.25,2294917.2702637315,4.71596558595641,4.08699999332428,4.574400005340576,-18.809518078827544,-31.24999879829346,-26.030369044022205,-29.399583029098718,-13.231551452760817,0
HK.00487,490,0.04100000113248825,0.041999999433755875,-2.3809483684514388,0.1694915254237288,213200.0,8741.200241446495,5.008795799571432,0.04418000012636185,0.07734000030905008,-4.651163395125501,-26.785714523296566,-30.50847307802172,-14.583331716453879,-38.80596998327957,0
HK.00488,490,0.7900000214576721,0.800000011920929,-1.2499987892806712,0.07186831188733585,43047.3,34007.36792369485,3.4264246896775044,0.8210000109672546,0.6892500054836274,-16.842101960961468,21.53846929764635,23.43750611180453,29.5081972018649,38.59649673173089,0
HK.00491,490,0.02500000037252903,0.02500000037252903,0.0,0.09111755683457608,1290980.0,32274.500480927527,4.181631811234642,0.02903999999165535,0.03339499995112419,-16.666663562258016,-13.79309968311909,-30.555551531322035,-28.57142781116525,-47.91666634329078,0
HK.00493,490,0.012000000104308128,0.012000000104308128,0.0,0.7677590884507212,62787412.3,753448.9541492374,8.814103881715804,0.013140000216662884,0.015889999992214143,-7.692308794464562,-14.285716186372543,-29.41176792845164,-19.99999751647308,-36.84210268331689,0
HK.00495,489,0.012000000104308128,0.012000000104308128,0.0,,0.0,0.0,0.0,0.012000000104308128,0.012000000104308128,0.0,0.0,0.0,0.0,0.0,0
HK.00496,489,0.2849999964237213,0.2800000011920929,1.785712575121809,0.4371584699453552,49700.0,14164.49982225895,3.813937984892851,0.3127999991178513,0.3921500000357628,-13.636368151866849,-19.7183084402782,-33.720932166727216,-31.32530068569041,-13.636368151866849,1
HK.00497,490,0.1940000057220459,0.20100000500679016,-3.482586622078835,7.103264996203492,445187.5,86366.37754738331,1.223237287218276,0.20980000048875808,0.19584999971091746,-13.392857261648283,-11.415521199419658,7.777776673988103,10.22727657571314,12.790697170728748,0
HK.00498,489,0.07100000232458115,0.07100000232458115,0.0,,0.0,0.0,0.0,0.09558000192046165,0.13951000042259692,0.0,-46.61654013190777,-54.48717893610105,-54.19354723966086,26.785714523296566,0
HK.00499,490,0.19499999284744263,0.19300000369548798,1.0362637894609572,2.5956606460971154,247887.0,48337.96322697401,4.009125960670199,0.16338000029325486,0.12810500051826237,-2.985080601935728,61.15701975543008,87.49998925397051,66.66666242132155,89.32038118617004,3
HK.00500,490,0.061000000685453415,0.06300000101327896,-3.1746036439015164,0.9113440145783065,261529.95,15953.327129266598,5.412807560121009,0.06972000002861023,0.07749000038951635,-10.294121514141969,-22.78481281265912,-18.66666898462498,-23.749997438862863,-51.19999945163727,0
HK.00505,490,0.9599999785423279,0.9900000095367432,-3.0303061318608857,0.10314595152140278,94450.0,90671.99797332287,1.8977559833126723,0.9624000060558319,0.9755500027537346,1.0526305882884401,2.127657550770317,-3.0303061318608857,4.347821861674596,-4.000002145767212,0
HK.00506,490,3.4200000762939453,3.4200000762939453,0.0,0.8555435186178357,3391742.55,11599759.77976942,2.5446401547967255,3.6394000101089476,4.054800004959106,-8.064514785188386,-11.39895934611047,-14.070350253664188,-20.46511803271635,16.899260107642192,0
HK.00508,490,0.4050000011920929,0.41499999165534973,-2.4096363046584477,0.6111341727780084,421870.0,170857.35050290823,4.571884618348621,0.5035000002384186,0.46984999924898146,-18.18181872915192,-36.71874839928929,1.2499987892806712,2.531643086491392,14.084510825924799,0
HK.00509,489,0.17000000178813934,0.17000000178813934,0.0,,0.0,0.0,0.0,0.17000000178813934,0.17000000178813934,0.0,0.0,0.0,0.0,0.0,0
HK.00510,490,0.42500001192092896,0.4399999976158142,-3.409087676400963,0.060218670984219194,87819.75,37323.394796893,2.1462140969719,0.48040000021457674,0.5620500002801418,-6.593406665384184,-41.78082180595864,-14.999997615814209,-14.141412560227785,114.64647183022008,0
HK.00511,490,2.450000047683716,2.440000057220459,0.40983566511258146,0.3652545519848541,760824.65,1864020.4287789464,2.628191371755415,2.743599991798401,3.130299981832504,-10.909089175137607,-14.930557280226923,-21.974523381154988,-21.725240955100222,-23.43749965075404,1
HK.00512,490,5.0,5.070000171661377,-1.3806739505186005,0.8280325379031436,6576988.45,32884942.25,3.156093972049382,6.145999984741211,7.676899998188019,-18.831166820555026,-31.31868329806507,-38.875307903884554,-35.897437464947885,-42.129631929191454,0
HK.00513,489,0.1589999943971634,0.16099999845027924,-1.242238554265263,0.0,44250.0,7035.74975207448,2.165417332271454,0.1638999980688095,0.15168999943882228,-10.67416200642625,6.711402818279543,9.655171705057711,21.37404406489581,8.904107352049328,0
HK.00515,489,0.17299999296665192,0.17299999296665192,0.0,,0.0,0.0,0.0,0.17299999296665192,0.1885849941521883,0.0,0.0,0.0,0.0,-88.65573798876494,0
HK.00517,490,6.099999904632568,6.070000171661377,0.49422952426343,0.2486507505057824,1622927.4,9899856.98522558,1.532355329668537,6.33539999961853,6.295084431171417,-6.870233175547558,-20.052427088599842,1.8363962891082108,-2.8662468019451612,37.09767977407856,1
HK.00518,490,0.20200000703334808,0.20100000500679016,0.4975134336559546,1.8181818181818181,25300.0,5110.6001779437065,2.2055657356735514,0.20336000204086305,0.20164047442376615,-18.21861862129989,-2.8846140069192967,2.020206125205126,4.123711894505927,5.562713256329192,1
HK.00519,490,0.15000000596046448,0.1509999930858612,-0.6622431597252582,0.8425562299178865,356875.0,53531.25212714076,5.177724332052088,0.1597000005841255,0.19536499980837108,0.0,-24.99999813735488,-35.06493422717936,-29.24527937182327,64.83517473208408,0
HK.00520,490,0.30000001192092896,0.33000001311302185,-9.090909090909092,3.88413731044257,2230019.3,669005.8165839016,7.841093110013493,0.41489999830722807,0.7170249973237515,-27.710839047420095,-58.333333333333336,-63.414632373448974,-59.45945837098897,-53.12499708961689,0
HK.00521,490,0.25,0.25,0.0,1.1975247670743403,6704147.5,1676036.875,4.51771987885831,0.26113999843597413,0.2697999986261129,4.6025136950404315,-24.242427252759718,8.225105320888435,0.0,86.56715953182777,0
HK.00522,490,185.3000030517578,169.89999389648438,9.064161099768056,1.3982815260842423,4585668.5,849724387.0443497,6.318974152486826,155.65532379150392,103.57593360900879,7.563707236396609,80.38246429042243,163.25401850912874,129.6988496635375,253.914799380844,1
HK.00524,490,2.430000066757202,2.450000047683716,-0.8163257362146623,1.3400236793808302,1075976.0,2614621.7518291473,10.242649968762152,1.0542000013589858,0.5073250010609627,109.48277040341554,478.57146252985825,709.9999900658929,816.9812067669493,671.4285984601565,0
HK.00525,490,2.240000009536743,2.240000009536743,0.0,1.1034024593328284,7471785.25,16736799.031256497,2.8902817470618563,2.314799971580505,2.2729500102996827,-8.943090455232165,0.9009000301245093,1.3574647453365973,3.70370002440479,29.611350434924944,0
HK.00526,490,0.10999999940395355,0.10999999940395355,0.0,0.7777850461176162,2852800.0,313807.9982995987,9.526882818248083,0.11443999990820884,0.0957650001347065,-5.172411578305348,15.789474509759632,19.565216511037264,27.906971707287493,-18.518522197817433,0
HK.00527,490,0.6499999761581421,0.6000000238418579,8.333325054910777,0.8339651250947687,5300640.0,3445415.8736228943,7.291017359778347,0.6524000024795532,0.6641250003874302,12.068964631322139,-14.473686274399084,-8.45070481655075,8.333325054910777,35.41666472641126,1
HK.00528,489,1.0800000429153442,1.0800000429153442,0.0,0.0,33700.0,36396.0014462471,0.3901932121850583,1.1832000041007995,1.1374999913573265,-9.243698236624217,-3.571425150243618,-3.571425150243618,2.857151615376773,-2.8130658364808396,0
HK.00529,489,1.8700000047683716,1.8700000047683716,0.0,0.0,1100.0,2057.0000052452087,0.0,1.8824000000953673,2.0023000013828276,0.0,-22.72727496636525,-7.881771865832116,-13.824887602673805,7.507398943697301,0
HK.00532,490,0.6399999856948853,0.6399999856948853,0.0,1.319066117033778,7706940.0,4932441.489751339,19.816684425964937,0.4357999962568283,0.3340749987959862,16.36363124059263,132.72726248118525,100.0,96.92307974459867,178.2608582977989,0
HK.00533,488,0.949999988079071,0.9599999785423279,-1.041665696538963,1.8033130635353323,246450.0,234127.49706208706,1.931617229523907,1.0071357202529907,0.960708272755146,-11.489282655995416,-1.5544087855637432,-0.5395071766841542,-0.5395071766841542,2.6013544004108597,0
HK.00535,490,0.11900000274181366,0.11999999731779099,-0.8333288319407887,0.5273042932638599,4503794.4,535951.545948565,5.356931402119352,0.12681999951601028,0.17285000018775462,-2.45901524211669,-26.08695410729225,-33.888889992678564,-25.624996623955592,-55.92592666178571,0
HK.00536,490,1.149999976158142,1.149999976158142,0.0,0.09868779228719814,815756.9,938120.41555084,1.6984908834124217,1.0968261051177979,1.0121633499860763,2.2222092710909025,12.633732795942482,16.96580942169641,16.96580942169641,36.95815548782111,0
HK.00538,490,0.9300000071525574,0.9300000071525574,0.0,0.29678225554514215,320800.0,298344.0022945404,1.3079563972089814,0.9678000068664551,0.9521499988436699,-4.123713430708066,1.086955465418649,6.896551960383053,4.494384505685279,19.230774521122513,0
HK.00540,489,0.20999999344348907,0.20999999344348907,0.0,0.0,3600.0,755.9999763965607,0.3647186791071256,0.20747999906539916,0.1785500007122755,-8.296946953818765,17.31842873170227,56.716409113816844,10.526313725600916,10.526313725600916,0
HK.00542,490,0.7799999713897705,0.7799999713897705,0.0,0.9320273078064708,672600.0,524627.9807567596,7.810618857380819,0.9942000007629395,0.9553500032424926,-14.285719899966379,-42.64706153048773,-2.5000050291418283,-8.235300057486924,151.61289206156505,0
HK.00543,490,0.27000001072883606,0.26499998569488525,1.8868020014566025,0.6626404494382022,146557.75,39570.59407239407,3.3590517393524895,0.2856903177499771,0.29611941292881966,-5.2631529414422,0.3154950325560136,-4.386788007338191,-2.8691233452220786,-23.509435249415706,1
HK.00544,490,1.7300000190734863,1.7400000095367432,-0.5747120924395414,0.22104332449160036,56110.0,97070.30107021332,2.969847012959903,1.7811999988555909,1.767700003385544,-3.351952182022866,-0.5747120924395414,-13.499999046325684,-8.947366274624953,150.72464131177213,0
HK.00546,490,5.550000190734863,5.53000020980835,0.3616632941720413,0.7631315251396286,4720968.05,26201373.577953193,2.748620256327307,6.4265660572052,7.897944278717041,-12.457050967213497,-29.288037362317038,-29.72669883281488,-29.987287963036984,-10.883664962466714,1
HK.00547,490,0.24500000476837158,0.25,-1.9999980926513672,0.08782996538188469,21444002.8,5253780.788252974,10.035962115997414,0.2609399971365929,0.3200850000232458,-5.769225478877488,-18.333334989017843,-16.949147234288798,-37.17948365258499,-43.02325565277273,0
HK.00548,490,6.670000076293945,6.739999771118164,-1.0385711750937614,0.48503382045527865,1247093.15,8318111.405645656,2.330637228484465,7.298200016021728,7.3125500082969666,-11.42098419060061,-9.128066244763236,-10.709501156186516,-6.320222141826642,4.1498661643330745,0
HK.00550,490,1.1799999475479126,1.1100000143051147,6.306300210871566,0.5620726166942244,4779175.0,5639426.249322295,11.805383208173973,1.079799998998642,0.41271000120788814,-0.840345310226634,306.8965453455194,780.5969538468793,883.3333116024727,780.5969538468793,1
HK.00551,490,13.680000305175781,13.779999732971191,-0.7256852665689323,0.6591303447246036,3648932.1,49917392.241565704,2.809296383720688,14.164538116455079,14.447674078941345,-0.9376467080019232,-18.763353950594684,-10.430111575533047,-8.691434129693311,37.78344405204652,0
HK.00552,490,4.110000133514404,4.099999904632568,0.24390802718157947,1.113784283031949,9274277.95,38117283.612749696,2.696344097704533,4.025914278030395,4.252550718784332,-1.931906048998008,1.2462173457178627,-7.529872600716198,-5.938997651119942,2.12708302378713,3
HK.00553,490,3.8499999046325684,3.7679998874664307,2.176221327365107,0.5406346409745112,5434738.5,20923742.706702948,4.105016076158914,4.645650119781494,5.011999523639679,-21.498756663923572,-17.649021323956067,-9.970606210529379,-20.036004440092032,4.668317663726162,1
HK.00554,490,0.19300000369548798,0.19200000166893005,0.5208343843049795,0.436241610738255,121800.0,23507.400450110435,3.9767313555402293,0.20048000007867814,0.2395200001448393,-9.81308303839131,-6.310677926157658,-22.489957724388002,-25.7692266251207,-31.07142754507309,1
HK.00556,490,0.4950000047683716,0.49000000953674316,1.020407170268328,0.29593956330574495,1349983.1,668241.6409372211,5.804478377218176,0.5433999943733215,0.49557566702365874,1.020407170268328,-41.07142616392797,59.677419664956524,-9.10669742439925,90.58274029059736,1
HK.00557,489,0.6499999761581421,0.6200000047683716,4.838705025652108,0.0,7959.95,5173.967310220003,0.9973199564730535,0.47910000205039976,0.6957499966025352,51.16278263863659,-18.750004190951525,-23.529416714572438,-7.142858967489158,-18.750004190951525,2
HK.00558,490,2.369999885559082,2.319999933242798,2.1551704204748128,0.3417480416593847,3203174.15,7591522.36892581,5.019095792359811,2.749400005340576,3.6094466257095337,-25.47170327653848,-22.039476470438764,-24.098041461459168,-32.670457431784854,-20.105885721960124,1
HK.00559,489,0.12600000202655792,0.12600000202655792,0.0,,0.0,0.0,0.0,0.1252400018274784,0.1369750013574958,0.0,-3.0769179629149055,-0.7874031453886305,35.4838699340159,-0.7874031453886305,0
HK.00560,490,0.6800000071525574,0.6700000166893005,1.4925358528601556,0.007228044813877846,256100.0,174148.00183176994,2.3203320693660023,0.6877314257621765,0.7317949712276459,-0.7299263086460758,-6.095874912884501,-8.567035505237246,-9.754476320778837,-7.409657616811997,1
HK.00563,490,0.27000001072883606,0.25999999046325684,3.846161781683767,2.4096757052907476,1907925.0,515139.77046981454,3.4198469519024015,0.28029999911785125,0.3112000025808811,-6.8965453455194,-10.0,-18.181818181818183,-14.285710230976514,-10.0,1
HK.00564,490,14.5600004196167,14.489999771118164,0.4830962705607645,1.3924973555597218,1585180.7,23080231.65716829,3.484233055004931,16.315996532440185,18.49511989593506,-9.088799521532126,-25.598810186571352,-21.57118419430403,-23.74767980638932,12.885356784171512,1
HK.00565,490,2.990000009536743,3.059999942779541,-2.287579560515078,0.6350744708484035,10092935.2,30177876.34425373,7.267749298241038,2.8459999990463256,1.9035500001907348,7.553958284466815,38.42592086688992,99.33333396911621,115.10791656893362,179.43923952944198,0
HK.00567,490,0.3050000071525574,0.30000001192092896,1.6666650109821552,0.5595571164950295,1551900.0,473329.5111000538,5.997973123713661,0.34139999985694885,0.16503500044345856,-17.567566696791175,90.62500873114934,254.65115906339273,227.956989161168,165.21739271277514,1
HK.00568,490,5.53000020980835,6.739999771118164,-17.952516356081063,1.2924080472522181,66829535.8,369567346.9953946,8.229279778900322,7.615000019073486,5.4511000239849094,-25.06774899654209,-53.09584200423354,45.91029724191849,71.20743582517409,162.0853310306542,0
HK.00570,490,1.5099999904632568,1.5299999713897705,-1.30718832029433,1.145068824847524,12394939.6,18716358.677792642,2.429654900121557,1.6937999939918518,2.077100002169609,-11.176473640653004,-22.164951240944088,-34.63203342566635,-28.77358151059321,-30.526802481703143,0
HK.00571,490,0.04699999839067459,0.04600000008940697,2.1739093463565164,1.0877658009151607,271408.35,12756.192013215645,2.9607547624475004,0.04913999952375889,0.04969999991357327,-11.320756706278218,-7.843138687155083,6.818178739429488,6.818178739429488,-17.543862515612723,1
HK.00572,489,0.38999998569488525,0.38999998569488525,0.0,0.0,19862.85,7746.511215859651,2.727231747545704,0.41659999787807467,0.4693499979376793,-10.34483136612886,-22.00000286102295,-23.52941313966888,-17.021279428921556,-23.52941313966888,0
HK.00573,490,0.27000001072883606,0.25999999046325684,3.846161781683767,4.146812620734063,93750.0,25312.50100582838,1.6585799482869101,0.2857999986410141,0.31564999997615817,-1.8181800448205245,-12.903223015391266,-14.285710230976514,-16.92307057465299,-10.0,1
HK.00574,490,0.032999999821186066,0.035999998450279236,-8.333329883990316,0.27901658090337333,1745100.0,57588.2996879518,8.134506479134403,0.03874945998191834,0.047877365052700044,-23.255816975627503,-31.250000970127672,-34.000001341104486,-29.78723201885536,13.793106106033584,0
HK.00575,490,0.5799999833106995,0.6100000143051147,-4.918037752603991,1.7240455714502978,88204.35,51158.521527931094,3.6770101724545903,0.6739999997615814,0.8129999998211861,-19.444449963392817,-35.55555570272752,-14.705885704413383,-43.68932044453261,-43.68932044453261,0
HK.00576,490,6.690000057220459,6.739999771118164,-0.7418355429618975,0.5442218363123732,6465672.8,43255351.40196876,2.233026532757174,6.928153600692749,6.852552828788757,-4.971589581378967,0.6731926295176638,-5.843307235791329,-0.8670106493115213,14.592639596292608,0
HK.00579,490,2.140000104904175,2.1500000953674316,-0.46511581486920134,0.8423337481406966,7726533.85,16534783.249545656,2.089132581888869,2.2422000122070314,2.3611499989032745,-5.726866833244583,-8.547000709448131,-9.3220254224934,-6.956515249097145,-6.208861672817312,0
HK.00580,490,2.509999990463257,2.180000066757202,15.13761071562428,1.2575756300649,20879470.25,52407470.128377855,9.909096459237118,1.9332908391952515,1.9373720872402191,22.95131899024315,42.40124929240354,18.333418758803884,27.94426246522541,107.72622064055395,1
HK.00581,490,1.2000000476837158,1.2200000286102295,-1.6393426604503258,1.3608299382586417,2210700.0,2652840.1054143906,2.6330504390759257,1.2901999926567078,1.386399999856949,-10.447759866236506,-18.918916741977938,-6.249994179233778,-9.774435416307956,-6.7395209777780325,0
HK.00582,490,0.04600000008940697,0.04800000041723251,-4.166667313418449,0.014150650402011477,713311.1,32812.31066377498,4.85722753431254,0.08728000044822692,0.11639949530363083,-36.111108236658595,-62.295082317616654,-61.34453863063341,-61.016949313069105,-70.32258081572608,0
HK.00583,490,0.1979999989271164,0.2199999988079071,-10.0,26.85082872928177,32400.0,6415.199965238571,1.4633015058476468,0.23051999837160111,0.22424999855458735,-13.5371191826095,-13.913045506396193,-8.755757805444803,-18.852460367949973,-20.800000429153442,0
HK.00585,490,4.0,3.2100000381469727,24.610590419465176,8.807510494108476,8229669.1,32918676.4,3.9837777763579254,2.5962000131607055,1.306049998998642,25.39184728057083,354.54545700845637,393.8271590402769,399.9999925494195,1211.4753790806462,2
HK.00586,490,11.079999923706055,10.529999732971191,5.223173833639526,1.7809604731672635,7724292.05,85585155.32468328,4.1389011850240705,11.533600006103516,10.821643929481507,-9.180327074337429,-11.075442297078428,6.436119943464794,15.416661285692005,31.994621248114925,1
HK.00587,490,0.3449999988079071,0.36500000953674316,-5.479454851034117,0.36528738447786463,1170886.85,403955.9618541941,6.511850402911568,0.4664999955892563,0.5598749969899655,-28.124998641821215,-36.1111138705853,-38.39285761802172,-38.39285761802172,-40.51723987324763,0
HK.00588,490,0.7799999713897705,0.8399999737739563,-7.142857649699376,1.0065112068970048,28236653.5,22024588.922142863,6.8209789453814365,0.7919999945163727,0.8249999979138374,-7.142857649699376,0.0,-7.142857649699376,2.6315764707211,8.333325054910777,0
HK.00590,490,20.31999969482422,20.020000457763672,1.4984976533514933,1.5961279728780196,851999.1,17312621.451990508,2.9897229697236414,22.47560001373291,25.23657516479492,-10.955302512852453,-30.837303351733603,-17.435428979918505,-14.550045802834537,16.955724155041754,1
HK.00591,490,0.25999999046325684,0.25999999046325684,0.0,0.5401566866724699,2109100.0,548365.979886055,4.952116881107297,0.2305599993467331,0.3127450002729893,12.068964631322139,8.78661025257282,-18.750001164153243,-20.0,4.417667702546728,0
HK.00595,490,1.100000023841858,1.0800000429153442,1.851850012202395,0.40834845398161645,14972386.8,16469625.836969519,13.266567862995766,1.1261999982595443,0.5838107116520405,-23.076918588138476,185.71429898433684,178.48101113014854,168.2926910821347,168.29271058395403,1
HK.00596,490,2.8299999237060547,2.9100000858306885,-2.7491463836777497,0.25989603121351335,23354120.95,66092160.50672197,9.813576700018421,2.580199990272522,5.876950014829635,9.689922767163736,-20.281691219191366,-61.23287877036111,-59.57142966134208,-67.59732175917256,0
HK.00598,490,4.519999980926514,4.539999961853027,-0.440528217941891,1.1414549025695602,6118291.25,27654676.333302855,2.7492403153575906,4.845494203567505,4.854028115272522,-10.911657860237405,-9.535769825587415,-7.573039380729135,-2.374023083872557,32.971038050263054,0
HK.00599,489,0.12999999523162842,0.12999999523162842,0.0,0.0,7200.0,935.9999656677246,0.0,0.1417200008034706,0.1663000013679266,1.5624914507502095,-26.13636594542788,-30.851063998428717,-29.729733212835296,-3.7037110623015317,0
HK.00600,78,17.440000534057617,17.299999237060547,0.8092560876948225,0.48753856554454617,967574.9,16874506.772740748,8.14685521221886,20.750799980163574,,-25.85033930855694,-38.11213504190617,,-38.15602814813632,,1
HK.00601,490,0.07500000298023224,0.06400000303983688,17.18749909050534,,17875.0,1340.6250532716513,0.5333333995607138,0.0642200030386448,0.06405500303953886,17.18749909050534,17.18749909050534,17.18749909050534,17.18749909050534,17.18749909050534,1
HK.00602,490,0.03999999910593033,0.04100000113248825,-2.439029265698055,0.07722007722007722,57625.0,2304.999948479235,5.626720142202323,0.04289999969303608,0.05127499984577298,-23.076926383393687,-18.36734662846394,-27.272728504228205,-16.666669253673795,0.0,0
HK.00603,490,0.1589999943971634,0.15700000524520874,1.2738783981764776,0.8618758240559912,5334308.0,848154.9421127439,4.603950417318229,0.1711999997496605,0.1742450001090765,0.0,-60.25000199303028,-11.666673289404713,-0.6250012805685687,9.655171705057711,1
HK.00604,490,0.7599999904632568,0.75,1.3333320617675781,0.24665089504514723,13503524.85,10262678.757220352,4.183365473833733,0.7815999937057495,0.8462499973177909,-12.643679735887027,-7.317073525310204,-16.48351993844085,-6.172840959723081,1.3333320617675781,1
HK.00605,490,0.8500000238418579,0.7799999713897705,8.974366028163349,0.6278511167677507,570257.0,484718.46359598637,8.368747570444041,0.8181999909877777,0.9707499951124191,1.1904821881092846,14.864866606417648,-14.999997615814209,3.6585403970846935,-26.724133767214052,1
HK.00606,490,0.30000001192092896,0.28999999165534973,3.448282949422888,0.0034267112139124475,556200.0,166860.00663042068,3.2910550336682047,0.2834000015258789,0.2871500000357628,7.1428609441737585,-3.225803350434739,9.090911061310528,11.11111111111111,17.647065698344395,1
HK.00607,488,1.3799999952316284,1.3799999952316284,0.0,,0.0,0.0,0.0,1.3729999923706055,0.7845049983263016,0.0,31.428576943015006,697.6878909455459,819.9999602635718,253.8461656024945,0
HK.00608,490,1.2300000190734863,1.2300000190734863,0.0,0.14388489208633093,8300.0,10209.000158309937,1.6322365926498712,1.2260000014305115,1.4219563925266265,-3.9062463620211116,-12.142854284266988,-15.172415267272973,-25.45454322142374,-8.600784273151277,0
HK.00609,490,1.149999976158142,1.2000000476837158,-4.166672461562456,1.6270337922403004,161600.0,185839.99614715576,1.7002020283120305,1.2855999922752381,1.415400002002716,-8.730159931562515,-24.342105882319725,-17.857143161248192,-21.768710627483628,4.314155093534996,0
HK.00610,490,0.8600000143051147,0.8500000238418579,1.1764694332664312,0.1745635910224439,149900.0,128914.0021443367,2.2108588205473723,0.8774000012874603,0.8516000017523766,0.0,-10.416663174206933,-11.340207325840764,-6.521739271277513,36.507939811796916,1
HK.00611,490,0.48500001430511475,0.4950000047683716,-2.020200074126503,0.5828035555044156,3528600.0,1711371.050477028,3.438681888821481,0.5117999947071076,0.5245999969542027,-4.901956201103737,8.988769011370557,-13.39285495710009,-8.490558398834718,14.117647223819082,0
HK.00613,490,2.75,2.75,0.0,0.2636342538872128,923150.0,2538662.5,4.847882049760562,2.004799997806549,1.8852999997138977,30.95238689932991,118.25396990589844,51.09889674425685,52.777781825006855,180.6122394364758,0
HK.00616,490,0.164000004529953,0.15600000321865082,5.128205862976375,0.3546785071269649,6023772.25,987898.6762874052,8.96492255817821,0.24930000007152558,0.25015499990433454,-31.666663251817152,-42.45613803933969,-26.126125037655633,-55.67567502259338,105.00001024454855,1
HK.00617,490,0.1979999989271164,0.19900000095367432,-0.5025135787766731,0.26609833131637134,1117703.25,221305.2423008345,3.952908805174275,0.20483999997377395,0.2505800001323223,-17.84232295874493,-10.810812443516545,-30.52631529414422,-20.800000429153442,-42.6086957648481,0
HK.00618,490,0.3449999988079071,0.3449999988079071,0.0,0.1256944054766848,863050.0,297752.2489711642,2.8684864461917288,0.30878000050783155,0.21953000053763388,11.290321340173895,57.534248346294284,56.818182126057046,67.47572738282226,134.6938769303973,0
HK.00619,490,0.33500000834465027,0.33000001311302185,1.5151500099837776,0.04066809450845277,142859.0,47857.76619210839,4.935587260791788,0.3380000001192093,0.33972500041127207,-8.219178194041364,-9.459458370988969,-22.988504250907326,-14.102558812210821,98.22485728831666,1
HK.00620,490,0.2549999952316284,0.2370000034570694,7.5949331274248575,0.8382766821703973,959767.15,244740.6186734736,5.700077161742073,0.24657999813556672,0.562969998717308,6.250000388051082,-46.315789803903854,-60.76923006385033,-59.52380997433594,1.9999980926513672,1
HK.00621,490,0.7400000095367432,0.7200000286102295,2.7777750183035925,1.187420547310388,16288695.0,12053634.4553411,8.5870495517045,0.5064000004529953,0.5548499990999699,55.789477646846244,51.02040717026832,8.82352966957026,45.09804379889626,-5.1282004256688785,1
HK.00622,490,2.049999952316284,2.119999885559082,-3.301883821769057,1.1252445916328428,32047265.8,65696893.361867286,5.806388300714406,2.01839998960495,1.1220749957859517,-1.9138738514697822,22.754491317173457,241.66664514276803,173.33332697550458,393.9759020570712,0
HK.00623,490,2.059999942779541,2.049999952316284,0.4878044241882981,2.68095598790716,255891.85,527137.1963577509,1.19099638793094,2.014399969577789,2.0887999910116197,2.487559828533153,0.9803912402207475,1.477831123772482,5.641020123383446,-12.477267835119948,1
HK.00626,490,1.399999976158142,1.3799999952316284,1.449273985189887,0.9276777540433323,165650.0,231909.99605059624,1.3932859383435892,1.4648000168800355,1.392938317656517,-6.040270657889662,-15.662650342845206,10.55541712131098,2.7146047219126106,16.658095817163865,1
HK.00627,490,0.699999988079071,0.8299999833106995,-15.662650342845206,0.3785265664139056,53836.45,37685.5143582195,4.1078654509487045,0.5241999953985215,0.6091999989748001,52.17390769145449,41.414137643620094,-5.405408235428679,29.629622271031803,39.99999761581421,0
HK.00628,490,0.4650000035762787,0.45500001311302185,2.1978000384744694,0.8674129332637863,36739988.1,17084094.597892437,7.9737178358290155,0.41821999847888947,0.26873999945819377,-6.06060624305064,146.03175366566603,111.36363913451346,140.9326397267575,54.99999503294647,1
HK.00629,489,0.29499998688697815,0.30000001192092896,-1.666674945089223,0.0,104000.0,30679.998636245728,2.183970130018473,0.2906587988138199,0.2931753695011139,1.899833920234976,0.20149510277313137,0.20149510277313137,-3.0308073911092737,26.304404302427542,0
HK.00630,490,0.2549999952316284,0.2549999952316284,0.0,1.9230769230769231,65600.0,16727.999687194824,4.352271153380881,0.27262000054121016,0.28354500032961366,-15.000004967053535,12.831858261207207,-27.142857264499277,1.9999980926513672,325.0000015522043,0
HK.00631,490,7.550000190734863,7.519999980926514,0.39893896122927097,0.42161473864435317,11221469.45,84722096.48782544,6.343575674378525,10.253934535980225,9.280423872470855,-35.86901375534593,-45.51742946977701,14.579457120459075,-8.839204277012785,30.835762446152692,1
HK.00632,490,0.25,0.2549999952316284,-1.960782480441495,0.8462454807375592,4250506.6,1062626.65,9.405734345999676,0.2855799978971481,0.3333549991250038,7.296139479987835,-71.91011190805722,-30.555558315029742,30.208332201517713,-57.62711676055409,0
HK.00635,490,0.48500001430511475,0.49000000953674316,-1.020407170268328,0.575273342889915,158333.8,76791.89526498318,0.8546562081728885,0.5060905569791794,0.49037090316414833,-4.901956201103737,5.999998957840479,-6.527267336529982,2.8200047486782864,1.6901260242965535,0
HK.00636,490,6.079999923706055,6.010000228881836,1.1647203354140676,0.7043746831863137,836587.85,5086454.0641734125,2.294958197735046,6.364036598205566,6.913863105773926,-5.752046863333977,-9.837941864077983,-10.227130074473688,-13.584282861219329,-19.4595501447629,1
HK.00637,490,0.1860000044107437,0.1860000044107437,0.0,0.21618463336254748,333000.0,61938.00146877766,3.7710695503706466,0.185140001475811,0.18570500038564206,-0.5347604236009523,-6.999999180436147,16.981138971701757,22.368427889210256,48.80000352859497,0
HK.00639,490,2.7300000190734863,2.7799999713897705,-1.798559454347344,0.6997665453034727,14445256.8,39435551.33952141,4.005685303372854,2.729400005340576,2.9707658529281615,4.59770608432363,-18.50745979728869,-11.650482365550628,-8.389261691270985,16.117982591708305,0
HK.00640,490,2.5399999618530273,2.569999933242798,-1.1673140921804177,0.09117551286225985,110450.0,280542.99578666687,3.0579404969981545,2.49927592754364,2.418999742269516,-8.062037981521849,-1.495049802477526,6.2762715880042395,7.536462962891931,34.95141966161604,0
HK.00641,490,0.39500001072883606,0.39500001072883606,0.0,0.4093567251461988,31300.0,12363.500335812569,4.681817590303471,0.3820999991893768,0.31332499951124193,-2.4691334404499927,51.92308662205794,51.92308662205794,33.89831467354282,36.206904170629606,0
HK.00643,490,0.22300000488758087,0.23100000619888306,-3.4632039379316986,0.24106286810026023,1740250.0,388075.7585056126,3.0398510358550226,0.2416599988937378,0.34795999735593797,-7.851237150442309,-8.606556400925019,-21.75438326811853,6.698563706347888,6.698563706347888,0
HK.00645,489,0.1599999964237213,0.18299999833106995,-12.568307167816878,1.3297872340425532,40100.0,6415.999856591225,1.7913509961233876,0.18154000133275985,0.148494999371469,-5.882356034843122,-0.6211192771326315,29.03225728922157,22.13740440648958,8.108104298461395,0
HK.00646,489,0.10700000077486038,0.10899999737739563,-1.83485931252876,3.303600925008259,141080.0,15095.560109317303,2.096015087233306,0.12251999959349633,0.1525400009378791,-3.6036041478388485,-31.41025732872047,-37.79069933659513,-34.75609889064493,-32.278483639044474,0
HK.00648,490,2.0399999618530273,1.600000023841858,27.49999571591622,0.7857909929940649,4184061.5,8535485.30039072,58.03357709930178,8.412799990177154,6.3108999663591385,-77.33333375718858,-65.42373001900802,-59.20000076293945,-41.71428680419922,-73.15789490195192,2
HK.00650,490,0.44999998807907104,0.45500001311302185,-1.0989065691980104,0.2882389983470727,26360872.35,11862392.243253915,12.115509813852851,0.48946000039577486,0.29449500009417534,-31.818186333685034,60.714280772574114,158.62069024578526,141.93547172468678,118.44659590206494,0
HK.00653,490,0.028999999165534973,0.028999999165534973,0.0,0.1528786558495899,24934272.0,723093.867193222,11.239103984748471,0.05803999960422516,0.08433500006794929,-57.971014649245554,-59.72222164733172,-60.27397316198767,-74.56140425405931,-70.40816334288401,0
HK.00655,490,0.4950000047683716,0.46000000834465027,7.608694736696163,0.966329535615102,1449861.6,717681.4989134789,5.828795983486321,0.3436199980974197,0.31507999941706655,22.222223039844234,70.68966172821617,64.99999503294647,64.99999503294647,94.11765255867552,1
HK.00656,490,3.9800000190734863,3.9200000762939453,1.530610755402492,1.1923371685864683,9870510.75,39284632.97326505,3.0267136305424525,4.063200006484985,4.563800007104874,-5.910165457984052,5.851064605538045,-17.083336230781228,-9.3394045531107,-12.91275891287139,2
HK.00657,490,0.035999998450279236,0.028999999165534973,24.137929262644278,259.3103448275862,428600.0,15429.59933578968,2.2108266399092082,0.028080000169575216,0.030960000194609164,19.99999751647308,-2.7027081450551504,19.99999751647308,43.99999165534986,111.7646852579095,1
HK.00658,489,1.9500000476837158,1.9500000476837158,0.0,,0.0,0.0,0.0,1.9060000443458558,1.7757000070810318,0.0,-1.015227443454557,24.203820543708236,18.1818227794217,129.41176388090457,0
HK.00659,490,7.949999809265137,8.020000457763672,-0.8728259913099109,0.6064863349729572,1487343.4,11824379.74631176,1.5997451382851062,8.200800056457519,7.700500419139862,-7.017548164734685,-6.607772719389719,7.996267886659729,9.873205669103701,29.94789647072615,0
HK.00660,490,0.5799999833106995,0.6000000238418579,-3.3333399560713786,1.5552381529279484,1456995.05,845057.1046837717,14.593186486637503,0.6922999989986419,0.32899499878287314,-13.432840468172232,123.07692484037418,187.12869461185096,208.5106399842872,356.6928856696124,0
HK.00661,490,0.09399999678134918,0.09300000220537186,1.075262959423418,0.5335485715029625,21074792.5,1981030.4271676019,7.348715939914927,0.11426000028848649,0.11354500034824014,-24.800002574920654,-45.34884093660725,6.818178739429488,-14.545457008456408,113.63635747885898,1
HK.00662,490,4.659999847412109,4.71999979019165,-1.2711852848854637,2.380952380952381,4700.0,21901.999282836914,0.25143777900852826,4.704599914550781,4.6157324051857,-2.9166737033258396,-0.4273500354724066,1.96935825755153,-2.9166737033258396,21.316774885077617,0
HK.00664,46,22.0,22.34000015258789,-1.521934423749342,0.24920854667393066,126462.7,2782179.4,8.808368111147816,,,5.363988909242265,,,-27.86885245901639,,0
HK.00666,490,13.369999885559082,13.399999618530273,-0.22387861063597408,0.3883281101421333,2891631.7,38661115.49807902,4.377355000422567,15.922199993133544,14.255849981307984,-16.697816067885928,-8.674866311344823,-5.845069963765077,1.7503769880280489,17.69366452137511,0
HK.00667,490,4.53000020980835,4.409999847412109,2.721096747127083,0.6273951958060914,4615687.5,20909065.343409777,4.526103321056827,4.768049440383911,5.8466218876838685,-1.7335571440304172,-20.08745705797048,-16.786421437346302,-28.054924570161056,-23.13658526915871,1
HK.00669,490,115.0999984741211,117.5,-2.0425544901097075,0.8922146182954954,6114831.65,703817113.5845075,3.395318635809402,113.55920547485351,102.71142189025879,-4.566519749941091,-5.802906598229107,32.64928002726424,25.69790500811566,34.1032680677429,0
HK.00670,490,3.240000009536743,3.200000047683716,1.2499987892806712,0.9551274314102021,22463621.75,72782134.68422979,4.351570907308736,3.8310000038146974,4.251200017929077,-22.857139126783967,-34.146342290764444,-29.25764053474061,-39.09774614678392,8.000000317891438,1
HK.00672,490,0.08799999952316284,0.09799999743700027,-10.204079770783641,0.6382202989677782,1587430.0,139693.8392430544,6.4341424765614175,0.0984399999678135,0.12019999980926514,-16.190474027949328,-16.190474027949328,-28.45528691670209,-19.266053540830413,-18.518521073587245,0
HK.00673,490,0.5199999809265137,0.5,3.9999961853027344,1.6069221260815822,52440.0,27268.798999786377,1.6575910717618463,0.5421999955177307,0.5985698233544826,-5.454550971669479,-18.750001164153243,-20.0,-35.00000335276122,85.71427811165249,1
HK.00674,489,0.06800000369548798,0.06499999761581421,4.615394138020521,0.9623430962343096,100200.0,6813.600370287895,1.5581471926500963,0.07488000020384789,0.08070500016212463,-6.849308637141818,-1.4492675377223445,-34.615382411070875,-17.073168515591792,-31.999997317791024,1
HK.00675,490,0.3700000047683716,0.36000001430511475,2.7777750183035925,0.6159420289855072,56900.0,21053.000271320343,1.87678704700772,0.37068460643291473,0.37573401421308517,8.054682271378516e-06,-8.235292552418935,2.631579599998446,-4.878049901722473,7.828110988311877,1
HK.00676,489,0.9900000095367432,0.9900000095367432,0.0,0.0,5100.0,5049.00004863739,0.09708728874782328,1.0063999938964843,1.000849997997284,-3.883491549912931,-1.9801961500356329,1.020407170268328,-0.9999990463256836,-0.01979806694058106,0
HK.00677,490,0.3400000035762787,0.33500000834465027,1.4925358528601556,0.5513513513513514,190100.0,64634.00067985058,1.5252445311875384,0.34929999470710754,0.3453617365658283,-2.8571401810159034,-2.8571401810159034,0.2949902557830574,-1.449273985189887,6.80499583256215,1
HK.00679,490,16.600000381469727,17.549999237060547,-5.413099127575436,0.4692595170359266,4221624.7,70078971.63042203,13.998669058519129,8.999799938201905,3.016806171536446,65.00993726700273,1238.7096978871307,1724.1758135231407,1647.3684831339244,1743.6181763562686,0
HK.00681,490,0.03500000014901161,0.032999999821186066,6.0606070868568365,1.4330577694868636,11653491.05,407872.18848650553,6.7045287969256115,0.028320000581443308,0.03182500003837049,29.62962681905403,-22.22222498169641,-2.7777731786537547,0.0,45.83333268658155,1
HK.00682,490,0.2800000011920929,0.24500000476837158,14.285712547969572,0.15943238896743733,124582.25,34883.030148513615,1.3624607991810338,0.24769999861717223,0.2722349987179041,3.70370002440479,-1.754384313814067,0.0,-3.4482726727597,27.272728504228205,1
HK.00683,490,19.899999618530273,20.100000381469727,-0.9950286524563188,0.8226307269634164,2713999.75,54008593.98969126,2.5932044151126004,21.931387100219727,20.937613096237182,-16.92322135297704,-14.459662611343207,-1.099070789224852,1.5112169595509168,12.422853840056652,0
HK.00684,490,0.5099999904632568,0.5,1.9999980926513672,2.272727272727273,4900.0,2498.9999532699585,0.8222221194961922,0.5044999951124192,0.5467249993979931,6.250000388051082,-10.526316339839756,-7.272731016490004,-3.7735815105932082,-23.88060033440874,1
HK.00685,489,0.1899999976158142,0.20000000298023224,-5.000002607703171,1.0705596107055961,21650.0,4113.499948382378,1.4698155721612451,0.21267999738454818,0.21050000004470348,-13.636364252114102,-11.627909555636291,-7.766991555381757,-19.14893697969187,-5.5703610817901215,0
HK.00686,490,0.9300000071525574,0.9200000166893005,1.086955465418649,1.0894106039060913,310460.0,288727.80222058296,2.346073433652642,1.0367999982833862,1.1779500025510787,-10.576919109158116,-23.140497699753386,-18.421050980480732,-19.130432484055238,-13.54025444508662,1
HK.00687,490,0.3149999976158142,0.3149999976158142,0.0,0.015278838808250574,259500.0,81742.49938130379,2.220304806900466,0.3194485700130463,0.30303928479552267,-1.5624985448084445,-1.5624985448084445,7.666015963218347,4.403402973492698,50.323266291225174,0
HK.00688,490,15.529999732971191,15.569999694824219,-0.25690406317942405,0.5232365841174251,35980876.95,558783009.4255693,3.304836355272879,14.02920009613037,13.686751508712769,-5.13134430786959,13.606434866835116,11.087269252420274,24.33947171786755,22.245111568547713,0
HK.00689,490,0.2150000035762787,0.2290000021457672,-6.1135364359416,0.2919771571751165,14287799.1,3071876.8575971513,8.517194325197345,0.24099999904632569,0.19712303493171932,-20.370372210019827,-14.058098378669568,19.444441684970258,1.4150972241034157,50.34964583171817,0
HK.00690,490,0.08799999952316284,0.0860000029206276,2.3255773658299925,0.48909978029953416,2299270.0,202335.75890362263,4.116485409202948,0.09305917128920554,0.11457481689751148,0.1875979087023511,-15.582672861808685,-22.076311268822728,-20.721121275844407,7.259657756331989,1
HK.00691,490,0.36000001430511475,0.3449999988079071,4.347830593924006,2.0338983050847457,8600.0,3096.000123023987,1.511189333374704,0.3968000012636185,0.6304249973595142,-7.692300638503319,-29.411760580993363,-51.35135004518676,-38.98304571060206,-27.99999713897705,1
HK.00693,489,1.7000000476837158,1.7000000476837158,0.0,0.0,4950.0,8415.000236034393,0.0,1.5635717821121216,1.616185067296028,2.4532069732903574,3.658532862291909,6.156339898084022,-10.548469690985048,67.54564299655101,0
HK.00694,490,1.7000000476837158,1.7100000381469727,-0.5847947508874469,0.6545702966240148,4949521.65,8414187.041011585,2.545417871116331,1.837000002861023,2.4763999831676484,-9.090906772789708,-28.270036718474927,-39.50177643056666,-38.40579516094939,-38.84891851873451,0
HK.00695,490,7.360000133514404,7.099999904632568,3.6619751038615145,0.8703640270295518,1157820.0,8521555.354585648,7.682379643455473,7.292199993133545,6.691850006580353,-13.411763135124655,-17.488788446599262,46.322064145496945,-11.325301633965788,243.9252230244153,2
HK.00696,490,8.869999885559082,8.949999809265137,-0.8938539152060976,0.6182714042632004,5650362.4,50118713.84136734,2.4342721412073693,9.730199947357178,10.450350012779236,-10.85427079807973,-13.124389300502775,-15.523810613723027,-15.119616770760144,-18.547319454451145,0
HK.00697,490,1.7599999904632568,1.7799999713897705,-1.1235944521335182,0.7183095815140197,62842753.35,110603245.2966848,4.880334526636684,1.6573247838020324,1.952998978495598,6.175441775906061,-9.375505252911577,-8.899534864032836,-17.689676765307073,22.522091436943192,0
HK.00698,490,2.380000114440918,2.4100000858306885,-1.2448120465286208,2.908594654303121,88836.35,211430.52316651345,3.7987325238385696,2.863000011444092,3.9687999975681305,-21.192048692968815,-27.65957015086316,-47.692307369848095,-40.05037538314376,-35.67567341165706,0
HK.00700,490,453.20001220703125,446.3999938964844,1.5233016136921655,1.035376286467151,36590225.5,16582690643.258026,3.499676893371185,470.97095947265626,564.7170733642578,-1.2747135509339955,-10.189967458323231,-26.584434541091724,-26.407671285446373,-7.972661844913372,1
HK.00701,490,0.1080000028014183,0.1080000028014183,0.0,0.29569220059379797,716563.45,77388.85460739397,4.399990780505826,0.14334000021219254,0.18508500047028065,-12.903222123802454,-38.63636171214343,-47.57281423474653,-45.17766269004843,-48.81516345020505,0
HK.00702,489,0.03400000184774399,0.03400000184774399,0.0,,0.0,0.0,0.0,0.03400000184774399,0.03400000184774399,0.0,0.0,0.0,0.0,0.0,0
HK.00703,489,0.0949999988079071,0.0949999988079071,0.0,0.14701378254211334,82225.0,7811.374901980162,1.946051601273397,0.11147999927401543,0.13463999953120948,-26.92307515962583,-28.03030354342842,-31.15941942914946,-28.03030354342842,-33.0985945791886,0
HK.00704,489,0.13300000131130219,0.13300000131130219,0.0,,0.0,0.0,0.0,0.13328000098466875,0.12707000005990265,0.0,-15.286626198784143,-21.76470593391405,32.99999932944775,64.19753199978365,0
HK.00707,489,0.05999999865889549,0.05999999865889549,0.0,,0.0,0.0,0.0,0.05999999865889549,0.05999999865889549,0.0,0.0,0.0,0.0,-16.66666494199516,0
HK.00708,489,0.17000000178813934,0.17000000178813934,0.0,,0.0,0.0,0.0,0.17000000178813934,0.17000000178813934,0.0,0.0,0.0,0.0,0.0,0
HK.00709,490,1.4299999475479126,1.409999966621399,1.4184383971608912,0.17073984777412676,729799.95,1043613.8902204692,1.3096022668949747,1.4324231433868408,1.429428306221962,-2.4276390584250236,-0.47619264911406645,-1.7857158939636624,5.1307799559221765,12.448014029533038,1
HK.00710,490,4.71999979019165,4.590000152587891,2.832236019218095,1.0883489327518627,4149455.8,19585430.505409528,5.816990598835541,4.414000024795532,5.0231499981880186,10.28036352369719,3.7362547764933334,-1.8711050656662274,-12.592598021602667,-15.410786645671811,1
HK.00711,490,0.4300000071525574,0.4300000071525574,0.0,0.7758688939909746,104110.0,44767.30074465275,1.6447384614350233,0.4329000049829483,0.42897655069828033,0.0,0.0,0.7961751624478726,0.0,0.7961751624478726,0
HK.00712,490,0.0729999989271164,0.07599999755620956,-3.947366744155975,0.5953338696701529,317000.0,23140.999659895897,3.196699184468422,0.09135999917984008,0.11297500010579825,-22.34042401414152,-32.40741015410629,-35.96491325530833,-29.126214715894893,-1.3513540725275752,0
HK.00713,490,0.38999998569488525,0.3799999952316284,2.6315764707211,0.27800490596892885,116000.0,45239.99834060669,1.475613737158848,0.38249999582767485,0.4243249973654747,-2.5000050291418283,-7.142857649699376,-10.34483136612886,-2.5000050291418283,-22.00000286102295,1
HK.00716,490,0.5,0.5,0.0,0.480340435454254,3425500.0,1712750.0,3.3387321397600886,0.5885999965667724,0.656633566915989,-15.254233521108176,-29.577462660417304,-28.571427355007227,-28.571427355007227,-16.298665585320084,0
HK.00717,490,0.0689999982714653,0.0689999982714653,0.0,0.5737613729785604,12336800.1,851239.1855754129,4.34569092563445,0.08432000011205673,0.09861000008881092,-25.000002024614286,-25.000002024614286,-33.00971049358578,-25.80645523094436,-19.76744659514976,0
HK.00718,490,0.03200000151991844,0.03099999949336052,3.2258130416166604,4.223433242506812,177800.0,5689.600270241499,1.9055480113679493,0.03236000034958124,0.03988000012934208,-3.030297899049148,0.0,6.66667411724743,0.0,18.518521073587245,1
HK.00719,490,5.71999979019165,5.78000020980835,-1.0380695058606009,0.777206878002634,772620.0,4419386.237897873,2.160423166584683,6.260599994659424,6.895600001811982,-12.538228997619752,-14.114115296649999,-15.509604042733907,-14.880952845557763,-1.457011015789605,0
HK.00720,490,0.30000001192092896,0.30000001192092896,0.0,0.4229607250755287,780000.0,234000.00929832458,6.675849107648434,0.3532000029087067,0.2547500016540289,-6.249994179233778,-22.077917051387566,73.41041856502156,100.0,67.59776722339012,0
HK.00722,490,0.4749999940395355,0.4749999940395355,0.0,0.04056058788516081,93617.9,44468.50194199383,0.6773960901574005,0.4660999995470047,0.4571907615661621,1.0638287753851585,1.8997701456306957,3.9342454798120143,1.8997701456306957,22.717547194348064,0
HK.00723,490,0.23499999940395355,0.22599999606609344,3.9823024312036126,0.3467011744233554,1496770.85,351741.14885785506,3.8211673954992404,0.2385199984908104,0.25297999925911424,-11.320750154859622,-7.843135765358715,5.381163342315682,-20.33897971189134,41.566270089301945,1
HK.00724,489,0.10499999672174454,0.10499999672174454,0.0,,0.0,0.0,0.0,0.10499999672174454,0.10499999672174454,0.0,0.0,0.0,0.0,0.0,0
HK.00725,490,1.3600000143051147,1.340000033378601,1.4925358528601556,0.26153846153846155,123300.0,167688.00176382065,6.144453845197425,0.9287698137760162,0.7958856219053269,39.93399182057894,72.3577264022762,88.44443291862974,76.66666589239065,126.35416841307246,1
HK.00726,490,0.04500000178813934,0.04500000178813934,0.0,0.3122648607975922,2688250.0,120971.25480696559,11.680302112209706,0.037580000534653664,0.043415000345557925,40.62499890860641,9.756098890644923,0.0,36.363642521141024,-32.835819899677375,0
HK.00727,490,0.6700000166893005,0.6800000071525574,-1.4705868173635692,1.2305982295264182,262410.0,175814.70437943935,4.031106912404249,0.6708000016212463,0.8717460936307907,1.5151500099837776,-21.176470835728622,-17.28394880034615,-10.666664441426594,-39.09090889386895,0
HK.00728,490,4.920000076293945,4.940000057220459,-0.40485790880267447,0.47116323253705483,87629864.85,431138941.7476281,2.936421766415375,5.052378969192505,5.2948158574104305,-8.569424403183964,0.9967543571663634,-15.920625001069533,-8.235128590589367,-11.78181029099981,0
HK.00730,490,0.12399999797344208,0.125,-0.8000016212463379,2.070088252934624,601300.0,74561.19878143072,2.98284448079837,0.11995897486805916,0.12156487230211496,5.176161718653134,0.20720610498763775,5.176161718653134,1.810524492184544,9.709622463850467,0
HK.00731,490,0.4749999940395355,0.47999998927116394,-1.041665696538963,0.08943420561382072,4915890.0,2335047.7206990123,12.787452407435984,0.4015399995446205,0.24435999907553196,-22.13115034421193,186.1445856135028,117.88991076528264,120.93022611090927,159.56284064014085,0
HK.00732,490,1.0,0.9800000190734863,2.040814340536656,0.18324771699715353,2480776.7,2480776.7,2.228156113578836,0.9696818006038666,1.0150653025507927,-1.1680016305862158,8.001962382686898,-1.1680016305862158,-2.998233557958402,10.420981730390409,1
HK.00733,489,0.22200000286102295,0.24500000476837158,-9.387755697839003,12.058823529411764,10900.0,2419.80003118515,0.4583489634529829,0.23870000064373018,0.29380000025033953,-4.3103408409496256,-11.19999885559082,-32.72727453347401,-12.941173720662244,-39.178082997097825,0
HK.00736,490,0.2849999964237213,0.30000001192092896,-5.000004967053534,3.710206459781632,173167.55,49352.75113070458,9.443974123268815,0.4102000015974045,0.5641999991238117,-28.75000195577738,-39.361702734768905,-62.987012534624874,-58.69565254949367,100.7042162624342,0
HK.00737,490,1.9600000381469727,1.940000057220459,1.0309268214748768,2.3666940395609193,265128.55,519651.9681138515,1.674286801022564,1.9510000133514405,1.890144534111023,-0.5076137217272785,1.0309268214748768,4.255321442460307,5.376345326492771,16.362902381665336,1
HK.00738,490,0.2750000059604645,0.28999999165534973,-5.1724090091395505,2.440884820747521,13910.0,3825.250082910061,0.7272725597886052,0.3282000035047531,0.2680750003457069,-16.666668171834402,-3.508768627628134,25.00000338662756,15.546218329554826,15.062767558462745,0
HK.00743,490,1.9199999570846558,2.069999933242798,-7.246375893508207,,25075.0,48143.99892389774,0.1041665696538963,2.035040009021759,2.0357600122690203,-5.697448698727564,-5.697448698727564,-5.697448698727564,-5.697448698727564,-5.697448698727564,0
HK.00745,490,3.819999933242798,3.950000047683716,-3.2911420980146615,0.045347612154362206,342023.25,1306528.7921674848,4.901475504398216,2.402600017786026,1.0818500086665153,-8.830551764314531,445.7142854710014,607.4073669351194,430.5555252013395,2120.93011832128,0
HK.00746,490,4.340000152587891,4.380000114440918,-0.9132411143357496,0.5278587215457267,204300.2,886662.8991737366,3.3503671102289947,4.725927696228028,5.135238354206085,-13.888885209589802,-23.113371039288662,-19.51148205013832,-14.586751789249346,27.34721769533135,0
HK.00747,490,0.08100000023841858,0.08900000154972076,-8.98876536179935,1.0684757260970956,461900.0,37413.90011012554,7.200292309450412,0.09260000094771385,0.08521500062197447,-10.989008919655149,-33.606557927683326,5.194806074448718,-2.409634552598453,84.09091063028525,0
HK.00750,490,0.23000000417232513,0.22699999809265137,1.3215885924586208,0.3212677720543375,467868.0,107609.64195209742,6.603608536457245,0.23643999993801118,0.2506699986755848,-9.80391824580021,4.072399685012378,-11.538456688971031,-3.7656856548200146,-19.298243137387765,2
HK.00751,490,5.190000057220459,5.239999771118164,-0.9541930549938866,1.700342850023605,1120320.35,5814462.680605245,2.8822718346196146,6.122400016784668,5.275650011301041,-18.52433044800686,-24.233574752161275,30.07518909312086,0.19305461801614193,69.60784817878589,0
HK.00752,490,2.2200000286102295,2.190000057220459,1.3698616715036243,0.7037163553943523,759702.3,1686539.1277352571,2.090311693532051,2.397716927528381,2.523930542469025,-8.641976641062996,-16.96516807781559,-13.594754526498098,-12.627529057909948,14.439794869172932,1
HK.00753,490,4.320000171661377,4.28000020980835,0.93457850215429,0.8805876603611149,24330230.15,105106598.4245608,3.367410657567567,4.856400012969971,5.874900002479553,-16.116503074488538,-30.658103395899523,-32.49999832361939,-39.2405050557145,-27.027025067780148,1
HK.00754,489,2.640000104904175,2.640000104904175,0.0,,0.0,0.0,0.0,2.646000099182129,3.089050030708313,0.0,-13.725485154547446,-12.871282843831658,-10.2040798121586,-10.508472466735961,0
HK.00755,489,0.2849999964237213,0.2849999964237213,0.0,0.0,25622.5,7302.412408366799,1.9793096273542816,0.35050000190734865,0.37559999942779543,-28.75000195577738,-22.972974932219852,-20.83333747254461,-21.917811239116848,-44.117646715082785,0
HK.00756,489,0.6899999976158142,0.6899999976158142,0.0,0.0,20000.0,13799.999952316284,1.3163276768325893,0.7792000150680543,0.5788500054180622,-20.68965588114916,35.29411970950332,4.545450029951333,79.22078304094545,-19.76744347227268,0
HK.00757,490,0.06400000303983688,0.061000000685453415,4.918036591266588,0.9477986006409512,1190868.8,76215.6068200469,6.749532098712574,0.07185999996960163,0.08766500005498529,-11.111103062644071,-27.27272342428686,-25.581394341457496,-19.999994412064428,0.0,1
HK.00759,490,0.25,0.2150000035762787,16.27906783327278,10.274059910771191,473200.0,118300.0,5.75113537274017,0.2142199981212616,0.2407999986410141,19.04762276446209,19.04762276446209,5.485230528819569,10.619470952064876,106.61157136748018,1
HK.00760,489,0.17299999296665192,0.17299999296665192,0.0,0.0,61500.0,10639.499567449093,0.20348791121680537,0.16853999942541123,0.17087000139057637,0.5813878438583611,-3.888896615416608,-13.065330584131507,8.124998020939485,14.56953701201902,0
HK.00762,490,7.25,7.300000190734863,-0.6849341017596597,0.5845467342703631,29377192.6,212984646.35000002,2.2991641961177867,7.324984741210938,8.177616486549377,-4.4727866836991526,-1.8086893423239634,-20.239423076418664,-8.26544002789863,-17.697559716605546,0
HK.00763,490,27.979999542236328,27.540000915527344,1.597671067835399,1.1426369824465976,30507566.8,853601705.0987443,6.5229574549473215,25.11039981842041,29.49199996948242,2.191382030169965,9.984272621293012,-3.1833913094727313,1.3768085344728038,27.18181610107422,1
HK.00764,490,0.3149999976158142,0.36000001430511475,-12.50000413921128,7.428453382995005,71126.75,22404.926080420613,3.179495220446725,0.4638999980688095,0.8035750006139278,-28.409091063028523,-59.09090838719426,-70.56074932950348,-68.18181872915193,-32.97872374153828,0
HK.00765,490,0.14100000262260437,0.15000000596046448,-6.000001986821413,0.6070908207867897,158025.6,22281.61001443863,5.063166132765017,0.19335999995470046,0.2884943903982639,-28.787877077460827,-45.769227771363916,-55.937498195562476,-53.77049202753695,-53.00000099341071,0
HK.00767,490,0.38499999046325684,0.46000000834465027,-16.304351417576594,0.14769363654327627,548132.5,211031.00727260113,7.211273936709602,0.4420000004768372,0.5124749983847141,-3.750003818422499,-14.444444297272478,-31.250001995691225,-23.000001907348633,14.92536742481697,0
HK.00769,489,0.699999988079071,0.699999988079071,0.0,,0.0,0.0,0.0,0.699999988079071,0.699999988079071,0.0,0.0,0.0,0.0,77.2151820420113,0
HK.00771,490,0.7699999809265137,0.7699999809265137,0.0,2.670057215511761,162800.0,125355.99689483643,2.306049841964523,0.7910623633861542,0.7703677389025688,-4.77393896680496,6.562502294213485,5.308818336228313,10.509257924619058,20.962836936278112,0
HK.00772,490,23.31999969482422,22.899999618530273,1.834061499084431,0.6270870490035396,7508147.6,175089999.74069518,4.427637540497718,25.405199928283693,34.01379995346069,-14.516132302591345,-20.463847416271168,-36.52694983818686,-30.636524581481062,-12.985073288449907,1
HK.00775,490,0.6899999976158142,0.6899999976158142,0.0,0.6581551970208717,2970859.8,2049893.2549169182,2.525851366171005,0.7188000094890594,0.8332000014185905,-8.000000317891438,-13.750001583248354,-19.76744347227268,-16.86746849517443,-17.857140576352805,0
HK.00776,490,0.5899999737739563,0.5799999833106995,1.72413633637985,19.44732197336029,1420229.3,837935.2497530043,11.768489326846133,0.8053999996185303,1.106149998307228,-27.160497279342316,-26.250004377216037,-52.41935731965221,-53.54330845394748,-66.85393352488079,2
HK.00777,490,7.909999847412109,7.630000114440918,3.6697212158784893,3.4664442858539353,1667609.9,13190794.054542921,3.06939179108013,8.39885190963745,9.877026591300964,-8.859507092746053,-1.6839376702909261,-26.41427142797321,-21.879576281754474,-3.908620555625003,1
HK.00780,490,14.0600004196167,14.020000457763672,0.2853064233024121,0.8999904091139866,12521257.35,176048883.5951287,3.826270264879742,17.114399967193602,20.74995000362396,-21.099884060601884,-26.732673119713606,-34.299062288570624,-39.08145378642175,-35.946644169394105,2
HK.00784,490,0.75,0.7900000214576721,-5.063293717874323,0.43362000433620007,3923600.0,2942700.0,7.848432195330199,0.7301000016927719,0.2854400002397597,-16.666664459087173,255.45024459797582,463.9097688762698,772.0929936388504,1288.8888528624198,0
HK.00788,490,9.649999618530273,9.739999771118164,-0.9240262289817127,0.758769770080729,18237476.6,175991642.2329548,1.9279461452640385,10.466009082794189,10.970487399101257,-10.208425435715627,-9.228886375332774,-16.093924976937508,-14.513502695098301,-13.086330211644443,0
HK.00789,490,0.3199999928474426,0.3199999928474426,0.0,0.5852992342335018,248535.0,79531.19822233915,2.8816765715577612,0.34080000340938565,0.3845250016450882,-13.513516561230885,-13.513516561230885,-27.272728504228205,-17.948716773083888,-12.328771373571856,0
HK.00794,489,0.2849999964237213,0.2849999964237213,0.0,0.0,0.0,0.0,0.0,0.2735999983549118,0.215975000038743,0.0,49.21465809285577,45.40816524354238,42.49999608844524,69.64285730124534,0
HK.00797,490,1.0399999618530273,1.0,3.9999961853027344,4.558037348956426,1650600.0,1716623.937034607,6.513477859985482,0.7129999995231628,0.6370250004529953,82.45613594794862,79.31034341011542,73.33332008785725,107.99999237060547,235.48385608208676,3
HK.00798,490,0.17800000309944153,0.1770000010728836,0.564972892935831,0.12470771628994544,193000.0,34354.000598192215,1.2337134609665563,0.19490000128746032,0.224009999781847,-7.772020885405364,-19.457012476317438,-18.72145857739088,-17.59259329523649,-5.319144045567118,1
HK.00799,490,3.2699999809265137,3.3399999141693115,-2.095806438372543,0.5516481664968246,2801836.4,9162004.974559212,4.057008939691601,3.2323561811447146,3.2856389343738557,-3.254441709763057,28.595503489938977,2.8764027919511816,-0.5704916055220258,12.452787924990666,0
HK.00800,143,17.299999237060547,17.100000381469727,1.1695839247322322,0.3864269555047315,4418745.2,76444288.58876495,5.771021676052376,20.093199882507324,,-13.500003814697264,3.8415329862554124,-15.692013396056472,-25.94178602292346,,1
HK.00804,490,3.609999895095825,3.700000047683716,-2.432436525081473,0.8751984512488207,28314.95,102216.96652964354,2.096721293018207,3.722000002861023,3.4814326047897337,0.27777752022683677,3.735628600857019,37.26234745291006,-5.989583963916341,127.0917208251766,0
HK.00805,344,3.7699999809265137,3.7899999618530273,-0.5277039875413395,0.1227509091437279,9469325.0,35699355.06938696,16.43642952500953,1.8213999843597413,1.3056499963998796,114.20454553151427,219.49153800902494,214.16665259334832,301.06382877538516,199.20634995722656,0
HK.00806,490,2.0799999237060547,2.069999933242798,0.4830913423070096,0.8713721332372794,2022572.1,4206949.813689995,3.583328575910538,2.073563938140869,2.3438663095235825,-2.6100259244379047,-5.207086961529351,-5.626525537294181,-13.65018005068856,51.265299002973755,1
HK.00807,490,1.0,1.0,0.0,0.27501835086860776,922400.0,922400.0,1.2436222999480657,1.0392701983451844,1.0865603882074355,-1.960782480441495,-8.982883664186806,-8.982883664186806,-7.312848615108149,6.346315483879965,0
HK.00809,490,0.05900000035762787,0.05999999865889549,-1.6666638726988803,0.4772971040400429,5497400.0,324346.60196602345,4.8209654155612185,0.05973999947309494,0.07267999978736044,1.724141474711444,0.0,-25.316458680732357,-7.812503819877565,-20.270270814505515,0
HK.00811,490,9.6899995803833,9.699999809265137,-0.10309514513891053,0.5406236421078973,1534003.45,14864492.786806535,2.335686856177282,9.859432144165039,10.05902295589447,-3.5868895945833237,-1.2490357623908603,-3.312204003264701,0.904111956113712,-6.971169186435684,0
HK.00813,490,0.0820000022649765,0.08900000154972076,-7.865167598714749,1.1827921909221861,50762662.7,4162538.4563762383,8.066663858695113,0.1499799993634224,0.23722000055015088,-50.60240639399874,-52.60115283311999,-68.4615364335697,-57.068061560987914,-89.0666663646698,0
HK.00814,490,0.27000001072883606,0.29499998688697815,-8.47456856590309,0.02768549280177187,180850.0,48829.50194031,2.5691505033613136,0.29870000183582307,0.31117500111460683,-18.181818181818183,-8.47456856590309,-15.6249947613104,-14.285710230976514,8.000004291534424,0
HK.00815,490,0.3149999976158142,0.30000001192092896,4.999995032946466,1.1493303244296824,15955267.0,5025909.066959679,6.008023300533423,0.41970000028610227,0.5743249982595444,-29.213482544076296,-47.500002483526764,-48.360657339549675,-57.43243330320882,3.2786853209006517,1
HK.00816,490,2.4800000190734863,2.509999990463257,-1.1952179881974254,0.7432811711138941,954805.5,2367917.6582114697,2.9624400307920635,2.58,2.719476441144943,-9.818181124600498,0.40485790880267447,-11.428569239013012,-4.61538038310199,-8.333996470260931,0
HK.00817,490,1.5700000524520874,1.5800000429153442,-0.632910771622848,0.6890581254648516,58099697.35,91216527.8869504,5.032923894763651,1.6197999954223632,1.4890354073047638,-21.49999737739563,6.08108325802206,9.027777087909232,27.642278707825596,49.51496044756464,0
HK.00818,490,0.41999998688697815,0.42500001192092896,-1.1764764455773846,0.5693296602387512,1125900.0,472877.9852360487,3.8943285501485527,0.4245000010728836,0.4892999966442585,-1.1764764455773846,-10.638300435690931,-15.151518617962168,-16.00000262260437,0.0,0
HK.00819,490,5.639999866485596,5.659999847412109,-0.35335656299810947,0.5957283524761902,7130635.7,40216784.395957425,2.5947203822199993,6.8511999893188475,7.510899999141693,-12.01248048761473,-17.30205682514417,-25.298016900624233,-21.008403754191107,-7.692311894573882,0
HK.00821,489,0.26499998569488525,0.2750000059604645,-3.6363709268489552,0.12761822716845805,344120.0,91191.79507732391,6.614574523737785,0.2770199978351593,0.376259530633688,-19.696977222808385,-20.895528628688425,-28.37838316764853,-19.696977222808385,-11.666674945089223,0
HK.00822,490,0.41999998688697815,0.4350000023841858,-3.4482794057458057,1.93393508738237,1107700.0,465233.9854747057,8.497291451847081,0.3363000017404556,0.3503749996423721,7.692308280124724,39.99999006589293,7.692308280124724,9.09090838719426,7.692308280124724,0
HK.00825,490,0.28999999165534973,0.2849999964237213,1.754384313814067,0.41821968978299495,192719.2,55888.566391825676,4.461919640848279,0.3168000042438507,0.320000002682209,-6.451616314521787,-17.142858115994215,-3.3333399560713786,5.454540134461573,9.433965022643019,1
HK.00826,490,3.2699999809265137,3.299999952316284,-0.9090900552502553,0.4464447364812656,21756839.8,71144865.73102121,5.3985358823467795,3.4830000019073486,3.20364248752594,-7.887323243682798,-13.947367843168257,10.101008398194024,2.830185920753415,77.48608651845204,0
HK.00827,490,0.03200000151991844,0.03200000151991844,0.0,0.20046507898324112,4539200.0,145254.4068992138,9.270589456468253,0.04108000006526709,0.03618500010110438,-13.513510520219668,-47.54098170436671,-8.571424618059293,14.285716186372543,6.66667411724743,0
HK.00828,489,0.1860000044107437,0.19300000369548798,-3.626942565135252,0.0,307500.0,57195.00135630369,1.9267249935699289,0.21031999886035918,0.25665999881923196,-12.264147826830792,-25.599998235702515,-31.11111221490079,-27.058820435745023,-40.2553613545192,0
HK.00829,490,0.15299999713897705,0.14800000190734863,3.3783751129669097,0.15641414730944322,1666900.0,255035.69523096085,4.25991410042649,0.18194000005722047,0.24626499779522418,-19.895289306045118,-38.80000114440918,-41.1538450957755,-44.363638609894004,-44.61153247244213,1
HK.00830,490,0.7799999713897705,0.7900000214576721,-1.265829088137235,0.18312877459575297,486800.0,379703.9860725403,2.3654688202366323,0.852000002861023,1.1194166678190232,-9.302330416818046,-19.587634187256896,-38.09523989734377,-35.53719447940812,-46.07843436191824,0
HK.00831,490,0.3400000035762787,0.3400000035762787,0.0,0.45048873778155546,703500.0,239190.00251591206,1.698791654719289,0.3486526304483414,0.3165216167271137,-4.118735869109737,10.19189130740713,13.582422348140538,15.357147876781635,28.868489383450196,0
HK.00832,490,0.04500000178813934,0.0430000014603138,4.651163395125501,0.15246946228434705,787753.8,35448.922408613565,8.197586190873515,0.04882000051438808,0.07140000047162175,0.0,-19.642856430110296,-40.78946942747286,-35.714283433495744,-54.999998882412925,1
HK.00833,490,1.25,1.0700000524520874,16.82242417983177,1.8656463101522145,7170969.95,8963712.4375,12.923270600683809,0.6714850908517838,0.625503651201725,109.6107928640744,106.22999556691732,96.71169165046125,93.73119467871821,235.0884121100196,1
HK.00834,490,0.2849999964237213,0.28999999165534973,-1.72413633637985,1.4076246334310851,73000.0,20804.999738931656,1.2223130827662168,0.3033000022172928,0.3441750019043684,-5.000004967053534,-10.937499126885067,-47.22222498169641,-28.75000195577738,87.50000367627344,0
HK.00836,490,21.1200008392334,20.68000030517578,2.1276621255537123,1.2390777745998758,21142472.2,446529030.6074688,2.743597767737713,19.846399993896483,18.683817472457886,2.923978401972786,14.10048934672125,14.533623793697704,19.79581307203557,9.05667873684111,1
HK.00837,490,6.550000190734863,6.570000171661377,-0.3044137047785832,2.3988644428672816,38725.0,253648.75738620758,2.148515513322977,7.0047420883178715,7.187346985340119,-8.8259633964314,-11.504128425561133,-11.729592448520615,-12.17709704665845,18.246185352424757,0
HK.00838,490,0.9700000286102295,0.9399999976158142,3.1914926670751487,0.7717293233082707,5091450.0,4938706.645667553,6.083178624646808,0.8273055100440979,0.9212998956441879,15.35260127243051,15.35260127243051,-1.7789739322185052,16.70969021254074,40.87894144675442,1
HK.00839,490,1.9800000190734863,1.9800000190734863,0.0,4.123438002141368,12928436.05,25598303.62559035,3.9186313571744997,2.269599995613098,2.838149985074997,-2.941173720662243,-30.28168736221148,-27.47252728058723,-36.74121576103665,-26.11940411369897,0
HK.00840,490,0.18000000715255737,0.18000000715255737,0.0,1.3384615384615384,138700.0,24966.000992059708,1.7713059797504296,0.2009599992632866,0.21232499964535237,-0.5524790922706275,-21.052628483138257,-19.99999470180921,-16.27906783327278,10.429450544829413,0
HK.00841,490,0.18799999356269836,0.17599999904632568,6.818178739429488,0.013297607095603146,150503.0,28294.563031166792,4.246151079252074,0.1885799992084503,0.17677999947220088,2.1739093463565164,1.6216168323514677,3.2967018571514073,-31.636367458942427,129.26827849978747,1
HK.00842,490,1.190000057220459,1.159999966621399,2.5862147812329632,1.8631404174573054,1738350.0,2068636.5994691849,6.067762286081606,0.9746000027656555,1.2851000019907952,16.666674458123644,85.93751309672399,-30.813951312431882,-43.33332803514245,-51.22950699533775,1
HK.00844,490,0.44999998807907104,0.4699999988079071,-4.255321442460307,12.727272727272727,29400.0,13229.999649524689,2.017338252583046,0.4093000012636185,0.44419999986886977,7.142857649699376,2.272725117600642,-27.41935731965221,-11.76470656983444,52.54237562101224,0
HK.00845,489,0.009999999776482582,0.009999999776482582,0.0,,0.0,0.0,0.0,0.009999999776482582,0.009999999776482582,0.0,0.0,0.0,0.0,0.0,0
HK.00846,490,0.0820000022649765,0.0820000022649765,0.0,0.8448540706605223,67850.0,5563.700153678656,2.8320373716779192,0.09745999932289123,0.11573500003665686,-17.99999895691873,-26.785714523296566,-24.074073946320638,-24.7706383138119,-14.583331716453879,0
HK.00848,489,0.11299999803304672,0.11400000005960464,-0.877194759679889,0.10693757519048255,374900.0,42363.699262589216,1.5378660106219906,0.1172800000011921,0.1262499999627471,0.0,-11.71875572981635,-4.237290382967418,-10.317463320969706,-14.393940420190171,0
HK.00851,489,0.18199999630451202,0.18199999630451202,0.0,0.0,47000.0,8553.999826312065,2.7061308503717942,0.2043199998140335,0.2439699987322092,-2.6738021180047618,-24.166666511446234,-16.513761154339672,-28.627451094972407,-17.272728504228205,0
HK.00852,489,0.16599999368190765,0.16599999368190765,0.0,,0.0,0.0,0.0,0.16599999368190765,0.16599999368190765,0.0,0.0,0.0,0.0,0.0,0
HK.00853,490,7.0,7.0,0.0,0.7613259287434612,13001282.4,91008976.8,4.004118343344072,8.519799995422364,11.029000000953674,-20.09132628877214,-31.10236116998569,-34.518238776684704,-34.883720930232556,-5.020351306708523,0
HK.00854,490,6.0,5.699999809265137,5.263161417079773,3.0444444444444443,50300.0,301800.0,8.309430720337213,5.842199954986572,6.20779999256134,-10.846954190261426,22.699389853197534,11.111109148818315,3.2702247692202513,84.04908029301498,1
HK.00855,490,4.599999904632568,4.559999942779541,0.8771921569070334,0.2729075096317337,1222313.7,5622642.903431081,2.6336394713776254,4.808957557678223,5.391920435428619,-7.665906157064933,-10.969762349440927,-20.412366762331775,-10.463914454321639,-20.632604339147417,1
HK.00856,490,10.1899995803833,10.109999656677246,0.791295019018304,0.5978867025117496,8933432.65,91031674.95488249,5.513052509036704,9.692257270812988,8.845545263290406,-7.713317625435738,42.13136476645638,27.7815644557603,31.414410388993204,70.10281878252265,1
HK.00857,490,10.199999809265137,10.6899995803833,-4.583721144548395,0.9851158923684121,121691955.7,1241257924.9291015,3.4081647407241498,10.925600013732911,9.048924396038055,-4.135343231767321,-2.2051820630964807,18.05554865687009,19.718301188242314,65.85072097665687,0
HK.00858,490,0.07100000232458115,0.0689999982714653,2.8985566713310185,0.28140013726835966,1435000.0,101885.00333577394,3.7773910546623948,0.07533999994397163,0.08989000014960766,2.8985566713310185,-11.249995110556373,-19.318178739429488,-13.414633703118358,33.96227011883465,1
HK.00859,489,0.10000000149011612,0.10000000149011612,0.0,0.0,64700.0,6470.000096410513,1.999999552965171,0.12402000114321708,0.11824500009417534,-23.076919109158116,-24.812029696109306,7.526880772847906,-14.529912298386968,7.526880772847906,0
HK.00860,490,0.6399999856948853,0.6000000238418579,6.666660043928621,0.8404529794367112,154417.5,98827.19779103994,7.577895465869693,0.5503999960422515,0.6477999988198281,4.918027981350978,4.918027981350978,-13.513516561230885,-4.477616454795883,-26.436783656653134,1
HK.00861,490,2.0999999046325684,2.1500000953674316,-2.325590163581752,0.16070481441093415,2891360.1,6071855.9342584135,6.029933159374026,2.2327999830245973,2.6901999926567077,-16.000003814697266,-16.666669820351597,-24.731185184754747,-21.0526377115976,-31.587501755353987,0
HK.00862,489,0.5699999928474426,0.5699999928474426,0.0,0.0,58616.5,33411.40458074212,5.047974939251663,0.466000000834465,0.46759999826550486,23.913039675507136,26.666668432730262,39.0243897120347,23.913039675507136,103.57142515024363,0
HK.00863,490,10.119999885559082,10.430000305175781,-2.972199525851065,0.7198067810274896,1875008.05,18975081.251422357,5.449228624451489,12.58480001449585,15.316599993705749,-15.946844538016478,-36.591479565346795,-32.98013490133387,-40.40047020975219,-17.320260826813833,0
HK.00864,489,0.1899999976158142,0.1899999976158142,0.0,0.0,4600.0,873.9999890327454,0.0,0.21425999879837035,0.17576499961316586,-11.627909555636291,-12.844035693886942,63.793106106033584,39.70587300749025,11.764703304297399,0
HK.00865,490,0.05299999937415123,0.05900000035762787,-10.169493130691013,0.41447439063674435,5083200.0,269409.59681868553,9.426313652163861,0.03987999975681305,0.03835499985143542,32.50000139698389,35.897431488808415,43.24323970571415,43.24323970571415,35.897431488808415,0
HK.00866,490,1.75,1.7699999809265137,-1.1299424374029994,0.3580236978565886,18368826.8,32145446.900000002,8.219895490860859,2.7599999928474426,3.0467500036954878,-42.99674143147295,-53.94736784316826,-37.27598480547265,-33.71212384616476,38.54167217181811,0
HK.00867,490,10.300000190734863,10.350000381469727,-0.4830936124831633,1.0583179057673198,6021744.75,62023972.07355666,4.117553671245315,12.41763916015625,13.353841247558593,-17.66586728787379,-21.648049100202744,-20.208195518173426,-20.512512159186745,-1.4932164665429288,0
HK.00868,490,9.34000015258789,9.430000305175781,-0.9544024355809706,1.3688476445273414,10316592.5,96356975.52418709,3.7812777521538887,9.877944717407226,9.228953742980957,-11.812188966136878,-15.558223026410461,8.062523267697188,12.390122494526638,31.179076711571717,0
HK.00869,490,0.4749999940395355,0.4749999940395355,0.0,0.11811986484961304,770697.65,366081.37915628403,1.0390725291403564,0.4697000002861023,0.48790666699409485,0.0,18.749996740371035,-8.653843949532288,18.749996740371035,-10.546143534714709,0
HK.00871,490,0.06400000303983688,0.06499999761581421,-1.5384532502413988,1.5320275277924829,430925.0,27579.20130994171,3.709733471550446,0.07439999997615815,0.07291500004008412,-18.987341652770706,-22.89155966779745,-12.328761670620239,0.0,-27.27272342428686,0
HK.00873,490,0.550000011920929,0.5299999713897705,3.7735927567532066,1.2146375449625717,800454.5,440249.9845421612,3.880696057679163,0.5758000004291535,0.6432500034570694,-9.836065733954968,-8.333334989017844,-15.384610446952324,-6.779654852722472,-30.37974721746286,1
HK.00874,490,15.220000267028809,15.229999542236328,-0.0656551248067291,0.5132130732076214,1185184.75,18038512.21147847,1.9503486991808476,16.49359992980957,18.107154150009155,-9.458651097133973,-18.259937803228212,-20.397491637144498,-16.143247455003124,-8.391229341666792,0
HK.00875,490,0.4399999976158142,0.4099999964237213,7.317073525310204,0.5093454274575386,1631256.2,717752.7241107821,10.288235914520664,0.6051000046730042,1.0535000002384185,-29.03225899486958,-42.10526274512018,-74.2690065613907,-69.65517357611908,11.392401434102805,1
HK.00876,490,0.07000000029802322,0.0729999989271164,-4.109587223540079,1.7352928574489053,2415400.0,169078.0007198453,9.278686919659965,0.10293999955058097,0.09735499990172684,-32.692308794464566,-65.00000037252902,11.111109797075754,-7.89473348831195,399.9999866953922,0
HK.00878,490,6.78000020980835,6.760000228881836,0.29585769599628914,0.5211564710261819,41295.0,279980.1086640358,1.2638436504452988,6.910331296920776,6.359503428936005,-2.9864435977303017,0.5593723385912386,12.758381823769069,9.17874666924256,23.266329632546697,1
HK.00880,490,1.7999999523162842,1.7799999713897705,1.1235944521335182,1.109953970987514,9277485.45,16699473.367615018,2.7871554996979695,2.0119999766349794,2.5217500108480455,-8.629445371829501,-24.369753539313617,-31.818186333685034,-25.61983902608575,-22.413792926264428,1
HK.00881,490,6.050000190734863,6.139999866485596,-1.4657927965435984,0.41477283219220856,12727111.75,76999028.51500392,4.6068517827538145,7.190400018692016,11.170950009822846,-15.620639799741697,-38.827098273868835,-47.664360111368694,-48.068666190238794,-46.01547130692411,0
HK.00882,490,2.1600000858306885,2.130000114440918,1.4084492853487425,2.361991440489734,480275.0,1037394.0412223339,2.1639818246179705,2.3626000022888185,2.528671760559082,-8.47456856590309,-19.101122692518977,-13.253008933419649,-11.83673290648299,12.462175415206922,1
HK.00883,490,26.700000762939453,27.059999465942383,-1.3303721733476852,0.8877923426984238,91159808.5,2433966956.4994144,2.628550101214174,27.278800010681152,23.15327121734619,0.37594127832941504,-3.2608681380110456,25.824701352069333,22.14089669465042,58.769850073336904,0
HK.00884,490,0.057999998331069946,0.057999998331069946,0.0,0.2816209667837635,74811968.15,4339094.027844058,5.440251487777658,0.06779999978840351,0.14659999983385205,-17.142859879805105,-23.684210268331686,-70.25641002128344,-63.75000023283065,-76.32653175419142,0
HK.00887,490,0.24199999868869781,0.24300000071525574,-0.4115234665080153,1.1741409244777243,4937197.5,1194801.7885258421,4.620413156049717,0.2858999952673912,0.28108472175896165,-17.349729835034786,-25.857839444727187,-4.8742087711379485,9.126981193869506,-44.20944470064194,0
HK.00888,490,0.054999999701976776,0.04699999839067459,17.0212799685744,0.02967359050445104,268200.0,14750.999920070171,6.665540575523337,0.05527999997138977,0.08059500018134713,3.7735855687594055,-37.5,-32.92683148440821,-37.5,-19.117651892677458,1
HK.00889,490,0.7200000286102295,0.7200000286102295,0.0,0.9104599857327803,7902600.0,5689872.2260952,21.156749863314246,0.4177000063657761,0.3702500021457672,97.26027665699274,89.4736941171156,102.816915597218,94.59459981925295,161.81818654714527,0
HK.00893,490,0.06599999964237213,0.06599999964237213,0.0,1.752924846321634,211050.0,13929.299924522638,3.0536528688813136,0.07730000004172326,0.08425499998033047,-10.810812443516545,-24.137929262644278,-20.481925115198997,-19.512197781289846,26.923073616606313,0
HK.00894,490,8.199999809265137,6.179999828338623,32.68608474168118,1.4687016205714385,29983774.3,245866943.5410489,27.34665620052913,1.7826000106334687,0.995550000667572,763.1578854906921,912.3456524850537,964.9350665435559,951.28206538966,2113.116026012724,1
HK.00895,490,1.649999976158142,1.6699999570846558,-1.1976036790700246,0.7881539427069352,1254796.7,2070414.5250833153,4.11359862957623,2.0097999739646912,2.313799994587898,-20.673075159625828,-28.260869114520638,-32.37705174327948,-23.61111525032239,-26.666667726304794,0
HK.00896,490,0.2800000011920929,0.25999999046325684,7.6923121009354265,0.191464171113639,122266.05,34234.49414575249,4.732516239355135,0.2611399978399277,0.25099499806761744,0.0,26.696832640204587,3.70370002440479,15.226337599971155,12.000000476837158,2
HK.00897,490,0.33000001311302185,0.33000001311302185,0.0,2.321024741653835,26600.3,8778.099348810314,0.8284595245646122,0.3388000017404556,0.37452499955892565,-7.042247017941754,-2.9411736347271384,-21.428565853306864,-15.384608918628043,-5.714280362031807,0
HK.00898,489,0.9399999976158142,0.9399999976158142,0.0,0.0,8200.0,7707.9999804496765,0.49450533615479464,0.9695233941078186,0.9995649668574333,-2.901099528973838,-10.09361662051605,-0.9194921787092467,-3.8624763635097885,15.076961896631728,0
HK.00899,490,0.18199999630451202,0.1860000044107437,-2.150541941600428,0.09740787893369543,82661.1,15044.3198945269,1.7664097607074654,0.1919200003147125,0.2132002042979002,-8.08080944914245,-11.219513223399593,-16.513761154339672,3.999999659402024,-80.43010807475653,0
HK.00900,490,8.449999809265137,8.430000305175781,0.23724203280368023,0.4555483613155031,150170.65,1268941.9638572216,1.1472985783039302,8.403400077819825,7.61489494562149,-1.2850537962530628,9.882961591542285,13.728129266385054,15.912206494953834,42.43847114989291,1
HK.00901,10,59.0,60.900001525878906,-3.1198710644884264,,,,,,,,,,-3.594772443649536,,0
HK.00902,490,7.230000019073486,7.190000057220459,0.5563276986744656,0.596909112775986,55675096.45,402530948.3954182,4.069528478779618,6.509800024032593,6.062300009727478,6.9526593828147325,18.719209161286525,16.612907120886376,24.87046747336424,54.70606691198715,2
HK.00907,489,0.061000000685453415,0.061000000685453415,0.0,,0.0,0.0,0.0,0.06076000034809113,0.06163000037893653,0.0,8.92856929033089,3.389831043563671,15.094342275037622,-47.41379099939008,0
HK.00909,490,1.75,1.75,0.0,0.7221951962282771,7487290.2,13102757.85,5.190175382168927,2.013874135017395,2.7996292400360105,-19.14110157761192,-20.876273129171295,-42.74587555644097,-44.96767577315205,-30.951957635165655,0
HK.00910,489,0.014000000432133675,0.014000000432133675,0.0,,0.0,0.0,0.0,0.014000000432133675,0.014000000432133675,0.0,0.0,0.0,0.0,0.0,0
HK.00911,490,0.7300000190734863,0.7599999904632568,-3.9473647060816504,0.12102618098860236,391998.75,286159.0949767828,8.687689999881568,0.5976999998092651,0.36110999926924703,-18.888884620901866,147.457644583953,156.14036078378226,160.71429141626064,280.2083399625391,0
HK.00912,490,1.0700000524520874,1.0800000429153442,-0.9259250061011975,1.4746543778801844,63900.0,68373.00335168839,1.384841114358596,1.0836000061035156,1.1261406773328781,-0.9259250061011975,0.0,-1.9872674673756288,-0.9259250061011975,8.057424051072173,0
HK.00914,490,18.260000228881836,18.209999084472656,0.2745807079793583,0.9288495503982904,8578930.0,156651263.76356125,2.639757164825909,19.34353569030762,21.900572490692138,-6.846534721866794,-19.57803560710462,-17.042842846364472,-16.6046889363719,-2.6274371876469718,1
HK.00915,490,0.054999999701976776,0.054999999701976776,0.0,0.039468963042698244,279000.0,15344.99991685152,3.7519996022841964,0.05615999944508076,0.06150500003248453,0.0,-14.062504547473292,17.0212799685744,9.999997764825855,-54.54545454545454,0
HK.00916,490,6.269999980926514,6.360000133514404,-1.415096709096426,0.631398241806804,28136252.4,176414302.01134357,3.890585071298876,6.680694246292115,7.064487328529358,-8.60058514730132,-17.15227314640702,-8.147087961147388,-6.244809260279661,2.590064733478607,0
HK.00917,247,9.869999885559082,10.699999809265137,-7.757008771040885,0.916988473078346,7862480.0,77602676.70021057,8.66889458095462,14.713799934387207,34.169899978637694,-35.825748945920154,-47.83298178774415,-69.46163372910031,-57.82051262196129,,0
HK.00918,490,1.100000023841858,1.0800000429153442,1.851850012202395,0.24052163533558227,24528109.7,26980921.254795704,10.855162873150284,0.9213999950885773,0.6727500009536743,11.11111244903803,29.411763880904594,86.44069029455505,92.98246274474373,61.76470768699183,2
HK.00919,490,0.09600000083446503,0.10000000149011612,-4.000000596046439,0.2597402597402597,106000.0,10176.000088453293,4.459698712135469,0.09093999981880188,0.08462500024586916,4.3478267911701876,7.865167598714749,29.729729185494485,23.076921607380584,11.627904156080996,0
HK.00921,490,24.860000610351562,24.899999618530273,-0.16063858952409046,1.1950856581419083,1531490.15,38072846.063747406,3.6533534582625498,22.468800048828125,23.451100044250488,4.191114729335565,8.844135044958811,-0.4006349270393271,5.338983934386562,1.9821968932901197,0
HK.00922,490,0.11100000143051147,0.10899999737739563,1.8348661479239674,3.33209369789529,1135385.05,126027.74217418135,3.0614723169369884,0.13148000091314316,0.13558200061321257,-17.16418010032262,-13.281253001332374,-20.143883041106196,-3.478261376599048,-21.757519107955446,1
HK.00923,489,0.01899999938905239,0.01899999938905239,0.0,0.4510955176858084,1387300.0,26358.699152432382,7.441515978275888,0.018799999356269838,0.019474999653175472,5.555556705336561,0.0,-9.523811213283604,-9.523811213283604,26.666665424903208,0
HK.00924,489,0.08399999886751175,0.08399999886751175,0.0,0.0,58800.0,4939.199933409691,4.015180119451102,0.1311200012266636,0.1834650007635355,-31.707319880250395,-56.4766853579726,-11.578947450975964,-39.13043407839501,-81.3333330904996,0
HK.00926,489,2.440000057220459,2.440000057220459,0.0,0.0,1253.75,3059.1500717401505,0.10146731484182563,2.470600028038025,2.536576918363571,-2.7888419724606592,-2.008030205814598,2.092048122244283,2.092048122244283,18.790553819164135,0
HK.00927,489,0.5400000214576721,0.5400000214576721,0.0,0.0,11800.0,6372.000253200531,0.5626780702978991,0.5155999886989594,0.6221889886260032,5.882359128509954,-10.0,-18.2349106551146,-15.6249947613104,-2.1739067055550994,0
HK.00928,490,0.05999999865889549,0.057999998331069946,3.448276526508396,1.3571923438841034,1321849.6,79310.97422726155,6.041201033204614,0.07594000034034253,0.0922849996201694,-25.925927799643034,-44.9541283463019,-28.571429204981353,-38.77550997134796,-20.000004967053535,1
HK.00929,490,1.2100000381469727,0.7419999837875366,63.072784984513234,31.628685433178465,2927777.1,3542610.402685833,8.265336823403157,0.6509490716457367,0.6844981648027897,63.072784984513234,93.17854446775543,60.9821127302818,56.95755617801175,170.03449717055094,3
HK.00931,490,0.33000001311302185,0.33500000834465027,-1.4925358528601556,0.20996029246880776,4978875.5,1643028.9802881032,4.510316779187798,0.38539999842643735,0.4317000000178814,-16.455695151977128,-10.810808416175734,-20.4819229521621,-31.958762189763977,20.00000216744158,0
HK.00932,490,0.027000000700354576,0.027000000700354576,0.0,0.22107269262183502,3531000.0,95337.00247295201,3.095746933364437,0.028640000112354756,0.03442500002682209,-3.5714290465931358,-9.999995653827888,-49.05660185059772,-28.947364293307015,3.846154397232281,0
HK.00933,489,0.4399999976158142,0.4399999976158142,0.0,0.1267680033207332,3156932.95,1389050.4904732853,5.107023937189929,0.54251360476017,0.6036245609819889,-21.470339368003234,-26.61982659079053,-28.949356465904767,-30.059519720828337,42.101287068190466,0
HK.00934,490,3.6500000953674316,3.640000104904175,0.27472500480930867,0.4612670199953096,2017075.2,7362324.672363281,1.6795224980921157,3.8532734632492067,3.9919175505638123,-4.323070479225535,-15.214860838309663,-7.356727440804188,-9.777340673943236,-8.169921644086758,1
HK.00936,490,0.2800000011920929,0.2800000011920929,0.0,1.465648854961832,347500.0,97300.00041425228,11.514778683048668,0.26999999821186066,0.3275449996441603,3.70370002440479,-5.084741139541855,-39.78494644330436,-24.324324977406615,177.22771429989882,0
HK.00938,490,0.4350000023841858,0.4300000071525574,1.1627895694091224,0.5621954347268531,312960.0,136137.60074615479,4.164572209370644,0.446599999666214,0.47220000088214875,-9.374997477667971,12.987016405056456,-10.309280504365887,50.000005138331595,-33.076920255401326,1
HK.00939,490,8.6899995803833,8.760000228881836,-0.7990941400633997,0.9562379753727076,260597490.55,2264592083.5284414,1.690206857413715,8.652999954223633,7.946408140659332,-1.6968390227988572,9.308173444932025,8.569484410448503,11.410248306219435,26.61300138727707,0
HK.00941,490,82.30000305175781,82.4000015258789,-0.1213573692588923,0.48882674371041224,20781833.1,1710344927.5511217,1.1312628726003586,81.10590225219727,81.05961261749268,-1.5984377220647858,7.779095749634016,-3.171061114144089,1.6442811142814147,2.3018525190414305,0
HK.00943,489,0.17000000178813934,0.17000000178813934,0.0,13.880630806959783,80060.1,13610.217143158616,1.5352594659424323,0.18114000111818312,0.20442999988794328,-11.458333171645387,-22.727271495771795,-14.572863832440861,-12.820508705793602,-12.594156495628866,0
HK.00945,490,303.6000061035156,302.0,0.5298033455349751,1.5407956379217604,11090.7,3367136.5876922607,1.025745546202282,294.8698486328125,271.8112475585938,-2.8452845460332195,8.218600950609181,14.189066419258447,7.333310676348752,23.557876755415673,2
HK.00947,490,0.19499999284744263,0.20200000703334808,-3.46535343672034,0.5192553070946828,989015.0,192857.91792601347,8.655496954369966,0.2033199992775917,0.1793300001323223,-9.302330416818046,-30.357145708130318,24.999992835980343,47.727268109144234,72.5663683555243,0
HK.00948,490,0.2750000059604645,0.2240000069141388,22.767856014341305,8.827586206896552,52250.0,14368.750311434269,3.3537327810879662,0.24925999969244003,0.2663150003552437,17.521371385720126,-8.333334989017844,3.7735927567532066,30.95238787922481,-8.333334989017844,1
HK.00950,490,1.0700000524520874,1.059999942779541,0.9434066238083006,1.520145953801911,857000.0,916990.0449514389,5.361466389667384,1.1369820618629456,1.5817404699325561,-4.892865002772427,-17.764512771047954,-35.2821325101724,-29.436646358835418,-25.285473187399983,1
HK.00951,490,1.5,1.5,0.0,0.4212197627720183,1978950.0,2968425.0,4.982970177900723,1.7251519393920898,1.4589647096395493,-25.269022709396083,11.827639723538597,11.028871502705062,10.241433318623274,22.530954303025464,0
HK.00952,490,0.0989999994635582,0.10499999672174454,-5.714283281442994,0.341391751754377,452961.65,44843.203107012436,2.6637225762800774,0.12808000013232232,0.13786108668893576,-27.205886703409714,-30.28169280123877,-29.787235728967964,-30.28169280123877,-45.141970547583874,0
HK.00953,490,0.19099999964237213,0.18000000715255737,6.111106695952414,0.26062003104859577,2073500.0,396038.4992584586,6.136452791875158,0.20298000007867814,0.27647000037133695,-1.036271510269718,-26.538458981457453,-34.13792926264428,-36.33333598242855,59.16666992629575,1
HK.00954,490,0.32499998807907104,0.3149999976158142,3.174600171093715,1.1304347826086956,48600.0,15794.999420642853,0.8359434202451523,0.3284999984502792,0.3118499997258186,0.0,-1.515159040990203,18.18181128541315,14.03508496746789,12.068964631322139,1
HK.00956,490,3.390000104904175,3.430000066757202,-1.1661796231638033,0.5235751854393949,7952954.65,26960517.097798146,2.6637352122704394,3.7687999629974365,4.133900001049041,-11.948047042154265,-20.979017831042253,-23.99102968813781,-14.824118375422998,-15.647825607714887,0
HK.00959,489,0.7200000286102295,0.7200000286102295,0.0,,0.0,0.0,0.0,0.7200000286102295,0.7200000286102295,0.0,0.0,0.0,0.0,-13.25300685690411,0
HK.00960,490,7.989999771118164,7.989999771118164,0.0,0.6276911632146934,18702535.0,149433250.36932945,4.931961372913383,8.222400007247925,9.520519831180572,-19.455648088027218,-13.98306215839617,-20.200138719056575,-7.782755714485569,-17.150783970798894,0
HK.00966,490,19.770000457763672,19.479999542236328,1.4887111003189033,1.3123785352098,9768984.45,193132827.0483862,3.8423874410169687,21.471600074768066,19.94139995098114,-18.238212538269238,-11.583184623836058,12.138408388353078,2.3821905983612606,67.66816721630383,2
HK.00968,490,2.4200000762939453,2.440000057220459,-0.8196713302251629,0.8786280555733177,59352142.3,143632188.8942091,4.55340179585301,2.907495183944702,3.2528948175907133,-22.45478923927628,-21.95610289519012,-22.70174719272428,-20.680876495954188,3.748682087583489,0
HK.00969,490,0.08900000154972076,0.0860000029206276,3.488370380477747,0.04782400765184122,209600.0,18654.400324821472,3.477748013405729,0.10136000096797942,0.12213500034064055,-10.999999776482586,-30.468752091837715,-33.58209005016131,-24.57627033029813,7.228921611002299,1
HK.00970,490,0.3700000047683716,0.36000001430511475,2.7777750183035925,2.6499302649930265,201200.0,74444.00095939636,6.542671993422197,0.43480000376701355,0.5239750015735626,-12.941177790552649,-14.94252810564519,-31.481483321130938,-28.846150319251656,-24.489796414865836,1
HK.00974,490,0.7699999809265137,0.7900000214576721,-2.5316506313829312,2.3376623376623376,23050.0,17748.49956035614,4.7673986376904205,0.8319999992847442,1.0409500008821488,-4.938274239498084,-23.76237740622773,-28.703708302827348,-30.000003251162372,-16.304351417576594,0
HK.00975,490,7.809999942779541,8.100000381469727,-3.5802521608963875,0.6244007402199256,3347088.9,26140764.117478035,5.588465309420896,9.383200006484985,10.797200000286102,-13.701659909629612,-38.40694199674728,-17.875922662329703,-27.213417744920104,27.198698902412477,0
HK.00976,489,0.4300000071525574,0.4300000071525574,0.0,,0.0,0.0,0.0,0.4300000071525574,0.4300000071525574,0.0,0.0,0.0,0.0,0.0,0
HK.00978,490,0.25999999046325684,0.26499998569488525,-1.8867907552966041,0.024030817119874526,417458.8,108539.28401880265,3.3376817527282205,0.26147999972105024,0.27837499968707563,-11.864406094746942,-3.7037110623015317,-10.344828294942289,-1.8867907552966041,22.06572349545144,0
HK.00979,490,0.3149999976158142,0.33000001311302185,-4.545459060957758,0.7071240105540897,192400.0,60605.999541282654,3.7048100442928216,0.2863999992609024,0.28938499979674814,8.620691958562439,-17.105262745120182,43.835617463644056,14.545451195772102,29.098358227941716,0
HK.00980,490,0.2800000011920929,0.2750000059604645,1.8181800448205245,0.25773195876288657,27510.0,7702.800032794476,3.6613399085789067,0.3048000025749207,0.3564750018715859,-15.151518161850626,-21.12675784386655,-22.22222498169641,-12.49999767169351,-21.12675784386655,1
HK.00981,490,75.0,72.55000305175781,3.3769770436733655,0.588360567385284,163039288.35,12227946626.25,7.522125833776744,67.95300003051757,69.03599983215332,-2.088770895552491,19.90407820111194,10.21307367606747,-0.1331537631862303,84.95684688312886,1
HK.00983,490,0.3199999928474426,0.3199999928474426,0.0,0.42402826855123676,28300.0,9055.999797582626,1.3590206625525185,0.33420000076293943,0.3710500004887581,-15.789474509759632,-15.789474509759632,-11.111116630059483,-5.882356034843122,-17.948716773083888,0
HK.00984,490,0.23999999463558197,0.23199999332427979,3.448276526508396,0.8333333333333334,38925.0,9341.999791190028,3.3999150943072003,0.29963999837636945,0.38045999892055987,-18.644065998710722,-36.84210588231973,-40.00000223517415,-37.66233751154163,-40.00000223517415,2
HK.00986,489,0.33000001311302185,0.3400000035762787,-2.9411736347271384,0.0,113896.95,37585.99499353319,10.195325376245645,0.46599999964237215,0.7908999980986118,-24.99999661337244,-53.52112350897088,-67.32673106643688,-62.49999830668622,-69.44444444444444,0
HK.00987,490,0.20800000429153442,0.2160000056028366,-3.703704214717449,2.38331446152281,2041887.2,424712.5463628292,3.640175126213584,0.19942000031471252,0.15457000005990268,-7.555551199265354,36.84211248671272,54.074071130634934,55.22387993311825,68.38767912154857,0
HK.00989,490,0.7900000214576721,0.699999988079071,12.857147844470362,0.3712760589383867,299775.5,236822.6514324844,10.909444859448762,0.6385000020265579,0.7136250008642674,29.5081972018649,12.857147844470362,3.947372548798166,9.722220842485129,14.492757128607561,1
HK.00990,490,0.7200000286102295,0.75,-3.9999961853027344,0.13377264371451192,38541192.2,27749659.486672357,5.960630688701922,0.7957999956607819,0.7868499994277954,-5.2631529414422,-14.285708203607486,-1.3698616715036243,0.0,48.45360976778769,0
HK.00991,490,2.940000057220459,2.8499999046325684,3.157900196473647,0.3213040582283585,189269029.25,556450956.8250607,7.119152523390235,2.804199995994568,2.46199962079525,-12.23880176369971,15.294122046940412,28.947372548798167,34.24657444766908,62.36739451784652,1
HK.00992,490,25.3799991607666,24.559999465942383,3.3387610450127294,0.7215829113178128,259542135.3,6587179176.097572,7.157705593449681,14.11359992980957,11.14950421333313,89.26174086172334,170.86445539750662,162.85480229387053,165.75914820807597,191.6646674640097,1
HK.00993,490,0.09200000017881393,0.09700000286102295,-5.154641788385083,0.8050391618008917,411871.0,37892.132073648274,5.709850555411289,0.1069599997997284,0.1476950003951788,-9.803919706698395,-23.96694158898718,-42.85714219604431,-38.25503506723174,-27.559057289213694,0
HK.00994,490,0.3449999988079071,0.3499999940395355,-1.4285700905079517,0.8271474019088016,2250600.0,776456.9973170757,6.29671016912043,0.35239999890327456,0.32551499985158444,-1.4285700905079517,4.545450029951333,25.454542301903153,16.94915733677141,41.39344054555838,0
HK.00995,490,16.989999771118164,16.229999542236328,4.682687925554406,1.4451981057173147,1991225.15,33830914.84274473,3.8470257004146844,15.607599983215332,13.526649980545043,8.562301503197947,22.937772404446246,20.411057296362312,33.04619547440105,46.08258579529306,2
HK.00997,489,0.019999999552965164,0.020999999716877937,-4.761905606641802,6.17911615174032,392440.0,7848.799824565649,3.606120691223576,0.022199999913573264,0.028230000110343097,-16.666669253673795,-31.034482315661073,-41.176475099832295,-39.39394042019017,-23.076926383393687,0
HK.00998,490,7.639999866485596,7.630000114440918,0.13105834724368753,1.304823639154297,33988224.15,259670027.9680825,2.550840012726689,7.797078371047974,7.114938135147095,-8.174275062223,10.113598385006522,7.844778548971744,11.363113494000926,19.73541278129029,3
HK.00999,350,7.0,6.989999771118164,0.14306479555486792,0.21696257050491066,1335719.7,9350037.9,3.908671770758977,6.77101300239563,8.74762181520462,1.449273960151203,-10.593938685249405,-29.121877972353786,-18.162166646077218,-13.879481312691563,2
HK.01000,489,0.5099999904632568,0.5600000023841858,-8.928573519295567,0.2112676056338028,10050.0,5125.499904155731,6.1560802730944175,0.6296999990940094,0.6553249976038933,-21.538460127700667,-29.166670805877942,-16.393446147009282,0.0,1.9999980926513672,0
HK.01001,490,0.4350000023841858,0.4300000071525574,1.1627895694091224,0.03566015868770616,523850.0,227874.75124895573,3.636448350420939,0.38739999890327453,0.38760204896330835,24.285717083483373,11.538466240997789,10.126579890857109,8.749998975545182,26.387251148909836,1
HK.01002,490,0.0729999989271164,0.07699999958276749,-5.194806074448718,3.1955922865013773,523500.0,38215.49943834543,7.812921508560181,0.058380000144243244,0.05506000025197864,19.67212804396673,28.07017348938335,35.185179691787425,40.38461042490947,23.72881099089438,0
HK.01003,490,0.20900000631809235,0.2029999941587448,2.9556710995053326,0.5162098652187678,9404400.45,1965519.7534678704,10.32835563424583,0.24177999943494796,0.29430999912321565,-9.130433684035395,-12.916662087663905,-33.65079114286325,-35.69230338948702,-49.63855168178817,1
HK.01004,490,0.2240000069141388,0.24400000274181366,-8.196719509400037,1.1804633318577542,35885.0,8038.240248113871,1.8132380474932617,0.2889000004529953,0.36870000407099723,-21.403505359660183,-31.07691842141219,-63.870966904617376,-56.923074013382625,-25.333333995607138,0
HK.01005,489,0.4350000023841858,0.36500000953674316,19.178079731089976,2.2099447513812156,20100.0,8743.500047922134,3.692731222048995,0.40120000541210177,0.4387364110350609,19.178079731089976,-2.2471889042670363,7.4074076799480775,-2.2471889042670363,-12.810458125397533,1
HK.01007,489,0.6700000166893005,0.6700000166893005,0.0,,0.0,0.0,0.0,0.6700000166893005,0.6700000166893005,0.0,0.0,0.0,0.0,0.0,0
HK.01008,489,0.18299999833106995,0.18299999833106995,0.0,0.002703433360367667,657600.0,120340.7989025116,3.8127757865505005,0.17562480181455611,0.18541605055332183,-3.9521354654984115,6.234759635517565,3.110210242558634,6.234759635517565,-21.993134132644656,0
HK.01009,490,1.3799999952316284,1.399999976158142,-1.4285700905079517,0.2557544757033248,227100.0,313397.9989171028,4.088241878134504,1.1966000008583069,1.1794000098109245,16.94915733677141,42.26803654932131,14.999995032946467,15.966380577742283,17.948721867498158,0
HK.01010,489,0.07100000232458115,0.07699999958276749,-7.792204273633701,1.2735849056603774,90200.0,6404.200209677219,3.8242217920717865,0.07706000030040741,0.09184000018984079,-11.249995110556373,-19.318178739429488,-31.06795898795364,-24.4680800471384,-29.702970443105194,0
HK.01011,490,0.4699999988079071,0.4300000071525574,9.302323486045513,1.1409859551280412,183557.5,86272.02478118241,3.1948863120885838,0.6348000007867813,0.792800000756979,-26.562498544808445,-36.48648746610993,-41.975308959939426,-44.705884044145584,5.617978957818797,1
HK.01013,490,0.5,0.47999998927116394,4.166668994973155,1.421888552375265,181322.5,90661.25,12.020513965181927,0.7410000020265579,0.3811150002479553,-37.50000093132256,-29.577462660417304,176.24310265566692,163.15789803903854,228.94737899840075,1
HK.01020,490,0.20399999618530273,0.21400000154972076,-4.672899669159408,1.2945285215366706,6602800.0,1346971.174812317,8.270421660587507,0.2748800012469292,0.2369550012052059,-16.73469705514135,-44.109591546526566,72.88135165149063,-9.734513391034234,229.03225728922158,0
HK.01021,47,18.889999389648438,19.8700008392334,-4.932065466499347,0.5194508855797398,1345197.4,25410778.064956665,6.7255149029006684,,,-0.7356872934603602,,,2.6630422895481747,,0
HK.01022,490,0.5199999809265137,0.5199999809265137,0.0,0.373087924387514,606000.0,315119.9884414673,3.580532743106034,0.5314999914169312,0.6145999981462955,-3.7037110623015317,0.0,-14.754103486558959,-13.333339956071377,149.9999856719607,0
HK.01023,489,0.48500001430511475,0.47999998927116394,1.041671905356266,1.6136859985440426,358450.0,173848.25512766838,0.9752173367074285,0.49141176998615266,0.48418676137924194,-2.020200074126503,-2.923856677414065,-1.0204011502237214,-4.75547805681253,6.5934136472109675,1
HK.01024,490,44.34000015258789,44.13999938964844,0.45310549548026646,0.5757607932609465,59846980.9,2653615142.2379246,4.7405399247123885,46.45900001525879,65.05370164871216,-14.069764605079019,-26.40663875089147,-35.31728930907627,-33.071697882886205,-16.26336298037768,1
HK.01025,490,0.23999999463558197,0.23800000548362732,0.8403315570899159,0.005048337834767902,3150160.0,756038.3831012249,5.531081750904535,0.25994000017642976,0.2619908890128136,-2.0408204226431472,-14.285716566504256,13.207545976233071,5.211013506045437,-4.000002145767212,2
HK.01026,489,0.08799999952316284,0.08900000154972076,-1.1235977630846006,0.0,59500.0,5235.999971628189,1.070161465115815,0.08703999996185302,0.10501000002026557,23.94365724224219,-20.720722172014707,-11.11111111111111,-16.190474027949328,-54.40414619783754,0
HK.01027,490,2.859999895095825,2.859999895095825,0.0,2.0342430920495,46742.5,133683.5450965166,2.889177293260312,2.8127999544143676,2.9601999896764757,2.8776951269557505,29.99999241395447,-27.594940238723993,-18.518521285854572,183.16830911889699,0
HK.01028,490,1.4199999570846558,1.440000057220459,-1.3888957875743526,0.6204976407490987,8528850.0,12110966.633981466,11.104186639520039,0.9617999982833862,0.6568200001865625,49.47368156876917,102.85714018101591,77.49999199062599,97.2222084248513,456.8627386815452,0
HK.01029,490,0.47999998927116394,0.47999998927116394,0.0,0.9702289855909445,275280.0,132134.397046566,0.9191657845442781,0.5188999950885773,0.5547749988734723,-5.88235328491722,-14.285716566504256,-3.0303061318608857,-3.0303061318608857,-28.358212341096912,0
HK.01030,490,1.6299999952316284,1.6299999952316284,0.0,0.46701632945096955,34784203.0,56698250.724135995,5.179041108181927,2.0581999897956846,2.2557000023126603,-31.512608535545,-26.576577737611768,-26.576577737611768,-21.256036338217612,-15.979384167286268,0
HK.01033,490,0.6499999761581421,0.6899999976158142,-5.797104579113893,1.2756685361323064,58035980.65,37723386.038814396,4.084761968729659,0.7997999954223632,0.8256999963521957,-15.584416589722485,-57.23684313719954,-12.16216651604412,-5.797104579113893,1.5624985448084445,0
HK.01036,490,1.75,1.7400000095367432,0.5747120924395414,0.49943246311010214,45150.0,79012.5,1.459660265810038,1.826599998474121,1.7792999958992004,-6.417112538095177,-2.7777752022683675,-4.89130607314954,-2.7777752022683675,25.03695728831114,1
HK.01037,490,0.5799999833106995,0.6000000238418579,-3.3333399560713786,0.5325887831655399,1721795.4,998641.3032644391,9.812488464557061,0.5371999979019165,0.5940299990773201,1.754384313814067,1.754384313814067,7.40740004880958,-23.68421176463945,133.8709648345809,0
HK.01038,490,57.29999923706055,57.650001525878906,-0.6071158361743398,1.0000819841907864,3379130.5,193624175.07192802,2.323710927518169,62.267307891845704,56.92658237457275,-10.988235349890637,-10.718896838142054,8.78305311093215,3.353429230065392,17.928219071524122,0
HK.01039,490,0.05400000140070915,0.054999999701976776,-1.8181787394294886,0.9654157468727005,215300.0,11626.20030157268,2.5238859725346026,0.05517999991774559,0.049804999958723783,-6.896546630102299,-3.5714290465931358,38.46153919630971,5.882357667611771,22.72727657571314,0
HK.01044,490,24.860000610351562,24.3799991607666,1.9688329208698292,1.576396608481149,3680280.55,91491776.71926498,2.42567589562719,25.79472930908203,26.210425176620483,-6.891904943419927,-10.965375833798756,-8.159130242202478,-9.264081704513677,24.50035275959639,4
HK.01045,490,2.940000057220459,2.9200000762939453,0.6849308357518121,0.714828968988615,4607129.05,13544959.670622038,6.429383505510203,3.4510678911209105,2.8774959033727647,-29.695936484885195,-9.518022243095286,47.53465410679812,-19.921035754056724,58.25185036698055,1
HK.01046,489,0.38999998569488525,0.38999998569488525,0.0,0.0,102197.5,39857.023538053036,4.844987045818152,0.33140000104904177,0.3673000007867813,16.417903277677127,25.80644603078253,-2.5000050291418283,-4.87805143982653,-2.5000050291418283,0
HK.01047,489,0.33000001311302185,0.33000001311302185,0.0,0.0,1700.0,561.0000222921371,0.3598152277091246,0.3401999932527542,0.33687499970197676,-22.352940268995052,3.1250064028428435,-5.714280362031807,-10.810808416175734,3.1250064028428435,0
HK.01049,490,0.9900000095367432,1.0099999904632568,-1.9801961500356329,1.049283718755131,231410.4,229096.29820690156,3.6769005511218413,1.2295999908447266,1.086399993300438,-17.500002483526767,-27.205882417392562,26.923082801247233,-11.60714238197828,-5.714280524221172,0
HK.01050,490,3.1700000762939453,3.0399999618530273,4.276319607638304,0.7621428850657049,8635351.75,27374065.706325054,5.894909827961996,2.5834000158309935,2.369968282878399,13.21429036709735,28.861789721019253,34.50252016256503,24.313730806719665,323.0536914700279,1
HK.01051,490,7.159999847412109,7.199999809265137,-0.5555550404536735,1.1645958485444656,75021.95,537157.1505525588,3.7969680742696417,8.850599946975708,10.084649977684021,-14.964373129037117,-35.027227314062074,-24.71083412104223,-38.38210053418073,-13.53495447625495,0
HK.01052,490,3.9600000381469727,3.9700000286102295,-0.25188892673024776,0.6415028951313484,1277416.15,5058568.002729558,1.8410187422221138,4.047400040626526,4.322149990797043,-2.2222258851686694,-12.775328823336032,-10.40724050241806,-15.02145562631028,17.127563661596493,0
HK.01053,490,0.9200000166893005,0.9300000071525574,-1.0752677834782465,0.42769236902277136,3494570.0,3215004.458321929,3.90689040510699,1.0814000046253205,1.2335500046610832,-16.36363665919658,-24.59016433488742,-25.806450837608686,-23.96694316652966,6.976744347227267,0
HK.01055,490,3.509999990463257,3.430000066757202,2.3323592463276066,1.330132463618369,18327716.95,64330286.319713265,3.8709924606897226,4.02340000629425,4.74539999961853,-18.37209686580494,-33.14285732450939,-31.976742359331183,-40.10239060595016,-10.000002445318701,1
HK.01057,490,4.420000076293945,4.449999809265137,-0.6741513316187198,0.4508928851179934,17312142.0,76519668.96081161,5.919375389780104,5.13419997215271,5.176500005722046,-9.795918565946335,-23.92426644019227,10.776944003243926,-10.707065725117143,-14.007778383152766,0
HK.01058,489,0.3799999952316284,0.3799999952316284,0.0,0.0,26150.0,9936.999875307083,0.8717452135028994,0.3663000017404556,0.40115000158548353,8.571429057997108,16.923079744598674,-10.588238924019787,5.555550036607185,40.74073338214291,0
HK.01059,490,0.4050000011920929,0.4300000071525574,-5.813954777818146,0.1557607163861117,544925.1,220694.66614960134,3.141050196575003,0.4134999996423721,0.40325000062584876,-2.4096363046584477,-16.49484757802371,10.958901537048613,-5.813954777818146,116.5775332889539,0
HK.01060,490,0.5400000214576721,0.5799999833106995,-6.8965453455194,0.9596734595710356,322476308.0,174137213.23959088,7.154200454688795,0.6108000004291534,0.8678999957442284,-10.0,-26.027396253627717,-36.47058749281413,-39.32583931042917,-33.3333308804673,0
HK.01061,490,2.6700000762939453,2.700000047683716,-1.1111100318500724,1.1440402870628696,583810.0,1558772.7445411682,5.184868250811706,3.1319544506073,4.064229310750961,-14.024936072180166,-34.1203118751417,-36.85896051646822,-28.241285485868833,-46.92067861648992,0
HK.01063,490,0.07199999690055847,0.07100000232458115,1.408443018643556,0.4713013763107685,415896.75,29944.56471095234,4.421666320071458,0.0981999996304512,0.10782000012695789,-33.33333793245704,-30.097090468710963,-36.28318747447929,-22.580650329920513,-42.40000247955322,1
HK.01064,490,0.07800000160932541,0.0860000029206276,-9.302326790251001,1.2212684387108876,103602.6,8081.002966730297,4.262067404928131,0.07466000139713287,0.0752900006249547,16.417909949838688,6.849318843416759,1.2987039376318668,18.181821260570512,105.26316873006908,0
HK.01065,490,3.9100000858306885,3.9000000953674316,0.25641000560833843,0.4520820866541902,616696.3,2411282.5859314683,1.7465645639281462,4.040724749565125,3.957648831605911,-6.2072335091862385,-6.2072335091862385,-0.5841625650388853,-1.7620701517866988,20.8641502089105,1
HK.01066,490,3.4000000953674316,3.2899999618530273,3.3434691425482237,0.5760816134581616,35014967.75,119050893.68928754,3.4923397491627526,3.542532691955566,4.892796695232391,-2.573769078398395,-29.790006617957737,-36.823792112203044,-31.31933260385442,-35.44100480114676,1
HK.01068,490,0.08900000154972076,0.08799999952316284,1.1363659454278836,0.784884930708727,1247550.0,111031.95193335414,5.427669834407642,0.10596000000834466,0.1245700004696846,-16.037733395590198,-23.275858525288555,-29.92126085878088,-19.090907243657693,-36.87943269906525,1
HK.01069,490,0.30000001192092896,0.30000001192092896,0.0,1.0809915597251756,1208214.0,362464.21440303326,6.352506466423383,0.32239226162433626,0.40872306436300276,5.834667613182661,-28.571423503006237,-36.842101960961465,-28.571423503006237,-34.78260728722486,0
HK.01070,490,13.920000076293945,13.720000267028809,1.457724528954754,0.4751871744547069,8692233.3,120995888.19916478,4.131448207393496,14.327400074005126,11.614350037574768,-11.898734757885332,21.89141841767227,41.89601917303316,32.95128673615767,40.63131862509801,1
HK.01071,490,4.510000228881836,4.53000020980835,-0.4415006622562565,0.5806265638569911,14362877.7,64776581.71440181,3.989214861280689,4.238513751029968,4.192775337696076,3.0950120735151887,3.7823192431060177,5.660732313541991,15.599114797695412,8.345923652093209,0
HK.01072,490,29.280000686645508,29.1200008392334,0.5494500096186173,0.6405367898554499,12393173.85,362872138.8377171,5.952524784125459,37.26960018157959,27.383250093460084,-20.992985424583715,-14.235497334181341,47.95350849970026,13.225057987527444,152.01751546138559,1
HK.01073,490,0.10100000351667404,0.10000000149011612,1.0000020116567312,2.446242601333633,99086.0,10007.686348453164,1.3859265732544743,0.1022432154417038,0.11450527518987656,-3.8418456930148177,-16.249343342148904,-0.14345732220168356,-2.9431666567027506,-6.675989435847169,1
HK.01075,489,2.0799999237060547,2.130000114440918,-2.347426668941157,0.8998393144081414,39020.0,81161.59702301025,2.312547578950967,2.5752027654647827,2.8569742023944853,-20.41929289522868,-30.23768591464725,-31.570727213857047,-31.352105472300146,3.5682461775744225,0
HK.01079,490,0.26499998569488525,0.24500000476837158,8.163257362146624,0.5126993502658004,831600.0,220373.98810386658,5.410170856562478,0.28151999980211256,0.31865500144660475,-1.8518610500991368,3.92156496088299,-26.388895787574352,-10.169492381566323,273.239404251595,1
HK.01080,490,0.07000000029802322,0.08100000023841858,-13.580246800021634,0.4868131868131868,1353825.0,94767.75040347129,5.705448019128982,0.06954000070691109,0.08351000055670738,4.47760978263432,-40.67796620871273,-18.604653580502003,-19.54022722729975,89.18918755648345,0
HK.01081,3,63.400001525878906,63.0,0.6349230569506448,,,,,,,,,,-4.518072185330857,,1
HK.01082,490,1.4299999475479126,1.3700000047683716,4.379557851876454,0.619158305879682,79324.6,113434.17383925915,3.5683850152529564,1.4301999926567077,1.489299996495247,-3.3783831676485327,-4.666670163472494,-5.298016120569697,-3.3783831676485327,-7.142858248694736,1
HK.01083,490,3.2200000286102295,3.2300000190734863,-0.3095972261364041,0.5597456916298736,2020840.95,6507107.9168167235,1.5909025591731445,3.342955536842346,3.5848023188114166,-5.364323270909067,-17.657679221921633,-13.635825321776382,-10.886828429257887,0.049018293298146644,0
HK.01084,490,0.6700000166893005,0.6700000166893005,0.0,11.686274509803921,40100.0,26867.00066924095,3.4396530247567005,0.664800009727478,0.6523499992489815,3.0769294253470134,3.0769294253470134,0.0,4.687504947651288,-5.451579654443073,0
HK.01085,490,1.8200000524520874,1.840000033378601,-1.086955465418649,0.13544018058690746,177400.0,322868.0093050003,7.633746798904416,1.415799994468689,1.5732000017166137,47.96748164467724,21.33333683013916,10.975613922394897,14.46540970095188,52.94117352423915,0
HK.01086,490,0.8500000238418579,0.8299999833106995,2.4096434859410953,0.35263483096478065,2285300.0,1942505.0544857979,4.4319883258094555,0.9002494513988495,1.0585500127077103,-1.0334947169780944,-13.404297360551592,-21.000413815338646,-21.687372095518707,-22.362477722397113,1
HK.01087,490,0.8600000143051147,0.8700000047683716,-1.1494241848790827,0.38917591479752967,882955.0,759341.3126307726,13.440169065576654,0.7078999996185302,1.057174997329712,-8.510636544000942,0.0,-30.081300734212913,-23.89380372264239,149.27536732658223,0
HK.01088,490,46.15999984741211,46.52000045776367,-0.7738620094778662,0.9398231448549409,14280283.1,659177865.7170017,2.72324211546441,46.04199996948242,41.7490637588501,3.220032619414011,3.35871026673754,15.05483817629702,16.3893091906407,53.93172824410546,0
HK.01090,490,0.75,0.75,0.0,0.6266924564796905,258100.0,193575.0,2.9361259027798727,0.7657999980449677,0.8386499986052514,-8.536584568052042,-13.793103920766105,-17.582419957678084,-11.764708357286219,17.187502619344798,0
HK.01091,490,0.4449999928474426,0.4449999928474426,0.0,0.9904155228526138,9457735.2,4208692.096353006,5.78819192537681,0.5577999985218048,0.5013499972224236,-19.090912145031318,-14.423075159625828,7.228916095257991,-20.535715901273846,74.50980437988962,0
HK.01093,490,7.0,7.090000152587891,-1.269395636825763,0.9168486248153304,111928525.1,783499675.6999999,4.738477071366391,8.29839997291565,8.897843120098115,-14.634144355823805,-24.07809330513409,-7.407406706588533,-17.452825732653583,-11.11996409455947,0
HK.01094,490,0.28999999165534973,0.2849999964237213,1.754384313814067,3.3084151430544297,155276.0,45030.038704276085,4.4232611953139696,0.3798999983072281,0.42212500035762784,-30.120482533361187,-28.395063999567316,-27.500003166496708,-17.142858115994215,-32.558142597318096,1
HK.01097,490,0.05700000002980232,0.057999998331069946,-1.7241350517969516,0.3129940100116538,1176416.8,67055.75763505996,6.729166953030151,0.05486000008881092,0.08119500000029803,0.0,-6.557378050333313,-48.64864928358977,-50.0,96.5517298964061,0
HK.01098,490,0.6100000143051147,0.6000000238418579,1.6666650109821552,0.7349338559529642,102150.0,62311.50146126747,1.6648998596110025,0.6319999992847443,0.6711500024795533,-8.955224013376348,-8.955224013376348,-12.857139329520963,-7.575759080925313,-26.50602089509087,1
HK.01099,490,16.889999389648438,17.079999923706055,-1.112415309755988,1.5023427695745948,6224044.45,105124106.96164475,1.9121927408594384,18.849999923706054,19.680699939727784,-8.355946229121104,-19.494758064002912,-16.715982160835946,-14.39432447278195,-7.546779571936235,0
HK.01100,490,1.5,1.5,0.0,1.1836420666390484,24945.5,37418.25,2.4254085758580755,1.4698999810218811,1.3526259219646455,-2.5000017434358286,6.849315766434577,20.93023613420342,22.83465673804006,18.793783859132226,0
HK.01101,489,0.019999999552965164,0.019999999552965164,0.0,,0.0,0.0,0.0,0.019999999552965164,0.019999999552965164,0.0,0.0,0.0,0.0,0.0,0
HK.01102,490,0.057999998331069946,0.06199999898672104,-6.451614066167647,0.40068303265857336,2348857.65,136233.73977992087,8.504488874083826,0.060340000316500664,0.0513000001758337,-4.918036591266588,34.88371246824298,34.88371246824298,34.88371246824298,18.36734662846394,0
HK.01104,490,1.4600000381469727,1.47666597366333,-1.1286191876563916,0.8162942156970789,10731141.8,15667467.437360574,7.267429540147175,2.2875265502929687,2.1997446912527083,-40.40816286810733,-57.55813913193183,-5.866210443686789,-44.69697044955356,28.083681194477517,0
HK.01105,490,0.17000000178813934,0.18000000715255737,-5.555558315029741,0.4361118242635486,196811.15,33457.89585192576,1.35786450385126,0.1881999996304512,0.2204649990797043,-10.052907007685135,-15.000000372529025,-27.659573523692814,-15.000000372529025,-19.047615668670826,0
HK.01107,489,0.013000000268220901,0.013000000268220901,0.0,,0.0,0.0,0.0,0.013200000282377005,0.018124999976716936,0.0,-40.90908936971475,-38.09523598339549,0.0,-38.09523598339549,0
HK.01108,490,2.690000057220459,2.809999942779541,-4.270458647781426,1.298634936856705,2866000.0,7709540.163993835,4.429933130316289,3.4774000072479248,3.955500016212463,-21.80232521873865,-31.37755089628354,-29.210523921697064,-28.26666514078776,-28.83597678358071,0
HK.01109,490,35.5,35.380001068115234,0.339171645737766,0.853376132648545,31157327.05,1106085110.275,3.81701551470449,33.20999965667725,30.780431661605835,-7.552087006883343,16.164923496032795,16.622862605672534,28.06638123867985,46.24527706200452,1
HK.01110,490,0.39500001072883606,0.41499999165534973,-4.819272609316895,0.978526191099065,1566668.7,618834.1533085316,4.543803360437472,0.46049999952316284,0.5125749956071377,-16.842101960961468,-22.549016055855397,-22.549016055855397,-25.47169206574415,-30.428682949034158,0
HK.01111,490,0.22300000488758087,0.23499999940395355,-5.10638065821663,1.4347450302506481,248000.0,55304.001212120056,2.648678936286732,0.256599996984005,0.28439999766647817,-18.909090889386896,-15.849050216803473,-32.424243628376615,-23.10344437781741,11.500000782310952,0
HK.01112,490,10.550000190734863,10.970000267028809,-3.828624120970063,1.0493895885888398,1936262.65,20427571.326812793,4.965869924297481,12.72646137237549,13.38876016139984,-26.620363384012542,-23.956760194489625,-22.691206968700723,-18.690452346625985,-16.0856723639525,0
HK.01113,490,44.86000061035156,46.15999984741211,-2.816289517673015,0.9402788585016268,6338505.15,284345344.8977165,2.378468684960763,47.11605033874512,41.65861442565918,-9.859756480350095,-4.368404518807533,16.427355792220805,14.520608349526551,43.461069140440465,0
HK.01114,490,2.700000047683716,2.619999885559082,3.053441435840466,1.3636705528512965,19087831.4,51537145.69017872,3.004604315638018,2.8365999841690064,3.5695804834365843,-12.05211379819987,-31.29770987735397,-25.619835742083385,-33.66093528734241,9.077034850821446,3
HK.01115,490,0.44999998807907104,0.4650000035762787,-3.2258097595362787,0.49671441568056707,19758908.3,8891508.499455458,3.903855502911619,0.47909999966621397,0.546774996817112,-7.2165000399412556,-23.728812189493883,-13.461537579812916,-19.642859613712943,55.17241414747115,0
HK.01116,490,0.23999999463558197,0.2329999953508377,3.004291598462942,3.0083565459610027,206500.0,49559.99889224768,1.9588013670070503,0.24805999904870987,0.28389499969780446,-4.000002145767212,-2.834007877345221,-33.33333747254461,-27.272731788230487,-40.74074223971443,1
HK.01117,490,1.0399999618530273,1.0800000429153442,-3.7037110623015317,0.5685172223602661,22236174.95,23125621.099757243,4.284788001452871,1.2873999977111816,1.3542500001192093,-22.962967149187598,-24.0875942895444,-19.379845534327472,-35.80247167951539,-2.546449089728872,0
HK.01118,490,1.149999976158142,1.149999976158142,0.0,26.666666666666668,17375.0,19981.24958574772,0.13043466092057146,1.139799988269806,1.1089940303564072,1.7699098239742965,-6.504068428844849,12.745097810055187,-0.862068168189925,29.226403694142938,0
HK.01119,490,0.3400000035762787,0.3400000035762787,0.0,0.9303574948714227,4574570.0,1555353.8163599372,7.122798013674091,0.4218999999761581,0.6928249981999397,-27.659573523692814,-31.999999284744263,-51.428570090507954,-40.350875817067276,-54.054054162901096,0
HK.01120,489,0.75,0.800000011920929,-6.2500013969838415,3.823529411764706,8100.0,6075.0,2.806371796246724,0.8433999967575073,0.892250000834465,-3.8461503192516595,-25.0,-11.764708357286219,-21.05263058828844,-35.897433546167775,0
HK.01121,490,0.7699999809265137,0.7699999809265137,0.0,3.0434681527325846,355201.1,273504.84022507665,6.967707631889325,1.120799993276596,1.3339999952912331,-31.85840848002142,-45.00000042574747,-34.74576142765052,-40.310077232836264,-52.7607372282787,0
HK.01122,490,0.8199999928474426,0.8100000023841858,1.2345667202249964,0.3087347611535527,1017593.35,834426.5397216051,3.724003381426904,0.981199997663498,0.917049999833107,-18.000000715255737,-15.463920756548829,12.328763208552237,-14.583332169180089,17.142858115994215,1
HK.01123,490,0.11400000005960464,0.11100000143051147,2.702701432820465,1.9504643962848298,65000.0,7410.000003874302,1.4052719432483896,0.11324000090360642,0.11926999978721142,-1.7241350517969516,-4.201682829417396,-1.7241350517969516,-2.5641014211250326,-5.7851234071689985,1
HK.01124,490,0.13600000739097595,0.1379999965429306,-1.4492675377223445,5.543672792352351,288320.0,39211.52213096619,2.3207729217442004,0.18369999945163726,0.24916499845683573,-28.042322452463125,-29.166663432907757,-51.428568995728796,-43.09622945743935,0.7407422124603064,0
HK.01125,490,0.8199999928474426,0.8999999761581421,-8.88888726999726,2.0610169491525423,4067.5,3335.349970906973,0.5806542540971033,0.9185999882221222,0.9617999950051308,-14.583332169180089,-23.36449040649363,-18.000000715255737,-13.684210196096148,-27.43362864533833,0
HK.01126,490,6.679999828338623,6.619999885559082,0.9063435621868414,0.6708858165577902,955048.95,6379726.822054982,2.8315813627366886,6.953211307525635,8.996731653213502,-6.57343022041814,-21.138202549026804,-17.902362651034665,-18.094409151459136,25.2138108514599,1
HK.01127,490,1.25,1.2599999904632568,-0.7936500427734288,0.3599496070550123,294980.0,368725.0,0.900940891296841,1.2749441003799438,1.2516807228326798,-3.8461503192516595,-0.10577445852156021,3.766105093739968,-2.2932356504231746,-0.07262673489126145,0
HK.01128,490,5.590000152587891,5.539999961853027,0.9025305248944288,0.9199480623073106,12874784.0,71970044.52453613,2.799461474560422,5.476478033065796,5.912175123691559,1.3884667881740151,3.5533402062201715,-10.18984723951154,-3.005036207593124,13.14918091188371,1
HK.01129,490,0.19200000166893005,0.19200000166893005,0.0,0.06257274081119302,955884.0,183529.72959530354,13.20897901192053,0.3421000012755394,0.46719999887049196,-48.79999955495198,-49.47368313731248,-54.28571246108225,-32.63157751641664,-34.91525077847206,0
HK.01130,490,0.6000000238418579,0.5799999833106995,3.448282949422888,0.8954049496866362,898128.0,538876.8214130402,2.4201416232920465,0.6333999907970429,0.572274993956089,-6.249994179233778,-11.764703304297399,5.263163398397555,9.090911061310528,-9.090909090909092,1
HK.01132,490,0.05400000140070915,0.05700000002980232,-5.263155486885312,3.4437981209291006,210350.75,11358.94079464022,1.0156295699586637,0.062060000151395796,0.06930000010877847,-14.285713440977272,-28.000000993410705,-11.475408534566693,-16.923071720896196,42.10527141338597,0
HK.01133,490,17.440000534057617,17.59000015258789,-0.8527550723653919,1.097864658487094,7517105.3,131098320.44656734,5.473110282388595,21.66551212310791,17.04850577354431,-27.443875746573003,-30.561522722203577,31.578466052351594,0.8867827432481995,254.548727566083,0
HK.01134,490,0.33500000834465027,0.3400000035762787,-1.4705868173635692,0.08565310492505353,87200.0,29212.000727653503,2.105339001765729,0.3334000039100647,0.2633949992805719,-9.459458370988969,50.224215696107734,4.687504947651288,36.1788614192653,77.24868580033626,0
HK.01137,490,0.9800000190734863,0.9700000286102295,1.0309268214748768,1.4925059583086235,1062047.85,1040806.9132569552,3.6358785877270727,1.1478000044822694,1.3619000017642975,-10.091744122626764,-30.49645090263839,-33.33333333333333,-29.49640077992035,-41.31736261932083,1
HK.01138,490,13.020000457763672,13.029999732971191,-0.076740409918945,0.5259467750284649,30439633.35,396324040.15115833,5.888777446297048,17.98319995880127,13.201949994564057,-31.32910819375283,-37.70334595499259,22.138842815504276,34.64323014518138,120.35272679732654,0
HK.01141,490,2.369999885559082,2.3399999141693115,1.2820501064172196,0.5627125892734026,10159426.1,24077838.69434595,9.146923675966091,2.0671999931335447,1.3194999971985817,-9.541985149615854,117.43117550308233,189.02437880874592,224.65751008706522,677.0491245836713,5
HK.01142,490,0.10000000149011612,0.10000000149011612,0.0,1.1629765158730874,53607025.0,5360702.579880692,6.7328333546698,0.11898000031709671,0.9552050044760108,-19.999998807907104,-14.529912298386968,-75.0,-56.52173927127752,-90.74074097069692,0
HK.01143,490,0.3400000035762787,0.33500000834465027,1.4925358528601556,0.7742287406025787,381446.0,129691.6413641572,4.059690495818497,0.36789999961853026,0.39384999617934224,-6.849316522537741,-12.820508705793602,-20.000001402462193,-9.333332379659016,13.33333002196431,1
HK.01145,489,0.14900000393390656,0.1509999930858612,-1.3244961877696395,4.578313253012048,93000.0,13857.00036585331,1.4759483600320626,0.15314000099897385,0.15694000080227852,-5.696204382054061,7.194248537649339,-9.146341574220411,-8.024689200411052,-21.578944313889355,0
HK.01146,490,0.061000000685453415,0.05999999865889549,1.6666700815161835,0.2119754203782213,4195900.0,255949.90287609398,10.92556822460753,0.053340000063180924,0.049735000049695374,15.094342275037622,74.2857155021356,19.607846717887707,79.41175697171606,3.389831043563671,1
HK.01147,490,0.1340000033378601,0.1289999932050705,3.87597705128645,0.12622950819672132,5917500.0,792945.0197517872,7.762052167295392,0.12846000105142594,0.1392750008031726,9.836067075499969,14.529918666404642,18.5840758144721,2.290081024781314,25.233647072405784,1
HK.01148,490,0.23100000619888306,0.24199999868869781,-4.545451466702216,6.839637386683338,197750.0,45680.251225829124,3.5968645603198004,0.24787999778985978,0.2932749991863966,-9.411760580993365,-25.483869541199976,-23.00000099341071,-30.00000090310064,34.49040361744673,0
HK.01150,490,0.08799999952316284,0.0860000029206276,2.3255773658299925,0.048555474629764506,184950.0,16275.599911808968,3.9135778684013327,0.11463999927043915,0.16983999915421008,-20.720722172014707,-41.72185195192392,-42.483659366850624,-48.53801312278138,-3.2967018571514073,1
HK.01152,490,0.41499999165534973,0.42500001192092896,-2.352945878843816,0.8044906900328587,18938900.0,7859643.341961503,13.560658922160105,0.2793599981069565,0.3020199999213219,65.99999666213989,50.909084603806306,65.99999666213989,45.61403398698716,468.4931476090679,0
HK.01153,490,0.30000001192092896,0.33500000834465027,-10.447759866236506,0.06378660481298927,173000.0,51900.00206232071,6.869068359997279,0.33639999985694885,0.4119250009953976,-11.764703304297399,-25.925923200519225,-19.99999682108561,-39.99999761581421,-28.571423503006237,0
HK.01156,490,0.23499999940395355,0.24500000476837158,-4.081634763179803,0.7935408383637877,1093668.75,257012.15559812263,7.0315746247052004,0.21646000027656556,0.17452000007033347,12.980766613146663,20.51282462753973,117.59258639655093,30.555550036607183,134.99999590218073,0
HK.01157,490,7.980000019073486,7.96999979019165,0.1254733895243361,0.9702629051915537,9502337.75,75828655.42624271,3.594079420387898,8.138999948501587,7.880607316493988,-5.33808149242898,-17.73195694858427,16.05483385289591,3.906252570838414,46.876358979098256,2
HK.01159,490,2.7899999618530273,2.8399999141693115,-1.7605617544854384,0.7331069915572515,337105.0,940522.9371404648,12.500049638700531,2.6753999900817873,2.469450003504753,-3.793107927483265,39.49999809265137,40.2010024363024,39.49999809265137,8.139536602982412,0
HK.01161,490,1.2300000190734863,1.149999976158142,6.956525615122539,2.190611664295875,304900.0,375027.005815506,1.9605952252475543,1.0529999899864197,0.9450855076313018,20.588239419006634,30.851066190767963,32.9729818897238,34.387587250929904,26.832872665265374,1
HK.01162,490,0.1850000023841858,0.1860000044107437,-0.537635485400107,0.20875420875420875,2383600.0,440966.00568294525,5.929578031164294,0.1871199995279312,0.20527999952435494,-5.612241213009292,0.5434793612034178,-7.960200111469579,-0.537635485400107,-21.61016895643633,0
HK.01163,490,0.17100000381469727,0.17000000178813934,0.5882364800231967,1.5163147792706333,130750.0,22358.250498771667,2.7399595993245853,0.1736199998855591,0.15520999994128942,-7.567566696791175,-9.52380539398395,17.931040507009456,6.875004773028301,25.73529008943545,1
HK.01164,490,2.9100000858306885,2.859999895095825,1.7482584814286508,1.0031165018507315,43349234.7,126146276.69769467,5.369716707533438,3.782599997520447,3.6133999943733217,-26.329112640464004,-38.993708648496536,3.558724024464971,-10.18518280045432,69.72363682631327,1
HK.01165,489,0.024000000208616257,0.024000000208616257,0.0,,0.0,0.0,0.0,0.024000000208616257,0.0239250001963228,0.0,0.0,0.0,0.0,49.999994179234186,0
HK.01166,490,0.18000000715255737,0.19300000369548798,-6.735749375135645,0.8116050143522048,248326.5,44698.77177616954,6.048812567041086,0.38983999818563464,0.5317349983006716,-26.829267406236717,-69.49152285530104,-63.26530537770124,-78.31325171422603,-53.84615031925166,0
HK.01167,490,4.329999923706055,4.320000171661377,0.23147573257692833,0.8838065554553273,3080253.0,13337495.254995346,6.320538081663128,6.293600025177002,7.337750000953674,-29.593498267297846,-21.98198603786482,-38.14285823277065,-32.554519123843676,-25.34483135667895,3
HK.01168,490,3.069999933242798,2.9100000858306885,5.498276381199344,0.2859922274920243,278808.8,855942.9973875046,8.837318206707026,3.547999997138977,5.2496000051498415,-14.722221817499314,-33.83620643144412,-38.60000133514404,-39.566929540362764,-48.1418936878682,2
HK.01170,489,0.49000000953674316,0.49000000953674316,0.0,284.1666666666667,36500.0,17885.000348091125,0.3587204572748971,0.47670000612735747,0.4887216730415821,1.0309268214748768,0.0,5.072169059520782,-5.769225478877488,-14.70480696402818,0
HK.01171,490,14.579999923706055,15.300000190734863,-4.7058840395624,0.7497491191433523,43672320.95,636742436.1190664,5.245497502297834,14.871399974822998,12.126623034477234,-1.085480664155885,1.8156440951308799,41.142304272885646,49.538460755959534,70.45368315486036,0
HK.01172,489,0.019999999552965164,0.017000000923871994,17.647049800335406,0.39215686274509803,230000.0,4599.999897181988,2.738560519243436,0.01921999953687191,0.022750000013038518,11.111113410673122,-9.090910630285256,-41.176475099832295,-23.076926383393687,17.647049800335406,1
HK.01173,489,0.027000000700354576,0.028999999165534973,-6.896546630102299,0.8605341246290801,683000.0,18441.000478342175,3.5247669444439578,0.030100000090897083,0.03245999994687736,-20.588237549916148,-27.02702607461535,-18.18181561619124,-15.625001818989318,0.0,0
HK.01176,490,0.01899999938905239,0.023000000044703484,-17.39130716468075,2.8431170331256963,2768700.0,52605.298308469355,11.370844004486427,0.026580000445246697,0.045965000027790665,-29.62963371773959,-51.28205385375064,-68.85246036794997,-60.41666828354613,-74.66666848791962,0
HK.01177,490,4.539999961853027,4.53000020980835,0.2207450680250806,1.151885993336949,87238872.8,396064479.1841011,3.7453224753834156,5.50039999961853,6.690709314346313,-19.787984377264134,-20.49036897508739,-33.81924382664454,-28.61635429959783,3.433980740627919,1
HK.01179,490,34.279998779296875,34.880001068115234,-1.7201899955411353,1.1007121234462958,2666877.0,91420540.30453491,3.524064071546747,38.29278411865234,35.65892674446106,-7.700594123188635,-18.18392877920713,-1.1055759497035083,-7.737447865315485,23.84757740287533,0
HK.01180,490,0.6499999761581421,0.6299999952316284,3.174600171093715,0.12842074802048745,1077561.75,700415.1118089259,7.097104348300602,0.5836680632829666,0.661566935479641,-0.973341089454067,8.609879512360594,-5.1575644156337965,6.885910467334696,-60.584521542017974,1
HK.01181,489,0.12999999523162842,0.13300000131130219,-2.2556436466883176,1.6769929781082198,236600.0,30757.998871803284,4.454994719233997,0.1428399994969368,0.18561499908566476,-7.1428609441737585,-36.58536762655102,-38.09523843313292,-38.09523843313292,-19.972642201568927,0
HK.01182,490,0.800000011920929,0.800000011920929,0.0,0.9835438704140933,53490.25,42792.20063765347,1.7980512444563106,0.8241999995708466,0.6779749974608421,-4.761900369272073,6.66666825612386,26.98412983746097,25.00000465661298,50.94340662380829,0
HK.01183,490,0.14499999582767487,0.14300000667572021,1.398593747264647,1.3071560385482879,380060.0,55108.69841426611,3.6324385820198715,0.15978000193834305,0.15844500057399272,-11.585370839918467,-18.079098899006244,0.0,7.40740004880958,26.086950606344434,1
HK.01184,490,6.489999771118164,6.489999771118164,0.0,0.2117771218351821,228285.05,1481569.9222496985,4.9046061054802905,5.538060312271118,4.697451939582825,1.1115384395374066,43.40234612515948,45.56575499185515,49.100457691473444,76.71891254342498,0
HK.01186,490,5.050000190734863,4.929999828338623,2.43408451469824,0.983440590990319,8141476.5,41114457.87786341,1.8576587550401198,5.203800001144409,5.425499982833863,-2.884608154465901,-7.339442798699992,-7.678237944540611,-6.307971877046076,2.4141246269451986,1
HK.01187,24,31.079999923706055,31.700000762939453,-1.9558385624969539,0.3328890616179272,512165.0,15918088.160924911,5.904059693603254,,,-18.210526516563014,,,-20.102831093645225,,0
HK.01188,489,0.012000000104308128,0.012000000104308128,0.0,,0.0,0.0,0.0,0.012000000104308128,0.012000000104308128,0.0,0.0,0.0,0.0,0.0,0
HK.01193,490,17.190000534057617,17.309999465942383,-0.6932347520914999,2.073393387404791,3652370.85,62784256.862076476,2.199034482452758,18.192194595336915,19.794290447235106,-6.848673542233907,-14.655892505096729,-19.440104718350433,-16.417215445133778,-13.458628761928413,0
HK.01195,490,0.014999999664723873,0.014000000432133675,7.142851440882373,1.1322158788711625,2041377.75,30620.665565574775,6.226185408434361,0.016839999798685314,0.02099999978672713,-11.764712649748445,-21.052630804995065,-21.052630804995065,-21.052630804995065,-21.052630804995065,1
HK.01196,490,11.069999694824219,10.710000038146973,3.361341320214716,0.45232996606460213,1579279.9,17482628.01104202,5.349215420773835,11.505,12.548950009346008,-2.2084806249094346,-14.252518778741353,-8.208960948145187,-17.633928270490994,55.915490753758,1
HK.01198,490,0.0860000029206276,0.09000000357627869,-4.444444996339281,0.27366020524515394,22225.0,1911.3500649109483,3.1310971307555087,0.09993999987840653,0.14025499999523164,-13.999998360872294,-36.29629666422618,-33.84614917300845,-31.199997663497925,-66.92307458650423,0
HK.01199,490,5.010000228881836,5.03000020980835,-0.39761391833571513,0.4647032725108961,2843219.25,14244529.093261242,2.302614132691325,5.2245942401885985,5.581310591697693,-7.393708499300875,-19.393744482009318,-9.228477671683462,-8.904877255142992,11.956650881658472,0
HK.01200,490,2.4200000762939453,2.5,-3.1999969482421875,1.436622017096652,1377544.8,3333658.521098328,3.7964700066063255,2.856000008583069,2.526350005865097,-20.655733963008537,-23.174603078490875,4.761910659705257,6.1403555553045885,108.62070223522562,0
HK.01201,490,1.940000057220459,2.0399999618530273,-4.901956201103737,1.8951499859826184,229875.0,445957.513153553,4.604923080048537,2.1587999939918516,1.6661499908566475,-2.020200074126503,-34.23728725890326,133.73495135291415,48.091613890012226,280.392175195585,0
HK.01202,490,1.4500000476837158,1.3799999952316284,5.0724675865189495,0.3532756857108096,524607.5,760680.900015235,5.069132758318813,1.394599995613098,1.1272499975562096,3.571433741219278,-2.0270250677801456,66.66667123407237,68.60465390286356,90.78948235247614,1
HK.01203,490,0.699999988079071,0.6800000071525574,2.9411736347271384,0.4114575354972478,178948.45,125263.91286676825,3.5388141078954605,0.7003999984264374,0.8193142512440681,-4.109593179530491,-17.64706253592933,-20.454546378171155,-18.60465390286356,-3.5660454761635743,1
HK.01204,489,1.5199999809265137,1.5199999809265137,0.0,0.0,23200.0,35263.99955749512,3.2162732889570265,1.7123999738693236,1.813949996829033,-17.837839927701175,-11.111114209468145,-24.000000953674316,-24.000000953674316,26.66666004392862,0
HK.01205,490,0.5199999809265137,0.5199999809265137,0.0,0.4446535175399769,7617087.0,3960885.0947155952,4.057029958183802,0.5391999959945679,0.46104999601840974,-3.7037110623015317,-7.1428609441737585,36.842101960961465,31.64556121581702,49.81479117093829,0
HK.01206,490,0.19900000095367432,0.1979999989271164,0.5050515313012816,0.963855421686747,279900.0,55700.10026693344,4.527455110838242,0.22293999880552293,0.3433099988847971,-16.386556147636693,-46.93333307902019,-47.631578039264404,-48.31168678362182,-30.17543738568587,1
HK.01208,490,8.270000457763672,8.34000015258789,-0.8393248626320222,1.0500097860709803,42030952.25,347595994.34774303,5.326523436373309,8.787600030899048,7.999449987411499,-16.96786720793748,-17.29999542236328,25.303039049423663,-9.320169281376069,184.1924472109738,0
HK.01209,490,41.58000183105469,42.0,-0.9999956403459822,0.8684171590002367,4870001.7,202494679.60323945,4.108681940754179,46.13579978942871,43.86629991531372,-17.08873267013131,-11.456553148010745,-5.499995838512073,-3.437063388377718,18.06073593131735,0
HK.01211,490,88.4000015258789,88.05000305175781,0.3974996729021765,0.5355603620884742,27193270.25,2403885131.5936375,3.1129929890488137,100.29500030517578,101.24325008392334,-13.077675340670854,-8.108103606863791,-6.800207751191485,-10.48101111303402,-31.73843182435701,1
HK.01213,489,0.6899999976158142,0.6200000047683716,11.290321340173895,3.283582089552239,15600.0,10763.999962806702,2.0886572102660157,0.4511999988555908,0.4298645105957985,53.333336865460524,35.29411970950332,87.7053525057558,25.454542301903153,242.07444564391207,4
HK.01215,490,0.023000000044703484,0.02199999988079071,4.545455315142628,0.036381354555790155,3784125.0,87034.87516916357,7.708965002010499,0.021099999733269214,0.02272500006482005,9.523811213283604,-4.166667313418449,0.0,0.0,64.28570953406864,4
HK.01216,490,0.3100000023841858,0.3100000023841858,0.0,0.14674582726559873,826700.0,256277.0019710064,2.9189898639390894,0.3225999987125397,0.3280750013887882,-4.61538038310199,-7.462688160516194,1.6393426604503258,-4.61538038310199,-4.234917300113747,0
HK.01218,489,2.4200000762939453,2.4200000762939453,0.0,0.0,26311.15,63672.985007381445,2.002286877549119,2.7592000770568847,2.946150012612343,-16.838487803579145,-25.077397461189072,-19.86754663649014,-24.137930003594963,8.520181865262927,0
HK.01220,489,0.0560000017285347,0.0560000017285347,0.0,,0.0,0.0,0.0,0.0560000017285347,0.0560000017285347,0.0,0.0,0.0,0.0,-6.666661699612825,0
HK.01221,489,1.600000023841858,1.600000023841858,0.0,0.0,2989.5,4783.200071275234,0.9263186783934692,1.660600004196167,1.5525653845071792,-11.111107431811954,-11.357342677756234,9.748051922777996,4.759512284786471,18.026033525693872,0
HK.01222,490,0.019999999552965164,0.019999999552965164,0.0,11.208605959825235,2426860.55,48537.20991510879,0.9534633729874415,0.020959999710321427,0.02389500007033348,-4.761905606641802,-9.090910630285256,-16.666669253673795,-16.666669253673795,-9.090910630285256,0
HK.01223,490,1.2899999618530273,1.309999942779541,-1.5267161679471504,1.0430296811605118,2686225.0,3465230.1475286484,2.530910109015523,1.3797999906539917,1.4367499977350235,-5.147062626161338,-10.416672875483584,-7.857144012743132,-17.83440007927038,62.014207772256434,0
HK.01224,490,1.2000000476837158,1.2000000476837158,0.0,1.2919896640826873,20600.0,24720.000982284546,0.04166662527455388,1.2006000471115112,1.2031500458717346,0.0,0.0,0.8403352926397583,0.0,0.0,0
HK.01225,489,0.28999999165534973,0.28999999165534973,0.0,0.0,174378.0,50569.618544876575,5.618107519356587,0.22792000114917754,0.21000999949872493,37.44075728974002,47.959183285579925,47.959183285579925,46.46464304381055,19.834707944935897,0
HK.01228,490,2.0,1.9900000095367432,0.5025120811725401,0.7446010876955275,755672.55,1511345.1,8.360707217544276,2.2993999981880187,2.3625499975681303,-12.663754003662275,-25.925927234121126,2.5641000560833844,-15.254233521108176,1370.5881553743993,2
HK.01229,489,0.1850000023841858,0.1899999976158142,-2.6315764707211,0.9563409563409564,189700.0,35094.500452280045,2.721950272749356,0.2012200003862381,0.2234649993479252,-4.145078320270111,-9.756095610793878,-19.565217813832543,-15.909089369714744,-28.846150319251656,0
HK.01231,490,0.30000001192092896,0.3050000071525574,-1.6393426604503258,10.0,300.0,90.00000357627869,0.0,0.31860000610351563,0.30093000330030917,-9.090909090909092,-21.052627451201833,-1.6393426604503258,-1.6393426604503258,30.43478542555027,0
HK.01232,490,0.4699999988079071,0.46000000834465027,2.173910930837298,0.6557377049180327,12600.0,5921.9999849796295,0.35211277064811997,0.4034000015258789,0.47175000339746476,32.394369862614646,51.61290167521737,0.0,34.28571623198843,27.027025067780148,1
HK.01233,490,0.03400000184774399,0.035999998450279236,-5.5555463573075095,0.2422997650121255,4058432.05,137986.6971989434,10.999467315260661,0.05208000011742115,0.10397000022232533,-35.849052359939805,-53.42465431857091,-72.58064322305393,-69.0909072436577,-81.81818145597568,0
HK.01234,490,3.630000114440918,3.5999999046325684,0.833339183418994,0.6704872900162868,305579.4,1109253.2569707872,2.2327429630021745,3.6079926538467406,3.3718464195728304,1.680677375912978,15.495616607923823,12.745727694315626,13.420845927931879,8.041440195456822,1
HK.01235,489,0.19599999487400055,0.19599999487400055,0.0,0.0,61000.0,11955.999687314034,0.8939156218376778,0.18709999948740005,0.17504500105977058,7.1038233122887675,10.734459709575528,18.787870961006554,8.888881714256007,29.433964046561183,0
HK.01236,21,40.099998474121094,39.20000076293945,2.2959124838398433,0.30199249494399916,614264.05,24631987.467707444,10.783827545977093,,,-33.16666920979818,,,-33.16666920979818,,2
HK.01237,489,0.75,0.75,0.0,0.0,103544.05,77658.0375,4.789032736072535,0.7660000097751617,0.8380500006675721,-11.764708357286219,-12.790699125045412,29.310348548447017,-16.666664459087173,97.3684235292789,0
HK.01238,490,0.22300000488758087,0.2240000069141388,-0.4464294623621293,0.18972998612160286,840345.0,187396.93910725415,6.824589337724878,0.23345999985933305,0.2653649982064962,-4.7008515440596135,-8.979591613310374,-10.799998044967651,-12.549016055855397,-28.064515105643462,0
HK.01239,490,0.4699999988079071,0.47999998927116394,-2.083331393077926,1.1073527466505413,698112.5,328112.87416778505,7.712075026712127,0.4021000009775162,0.3832449978590012,-6.000000238418579,22.077924792250712,44.61538955304768,-22.950821674437094,59.32204057621732,0
HK.01240,490,0.18000000715255737,0.1850000023841858,-2.7027000903735274,0.4428697962798937,144250.0,25965.0010317564,1.3032889036393787,0.17690000116825103,0.1875449998676777,6.508880122185995,0.0,-4.761898754885748,-5.2631529414422,22.448984556821728,0
HK.01241,489,0.12399999797344208,0.12200000137090683,1.6393414590667243,0.22181891510385157,395500.0,49041.99919849634,6.7367277948115065,0.15922000184655188,0.18985500019043683,-0.8000016212463379,-32.972974932219856,-43.37899552699794,-22.01257714279877,16.981131544992476,1
HK.01243,490,0.032999999821186066,0.032999999821186066,0.0,0.5579001677837475,845829.5,27912.3733487539,4.066839047858025,0.0335000004991889,0.03580000021494925,0.0,-2.941182271212952,-10.810812443516545,0.0,0.0,0
HK.01244,490,2.990000009536743,2.990000009536743,0.0,0.08227192394417697,271830.0,812771.7025923729,6.8219503370191354,3.5275999975204466,5.228499994277954,10.332102119866654,-23.72449103716459,-37.708335609899535,-40.08015738111465,-28.46889635578898,0
HK.01245,490,0.19200000166893005,0.1889999955892563,1.5873048411035533,0.32034425053789145,425000.0,81600.00070929527,4.544076527876341,0.17794000059366227,0.19250902712345122,10.98266443625847,-4.000000596046439,-7.517150728524202,-5.4187156681456985,19.54282616049273,1
HK.01246,489,0.020999999716877937,0.020999999716877937,0.0,,0.0,0.0,0.0,0.020999999716877937,0.020999999716877937,0.0,0.0,0.0,0.0,0.0,0
HK.01247,490,1.2400000095367432,1.2200000286102295,1.6393426604503258,0.8139271987338911,315610.0,391356.4030098915,8.938845827289464,1.5469999980926514,2.422100007534027,-21.019110311489307,-47.45762437898777,-61.8461535527156,-58.10810832580221,-27.90697738890907,1
HK.01250,490,1.309999942779541,1.3700000047683716,-4.379566553284421,0.013886242359673735,119164.7,156105.75018134117,2.9806772169904105,1.5261999988555908,1.791149998307228,-14.93506654355598,-17.61006822145067,-23.837213895977143,-25.98870300022171,-17.61006822145067,0
HK.01251,490,0.24899999797344208,0.23899999260902405,4.1841027923280585,16.8745148771022,699900.0,174275.0985816121,3.2792986160546835,0.25481999665498734,0.23696999862790108,-6.037731541565132,-18.360658316674975,71.72414147471144,31.746033748371417,283.07693401031986,1
HK.01252,489,0.23999999463558197,0.23999999463558197,0.0,,0.0,0.0,0.0,0.23999999463558197,0.29230999641120436,0.0,-5.88235328491722,-21.311479013986766,-9.433959399563019,-11.111116630059483,0
HK.01253,489,0.12399999797344208,0.12600000202655792,-1.5873047785303125,0.0,128400.0,15921.599739789963,1.6885525475287961,0.14378000006079675,0.18001500006765128,-18.421051341658444,-29.943504394453434,-24.39024722661231,-40.952380073854414,-17.333337969249964,0
HK.01255,490,2.7799999713897705,2.4200000762939453,14.876028253980014,2.4431818181818183,116700.0,324425.9966611862,4.5474234314909445,1.915199980735779,1.181799995303154,42.564097610764684,91.72412965300562,826.6666203075002,75.94936049876561,826.6666203075002,4
HK.01257,490,0.8500000238418579,0.8500000238418579,0.0,0.2584113869403886,301489.05,256265.69968805907,1.6481845844845724,0.8549688875675201,0.8951526150107384,-1.4276798538263749,0.8383423224668233,-3.5941100377663084,-8.615244798685964,16.938157225136617,0
HK.01258,490,13.020000457763672,13.380000114440918,-2.690580370688499,0.8959568624728613,17314039.15,225428797.6587381,5.952849086574259,13.49020004272461,13.725150008201599,-9.708735167289156,-6.195962893274707,-4.8245601804731,-14.342101176689814,136.47693115526226,0
HK.01259,490,0.03700000047683716,0.035999998450279236,2.7777835266828066,0.27553742692501176,27909900.0,1032666.3133084774,11.860423352056323,0.03284000031650067,0.0329100005608052,15.6249959982235,15.6249959982235,12.121214173713673,12.121214173713673,60.86956697792547,1
HK.01260,489,0.5099999904632568,0.5199999809265137,-1.9230751596258298,0.6234691605433088,452400.0,230723.9956855774,3.993514388553536,0.4993999981880188,0.45417499855160715,-5.5555610745039266,4.081628681073312,22.891566438103197,21.42857294909813,24.390242661414284,0
HK.01262,489,2.5199999809265137,2.549999952316284,-1.176469488264897,0.0,16570.0,41756.39968395233,10.005038886515054,3.3356000137329103,2.75590000808239,-23.40425501077594,-37.00000047683716,59.4936653467885,30.569950746796803,70.2702667871647,0
HK.01265,490,0.1589999943971634,0.15000000596046448,5.9999920527143455,8.101644245142003,467000.0,74252.9973834753,3.8856284801196876,0.1808199992775917,0.19319500021636485,-9.142858797190168,-19.696972091554844,-14.054058190241914,-11.666673289404713,-15.873016874185709,1
HK.01268,490,0.6700000166893005,0.7099999785423279,-5.633797614353404,0.33960117834231024,1462972.75,980191.7669159919,9.68270529867635,1.0056000006198884,1.4928499981760979,-32.999998331069946,-58.38509250085464,-58.64197440017307,-46.39999866485596,-67.08844478241322,0
HK.01269,490,0.04100000113248825,0.041999999433755875,-2.3809483684514388,0.5490231962300407,858280.0,35189.480971992016,7.071293998771726,0.03883999966084957,0.04980999998748303,7.894743291707789,-21.153845602767717,-16.326526112727137,-25.454542991543587,7.894743291707789,0
HK.01270,490,0.5199999809265137,0.5199999809265137,0.0,0.3382175932833965,290752.7,151191.39845433235,1.9235659653232902,0.5328259575366974,0.4959317499399185,-3.345726225002886,-6.622134920743654,10.185871004829263,11.298856974020003,17.2190099747958,0
HK.01271,490,0.4300000071525574,0.4300000071525574,0.0,0.6550524821810129,29908.5,12860.655213922262,6.482076556082491,0.49639999866485596,0.7986999979615211,-20.370372210019827,-30.645160670086945,-53.260869635638755,-66.14173121177089,-80.80357119098915,0
HK.01272,490,1.1399999856948853,1.0800000429153442,5.555550036607185,0.6162345941351466,236500.0,269609.99661684036,2.3452183933258723,1.187799994945526,1.1934000009298324,0.8849549119871483,-7.317075770973953,-4.201686480785667,1.785712575121809,6.8432906124616,1
HK.01273,489,0.6000000238418579,0.6000000238418579,0.0,0.0,76200.0,45720.00181674957,0.08196713302251629,0.5972000050544739,0.5642806413769722,0.0,1.6949238156632322,2.6490039212551117,0.0,69.01491928358224,0
HK.01274,490,4.170000076293945,3.9800000190734863,4.7738707615556635,0.5344934742075823,743365.0,3099832.1067142487,8.820635956458478,3.779800019264221,6.337250012159347,6.649615978410376,-20.872863541057896,-31.639341942823783,-32.30519188980479,-70.2991446750433,1
HK.01276,258,52.900001525878906,52.45000076293945,0.8579614039918533,0.49598822677948495,5359721.8,283529291.3982864,5.223902101102116,63.72146583557129,71.84515800476075,-19.909161117788837,-15.064881198539457,-23.783996495719403,-28.361065053445262,-8.4750886099041,1
HK.01277,490,1.9500000476837158,1.9299999475479126,1.0362746465984924,0.8592934614213601,33700193.9,65715379.711950466,6.277911107503624,2.008506519794464,1.635467875599861,-2.6217232477693426,-4.91837334936067,25.20064473282079,49.313357686753676,81.3250893889626,2
HK.01278,490,0.07500000298023224,0.07199999690055847,4.1666752900242106,1.307779473237678,4241867.15,318140.04889174923,4.651144949823147,0.08130000054836273,0.0881638366729021,-8.536584257795896,-8.536584257795896,-11.764703304297399,0.0,6.355870332502814,1
HK.01280,490,1.690000057220459,1.6100000143051147,4.9689467207783045,1.4725875685501735,694530.0,1173755.7397413254,6.882446889981188,1.9015999937057495,3.261250004172325,-5.58658697003811,-30.737704197202646,-57.96019738211654,-49.55223566175534,-53.95095307662604,1
HK.01281,490,0.10000000149011612,0.10400000214576721,-3.846154397232281,1.8873319988561623,182550.0,18255.000272020698,3.517813952263031,0.10238000050187111,0.1071850000321865,0.0,11.111108351636926,-5.660374838714258,-9.909909728498162,-10.714287139779408,0
HK.01282,490,0.08299999684095383,0.08500000089406967,-2.352945920092787,0.18930938006184655,1535140.0,127416.61515042186,5.590606921030199,0.09646000027656555,0.1252850003913045,-21.698115263154158,-30.833334419876362,-46.10389786318315,-25.225229034871937,-27.826091012792386,0
HK.01283,490,1.7200000286102295,1.7000000476837158,1.1764694332664312,0.7285974499089253,264000.0,454080.0075531006,3.9177147544171396,1.6288000178337096,1.5728251749277116,-1.7142840794154575,6.172840959723081,14.231816608465078,-4.972371105774867,76.14398963089485,1
HK.01284,490,0.4449999928474426,0.44999998807907104,-1.111110080907347,0.29312288613303267,222250.0,98901.24841034412,3.8310352575539013,0.38908131897449494,0.3529219374060631,5.813951345935718,34.53487745583431,34.53487745583431,22.30443805789845,56.17051309432344,0
HK.01285,490,1.1399999856948853,1.149999976158142,-0.8695644061371431,0.9028150903034524,78850.55,89889.62587203384,1.3857834067825143,1.1585999763011932,1.0725499817728996,-3.389827426361236,13.999998569488525,-0.8695644061371431,4.587151448179559,25.06695872894059,0
HK.01286,490,8.779999732971191,8.399999618530273,4.523811091641521,0.6567450251498245,10604836.6,93110462.51620312,6.394354940297667,9.65659821510315,6.46385372042656,-21.955557929144966,13.991962304202197,75.26828773783137,75.26828773783137,256.72631190149446,1
HK.01288,490,5.730000019073486,5.820000171661377,-1.5463943287513544,1.457094039115667,86867835.5,497752699.0718725,2.158567566470329,5.822212104797363,5.459596347808838,-4.499999682108561,12.110284668042775,4.883116416105419,0.7646391839197605,22.211779709885516,0
HK.01289,490,2.200000047683716,2.2899999618530273,-3.930127321770136,0.149812734082397,24050.0,52910.001146793365,1.6369346534201321,2.2946000146865844,2.544799989461899,-1.3452901853442496,-10.204081434053666,-21.70818176218315,-23.875433639243333,15.896187313485324,0
HK.01290,489,0.5400000214576721,0.5400000214576721,0.0,0.0,30800.0,16632.0006608963,2.7583143160103805,0.5169714426994324,0.5532428815960884,7.653978559505944,5.660378458743724,-7.973219107958439,5.660378458743724,-12.33620788586373,0
HK.01292,489,2.390000104904175,2.5,-4.399995803833008,13.459119496855346,11700.0,27963.001227378845,1.3517392541497355,2.6815999937057495,3.613653312921524,-8.076915670428484,-33.79500902061013,-39.396417912793815,-39.03061075540249,-6.911835799709194,0
HK.01293,489,0.0860000029206276,0.0860000029206276,0.0,,0.0,0.0,0.0,0.0860000029206276,0.0860000029206276,0.0,0.0,0.0,0.0,0.0,0
HK.01298,489,0.8799999952316284,0.8799999952316284,0.0,0.0,5000.0,4399.999976158142,0.18072308191351596,0.9391999900341034,1.0072000083327293,-7.368420392192293,-21.428572188834753,-10.204083866896262,-10.204083866896262,25.714287173991323,0
HK.01299,490,71.0,72.6500015258789,-2.271165163418687,1.7886347664801632,45883725.4,3257744503.4,2.520195286596381,83.09590713500977,79.27149993896484,-16.592527583467415,-15.02250835451277,-8.568518159728267,-13.288276578183758,10.77807986972483,0
HK.01300,489,4.579999923706055,4.360000133514404,5.045866592997515,1.572566015708531,17474281.9,80032209.76881808,13.372139358769527,1.9440000224113465,0.8376500062644482,142.3280401254687,438.8235053224141,1353.9682407528123,1059.4936200774393,1401.6392840329322,3
HK.01301,490,0.375,0.33500000834465027,11.94029571909666,0.2460456942003515,57600.0,21600.0,1.5487044751769916,0.33310000121593475,0.4104750007390976,8.695652549493667,-21.05263058828844,-11.764708357286219,2.7397233430072485,-50.65789411768028,1
HK.01302,490,1.6200000047683716,1.659999966621399,-2.4096363046584477,0.41859501614573813,40515700.0,65635434.19319391,7.21777619829667,1.9011999797821044,1.8470499968528749,-16.92307871004059,2.531643086491392,-11.475411651489631,2.531643086491392,0.0,0
HK.01303,490,0.21299999952316284,0.26499998569488525,-19.62263735047668,4.137931034482759,40900.0,8711.69998049736,5.109754391050085,0.24569999992847444,0.2414499993622303,-14.800000190734863,-7.792210473026061,2.4038438117628047,-0.4672906632318794,-23.928571922742588,0
HK.01304,226,133.5,135.60000610351562,-1.5486769977816242,0.2914549914071782,625692.1,83529895.35,7.816623196064874,132.93373428344728,142.2471838760376,-19.08164497851594,27.563599684978684,5.518043361378834,-2.8745680088481382,,0
HK.01305,490,0.699999988079071,0.7400000095367432,-5.405408235428679,4.005281690140845,133850.0,93694.99840438366,7.09006151436451,0.6454000043869018,0.7716000038385391,2.9411736347271384,-16.66666548403479,12.903223015391266,2.9411736347271384,-5.405408235428679,0
HK.01308,490,33.880001068115234,35.29999923706055,-4.022657789336419,1.5720647407721404,4157335.7,140850537.9565136,3.1649130110658716,33.84523769378662,29.44447385787964,0.0,3.4047242015287678,34.847259738042425,27.371720315222614,49.479879994509865,0
HK.01310,490,6.28000020980835,6.320000171661377,-0.632910771622848,0.763199842539822,1794537.75,11269697.446509004,2.4907686195257686,7.261068077087402,6.572929532527923,-13.779008822091447,-12.007350696084595,-1.934173311555017,2.7754193309745396,33.52801351693191,0
HK.01312,489,0.027000000700354576,0.027000000700354576,0.0,0.24354179351135077,823875.0,22244.625577004626,4.062873335379498,0.029179999604821205,0.029809999754652382,-6.896546630102299,-12.903222123802454,-9.999995653827888,-3.5714290465931358,-15.625001818989318,0
HK.01313,490,1.190000057220459,1.159999966621399,2.5862147812329632,0.9561549261471839,14655915.8,17440540.64061823,3.6650939038122887,1.3678887963294983,1.617426500916481,-13.923285276690441,-33.678602946301,-25.541006455535854,-24.144899442510326,-25.433773203709503,1
HK.01314,490,0.1469999998807907,0.14000000059604645,4.999999467815674,1.2346820809248555,433200.0,63680.399948358536,3.5350171100049996,0.1492600002884865,0.16708500057458878,-2.000003973642827,-9.259259599935097,-18.784527885095414,-15.028898348494762,-29.999997871262618,1
HK.01315,490,0.10100000351667404,0.10499999672174454,-3.8095174571011516,1.86523665190021,41028.75,4143.90389428474,4.178653860033209,0.10632000029087067,0.12938500009477139,-2.8846140069192967,-19.199997186660767,-15.12604942051389,-25.185185553115076,7.446815930863683,0
HK.01316,490,4.760000228881836,4.699999809265137,1.2766047245027552,0.616858151969314,15101355.65,71882456.350426,5.4127912992099,5.111800003051758,6.419650013446808,-10.018898616126615,-29.999998597537807,-19.73017931409586,-28.52852345437456,-16.41124608106174,1
HK.01317,490,0.1850000023841858,0.1850000023841858,0.0,0.14324101303129605,882161.3,163199.84260323644,6.589523743497735,0.23607999682426453,0.3423699969053268,-25.702809682786594,-40.322580335043476,-51.948050138499525,-52.56410021283444,-46.37681071784811,0
HK.01318,365,59.150001525878906,61.5,-3.821135730278201,0.37115130339113506,4117999.55,243579679.66606864,6.285928643287899,68.33972503662109,84.2990586090088,-16.690138695945205,-17.47152478709522,-32.644915691347286,-27.394880309715557,-45.57904769445628,0
HK.01319,490,0.30000001192092896,0.30000001192092896,0.0,1.2304726553087204,144932.9,43479.871727734804,1.6613897938228699,0.28750000059604647,0.26552120707929133,5.263163398397555,11.11111111111111,13.207557779396225,11.11111111111111,73.43630740603544,0
HK.01321,490,0.800000011920929,0.75,6.66666825612386,2.8006872852233675,132500.0,106000.00157952309,5.303802921277638,0.7473999971151352,0.711124999821186,2.5641078544558447,29.03225899486958,6.66666825612386,33.33333002196431,0.0,1
HK.01323,490,0.13099999725818634,0.13500000536441803,-2.9629688498412254,0.6127390085393516,2380052.95,311786.92992433836,3.386573779162304,0.1323800003528595,0.13194000031799077,-6.42857378538773,21.296290611268383,2.343742996891129,11.016946156043444,-20.606065422597368,0
HK.01326,489,0.027000000700354576,0.027000000700354576,0.0,,0.0,0.0,0.0,0.027000000700354576,0.02912500067614019,0.0,0.0,0.0,0.0,-34.146341574220415,0
HK.01327,489,0.699999988079071,0.75,-6.66666825612386,0.9202453987730062,68200.0,47739.999186992645,6.1270043652141135,0.7333999955654145,0.6777499994635582,-9.09090838719426,11.111110059882801,9.375000582076622,-4.109593179530491,133.33332008785723,0
HK.01328,490,4.929999828338623,5.039999961853027,-2.1825423481543282,0.35642999714856,116840.0,576021.1799430847,6.0804760291130835,4.2772000122070315,4.75585000038147,-17.833336194356285,71.77700435267609,37.70949534644218,61.63934116112352,214.01271742881517,0
HK.01330,490,6.159999847412109,6.179999828338623,-0.32362429582607755,0.7098649637105154,1866215.0,11495884.11523819,4.043479021579983,6.045799951553345,5.466208784580231,-0.6451606948963502,13.235290121660967,12.204009184457297,18.234161272732365,47.7319182309024,0
HK.01332,490,0.11400000005960464,0.11400000005960464,0.0,0.3274906617526395,389234.3,44372.71022320017,4.633301190861079,0.14535999968647956,0.16602999970316887,-18.5714288755339,-4.201682829417396,-66.47058857044134,-55.29411678770695,35.714287614944055,0
HK.01333,270,16.559999465942383,16.559999465942383,0.0,1.29057868595816,1282400.35,21236549.111124326,5.271953572323505,19.02760015487671,26.790099968910216,-0.42092422343208313,-13.884556109476856,-35.81395366029824,-40.85714476449149,-46.32091001240549,0
HK.01334,470,1.1299999952316284,1.1200000047683716,0.8928562875609045,0.08788861965583802,3026875.0,3420368.7355667353,16.926862616852826,1.7884000062942504,1.2664499968290328,-39.893617122461485,-24.666666984558105,10.784315329613692,-3.4188002837792526,20.21276575507703,1
HK.01335,490,0.11999999731779099,0.11999999731779099,0.0,0.5158009444242644,282400.0,33887.999242544174,6.148845021800742,0.12287999987602234,0.12904499977827072,-11.764712649748445,0.0,-13.669065789377765,-11.111116630059483,-16.66666494199516,0
HK.01336,490,47.279998779296875,46.70000076293945,1.2419657534945936,0.5796075625048489,8209575.3,388148710.16254574,3.2548856334739513,49.011799850463866,51.143200149536135,-9.684813452918327,-12.118960130527881,2.2049297336201588,-15.871889435141764,57.57360783366941,1
HK.01338,490,0.028999999165534973,0.02800000086426735,3.5714223942892365,0.6331574562621494,360900.0,10466.099698841572,3.0997506972939384,0.02987999975681305,0.03767999958246946,-3.3333339542150635,-21.62162488703309,-23.684210268331686,-19.444443294663436,-44.23077198616141,1
HK.01339,490,5.059999942779541,5.059999942779541,0.0,0.5506226299572432,53192269.9,269152882.6503139,3.5348343769493153,5.40079999923706,6.433509135246277,-8.82883299307495,-20.189277271324247,-27.089338601444872,-27.714286531720845,1.9898400267959562,0
HK.01340,490,0.08799999952316284,0.08900000154972076,-1.1235977630846006,0.7017210859338577,9016664.8,793466.4981005193,14.81608406906921,0.055740000009536744,0.04922000017017126,54.38596399500393,100.0,109.52381121328361,104.65115473165997,158.82351394343212,0
HK.01341,490,0.02500000037252903,0.024000000208616257,4.166667313418449,0.15986020322309236,36598800.0,914970.0136341155,11.517007832426836,0.025880000069737435,0.11210999979637563,13.636365945427883,-62.68656753762099,-78.99159680964894,-69.13580210007031,-93.67088615354714,3
HK.01343,490,0.12700000405311584,0.12700000405311584,0.0,0.10498687664041995,286000.0,36322.00115919113,2.826269251231937,0.13102000057697297,0.11050999969244003,-0.7812515461409196,-3.7878751960010706,35.10639191672216,4.098362808216622,71.6216248870331,0
HK.01345,490,2.2799999713897705,2.2799999713897705,0.0,0.9633911368015414,54100.0,123347.99845218658,2.1120321205910275,2.1999201202392578,2.099836592078209,8.139416543238859,-0.6037665955521518,22.293797821503215,3.813837064062267,18.371510765257224,0
HK.01346,490,1.3600000143051147,1.340000033378601,1.4925358528601556,0.1171875,76000.0,103360.00108718872,0.8107371932075318,1.4204812932014466,1.42187804043293,-2.8571401810159034,-3.7618681110293037,-4.407764211381506,-2.443540468269008,23.072235380292813,1
HK.01347,490,140.10000610351562,137.10000610351562,2.1881837100247012,0.8075673112392074,43040656.6,6029996252.359321,9.417600293234976,116.0820004272461,88.44380016326905,4.552243360832556,59.56719958304231,101.14860449997343,72.3247242860792,343.35444434257164,1
HK.01348,490,0.2800000011920929,0.28999999165534973,-3.4482726727597,0.11719253058596266,6148800.0,1721664.0073299408,12.517024931878456,0.2603399989008903,0.17643499962985515,24.999996673848052,51.35135004518676,89.18918755648345,115.38462420187085,283.5616511058397,0
HK.01349,490,2.2100000381469727,2.240000009536743,-1.3392844313413568,0.8324414317992627,1249550.0,2761505.5476665497,2.9665809392403446,2.704400005340576,3.1171999883651735,-21.35231020820136,-25.08474568052218,-24.829932138288612,-21.631202465823076,-24.370713405647784,0
HK.01351,490,0.2549999952316284,0.26499998569488525,-3.7735815105932082,1.2996389891696751,230600.0,58802.99890041351,5.460215979800646,0.3235000014305115,0.4203750014305115,-26.086957648481,-25.00000219134721,-58.87096882734784,-29.166670805877942,-10.526316339839756,0
HK.01354,475,1.7899999618530273,1.8799999952316284,-4.787235830152887,1.6749125135754797,118800.0,212651.99546813965,4.790463795383839,2.5733999943733217,3.689749997258186,-24.152540617789036,-40.1337807309786,-54.33673655574689,-43.17460610602829,-93.82758633843784,0
HK.01355,490,0.14000000059604645,0.14000000059604645,0.0,0.17211241091838106,936625.0,131127.500558272,5.313903039906509,0.14348000079393386,0.13749500017613173,-4.761904279197888,-14.11043040129375,5.263157305058922,12.000000476837158,41.414142782475786,0
HK.01357,490,4.900000095367432,4.760000228881836,2.9411735242391543,0.7687648907805801,128910715.15,631662516.5288838,7.5043984876981895,4.576358709335327,7.083230612277984,-7.101866660302322,-7.275837205019391,-39.76313698327889,-33.358402725419275,-23.858142026764977,1
HK.01358,490,1.159999966621399,1.159999966621399,0.0,0.19935592700506058,862500.0,1000499.9712109566,0.9782417232776404,1.1489999747276307,1.2972224986553191,-1.694913713180618,-10.077519308209066,-13.432840468172232,-10.769230063850333,19.730189543562094,0
HK.01359,490,1.0299999713897705,1.0299999713897705,0.0,0.676380596853443,54065345.3,55687304.11217806,3.4822406859489834,1.1070000004768372,1.266799995303154,-11.206896463132214,-14.166672461562458,-18.253969905898458,-21.374044551152434,0.9952990707198979,0
HK.01361,490,4.789999961853027,4.820000171661377,-0.6224109697076841,0.5617475674674173,7554367.15,36185418.360323764,3.376025014649679,5.633873882293702,5.667158813476562,-9.224036401626263,-10.87451037070535,-17.753325263157464,-8.886583848475398,17.615684279939003,0
HK.01362,489,0.8899999856948853,0.8899999856948853,0.0,0.0,0.0,0.0,0.0,0.829599986076355,0.5808249971270562,-1.111110080907347,53.448277811091295,81.63264660674413,61.818175709937364,157.66820942023315,0
HK.01364,325,22.3799991607666,23.280000686645508,-3.8659858218783856,0.7135304877497601,5531420.75,123793191.74284697,4.120050563781265,24.92199993133545,24.578016376495363,-6.750003496805827,-17.23373371664644,-0.5451318834512543,-8.80196281245463,-11.830522272861062,0
HK.01368,490,4.429999828338623,4.389999866485596,0.9111608899671612,0.5274332973097485,20511141.6,90864353.7670292,3.0273284531013753,4.347748146057129,5.202978641986847,4.1128016261099205,-12.400255678874274,-18.981990063886478,-15.347533707878478,-21.441654483860393,1
HK.01370,490,0.1469999998807907,0.1599999964237213,-8.124998020939485,0.8747514910536779,100650.0,14795.549988001585,7.0882264973365725,0.2228400006890297,0.2603049993515015,-31.627908169481785,-41.200000047683716,-40.000001216421296,-54.06249901046974,-63.25000057741998,0
HK.01371,490,0.16599999368190765,0.18000000715255737,-7.77778495241066,0.4737774591576175,362262.2,60135.52291119397,2.564078517109218,0.17288000166416168,0.24138499967753888,-5.681821260570511,-8.791210410704666,-36.15384624201871,-27.192985265300468,3.749998370185458,0
HK.01372,490,0.8999999761581421,0.8999999761581421,0.0,0.29391837393127923,3111100.0,2799989.925825596,9.254906127497517,1.0451999926567077,1.2464499932527542,-6.250000388051082,-21.739130885479366,-50.0,-42.30769171987528,-47.058826416833924,0
HK.01373,490,0.7200000286102295,0.7099999785423279,1.4084577986089954,1.9740413561664116,259719.0,186997.6874306202,1.9982794129637553,0.7295999991893768,0.7435245764255524,0.0,-5.2631529414422,-2.597390345223972,8.27842324183882e-06,-16.046684052812292,1
HK.01375,490,1.6699999570846558,1.6799999475479126,-0.5952375461590091,0.6728293706142904,9453544.6,15787419.07629788,3.5999334440446065,1.8575999927520752,2.2666526579856874,-16.08040456877088,-17.326734017161886,-26.431719334066443,-22.685190244221193,12.40158625406944,0
HK.01376,489,0.09600000083446503,0.09600000083446503,0.0,,0.0,0.0,0.0,0.09750000074505806,0.17504500053822994,0.0,-31.91489429158719,-27.819548956420153,-33.79310096770199,68.4210540074941,0
HK.01378,490,26.780000686645508,26.780000686645508,0.0,0.7773776826424954,49381795.45,1322444516.058788,4.587811007708238,31.978929824829102,30.164381189346315,-14.732666001391442,-22.91089477046713,-4.613279922040745,-16.838031898857317,101.79529030928846,0
HK.01379,490,2.4000000953674316,2.5799999237060547,-6.976737738815951,38.333333333333336,1275.0,3060.0001215934753,0.02083331263727694,2.698753900527954,3.1677777516841887,-8.172632345982795,-30.814997491730683,-25.72786300257664,-21.085856259769383,14.264824852840336,0
HK.01380,490,0.5699999928474426,0.5699999928474426,0.0,0.7437462546217671,857642.5,488856.2188656628,5.219359004764903,0.6073999953269958,0.4916449999064207,3.636360089641049,-3.389827426361236,243.3735027362034,-18.57142820650217,391.37931831810073,0
HK.01382,490,1.1100000143051147,1.100000023841858,0.9090900224102623,0.49494716323119825,837568.35,929700.8804815114,2.4868812371636118,1.1601999974250794,1.2767468941211702,-11.19999885559082,-15.267170779417668,-6.81518225138586,-11.904760102656228,-6.635664057224109,1
HK.01384,149,53.04999923706055,50.599998474121094,4.841898886997958,0.9694065146215306,10077139.0,534592216.2617531,14.143414433727358,54.59719993591309,,-15.255590207415942,-51.10599148658014,-32.204473818452975,-19.49924429633309,,1
HK.01385,490,27.1200008392334,26.84000015258789,1.0432216283669073,0.9528586618189738,7675074.5,208148026.88117886,6.52679642709275,38.72319980621338,41.81119986534119,-39.46428281007976,-41.82753869458962,-28.818892584328342,-42.591024818707,-3.5300203948984263,1
HK.01388,489,0.29499998688697815,0.29499998688697815,0.0,0.0,70850.0,20900.749070942402,4.6962362362908285,0.3354000014066696,0.381800000667572,-7.812502037268178,-25.316461044480075,-22.3684235292789,-20.270274841846327,-28.048783058498977,0
HK.01389,490,0.5299999713897705,0.5799999833106995,-8.620691958562439,1.6531965588713629,150373.3,79697.84469778537,2.02218029350742,0.4515999984741211,0.434140000641346,9.278341393273893,130.4347659892534,-8.620691958562439,47.222208424851296,53.62318064379754,0
HK.01393,490,0.052000001072883606,0.052000001072883606,0.0,1.0498043127925716,608300.0,31631.600652635098,2.9614069117779014,0.05921999998390674,0.06167999980971217,-14.754097559733351,-5.45454299154359,-14.754097559733351,-17.46031708487879,-13.333329608042952,0
HK.01395,490,0.1550000011920929,0.13899999856948853,11.510793372134957,34.666666666666664,20500.0,3177.5000244379044,2.219367299678618,0.15726000130176543,0.15968000076711178,1.3071922160228198,-12.429378388383022,3.3333300219643105,-3.124997089616889,19.230774521122513,1
HK.01396,490,12.020000457763672,12.270000457763672,-2.0374897365371814,0.4560227791847998,7988038.65,96016228.22963391,10.858762236889275,11.35160008430481,7.103150029182434,-29.08554621398628,110.5078875212134,119.74407529808208,132.49516983334496,286.4952046049285,0
HK.01397,490,1.0,1.0,0.0,0.17766497461928935,139600.0,139600.0,1.4370414853942914,1.0205750036239625,1.084456242620945,-3.0303030303030303,-13.978496387881693,-13.978496387881693,-7.246376811594203,76.38038715716681,0
HK.01398,490,6.929999828338623,6.929999828338623,0.0,1.3311399294380304,170778715.4,1183496468.4058907,1.9637971454508094,6.825086002349853,6.151462407112121,-0.7163351088572092,10.497598946516876,12.591269093609043,12.414747762129965,31.71914068433621,0
HK.01399,490,0.4399999976158142,0.4399999976158142,0.0,0.5094032281948764,2017800.0,887831.9951891899,14.474144490900395,0.29745999932289124,0.22071999944746495,49.152548194651,123.35025611087553,124.48980057304088,134.0425599371488,145.81004749474442,0
HK.01400,490,0.01899999938905239,0.01899999938905239,0.0,0.05669362474060751,30912035.0,587328.6461143661,6.7435247975558745,0.018219999819993973,0.018909999700263143,5.555556705336561,5.555556705336561,0.0,5.555556705336561,5.555556705336561,0
HK.01401,490,0.29499998688697815,0.30000001192092896,-1.666674945089223,0.35972237896399956,6998400.0,2064527.9082298279,9.250146700998183,0.6114000034332275,0.7429000017046928,-37.89473882342312,-71.3592237785272,-49.13793183181007,-55.30303406594965,-78.6231892821519,0
HK.01402,490,0.2750000059604645,0.2750000059604645,0.0,1.1363636363636365,139500.0,38362.500831484795,2.204645872853305,0.2903000020980835,0.2523100002110004,-3.508768627628134,18.53448873857556,19.047618433264862,14.583338377997393,61.76470768699183,0
HK.01405,490,35.220001220703125,35.97999954223633,-2.112279964431499,0.27502050965130487,748739.05,26370590.2549881,5.007227782117324,45.99980010986328,68.85219997406006,-22.93216491745688,-44.00635871811134,-53.2270919079585,-51.218832812484486,-62.92631450452303,0
HK.01406,489,0.35499998927116394,0.35499998927116394,0.0,,0.0,0.0,0.0,0.35499998927116394,0.35499998927116394,0.0,0.0,0.0,0.0,0.0,0
HK.01407,490,0.5600000023841858,0.550000011920929,1.8181800448205245,0.6925323320817689,248000.0,138880.00059127808,4.706621709390389,0.5655999934673309,0.5937499991059303,-3.4482726727597,-25.333333015441895,-6.666669978035689,-8.196723073504641,58.177521808197966,1
HK.01408,490,0.375,0.375,0.0,0.38809831824062097,154100.0,57787.5,2.7767340619333787,0.4094736593961716,0.3002793115377426,-12.372475920716976,-14.364011372114147,71.27197725577172,59.6603194383389,159.86093222844337,0
HK.01410,490,0.8700000047683716,0.8799999952316284,-1.136362558800321,0.5346820809248555,2078000.0,1807860.0099086761,7.498409063947778,0.7647999966144562,0.5455499988049268,8.749998975545182,42.62294825672052,128.94737254879814,77.55101792567082,328.571443252376,0
HK.01412,490,1.059999942779541,1.0399999618530273,1.9230751596258298,0.9139213602550478,96300.0,102077.9944896698,0.6186583574602545,1.1117999720573426,1.4189570981264115,-4.504510890198043,-10.92437883949061,-36.14458047628995,-33.33333833162629,-13.60425865077303,1
HK.01413,490,0.1770000010728836,0.17800000309944153,-0.5617988815423003,0.02715006022005838,4745800.0,840006.605091691,11.223523396420823,0.2772429206967354,0.38333573035895824,-43.80952304362889,-50.1408432613547,-62.73684141180191,-54.02597260849129,-52.799999713897705,0
HK.01415,490,27.239999771118164,27.360000610351562,-0.4385995488172487,0.7689240921046436,2910850.95,79291579.21175909,4.81965799613774,28.701617126464843,29.857188062667845,-12.951357894586065,9.432571595569797,2.0614671144955947,-2.209187194951603,23.38706604794604,0
HK.01416,490,0.20900000631809235,0.20200000703334808,3.4653460599081245,0.32679738562091504,1388000.0,290092.0087695122,5.7257477943958826,0.20092000007629396,0.18741499945521356,-0.47618436029419436,14.207654767288643,-12.552295907392836,12.972974932219856,171.4285811046502,1
HK.01417,490,1.8899999856948853,1.9800000190734863,-4.5454561874557635,0.2251342345608674,2928650.0,5535148.458105326,25.964973444430324,0.679579998254776,0.3451199995726347,844.9999787658455,687.5000116415324,641.1764788380133,821.9512205759306,668.2926558902199,0
HK.01418,490,0.1550000011920929,0.16300000250339508,-4.907976189224632,0.07561436672967864,53100.0,8230.500063300133,4.42466298422672,0.16840000003576278,0.21066031962633133,-10.91953698151451,-19.689120091080838,-37.99999952316284,-33.47639301077968,-42.034333120385035,0
HK.01419,490,0.800000011920929,0.800000011920929,0.0,4.087591240875913,33000.0,26400.000393390656,0.508908031637042,0.8041999983787537,0.8546066364645958,0.0,-2.439022085483674,2.4691341059035117,0.0,5.06328757213047,0
HK.01420,489,0.20999999344348907,0.20999999344348907,0.0,0.13152804642166344,468600.0,98405.99692761898,3.468696371419522,0.23665999948978425,0.20939999975264073,-5.4054095778756155,-27.586207073735576,20.68965487710738,22.093015297514235,101.92306645258667,0
HK.01421,490,0.4399999976158142,0.4000000059604645,9.999997764825855,0.08591295943297447,448587.5,197378.49893048406,2.1286184236349133,0.39559999883174896,0.44937499791383745,11.392401434102805,12.820516347415007,-37.14285641300434,11.392401434102805,75.99999904632568,1
HK.01425,490,0.6499999761581421,0.6499999761581421,0.0,0.8319649698960043,475750.0,309237.4886572361,0.9920555424000719,0.6687999963760376,0.6447999957203865,-5.797104579113893,4.838705025652108,3.174600171093715,3.174600171093715,-6.132549376603595,0
HK.01427,490,0.24699999392032623,0.24799999594688416,-0.40322663020208255,0.02092050209205021,118200.0,29195.39928138256,11.306752447843579,0.20805999845266343,0.22455999970436097,-0.40322663020208255,13.302752230867934,0.8163220869507675,-1.2000024318695068,23.499995119869784,0
HK.01428,490,7.630000114440918,8.930000305175781,-14.557672411068005,3.681375538856898,17246367.8,131589788.28769016,5.658189650166447,11.393400039672851,9.84620003938675,-35.9361862955958,3.9509530766260403,2.6917939532041113,-10.023578699053209,4.951858795858272,0
HK.01429,490,0.21799999475479126,0.2240000069141388,-2.678576774172776,0.2888665997993982,3340700.0,728272.5824773312,5.9501087084699655,0.2721199974417686,0.15293999949470163,-14.509804379889626,25.28735691245191,124.74225600501416,127.08332589568782,363.82979195600416,0
HK.01431,490,0.26499998569488525,0.27000001072883606,-1.8518610500991368,0.13345067107152733,926159.75,245432.3205011785,4.491471398375515,0.31149999976158144,0.30035999983549116,-14.516134304260945,-3.6363709268489552,6.425697932395047,1.9230751596258298,7.72356844518078,0
HK.01432,490,0.32499998807907104,0.32499998807907104,0.0,0.0727445258699809,13939407.15,4530307.157579318,1.8964461547975617,0.3294000035524368,0.3423250010609627,-4.411769217479552,-5.797104579113893,1.5624985448084445,-4.411769217479552,64.9746158336867,0
HK.01433,489,0.08100000023841858,0.08100000023841858,0.0,,0.0,0.0,0.0,0.08060000032186508,0.09246500018984079,0.0,-16.49484757802371,-8.98876536179935,-14.736840784384587,5.76036828253984,0
HK.01440,490,14.899999618530273,15.460000038146973,-3.622253675516941,0.6769913216160105,1891600.0,28184839.278411865,10.02285901817475,14.592999973297118,10.575849997997285,10.370367544668692,20.74553836537442,59.52890123242492,98.66666158040364,149.9999919993766,0
HK.01442,489,0.32499998807907104,0.32499998807907104,0.0,0.0,44250.0,14381.249472498894,2.736694688948354,0.2877999985218048,0.3217749997973442,14.03508496746789,3.174600171093715,-5.797104579113893,0.0,0.0,0
HK.01443,490,0.04600000008940697,0.04600000008940697,0.0,2.437959102640461,564600.0,25971.600050479174,5.0518681401257375,0.048379999995231626,0.06032500023022294,-13.207545976233071,-9.803919706698395,-33.333331533676144,-36.111108236658595,-33.333331533676144,0
HK.01446,490,0.36000001430511475,0.36000001430511475,0.0,0.374651255480271,255600.0,92016.00365638733,3.5637264176896903,0.3523000055551529,0.40170000165700914,5.882356034843122,2.857148695965302,0.0,-24.99999534338702,-5.2631529414422,0
HK.01447,489,0.550000011920929,0.550000011920929,0.0,0.0,11600.0,6380.000138282776,0.9579780205797913,0.5509555697441101,0.5048444557189942,3.8461525476126788,-9.34065998845766,28.349177143740988,25.52831409296255,3.8461525476126788,0
HK.01448,489,2.640000104904175,2.640000104904175,0.0,,0.0,0.0,0.0,2.640000104904175,2.7837692987918854,0.0,-5.035966472172563,-7.692300638503319,-7.692300638503319,-18.05991303354937,0
HK.01449,490,0.3100000023841858,0.3100000023841858,0.0,0.08946236559139785,567300.0,175863.0013525486,7.4182395905686205,0.27947999924421313,0.2627649976313114,14.814811135515901,24.000000953674316,21.568630659227384,16.981139289989432,26.53061075540249,0
HK.01450,490,0.8399999737739563,0.800000011920929,4.999995157122685,0.5611664639556511,986539.9,828693.4901269615,5.772983848335303,0.8008000028133392,0.9628999996185302,11.999996503194172,2.439022085483674,-27.586207073735576,-26.31579084959939,-11.578949019519266,1
HK.01451,490,1.100000023841858,1.100000023841858,0.0,0.4124059832671343,571150.0,628265.0136172771,8.26637527964868,1.2548000025749206,1.1081319224834443,-22.535207247454903,-16.030528863391243,18.360808568337998,-10.569105139490373,39.88095639633308,0
HK.01452,490,0.16899999976158142,0.17000000178813934,-0.5882364800231967,0.2677876381753075,618950.0,104602.54985243082,9.098238627257862,0.13419999957084655,0.1217849999666214,18.18181249796802,37.398369994731894,53.6363642521141,46.956518865938726,108.64197440017307,0
HK.01455,490,0.23800000548362732,0.2370000034570694,0.42194177720299675,0.6961613532856213,778750.0,185342.50427037477,3.6140477768191146,0.22488000005483627,0.22940999999642372,3.930132425121666,1.7094051927618055,8.181821260570512,2.5862122120671662,45.83333143112226,1
HK.01456,490,3.7799999713897705,3.8299999237060547,-1.305481809720307,1.1196330587433827,3616081.15,13668786.643543089,3.8960523139019028,4.3961999797821045,5.340199987888337,-19.230766879501108,-19.74522418736724,-29.213485704529564,-28.000000544956755,5.555170885264378,0
HK.01458,490,1.3300000429153442,1.3799999952316284,-3.6231849629747175,0.6109759229257657,1705225.05,2267949.38968032,3.896081797049228,1.4860000109672546,1.7533499991893768,-13.07189099440028,-17.901232160458648,-23.56321634334687,-18.902435700216838,-49.42965836341517,0
HK.01459,489,0.21400000154972076,0.21400000154972076,0.0,0.06831767719897523,112600.0,24096.400174498558,4.237945057559638,0.2240999999642372,0.2596449986845255,-4.464287971317394,-10.83333069458598,-23.571428343349574,-11.203317629199253,-37.97101382922786,0
HK.01460,490,0.25,0.24500000476837158,2.040814340536656,2.2682504626037128,373060.0,93265.0,4.757170385997448,0.22204000055789946,0.27599551558494567,19.04762276446209,3.305785683740093,-19.35483932991305,-12.280700653653822,10.715289962825034,1
HK.01461,490,0.5099999904632568,0.5799999833106995,-12.068964631322139,0.021208907741251327,92650.0,47251.499116420746,3.08864442736812,0.5880000019073486,0.6870500001311303,-16.393446147009282,-23.88060033440874,-25.00000219134721,-22.72727724277594,4.081628681073312,0
HK.01463,490,0.3100000023841858,0.3100000023841858,0.0,0.39537869062901154,794400.0,246264.0018939972,4.57391775270017,0.29149999558925627,0.2662949965149164,21.568630659227384,21.568630659227384,24.000000953674316,21.568630659227384,35.371178811980535,0
HK.01466,490,0.5199999809265137,0.5199999809265137,0.0,0.1072981931750685,502610.0,261357.19041347504,4.357740908151757,0.5521999979019165,0.5501249985396862,-3.7037110623015317,-3.7037110623015317,-17.46031986312503,-8.77193202602569,-25.714287173991323,0
HK.01468,490,0.0689999982714653,0.06599999964237213,4.545452492952992,0.03379870566320358,12810750.0,883941.7278561741,8.624959581473513,0.06774000048637391,0.13399000015109777,-4.166664941995158,-21.590910630285258,-53.06122562760498,-49.264709910564555,-69.60352473514007,1
HK.01470,490,0.15399999916553497,0.15399999916553497,0.0,1.6901408450704225,138600.0,21344.399884343147,1.7864977321769115,0.1587200018763542,0.13695500142872333,-4.93827239984856,5.479453033478419,40.0,49.514562123591965,201.96078832403424,0
HK.01471,451,11.489999771118164,11.0,4.454543373801491,3.3166388425153035,30220.0,347227.7930831909,6.808288577647895,17.25026231765747,18.588923163414,9.898645930649714,-62.29107041617499,-4.2440432775725,-34.990386802768015,-15.794547759418384,1
HK.01472,490,0.12300000339746475,0.12800000607967377,-3.9062519099387827,0.11153026078399213,2872750.0,353348.25976006687,9.77843626028184,0.10332000091671943,0.07769000044092536,-1.5999972820281982,53.75000768341142,95.23809749072728,108.47458076593483,119.6428564301103,0
HK.01473,490,1.7999999523162842,1.4800000190734863,21.621616832351467,1.0702037537754991,17444675.0,31400414.168173075,18.0410586444577,0.7179000002145767,0.5164863142371178,259.99999046325684,267.34692189456155,323.5293886653286,328.5714305987975,1093.9672978398846,1
HK.01475,490,6.289999961853027,6.371200084686279,-1.2744870943297377,0.6664183931476508,472471.0,2971842.5719766617,4.751814050543574,7.021721706390381,6.859610633850098,-11.808810824680856,-14.157447269582319,-2.3215710492828188,-6.8385009931582434,-5.0509936398040685,0
HK.01476,489,1.2100000381469727,1.2300000190734863,-1.6260146842582102,0.19834710743801653,55500.0,67155.00211715698,2.7088655648780184,1.398914442062378,1.7372550284862518,-14.88980770536904,-28.744957233493036,-35.49542967835973,-33.028044486906765,-33.392025849906226,0
HK.01477,490,5.460000038146973,5.300000190734863,3.0188649368694613,0.5489392360101533,915816.95,5000360.581935644,4.574532489272634,7.043599996566773,7.878899998664856,-22.111271613782865,-17.89473744593545,-31.23425694207936,-27.68212052699915,-28.720624713959953,1
HK.01478,490,8.609999656677246,8.720000267028809,-1.2614748507231792,0.5824222437701324,8261945.75,71135350.07098603,5.0445357799718415,8.319655542373658,10.267546119689941,-0.05109127192800858,11.510175003225225,-3.285682332085979,3.6464491411681683,39.1721127927125,0
HK.01480,490,2.0999999046325684,1.6100000143051147,30.434775526318266,5.578701125097472,1424425.0,2991292.364156246,11.312481394689778,1.1148000001907348,1.172850000858307,70.73169691610418,84.2105202617627,66.6666603592968,74.99998509883939,119.02377932007187,1
HK.01481,490,1.649999976158142,1.6799999475479126,-1.7857126384770277,1.4276154360919027,210150.0,346747.49498963356,2.6252785100106486,2.221800010204315,1.83844999730587,-12.698413299114591,-38.66171222824936,-5.714287076677595,-10.810813248984708,240.20617061675443,0
HK.01483,490,1.1299999952316284,1.159999966621399,-2.5862045045697752,1.0129564193168434,422200.0,477085.9979867935,3.2919189879770356,1.2728000044822694,1.1279499977827072,-16.911765930458735,4.629625030505987,21.505374896869544,3.6697211585436476,-5.042021773425426,0
HK.01486,489,0.6200000047683716,0.6299999952316284,-1.5873000855468575,0.0,34050.0,21111.000162363052,1.666021547348829,0.6951999974250793,0.5591000002622605,-11.428569239013012,-23.45678976006923,8.77193202602569,-3.124997089616889,129.62962227103182,0
HK.01488,489,0.7799999713897705,0.7799999713897705,0.0,0.0,307807.5,240089.8411935568,2.6259597817336706,0.8071999990940094,0.6919500023126602,-4.87805143982653,29.999990065892934,29.999990065892934,29.999990065892934,-25.714285065527648,0
HK.01489,490,0.5,0.5400000214576721,-7.407411086706321,4.378810975609756,1441250.0,720625.0,6.529163611454488,0.4661999958753586,0.43174999952316284,-13.793100967701989,33.33333333333333,9.890106723095888,28.205132907664453,26.582275042834237,0
HK.01490,490,0.29499998688697815,0.30000001192092896,-1.666674945089223,0.4778802933522593,1700800.0,501735.97769737244,6.585313678417837,0.26443999707698823,0.21363999940454959,7.272720179282098,40.476188617768955,52.84973121162421,56.08465278913871,54.45025520384047,0
HK.01496,490,0.16699999570846558,0.16099999845027924,3.7267064074160765,0.30434782608695654,180400.0,30126.79922580719,3.555324378986555,0.17517999976873397,0.16480889864265919,-7.734806084020818,-9.729733212835297,7.237737278939946,9.15032603351729,14.553510154693306,1
HK.01497,490,6.889999866485596,6.900000095367432,-0.14493085135679867,70.20979020979021,12900.0,88880.99827766418,0.7172076153727014,5.884862604141236,6.345981907844544,6.392726105335549,18.601731183865397,3.352935235471742,22.830310897345985,13.04226836562309,0
HK.01498,490,0.3050000071525574,0.30000001192092896,1.6666650109821552,0.501038062283737,874050.0,266585.2562516928,3.303747312282916,0.3031000018119812,0.3643750010430813,-8.955224013376348,-3.174600171093715,-19.736839215841286,-12.857139329520963,-38.999998569488525,1
HK.01499,490,0.11999999731779099,0.11800000071525574,1.694912364756178,0.47116414257304573,2641000.0,316919.992916286,3.6800004979893206,0.1460000005364418,0.23916999936103822,-14.285716566504256,-22.580647487173948,-41.176470803073265,-34.42623037586266,-27.272731788230487,1
HK.01500,490,0.2849999964237213,0.29499998688697815,-3.389827426361236,0.14435389988358557,532500.0,151762.4980956316,6.432545335750229,0.2514000004529953,0.14967000065371394,0.0,70.65868487880091,307.1428503004872,131.70730776548552,375.000004656613,0
HK.01501,490,29.81999969482422,29.979999542236328,-0.5336886252673183,0.9453155735401563,176440.0,5261440.746154785,4.214243309203545,35.695141372680666,31.99939137458801,-23.79286833579229,1.3354347620084062,0.18696461385809196,2.580517830490076,22.928790743936815,0
HK.01502,490,2.180000066757202,2.1600000858306885,0.9259250061011975,0.23391812865497075,120250.0,262145.00802755356,1.6469856506429619,2.2272000169754027,2.218500003814697,-5.627700400109735,-0.4566205571678748,5.314016283183232,7.3891673636201665,7.369961812878407,1
HK.01508,490,1.2200000286102295,1.2200000286102295,0.0,0.5802254767406415,19711336.6,24047831.215945866,3.1766743622599227,1.3300000023841858,1.5625500059127808,-4.687495634425334,-23.270440062957498,-23.270440062957498,-31.46067144834333,26.469957629155573,0
HK.01511,14,83.30000305175781,81.94999694824219,1.6473534518473003,,,,,,,,,,44.869570524796195,,1
HK.01513,490,25.420000076293945,25.799999237060547,-1.472865007766162,0.7942307629814738,987654.95,25106188.90435209,2.2727294732065135,27.671200065612794,30.681899976730346,-8.954154703325653,-8.561148295262516,-17.840983718430962,-11.243014601872932,-9.17105525991583,0
HK.01515,490,2.5199999809265137,2.549999952316284,-1.176469488264897,0.3169590098662659,3945362.4,9942313.172748184,2.771837060529659,2.7583999967575075,3.189978711605072,-10.954061877626396,-17.647057906887415,-22.222223039844234,-21.73913172248759,-36.506481631827256,0
HK.01516,490,0.8299999833106995,0.8899999856948853,-6.741573409952315,3.245169991746981,10744489.55,8917926.147181986,4.831219762934859,0.9731577026844025,1.3589697220921517,-26.340083518438504,-35.8989973516443,-46.171597742012494,-40.01978193098111,-49.71717944825528,0
HK.01518,490,0.47999998927116394,0.49000000953674316,-2.0408204226431472,3.32094175960347,69000.0,33119.99925971031,5.0007977712353675,0.5458999961614609,0.6679749985039234,-5.88235328491722,-22.580647487173948,-28.358212341096912,-27.272731788230487,-60.00000248352677,0
HK.01519,490,8.609999656677246,8.789999961853027,-2.04778505070477,0.719149934883644,37558963.85,323382665.85365313,4.0210483441023905,9.690400009155274,10.101550016403198,-10.125263828327473,-11.692311213566708,-9.368424666555304,-17.291068368097402,26.061489792892097,0
HK.01520,490,0.6200000047683716,0.6200000047683716,0.0,0.20378580781809574,3298436.05,2045030.3667281687,9.427742363931031,0.6212000000476837,1.047199999988079,8.77193202602569,-13.888891648363074,-46.551722188908705,-43.11926735941479,10.714286094417377,0
HK.01521,490,0.9200000166893005,1.0099999904632568,-8.910888576610382,2.6773303009615446,352272.9,324091.07387918833,7.7748681732597955,0.9654000008106232,1.1056499990820885,-2.127657550770317,-16.36363665919658,-13.207540910156226,-8.910888576610382,-19.298243137387765,0
HK.01522,490,0.2750000059604645,0.2849999964237213,-3.508768627628134,3.2716377678603874,1613355.0,443672.63461634517,2.4234662236448634,0.29880000233650206,0.3324750030040741,-9.836065733954968,-16.666668171834402,-16.666668171834402,-19.11764615650409,2.785149966014788,0
HK.01523,490,9.020000457763672,9.170000076293945,-1.635764637756642,0.5068037990482661,1778795.25,16044733.969267845,5.207315604189411,8.184600009918213,7.062875025272369,3.3218892409363794,4.719484732830766,54.54430036197541,50.52361716068251,59.129616741680515,0
HK.01525,490,1.8799999952316284,1.7400000095367432,8.045976145262136,1.253241863967205,282125.0,530394.9986547232,4.246360210380405,1.9698408842086792,2.4642894423007964,1.1220347796925991,-20.933391677687286,-27.222781888233644,-28.30900793790417,-20.933383749598413,1
HK.01526,490,0.7200000286102295,0.7200000286102295,0.0,0.4716981132075472,524950.0,377964.01501894,9.88124933309365,0.7972000014781951,0.9381999990344048,-7.692300638503319,-16.27906783327278,-25.773195116106155,-32.7102809985638,-32.07546533236226,0
HK.01527,489,2.0299999713897705,2.0299999713897705,0.0,0.0,6400.0,12991.999816894531,1.2459205110571567,1.9925999927520752,2.0361499905586244,-1.4563093312173492,1.4999985694885254,3.045682330363671,4.102560089733415,61.1111100598828,0
HK.01528,490,1.2200000286102295,1.2300000190734863,-0.8130073421291051,0.22153879183595326,3556567.05,4339011.9027542,3.1645029213435913,1.3171999859809875,1.3488499927520752,-14.084502430904152,-11.594200519873441,-3.9370041785203256,-2.3999977111816406,-12.23021286576991,0
HK.01529,490,0.33000001311302185,0.33500000834465027,-1.4925358528601556,0.06688963210702341,178200.0,58806.002336740494,7.707455530342642,0.4443000018596649,0.5016250003874302,-36.53845668897103,-39.99999891627921,-31.958762189763977,-44.06779190138522,-18.518515520571142,0
HK.01530,490,15.40999984741211,15.229999542236328,1.1818799119238224,0.8001167253160392,32785555.05,505225398.3178213,6.001555392934131,21.310799865722657,25.974599952697755,-28.789277809390647,-24.386651216954927,-50.48200696709328,-37.30675388428291,-17.46081464670225,1
HK.01532,489,0.13699999451637268,0.14000000059604645,-2.142861476358084,0.07540056550424128,144000.0,19727.999210357666,4.6579906308612955,0.12226000115275383,0.11047000043094159,3.7878751960010706,52.2222100805358,35.64355420418913,31.730761240131923,25.688071387773885,0
HK.01536,490,0.29499998688697815,0.2800000011920929,5.357137725365427,0.2298347378789537,916100.0,270249.4879871607,12.40944289458699,0.24259999811649322,0.20164999924600124,25.531909632002826,39.15093885399807,68.57142394902746,102.05478850863257,207.29165033618418,1
HK.01538,490,0.8500000238418579,0.8700000047683716,-2.2988483697581654,0.33337062311220494,850500.0,722925.0202775002,5.213436541668792,0.732163850069046,0.506398786008358,20.0544581874216,65.358034669145,113.75549916285317,124.71733517889605,186.99231937242843,0
HK.01539,490,0.3400000035762787,0.33500000834465027,1.4925358528601556,0.2651622002820874,305500.0,103870.00109255314,3.7117513409101015,0.36719999969005584,0.3475200006365776,-8.108108325802206,-12.820508705793602,6.250003492459733,17.241383917124878,-8.108108325802206,1
HK.01540,490,0.4350000023841858,0.4449999928474426,-2.2471889042670363,0.7017041176874756,811256.35,352896.5141841858,4.047092884421807,0.40113953590393064,0.40772674784064294,16.000000635782875,1.6576060914701145,6.278410069326959,8.749998975545182,8.749998975545182,0
HK.01541,490,3.0799999237060547,3.119999885559082,-1.2820501064172196,0.5141801890993257,2155515.0,6638986.0355472565,8.675670510485574,4.294200005531311,7.106400005817413,-23.950622749299285,-13.239437603472826,-55.16739483241776,-49.34210588231973,-76.08695732655474,0
HK.01542,489,0.9300000071525574,0.9300000071525574,0.0,0.0,1150.0,1069.500008225441,0.2499997615814209,1.0464000153541564,1.1973000025749208,-6.999999284744263,-15.454546636786318,-26.771651880334147,-18.421050980480732,-37.16216248870331,0
HK.01543,489,0.1899999976158142,0.1860000044107437,2.150533930223632,0.04975124378109453,172000.0,32679.999589920044,2.9966695535282186,0.19297999978065491,0.26976499989628794,0.0,-23.69477945293827,-45.714285471001446,-38.7096786598261,-24.00315367013488,3
HK.01545,489,0.13899999856948853,0.13099999725818634,6.106871357817724,1.271523178807947,360500.0,50109.49948430061,3.749631968556523,0.12572000041604042,0.09669000014662743,15.833334730317228,34.95145476564452,90.4109597429815,47.872343967003125,113.84615948919733,1
HK.01546,490,0.20399999618530273,0.19699999690055847,3.5532991852165954,0.3972602739726027,1762800.0,359611.19327545166,4.872720862273629,0.22369999885559083,0.15451999915763737,-1.4492782835014273,5.154634107374385,245.76270330298127,134.48276098314096,114.7368407843846,1
HK.01547,489,0.23899999260902405,0.23499999940395355,1.7021247724323192,0.06506710044733631,246700.0,58961.29817664623,4.719528567045682,0.22109999656677246,0.2211484283953905,11.162785410945602,13.809523843313293,-3.6290336632859055,21.938774928369888,18.49846164212278,1
HK.01548,490,11.550000190734863,12.079999923706055,-4.387415035749366,1.190183746542201,18514956.35,213847749.37394768,6.718855737005663,13.243600025177003,14.351450004577636,-24.41099219516171,4.714419495489847,-24.853609129908374,-9.695072516157472,-9.906392623410817,0
HK.01549,490,0.09399999678134918,0.0949999988079071,-1.0526337253750466,0.5502392344497608,343600.0,32298.39889407158,5.559905539603918,0.09618000000715256,0.10951500043272971,-5.050507787173788,-6.000004619359902,-23.577240500070843,-10.476190746506333,4.444436717916725,0
HK.01551,489,1.5399999618530273,1.5099999904632568,1.9867530847180164,0.0,22750.0,35034.99913215637,1.0211415729039035,1.4549055814743042,1.524645358324051,7.65102798602936,4.133019231040508,-1.041289558531651,4.818103438623207,7.413944661570712,1
HK.01552,489,0.25,0.25,0.0,2.1307506053268765,111500.0,27875.0,1.3821238680896706,0.2495199990272522,0.21988999985158444,-1.960782480441495,0.0,22.54902189944813,11.607139412199768,24.99999813735488,0
HK.01553,490,1.399999976158142,1.409999966621399,-0.7092191985804456,1.917808219178082,16000.0,22399.999618530273,1.376839105516915,1.4762000131607056,1.4833000057935715,-13.580248639671158,-9.677418114367397,-7.894737254879816,-7.284769205287714,17.948715631039462,0
HK.01555,490,0.028999999165534973,0.03200000151991844,-9.375006912159405,1.9388154291526485,2723600.0,78984.39772725105,6.960548443093151,0.032380000092089176,0.03301500000059605,0.0,-49.12280850811862,-3.3333339542150635,11.538456027677187,44.999999068677404,0
HK.01556,490,0.27000001072883606,0.2800000011920929,-3.571425150243618,0.3028664142779881,462000.0,124740.00495672226,2.7339537262546254,0.2859491300582886,0.31893684819340706,-1.5669950266853632,-23.58490709267116,-14.594891924988051,-17.035035188486493,-0.07558553143147062,0
HK.01557,490,0.5,0.49000000953674316,2.040814340536656,0.20639834881320948,195800.0,97900.0,4.625239318520355,0.39109999775886534,0.3042399997264147,38.888883369940515,47.05882198257844,151.25628020293135,49.25372762546221,254.6099224822586,1
HK.01559,490,0.05000000074505806,0.05400000140070915,-7.407408429434898,0.25458978772231783,2824300.0,141215.00210426748,9.527434116169491,0.05716000042855739,0.07301591029390693,-3.846154397232281,-38.27160420014062,-35.06493374546978,-41.86046622439675,-42.528733122079394,0
HK.01560,489,0.12300000339746475,0.12300000339746475,0.0,0.0,15300.0,1881.9000519812107,1.067381432220243,0.13416000112891197,0.1307600000500679,-6.1068656703515005,-18.000000993410705,12.844042529282149,4.237290382967418,23.000001564621904,0
HK.01561,490,0.04600000008940697,0.04399999976158142,4.545455315142628,0.12259194395796848,199000.0,9154.000017791986,6.651517368200735,0.046459999978542325,0.06760500019416213,-2.127656032996879,-26.984128016583337,-31.343285158844154,-32.35294472129681,-8.000001192092878,1
HK.01563,490,0.15000000596046448,0.14900000393390656,0.6711422819837666,0.5263644773358002,1001000.0,150150.00596642494,3.9424296416851927,0.1561800003051758,0.1797000002861023,-7.975457879308824,-11.764703304297399,-18.03278288063388,-14.772723424286859,-36.70885916774438,1
HK.01565,490,0.15000000596046448,0.15600000321865082,-3.846152009225729,0.1885255440474805,1138550.0,170782.50678628683,6.357631610369102,0.1763398802280426,0.1946319630742073,-9.058098279803502,-24.215078476530593,-25.672484687527504,-22.699381791947133,-36.63884032611107,0
HK.01566,489,0.050999999046325684,0.5099999904632568,-90.0,,0.0,0.0,0.0,0.11525999784469604,0.06706499874591827,0.0,0.0,0.0,0.0,0.0,0
HK.01568,490,0.6600000262260437,0.6700000166893005,-1.4925358528601556,0.40301012580932616,234308.65,154643.71514498888,3.421280044636341,0.6737714195251465,0.700885699391365,-1.2820449956747786,-18.302379302669042,-3.950098990800413,-3.950098990800413,22.572512626461094,0
HK.01569,490,0.125,0.11999999731779099,4.166668994973155,0.023952095808383235,1168800.0,146100.0,6.172323022667521,0.13671999976038932,0.17602500010281802,-13.194440707656174,-33.155082514978055,-37.18592994926716,-28.571427355007227,-20.38216826504552,1
HK.01570,489,13.149999618530273,12.899999618530273,1.9379845534327471,0.2633311389071758,146900.0,1931734.9439620972,4.807687863788444,11.004799995422363,5.64020000398159,-8.234475306756368,54.705877865062035,634.6368658531842,156.33526949664403,592.105251765317,1
HK.01571,490,4.289999961853027,4.179999828338623,2.6315822495649432,1.2887930596461319,390720.75,1676192.0025951862,2.3918335034719402,4.373399991989135,4.027590008974076,-5.08849601867345,7.518795779429473,12.010445099483421,12.598425886676207,33.08349064990753,1
HK.01572,490,0.09399999678134918,0.09600000083446503,-2.083337537219918,1.0705762018411182,526600.0,49500.39830505848,7.7692330740036075,0.09106000006198883,0.09805000007152558,-6.930699496628464,-3.0927896816374685,-5.050507787173788,-6.000004619359902,6.818178739429488,0
HK.01575,489,0.04399999976158142,0.04399999976158142,0.0,0.0,699200.0,30764.79983329773,6.222882654991162,0.04968000002205372,0.051155000030994414,2.3255773658299925,-35.29412151414197,-8.333334626836898,4.761905606641802,-22.807018002498037,0
HK.01576,489,1.7300000190734863,1.7300000190734863,0.0,0.6489675516224189,30500.0,52765.00058174133,0.9507368973452748,1.79400000333786,1.8123500013351441,-6.98924700171014,-3.351952182022866,-2.8089861303337953,-4.9450566365283315,-10.205270136737447,0
HK.01577,490,0.9599999785423279,1.1299999952316284,-15.044249328023563,4.054054054054054,8900.0,8543.999809026718,0.4499998688697815,1.0173999869823456,0.9818999925255776,-4.000002145767212,-4.950496276539116,-4.000002145767212,-4.000002145767212,3.5586246113688804,0
HK.01578,490,2.1600000858306885,2.2100000381469727,-2.2624412422276623,1.2925430210325048,58375.0,126090.00501036644,1.520401504207456,2.272242727279663,2.2899837708473205,-6.086950842960002,-2.4269785288016434,-7.891071143717,-10.049870377131013,12.327959512971336,0
HK.01579,490,13.569999694824219,13.529999732971191,0.2956390439206856,1.6420703064263678,3123033.05,42379557.535425946,3.532305809950721,15.004766216278076,13.516230626106262,-10.413929243430466,-8.265724007476615,16.78712250151984,9.470989084964177,8.260693150505457,2
HK.01580,489,0.25,0.25,0.0,0.8021931961984065,462269.7,115567.425,5.059356661211193,0.35799999833106994,0.2548550000786781,-35.06493345644402,-35.897433546167775,85.18517782658735,39.664800469711224,85.18517782658735,0
HK.01581,489,0.3499999940395355,0.3499999940395355,0.0,0.1776931619863557,1589750.0,556412.4905243516,11.273591436153955,0.31357999831438066,0.22505499958992004,12.903223015391266,71.56862773743102,117.39130273819482,75.87939314684368,207.01753847064808,0
HK.01582,490,0.41499999165534973,0.41499999165534973,0.0,0.4978540772532189,149250.0,61938.74875456095,2.653191590938739,0.39659999787807465,0.3716750019788742,-2.352945878843816,9.210525490240366,20.28985306936711,16.9014096331015,1.9131892535223132,0
HK.01583,489,0.9599999785423279,0.9660000205039978,-0.6211223430967919,0.0,22310.0,21417.599521279335,2.3428063280787135,1.067242921590805,1.1842577120661735,-16.482893491794375,-15.05524477250533,-22.35518966569511,-24.70806490594192,-15.752720439643259,0
HK.01585,490,11.34000015258789,11.5600004196167,-1.9031164277077357,0.9011052238655356,6500096.55,73711095.86883602,3.4848398820642883,12.131400051116943,12.29265001296997,-7.954541935971296,2.624433998618251,-6.666662480441826,-1.7331006059468121,-2.0057467162739733,0
HK.01586,489,1.7999999523162842,1.7000000476837158,5.882347166332156,0.09710104820581539,82788.4,149019.11605234144,5.495278778918985,1.527799994945526,2.1833499985933305,23.28766474560085,-2.7027065341188257,-26.82927136569649,-17.808223502932766,-28.57142992300783,1
HK.01587,489,0.6000000238418579,0.6000000238418579,0.0,0.0,3800.0,2280.00009059906,0.6666665010982155,0.5808898341655732,0.5978644281625748,4.347832396711109,-3.8043437231620674,2.6086889157605797,-0.7012632405483842,8.559178126333894,0
HK.01588,490,4.570000171661377,4.599999904632568,-0.6521681215901607,0.13554675601583918,128430.0,586925.1220464706,6.297234035923319,5.931712665557861,7.330550985336304,-15.731518650717414,-30.788134739478373,-44.27721963821765,-41.707480820125454,-28.308902045077044,0
HK.01591,490,0.1599999964237213,0.16500000655651093,-3.0303090509739805,0.09576356359203382,620543.1,99286.89378076493,5.9020987400676095,0.14481999963521958,0.14929000005126,20.300748004672915,23.076924840374172,19.402979431505145,20.300748004672915,15.107912280829645,0
HK.01592,490,0.2160000056028366,0.17900000512599945,20.670390735906725,1.810852517872327,13793200.0,2979331.277281046,21.424946925792902,0.20128880053758622,0.22179720029234887,41.176476890149026,33.33333639941588,-33.538457376716956,51.04894791554647,-34.54545544855519,2
HK.01593,490,1.2200000286102295,1.2200000286102295,0.0,0.8053691275167785,14600.0,17812.00041770935,1.3848053474837234,1.239600009918213,1.3300500011444092,-1.6129016752173695,-0.8130073421291051,-5.426351574634628,-2.3999977111816406,-3.9370041785203256,0
HK.01596,490,0.5400000214576721,0.5799999833106995,-6.8965453455194,5.2354570637119116,147850.0,79839.00317251682,3.916318182226802,0.6539479696750641,0.6648614528775215,-10.918423423613877,-4.7748596380735036,-17.566306748760997,-19.95568082311637,-74.80012156427385,0
HK.01597,490,7.400000095367432,7.070000171661377,4.66760842565168,0.19882512426570267,111750.0,826950.0106573105,10.13752521815176,4.505199995040893,3.2235999977588654,78.31325121240154,100.0,181.36881267552775,196.00000381469727,123.56496142877127,1
HK.01598,489,0.11100000143051147,0.11100000143051147,0.0,,0.0,0.0,0.0,0.11100000143051147,0.11100000143051147,0.0,0.0,0.0,0.0,0.0,0
HK.01599,490,1.1200000047683716,1.1299999952316284,-0.8849549119871483,0.690472161110171,599150.0,671048.0028569698,2.820946779595484,1.1700164437294007,1.2605551081895827,-1.5016033492160326,-10.322353042915022,-14.165679833316675,-11.641138868070673,-3.4673197225231838,0
HK.01600,490,2.809999942779541,2.7799999713897705,1.0791356726084065,0.4321409441605783,634347.65,1782516.8602023365,2.3403964544343046,2.774548544883728,3.139500223398209,1.6159321033482665,-8.416216725292959,-6.3279827292428275,-10.133412225247598,6.751893112552023,1
HK.01601,490,0.8299999833106995,0.8299999833106995,0.0,0.1510989010989011,144700.0,120100.99758505821,1.6201885733606196,0.8423999989032745,0.8595000061392785,-1.1904750923180183,0.0,-3.4883756389999006,-3.4883756389999006,9.780276083212996,0
HK.01606,490,1.5299999713897705,1.5499999523162842,-1.2903213897927004,0.8728017456542726,2987925.0,4571525.16451478,1.8709421016195413,1.5441999959945678,1.6275000065565108,-6.1349708057911725,-0.6493500461665078,-7.831325171422603,-13.559322718812359,35.31028261872491,0
HK.01608,490,0.12200000137090683,0.1289999932050705,-5.426350544868496,0.5814352328571836,6979134.55,851454.4246677432,28.404004580675725,0.10157999917864799,0.1702799989655614,10.909092756342305,1.6666700815161835,-44.29223599819853,-15.862065599024127,-57.93103279951206,0
HK.01609,25,192.3000030517578,192.0,0.15625158945719403,0.4093642889478109,72581.5,13957422.67150116,4.153158710518791,,,-4.328356690667754,,,-10.558138115461482,,1
HK.01610,490,1.1200000047683716,1.1299999952316284,-0.8849549119871483,0.7013735402616615,20742101.5,23231153.778906047,3.2226698537851663,1.3053999996185304,1.582149994969368,-19.424459259367254,-28.20512526604305,-31.707316186724487,-28.66242246176286,-25.333333015441895,0
HK.01611,490,1.809999942779541,1.8899999856948853,-4.232806535494818,1.4091340048892127,1084596.75,1963120.0554388762,4.976114682507372,2.403999984264374,3.5749000018835067,-30.11583000920443,-15.02348143043976,-43.96285039965006,-33.21033515493336,1.6853916782002771,0
HK.01612,490,0.7799999713897705,0.800000011920929,-2.5000050291418283,2.653803524875505,677990.0,528832.1806025505,2.579015877775078,0.8546239066123963,0.8905256178975105,-6.5083246577961384,-18.785011174158615,-0.7372365640147576,-3.1291063094009544,110.7171964763533,0
HK.01613,490,0.20100000500679016,0.17800000309944153,12.921349161156726,9.78958879436502,2830729.6,568976.6637728692,5.256925127362629,0.16827999979257582,0.19447433970868588,26.415101943158348,54.61539413802052,-4.285708913186613,14.857147674171376,-35.1612892061565,2
HK.01615,489,0.4000000059604645,0.38499999046325684,3.8961080178621965,0.3650586701434159,378750.0,151500.00225752592,4.872889035454449,0.3524999982118607,0.2891749982535839,8.108108325802206,48.14814446884924,87.793430448795,15.942031113797448,77.7777851363761,1
HK.01616,489,0.05999999865889549,0.05999999865889549,0.0,,0.0,0.0,0.0,0.05999999865889549,0.05994999866932631,0.0,0.0,0.0,0.0,93.54838593383235,0
HK.01617,490,0.7799999713897705,0.7799999713897705,0.0,1.413973191909066,22902600.0,17864027.344751358,13.733294027742376,0.6059999948740006,0.2958049988374114,9.8591542201391,60.82473162548621,590.2654734220972,687.8787632487692,729.7872320188554,0
HK.01618,490,1.4299999475479126,1.440000057220459,-0.6944520329984546,0.7658999783510457,12665793.0,18112083.32565272,2.2851430436042857,1.5756000065803528,1.9927500039339066,-11.728398559333664,-21.857928196012377,-33.48837748290761,-24.736843921471195,-3.365890538029659,0
HK.01620,489,0.12200000137090683,0.12300000339746475,-0.813009755232685,0.712468193384224,407000.0,49654.00055795908,3.275765383067538,0.11120000034570694,0.11141500052064657,2.5210071932536557,34.065938294617744,40.22989066829312,21.99999955296517,103.33334016303237,0
HK.01621,490,0.16699999570846558,0.17499999701976776,-4.571429398595084,0.3747870528109029,646000.0,107881.99722766876,3.363115221905781,0.1692399999499321,0.13752000018954277,-8.743170911760533,-9.729733212835297,28.461539872299333,33.59999656677246,142.02898535075445,0
HK.01622,490,0.21699999272823334,0.2199999988079071,-1.3636391345134602,0.02326869806094183,1768500.0,383764.48713988066,13.460194789802104,0.14955999985337257,0.1505850001424551,110.67960434668318,26.16278218531586,14.814813646783339,11.282051634741501,63.157887660707054,0
HK.01623,490,0.2199999988079071,0.2199999988079071,0.0,0.6366899678821084,530000.0,116599.99936819077,4.023487975030674,0.23212000072002412,0.21425999961793424,-4.347828340440215,-20.00000216744158,15.789474509759632,22.22221670327385,94.6902678206847,0
HK.01626,490,15.40999984741211,14.579999923706055,5.692729273314557,0.9082047795991415,714160.5,11005213.196027756,14.299297866049404,9.67879997253418,4.4889499998092655,54.408823188773624,406.90789607835944,591.0313773815396,435.0694178845054,477.15353584565196,1
HK.01627,490,0.5400000214576721,0.5400000214576721,0.0,0.4124218009600836,232771.4,125696.56099473238,2.8120543365725967,0.5661999964714051,0.6314071920514107,-3.571425150243618,-5.2631529414422,-29.87012534624881,-20.588232973867658,-8.069028871044845,0
HK.01628,490,0.14000000059604645,0.14100000262260437,-0.7092212822396128,0.24682432754344663,1149717.85,160960.49968528526,6.2201283752964525,0.16953999906778336,0.1776999993249774,-2.7777731786537547,38.61385714994942,0.0,23.8938079937874,-73.83392827243522,0
HK.01629,490,0.17000000178813934,0.17499999701976776,-2.8571401810159034,0.2777777777777778,58000.0,9860.000103712082,1.571382498418432,0.17874000132083892,0.1658100003004074,0.0,-5.027934681635868,24.999994521632214,17.241383917124878,25.925922246627014,0
HK.01630,490,0.35499998927116394,0.375,-5.333336194356283,0.49634324719648953,5716200.0,2029250.9386718273,11.732133977053898,0.2750400008261204,0.11165000032633543,-7.792208294861243,407.1428396568007,725.5813423606644,745.2380810887498,859.459418097581,0
HK.01631,490,1.3600000143051147,1.350000023841858,0.7407400212333817,0.03567606136282554,2097000.0,2851920.0299978256,14.38817111653741,0.83289999127388,0.5524999968707561,138.5964967317309,189.36170590522875,257.8947450975963,147.27272451416528,166.66667445812365,1
HK.01632,490,0.061000000685453415,0.057999998331069946,5.17241800121984,4.868421052631579,93200.0,5685.200063884258,3.458769197018981,0.0628999999165535,0.09399000011384487,3.389831043563671,-28.23529406608595,-12.857142248932199,-44.54545362182885,-69.50000011175871,1
HK.01633,490,0.49000000953674316,0.44999998807907104,8.888893892735743,8.550193691666422,1642945.0,805043.0656683445,12.901629315825563,0.3616999992728233,0.1822000001743436,10.112363463504076,214.10256373517848,390.0000022351741,315.2542428530622,880.0000044703482,1
HK.01635,490,2.809999942779541,2.9000000953674316,-3.1034534354554064,0.6672847209292851,29247970.65,82186795.85291769,4.523344895072229,3.1085999965667725,3.373749998807907,-9.061487998942008,-43.80000114440918,-26.246719554291165,-18.786129716794562,40.966928849818835,0
HK.01636,489,0.3100000023841858,0.3100000023841858,0.0,,0.0,0.0,0.0,0.31470000207424165,0.6634249979257584,0.0,-52.30769019155099,-51.56249854480844,-34.73684078438459,-12.676053027315803,0
HK.01637,489,0.4449999928474426,0.45500001311302185,-2.197806588435245,0.5760921747479597,193100.0,85929.49861884117,2.7093248017212197,0.4565999984741211,0.2875021940469742,-8.247426861416132,51.917902574167165,120.84982767787065,96.59965274472418,234.21937886235713,0
HK.01638,490,0.06199999898672104,0.06199999898672104,0.0,0.7240470016486855,9463593.85,586742.8091107394,7.279830853595576,0.07836000010371208,0.1079550002142787,-22.499999534338702,-23.456791599718755,-47.89916171578728,-36.73469325692788,-59.21052567082922,0
HK.01640,490,0.7599999904632568,0.7300000190734863,4.1095850145108725,0.05721838971942134,1994566.45,1515870.482978332,17.70959354372345,1.1573999965190886,3.164600008428097,-25.490195620110374,-76.17554931564901,-79.34782672074881,-80.6122455185823,-78.59154927685628,1
HK.01641,98,5.360000133514404,5.260000228881836,1.9011387886161029,0.7035830618892508,38750.0,207700.00517368317,2.206678981078102,6.5040000057220455,,-19.7604749812174,-28.628495736910853,,-56.42276381790714,,1
HK.01643,490,1.4700000286102295,1.75,-15.999998365129745,1.1178247734138973,1232700.0,1812069.03526783,14.38453039289937,2.6055999898910525,1.2542499986290931,-53.184714028692994,3.5211319039915216,119.40298387961286,188.23530511735103,297.2972999096265,0
HK.01645,490,2.6500000953674316,2.5399999618530273,4.330713982930731,0.8980194365850658,4830800.0,12801620.460700989,9.11235027935034,2.4747999787330626,2.680299993753433,26.19048646247893,-30.446190678046182,-25.35210898697691,-20.895517289332982,178.94738196005798,2
HK.01647,490,0.05700000002980232,0.04899999871850014,16.326533715360597,2.381160052333188,1231500.0,70195.50003670156,4.840994604112376,0.06934000000357628,0.08220000017434359,-21.917807030776206,-14.925375209005463,-28.74999837018546,-24.99999754915104,-25.974025534204216,1
HK.01650,490,0.14000000059604645,0.1379999965429306,1.4492783356655092,0.009466335344929595,1506200.0,210868.00089776516,4.55474740354125,0.13107306852936745,0.10812214925885201,4.413992471938695,21.81633019145159,66.11317949178097,16.943677287045986,78.26778815954663,1
HK.01651,490,56.099998474121094,54.75,2.4657506376640983,0.6228241440965222,1367217.15,76700880.02879219,5.572473800601537,49.4292000579834,38.14541749000549,-5.714288278788078,42.67548044133292,90.32175363957914,62.6086912293365,184.89201051480774,1
HK.01652,490,1.0499999523162842,1.0499999523162842,0.0,1.812807881773399,103600.0,108779.99505996704,2.224743282884869,1.1552000069618225,0.8760500028729439,-15.322585141869629,6.060600222379509,34.61538343975055,31.249992083758233,208.82351213879255,0
HK.01653,490,2.6500000953674316,2.740000009536743,-3.2846683889073405,1.4040561622464898,1738600.0,4607290.165805817,9.087143477918753,2.8295999813079833,2.2595749996602534,3.9215743106313647,-6.028363187933787,-1.1194018896451168,21.559633679707396,919.2308432957152,0
HK.01655,490,0.20399999618530273,0.20499999821186066,-0.4878058708685713,2.482185273159145,3741250.0,763214.9857282639,5.711322228869934,0.22623999983072282,0.20098000042140485,-9.734513391034234,-12.820513473642839,-14.285717863423974,7.368420392192293,71.42856427315205,0
HK.01656,490,4.03000020980835,4.300000190734863,-6.279069045352091,0.9523809523809523,4200.0,16926.00088119507,0.1593138687155082,3.302800040245056,2.488150007724762,0.7500052452087402,79.11112043592665,79.11112043592665,79.11112043592665,132.22586366443116,0
HK.01657,490,64.4000015258789,55.79999923706055,15.412190692480362,2.2643941245750097,23698.0,1526151.2361602783,6.088653076273459,28.051799926757813,18.265549964904785,104.44444928850447,338.0952541597231,328.4763983368884,344.13794155778555,554.471550073522,1
HK.01658,490,5.019999980926514,5.019999980926514,0.0,0.7673303359709878,28846295.35,144808402.1068006,1.7094405641036339,5.057599983215332,5.20155353307724,-1.7612553862301563,2.4489772086439867,-6.168507326825966,-4.3809527442568825,1.0068347519750762,0
HK.01660,490,0.2849999964237213,0.28999999165534973,-1.72413633637985,0.37935823404721875,10798800.0,3077657.9613804817,6.023609519292837,0.31440000116825106,0.36202000062912704,-9.523809974335942,-21.917811239116848,-53.27869020652716,-41.23711587265499,92.56756266945037,0
HK.01661,490,2.5799999237060547,2.609999895095825,-1.1494242373779509,2.3916238060249815,484000.0,1248719.9630737305,8.986227773997987,2.3809999990463258,1.3070000022649766,0.7812492724042223,101.56249854480845,344.82758585252884,199.99998613845494,344.82758585252884,0
HK.01662,490,0.8700000047683716,0.8700000047683716,0.0,0.7861406318241374,338300.0,294321.0016131401,5.673234277805663,0.7876000010967255,1.8750036591291428,11.538466240997789,-10.309280504365887,-70.02427026951541,-60.091744122626764,-52.25515741703944,0
HK.01663,490,0.06199999898672104,0.06599999964237213,-6.0606070868568365,7.703827673344423,563151.15,34915.37072937079,3.488781173452494,0.0844200000166893,0.07453500034287572,-29.545455315142625,-31.11111497437497,-3.1250061845636785,0.0,-27.90698037075301,0
HK.01666,490,3.5,3.490000009536743,0.2865326772473052,0.694802163705758,1791460.0,6270110.0,2.487311098779191,3.808600010871887,4.423049978017807,-9.560720839805136,-17.257683588223273,-25.21367247052907,-21.171172187076962,-28.47509170544651,1
HK.01667,490,0.3449999988079071,0.3449999988079071,0.0,1.1363636363636365,91000.0,31394.999891519547,8.700401160319528,0.3349000054597855,0.3518100018799305,11.290321340173895,2.985071705720311,-12.658230522240038,-15.853658093362244,105.3571449161894,0
HK.01668,489,0.10700000077486038,0.10700000077486038,0.0,,0.0,0.0,0.0,0.10700000077486038,0.10700000077486038,0.0,0.0,0.0,0.0,-10.83333069458598,0
HK.01669,490,1.3600000143051147,1.350000023841858,0.7407400212333817,2.318407960199005,438700.0,596632.0062756538,6.183038097457971,0.9977344822883606,0.8726492840051651,41.9982035685545,44.86684886384956,70.7359367610701,61.1440236981927,139.20828678977057,3
HK.01671,490,0.6899999976158142,0.6700000166893005,2.985071705720311,0.5542725173210161,44500.0,30704.999893903732,3.3087374071109297,0.7016319990158081,0.699039990156889,-6.7567582806154425,-6.655836445872778,2.678572458094697,10.576930975714735,8.901515365317398,1
HK.01672,490,10.149999618530273,10.140000343322754,0.09861217819488644,0.7609418102865709,3323468.0,33733198.93219757,8.239161728019024,15.888999996185303,13.746699981689453,-40.04725673024796,-29.611653503271658,-25.422484389626348,-11.892367923563006,32.3337616371268,1
HK.01673,489,0.30000001192092896,0.28999999165534973,3.448282949422888,0.031007751937984496,64600.0,19380.00077009201,1.1069380315429846,0.2797999978065491,0.24943000093102455,17.647065698344395,0.0,33.92857261648284,27.118648348509367,30.43478542555027,1
HK.01675,490,4.929999828338623,4.909999847412109,0.40733159975666733,0.6914574202535412,3225265.7,15900559.34734645,6.09977059678393,5.68526183128357,7.805762503147125,-17.92025666077893,-22.39500371663278,-37.721991651256225,-34.70195768589237,-46.599778134343076,1
HK.01676,490,0.21899999678134918,0.20499999821186066,6.829267654441633,1.1348266210616829,6441710.0,1410734.4692663848,5.066564533301201,0.21483999937772752,0.42386000111699107,-0.9049792061376062,-8.749999301508053,-67.31343413041941,-65.78124973806551,-47.85714199551106,1
HK.01679,490,1.9500000476837158,1.7999999523162842,8.33333885228207,0.3390343866059302,2108895.0,4112345.35055995,17.4219784121744,0.7868000030517578,0.6640008024871349,214.51613430426093,267.9245571599577,306.250019014503,333.3333554091283,434.433993818382,2
HK.01680,490,0.1509999930858612,0.14100000262260437,7.092191685997665,1.4715598534446512,90244.0,13626.843376040459,2.4756995165313977,0.18301999926567078,0.3357582440972328,-15.168544687325927,-40.78431532961369,-49.6666709714464,-51.29032518563482,-84.90000069141388,1
HK.01681,490,13.829999923706055,13.999999046325684,-1.2142795299992923,1.0016514179500748,1835801.8,25389138.75393944,3.1304775452285347,15.1222385597229,15.456633143424988,-7.808534671371363,-15.827556436979581,-5.980551938238602,-8.51998084836205,40.51086488491365,0
HK.01682,490,0.23199999332427979,0.2240000069141388,3.5714223942892365,0.5783540303113257,3972300.0,921573.5734820366,12.154837032093068,0.1879093988239765,0.19237734977155924,17.171714435048436,98.2905948072382,23.40425599371488,22.105261176576878,75.75757165257265,1
HK.01683,490,0.1889999955892563,0.1940000057220459,-2.5773247346978905,0.8450021803381946,2039900.0,385541.0910025239,9.30994429791683,0.21146000027656556,0.3827649997919798,-2.5773247346978905,-3.571428299905948,-59.78723487901494,-49.60000117619832,-71.79104613710759,0
HK.01685,490,0.8100000023841858,0.6700000166893005,20.895519732473012,7.558726424044628,3561650.0,2884936.5084916353,10.44671505717184,0.556980550289154,0.42029686868190763,44.923224910992936,40.010570688387745,205.9490049908055,184.84909462012297,184.63988602293867,1
HK.01686,490,5.269999980926514,5.489999771118164,-4.007282319919703,1.6992248396027398,7868385.9,41466393.54292245,5.389214275932925,6.19439998626709,6.107791252136231,-20.5128221725391,-17.138366819272047,4.5634924764746145,10.714279989950356,-19.990410714054313,0
HK.01689,490,0.3100000023841858,0.30000001192092896,3.3333300219643105,0.6495098039215687,492000.0,152520.0011730194,5.0006565062147885,0.3125999993085861,0.4078249990940094,5.084751242024469,-21.51898886985145,-31.111108756359652,-26.1904733183702,-53.73134408025809,1
HK.01690,490,0.13600000739097595,0.1340000033378601,1.492540300967864,0.28058361391694725,903500.0,122876.00667774677,5.18802553477169,0.1455173088610172,0.08573657630011439,-10.92140283960534,96.4297324790564,107.04754742577396,109.88383704876861,139.3987284082125,1
HK.01691,490,1.309999942779541,1.350000023841858,-2.9629689152511154,0.6759053757516755,7952300.0,10417512.544965744,6.797204813791194,1.6320000028610229,1.8177499961853028,-22.023810495257138,-27.62431026556669,-28.415305351982354,-33.163269526359606,-34.17085746223192,0
HK.01692,489,1.5499999523162842,1.590000033378601,-2.515728315886917,0.0,4600.0,7129.999780654907,0.0,1.5314218807220459,1.6512959349155425,1.639342724524056,-6.538536349457612,-9.653915224082207,-8.122630520799975,-29.98209372265755,0
HK.01693,489,7.929999828338623,7.820000171661377,1.406645195173652,0.03369953494641774,59348.0,470629.6298122406,5.539400226290503,7.044399976730347,4.048949999213218,0.7623881023128966,58.283422476180036,263.7614488762228,237.44681490012698,319.57671366981765,1
HK.01695,490,0.09399999678134918,0.09200000017881393,2.1739093463565164,2.857142857142857,146000.0,13723.99953007698,2.302592250112698,0.09494000062346458,0.0954600003734231,5.617972072545548,-2.083337537219918,0.0,-1.0526337253750466,16.049378400822103,1
HK.01696,490,2.5199999809265137,2.549999952316284,-1.176469488264897,0.38713560075630665,419122.0,1056187.4320058823,4.248594073779839,2.991200008392334,4.243332122564316,-14.57627321378622,-31.89189328513412,-39.568346886790856,-41.258741181013384,-43.53712395506793,0
HK.01697,490,0.3050000071525574,0.3149999976158142,-3.174600171093715,2.662298987492555,219210.0,66859.0515679121,4.062794291369211,0.32649999916553496,0.36869999960064886,-1.6129016752173695,-14.084502430904152,-22.784810413097148,-15.277779157514871,-19.736839215841286,0
HK.01698,490,35.439998626708984,35.400001525878906,0.11298615566679719,0.43546424516561355,2387635.85,84617811.24508114,3.1241676254542745,36.60254058837891,66.19692031860352,-3.485845728328739,-36.45263258912561,-50.823302547554924,-48.95225666780224,-47.59800630196834,1
HK.01701,489,0.08399999886751175,0.0820000022649765,2.439020179624407,0.07320644216691069,257400.0,21621.599708497524,4.383294462139527,0.09058000028133392,0.11548000101000071,-6.666671633720201,-17.647058393853477,-19.230771986161407,-31.707319880250395,-26.31579050562058,1
HK.01702,489,1.4500000476837158,1.4500000476837158,0.0,0.0,5800.0,8410.000276565552,1.8271200658253512,1.9023739147186278,1.6810168904066085,-25.641025014020848,-8.65780505510916,-26.74536715780999,-21.290235076167104,-11.07310542153282,0
HK.01703,490,0.5799999833106995,0.5899999737739563,-1.694913713180618,0.02060637698679818,3575675.0,2073891.4403244853,17.46633919027009,0.6877999997138977,0.7067999984323978,36.47058048050318,-42.57425853591634,-17.142858115994215,-20.547949567613223,20.83333255723117,0
HK.01705,490,0.5400000214576721,0.5299999713897705,1.8868020014566025,0.46218487394957986,194800.0,105192.00417995453,3.4980171420120207,0.5446999967098236,0.4312367339432239,1.8868020014566025,27.058825014371727,51.09927145533395,40.25974930750238,63.90118490408746,1
HK.01707,489,0.041999999433755875,0.041999999433755875,0.0,,0.0,0.0,0.0,0.042039999589324,0.05871999979019165,0.0,-22.222225288304692,16.666670116009684,19.999997871262696,-59.61538599308071,0
HK.01708,489,0.25,0.2800000011920929,-10.714286094417377,0.17515051997810618,78500.0,19625.0,8.639717511693766,0.3127999997138977,0.3159499979019165,-26.470589008710782,-41.860466083363605,-12.280700653653822,0.0,-29.577462660417304,0
HK.01709,490,1.2000000476837158,1.2200000286102295,-1.6393426604503258,0.7232295338434942,6328343.25,7594012.201758921,7.557016556246844,1.1596000003814697,2.041799999475479,0.0,-12.408755948391253,-45.701356245682035,-47.368418300801224,-61.290319851608274,0
HK.01710,490,0.3400000035762787,0.36000001430511475,-5.555558315029741,0.09294454897899908,3906350.0,1328159.0139701962,13.349975010355838,0.49599999845027926,0.28478872738778593,-47.69230522347616,60.37736207130079,44.68085295261437,42.25942012160595,173.48826717235454,0
HK.01711,489,0.19900000095367432,0.19900000095367432,0.0,0.0,76500.0,15223.500072956085,0.8833559270559534,0.16198000222444534,0.1327600010856986,15.028906961883088,51.908400853984425,63.11475304715002,68.64406758257454,201.51515459390384,0
HK.01712,490,5.300000190734863,5.269999980926514,0.5692639452927531,0.5027592167498309,1716253.05,9096141.492349291,5.580141535261853,7.9441999912261965,7.784900007247924,-34.56790196134299,-57.63389213615877,-12.972084434469577,-21.597632969140736,47.222231420470116,1
HK.01713,490,2.0799999237060547,2.059999942779541,0.9708728874782327,0.6398352114732774,96199.95,200095.88866052628,2.016276564655081,2.1996000146865846,2.453150007724762,-5.454550971669479,-19.691119975454853,-16.129035979478314,-14.04959263921083,-17.505595744558125,1
HK.01715,490,0.44999998807907104,0.4399999976158142,2.272725117600642,0.44020200899051004,1833560.0,825101.9781422615,5.258974932104526,0.5076999938488007,0.4534249985218048,-11.76470656983444,2.272725117600642,-13.461537579812916,-8.163269526359606,57.894734640640976,2
HK.01716,490,6.710000038146973,6.199999809265137,8.22581039631168,0.4479692213252289,3910622.9,26240279.808178425,12.760065305704288,5.963199987411499,2.064524995982647,-8.58310764774026,509.9999902465129,1018.3332952525897,1077.1930039204171,1598.7341407322965,1
HK.01717,490,1.4600000381469727,1.440000057220459,1.3888875091517963,1.508824721834317,236537.2,345344.3210231781,4.604730732227761,1.555481116771698,1.9857618737220764,-4.246924336624767,-22.415456641983145,-28.63685870371091,-24.731413160132902,-19.912731237111352,1
HK.01718,490,0.3400000035762787,0.33000001311302185,3.030300019967555,0.25480505216913785,1137875.0,386877.5040693581,4.6695951081991005,0.35080000281333923,0.32158000007271764,-10.526313725600916,-20.930233041681802,-8.108108325802206,23.63636225708263,25.925922246627014,1
HK.01719,489,0.2800000011920929,0.2800000011920929,0.0,0.0,31800.0,8904.000037908554,1.3414460032244158,0.2889000028371811,0.32390000149607656,-5.084741139541855,-5.084741139541855,-12.49999767169351,-15.151518161850626,-63.15789411768028,0
HK.01720,490,0.7200000286102295,0.7400000095367432,-2.7027000903735274,7.9597576588473675,13431900.0,9670968.384289742,15.31990690985677,0.583699996471405,0.3041749985516071,12.500006984919466,14.285719692031313,476.0000228881836,520.6896976965373,605.8823941900664,0
HK.01721,489,0.14000000059604645,0.14000000059604645,0.0,,0.0,0.0,0.0,0.1400200006365776,0.2649649990350008,0.0,-6.666669978035689,-28.934008731626754,-25.925923881870844,-66.26505941900982,0
HK.01722,490,0.08399999886751175,0.0860000029206276,-2.3255860292955086,0.18716577540106952,1477500.0,124109.99832674861,5.400092807578574,0.0760800002515316,0.08267000021412968,19.999997871262696,2.439020179624407,-28.20512836841071,7.692304018451458,110.00000186264518,0
HK.01723,490,1.0,1.0299999713897705,-2.9126186624346984,0.16036657913324223,1021571.25,1021571.25,17.320584882805107,1.0569999945163726,1.7423499989509583,-12.280700653653822,-9.9099110709451,-51.219511060470744,-23.07692025540133,-73.40425525169235,0
HK.01725,490,0.49000000953674316,0.48500001430511475,1.0309268214748768,1.2718663462483604,3011180.0,1475478.2287168503,6.409869432412724,0.5758000034093856,0.8175500006973744,-12.499998669539185,-33.78378334839559,-28.985505618860774,-50.999999046325684,-25.757577262743496,2
HK.01726,490,1.0,1.0,0.0,1.091549295774648,149750.0,149750.0,3.631803480988448,1.1381999993324279,1.3378999954462052,-12.280700653653822,-22.480617862690117,-34.210525490240364,-31.034485026573805,-25.925927234121126,0
HK.01727,490,0.24899999797344208,0.24899999797344208,0.0,0.2795460835870468,177700.0,44247.29963988066,3.5687094418583474,0.301379998922348,0.39446999967098234,-18.360658316674975,-34.47368392158413,-40.714284345811684,-33.60000054041545,-44.04494337625627,0
HK.01728,489,0.14300000667572021,0.14300000667572021,0.0,,0.0,0.0,0.0,0.14300000667572021,0.14300000667572021,0.0,0.0,0.0,0.0,-0.6944355336416493,0
HK.01729,490,17.709999084472656,16.770000457763672,5.605239123734263,0.6096600829093148,17217891.95,304928850.6710491,6.070524784799018,19.68521978378296,16.662341685295104,-27.026185454907264,2.738330800044569,26.031532518970618,0.2977128253509908,242.6844613854688,1
HK.01731,490,0.8700000047683716,0.8600000143051147,1.1627895694091224,0.9861325115562404,265000.0,230550.00126361847,1.7050366885941692,0.8391999983787537,0.7888499981164933,6.097562482568367,14.473686274399084,16.000000635782875,17.567566696791175,25.60307845983384,1
HK.01732,490,0.2199999988079071,0.1979999989271164,11.11111111111111,0.5362476742264625,2039117.5,448605.8475691825,7.947875034091269,0.21059999883174896,0.22559499949216844,2.8037370162318904,-2.654866089657651,-3.5087725031225445,-18.518522197817433,109.52381493012669,3
HK.01733,490,0.6600000262260437,0.6399999856948853,3.1250064028428435,0.38677491517488116,1247877.0,823598.8527268767,3.6652862458220232,0.7359999990463257,0.848561010658741,-9.589039865544988,-21.428565853306864,-24.99999661337244,-27.472526680773974,-10.695551949384782,1
HK.01735,490,8.199999809265137,8.289999961853027,-1.0856472014720406,0.8173823072943611,10153300.0,83257058.06341171,6.826230774136217,8.755,8.616350033283233,-10.08772026138624,1.7369650416853861,-9.592060802995904,-0.24331456343007174,-18.163678296924296,0
HK.01736,490,0.4000000059604645,0.41999998688697815,-4.761900369272073,14.545454545454545,12312.5,4925.000073388219,0.3095238672615985,0.4420000010728836,0.5777250030636787,-8.045976145262136,-24.52829668809585,-41.17647033042974,-33.33333498901784,17.64705933914052,0
HK.01737,489,0.13899999856948853,0.14100000262260437,-1.4184425644792256,0.1808590806330068,1290500.0,179379.49815392494,5.794964650128199,0.11532000049948693,0.10483999975025654,26.3636357478859,21.92982324281815,51.086954673178255,40.40403971987322,13.934423776683383,0
HK.01738,490,0.07999999821186066,0.07999999821186066,0.0,0.05881632152922436,979000.0,78319.99824941158,4.129471449513496,0.09160000026226044,0.12063499998301268,-11.111116630059483,-27.272728504228205,-44.44444329466344,-21.56862773743102,-23.809523133734164,0
HK.01739,490,0.1940000057220459,0.19200000166893005,1.041668768609959,1.5657859856852523,266425.0,51686.45152449608,3.5232976238407128,0.20945999920368194,0.22062369018793107,-5.36585004183592,-8.056867352120097,-26.792446719067776,-15.65217295531291,28.032079809303877,2
HK.01740,490,0.164000004529953,0.17100000381469727,-4.093566741863792,0.07658077201697196,2414250.0,395937.01093643904,9.914020906176244,0.1314400015771389,0.10114000078290701,37.815126681780704,78.26087414260621,90.697673209749,74.46809589943808,160.3174633209697,0
HK.01741,490,0.2150000035762787,0.23100000619888306,-6.926407875863397,0.28793418647166363,1723400.0,370531.0061633587,10.471916732257018,0.21712000161409378,0.2052950006350875,13.157898039038532,-4.444440323629388,59.259255579960346,34.375005238689596,76.22950914781664,0
HK.01742,490,0.18799999356269836,0.19699999690055847,-4.568529685004576,0.39001887188089746,955750.0,179680.99384754896,5.129917371370323,0.18995999932289123,0.14958499979227782,-1.570683814288466,-10.900475071627977,62.068964631322146,51.612900512275495,213.33332960804293,0
HK.01745,490,0.06300000101327896,0.06800000369548798,-7.352944721296804,1.5349062794214146,5635150.0,355014.45570997894,9.025619861001429,0.1024600002169609,0.13183000043034554,-39.999997161683496,-46.153844684303614,-39.999997161683496,-37.62376354484154,-76.6666672185615,0
HK.01746,490,0.4050000011920929,0.4300000071525574,-5.813954777818146,1.455621301775148,350200.0,141831.00041747093,4.780807442588804,0.46930000245571135,0.37356000021100044,-13.829786761846407,37.28814209990406,26.56250320142142,42.105265359359024,-16.49484757802371,0
HK.01747,490,3.7899999618530273,3.75,1.0666656494140625,1.4316087880935506,144300.0,546896.9944953918,3.526137187085536,4.385599994659424,4.486299995183945,-15.777778625488281,-9.976248752691411,-36.30251960762472,-13.667424211402013,404.37687741343484,1
HK.01748,489,1.7599999904632568,1.7599999904632568,0.0,,0.0,0.0,0.0,1.7599999904632568,1.7599999904632568,0.0,0.0,0.0,0.0,0.0,0
HK.01749,490,0.550000011920929,0.5799999833106995,-5.1724090091395505,2.59656652360515,49600.0,27280.000591278076,2.088896418225204,0.5801999986171722,0.7795499974489212,-5.1724090091395505,-40.860214226782595,-32.098764160242304,-26.666665077209473,-45.14908857719319,0
HK.01750,490,0.0989999994635582,0.0989999994635582,0.0,0.024860161591050343,776500.0,76873.49958345294,4.086987804259541,0.10486000046133995,0.07691500028595329,-10.0,9.999995032946465,115.21738971986709,22.22222120019471,191.17645318636113,0
HK.01751,490,1.090000033378601,1.0099999904632568,7.920796403042599,0.30528460568324867,854664.3,931584.1155274988,10.64864629016851,1.380800006389618,1.2768902722001076,-29.67741503799854,-32.8158285014954,-2.6785688626827135,-47.087375550706426,211.4285862689118,1
HK.01752,490,0.09099999815225601,0.09200000017881393,-1.0869587224068356,1.5629984051036683,676000.0,61515.998750925064,6.087336725632268,0.09424000039696694,0.08137290790677071,-5.208336082028408,13.750000232830647,16.458329181648885,0.0,71.62280176054473,0
HK.01753,490,0.15800000727176666,0.1599999964237213,-1.2499932479111833,0.1525342301225078,335580.0,53021.64244025946,7.196227355233916,0.1411599998176098,0.20941499922424556,8.219184653355098,5.333333995607138,-25.821592664095366,-28.18181448731539,-9.195395506803065,0
HK.01755,489,2.799999952316284,2.799999952316284,0.0,,0.0,0.0,0.0,2.799999952316284,2.799999952316284,0.0,0.0,0.0,0.0,0.0,0
HK.01756,490,0.45500001311302185,0.46000000834465027,-1.086955465418649,0.1406297768266585,138750.0,63131.25181943178,2.05567044429159,0.5200999909639359,0.6260749964416027,-10.784309486020957,-22.881350281662264,-27.777775149707,-27.777775149707,-21.551719619742908,0
HK.01757,490,16.700000762939453,16.739999771118164,-0.2389427044540465,0.2892365083220389,240625.5,4018446.0335826874,4.4314771322697615,17.819600067138673,7.650130009353161,-2.680647369248249,48.44445122612847,1715.2174413035173,471.9178194041365,11338.35685505477,0
HK.01758,489,0.12399999797344208,0.11699999868869781,5.982905438630968,0.0,76200.0,9448.799845576286,1.87869544017567,0.1147800025343895,0.12112000066787004,-8.82353585690328,31.91489597800208,-7.462690384570047,26.53061348614424,-18.421051341658444,3
HK.01759,490,0.6800000071525574,0.8199999928474426,-17.073169136104084,3.808343659644775,144100.0,97988.00103068352,7.620472946441659,0.9130000007152558,1.0128499957919121,-18.072286647503653,-48.09160024009298,-35.849052466035474,-31.313131252316452,-12.820508705793602,0
HK.01760,490,2.9800000190734863,2.609999895095825,14.17625053061838,4.399160534770442,4649100.0,13854318.088674545,6.903223050655061,1.8491622304916382,1.83318343937397,52.85876730465512,64.5528772963251,64.5528772963251,52.85876730465512,126.41485440662098,2
HK.01762,490,1.059999942779541,1.1100000143051147,-4.504510890198043,0.7671850219606441,8773259.85,9299654.938990043,7.805845293294487,1.5090000009536744,1.1927999982237816,-26.896558074406656,-42.076507217405755,43.243233664702935,53.62318064379754,32.499990873038904,0
HK.01763,490,17.520000457763672,17.520000457763672,0.0,1.2540169963579233,142420.0,2495198.465194702,3.874475406557624,18.899199867248534,19.533184552192687,-8.368202464649459,-16.172245083535028,-17.823636451472648,-18.130837523038586,42.00310147314564,0
HK.01765,490,0.12700000405311584,0.12700000405311584,0.0,4.37140902872777,6856400.0,870762.8277897835,5.169468815883777,0.15818000048398972,0.1806750003993511,-21.11800914561091,-29.444444996339282,-30.978258800937574,-29.83424968617001,-41.47465054887434,0
HK.01766,490,5.309999942779541,5.28000020980835,0.568176738240704,1.2447661421224046,23293110.55,123686415.68765752,2.7169819074914088,5.196599998474121,5.795701463222503,1.9193839520226772,-6.514082689106444,-12.376237740622772,-10.606062430506404,13.162294061606861,1
HK.01767,490,0.33000001311302185,0.33500000834465027,-1.4925358528601556,0.11396011396011396,308500.0,101805.00404536724,2.1651813811361222,0.3387747323513031,0.3109556385874748,2.251129909695874,-12.54838168553389,16.602157752621476,10.772044615883422,6.273150454222541,0
HK.01768,87,339.3999938964844,335.0,1.3134310138759329,1.1676643945604037,419193.05,142274118.61144868,6.53672965424351,397.7799993896484,,-21.616629585107535,-13.152506525592363,,-15.150001525878906,,2
HK.01769,490,1.2000000476837158,1.2100000381469727,-0.8264454667762735,0.36828644501278773,1933700.0,2320440.0922060013,8.902787268921866,1.482000002861023,2.1300999981164934,-21.568622867770404,-37.82383003645519,-50.819671330225155,-44.18604676951711,-69.64769626450952,0
HK.01771,490,0.18700000643730164,0.18700000643730164,0.0,0.1978249101914276,1026100.0,191880.7066053152,9.205517966866399,0.1756400001049042,0.24308499805629252,7.471271159863601,-24.291493506019496,-30.740741108670633,-26.666662770938178,-38.68852391738914,0
HK.01772,490,55.95000076293945,54.0,3.6111125239619506,1.8939997773045734,13338939.05,746313650.024303,5.800101940401023,74.11407539367676,56.56623735427856,-33.697059543894824,-5.1694289187602145,16.810252827601673,3.682598690684359,194.28544427460943,1
HK.01773,490,1.3300000429153442,1.350000023841858,-1.4814800424667633,0.7121339101678407,8857600.0,11780608.380126953,4.84279989234904,1.80239999294281,2.470999045372009,-18.902435700216838,-43.881852019516124,-37.635202416949504,-44.762605208436476,-62.86870292836342,0
HK.01775,490,0.36000001430511475,0.39500001072883606,-8.860758347611412,0.9799554565701559,92000.0,33120.00131607056,2.527650736413427,0.4232999986410141,0.3776000003516674,-12.195117696277553,-21.739128744669838,12.500006984919466,0.0,116.86748675120653,0
HK.01776,490,15.90999984741211,15.75,1.015872047061012,0.6114318727780811,7572977.15,120486065.3009554,3.8589837735324886,16.42559995651245,17.682237057685853,-9.396353466470472,-1.9716555998135665,-10.467082512307604,-11.463547827803668,44.960799046202375,1
HK.01777,490,0.05999999865889549,0.06199999898672104,-3.2258070330838233,0.17251565638662414,1015650.0,60938.99863790721,9.309254232100797,0.07023999996483327,0.08085999989882112,1.694912364756178,-24.050638104474302,-25.0,-20.000004967053535,-17.808219807236124,0
HK.01778,490,0.164000004529953,0.1599999964237213,2.500005122274275,0.36265120368830056,2137050.0,350476.20968073606,6.2004817276491115,0.19311999946832656,0.20255499951541422,-21.153845602767717,-27.111107166902414,-2.9585770643090035,-3.529410114750335,3.7974664443312918,1
HK.01779,3,139.8000030517578,124.0,12.741937944965978,,,,,,,,,,6.069802590868228,,1
HK.01780,490,2.549999952316284,2.5799999237060547,-1.1627896231359918,0.18993103601674993,9371442.95,23897179.075634774,14.121703764283458,1.619999998807907,1.122244825065136,44.06779546864607,269.56521175759497,207.22891609525797,292.3076993614967,142.30012005726593,0
HK.01782,489,3.5899999141693115,3.630000114440918,-1.101933857039758,0.05082592121982211,197250.0,708127.4830698967,2.6663224257624054,3.5726000261306763,4.017150003910064,4.970755382543299,-26.73469705514135,-3.4946267054058398,-5.277046166141139,-11.138615146850503,0
HK.01783,490,4.260000228881836,4.420000076293945,-3.61990598756426,0.8804848289939964,13327564.0,56775425.69043732,5.47151884996932,3.3466000080108644,3.3870250117778777,36.10223875799311,34.810130163714334,34.810130163714334,29.483291133002787,9.370994858605846,0
HK.01785,489,1.9199999570846558,1.9299999475479126,-0.5181342349755989,0.0,24300.0,46655.998957157135,0.6665498582105982,1.919248104095459,1.9302618777751923,0.49672670652934675,-2.3610010143318325,-0.9527488193569741,0.9893568240107231,-3.729781082315947,0
HK.01786,490,0.7699999809265137,0.7699999809265137,0.0,0.04988072001734981,192550.0,148263.4963274002,1.7284835075330387,0.8155999994277954,0.903249997496605,-2.5316506313829312,-16.304351417576594,-18.94736941171156,-14.444444297272478,-2.785871353027969,0
HK.01787,490,22.040000915527344,21.639999389648438,1.8484359388209977,0.7468971651021501,12527929.5,276115577.649662,4.688778959171824,29.042400093078612,34.52488796234131,-27.308703372811426,-47.47378122874347,-34.67694185209987,-38.53876034468012,-8.827596752407995,1
HK.01788,490,2.059999942779541,2.0799999237060547,-0.9615375798129149,0.6935673737943628,55376569.65,114075730.31032726,3.7147273987279834,2.374616575241089,3.175993579626083,-13.731375561789646,-22.422613327510422,-26.53448496052456,-21.247198163657867,80.85397286687841,0
HK.01789,490,5.639999866485596,5.710000038146973,-1.2259224377184703,1.1162787066115785,4927326.6,27790121.366130922,3.9947644362365025,6.343200006484985,5.98119999885559,-10.333864853886936,-4.081636790548634,1.0752678064499148,-2.5906752393039003,-3.723396202149386,0
HK.01790,489,0.5099999904632568,0.5099999904632568,0.0,,0.0,0.0,0.0,0.5163999843597412,0.49327498719096186,-1.9230751596258298,-3.7735815105932082,13.333334216365131,-10.526316339839756,-7.272731016490004,0
HK.01792,490,1.0800000429153442,1.1299999952316284,-4.424774559935741,0.5010936484872133,881914.3,952467.4818476558,2.211928556710932,1.1510000109672547,1.098749595284462,-0.9174302896359119,-14.285710230976514,10.204197813419634,8.000004291534424,105.71467691611124,0
HK.01793,490,0.2800000011920929,0.2800000011920929,0.0,0.18652849740932642,754000.0,211120.00089883804,1.4498542900540856,0.273700003027916,0.2448672577738762,3.70370002440479,-13.84615031925166,30.84112110486957,29.032262937796304,87.58875171224004,0
HK.01795,490,0.5400000214576721,0.5299999713897705,1.8868020014566025,0.10695187165775401,188100.0,101574.00403618813,3.431189552090314,0.5344999933242798,0.6234249974787235,1.8868020014566025,-1.8181800448205245,-27.027025067780148,-10.0,-15.6249947613104,1
HK.01796,490,0.4350000023841858,0.4399999976158142,-1.136362558800321,0.6112231984302341,11168485.0,4858291.001627743,23.253537114351683,0.8034000170230865,2.493400005400181,-34.0909113486607,-85.96774142689063,-85.78431338174944,-84.12408755948391,-79.28571323148242,0
HK.01797,490,21.299999237060547,21.559999465942383,-1.2059380116987002,0.5106476607217901,6883944.25,146628007.27296734,4.529899414326919,25.798400039672853,24.380300102233885,-19.74378861230977,-9.361705374210437,13.782051380020787,17.744605071290977,63.846147977388824,0
HK.01798,490,1.6100000143051147,1.6100000143051147,0.0,0.9406882186758454,9564832.1,15399379.81782602,4.041787448410744,1.634799997806549,2.1036530101299284,-5.294119462009894,-15.263156078528805,-28.444443808661568,-22.59615031925166,-25.93072104473994,0
HK.01799,490,4.579999923706055,4.599999904632568,-0.43478220306857157,0.7837461645440578,1337207.6,6124410.705979157,4.1704205338164275,5.668199977874756,7.046949996948242,-26.837064596655193,-28.437502258457208,-36.033519255430754,-38.93333435058594,10.096156050467712,0
HK.01800,490,4.21999979019165,4.170000076293945,1.1990338844823698,1.1154706539220904,11241513.9,47439186.299436525,2.1178703640743897,4.478400001525879,4.939347491264344,-7.048461990091449,-16.765292952469306,-16.28163863199174,-17.254904527381907,-12.20437239036857,1
HK.01801,490,73.1500015258789,73.25,-0.1365166882199232,1.1722086084074028,14846111.05,1085993045.9608676,4.7375566495555494,84.77900009155273,87.82524997711181,-17.110479857361014,-8.619614319586699,-20.48912877621858,-7.170052420134862,18.079097054086986,0
HK.01802,489,0.04500000178813934,0.04500000178813934,0.0,,0.0,0.0,0.0,0.04500000178813934,0.04632500126957893,0.0,0.0,4.651163395125501,0.0,-30.769225478877487,0
HK.01803,490,0.0729999989271164,0.07599999755620956,-3.947366744155975,0.01132552162739034,2816125.0,205577.12197862566,12.073682604751086,0.07880000054836273,0.09472500029951333,-18.888893304047585,-8.749999301508053,-32.40741015410629,-17.045455315142625,-30.47618932734808,0
HK.01808,490,2.4000000953674316,2.2699999809265137,5.726877336265777,0.6781027257344008,733792.25,1761101.4699798822,18.150717053040154,1.844799997806549,2.647150002121925,92.00000762939453,-3.9999961853027344,-21.31147105281816,-17.24137874335655,-38.30334111452286,2
HK.01809,490,7.389999866485596,7.46999979019165,-1.0709494772824113,2.7486780405068343,102455.0,757142.4363207817,1.8165880096758957,7.868800010681152,7.656000006198883,-7.625001668930054,-6.926954493340405,2.354571762244231,-6.926954493340405,-2.0215559552620648,0
HK.01810,490,27.200000762939453,27.3799991607666,-0.6574083394606969,0.7030149278757505,147431409.75,4010134457.681239,3.4976897770384374,30.631599922180175,40.02129997253418,-14.195583254562443,-13.869535058100752,-29.64303965262376,-32.472687221331995,-46.61432707430993,0
HK.01811,490,2.6600000858306885,2.630000114440918,1.1406832731696614,1.181199384086773,11055354.15,29407242.98788866,4.02120836510123,2.593604774475098,2.5666314804553987,-0.22257722570294758,4.653754786846111,5.847526457733325,10.03122179407068,22.85790267698847,1
HK.01812,490,0.7099999785423279,0.6800000071525574,4.411760452090707,1.06799324693739,2076562.5,1474359.3304418027,6.2941272961019825,0.9835999977588653,0.8961999979615212,-21.9780265845878,-28.282831141126696,-6.578949019519266,-5.333336194356283,5.970143411440622,1
HK.01813,490,0.14100000262260437,0.14000000059604645,0.714287158786028,2.1872898886720225,1073345.8,151341.7606149614,6.823872511236291,0.15655999958515168,0.20033499851822853,-16.56804566773867,-18.497104997117532,-40.25423653901086,-10.759496118200532,-54.516128536069566,1
HK.01815,490,0.8199999928474426,0.800000011920929,2.4999975785613424,0.28184507230180605,5382241.5,4413437.991503209,6.39288595814036,0.9940000021457672,1.682999999821186,-15.463920756548829,-46.05263137256009,-59.00000035762787,-67.71653522981862,-70.50359707602766,1
HK.01816,490,3.049999952316284,3.0399999618530273,0.3289470588401375,0.4975388292982198,54047103.5,164843663.09783328,2.952374312397054,3.2864873933792116,3.0607096302509307,-9.894357157120352,0.4692260926651243,5.173472229176167,6.239416130408969,22.36136095664448,1
HK.01817,490,0.2409999966621399,0.24199999868869781,-0.413223980155594,6.778115501519757,18050.0,4350.049939751625,0.5110639815041357,0.2632599985599518,0.3126900014281273,-5.490195620110374,-13.92857298711124,-28.05970428090334,-20.9836095047714,-38.20512679436733,0
HK.01818,490,19.18000030517578,19.09000015258789,0.4714518170168268,0.5469456245792467,26015217.6,498971881.50721437,5.107759943259804,27.394036102294923,29.80510174751282,-32.77278137878773,-43.68935213863386,-32.959784113289054,-39.558724965032056,-2.4632296384468444,1
HK.01820,490,2.490000009536743,2.450000047683716,1.6326514724293246,1.042830540037244,28150.0,70093.50026845932,2.9624465247456286,2.429999988079071,2.4812999993562697,-2.352938976529794,-0.796811992131617,1.2195110131936575,-0.39999961853027344,-36.476343561952554,6
HK.01822,490,0.13899999856948853,0.13099999725818634,6.106871357817724,1.3048527473674596,612277.5,85106.57162413001,8.453687077926936,0.13726000025868415,0.15085500054061413,10.317457407810597,-7.333337969249964,-13.124998952262079,-4.137929262644278,13.934423776683383,1
HK.01823,490,1.5,1.3200000524520874,13.636359120860423,1.4539494554298402,356480.0,534720.0,4.896620492259595,1.5926000046730042,1.2859499990940093,-10.714282926653432,-4.458601918054626,20.0,33.92857085837394,265.85366172779186,1
HK.01825,490,1.100000023841858,1.0,10.000002384185791,,141100.0,155210.00336408615,1.9545454446934472,0.9956000006198883,1.1893499973416328,10.000002384185791,20.879120015389788,-15.384610446952324,-9.090909986546098,39.24050556507427,1
HK.01826,490,0.11299999803304672,0.10899999737739563,3.669725460452727,0.6129807692307693,846000.0,95597.99833595753,7.471709126423056,0.13993999913334845,0.11503500027582049,-1.7391339276823337,-33.91813127940147,105.4545429915436,20.21276798114464,91.52541923406517,1
HK.01827,489,0.9100000262260437,0.7699999809265137,18.18182451525167,1.0344827586206897,15250.0,13877.500399947166,3.374187989695226,0.8643999981880188,0.9170500022172928,3.409094449656088,2.2471956014182424,-17.27272668160684,-4.2105223531537606,-13.333326899815829,2
HK.01828,228,29.899999618530273,29.200000762939453,2.3972562921274188,1.5870916880457047,306030.25,9150304.358258724,2.2443805225944526,30.700399971008302,37.34050001144409,-3.361347438835849,-17.494486110092115,-23.56850604573951,-21.727751252983225,,2
HK.01830,490,1.149999976158142,1.1299999952316284,1.7699098239742965,0.6825739438584347,355244.45,408531.10903031233,2.453406383173797,1.181800003051758,1.2794346237182617,-5.737709082829153,-1.7094001418896263,-13.246468580809958,-10.156249854480844,-46.591024474267364,1
HK.01831,490,0.5199999809265137,0.49000000953674316,6.122443021609968,0.6727874214771586,2746712.5,1428290.4476106167,8.044029205486028,0.428099998831749,0.3122949992865324,26.82926474689796,134.23422262388235,113.99176106828202,151.2077175056608,414.8514483374915,2
HK.01832,489,1.100000023841858,1.1200000047683716,-1.785712575121809,0.0,18050.0,19855.000430345535,2.2071555951541413,0.8904000055789948,0.7190999987721444,25.00000338662756,42.85714949216841,124.48979641486584,80.32786853209006,139.13043562766507,0
HK.01833,490,8.619999885559082,8.65999984741211,-0.4618933320764507,0.46603961675416616,9719606.3,83783005.19367933,4.180774242582178,10.725200004577637,14.484599981307984,-22.27231950445398,-28.3458015220579,-38.64768848015064,-40.877915427533246,21.92361635450245,0
HK.01835,490,1.4600000381469727,1.7799999713897705,-17.9775246284387,0.6761864762704746,196340.0,286656.4074897766,18.72480867901938,1.2532000076770782,1.5954499980807304,22.68907293644723,14.062505529727911,-26.999998092651367,36.44859500718097,-21.08108003614941,0
HK.01836,490,13.399999618530273,13.4399995803833,-0.2976187730795046,1.8231061865225884,1274219.8,17074544.833923724,2.357781157166164,13.806648693084718,14.28115553855896,-7.058655518314566,-2.7651709466918755,-10.989009666342088,-6.082891105113583,5.494975613858056,0
HK.01837,490,1.3799999952316284,1.409999966621399,-2.127657595741337,2.2567332263204465,2212802.45,3053667.370448536,3.9279379758005906,1.5244299864768982,1.1447283858060837,-13.266204671988799,35.36955371688987,36.646647439489335,34.11614136214274,110.09006922769169,0
HK.01841,490,0.23000000417232513,0.23000000417232513,0.0,0.1733102253032929,291000.0,66930.00121414661,0.40610532899966423,0.23202000111341475,0.22621499992907046,-2.127657550770317,-2.127657550770317,4.545457008456409,1.3215885924586208,4.545457008456409,0
HK.01842,490,0.03999999910593033,0.03999999910593033,0.0,0.7256235827664399,1065400.0,42615.99904745817,4.680110167001573,0.043980000242590904,0.051575000118464234,-9.090910630285256,-18.36734662846394,-25.925929503022143,-25.925929503022143,-35.48387135538921,0
HK.01843,490,0.22599999606609344,0.22599999606609344,0.0,0.1038753495805034,839600.0,189749.59669709206,4.292468108389603,0.1861800017952919,0.14277000036090612,-1.7391339276823337,61.42856793136014,79.36507335806058,103.60359743560417,88.33333426465593,0
HK.01845,489,0.2199999988079071,0.2199999988079071,0.0,0.0,4050.0,890.9999951720238,0.0,0.23458000004291535,0.17850000090897084,-7.5630278407529214,22.905023747372212,49.65986325599698,64.17909949838689,96.42856430110297,0
HK.01846,490,2.4800000190734863,2.5999999046325684,-4.61538038310199,5.680473372781065,68750.0,170500.00131130219,1.2027362596597573,2.7028000020980834,2.96860603928566,-11.428569239013012,-19.480516866721533,-22.257054088131163,-17.333332697550453,-13.362414441016307,0
HK.01847,490,0.5400000214576721,0.46000000834465027,17.39130688299524,6.3120567375886525,37100.0,20034.000796079636,4.161907182860134,0.456500004529953,0.5473750004172325,27.058825014371727,22.72727826902692,9.090912374911527,5.882359128509954,27.058825014371727,1
HK.01848,490,3.799999952316284,3.799999952316284,0.0,0.46923851220946056,308264.4,1171404.705300808,1.72257337042425,3.929400005340576,4.441828178167343,-4.522614720969393,-16.48352103250017,-15.555556615193685,-18.97654784745644,3.5747302522584414,0
HK.01849,489,0.05000000074505806,0.05000000074505806,0.0,,0.0,0.0,0.0,0.05000000074505806,0.05000000074505806,0.0,0.0,0.0,0.0,0.0,0
HK.01850,490,3.0899999141693115,2.5999999046325684,18.846154904224502,0.8992673601585374,15173657.1,46886599.136634566,15.563906907839915,1.4701999926567078,0.8925249947607518,120.71428334226411,267.85714412424846,423.7288222919765,398.38707909747797,414.44781819910304,5
HK.01851,490,7.210000038146973,7.199999809265137,0.13889207148266028,0.6514268638876438,627200.0,4522112.023925781,8.915007840726867,5.635000009536743,3.297749997377396,1.5492976759426718,100.27778414296533,251.70732711483393,133.33334104914516,463.28126557054964,4
HK.01853,489,1.3700000047683716,1.3700000047683716,0.0,0.0,23875.0,32708.75011384487,29.989146615863493,1.6161276865005494,1.6803458428382874,-14.903310601180294,-29.15808758034321,-8.785247081775372,-11.671790916170927,0.40184700931192663,0
HK.01854,490,1.25,1.25,0.0,0.6847649918962723,2482000.0,3102500.0,6.413750847315767,1.1271999883651733,1.1026999932527541,9.649124182932722,13.636361173361838,26.262625046329063,-8.088236260888475,-8.088236260888475,0
HK.01855,490,0.20900000631809235,0.21199999749660492,-1.415090195253713,0.7801213522103438,704800.0,147303.2044529915,8.838933534460477,0.28236000031232833,1.7643150041252376,-21.132068830097964,-79.30692987212502,-86.60256320614313,-83.79844864352762,-97.68549266336109,0
HK.01856,490,1.75,1.75,0.0,0.8909730363423212,42850.0,74987.5,1.2154032646346271,1.7487999868392945,1.7528499966859818,-3.3149140705165783,-9.326422406208074,9.374998370185518,-6.914893380923203,60.55045379912885,0
HK.01857,490,1.350000023841858,1.3600000143051147,-0.7352934086817846,1.0378709806616693,361019.25,487375.99610736966,1.0535359420860715,1.4168540954589843,1.4939405173063278,-3.571425226269879,-8.353607488630814,-11.348583087671319,-11.924246250472184,-1.0807583625587969,0
HK.01858,490,9.1899995803833,9.079999923706055,1.2114499735849016,0.7038674594704477,835315.0,7676544.499487877,3.7872438165982905,11.178660717010498,14.173309507369995,-17.62197767853021,-25.551763256718907,-44.23037746938995,-37.984476318531186,-13.143902739761588,1
HK.01860,490,12.649999618530273,13.260000228881836,-4.6003061826719245,0.7295222991242534,28464990.1,360082113.90646803,6.552504116671995,14.765599956512451,15.603399991989136,-17.32026496188762,-2.9908001876047057,-21.720298651140972,-19.426753043238563,106.02605689909994,0
HK.01861,489,2.049999952316284,2.059999942779541,-0.4854364437391164,0.361282553063375,33815.0,69320.74838757515,1.3028805643790558,1.886994752883911,1.8313934767246247,7.055192610555734,7.055192610555734,17.279570803994364,6.508993527821177,92.27107369342815,0
HK.01862,489,0.01600000075995922,0.01600000075995922,0.0,,0.0,0.0,0.0,0.01600000075995922,0.014825000492855907,0.0,0.0,33.33333850734759,0.0,60.00001117587115,0
HK.01863,489,1.3700000047683716,1.3700000047683716,0.0,,0.0,0.0,0.0,1.3700000047683716,1.3700000047683716,0.0,0.0,0.0,0.0,0.0,0
HK.01865,490,0.48500001430511475,0.47999998927116394,1.041671905356266,0.6055161859134311,4882120.0,2367828.269839287,6.45117994094507,0.4747000002861023,0.34037499837577345,0.0,6.593406665384184,96.3562859283143,94.77912379615523,49.230779106095355,3
HK.01866,490,9.399999618530273,9.6899995803833,-2.9927757937173824,1.291554058129539,4151052.0,39019887.21649933,4.412006917878365,11.05399995803833,9.404499995708466,-21.991705645300748,-17.975570791968266,26.855598004002086,2.6200848811800905,114.23281457127091,0
HK.01867,490,0.20999999344348907,0.210999995470047,-0.47393461991798,0.08163265306122448,123000.0,25829.999193549156,1.0274729704359833,0.22005999833345413,0.22601499974727632,-6.6666671081825655,-1.8691626529275176,-16.00000262260437,-17.64705985475166,49.99999467815674,0
HK.01868,489,0.32499998807907104,0.32499998807907104,0.0,0.0,34225.0,11123.124592006207,3.062736436544453,0.3390000021457672,0.36412500232458117,-10.958909702068233,-1.515159040990203,-9.722229120907686,-17.721524240114363,-13.33333651224772,0
HK.01869,489,0.0949999988079071,0.09799999743700027,-3.0612231709717466,0.8096535616971584,334125.0,31741.87460169196,2.416289409783522,0.10458000004291534,0.11160000033676624,-12.037040422503098,-16.666667755932835,-22.13114939311663,-16.666667755932835,17.28394880034615,0
HK.01870,490,0.4300000071525574,0.4300000071525574,0.0,0.3057199211045365,1481625.0,637098.7605974078,4.7795000300276325,0.4677999997138977,0.4328499987721443,-13.999998569488525,-4.444440323629388,10.256416134580567,-18.867918799126038,72.69076733021518,0
HK.01871,490,0.33000001311302185,0.33000001311302185,0.0,0.16670139612419255,1421700.0,469161.01864278316,5.967981977644996,0.35560000121593477,0.29017999947071077,-8.333333333333332,-13.157890196322017,48.648652639707116,26.92308662205794,65.00000409781926,0
HK.01872,490,5.28000020980835,5.869999885559082,-10.05110199750095,1.2234311104398645,2471632.75,13050221.438569188,12.219014227892263,6.358599987030029,6.017550007104874,-22.58064403358919,-27.868851284330237,-4.864864354009392,-24.246766589024986,26.92308662205794,0
HK.01873,490,1.149999976158142,1.1399999856948853,0.8771921569070334,1.5683424292935833,6133746.45,7053808.271260089,5.598982409108276,1.6258000016212464,2.1220000010728834,-27.21519335934862,-44.97607543609783,-39.47368470585578,-34.65909190968542,-35.39325872796185,1
HK.01875,490,3.359999895095825,3.5,-4.000002997262137,0.5263490121244786,1796110.0,6034929.411580563,6.454587110638041,4.611999974250794,3.244299988746643,-31.28834382748909,-16.209483707866504,86.66666578363487,34.39999580383301,74.09326354463089,0
HK.01876,490,6.869999885559082,7.050000190734863,-2.5531957490205226,0.8180532875625957,16863440.3,115851832.93113242,2.666364525729152,7.154963216781616,7.4250002145767215,-9.209869869719741,-4.4564577086832715,-8.066416838442713,-6.055002105825165,-10.763735851272335,0
HK.01877,490,16.139999389648438,16.729999542236328,-3.526599932644256,1.2301166653804103,3732049.95,60235283.915137485,6.222613824609624,23.836000022888182,25.17554998397827,-38.16092278256292,-10.383125016481461,-32.184874340181565,-27.55835326646713,-20.099015940335114,0
HK.01878,490,2.0899999141693115,1.9800000190734863,5.555550203847883,1.332941968679317,455572.5,952146.4858978987,6.3751096600730435,2.0203999972343443,2.1656999987363816,2.955662247544964,5.025120811725402,-7.111114925808376,7.179480157033476,8.290153936256877,3
HK.01879,29,475.0,536.0,-11.380597014925373,0.9392270503736294,484264.2,230025495.0,14.359542628601046,,,-45.65217391304348,,,-46.3882618510158,,0
HK.01880,490,54.04999923706055,54.5,-0.8256894732834003,0.3965028145576238,2269876.1,122686801.47322197,4.082563242330377,60.754999771118165,69.94831930160522,-7.843140953352985,-26.060191018751716,-22.664718850173323,-32.940446327161126,11.407782506058128,0
HK.01882,490,20.6200008392334,20.520000457763672,0.4873312828406481,1.0163150789522208,2288065.05,47179903.251220606,3.373961521202474,21.121015548706055,21.595253438949584,-9.162994950651768,-10.869487610931667,-1.5390260716018442,-3.662164439346025,12.15900306603507,1
HK.01883,490,2.7200000286102295,2.75,-1.0909080505371094,0.4311909755421937,4693332.95,12765865.758277332,1.6518967794587787,2.6743813800811767,2.4839812672138213,0.10288870164303411,9.30775280222806,11.009042728700527,14.575591020276004,28.757720407947907,0
HK.01884,490,0.10300000011920929,0.1080000028014183,-4.629631993068201,1.4982164090368608,180800.0,18622.40002155304,3.1488672763684207,0.10639999970793725,0.11352000001817941,-2.830187419357129,-11.965810877261935,-7.207208295677697,-14.87603249807809,-11.965810877261935,0
HK.01888,490,63.0,55.95000076293945,12.600534657598029,1.3157530689441561,59172717.55,3727881205.6499996,10.14530113871392,37.53879993438721,20.020855374336243,43.31210489549933,179.75132646270006,482.6069049465016,368.7500146350695,665.7541758980445,2
HK.01889,490,0.26499998569488525,0.27000001072883606,-1.8518610500991368,0.3262296106493344,75310.0,19957.14892268181,2.0710934032370365,0.2932800003886223,0.4133199993520975,-11.666674945089223,-32.911397848845795,-47.00000286102295,-47.00000286102295,-19.696977222808385,0
HK.01890,490,0.8999999761581421,0.8999999761581421,0.0,0.9366182462356067,1155972.1,1040374.8624394776,3.274042266454501,1.0967999970912934,1.290722573697567,-14.285712663819117,-29.162782999474,-34.98501892688273,-29.68750029103831,-28.427494622402094,0
HK.01891,489,0.17800000309944153,0.20000000298023224,-10.999999776482586,2.021066491112574,609800.0,108544.40189003944,4.36583998443841,0.16016000062227248,0.14473999977111818,16.339873482321572,14.10256373517848,34.84848792723717,28.985512723594358,63.302759066263135,0
HK.01894,489,0.4099999964237213,0.4099999964237213,0.0,0.16084152284753833,1495325.0,613083.2446523011,5.771896824762365,0.4,0.5173660059273243,22.388055585333166,-30.508472093457662,-30.53955841808133,-11.838575453918022,-15.103853296519725,0
HK.01895,490,0.3100000023841858,0.3050000071525574,1.6393426604503258,0.10695815702867889,419300.0,129983.0009996891,4.716304901611853,0.39930000007152555,0.47682645186781886,-12.676053027315803,-33.33333333333333,-41.509430355005286,-35.41666472641126,-32.279576367877006,1
HK.01896,490,5.28000020980835,5.329999923706055,-0.9380809495948226,0.600859843895996,2582614.9,13636207.21385417,2.77234071640703,5.763199996948242,6.8087500071525575,-10.356530908399094,-12.582777431202425,-21.893490665137026,-23.032068410421658,-22.162990385167603,0
HK.01897,490,0.4399999976158142,0.46000000834465027,-4.347828340440215,0.11059474086710983,15402.3,6777.011963278055,0.7018963623919858,0.4766999965906143,0.46679494515061376,-13.725489050275936,-12.000000476837158,-2.6548725080446487,-6.3829789932306245,9.984641282655899,0
HK.01898,490,12.479999542236328,12.800000190734863,-2.5000050291418283,1.0456195950588312,20102342.8,250877228.94187775,3.7794756878402684,13.269600028991698,11.561905417442322,-1.5772930451572298,-6.796122313321819,16.96344379569168,23.56434723639357,49.476874322362754,0
HK.01899,490,1.1799999475479126,1.1799999475479126,0.0,0.09032092832251556,998746.8,1178521.1716136455,2.0886253511165767,1.2124000191688538,1.159616215825081,-2.479346252335911,-5.600004196166992,8.778997537829564,7.948631208114733,21.907502437735747,0
HK.01900,490,0.23899999260902405,0.23999999463558197,-0.41666752037904586,0.4736149685718462,305600.0,73038.39774131775,4.814328088003062,0.2528999972343445,0.2810649983584881,-4.400002956390381,-21.639348523202134,-24.12698589905471,-4.016066444098772,67.13285416202959,0
HK.01901,490,0.24799999594688416,0.24500000476837158,1.224486171479397,0.28997109183900377,1932000.0,479135.9921693802,5.961941970274178,0.29235999763011933,0.3589899989962578,-12.982456470570519,-40.24096363046584,-22.499999534338702,-41.64706141395958,175.55554010250012,1
HK.01903,490,2.690000057220459,2.75,-2.1818161010742188,1.8269230769230769,176000.0,473440.0100708008,6.175752768382123,2.3613999891281128,2.077199991941452,1.893937512479722,-6.920416623664702,62.04819947649886,44.623657878058,144.54545444693449,0
HK.01905,490,0.7400000095367432,0.7400000095367432,0.0,0.936442003111598,1402834.15,1038097.2843784689,2.5653015558756542,0.7613337457180023,0.7605274423956871,-5.229660713034374,-2.889647668216269,-1.6757697061037553,2.155048138635056,13.425706406237236,0
HK.01906,490,0.5,0.5,0.0,1.6234247590808006,1436500.0,718250.0,7.049258880725604,0.5246999955177307,0.5095249970257282,-1.960782480441495,-9.090911061310528,-9.090911061310528,4.166668994973155,44.927536732658226,0
HK.01907,490,2.549999952316284,2.630000114440918,-3.0418311271305827,0.7553924592955457,19488775.95,49696377.743202746,4.484054254516219,2.951860032081604,2.587021380662918,-4.4159223221493455,-3.3297381486573463,16.53400865941613,9.531971571903956,3.9960519231803273,0
HK.01908,490,15.0600004196167,15.239999771118164,-1.1810981247033066,0.7872937097395505,8445266.8,127185721.551775,5.017570155164604,14.355604877471924,15.133160061836243,-8.997791497646277,8.49787223575812,-5.776484329200894,3.841917268301947,13.429596534955717,0
HK.01909,490,1.9299999475479126,1.899999976158142,1.5789458824326599,0.5062726512405911,43752.5,84442.32270509005,2.817438293649082,2.0935999822616576,2.0487481206655502,-11.87215081640398,-33.44827985933633,18.40490510392015,26.14378978025754,4.324320144597644,1
HK.01910,490,14.109999656677246,14.0,0.7857118334089006,0.801423404182174,5702463.2,80461753.79421464,2.6834862446713887,14.760199928283692,17.378299980163575,1.8037518484321107,-19.738340626211418,-26.586887821201444,-29.450001716613773,1.5361004608081776,1
HK.01911,490,3.509999990463257,3.5999999046325684,-2.4999976820415304,0.7110575404499335,1051570.9,3691013.848971438,5.5095772714610725,3.5490000104904174,5.036399986743927,-6.1497331146257235,-8.831166820555026,-30.495052318948712,-22.000000211927624,7.668711678875624,0
HK.01912,490,1.649999976158142,0.5600000023841858,194.64285163094806,,2179193.85,3595669.80054397,2.303030488029111,0.4985000014305115,0.6472249998152256,194.64285163094806,189.47368366016025,117.10526274512019,132.39436986261467,111.53846624099779,1
HK.01913,490,37.959999084472656,36.52000045776367,3.9430410970952208,0.4264368372538448,3937636.2,149472666.5469864,3.648805099959635,36.264178161621096,40.72393226623535,6.569343691061345,-8.424835006186003,-11.695378354466662,-11.497827776006922,-22.884067102037907,1
HK.01915,489,0.26499998569488525,0.26499998569488525,0.0,,0.0,0.0,0.0,0.26499998569488525,0.26499998569488525,0.0,0.0,0.0,0.0,0.0,0
HK.01916,490,0.6499999761581421,0.6399999856948853,1.5624985448084445,2.4649790081888847,635750.0,413237.48484253883,2.503511372397145,0.6740000021457672,0.6943500000238418,-5.797104579113893,-7.142858967489158,-7.142858967489158,-2.985080601935728,-13.731410253671909,1
HK.01917,490,0.09300000220537186,0.09200000017881393,1.0869587224068356,0.03669724770642202,273000.0,25389.000602066517,3.939815644102586,0.10905999943614006,0.0976899996958673,-20.512817737017937,-5.102036084075091,-19.82758199878016,-21.848739443184943,69.09091401691282,1
HK.01918,490,0.8500000238418579,0.8600000143051147,-1.1627895694091224,0.5301153860862753,194633635.45,165438594.77292746,5.690464060867791,1.0375999855995177,1.2899999940395355,-26.724133767214052,-21.296297216121022,-39.71630893874393,-33.593746653059426,-38.84891851873451,0
HK.01919,490,14.40999984741211,14.90999984741211,-3.353454091998423,0.9293613501047518,30190467.0,435044624.8633003,3.3043201575778793,14.434771308898926,13.557993741035462,2.061289540358843,-8.46437857196124,10.534872445075582,7.274490937139408,15.435372225708463,0
HK.01920,490,0.5600000023841858,0.5400000214576721,3.70370002440479,0.5145396825396825,1903900.0,1066184.0045392513,9.224483563703131,0.8569999992847442,0.616374998986721,-25.333333015441895,-39.130435627665086,39.9999985098839,38.271605119965386,86.66666004392863,1
HK.01921,490,3.140000104904175,3.2300000190734863,-2.786375035227637,0.4996948924444188,7188171.1,22570858.008069158,8.101446249252682,4.764400000572205,5.982699996232986,-22.660094848314692,-56.14524899691041,-50.47318565721998,-57.738893977790426,-53.134325458308126,0
HK.01925,490,1.2999999523162842,1.2699999809265137,2.3622025071121953,2.3058823529411763,46200.0,60059.99779701233,0.6232537674190822,1.264599986076355,1.1529165402054786,3.174600171093715,1.5624985448084445,13.720881365794751,16.071423819782805,10.924471465037023,1
HK.01927,490,0.25,0.2409999966621399,3.734441270751258,0.18950064020486557,915250.0,228812.5,4.385451517020981,0.19048000037670135,0.15228500101715325,21.951220575930613,89.39394042019016,106.61157136748018,83.82351942179992,121.23894190412976,1
HK.01928,490,14.800000190734863,14.819999694824219,-0.13494942308494212,0.7671265726631052,13470816.1,199368080.84935427,2.5978533500808307,15.894885540008545,18.150580830574036,-4.940519698981145,-12.653918733700273,-22.131613112218627,-23.495676368238055,0.34956658205551744,0
HK.01929,490,11.319999694824219,11.380000114440918,-0.5272444553015451,0.5953716722944805,20257044.7,229309739.82204056,3.48437102806947,11.220200004577636,13.29240391254425,-1.650743095389801,-8.930012736116865,-24.006241922780596,-9.222137510656182,5.473583398592256,0
HK.01930,490,0.375,0.38499999046325684,-2.5974001846660313,9.822485207100591,50400.0,18900.0,3.3159790978746577,0.39230000257492065,0.38112499967217445,-5.063293717874323,-5.063293717874323,7.142858967489158,-2.5974001846660313,-6.862442200350406,0
HK.01931,490,0.6399999856948853,0.6399999856948853,0.0,0.41440105453946285,594225.0,380303.9914995432,5.559570531049348,0.9312000024318695,4.268049993216992,-30.43478542555027,-42.342344374153924,-89.96865244177243,-74.40000057220459,-69.66824561544256,0
HK.01932,489,0.23800000548362732,0.23800000548362732,0.0,0.20699231115971323,227541.45,54154.86634775251,6.211366537172354,0.2576799991726875,0.19428499788045883,-24.44444213174216,-6.666662770938177,84.49613800000762,65.27778870069734,19.000000968575463,0
HK.01933,490,0.4099999964237213,0.44999998807907104,-8.88888726999726,2.227937854089187,6395000.0,2621949.977129698,10.481921348502752,0.2228800004720688,0.17408499926328658,86.36363574788591,104.99999515712268,167.97385888268948,217.82947133334093,201.47056922213534,0
HK.01935,489,0.8999999761581421,0.9300000071525574,-3.2258097595362787,1.2903225806451613,13200.0,11879.999685287476,1.0270261244397687,1.0781999921798706,0.9799000006914139,-12.62135911093478,-25.61983902608575,19.99999682108561,-1.0989065691980104,8.433734247587214,0
HK.01936,489,0.7900000214576721,0.7799999713897705,1.282057748038625,1.0771992818671454,39700.0,31363.000851869583,1.3331927117191986,0.7993999969959259,0.7077999946475029,-3.6585331282255105,6.7567582806154425,23.43750611180453,12.857147844470362,27.41935731965221,1
HK.01937,490,0.16599999368190765,0.16699999570846558,-0.598803624105261,0.7085346215780999,305750.0,50754.498068243265,2.277767407329662,0.17813999950885773,0.20579999901354312,-15.736042490548352,-12.169313462489875,-17.000004395842485,-4.597702035344528,-41.75438745090067,0
HK.01938,490,0.2750000059604645,0.2800000011920929,-1.785712575121809,0.2097052139800831,351126.3,96559.73459287583,4.772628982252979,0.31330000221729276,0.34840000182390213,-14.062496216501957,-29.487175372460268,-8.333334989017844,-1.785712575121809,41.02564925507946,0
HK.01939,490,0.5899999737739563,0.6000000238418579,-1.666674945089223,0.07616339587194394,1910350.0,1127106.4498990774,8.866967783193646,0.6534999996423722,3.5218249963223935,-22.3684235292789,-18.05556245424102,-90.73783384028783,-40.40404362722798,-43.269231210093544,0
HK.01940,490,1.100000023841858,1.100000023841858,0.0,2.9869067103109654,257400.0,283140.0061368942,5.680066034913593,1.2751999998092651,1.0323500066995621,-13.38582359352748,-30.37974721746286,54.929585505090195,22.222228109100875,131.57895529369247,0
HK.01941,490,0.5400000214576721,0.550000011920929,-1.8181800448205245,0.04399748585795098,623700.0,336798.0133831501,7.067434219311453,0.3559999996423721,0.2633849996328354,54.285723043947954,89.4736941171156,200.0,140.00001589457236,210.34484884826864,0
HK.01942,490,0.10100000351667404,0.10000000149011612,1.0000020116567312,0.38962275126119744,9244400.0,933684.4325095415,10.813960786092547,0.1718999995291233,0.3097299994900823,-37.6543190003786,-58.091284267415624,-74.10256225094045,-68.43749819556247,-73.42105137261656,1
HK.01943,490,0.6499999761581421,0.6499999761581421,0.0,0.7228051295847906,2784500.0,1809924.9336123466,4.537355183000766,0.6526000010967254,0.6951250003278255,1.5624985448084445,-8.45070481655075,-9.722229120907686,35.41666472641126,145.2830231117585,0
HK.01945,490,1.5199999809265137,1.7100000381469727,-11.111114209468145,2.361956276763579,197400.0,300047.9962348938,6.5644698364124,1.7044000005722046,1.509449998140335,-16.48351993844085,-3.1847178251670543,12.592589191285079,-1.9354820846890508,5.555550036607185,0
HK.01947,490,0.5400000214576721,0.550000011920929,-1.8181800448205245,0.0522053633702112,96025.6,51853.826060485844,2.884749810266887,0.4430999976396561,0.38237500086426734,28.57143769458877,47.945207492744565,56.52174589088601,42.1052705878367,74.19355396921748,0
HK.01948,490,3.9600000381469727,3.990000009536743,-0.7518789804026501,0.23005384238864415,205800.0,814968.007850647,6.151008436725302,4.06485538482666,4.651522485017776,-1.9802077192137617,-21.08248614929888,-10.111890359894598,-4.547386022258157,33.18391004324492,0
HK.01949,490,0.41999998688697815,0.45500001311302185,-7.692313234582195,0.039864460833167234,282180.0,118515.5962997675,4.448354587504001,0.698500007390976,0.8398999997973442,-41.66667080587794,-44.00000174840291,-43.243245746725364,-44.00000174840291,19.999998297010123,0
HK.01950,490,0.11699999868869781,0.11599999666213989,0.862070737355722,0.1485663348685188,398260.0,46596.41947776079,6.110592105090826,0.13248000040650368,0.17391500037163496,-5.645160805763481,8.33332930910009,-40.60913678706452,-36.75675828061544,-49.35065127748748,3
HK.01951,490,2.1700000762939453,2.180000066757202,-0.45871514481795594,1.0071192295570346,14578076.6,31634427.33421898,3.281022543409922,2.3632000255584718,2.5206500101089477,-10.33057818671051,-8.438810925003773,-7.659567474185354,-9.58333374725446,-22.7757964241285,0
HK.01952,490,27.520000457763672,27.959999084472656,-1.5736718208740352,0.9549828997971693,3618592.75,99583674.1364603,5.506879654551641,34.33520004272461,44.29875007629394,-14.956736901419077,-18.77213816364668,-37.90613572369335,-27.38786451242635,-37.66704528507754,0
HK.01953,490,1.190000057220459,1.1799999475479126,0.8474669590729236,0.12514147930598246,15303272.9,18210895.6266603,15.220537781604875,0.9947999960184097,0.41089469209313395,1.7094103307181667,250.96432229446344,540.5099212623938,681.1096768842372,1705.749510657453,1
HK.01955,490,0.6000000238418579,0.6100000143051147,-1.6393426604503258,2.55,45100.0,27060.00107526779,1.792541251759863,0.5639999955892563,0.5637117469310761,3.448282949422888,26.315796078077064,11.11111111111111,-1.6393426604503258,17.05409184596019,0
HK.01957,490,0.23499999940395355,0.23999999463558197,-2.083331393077926,0.2523954194905352,541125.0,127164.37467746437,4.238051451356596,0.22883999913930894,0.22399499908089637,-2.083331393077926,14.634147050620408,16.915419676738217,4.444446946367871,2.6200861143953675,0
HK.01958,490,1.0700000524520874,1.1100000143051147,-3.603600120498037,0.9119616600376896,6178217.95,6610693.530560428,4.829809297040464,1.3714000034332274,1.8100999921560288,-20.740738255169862,-38.85713985988072,-45.68527731408525,-45.68527731408525,-45.959593831075864,0
HK.01959,490,2.2200000286102295,2.3499999046325684,-5.531909842467201,1.545206267069139,1485400.0,3297588.042497635,11.23444964653429,3.659000015258789,2.4666649994999172,-39.01098998268649,-31.901839413970055,-9.016394403729805,-33.33333094676092,593.7500244472182,0
HK.01960,490,0.33000001311302185,0.3499999940395355,-5.714280362031807,1.507936507936508,234750.0,77467.50307828188,7.269215675134988,0.3967999988794327,0.3435649985074997,-13.157890196322017,-29.032255790318807,64.17910691189974,22.22222222222222,161.90476809950002,0
HK.01961,489,0.0989999994635582,0.0989999994635582,0.0,,0.0,0.0,0.0,0.13669999822974205,0.2576449980959296,0.0,-67.54098454363657,-64.00000097534871,-63.33333498901784,-74.28571378808738,0
HK.01962,490,0.46000000834465027,0.46000000834465027,0.0,0.049554013875123884,202300.0,93058.00168812275,0.6033594446839884,0.4379234689474106,0.4446315422654152,8.596363709023269,1.809090529522682,8.596363709023269,5.093254963762834,-0.05837845047819371,0
HK.01963,490,8.4399995803833,8.4399995803833,0.0,2.0620386077127515,1771410.55,14950704.298686553,1.9129279004634285,8.20759994506836,7.854771733283997,1.9323653692280385,9.46821710278197,4.091963859663031,6.431270656805618,6.665312757530241,0
HK.01965,489,0.13500000536441803,0.14000000059604645,-3.571425150243618,0.0,36350.0,4907.250194996595,0.598858511781346,0.14062000215053558,0.14344500117003917,-6.249992238978211,-10.0,-1.4598461547497616,-3.571425150243618,-25.0,0
HK.01966,490,0.05700000002980232,0.0560000017285347,1.7857111971446182,0.1375649085281793,1297950.0,73983.15003868192,5.14512524253702,0.06286000035703182,0.08256000032648445,-10.93750418367543,-24.00000298023212,-39.361700019641,-26.923078392619416,-48.18181787394295,1
HK.01967,490,0.3700000047683716,0.36500000953674316,1.3698616715036243,0.5786067757898744,291560.0,107877.20139026642,7.394690841882009,0.38929999589920045,0.4208499978482723,-10.843370552245663,-3.896100276999047,-6.329115261120019,-9.756095610793878,19.35483932991305,1
HK.01968,490,0.1589999943971634,0.1589999943971634,0.0,0.20920502092050208,360800.0,57367.19797849655,2.5707491715134796,0.17958000004291536,0.16545499984174966,-3.6363708611687766,-14.516134071672502,-5.357144916189394,-4.790420069990845,57.42573154555798,0
HK.01969,490,1.0199999809265137,1.0,1.9999980926513672,1.2902360515021458,377250.0,384794.9928045273,5.936720666381162,1.2557999873161316,3.153550003170967,-19.685039665718374,-60.76923006385033,-76.44341803928963,-71.66666644590872,-75.71428506552765,1
HK.01970,490,8.09000015258789,8.050000190734863,0.49689392428916024,0.09654712377341268,283695.0,2295092.5932884216,2.7245422023605026,7.72519998550415,8.033200018405914,11.586209001212284,-1.3414592589741046,0.49689392428916024,-0.7361898006223807,-0.2466030201726233,1
HK.01971,489,0.3400000035762787,0.3400000035762787,0.0,0.0,28950.0,9843.000103533268,7.6391989078701155,0.35519999980926514,0.37139999836683274,-10.526313725600916,-8.108108325802206,-11.688308571860292,-11.688308571860292,-8.108108325802206,0
HK.01972,490,21.65999984741211,21.639999389648438,0.0924235597402057,1.2564042439549334,3396306.75,73564003.68676472,2.7032976482028674,23.955173530578612,22.23451307296753,-14.791503609743565,-13.170664272733996,1.9060683049536995,5.951482279605683,32.54566701433015,2
HK.01973,489,1.9900000095367432,1.9500000476837158,2.0512800448667075,0.5260640841702535,42920.0,85410.80040931702,4.034581249343939,2.370999987125397,2.877449994683266,-16.736404929298917,-30.41957753393317,-27.636363289572973,-43.94366095023976,-33.44481594683792,1
HK.01975,490,0.39500001072883606,0.4050000011920929,-2.4691334404499927,2.0544554455445545,178200.0,70389.00191187859,2.697410807476468,0.4128000003099441,0.37017527922987936,-13.186813330768368,-1.7129122927593479,16.391186762352028,11.75106074547412,22.768781311061925,0
HK.01977,490,0.9900000095367432,0.9700000286102295,2.0618536429497536,0.8395802098950524,84200.0,83358.00080299377,1.2633599873039654,0.9873501062393188,0.9235658326745033,-0.9999990463256836,-2.927037729625275,13.251789315437179,12.007256101261724,38.19704479731032,1
HK.01978,490,0.2849999964237213,0.2849999964237213,0.0,3.569937369519833,109700.0,31264.499607682228,3.1736891292639657,0.31669999718666075,0.354700001180172,-10.937499126885067,-13.636368151866849,-22.972974932219852,-20.83333747254461,-25.0,0
HK.01979,490,2.619999885559082,2.5799999237060547,1.5503861641813224,0.1433278024862173,5656259.05,14819398.063692521,8.561404128909293,2.5490000104904174,2.372746905088425,9.166657560401854,-4.727276888760653,24.76190497815745,20.73731767022207,82.93709306496086,1
HK.01980,490,0.6399999856948853,0.6200000047683716,3.225803350434739,0.09873834339001646,366400.0,234495.99475860596,2.7623675767326015,0.6679999983310699,0.6734078881144524,-8.289246352638676,-14.244485149507247,-1.4451577467772436,-2.894494186557583,15.00625992288015,1
HK.01981,490,0.7300000190734863,0.7099999785423279,2.816907202197346,1.367669335641636,645800.0,471434.01231765747,3.4372654528197337,0.7444512867927551,1.0159579515457153,-2.473275717292003,-0.03511358043434079,-26.63127437413511,-15.819036505754369,-39.159849946379616,1
HK.01982,490,0.8799999952316284,0.8799999952316284,0.0,1.1432283208834038,634200.0,558095.9969758987,2.4446319322051773,0.9809999930858612,0.9594675096869468,-10.204083866896262,-23.47825969775365,-13.27493606618853,-16.190472838559504,19.262771980262283,0
HK.01983,490,2.4100000858306885,2.4200000762939453,-0.41322273338813675,28.285714285714285,8300.0,20003.000712394714,0.5078643091626039,2.359000015258789,2.2142499911785127,-4.365075235253858,23.58974496915414,19.900502351507036,11.059907884732862,-2.557873497739506,0
HK.01985,490,1.6699999570846558,1.7599999904632568,-5.11363828785657,1.2520694567435413,1373350.0,2293494.441062212,2.6077952969210707,1.4283999991416931,1.3794321405887604,12.83783348395588,23.70369834010339,32.53968013687497,33.59999656677246,31.533051482103815,0
HK.01986,490,0.9700000286102295,0.9200000166893005,5.4347838058588644,0.4995727495154323,2985184.25,2895628.8079068065,8.368397160780145,0.8875729310512542,0.8280785089731216,14.715120721594547,26.633576561454742,23.427660434570573,21.884817914616892,38.156590599708046,1
HK.01987,490,0.2150000035762787,0.21199999749660492,1.4150972241034157,0.3804438511596863,605100.0,130096.50216400623,3.156203708898078,0.20128361701965333,0.192231420353055,8.425355399040747,12.67733510138371,13.792944625848,16.09179458155911,51.224841681122655,1
HK.01988,490,3.4600000381469727,3.4100000858306885,1.4662742245680622,1.2280618585127259,24446896.75,84586263.6875751,2.163969677006237,3.5910000133514406,3.9722662127017974,-3.6211665495936227,-13.283207271252762,-18.77934619136974,-12.846347274254091,-9.825588226759477,1
HK.01989,53,184.8000030517578,159.6999969482422,15.716973439674135,1.2775808090436163,1619852.1,299348673.0233963,9.39184962021293,159.41200088500977,,-11.916110408174056,,,92.5000031789144,,1
HK.01991,490,0.6600000262260437,0.6499999761581421,1.53846929764635,0.39485559566787004,361560.0,238629.60948228836,5.013763954378058,0.5865999853610993,0.9372749960422516,13.793111244365178,-8.333333333333332,-33.99999737739563,-21.428565853306864,-10.810808416175734,1
HK.01993,490,0.6600000262260437,0.6800000071525574,-2.9411736347271384,0.5639344262295082,28475.0,18793.500746786594,11.807161364362791,0.6474000000953675,0.6381249994039535,-4.347821955569661,11.864416197229556,-1.4925358528601556,26.92308662205794,-17.499997951090364,0
HK.01995,490,1.75,1.7300000190734863,1.1560682489023788,0.8295465883542036,3316344.85,5803603.4875,3.0709314870825946,1.8137132287025453,1.7473502892255783,-11.419053931863568,6.501944377498124,0.6821667146756649,7.747582570950335,1.987652878338848,1
HK.01996,490,0.02500000037252903,0.026000000536441803,-3.846154397232281,0.031496062992125984,304400.0,7610.000113397837,1.488603850078443,0.02578000046312809,0.03557500022463501,-10.714287139779408,-21.875002546585044,-35.89743626482152,-26.470591135606476,-56.89654984155954,0
HK.01997,490,22.6200008392334,22.540000915527344,0.3549242256283334,0.5715350462556635,5087275.6,115074178.34141158,2.8833592620233395,24.0483264541626,23.873382139205933,-12.999996772179237,-15.527626332706928,-2.510106460942085,-7.7631317274225715,21.834829567390322,1
HK.01999,490,3.559999942779541,3.7200000286102295,-4.301077543014524,0.40386328726912074,21248368.2,75644189.57615861,3.9324741877075207,4.094799981117249,4.488307923078537,-18.721464617268516,-24.576269046084192,-22.292084782100492,-23.275861094454353,-9.14398372836539,0
HK.02000,490,0.30000001192092896,0.3100000023841858,-3.225803350434739,0.19517720231139377,320033.6,96010.08381509781,4.157806323893919,0.2847999978065491,0.31892499938607216,7.1428609441737585,-1.6393426604503258,-23.076917198752763,-15.492951834492505,-3.225803350434739,0
HK.02001,490,0.6200000047683716,0.6200000047683716,0.0,0.3430357033021159,2487613.6,1542320.4438618661,4.052126167252712,0.7150000059604644,0.9664000022411346,-13.888891648363074,-25.301202742761642,-44.144144434402946,-36.082475620472046,-32.60869635638757,0
HK.02002,490,1.0199999809265137,1.0199999809265137,0.0,0.3103448275862069,56200.0,57323.99892807007,2.4279970328848424,1.066999990940094,1.4329499930143357,-7.272731016490004,-18.400001525878906,-38.5542167809484,-28.671327388818785,-41.71428680419922,0
HK.02003,490,1.0399999618530273,1.100000023841858,-5.454550971669479,0.8049776395100137,50790.0,52821.59806251526,3.495135246680957,1.230800004005432,2.3135440999269488,-19.379845534327472,-42.22222281091009,-62.589929044743364,-60.60606361639608,-72.65982146209242,0
HK.02005,490,2.2799999713897705,2.299999952316284,-0.8695644061371431,1.046920789877389,5875096.25,13395219.281912148,2.8969983587937316,2.3710640621185304,2.761552631855011,-4.954305972574638,-6.113400484954111,-21.173704876170017,-19.2443909846361,-19.877224560215538,0
HK.02007,490,0.21199999749660492,0.21400000154972076,-0.9345813264637588,0.3407879681148428,562688195.1,119289895.95256914,7.3745050980935565,0.2722999992966652,0.40767499811947344,-22.909093490316792,-29.33333697583926,-59.999998313076,-46.32911601560917,-44.93506422129703,0
HK.02008,490,1.590000033378601,1.4500000476837158,9.655171109720062,1.0994863337284613,115998.0,184436.82387185097,4.433175598012111,1.6689999961853028,1.7059499961137772,-3.048777606854592,-18.46153874369062,-0.6249993946403356,-12.63736332114975,47.222219462748036,2
HK.02009,490,0.6899999976158142,0.699999988079071,-1.4285700905079517,0.2636511738248856,14251143.1,9833288.705022627,2.6848971793648237,0.7489999938011169,0.7980999958515167,-10.389608479527276,-14.814815359896155,-11.538458599376382,-6.7567582806154425,1.4705868173635692,0
HK.02011,489,1.350000023841858,1.350000023841858,0.0,0.0,18200.0,24570.000433921814,0.259259448947563,1.2800000023841858,1.4316000026464462,3.8461594891973454,-8.783783348395588,-28.191487911385394,-9.395972134148693,3.8461594891973454,0
HK.02012,490,0.2750000059604645,0.29499998688697815,-6.779654852722472,1.249857369342379,2414819.5,664075.3768934458,6.698314784199501,0.3422000020742416,0.42182499945163726,-19.11764615650409,-35.2941180595477,-40.217391093083734,-36.78160817167343,-47.1153815293452,0
HK.02013,490,1.440000057220459,1.4500000476837158,-0.6896544920278584,2.436760727631611,78736031.3,113379889.57731184,7.329768868967881,1.468800003528595,2.015200001001358,-8.860758347611412,-16.763003390505098,-27.99999713897705,-24.60732552955607,-16.27906783327278,0
HK.02015,490,55.849998474121094,57.349998474121094,-2.6155188141406276,0.5866892858528355,20212770.95,1128883226.715259,4.555580512927595,67.7299998474121,75.20525001525878,-24.373731038474773,-16.078142880496976,-21.72389675049805,-17.928000044845817,-50.267144295285135,0
HK.02016,490,2.509999990463257,2.5399999618530273,-1.1811012535560976,1.777625208687715,7389136.65,18546732.921031702,1.5645206296359244,2.471600027084351,2.5775,0.39999961853027344,-4.9242465634537025,-2.713175787317314,-0.7905130890387859,-7.439675614739487,0
HK.02017,489,0.24500000476837158,0.23999999463558197,2.083337601895229,1.6251638269986894,82200.0,20139.000391960144,2.921900235637508,0.21441999942064285,0.23567999817430973,11.872149940249065,27.604168041014205,-1.9999980926513672,6.521739271277513,-12.499998669539185,2
HK.02018,490,46.060001373291016,45.18000030517578,1.9477668485416593,0.7431652637880942,9611125.25,442688442.21387196,5.006701829341357,39.654953231811525,39.42486366271973,17.975529147379607,42.87744682603375,25.027380651475706,15.052449100022477,27.39415457922384,1
HK.02020,490,75.30000305175781,73.75,2.101699053230932,0.9729054490095229,6850342.6,515830818.6855865,2.3541357597343193,78.19299423217774,82.48669124603272,-2.718133870320704,-5.193961136690144,-8.652786867251177,-6.756692922907625,-18.827126682266773,1
HK.02022,490,0.06499999761581421,0.06499999761581421,0.0,0.02540220152413209,1876000.0,121939.99552726746,11.475215617148752,0.05241999976336956,0.05564999988302589,22.641506383706734,27.450978100551872,12.068964631322139,27.450978100551872,38.29787200314256,0
HK.02023,489,0.7799999713897705,0.7699999809265137,1.2987000923330156,0.11583011583011583,50600.0,39467.99855232239,3.3075488270866926,0.7637999999523163,0.7679499983787537,2.6315764707211,-1.265829088137235,1.2987000923330156,-1.265829088137235,-3.703707519273088,2
HK.02025,490,10.670000076293945,10.260000228881836,3.9960997881653295,0.9096313912009513,330700.0,3528569.0252304077,3.069666518348564,10.059599990844726,11.144450011253356,24.21420124281858,-49.09350886280156,10.569953348029472,-7.217390640922215,237.49105430341356,2
HK.02026,143,70.8499984741211,71.0,-0.2112697547590229,1.253596249405655,1042962.75,73893909.24606514,5.1052426025487,76.86699981689453,,-1.5288374159520626,-34.82060674955076,-19.488638097589668,-38.97502204540193,,0
HK.02028,490,0.8700000047683716,0.9800000190734863,-11.22449103716459,0.5200634020188537,12298400.0,10699608.058643341,18.2443814675568,0.2596400000154972,0.14337000027298927,663.1578985206088,631.0924241371257,987.5000302679844,1059.9999602635717,1605.8823941900662,0
HK.02030,490,1.309999942779541,1.309999942779541,0.0,1.3293051359516617,50800.0,66547.99709320068,2.0932016059803327,1.3034921669960022,1.4339778184890748,0.0,-5.093930794962595,-13.210901185106467,-11.463471542498851,-11.424357254717332,0
HK.02031,490,0.3700000047683716,0.3499999940395355,5.714288876981205,0.36363636363636365,25000.0,9250.00011920929,0.8683293784186802,0.3459000015258789,0.3446469996869564,10.447759866236506,13.846159489197346,-8.641974400173074,21.31147412836026,16.670170334648375,1
HK.02033,489,0.28999999165534973,0.28999999165534973,0.0,0.0,17400.0,5045.999854803085,0.8978490692051259,0.29659999668598175,0.3245623083412647,-4.918037752603991,-9.375000582076622,-11.998135921796257,-12.121218141883071,-10.684674781681574,0
HK.02038,490,25.15999984741211,25.280000686645508,-0.4746868511629055,0.7750180867205468,862455.95,21699391.570399664,5.063713718335579,25.40379997253418,20.41109996318817,-12.820515192963402,23.33333489162473,31.865827819799534,30.02583644135869,171.99999835040117,0
HK.02039,490,8.970000267028809,8.899999618530273,0.7865241741447951,1.7232027750937624,7150658.05,64141404.6179317,6.627536284030214,10.205599994659424,9.138350007534028,-21.384746827465687,-22.605693279253938,21.216218262540735,-3.9614548127878124,64.58716662300763,1
HK.02048,490,0.03500000014901161,0.03799999877810478,-7.89473348831195,3.7323609725787725,1084335.0,37951.725161578506,9.421422036840948,0.054899999871850014,0.07406999997794628,-36.363635747885894,-46.96969645657158,-50.704226756209344,-50.0,-76.02739680588502,0
HK.02050,237,30.299999237060547,30.299999237060547,0.0,0.6252228389176688,22107838.7,669867495.7430576,5.755603222057589,32.162800025939944,34.3979151058197,-13.96934075274957,2.4340747640687757,-3.426303123303714,-24.325677961434973,,0
HK.02051,490,0.5,0.4950000047683716,1.0101000370632516,1.627834731283007,2512750.0,1256375.0,5.152312336188594,0.631100001335144,0.6031250004470349,-24.242427252759718,-3.8461503192516595,0.0,-3.8461503192516595,40.8450746791654,1
HK.02057,490,172.0,173.8000030517578,-1.0356749252885629,0.5670392683514454,2438408.5,419406262.0,2.7349266269739667,189.34379089355468,168.9691798400879,-12.423622532974601,-5.614999657952308,15.35945237532856,3.387535043576664,24.870661588325103,0
HK.02068,490,2.0999999046325684,2.0899999141693115,0.47846846286744554,0.5328655890402674,3294650.0,6918764.685797691,3.4464616570458113,2.5001999855041506,2.545199993848801,-16.334664836194563,-21.641796555118503,-13.934432156333795,-19.23076993614967,12.299459854423146,1
HK.02076,490,53.25,54.599998474121094,-2.472524746975874,0.2514575246152823,81549.0,4342484.25,3.4922004319163773,53.59000015258789,72.88635051727294,-4.39856504377211,-14.595025977263058,-33.4375,-32.934510104959905,-24.290481976209957,0
HK.02078,490,0.13099999725818634,0.13300000131130219,-1.503762431125545,0.05875440658049354,85350.0,11180.849765986204,4.828663723835972,0.1257599999010563,0.13769999980926514,15.929203131380179,-5.072463376886118,-7.092202254196896,0.7692323563367534,2.343742996891129,0
HK.02080,489,0.29499998688697815,0.29499998688697815,0.0,0.0,281300.0,82983.49631130695,6.712091708345319,0.29929999947547914,0.36647499948740003,18.951609559768016,-6.349209803242228,-37.89473882342312,-18.05556245424102,27.70561860201567,0
HK.02086,490,0.5199999809265137,0.5400000214576721,-3.7037110623015317,0.030372057706909643,129700.0,67443.99752616882,8.451661962742582,0.4540999966859818,0.5011249968409538,15.555554378179826,7.216487750324138,3.9999961853027344,11.82795202736225,-17.46031986312503,0
HK.02088,489,0.03799999877810478,0.03799999877810478,0.0,,0.0,0.0,0.0,0.03799999877810478,0.03799999877810478,0.0,0.0,0.0,0.0,0.0,0
HK.02096,490,9.579999923706055,9.630000114440918,-0.5192127740464322,1.441539589956571,6973225.7,66803501.6739851,3.8198227973900796,11.771000003814697,12.453250007629395,-18.67572036616885,-17.128031349814574,-28.024044915981012,-18.813561280888035,-24.154986799889404,0
HK.02097,312,256.3999938964844,261.0,-1.762454445791427,0.5568107052570553,521743.5,133775030.2155304,4.42407851647453,281.05999938964845,372.6769998168945,-9.013482965494342,-23.09538134661974,-36.90944937322195,-36.971484368142825,-52.82428815152082,0
HK.02098,490,0.08900000154972076,0.09099999815225601,-2.197798508950481,0.5352490723928318,629450.0,56021.050975471735,5.067737523130367,0.09681999996304512,0.11234500002115964,-3.2608680687633522,-13.59223160513138,-14.423077198616141,-11.881189652604519,-60.619467655347734,0
HK.02099,490,140.60000610351562,137.1999969482422,2.478140838848611,0.9147136765785028,1844753.95,259372416.62948456,5.0190004971961315,164.65104858398436,155.73622035980225,-18.775273745839534,-26.991904137021006,1.6428564337268061,-12.868580078420871,133.9894400351656,1
HK.02100,490,0.4650000035762787,0.4699999988079071,-1.0638287753851585,0.8074116246571088,1964100.0,913306.507024169,4.780279814942092,0.4962999975681305,0.4851249986886978,-8.823527005579463,19.230774521122513,-5.102041933448131,9.411762478442403,2.800289291147742,0
HK.02101,489,0.9100000262260437,0.9900000095367432,-8.080806317177142,0.06956521739130435,14300.0,13013.000375032425,2.3535074480812086,1.122800008058548,1.2274621084332467,-18.01801671185343,-24.16666749450892,-27.199997901916507,-29.999995415027158,-28.245896406313538,0
HK.02102,490,0.28999999165534973,0.28999999165534973,0.0,1.0101010101010102,99500.0,28854.9991697073,1.9040899129033155,0.2951246100664139,0.26089896596968176,-6.451616314521787,-3.481823115994182,14.580060862655847,12.604534113470525,64.92583385274565,0
HK.02105,490,9.199999809265137,10.119999885559082,-9.090909947605397,0.691975648871417,3803847.3,34995394.4344737,8.279157522585882,14.368000011444092,14.424449996948242,-38.74833868923247,-18.149466222365294,-38.74833868923247,-32.303166254834686,-48.94561833764304,0
HK.02107,490,0.20800000429153442,0.20399999618530273,1.9607883240342294,0.3098552048889271,1122230.0,233423.84481608868,7.581822015710775,0.171740001142025,0.22464749909937382,27.607362636207355,-6.306305580659314,-15.447155062508855,-10.344823156610696,-26.631388143889197,1
HK.02108,490,0.4749999940395355,0.5,-5.0000011920928955,0.12950971322849214,207400.0,98514.99876379967,5.193639286371426,0.46189999938011167,0.335864999294281,7.954544684857372,39.70587913037175,92.30769462802266,66.66666666666666,102.12765755077031,0
HK.02110,490,0.0949999988079071,0.09600000083446503,-1.041668768609959,0.18912529550827423,1131550.0,107497.24865108728,4.3102667554692555,0.10456000030040741,0.11535000015050173,-15.929203131380179,6.74156983563015,-35.374150418403325,-7.766991555381757,-18.803418912273806,0
HK.02111,490,2.630000114440918,2.609999895095825,0.7662919597304609,1.1306279315470016,565505.7,1487280.0557169912,1.4944935543449995,2.8150000190734863,3.1526451075077055,-9.931505283420895,-18.827157200627394,-18.06853323406406,-20.06078586822772,15.848122557030495,1
HK.02112,490,0.06700000166893005,0.06599999964237213,1.5151545939038447,0.649065099998241,5778500.0,387159.5096439123,6.663916689345589,0.07549999982118606,0.06416000001132488,-14.10256373517848,0.0,9.836067075499969,24.074073946320638,-37.96296302683968,1
HK.02113,490,0.10199999809265137,0.10499999672174454,-2.857141640721497,0.06140350877192982,543500.0,55436.99896335602,10.744300030645107,0.09332000009715558,0.08448999997228385,1.9999965727329765,56.92307974459867,41.66667011600968,59.37498944986196,96.15383843874807,0
HK.02116,490,0.7300000190734863,0.699999988079071,4.285718786473254,0.11320754716981132,150300.0,109719.002866745,3.548418729846893,0.7110000026226043,0.5811250008642673,2.816907202197346,-8.749998975545182,55.319153388305295,43.13726131845477,50.51546341073744,4
HK.02119,490,0.47999998927116394,0.4749999940395355,1.0526305882884401,0.09248554913294797,85700.0,41135.99908053875,0.5176672823431778,0.482134565114975,0.5220914527773857,-1.0309329662834354,-5.111333939368588,-10.287086856521297,-10.287086856521297,-7.40291899848762,1
HK.02120,490,8.380000114440918,8.380000114440918,0.0,0.9232613908872902,8725.0,73115.50099849701,1.149730450879838,8.925800075531006,9.941927103996276,-7.912090514797566,-6.8888876173231335,-26.49122460653822,-15.778891707739358,-2.8117033415950683,0
HK.02121,490,3.9800000190734863,4.039999961853027,-1.4851471125267248,0.6086707538370615,1322530.55,5263671.614225268,5.892311209397614,4.465999989509583,5.822299998998642,-6.132069954713963,-11.160714238197828,-34.105959532945896,-28.54578282918863,-27.106227266177314,0
HK.02122,490,0.16699999570846558,0.1550000011920929,7.741931886504297,0.8448753462603878,284500.0,47511.49877905846,8.199899669434373,0.149760000705719,0.21467499908059837,11.333326048321483,-26.106195302929734,-36.98113029306143,-42.41379292626443,138.57142142495334,2
HK.02125,490,0.3100000023841858,0.30000001192092896,3.3333300219643105,6.728971962616822,99200.0,30752.00023651123,2.289046367659707,0.3641000020503998,0.47040000051259995,-18.421050980480732,-21.51898886985145,-36.082475620472046,-34.73684078438459,-47.45762437898777,1
HK.02126,490,1.75,1.8200000524520874,-3.8461566172910975,0.2790638494184478,689666.3,1206916.0250000001,5.948149813928477,2.205200002193451,3.102999995350838,-34.944239302052225,-9.326422406208074,-45.652174395932846,-30.0,-12.060301928974027,0
HK.02127,489,0.019999999552965164,0.019999999552965164,0.0,,0.0,0.0,0.0,0.019999999552965164,0.019999999552965164,0.0,0.0,0.0,0.0,-4.761905606641802,0
HK.02128,490,4.239999771118164,4.099999904632568,3.4146309693180865,1.0962052329488572,10652390.15,45166131.79786139,4.075657597541512,4.555990858078003,4.78970445394516,-14.742713901064267,-29.156223653450823,2.3480279362319836,-4.269290247399035,18.762894639235924,1
HK.02129,490,0.19499999284744263,0.1979999989271164,-1.5151545939038447,0.05588495800606614,3581500.05,698392.4841331154,8.798176389192276,0.16816000044345855,0.145965000577271,21.874998253770134,24.999992835980343,53.54329655445271,28.2894731037463,38.29786469534523,0
HK.02130,490,3.2699999809265137,3.2799999713897705,-0.30487776068545924,2.880658436213992,25250.0,82567.49951839447,2.8286015982688144,3.2697999763488768,3.3316074538230898,2.830185920753415,-0.6079021628696032,-1.8018001247509134,-1.50602269041153,-1.8196830025478223,0
HK.02131,489,0.45500001311302185,0.45500001311302185,0.0,,0.0,0.0,0.0,0.45500001311302185,0.45500001311302185,0.0,0.0,0.0,0.0,0.0,0
HK.02132,489,0.13600000739097595,0.1420000046491623,-4.225350043480957,0.37602820211515864,172600.0,23473.60127568245,4.104581931499138,0.14096000015735627,0.1442749997973442,-9.333332008785725,-16.564413924997794,-1.4492675377223445,8.800005912780762,25.925929503022143,0
HK.02135,489,0.11800000071525574,0.11999999731779099,-1.6666638726988803,1.1086474501108647,235500.0,27789.000168442726,2.323000315947282,0.13966000005602835,0.13690500032156705,-18.055551531322035,-22.36841808581442,-9.923661690854134,-17.482520834531677,2.6086944127578815,0
HK.02136,490,0.6399999856948853,0.6299999952316284,1.5873000855468575,2.3397457684725715,404900.0,259135.99420785904,2.1879186958293615,0.6449999904632568,0.5363662132620811,-1.5384601277006635,-9.8591542201391,55.994725122483125,58.39464857288098,60.86956977717502,1
HK.02137,490,1.0199999809265137,1.0399999618530273,-1.9230751596258298,0.3516736132941597,974421.6,993910.0134143829,5.317552404668683,1.306399998664856,1.6212500023841858,-22.137402635126012,-29.65517604251809,-38.181818444538386,-28.16901325682895,-44.56521943352394,0
HK.02138,490,0.38999998569488525,0.38499999046325684,1.2987000923330156,0.5905184363737178,345350.0,134686.49505972862,4.016982731399656,0.45290000081062315,0.6027749967575073,-14.285719899966379,-23.52941313966888,-35.000004967053535,-31.578949019519264,-36.06557761491922,1
HK.02139,490,0.36000001430511475,0.36500000953674316,-1.3698616715036243,0.20477057856327205,1010207.15,363674.5884511292,3.1841133353749766,0.35330000042915344,0.2802699989080429,-6.493500461665078,44.0000057220459,47.540987811399916,44.0000057220459,51.89873799741348,0
HK.02142,490,9.529999732971191,10.199999809265137,-6.56862832179029,1.2480653105336288,4988296.7,47538466.21898108,5.308879805366425,12.82939998626709,13.159649963378905,-29.40740938539858,-16.40350831696053,-26.692309746375454,-21.109273235430138,6.718918334724509,0
HK.02145,490,34.220001220703125,34.97999954223633,-2.172665327269513,0.6610388115961792,1209461.6,41387777.42839356,5.499730151274238,44.92410385131836,70.92156570434571,-25.742667035308493,-37.97795349194162,-58.280801631308044,-49.77465533149988,-46.56947731937517,0
HK.02146,489,1.4700000286102295,1.4700000286102295,0.0,0.0,30625.0,45018.75087618828,3.215358507861965,1.203199999332428,1.3133500021696092,33.63636334080342,15.748035487198047,-4.5454503231655545,4.255323646042417,0.0,0
HK.02147,489,0.5299999713897705,0.49000000953674316,8.163257362146624,1.1258146764406665,157768.85,83617.485986197,5.74228351499727,0.5274999994039535,0.7641749973595142,16.483506838519297,-20.895528628688425,-39.77273019754198,-43.61702417722921,-24.285717083483373,1
HK.02149,490,34.959999084472656,33.79999923706055,3.4319522887450513,0.6876404494382022,235416.0,8230143.144470215,9.620888017845827,34.76240020751953,44.70040014266968,3.126836315286178,-14.731709550066693,-21.154715913025935,-18.84865924199808,-38.450705010463885,1
HK.02150,490,0.7200000286102295,0.7300000190734863,-1.3698616715036243,1.1158600491877073,2372675.05,1708326.1038827775,6.110699185173987,0.7697999989986419,1.0604499992728234,-5.2631529414422,-25.773195116106155,-32.07546533236226,-34.54545336321368,-41.93548201026084,0
HK.02152,489,4.75,4.75,0.0,0.0,1100.0,5225.0,0.042306441401923994,4.750799903869629,5.323249914646149,0.0,1.7130604368114195,-17.6776427088086,-16.66666387814518,14.896361149407442,0
HK.02153,489,0.8299999833106995,0.8299999833106995,0.0,0.0,16000.0,13279.999732971191,1.7663385138797654,0.9061999928951263,0.9867999961972237,-9.78261214629908,-13.541666472641126,-17.000001668930054,-17.000001668930054,-24.545457698096847,0
HK.02155,490,9.170000076293945,9.239999771118164,-0.7575724735732092,0.40180790276033923,15456764.0,141738527.0592575,8.90598520339783,7.7163999652862545,9.325049977302552,25.616436119172707,-4.079501320130598,4.800000871930803,0.10917280620546309,53.971135782367995,0
HK.02156,490,2.6700000762939453,2.6500000953674316,0.7547162342173653,0.41205464705977185,1683818.7,4495796.057465171,2.88103301459021,2.678115544319153,2.6367936944961547,-6.134873423891101,10.898563411607777,3.319163242235673,4.4462821926273675,11.76159160084912,1
HK.02157,490,3.609999895095825,3.680000066757202,-1.902178543248255,0.804107574258189,9133897.2,32973367.93381605,5.263598982422548,5.09760000705719,5.906199997663498,-30.576922547887747,-11.519608759779253,-36.44366189793116,-27.510042544789897,-22.198275884216947,0
HK.02158,490,5.0,4.96999979019165,0.6036259773603081,0.705381615785961,5584455.0,27922275.0,5.000395544364151,5.6244000053405765,5.753949973583222,-21.011057499782297,-10.714284193759035,-0.596425617435365,-6.5420544088141614,-13.194447893787176,1
HK.02159,490,1.600000023841858,1.6200000047683716,-1.2345667202249964,0.18787533129801726,286110.0,457776.00682139397,3.4589358485714192,1.635400004386902,1.4202500027418137,0.6289302046118699,5.263160784158717,36.75214380594113,23.076929425347014,267.8160954189515,0
HK.02160,490,1.5099999904632568,1.5399999618530273,-1.9480501384995235,0.3593181569585588,1231667.1,1859817.3092539073,6.323672772556707,2.399799997806549,4.829349996447563,-38.11475594048213,-52.215191473125735,-72.54545471884988,-73.73913060063902,-64.88372270966806,0
HK.02161,490,2.3499999046325684,2.359999895095825,-0.4237284282951545,0.357058693308006,250459.4,588579.5661143303,1.9133877677835656,2.512600040435791,2.7247301137447355,-5.24194005810876,-14.233580421414407,-19.03531527562051,-11.32076150711486,-1.0404761005950856,0
HK.02162,490,55.25,55.95000076293945,-1.2511184153604595,0.6622545262495398,2142557.95,118376326.73750001,6.014037956644094,68.105,63.010999813079835,-23.476451059122738,17.90439453770526,-4.07985857009513,3.3676318266932745,25.283451046879257,0
HK.02163,489,0.6000000238418579,0.6000000238418579,0.0,,0.0,0.0,0.0,0.6000000238418579,0.6000000238418579,0.0,0.0,0.0,0.0,0.0,0
HK.02165,489,1.649999976158142,1.6299999952316284,1.226992698467561,3.3292831105710814,46800.0,77219.99888420105,1.4248313660496548,1.777400004863739,1.9046500039100647,-5.17241568306443,-14.507770932611358,-15.816329385478555,-13.157894901951927,33.064513182913004,2
HK.02166,490,3.8499999046325684,3.700000047683716,4.054050135560291,0.6355438616351884,2141781.4,8245858.185743809,10.620587351595113,3.598704080581665,2.538683697581291,-8.791463894047634,27.281377565075555,119.91393187804636,86.71937060535527,149.7486169194056,1
HK.02167,490,2.950000047683716,3.069999933242798,-3.9087911455531477,0.43113425925925924,61180.0,180481.00291728973,5.618045508395329,3.338432149887085,4.174300539493561,-21.109656341842935,-6.545283463212148,-41.92585044677849,-31.89959298917665,31.82630272688482,0
HK.02168,490,1.0199999809265137,1.0199999809265137,0.0,0.06589210497271243,59567.8,60759.15486383438,2.4553700687149105,1.0808000040054322,1.3753500044345857,-0.9708728874782327,-8.10811101069608,-33.33333333333333,-19.047619948671883,-31.08108325802206,0
HK.02169,490,0.5600000023841858,0.5600000023841858,0.0,0.6052561720201752,750300.0,420168.0017888546,3.944099557268198,0.5669999980926513,0.764049998819828,1.8181800448205245,-3.4482726727597,-24.324324977406615,-29.113925674217167,-62.28404001875835,0
HK.02170,490,1.399999976158142,1.440000057220459,-2.777783296726149,0.6950431034482759,190575.0,266804.9954563379,4.764019092622668,1.7891999912261962,2.294100007414818,-25.1336913054418,-22.651932573643023,-32.36714872908496,-28.93401239461929,-51.21951108073236,0
HK.02171,490,15.199999809265137,15.229999542236328,-0.1969778980491442,0.8898463028851311,7480330.2,113701017.61324024,7.180171997888732,19.927399883270265,17.875899963378906,-34.369603154537245,24.79474079164049,-4.282117759919939,-0.7832890858321843,-25.307127644548206,0
HK.02172,490,8.6899995803833,8.800000190734863,-1.25000690872004,0.5022689342935897,3272435.5,28437463.121831417,4.650838762311374,10.083399982452393,11.510778126716614,-14.63654892068053,-16.361893231620314,-15.631073597452968,-23.09735014422003,-17.627611944953365,0
HK.02175,490,3.109999895095825,3.1700000762939453,-1.8927501499705475,0.4263565891472868,221150.0,687776.4768004417,2.683319851179495,3.271000008583069,2.8871999990940096,-3.7151740950169634,11.071426716386023,-11.39601414399545,-7.4404764227788815,13.090905276211826,0
HK.02176,490,0.7300000190734863,0.7300000190734863,0.0,0.33613445378151263,168000.0,122640.0032043457,1.7915181621108542,0.819438362121582,1.2967274311184882,-8.867525326506676,-35.21050583484682,-50.3409854384698,-48.168406861421545,-39.90539616350148,0
HK.02177,490,2.450000047683716,2.4200000762939453,1.2396682001644102,0.30037546933667086,8110.0,19869.500386714935,0.8229127889677736,2.527800006866455,2.642750002145767,-7.196971578429369,-3.5433037606682927,-4.669256368721671,-14.930557280226923,-1.1969576565051703,1
HK.02178,490,0.18400000035762787,0.210999995470047,-12.796206489138044,1.3954524162398347,6586500.0,1211916.002355516,8.383073624989002,0.2375599992275238,0.12396999970078468,-15.981733761697498,-26.399999856948853,240.7407325645208,267.9999952316285,291.4893758680125,0
HK.02179,489,4.800000190734863,4.800000190734863,0.0,0.0,63875.0,306600.0121831894,2.704593068125423,4.887400016784668,5.686749994754791,-7.335900582947254,6.666670905219184,-19.597983929229375,35.21127479460911,-42.583727417966614,0
HK.02180,489,5.110000133514404,5.190000057220459,-1.5414243318698384,0.5757196495619524,16362.5,83612.37718462944,0.9097550783645766,5.366399984359742,5.280976207256317,-3.7664747913433314,-16.503264230901387,1.3888923053808993,-1.7307630586904033,63.31232529921819,0
HK.02181,489,0.38499999046325684,0.4000000059604645,-3.750003818422499,0.09182209469153516,683800.0,263262.993478775,5.1758353351794115,0.4633999985456467,0.5579749964177608,-17.20430376295656,-10.465119986227169,-25.961537579812916,-23.000001907348633,-17.20430376295656,0
HK.02182,479,0.33500000834465027,0.3400000035762787,-1.4705868173635692,0.7766990291262136,19800.0,6633.000165224075,0.8034949734242599,0.34200000047683715,0.3615000002086163,0.0,-2.898547970379774,-12.987008664193306,-11.842101960961466,1.5151500099837776,0
HK.02185,490,2.700000047683716,2.700000047683716,0.0,0.9152012750741871,467465.0,1262155.5222904682,7.492100793130228,3.9052000188827516,5.895149993896484,-37.93103202580928,-43.2773126500885,-56.521738629660625,-54.621846483434034,3.8461594891973454,0
HK.02186,490,1.8799999952316284,1.7799999713897705,5.617978957818797,2.189356906536017,35236363.75,66244363.681979924,4.6701511413823935,2.4841999936103822,2.9314500015974043,-27.69230522347616,-22.31405223297711,-37.54152819972982,-32.12996360372525,-25.396825021386714,1
HK.02187,490,0.6499999761581421,0.6800000071525574,-4.411769217479552,4.578008706642326,857800.0,557569.9795484543,5.666216161476272,0.78239999294281,0.6234749974310398,-14.473686274399084,-9.722229120907686,39.78494003420281,25.0,31.313125231645323,0
HK.02188,489,0.12999999523162842,0.12999999523162842,0.0,0.0,41600.0,5407.999801635742,1.264852445241094,0.13333999946713448,0.19348500076681374,-12.16216651604412,-18.238993828576096,-37.79904722405991,-30.851063998428717,-52.72727548583474,0
HK.02189,490,0.45500001311302185,0.46000000834465027,-1.086955465418649,0.910882699894276,168627.95,76725.719461222,1.1772967706502173,0.4701000016927719,0.449541108161211,-1.086955465418649,-2.150535566956493,2.2471956014182424,1.111116703645831,-0.7994126689806351,0
HK.02190,490,19.15999984741211,19.190000534057617,-0.15633499640744583,0.8573881422649178,559479.3,10719623.302630235,3.2665218740932347,22.02346897125244,23.233122882843016,-14.344890520129255,-5.40333469376916,-21.742067775887552,-14.945978015271416,2.4361601748725357,0
HK.02192,490,7.159999847412109,7.130000114440918,0.42075361135592027,0.7071647565130812,1528283.7,10942511.058802413,3.596703242410625,8.181957092285156,10.227669823169709,-18.445062603847305,-15.91113138097508,-25.359324502147217,-25.663047381737247,-41.265094337777555,1
HK.02193,490,0.3100000023841858,0.3400000035762787,-8.82352966957026,3.089983022071307,101800.0,31558.000242710114,4.586587772282434,0.34980000138282774,0.25916500002145765,-13.888891648363074,24.000000953674316,49.75845361941643,28.09917523303846,40.90909275634231,0
HK.02195,489,0.3700000047683716,0.3700000047683716,0.0,0.0,103075.0,38137.7504914999,4.661126729829452,0.3527000033855438,0.4422249983251095,2.7777750183035925,-2.6315764707211,-27.450978100551872,-22.105261176576878,-15.909089369714744,0
HK.02196,490,16.149999618530273,15.890000343322754,1.6362446166766484,1.5862872720336345,2930353.25,47325203.86965895,2.804502291039632,18.75439989089966,21.252849955558776,-16.79546756573769,-14.187035704512976,-23.532201814455625,-19.047624055575643,0.15574721046064838,1
HK.02197,490,1.6100000143051147,1.559999942779541,3.205132907664455,0.8285846915999655,4823622.35,7766032.052502471,8.350467888756773,2.6433999967575073,2.297649997472763,-44.29065896665432,-12.500000809845702,-35.59999942779541,-32.067506664654694,570.8333542880918,1
HK.02198,490,3.2799999713897705,3.25,0.9230760427621695,0.5876028234315666,7523687.75,24677695.604745567,6.944463249314234,4.662598519325257,3.533586657643318,-37.305290633433934,-29.451812652290215,25.38941873313213,6.160369689161852,89.87541688266447,1
HK.02199,490,1.8700000047683716,1.8799999952316284,-0.5319143876925793,0.2597402597402597,139300.0,260491.00066423416,2.316418783914407,1.8827800965309143,2.0540208053588866,1.6304331981279736,-19.08421284806789,-12.56345361576361,-20.756031462994066,23.816496414051244,0
HK.02202,490,2.549999952316284,2.549999952316284,0.0,0.6876300523081641,31103997.2,79315191.37684584,5.02716028091813,2.9166000127792358,3.9084000051021577,-20.807455600648588,-24.778764796281177,-39.140813425002904,-24.332343059019422,-50.2923996992115,0
HK.02203,490,0.18799999356269836,0.17900000512599945,5.0279263569650485,0.45454545454545453,1000000.0,187999.99356269836,4.428551446938879,0.1873999997973442,0.2057149998098612,-10.476190746506333,-0.5291016137011844,-1.0526337253750466,-8.292685267047347,5.0279263569650485,1
HK.02205,490,0.9900000095367432,0.9900000095367432,0.0,1.1214953271028036,5300.0,5247.000050544739,1.3894567584214959,1.0787999963760375,0.9503250013291836,-4.8076878990645735,-17.500002483526767,13.793103920766105,-23.846150319251656,47.76119177260206,0
HK.02208,490,11.619999885559082,11.6899995803833,-0.5987998061324442,1.3124299857695503,23744997.6,275916869.3946007,5.123522030245305,15.095400047302245,13.685500001907348,-31.323878054590075,-12.762761623228187,-3.0859040252056364,-28.36004699462638,95.03155419275441,0
HK.02209,490,3.0999999046325684,2.990000009536743,3.6789262456513523,0.6099025757373548,767650.0,2379714.926791191,5.305607323968148,3.0741999912261964,4.243099989891053,-2.821321347132213,-3.1250044237821637,-30.80357385191077,-24.75728177813044,-33.150435019736605,1
HK.02210,490,2.240000009536743,2.240000009536743,0.0,2.2271517302573205,50100.0,112224.00047779083,1.0588833920825218,2.3432848072052,2.5491156113147735,-5.677761936777912,-13.013930283495096,-11.036982951827975,-14.283802289416808,-24.964096300980575,0
HK.02211,490,0.550000011920929,0.5699999928474426,-3.508768627628134,0.46991965940223085,312703.5,171986.9287277162,6.546964937509493,0.5401999962329864,1.3126999962329864,0.0,-5.1724090091395505,-70.27027000903735,-67.06586670330984,-48.1132036216234,0
HK.02212,489,0.14800000190734863,0.15000000596046448,-1.3333359824285513,2.898550724637681,79000.0,11692.000150680542,2.9538069441372015,0.1567799997329712,0.1714649997279048,1.3698658099383398,-20.430108388320086,-24.102560340535103,-22.105261176576878,47.99999970197678,0
HK.02215,489,0.20499999821186066,0.20499999821186066,0.0,0.0,36300.0,7441.499935090542,0.7726019688093363,0.24583999663591385,0.3588549968600273,-15.289256478233682,-21.153843949532288,-43.05555831502974,-29.310343410115426,-74.37500060535966,0
HK.02216,490,0.800000011920929,0.7599999904632568,5.263160784158717,0.18843294285653236,565425.0,452340.00674039125,9.198736892954702,1.1062000012397766,2.11860000371933,-25.233647410802213,-46.308724375803365,-67.8714855880757,-66.10169290331915,-62.96296388278769,1
HK.02218,490,19.06999969482422,17.670000076293945,7.9230311968618015,0.6511456842565103,2259293.65,43084729.2160183,8.866692910841685,16.244276256561278,15.53461088180542,15.033483164993235,22.886588004051575,39.359561974143794,43.36768453629461,23.786471144028926,2
HK.02219,490,2.5799999237060547,2.5199999809265137,2.3809501283202863,0.743877222873627,392035.05,1011450.3990900993,3.050435503467745,2.601600532531738,2.4944422423839567,-5.3864306217251,6.038601827073841,9.766532808884296,3.6908835554673147,5.134042381207019,1
HK.02221,489,0.7200000286102295,0.7599999904632568,-5.2631529414422,0.628103277060576,163180.0,117489.60466861725,7.523456697420425,0.8899999976158142,0.9555499985814094,-21.739128744669838,-24.99999534338702,-26.53061075540249,-28.712867781316813,89.4736941171156,0
HK.02222,490,0.6700000166893005,0.6700000166893005,0.0,4.3469747405521835,29585.0,19821.950493752956,0.6976466702111885,0.6375999963283538,0.6979500004649162,4.687504947651288,-8.219178194041364,-4.285710271523855,3.0769294253470134,-20.238090760988843,0
HK.02223,489,1.0,1.0099999904632568,-0.9900980750178164,0.0,128600.0,128600.0,1.620476829663997,0.9719999992847442,0.7010999985039235,4.166668994973155,26.582275042834237,56.25000349245973,28.205132907664453,222.58064268034778,0
HK.02225,490,3.4200000762939453,3.5399999618530273,-3.3898273122089977,0.5371169868352027,7429131.5,25407630.296797752,12.398502541188636,3.5252000093460083,1.8928499990701675,-26.133909465207054,80.95238635869798,189.8305278233989,175.80645564443483,155.22387993311827,0
HK.02226,490,0.6499999761581421,0.6800000071525574,-4.411769217479552,0.2520302436292355,126200.0,82029.99699115753,6.884870712407211,0.5837999993562698,0.5171249960362911,-18.750004190951525,68.83116682055503,27.450978100551872,29.999995231628418,1.5624985448084445,0
HK.02227,490,0.28999999165534973,0.28999999165534973,0.0,1.4092140921409213,142600.0,41353.99881005287,2.641514886721074,0.29592000007629393,0.18815500020980835,-13.432840468172232,22.36286389248127,131.99999332427979,98.63013419006165,195.91836657115985,0
HK.02228,488,6.980000019073486,7.090000152587891,-1.5514828088438561,1.7174041747925803,59251334.9,413574318.7321295,5.54366208577449,8.867600021362305,10.343700013160706,-23.965143932096726,-26.834381058868395,-31.02766701575042,-30.130128338409097,51.73913399528698,0
HK.02230,490,0.2199999988079071,0.21799999475479126,0.9174330739619837,0.04570645032280181,868650.0,191102.9989644885,2.4188887498666936,0.23487999975681306,0.24012661837041377,-12.000000476837158,-2.222220161814694,1.017672336671065,-5.172411578305348,0.6835305559251375,1
HK.02231,490,0.01899999938905239,0.020999999716877937,-9.523811213283604,0.26291583272858376,10835250.0,205869.74338022992,23.222723377093338,0.03414000004529953,0.10658000014722348,-42.42424396361859,-64.15094412563535,-87.82051346343766,-75.94936896886139,-90.50000044703484,0
HK.02232,490,5.96999979019165,5.980000019073486,-0.16722790718962785,0.337593574514164,2764984.8,16506958.675883101,2.6842029271672176,6.1941999912261965,6.7562544369697575,-4.480003356933594,-16.62011288520585,-14.835954418450509,-9.545456417335979,29.13497083116733,0
HK.02233,490,1.8899999856948853,1.899999976158142,-0.5263152941442201,1.898895627179689,23892059.55,45155992.207721345,4.0149266298569835,2.310506458282471,2.7415055203437806,-23.954946245306203,-31.478831846749465,-32.668442189876515,-37.84778669947483,34.66311562024698,0
HK.02235,490,7.349999904632568,7.25,1.379309029414736,0.1396580784974717,90925.0,668298.7413287163,2.992133086908693,7.635799980163574,7.505399980545044,-7.079645430875129,-2.2606393181532987,8.088230859862191,-5.038758113932787,30.55061732201143,1
HK.02236,490,0.49000000953674316,0.49000000953674316,0.0,0.17070072021131916,439122.9,215170.22518780234,6.2995387624939045,0.5699999982118606,0.4656249994039536,-16.949147234288798,18.0722938287863,32.432433303208825,34.24657444766908,71.92983006506422,0
HK.02237,490,0.27000001072883606,0.24799999594688416,8.87097384738014,1.0836904585980986,421020.0,113675.40451705456,3.8115722541145205,0.2970600014925003,0.3422900007665157,-11.475408394405292,-19.402983879612854,-26.027396253627717,-26.027396253627717,-10.0,1
HK.02238,490,2.4100000858306885,2.430000066757202,-0.8230444599618197,1.929955830748037,14109861.6,34004767.66705913,3.00756394373948,2.866000003814697,3.404450002908707,-12.36363324252042,-30.945556468620527,-31.920900796587464,-39.141412560227785,-11.355214826255477,0
HK.02239,490,1.3799999952316284,1.409999966621399,-2.127657595741337,0.11229114523439085,741500.0,1023269.9964642525,13.894675266840903,1.006585930585861,0.8840097162127495,49.19355134922764,59.482765330886046,73.43749520103155,67.16868048374354,49.1280995733282,0
HK.02245,490,13.149999618530273,12.90999984741211,1.8590222614624858,0.5972130372454013,5307629.3,69795323.2703001,7.2494641966559525,13.479421138763428,18.589540553092956,9.231777248126873,-50.38443071093235,-21.007529413705743,-43.667735427091685,52.30574844607262,1
HK.02246,490,1.649999976158142,1.659999966621399,-0.6024090761646119,0.22249725354952649,70111.0,115683.1483284235,2.5699696328586095,1.8492000031471252,2.5550500041246416,-10.810813248984708,-17.910448557870062,-34.52380997433595,-23.25581846654943,-56.57894745097596,0
HK.02250,490,0.4650000035762787,0.49000000953674316,-5.102041933448131,12.731182795698924,190250.0,88466.25068038702,4.765580698853306,0.5981000071763992,0.9455750013887882,-25.0,-40.384612739438744,-53.96039525079628,-51.05263058828844,-53.03030312152532,0
HK.02251,490,11.65999984741211,11.880000114440918,-1.8518540817300488,0.7142878010160707,68524.8,798999.1575439454,8.379351451320742,11.310200023651124,12.293250012397767,2.280703838438865,1.7451990279179417,-2.7522929942081187,-6.270094527986777,-2.016804863963564,0
HK.02252,490,24.68000030517578,24.559999465942383,0.4886027762329755,1.0570898283295511,5183366.6,127925489.26983795,5.437258703159962,28.21559997558594,26.19974998474121,-14.424409935513893,1.6474448402725181,13.523461660581255,0.9819957687141606,56.598984433687505,1
HK.02255,490,0.36000001430511475,0.3700000047683716,-2.7027000903735274,0.125378244187357,526176050.0,189423385.52700877,17.41885559223191,0.4295999997854233,0.5839750003814698,-14.285708203607486,-27.99999713897705,-47.05882198257844,-21.739128744669838,-55.55555392031153,0
HK.02256,490,8.699999809265137,8.770000457763672,-0.7981829514794021,0.9744073847498482,2272854.95,19773837.631487325,5.891787603148276,11.747800025939942,13.911099977493286,-25.064598910116974,-21.973093211532156,-39.7089423058113,-33.17972731654222,-9.185805025565042,0
HK.02257,490,4.78000020980835,4.800000190734863,-0.4166662527455388,0.5428790733375201,178167.5,851640.6873810291,7.850295354336693,6.278399991989136,8.955450043678283,-21.51067175627029,-22.0228365322909,-40.24999737739563,-40.24999737739563,24.479174912752146,0
HK.02258,490,0.4950000047683716,0.48500001430511475,2.0618536429497536,0.5538535184298707,4293700.0,2125381.520473957,13.403946208346646,0.2299399980902672,0.21927000038325786,125.00000338662755,156.47668149756822,133.4905710441335,115.21738947339233,153.84616560249447,1
HK.02259,167,108.5,107.0,1.4018691588785046,0.8369121146468121,6704446.3,727432423.55,4.805110190766566,155.06282424926758,,-33.054485326398,-50.98632134442526,-21.013932034704457,-25.616100253969858,,1
HK.02260,489,1.440000057220459,1.440000057220459,0.0,0.0,15800.0,22752.000904083252,0.2981906548726721,1.296000018119812,1.307550002336502,19.00826543986847,19.00826543986847,11.627914713420859,24.137939539307464,8.288769550115935,0
HK.02262,490,0.699999988079071,0.699999988079071,0.0,3.060109289617486,21100.0,14769.999748468399,1.5249669528946967,0.7431999945640564,0.909249997138977,0.0,-12.500002793967683,-32.038834221076065,-12.500002793967683,-44.000000953674316,0
HK.02263,490,0.33000001311302185,0.33000001311302185,0.0,0.11935208866155157,566500.0,186945.00742852688,6.173948002059306,0.3421999990940094,0.2841999976336956,-10.810808416175734,15.789479738237311,26.92308662205794,13.793111244365178,79.34783286501306,0
HK.02265,490,1.25,1.2300000190734863,1.6260146842582102,1.0170904543559816,599750.0,749687.5,7.205441236741385,1.4527999925613404,1.2170999884605407,-10.071941520553098,-25.595235772211193,23.76237740622773,14.678895570806324,34.40860111681158,2
HK.02266,490,0.3700000047683716,0.36000001430511475,2.7777750183035925,1.3982521847690388,83900.0,31043.000400066376,4.184633626416167,0.3860999971628189,0.35912500098347666,-6.329115261120019,-3.896100276999047,5.714288876981205,8.82352966957026,34.753085528658666,1
HK.02268,490,45.84000015258789,46.79999923706055,-2.0512801284672686,1.399061277273705,5483834.85,251378990.36076677,5.853196400885495,57.1718000793457,63.935950050354,-16.35036352046721,-22.5675683077275,-32.48895563703814,-25.28117148703059,14.743427477259106,0
HK.02269,490,29.940000534057617,30.3799991607666,-1.4483167836199557,1.8054489553834963,30985471.8,927705042.2400273,4.782091621016299,33.7636001586914,35.300100002288815,-9.437388716365962,-19.081079637682116,-5.849052665495787,-7.9901668971037605,19.999998471063265,0
HK.02270,489,4.0,4.0,0.0,1.1764705882352942,1800.0,7200.0,0.1376150902769735,4.195000009536743,3.6965500247478484,0.0,-0.7444220408558315,2.5641000560833844,0.7556667801907433,172.10883824143107,0
HK.02271,490,3.1700000762939453,3.059999942779541,3.594775672266387,0.1986169945981746,1086850.0,3445314.5829200745,10.677954707913804,2.825600018501282,2.755050010085106,14.028780896325225,11.619724369645184,58.500003814697266,65.96859328230053,264.1528166500922,4
HK.02273,490,27.739999771118164,27.239999771118164,1.8355359919280783,0.9848883064118777,1040571.15,28865443.462832164,3.7582268093711244,27.970399932861326,29.496772947311403,-4.0138403554453115,8.52895285886269,-6.1569679557035695,-4.344828375454607,-22.8865518803143,4
HK.02276,490,39.0,39.0,0.0,1.3970754466852315,2117560.65,82584865.35,4.8461464071959846,46.2681999206543,49.9022678565979,-13.101606346200938,-32.758620689655174,-15.5112648853562,-27.911273382649405,32.9081689528558,0
HK.02279,490,2.130000114440918,2.059999942779541,3.3980666798915684,1.7572420397414412,316500.0,674145.0362205505,5.415141955585893,2.0001983499526976,1.9839669096469879,4.428016718548309,12.952744558979962,17.136178719880895,30.227866420152296,101.26124677034454,1
HK.02280,489,0.20600000023841858,0.20600000023841858,0.0,,0.0,0.0,0.0,0.20600000023841858,0.20818999998271465,0.0,-2.830187419357129,5.1020436867085515,7.85340346813215,27.160493600043267,0
HK.02281,490,0.6899999976158142,0.6800000071525574,1.4705868173635692,1.0553410553410554,40900.0,28220.9999024868,1.5997776823711385,0.6921999979019166,0.7503999981284142,-2.816898807176702,-13.750001583248354,-6.7567582806154425,-6.7567582806154425,23.083056307439946,1
HK.02282,490,10.430000305175781,10.6899995803833,-2.4321729224819766,1.1178663916835556,8708057.65,90825043.9469883,2.9291311409637846,10.865746536254882,13.268941698074341,-4.420065353365244,-11.55523523813652,-31.24096789578519,-17.06602816751882,-1.2398825640566258,0
HK.02283,490,2.0999999046325684,2.109999895095825,-0.4739332208735816,0.37884928633476417,316848.65,665382.1347829581,2.1395121444841756,2.17886004447937,2.2989098191261292,-5.716269064996942,-9.864752685830489,-8.769995318371455,-11.632106220799995,20.001637617462777,0
HK.02285,490,15.229999542236328,15.170000076293945,0.3955139462137746,0.9495429596735351,955405.0,14550817.7126503,4.660733868162195,16.26860668182373,20.03285054206848,-10.226719271317949,-31.670378131251407,-16.054270895688873,-19.920760233214352,19.44643815054946,2
HK.02286,489,0.16200000047683716,0.16599999368190765,-2.409634552598453,0.2962962962962963,6850.0,1109.7000032663345,3.6497996354320583,0.16600000113248825,0.20411499917507173,14.893615222434173,-14.736840784384587,-10.000003311369023,-31.932774477191515,-11.475408768169034,0
HK.02288,489,0.15299999713897705,0.15299999713897705,0.0,0.0,38681.1,5918.208189332485,3.352778122604187,0.15688000053167342,0.15023500010371207,-6.134972521984926,1.3245060560887627,-0.6493519688159334,-5.555557599610584,-4.9689449616813395,0
HK.02289,489,5.46999979019165,5.46999979019165,0.0,0.0,775.0,4239.249837398529,0.06398509827160906,5.473798990249634,5.696083548069001,-0.11812811645950348,0.2262893930298149,-21.444259108426774,-20.477088072257477,-20.36815067839389,0
HK.02290,3,2.7200000286102295,2.430000066757202,11.934154480910276,,,,,,,,,,-3.2028439858360693,,1
HK.02291,490,9.15999984741211,9.260000228881836,-1.079917699762323,0.22887492834268736,2027872.8,18575314.538571168,8.170601776420238,11.465847148895264,16.048706150054933,-13.089410097437126,-38.59276999917335,-44.42928995407715,-41.35516530867076,-57.87302956278627,0
HK.02293,490,0.39500001072883606,0.4399999976158142,-10.227269802458014,8.055555555555555,20200.0,7979.000216722488,1.7871534896126184,0.39709999740123747,0.4816338211297989,1.282057748038625,-17.70832925879698,-24.635239476711355,-20.999997854232788,-21.73658902170035,0
HK.02295,489,1.899999976158142,2.0,-5.0000011920928955,0.14705882352941177,68500.0,130149.99836683273,4.253617186525522,2.4032000207901003,3.771100010871887,-23.387098324782627,-50.64935004616651,-56.6210062439538,-51.89873536147667,-43.28358118665271,0
HK.02297,490,0.20999999344348907,0.19900000095367432,5.527634390502074,0.27825626076586724,305800.0,64217.99799501896,5.218179398014524,0.2449200001358986,0.28625499896705153,-4.545457008456409,-27.586207073735576,-22.222227741170595,-17.64705985475166,10.526313725600916,3
HK.02298,490,0.36000001430511475,0.3499999940395355,2.857148695965302,0.08546216607795158,2363183.1,850745.9498056055,6.080264749932087,0.384724445939064,0.33781722381711005,-16.279062030765008,12.46095039943127,21.53038024083338,15.921295636540037,75.26726431223688,1
HK.02299,490,4.909999847412109,5.03000020980835,-2.3856929898778754,3.141361256544503,9850.0,48363.49849700928,0.24198675545726886,4.869704170227051,4.600067231655121,2.261660537299428,8.930902560469939,0.8213544721353787,2.8916125429846855,13.88230557947224,0
HK.02302,490,4.199999809265137,4.199999809265137,0.0,0.35496490933784974,868535.0,3647846.8343400955,5.621469584430751,5.340200023651123,5.5991000092029575,-20.000003633045015,-48.780488939529256,-12.317331049824206,-16.996050261652616,18.309855371258365,0
HK.02306,490,1.9900000095367432,1.9600000381469727,1.530610755402492,0.0987128617052163,499100.0,993209.0047597885,4.825158773987558,1.9829999971389771,2.2267999947071075,-1.9704414983633092,-9.954752253972527,-11.946901861321194,-21.960782480441495,-14.224135051796951,1
HK.02307,489,0.1720000058412552,0.17299999296665192,-0.5780272636135249,0.0,153200.0,26350.400894880295,2.9457177686545886,0.22801999807357787,0.2274499997496605,-27.731091647774125,-36.29629666422618,-8.994703780282768,-35.09433391468483,14.91692691097375,0
HK.02309,490,2.2300000190734863,2.2699999809265137,-1.762112871767564,0.49313934915228147,3095420.4,6902787.5510404585,4.331031611727683,2.3062000036239625,2.122399998307228,-7.468882172058472,-3.463200246221375,19.251337614285532,6.190481921172456,-18.613138273290865,0
HK.02310,490,0.164000004529953,0.14100000262260437,16.312057786913396,0.2094122945282594,1794400.0,294281.60812854767,12.297986272847803,0.10268000066280365,0.060605000089854005,84.2696648025705,84.2696648025705,320.5128234519055,382.35292828619345,613.0434965704248,1
HK.02313,490,43.13999938964844,43.400001525878906,-0.5990832421409767,0.7764005562360802,7789321.25,336031313.9707756,2.437414009744095,46.19127075195313,57.2965842628479,-4.518442537309212,-26.00977761109991,-34.45014337755224,-28.6352376423846,-18.927437535571293,0
HK.02314,490,3.0399999618530273,2.9000000953674316,4.827581444195009,1.4712525104386918,6294645.5,19135722.07987833,3.3793323216756996,3.222060399055481,3.1012670516967775,-4.702197262596012,-14.582680735361464,11.255299939977712,7.802540689260078,48.024329482856274,1
HK.02315,490,40.79999923706055,38.900001525878906,4.884312690624534,1.19022965626882,1384659.75,56494116.74358845,8.524874798364849,53.05219970703125,39.301199979782105,-20.930231698508795,-11.688314798060912,24.77063695760285,17.44386086875169,129.21348868438588,1
HK.02317,490,0.75,0.8399999737739563,-10.714282926653432,0.2702702702702703,32600.0,24450.0,2.1252217312937383,0.7218344700336456,0.643203211426735,-1.7814348050687785,25.417549768679105,25.417549768679105,23.517271924837207,40.55490252740326,0
HK.02318,490,56.900001525878906,56.849998474121094,0.08795611802975611,0.6931912184944211,33198159.75,1888975340.4313717,2.0926410973697567,59.65108665466309,59.49180591583252,-9.909924383737973,-11.206678860573357,3.631473105030429,-12.270067612537975,29.337718816772707,1
HK.02319,490,16.1200008392334,15.792399406433105,2.07442469234183,1.6700998738857569,20585926.0,331845144.39639664,3.389172789275012,16.382856960296632,15.199727721214295,-4.8350508731077415,9.633007053385674,14.824968313340406,12.056238647649355,-2.2732578664234073,2
HK.02320,489,0.0729999989271164,0.07699999958276749,-5.194806074448718,0.0,120400.0,8789.199870824814,2.0341463228546997,0.07196000039577484,0.07769500009715558,7.352933764561227,5.7971025447188715,-14.117649224390187,-13.095238200830225,-20.6521752334441,0
HK.02321,489,0.48500001430511475,0.48500001430511475,0.0,0.0,158750.0,76993.75227093697,1.092120580895863,0.5084999942779541,0.4555240298807621,-10.185186105009914,1.041671905356266,21.250001769512867,21.250001769512867,20.566680214511326,0
HK.02322,490,0.09399999678134918,0.09399999678134918,0.0,0.04883654122378627,2645200.0,248648.79148602486,7.016091433838343,0.09525999993085861,0.13010499987751245,-8.737867308197824,-7.843138687155083,-19.65812150865471,-27.692307515962582,-80.00000063409198,0
HK.02323,489,0.01899999938905239,0.01899999938905239,0.0,,0.0,0.0,0.0,0.01899999938905239,0.01899999938905239,0.0,0.0,0.0,0.0,0.0,0
HK.02325,490,0.7300000190734863,0.7400000095367432,-1.3513500451867637,0.40184177480117206,121400.0,88622.00231552124,5.7873717117929235,0.7923999989032745,1.0844500043988228,-8.749998975545182,2.816907202197346,-26.262625046329063,-26.262625046329063,-80.73878558255787,0
HK.02326,490,0.009999999776482582,0.009999999776482582,0.0,0.10395010395010396,483500.0,4834.999891929328,0.0,0.009999999776482582,0.010284999823197723,0.0,0.0,0.0,0.0,0.0,0
HK.02327,490,0.2750000059604645,0.2750000059604645,0.0,0.5045045045045045,318900.0,87697.50190079212,2.3615143521253277,0.27915999591350554,0.27140388131141663,-5.1724090091395505,14.583338377997393,1.851850012202395,-3.508768627628134,-4.747409203407985,0
HK.02328,490,14.829999923706055,14.699999809265137,0.8843545314808869,0.9184000748150407,52363179.7,776545950.9560065,3.1581128522656563,14.642400016784668,16.571536836624144,-2.1767805212899614,-6.0797975963662525,-16.309252266564254,-10.284335706730333,3.1122285711860718,2
HK.02329,490,0.09000000357627869,0.10000000149011612,-9.999997764825855,1.1702903537179188,112461.1,10121.499402192236,10.936230434068516,0.10166000008583069,0.12943500030785798,-16.66666551688574,-26.229506094300042,-16.66666551688574,-37.499994825985475,119.51219778128986,0
HK.02330,490,0.3149999976158142,0.3199999928474426,-1.5624985448084445,0.8696242951287452,254380.0,80129.69939351082,5.576398649705318,0.35,0.2607900002971292,-5.970152307656038,14.545451195772102,-42.72727440211395,50.00000354789563,151.99999809265137,0
HK.02331,490,18.0,18.020000457763672,-0.11099032883239994,0.7028722347864701,19690957.75,354437239.5,3.6433876875889974,19.914999923706056,19.1068438911438,-7.550073781185078,-13.461535287326493,1.6374981960422783,-3.0172385886647377,26.78728532514487,0
HK.02333,490,10.210000038146973,10.199999809265137,0.09804146145916848,0.7384464383085636,16456294.3,168018765.43075782,3.0750756437872884,11.950999946594239,14.333799958229065,-14.273718144795147,-17.86001779987417,-31.0135141448264,-32.47354421015299,-12.900651547153982,1
HK.02336,489,0.16500000655651093,0.16500000655651093,0.0,0.0,123500.0,20377.5008097291,2.672839088046517,0.20579999893903733,0.21493999887257814,-15.384608918628043,-32.09876293380929,-20.673075407611226,-35.29411386591058,108.86075818047776,0
HK.02337,490,1.2899999618530273,1.2599999904632568,2.3809501283202863,0.7258485639686684,370000.0,477299.9858856201,8.334623091846186,1.26,1.5817500001192093,14.159289141289067,-15.131580392079357,-28.333333554091283,-25.433529038693543,-33.0379437279584,1
HK.02338,490,36.81999969482422,37.29999923706055,-1.2868620698506879,0.8442629448662099,20331105.25,748591289.1004391,5.129342397201136,36.519599800109866,24.61683421611786,-11.447816081324424,21.19815902554196,98.7047940120166,93.99368062622136,152.25702291697294,0
HK.02339,490,6.71999979019165,6.400000095367432,4.999995157122685,0.12378527156059654,8293598.65,55732981.18793376,8.866856173120127,5.651199979782104,3.3162249940633775,0.4484264979760793,40.88049930948581,307.272720442002,82.11381262832766,2103.2785680658644,1
HK.02340,489,0.15600000321865082,0.15600000321865082,0.0,0.0,100744.1,15716.07992426008,2.172642860897982,0.16055999994277953,0.16698500022292137,-3.1055871302834452,3.9999980131785864,-14.285710776806553,-7.142853975093241,4.697985973107305,0
HK.02342,490,1.159999966621399,1.159999966621399,0.0,0.6161093586793299,8406441.25,9751471.569404751,4.882434614881345,1.4690000009536743,2.2662510097026827,-25.161290173724087,-37.63441087634786,-55.03875965410453,-53.41365613740646,-24.49905712904173,0
HK.02343,490,2.859999895095825,2.940000057220459,-2.72109389685753,1.8130644422093263,13146675.6,37599490.836858846,3.5305888783795565,3.100385546684265,2.737909837961197,-12.000003227820763,-18.050806589951634,15.769498841794382,23.618280244163362,51.45322745490919,0
HK.02347,490,0.8799999952316284,0.8799999952316284,0.0,0.7360861759425493,226300.0,199143.9989209175,6.16014455386313,0.7205999958515167,0.6954323202371597,25.714287173991323,22.22221670327385,42.6972658167948,29.411762643437918,45.49524921516656,0
HK.02348,489,1.0700000524520874,1.0700000524520874,0.0,0.0,100450.0,107481.50526881218,1.0079288098717452,1.073888716697693,1.1302210092544556,-1.8577765026212267,-6.764891755250195,-3.549881804209659,-7.535424124758931,-4.8012530523157615,0
HK.02349,490,0.07100000232458115,0.07000000029802322,1.428574317572056,0.035474903211502054,1089740.0,77371.54253318906,4.581762479518815,0.08942000031471252,0.08030000017955899,-21.978017839310297,-31.730768404151576,4.4117624500838515,-5.333333995607138,18.3333398525915,1
HK.02350,490,0.949999988079071,0.9300000071525574,2.150535566956493,1.0515759750887037,1850769.0,1758230.5279371142,8.235217064870035,0.8389999938011169,0.745174997150898,21.794874733956952,-6.862744525137968,137.49999348074206,11.764701344975267,163.88887509151797,1
HK.02352,489,4.739999771118164,4.739999771118164,0.0,0.0,60.0,284.39998626708984,0.2848101202152809,4.4193999433517455,5.757899938821793,5.3333282470703125,-4.6277671787309504,-5.389230447678688,-21.131454399294693,-31.962289565976832,0
HK.02355,490,4.010000228881836,4.03000020980835,-0.49627741650824353,0.1580057763036203,342761.55,1374473.8939518929,3.4065650028488688,4.057800049781799,4.109100019931793,-13.948490124763527,-1.4742000061157,-0.49627741650824353,0.25000572204589844,-6.0292456956228,0
HK.02356,490,12.930000305175781,12.890000343322754,0.31031777182029346,1.4052304983495099,1376554.05,17798844.28659096,2.194053514496068,12.846599979400635,11.418012142181396,-2.5621713704536613,3.605775476325187,16.06822178354727,19.390585376394913,56.68016779160633,1
HK.02357,490,3.069999933242798,3.0999999046325684,-0.9677410423445254,0.8986399013543411,29392498.7,90234969.04683901,2.7774110280195674,3.3481861925125123,3.8571599996089936,-12.208899314859893,-21.0321234852368,-21.622912028632427,-25.87448902582028,-20.432370672995077,0
HK.02358,490,0.013000000268220901,0.013000000268220901,0.0,0.9743295333388009,6326000.0,82238.00169676542,6.1013991709412085,0.011920000091195107,0.011695000021718442,0.0,18.181821260570512,18.181821260570512,18.181821260570512,30.000005587935576,0
HK.02359,490,116.80000305175781,121.30000305175781,-3.709810294134851,2.7588520027568593,5869370.95,685542544.8718987,4.283167275842684,126.69419082641602,112.66603057861329,-14.309007254164428,5.284046395042275,10.90840847204301,17.167590981196422,72.71462281286426,0
HK.02360,490,1.7400000095367432,1.7599999904632568,-1.136362558800321,0.4332255865197526,601314.55,1046287.3227345825,1.6004983065313332,1.7642000102996827,1.9747103345394135,-1.6949136561044988,-12.562814010146568,-16.34615031925166,-14.285712607891748,9.497674665640819,0
HK.02361,490,4.630000114440918,4.690000057220459,-1.279316461567383,5.142857142857143,1100.0,5093.00012588501,1.0421185986162391,4.984399995803833,4.565699989795685,-4.928126832812272,-6.275302412728425,4.044950851481185,-15.818179737437854,56.588220808457415,0
HK.02362,489,0.6399999856948853,0.6399999856948853,0.0,,0.0,0.0,0.0,0.6399999856948853,0.6399999856948853,0.0,0.0,0.0,0.0,0.0,0
HK.02363,490,0.38999998569488525,0.38499999046325684,1.2987000923330156,39.2428149173008,58876.25,22961.736657768488,0.6345389019620928,0.3417999988794327,0.35069999888539316,25.80644603078253,23.809520205312456,13.04347450506333,3.9999961853027344,3.9999961853027344,1
HK.02367,490,27.360000610351562,27.780000686645508,-1.5118792869427433,0.5820886128446497,5558821.05,152089347.3208351,4.59087676384286,28.012755813598634,36.58164359092712,-5.389552836739709,-4.8245262498029415,-22.260469147347923,-16.172156419984248,-58.666700168554456,0
HK.02368,490,2.950000047683716,3.0999999046325684,-4.838705211722626,0.08609556607834697,226400.0,667880.0107955933,3.325131109781748,3.006399989128113,3.376010010242462,-1.9933535870312966,-13.235295148869259,-19.398907691168212,-17.597762275094023,-15.542533824256866,0
HK.02369,490,0.8199999928474426,0.8500000238418579,-3.529415312110247,0.27775063731362576,1479333.7,1213053.6234189807,8.085284001726443,0.7269999980926514,0.9457000002264977,17.142858115994215,28.125001746229866,-32.231407686299484,-12.765957986461249,13.888883369940519,0
HK.02370,490,1.100000023841858,1.100000023841858,0.0,0.28731259789662117,541650.0,595815.0129139423,10.980890372583724,0.96299999833107,0.6292999985814095,14.583338377997393,11.11111244903803,158.8235277618092,74.60317970914069,292.8571496995128,0
HK.02371,490,0.23899999260902405,0.23999999463558197,-0.41666752037904586,0.1362088535754824,172600.0,41251.39872431755,3.811647611007287,0.2455799987912178,0.29526000082492826,2.5751061707756246,-13.090913662240425,-25.312500640284284,-25.312500640284284,-14.642860145897268,0
HK.02372,490,0.5799999833106995,0.6200000047683716,-6.451616314521787,0.11460476050543637,1369000.0,794019.9771523476,10.192842591906974,0.48210000097751615,0.33609499864280223,24.731178247304282,34.88371480536381,156.63716522414413,107.14285030048725,184.31372262568985,0
HK.02373,490,17.1200008392334,16.899999618530273,1.3017824004084662,0.6178965301658866,525794.35,9001599.713264178,5.222061684587274,19.739800109863282,26.623051481246947,-12.653058642697653,-26.649525589933777,-34.75609379357908,-35.0531090939718,-5.4321801386328525,1
HK.02376,489,2.440000057220459,2.4100000858306885,1.2448120465286208,0.24615384615384617,24075.0,58743.00137758255,1.4492349669400197,2.203400013446808,2.816549989581108,2.521005877919275,-17.567566696791175,-21.03559466031871,-13.167255981973181,36.087302977727795,2
HK.02377,490,0.8899999856948853,0.8999999761581421,-1.111110080907347,2.509945003444638,41047.85,36532.58591280579,2.4086041546727355,0.9555999982357025,1.0057000052928924,-7.2916660845900445,-4.301077543014524,-10.101012411974777,-11.881188703113866,22.19745092615477,0
HK.02378,490,99.80000305175781,98.05000305175781,1.7848036160449936,0.7970998683275026,157517.9,15720286.900706481,2.3017435860836954,115.52139144897461,112.28437793731689,-17.109633067316288,-11.063069751756847,-5.317148804672058,-15.872471766022706,13.924495351656144,1
HK.02380,490,3.5799999237060547,3.6500000953674316,-1.917812872120769,0.49666634490794126,33035173.05,118265916.99861632,3.0149293812181766,3.4037999963760375,3.337050004005432,3.1700257691318026,7.507507679512727,5.604714245495594,9.14634008942296,18.21600649984569,0
HK.02381,490,0.2240000069141388,0.23199999332427979,-3.448270103593903,0.0937766410912191,4691500.0,1050896.0324376822,7.939365032632677,0.1694600000977516,0.15003917492926122,26.553675455573533,56.643354165780934,70.99237526903137,30.994153167899658,149.4917143476209,0
HK.02382,490,76.75,77.0999984741211,-0.4539539313202089,0.6018500932587718,23774931.9,1824726023.3249998,5.698733659571924,65.66845001220703,67.95595108032227,19.467495626454113,46.27756742840782,21.42292001587948,14.632530177457614,30.10566664827989,0
HK.02383,490,0.38499999046325684,0.375,2.6666641235351562,0.8140457021012882,76562.8,29476.677269840242,3.5579577155644317,0.3926000040769577,0.4172500044107437,-3.750003818422499,-2.5316506313829312,-9.411769490753356,-7.228916095257991,-17.20430376295656,1
HK.02385,490,5.309999942779541,5.320000171661377,-0.18797422103678196,0.7745504840940526,215160.0,1142499.587688446,7.445250627186349,4.969400005340576,5.918100001811982,21.51029935553874,-10.00000242459568,-13.235293430165559,-14.354836997827006,-21.911767737675618,0
HK.02386,490,5.429999828338623,5.5908002853393555,-2.8761617084122335,1.7013911389604175,5006961.85,27187801.98599803,3.1836497222552045,5.842916431427002,6.683589930534363,-9.990327596260256,-29.25396979528103,-24.024092044821476,-25.818796739307242,4.127591317445211,0
HK.02388,490,47.900001525878906,47.79999923706055,0.20920981258264346,1.2868531385030777,13549781.05,649034532.9703251,1.9766757452105532,45.08124153137207,40.22370933532715,4.788482319679069,13.418129055357905,25.85562988714617,19.788022474173932,53.84060666383408,2
HK.02389,490,0.07000000029802322,0.07000000029802322,0.0,0.38542607648298705,1015500.0,71085.00030264258,3.692649190410137,0.06624000042676925,0.07168500039726496,1.4492783356655092,6.0606070868568365,-5.405406221758272,7.6923121009354265,-13.580246800021634,0
HK.02390,490,8.149999618530273,8.029999732971191,1.4943946394713106,6.941126879303077,47760.0,389243.98178100586,3.4494106765406576,8.225399980545044,9.91290001153946,-2.1608680291043547,-2.1608680291043547,-21.103584910711895,-7.491495682756627,-19.783467116820972,2
HK.02391,490,16.559999465942383,16.18000030517578,2.3485732608116487,0.7924961715160797,53580.0,887284.7713851929,4.250284062271239,17.720600051879885,18.075121207237245,-10.631414720469474,-12.57375090563338,3.173832076449946,-1.4184747459332978,-14.933820556224578,1
HK.02392,490,1.159999966621399,1.1699999570846558,-0.8547000709448132,0.24684431977559607,266825.0,309516.99109375477,10.097184696751665,1.3326000022888183,1.3089499980211259,-18.30985903668985,-20.000004932798028,5.454540134461573,3.571425150243618,22.105261176576878,0
HK.02393,490,0.07500000298023224,0.07400000095367432,1.3513540725275752,1.2142152023692003,533375.0,40003.12658958137,6.656475750752314,0.08534000024199485,0.11268500033766031,-7.407404000649029,-32.43243061831495,-39.51612564034437,-24.99999813735488,-15.730335197429499,2
HK.02396,111,4.880000114440918,5.070000171661377,-3.747535518488913,1.1583528624037496,29660.0,144740.80339431763,4.107044095713468,6.3911999988555905,,-17.28813499049599,-45.230076341041645,,-69.53807755931771,,0
HK.02399,490,0.3449999988079071,0.3449999988079071,0.0,0.6504152041777245,4684150.0,1616031.744416058,7.876829545783333,0.40530000150203704,0.49840000212192537,-15.853658093362244,-32.35294014524834,-42.500002483526764,-50.0,32.692312100935425,0
HK.02400,490,49.060001373291016,49.279998779296875,-0.4464233187000057,0.516416669741543,3546401.9,173986482.08424187,5.067833629932942,59.485400161743165,70.71885025024415,-20.227640043429243,-32.42423911237562,-27.799847569293878,-24.984709130506857,34.1978759421582,0
HK.02402,490,14.699999809265137,14.739999771118164,-0.27137016603897124,0.5839560040906216,1215524.0,17868202.568157196,7.336130723853865,18.04359972000122,24.528099913597107,-15.322584720995335,-39.004151134504404,-51.09780415691604,-28.70999412717945,-34.52116120400338,0
HK.02405,489,0.6100000143051147,0.5600000023841858,8.928573519295567,0.0,21472.1,13097.981307160853,2.5392026851520177,0.6487999963760376,1.0184999990463257,5.1724192858027385,-32.96703332692092,-38.999998569488525,-43.51851943834325,-79.8013239020627,1
HK.02407,490,4.880000114440918,4.989999771118164,-2.204402038531502,0.6277329705567972,51215.0,249929.2058610916,5.271935146767104,5.211399974822998,7.313300008773804,-0.8130073421291051,-20.130932769161888,-44.67119860214263,-39.37888200229427,-15.406172791543677,0
HK.02408,122,3.8399999141693115,3.6700000762939453,4.632148074695305,0.7185170547948085,1189680.0,4568371.0978889465,4.135614964874647,4.2957999753952025,,-10.280380235279019,-20.331954825517673,,-12.52847309894306,,1
HK.02409,489,4.25,4.199999809265137,1.1904807858458375,1.3807531380753137,25300.0,107525.0,1.1300220775633871,4.379800004959106,4.227150003910065,-5.555555555555555,2.4096362008327756,1.674645323830052,1.674645323830052,-2.2988484327568064,1
HK.02410,441,6.739999771118164,7.139999866485596,-5.6022423367959675,0.6172030875269554,3988120.0,26879927.887191772,7.502972865448046,9.518799953460693,12.808000011444092,-28.06830465915201,-37.59259581402327,-45.68896169226244,-47.87316618685467,-66.46766346665447,0
HK.02411,490,1.649999976158142,1.6441999673843384,0.35275567989644263,1.4206116210132804,2947820.0,4863902.929718494,6.278489267845335,1.6451132225990295,1.748361711502075,10.388021643742142,13.412352366789554,-6.450824310182105,-6.976380170082669,2.5716570085516133,1
HK.02415,490,1.100000023841858,1.100000023841858,0.0,1.581807780320366,94312.5,103743.75224858522,10.812243647770291,1.1216000020503998,1.3462997177243232,8.910894478060415,-6.779654852722472,-16.666668171834402,-14.728677800753035,-5.310918326583048,0
HK.02416,490,3.069999933242798,3.0399999618530273,0.9868411765204126,0.1240092421982393,806450.0,2475801.4461636543,6.995176216213733,3.6580000162124633,2.643550000190735,-30.068336523652807,28.991587631245412,41.47464632747505,34.649121568693886,74.43181533397227,2
HK.02418,490,2.609999895095825,2.609999895095825,0.0,0.014871873093349603,3870300.0,10101482.593989372,8.20896245870028,2.9988959312438963,4.357933783531189,-28.48606439167969,27.212292739272588,-72.29303143405599,-72.23488197926491,47.680189867983174,0
HK.02419,490,47.70000076293945,45.84000015258789,4.05759294101258,1.2163443142533756,974194.15,46469061.69825115,5.852306042889632,62.186799697875976,71.85495008468628,-25.05891654449447,-32.34042444973127,-37.360473004417436,-31.168833099020286,-33.93351415633158,1
HK.02420,490,3.700000047683716,3.5999999046325684,2.7777818250068513,1.152350653941322,72150.0,266955.0034403801,4.814562745735028,4.099352097511291,3.493452010154724,-10.28461057123988,-2.4345216106158594,21.199352225810035,2.9714838143757354,-0.18877334052984396,1
HK.02421,490,0.6200000047683716,0.6299999952316284,-1.5873000855468575,1.4992791926958193,49675.0,30798.50023686886,2.9168446627034976,0.6035999989509583,0.6273499986529351,-1.5873000855468575,8.77193202602569,-3.124997089616889,-4.61538038310199,-1.5873000855468575,0
HK.02422,490,1.7999999523162842,1.690000057220459,6.508869311918361,1.5027495889222786,1483100.2,2669580.2892802716,9.577922200590066,1.4908000111579895,0.9416250018775463,65.13760524730841,24.999991721577445,181.24999883584675,119.51219122158776,344.44443136249225,1
HK.02423,490,41.52000045776367,41.459999084472656,0.14472111581277622,1.7882131165134532,16080960.75,667681497.7012796,4.038266586308705,43.259922943115235,45.31771287918091,-15.74675023083254,-3.2117680170416425,-7.224835626582875,-0.8128191292900395,-16.595313569333808,1
HK.02425,490,1.7400000095367432,1.7000000476837158,2.3529388665328623,0.06988596357893008,143190.25,249151.03636556864,1.637622699276994,2.0873999977111817,2.102850003838539,-12.999999523162842,-23.348016556962612,-1.136362558800321,-18.691592325194904,9.433960566617486,1
HK.02427,490,4.630000114440918,4.360000133514404,6.192659923358272,0.5723913602165186,1227821.75,5684814.843013048,9.593084316718112,4.80380003452301,2.06650000423193,-26.038339534247417,28.611117697056603,712.2807320245199,773.5849744104876,1282.0895519732471,3
HK.02429,490,2.119999885559082,2.009999990463257,5.472631622772936,1.404449209327258,266575.0,565138.9694929123,5.543163511676803,2.204399962425232,2.58940000295639,0.0,-3.1963547868679485,-21.771223036266722,-13.114760826108633,-11.297079811463783,2
HK.02431,354,10.760000228881836,10.229999542236328,5.180847608617264,1.4262254473518026,14399451.5,154938101.4357729,9.935020712142272,9.722600040435792,16.204550013542175,12.552298709138023,-14.603175372072997,-32.4120591877115,-23.032899991350078,-54.97907782166098,1
HK.02432,356,29.280000686645508,30.700000762939453,-4.625407299690189,0.982301741276548,3241033.8,94897471.8894413,5.777524570378,32.894400100708005,41.43605011940002,-14.185223906077946,-17.752803534724354,-18.711825889678575,-23.230201480830694,-50.54054001807471,0
HK.02433,490,0.07999999821186066,0.0820000022649765,-2.439029265698055,0.6819823724895246,712700.0,57015.99872559309,6.437877745434354,0.08359999999403954,0.08060000011697412,-11.111116630059483,29.03225728922157,14.285711244660995,9.589040257018498,-23.076926383393687,0
HK.02436,490,22.739999771118164,21.68000030517578,4.889296360799975,1.0559895506267112,595890.0,13550538.463611603,5.121693332274485,17.433399829864502,9.526799969673156,19.684209321674548,110.36076677529378,461.4814493870935,394.34783136010856,884.4155988920038,1
HK.02438,490,0.3499999940395355,0.3499999940395355,0.0,0.4370936566508522,2267800.0,793729.9864828587,6.241049802581898,0.4367999976873398,0.5890000005066395,-20.454546378171155,-41.66666997803569,-35.185188864484104,-40.677964475023984,-6.66666825612386,0
HK.02439,490,0.41999998688697815,0.41499999165534973,1.2048181523292238,2.0411475681436477,9714034.2,4079894.236619657,4.9140985352795905,0.35119999945163727,0.2921949996799231,11.999996503194172,82.60868663823913,61.53846242018709,75.73221752104774,49.99999467815674,1
HK.02440,490,1.3600000143051147,1.2999999523162842,4.615389553047677,0.16172108798644466,369376.1,502351.50128396746,4.956020674273183,1.5108000016212464,2.221599998474121,-18.562871302147375,-21.839080066028245,-39.01345279493928,-26.486486660641766,-46.031745055605455,1
HK.02442,490,48.84000015258789,49.81999969482422,-1.9670805865904892,0.9821428571428571,744600.0,36366264.11361694,14.544601897183156,36.47439998626709,16.21184999704361,38.98691235314935,338.42009557802464,913.2779753771985,151.36386714094826,4038.9832477602545,0
HK.02443,490,1.649999976158142,1.6399999856948853,0.6097555213709185,1.6481438061742868,644530.0,1063474.4846332073,5.888483502332646,1.8093999934196472,2.891449998021126,-8.839777440859677,-24.311930016931,-49.54128483845938,-41.071428419375906,-56.806282591804724,3
HK.02450,490,5.0,4.849999904632568,3.0927855323080777,0.5083694978301302,121500.0,607500.0,5.66963303662699,3.899999985694885,3.36349999666214,34.40860111681158,35.50135291234428,56.2499976716936,53.84615384615385,66.66666666666666,1
HK.02451,490,10.390000343322754,10.0600004196167,3.2803171962355457,1.1334120425029517,209925.0,2181120.822072029,5.081752483215727,12.027600040435791,11.960600008964539,-17.145132576320755,-35.06249785423279,-4.940530162632442,-14.836061428196102,25.483099980661606,2
HK.02453,490,0.8299999833106995,0.8600000143051147,-3.4883756389999006,0.16025014657025602,453950.0,376778.492423892,8.721311750236246,1.3068000078201294,2.178949993252754,-44.6666677792867,-39.85507346531645,-56.31578980390385,-54.64481071877793,-87.86549759071757,0
HK.02455,490,0.7799999713897705,0.8199999928474426,-4.87805143982653,0.6410256410256411,111100.0,86657.9968214035,3.5360409349216892,0.7037999987602234,0.7218999996781349,8.333325054910777,8.333325054910777,8.333325054910777,-4.87805143982653,28.823531670141506,0
HK.02457,490,0.35499998927116394,0.36000001430511475,-1.3888957875743526,0.7153075822603719,181000.0,64254.99805808067,2.2271437212167915,0.33520000100135805,0.2974949985742569,2.898547970379774,14.516124690608635,39.21568467038631,22.413792926264428,39.21568467038631,0
HK.02458,490,4.510000228881836,4.610000133514404,-2.169195265431241,0.21333333333333335,30280.0,136562.806930542,0.9286624160108758,5.078000020980835,5.997600002288818,-9.437746754850263,-27.955270543378013,-34.06432561005875,-29.310342508088667,7.380962707018295,0
HK.02459,490,0.7099999785423279,0.699999988079071,1.4285700905079517,0.3811423867909806,808337.5,573919.607654959,11.656483801114007,0.7641999983787536,1.0889999967813493,-16.470593102662896,-39.31623892436129,-40.33613912584934,-30.392157664806845,-56.91590947084991,1
HK.02460,399,8.079999923706055,8.15999984741211,-0.9803912402207475,0.5958034623934771,2953087.0,23860942.734697342,3.4790818515992044,8.602600059509278,10.099157643318176,-8.181821038900267,-20.47244050142244,-22.082931409112216,-20.236921693736864,-35.09951631582846,0
HK.02465,394,13.069999694824219,12.649999618530273,3.3201588060027354,0.8456998388719255,10500566.5,137242400.9504814,7.513852106172976,15.845799922943115,12.983199973106384,-32.6982510634549,33.50357247958928,6.087662488458373,-7.567189692493996,121.90152786238917,1
HK.02469,490,0.550000011920929,0.5899999737739563,-6.779654852722472,0.8577383391830838,10553111.95,5804211.698302898,8.079723174085217,0.855999995470047,2.0860499981045724,-29.487175372460268,-62.06896594248259,-82.25806358577555,-74.77064242759103,-74.41860523141351,0
HK.02473,490,0.6399999856948853,0.6399999856948853,0.0,0.17435084913277024,327177600.0,209393659.3196869,10.69890243174102,0.9113999962806701,5.840549991726875,-28.08988809194278,-47.96748164467724,-92.06939269024562,-91.80537784399634,-90.09287953690993,0
HK.02476,34,380.79998779296875,338.3999938964844,12.529549249771682,1.1547545423452998,5417366.7,2062933173.2300355,9.146694992066543,,,-3.005608285048167,,,20.888885013640873,,1
HK.02477,490,0.5299999713897705,0.550000011920929,-3.6363709268489552,0.5891511809473852,701158941.2,371614218.7756818,40.38039909834878,3.5493999874591826,3.055912497341633,-87.29016878434199,-80.51470713915502,-83.17460459225958,-82.80616464982208,-72.25130991351335,0
HK.02479,476,65.0,65.0,0.0,,0.0,0.0,0.0,65.0,65.0,0.0,0.0,0.0,0.0,0.0,0
HK.02480,489,13.289999961853027,13.489999771118164,-1.4825782999146713,0.14035087719298245,2810.0,37344.89989280701,1.6685479544938204,21.308600025177,22.979850039482116,-39.809782573484966,-46.19433380020902,-36.89458547544017,-44.3933047113986,-37.60563174702216,0
HK.02481,490,2.4100000858306885,2.5,-3.5999965667724605,0.12422360248447205,8100.0,19521.000695228577,0.3086990303543155,2.495639667510986,2.491777721643448,-1.2229631059946309,-4.841164442321492,-0.08321890198891099,1.0831242241844743,4.751461382284009,0
HK.02482,489,0.48500001430511475,0.48500001430511475,0.0,0.0,19850.0,9627.250283956528,2.1213064593954467,0.5595999991893769,0.6824000012874604,-27.611939966559124,-17.796604090879107,-35.333331425984696,-34.45945837098897,-55.09259305250496,0
HK.02483,489,1.7999999523162842,1.7999999523162842,0.0,0.0,14200.0,25559.999322891235,0.8935363650952867,1.7198122000694276,1.6475456196069718,3.2792323537756465,17.480127103752512,8.027707817755013,9.922929796132724,13.755848263598159,0
HK.02486,490,4.550000190734863,5.400000095367432,-15.740738696685744,1.8125,26610.0,121075.50507545471,4.731054441418901,6.243400020599365,6.9386000108718875,-26.84886906411505,-14.953265946883192,-28.79498770260076,-40.36697087168706,-13.82575738761161,0
HK.02487,490,3.2699999809265137,3.2699999809265137,0.0,0.3256393967200772,199285.0,651661.9461989403,6.621635671710228,4.341599988937378,6.1615499806404115,-26.516851211584335,-29.067247587395407,-48.177495870371025,-28.75817271851607,-66.21900952649678,0
HK.02488,490,7.199999809265137,7.0,2.857140132359096,0.7853800840346582,459064.95,3305267.5524403094,3.896515497003799,8.120637292861938,8.62278671503067,-18.181822122621057,-10.609503771398938,-5.974435148955185,-12.959185943970816,-39.71182083190094,1
HK.02489,490,0.75,0.7400000095367432,1.3513500451867637,0.23211482395155864,4184500.0,3138375.0,5.2837769020321845,0.9997999989986419,1.2595686250925064,-33.03571457081303,-33.62831830399571,-42.74808910230487,-31.192662657516205,-52.777776735309686,1
HK.02490,490,3.9000000953674316,4.170000076293945,-6.474819568024421,2.0814256043608177,690305.0,2692189.565832615,9.878525059254724,4.581200032234192,5.687208889722824,-15.948271388176801,-34.232711496383395,-22.53651481737027,-7.043826584858709,-58.73884297137087,0
HK.02493,20,22.31999969482422,21.31999969482422,4.690431586838936,,658975.0,14708321.79889679,5.085936688485346,,,,,,-14.219833581269103,,1
HK.02495,470,51.099998474121094,52.650001525878906,-2.9439753216264277,0.6870613226802367,125546.5,6415425.958431244,6.60854044268808,51.45359985351563,58.23754989624023,2.610440275053465,-12.724168847168501,-7.34361367126593,-31.13207469568277,-55.09666335344463,0
HK.02496,489,4.199999809265137,4.199999809265137,0.0,0.0,100.0,419.9999809265137,0.21317809757493184,4.6442000198364255,6.250150029659271,-4.545460949259217,-41.2587447098586,-40.76164007229093,-46.56488883051442,-0.7092248149663288,0
HK.02497,490,0.6499999761581421,0.6499999761581421,0.0,0.2767695099818512,446900.0,290484.9893450737,8.790836886217313,0.6049999988079071,0.5811999966204167,4.838705025652108,27.450978100551872,22.641511555879244,47.727268109144234,-28.571433249971985,0
HK.02498,490,30.899999618530273,31.15999984741211,-0.8344038194962617,0.5753640715556385,7369536.6,227718678.12874487,4.340219203613433,33.42759979248047,35.53739989280701,-6.306852494167781,-7.2072062267774575,-0.961542106003832,-17.158176271948445,-9.912535551477895,0
HK.02499,490,5.820000171661377,5.809999942779541,0.17212098072847423,1.010989010989011,4370.0,25433.400750160217,0.7814334952062262,5.858400011062622,5.826850020885468,0.0,0.8665544350111859,0.3448272460139292,-3.801653087973694,-0.4515614409838191,1
HK.02500,490,1.159999966621399,1.1699999570846558,-0.8547000709448132,1.9873848124969202,1057700.0,1226931.9646954536,7.349308157278658,1.7317999982833863,2.6374999940395356,-31.360951044626027,-51.86722301623631,-50.0,-52.845530543357874,-53.41365613740646,0
HK.02501,490,1.0399999618530273,1.0399999618530273,0.0,1.1133603238866396,100000.0,103999.99618530273,3.046995687714939,1.1159999823570252,0.9999499925971032,-5.454550971669479,0.9708728874782327,13.043472063789407,13.043472063789407,16.853930176305184,0
HK.02502,489,0.6100000143051147,0.5899999737739563,3.3898375288438505,0.3511450381679389,133300.0,81313.0019068718,5.626922823516457,0.5675999987125396,0.47399999886751176,5.1724192858027385,37.07865710331333,40.22988757741924,41.860466083363605,60.52632156831743,1
HK.02503,490,0.1809999942779541,0.17100000381469727,5.847947508874469,0.4666128384827006,2252458.45,407694.9665613294,9.35484503804819,0.2629409205913544,0.5298302287608385,-20.327847712614947,-47.53623336134176,-74.14285751994775,-63.80000114440918,-77.3750010523945,1
HK.02505,490,0.6499999761581421,0.6499999761581421,0.0,0.028233633315687314,258350.0,167927.493840456,5.906040641093794,0.7401000010967255,1.549595382809639,-28.571433249971985,-35.00000238418579,-59.876544799697115,-54.54545454545454,-77.29184491372843,0
HK.02506,353,81.5,80.5,1.2422360248447204,1.261590462704974,228635.0,18633752.5,6.145153529573781,74.75600021362305,86.22599994659424,4.086841409350812,6.885245901639345,0.5552090454022851,6.396868960166293,-31.969951649509444,1
HK.02507,468,36.02000045776367,34.619998931884766,4.043909789348708,0.7714863620528714,1993336.05,71799965.43347684,5.799887543235988,37.17959999084473,51.810350036621095,-1.9063200971376475,-35.44802697086713,-19.273865262187776,-40.65897857491333,-1.1279200472872402,1
HK.02508,234,3.880000114440918,3.8299999237060547,1.305488034748606,0.3844924183081437,854020.05,3313597.8917348385,5.859610876330388,4.145600008964538,5.0907000172138215,-2.020200074126503,-23.168317467403696,-18.487396473248435,0.0,,1
HK.02509,490,14.970000267028809,15.210000038146973,-1.5779077614479948,1.0513284849568036,237206.15,3550976.1288408753,6.362725637409741,17.86939998626709,21.60430004119873,-15.70945904221244,-9.217704822237765,-26.832839995629694,-23.544431433300417,30.173915365467902,0
HK.02510,392,8.329999923706055,8.579999923706055,-2.9137529396622037,0.49788976461887163,3244571.4,27027279.514458846,3.35925497879994,7.90054123878479,8.015494787693024,7.22615135092136,-9.055945978138372,10.883068862762899,10.34545052813256,43.317058611722736,0
HK.02511,490,2.7300000190734863,2.799999952316284,-2.4999976583889154,0.8444924406047516,454925.0,1241945.2586770058,5.272005703302941,3.52739999294281,3.2368000012636187,-32.75861927218441,40.72164631710899,-0.7272720336914062,-9.90098861877821,30.00000681195971,0
HK.02512,487,2.9700000286102295,3.0,-0.9999990463256836,0.1319406267179769,84850.0,252004.50242757797,4.088859388805555,3.1634000062942507,3.6022500097751617,-10.810807908222735,-9.726441852679056,-14.409221783212928,-14.161849830474745,-8.615383735069862,0
HK.02513,101,1136.0,1314.0,-13.54642313546423,1.9944116941393748,1687710.2,1917238787.2,15.394002959417305,1030.43,,26.362625139043384,115.15151515151516,,763.8783269961978,,0
HK.02515,490,1.2000000476837158,1.2400000095367432,-3.225803350434739,0.0385977755943304,3787701.4,4545241.860611677,13.53820559177072,1.1899999904632568,0.8408000002801418,-14.8936116247491,17.647065698344395,60.000006357828774,31.86813330768369,110.5263267967951,0
HK.02516,490,1.1799999475479126,1.1399999856948853,3.508768627628134,1.426199081762235,2042200.0,2409795.892882347,6.015846371100884,1.2226000094413758,0.9365500035881996,-4.838714639304418,5.357137725365427,90.32257072139116,20.40815556957954,47.49999124556793,1
HK.02517,490,2.130000114440918,2.200000047683716,-3.1818150784359176,0.6653293637599264,24118935.6,51373335.58819313,5.016723936863889,3.2250625038146974,3.548753751516342,-33.43749741557989,-43.23783925486078,-43.08807012387223,-38.896258896559836,-28.956826837698703,0
HK.02518,490,34.20000076293945,32.31999969482422,5.816835042904723,0.05365526492287056,7275.0,248805.00555038452,2.1829974802539325,34.963200149536135,44.150314750671384,-8.212554204076076,-7.866374603898864,-24.207173638748046,-20.502091122671068,-29.114260033467293,1
HK.02519,387,4.550000190734863,4.5,1.1111153496636283,0.14492753623188406,16410.0,74665.5031299591,1.568994016570366,4.554199981689453,5.763150000572205,-5.20833312637277,-13.82575738761161,-16.20625534850167,-25.16446960806181,-51.9027465921013,1
HK.02520,490,1.9500000476837158,1.840000033378601,5.978261538568189,0.6751054852320675,142000.0,276900.00677108765,3.7833915755050525,1.9677999997138977,2.0793999963998795,2.094245118395111,-0.510203585134164,-5.797096107684116,-17.021271199217093,-15.217387473425397,1
HK.02521,490,1.0,1.0099999904632568,-0.9900980750178164,0.11449601308525864,2922375.0,2922375.0,5.927755192824669,1.0851999962329864,0.7418249981105327,-5.660372265889812,6.3829789932306245,85.18517782658735,61.29032134017389,227.86884477016156,0
HK.02522,490,5.840000152587891,6.510000228881836,-10.291859489059114,1.154550410242791,1269777.5,7415500.79375267,6.129993498803183,7.28459997177124,11.091300008296967,-29.638553995372497,4.285718786473254,-60.27210729004876,-29.553676966694447,-65.76787611132968,0
HK.02525,177,150.39999389648438,152.39999389648438,-1.3123360105634079,0.7997678547934034,1292922.25,194455498.50862885,4.8083293458972705,168.67799957275392,,-13.063587343072616,-28.31268269363152,16.770178829923385,-16.72204384628942,,0
HK.02526,47,311.0,309.3999938964844,0.5171319117901914,0.1593738771608235,141107.1,43884308.1,9.511510468249131,,,4.083002913468772,,,48.37785827468237,,1
HK.02528,490,0.6600000262260437,0.6600000262260437,0.0,0.16985138004246284,142500.0,94050.00373721123,4.881120101299782,0.5271000051498413,0.34405500054359434,20.00000216744158,97.01492829427968,153.84617324411587,135.71429407718227,164.00001049041748,0
HK.02529,489,2.799999952316284,2.799999952316284,0.0,0.0,20200.0,56559.99903678894,0.6607145183548675,2.8614861822128295,2.744541343450546,-2.6334212314928442,6.126204329286928,0.5589284835096147,1.8952574401478586,12.050970375890063,0
HK.02530,345,0.7400000095367432,0.75,-1.3333320617675781,0.9879253567508233,382000.0,282680.0036430359,5.996760950367251,0.6053999853134155,0.6055500000715256,34.54545336321368,23.33333002196431,23.33333002196431,17.46031986312503,26.26615608863489,0
HK.02531,467,4.0,3.75,6.666666666666667,0.40404040404040403,32850.0,131400.0,3.7891752968973917,4.8593999910354615,8.88509998202324,-0.7444220408558315,-40.915804855695484,-69.83408800184233,-44.44444297272478,-65.6357398451918,2
HK.02533,449,14.020000457763672,14.5,-3.3103416705953665,0.9884648544005289,6035167.8,84613055.31868057,5.4274521924243855,16.592400093078613,19.276150121688843,-21.19168220206873,-25.266522991938604,-27.545218700927048,-28.213005812383507,-24.704619624813684,0
HK.02535,490,0.4950000047683716,0.5,-0.9999990463256836,1.7287749287749288,9485000.0,4695075.045228004,7.958486577376704,0.6146000003814698,0.7698999956250191,-13.157892810560856,-48.96907317852512,-50.49999952316284,-43.74999915334311,-8.333336092807519,0
HK.02536,489,1.2400000095367432,1.25,-0.7999992370605469,1.223601298453313,1235750.0,1532330.0117850304,9.043625064000551,1.6878000116348266,2.156850516796112,-22.500000558793538,-46.08695498937016,-47.23404000603047,-42.857144426718705,-58.156813043969024,0
HK.02539,124,12.5600004196167,12.720000267028809,-1.2578604092237398,2.843423083519122,32260.0,405185.6135368347,7.617296324533664,15.204860610961914,,-23.341942010460794,-25.104199223592666,,-64.77872944801985,,0
HK.02540,490,0.9700000286102295,0.9700000286102295,0.0,0.16961678721574044,1248585.0,1211127.4857223034,12.716322410044844,1.0045999932289122,1.247499994635582,7.777783811828397,-5.825237324869397,-30.714282490769158,-25.384610446952323,-24.8061971089621,0
HK.02543,182,28.100000381469727,27.420000076293945,2.479942754499399,0.9128972475804791,70300.0,1975430.0268173218,4.2033687370281525,28.693633995056153,,-5.890813105677465,-4.415552649651448,-24.372203002197814,-19.10459603619196,,1
HK.02545,474,0.38499999046325684,0.4000000059604645,-3.750003818422499,2.801094890510949,245200.0,94401.99766159058,4.102816053986721,0.4267999982833862,0.4696999996900558,-10.465119986227169,-19.79166686069221,-14.444444297272478,-7.228916095257991,16.66665914082798,0
HK.02546,112,13.680000305175781,14.460000038146973,-5.394189010466609,0.9701117037335212,494200.0,6760656.150817871,6.793460305321146,15.616735935211182,,-10.51227991023604,-29.964157244101607,,39.43434323011704,,0
HK.02549,413,4.190000057220459,4.28000020980835,-2.1028072003744285,0.9417520841875086,169363.5,709633.0746910572,3.6531500414450484,4.670400009155274,4.708100006580353,-10.851058994498516,-8.515281069481214,-11.974792946496871,-8.714598737908698,-20.226412908642462,0
HK.02550,490,1.7799999713897705,1.75,1.7142840794154575,0.44799981087079227,1670915.0,2974228.6521947384,6.426857371882658,1.9399999904632568,2.794749994277954,-6.80628259180473,-7.772019701281277,-42.01954364508466,-43.312104715866184,-48.85057581512092,1
HK.02551,387,2.299999952316284,2.3499999046325684,-2.127657631718154,1.2178619756427604,115450.0,265534.994494915,2.4405121662054072,2.294599986076355,2.690499995946884,-1.7094001418896263,-7.258067152130472,-18.43971607221107,-18.43971607221107,-27.432949246237314,0
HK.02552,490,2.2799999713897705,2.240000009536743,1.785712575121809,0.7253863281773425,3585277.5,8174432.597424388,5.8713619861186,3.288399991989136,3.4078499984741213,-33.720932166727216,-22.18430309071029,-28.75000195577738,-25.245901408678606,-16.48351811500858,1
HK.02553,5,33.0,33.939998626708984,-2.769589465950229,,,,,,,,,,56.69516066876753,,0
HK.02555,490,5.230000019073486,5.150000095367432,1.5533965480508796,0.550369866683151,1918130.0,10031819.936585426,3.9416889193940166,5.520372514724731,6.586279850006104,-8.168288874612651,-3.093811766832584,-16.233627126359004,-14.116307706860026,-42.242593110020174,1
HK.02556,490,34.79999923706055,32.7599983215332,6.227109340803744,1.1344643859670507,5519091.0,192064362.58926773,7.21997889309759,37.919199752807614,41.61725001335144,-14.074075957875193,6.422013532492413,-8.948199566749416,-6.098224642428757,-9.961195696824257,1
HK.02558,490,1.1799999475479126,1.2200000286102295,-3.278695092153664,15.897435897435898,2150.0,2536.999887228012,0.39670419334839413,1.3169999980926514,1.369000004529953,-5.600004196166992,-14.492757128607561,-13.235298887049812,-16.312058476469733,-10.292556867176925,0
HK.02559,477,1.0700000524520874,1.0800000429153442,-0.9259250061011975,0.8218441549100788,986530.75,1055587.9542455971,4.959002939646766,1.2785999989509582,2.134450002908707,-15.079360273749945,-38.505744448992054,-60.37036912758494,-52.8634334166223,-4.464281437804522,0
HK.02560,346,1.4500000476837158,1.4500000476837158,0.0,0.3102959000508697,105750.1,153337.6500425577,1.5678977453915504,1.544306366443634,1.598357754945755,-7.333610694235965,-9.90767439466178,-6.801047237959304,-4.608131648266639,1.3538616140898199,0
HK.02561,298,20.200000762939453,20.219999313354492,-0.09890480264176285,0.126323611369125,26750.0,540350.0204086304,5.883273772193047,24.525600051879884,34.0356999874115,-17.88617703373952,-36.87499761581421,-32.666664123535156,-39.91671206217072,-55.21063980849035,0
HK.02562,395,1.649999976158142,1.7300000190734863,-4.624279886319817,0.5595892406647045,30372784.05,50115092.9583564,9.223822543797786,2.667000002861023,6.799300017952919,-37.262361050927296,-52.17391439556849,-71.00175817987319,-14.062499320910607,-87.86764757443463,0
HK.02563,393,2.630000114440918,3.700000047683716,-28.91891674197794,0.14775725593667546,17160.0,45130.80196380615,5.951080814459055,4.03759997844696,4.814199993610382,-40.89887129960955,-27.945204226736713,-15.161284020986374,-37.825056676548726,-40.36280713287862,0
HK.02565,256,7.880000114440918,8.220000267028809,-4.136254763295606,0.5777949707576231,23126329.95,182235482.6525984,27.19542128244461,28.385599899291993,50.35685000419617,-66.35354360046665,-87.1869916838359,-87.969465474136,-88.6209384629012,-22.745095472618093,0
HK.02566,373,5.5,5.5,0.0,0.28768081626629527,45031.55,247673.52500000002,3.102816056907266,6.745200004577637,8.987550008296967,-17.910445424277615,-34.83411998285646,-25.373133169556695,-27.726676695076176,-11.357376144101318,0
HK.02567,404,0.41999998688697815,0.38999998569488525,7.692308280124724,0.18278354114453343,7041700.0,2957513.907662034,7.901591543814582,0.4487999975681305,0.7475249974429607,-35.384615031925165,1.2048181523292238,-30.000004967053535,-35.384615031925165,-55.78947450975963,1
HK.02569,294,1.0700000524520874,1.0800000429153442,-0.9259250061011975,5.338567222767419,313000.0,334910.01641750336,3.065323028857688,1.0143999969959259,0.9843000027537346,0.0,-2.7272700672307866,12.63158588198092,11.458341288380502,30.487812412841837,0
HK.02570,367,26.260000228881836,27.459999084472656,-4.369988694826153,1.1490351963644654,645168.25,16942118.392667294,7.5048549921769165,38.44520004272461,86.77509992599488,-35.88866988320656,-46.23259593194249,-83.00323609781111,-59.96951091509356,-87.3992317668082,0
HK.02571,342,13.800000190734863,13.5,2.2222236350730613,0.05856515373352855,6720.0,92736.00128173828,1.6251611235462482,13.570799961090088,13.180449981689453,2.2222236350730613,0.43668428396062753,6.976748828052516,5.343509838788277,5.666154267550034,1
HK.02573,246,4.650000095367432,4.849999904632568,-4.123707488614652,0.7223476297968398,17160.0,79794.00163650513,3.474963218517535,4.836799998283386,7.9749000144004825,-11.259536288583316,-30.2848569388456,-49.069002879720365,-41.729322252466396,,0
HK.02575,158,15.5,17.170000076293945,-9.72626714544783,0.9428884905668176,2758505.15,42756829.824999996,13.016876227259367,24.137799797058104,,-32.43243400544784,-74.59016393442623,-75.72435337444485,-76.22699275230889,,0
HK.02576,409,4.489999771118164,4.400000095367432,2.045447131819137,1.3774992539540436,684900.0,3075200.8432388306,5.826353653219692,4.550599946975708,4.476899982690811,-6.066954518016912,-5.870025386330568,13.09823019547861,12.531322315447142,32.44836673080525,4
HK.02577,353,65.69999694824219,67.80000305175781,-3.0973539955632483,0.7651164883496906,17509502.2,1150374241.1052399,10.105949282624545,65.05899978637696,72.00825010299683,-3.595017641645052,9.408822286370121,-6.209858549615676,-12.22445118558347,84.55056113556256,0
HK.02579,136,30.559999465942383,29.824861526489258,2.464849463928624,0.5926243634734576,1642063.7,50181465.79504337,4.999874724563573,36.50984630584717,,-19.381527447002025,-8.806287592935421,2.3295820076363465,-4.302894522136865,,1
HK.02580,187,10.25,10.520000457763672,-2.5665441636403523,0.4140526775754599,3194374.4,32742337.599999998,4.0401205031386915,9.872800006866456,,0.4901979575474675,-9.691632991181327,-30.976432749521976,-22.23065430450082,,0
HK.02581,111,2.4000000953674316,2.6700000762939453,-10.112358547243309,1.631040373625023,438352.4,1052045.8018045425,2.6381417398920544,3.259400038719177,,-24.764888642082898,-35.999997456868485,,-43.79390852253178,,0
HK.02582,382,17.0,17.739999771118164,-4.171362912433236,0.7937843584676925,2421316.45,41162379.650000006,8.327468884537403,25.867800025939943,39.1981500339508,-40.39270782910424,-46.574480945814756,-62.08742207370652,-34.61538461538461,-84.51730461975806,0
HK.02583,167,54.0,55.0,-1.8181818181818181,0.29125871663027403,286310.0,15460740.0,14.400777806629247,88.33700027465821,,-38.91402820373072,-56.8,-70.49180327868852,-67.85714285714286,,0
HK.02585,372,12.5,12.079999923706055,3.4768218455840225,0.5087188762965266,355510.0,4443875.0,7.398170314016442,17.404992389678956,16.091932473182677,-29.604469841182546,-46.95424390735868,-19.30594443910884,-10.396689752708346,-19.56066197735864,1
HK.02586,367,5.869999885559082,5.920000076293945,-0.8445978055825387,2.1917005527272018,4024467.55,23623624.05793624,5.550419220171523,6.868800010681152,8.130900001525879,-14.181290137278904,-16.1428587777274,-21.313674858677867,-21.313674858677867,-42.22440970750358,0
HK.02587,353,3.0399999618530273,3.2300000190734863,-5.882354677971792,0.5353301912873335,16563540.0,50353160.96815109,6.692301875181525,4.170599994659423,5.698300001621246,-26.570046862497783,-33.624453875686676,-38.46153994654984,-33.624453875686676,-91.13702615314241,0
HK.02588,490,72.0999984741211,73.1500015258789,-1.4354108405402342,1.8636957880975389,1114345.85,80344334.08464319,2.601712629886598,79.07738723754883,75.68059337615966,-10.350524347905525,-12.938128829913428,2.393141149311907,-1.774827440835967,19.92473526953999,0
HK.02589,269,171.8000030517578,156.1999969482422,9.9872000053142,2.27974048819501,104224.1,17905700.69806671,7.9001506404246,128.23900054931642,107.78314224243164,10.981911928203258,126.64907141817557,66.45995470028859,100.81823135391204,38.6278495201683,4
HK.02590,226,13.829999923706055,14.829999923706055,-6.743088369147459,1.6584532387037891,5041717.65,69726954.71484748,6.629167640569921,17.578999977111817,22.943599977493285,-27.172195416557816,-35.9128824253909,-40.6437752079051,-40.026018022542615,,0
HK.02591,199,8.520000457763672,9.329999923706055,-8.681666372625601,0.35901173819682264,7004648.5,59679608.42647362,13.471886876308957,15.649799976348877,,-48.982035517799446,-64.96710294130104,-77.56713912466256,-71.9921090190817,,0
HK.02592,230,1.2000000476837158,1.2000000476837158,0.0,0.30422398642506515,401575.0,481890.0191485882,6.307652931233895,1.4635999989509583,3.5836500012874604,-19.46308456354919,-40.88669632531194,-76.92307515962582,-73.39246149037932,,0
HK.02593,358,1.0399999618530273,1.059999942779541,-1.8867907552966041,0.05041690905565251,186680.0,194147.19287872314,4.312908997377278,1.0140000009536743,1.1676000022888184,-6.306310950447061,-7.964604757379029,-11.11111111111111,-11.864406094746942,-41.57303491184741,0
HK.02595,174,29.399999618530273,30.0,-2.0000012715657554,1.17337311599695,1225077.1,36017266.27267018,7.8313383286672895,37.865999717712405,,-27.01092227033211,17.412134758746305,2.0124910820530535,31.602504107971303,,0
HK.02596,343,2.6600000858306885,2.640000104904175,0.7575750049918888,20.0,700.0,1862.000060081482,0.09441252482165048,2.6380001068115235,2.621649987697601,1.1406832731696614,1.1406832731696614,1.9157161971084118,1.5267252678933152,4.074549990648369,1
HK.02597,226,37.02000045776367,40.0,-7.449998855590819,1.5315315315315314,11950.0,442389.0054702759,5.3750369119965145,37.8032001876831,22.37440002441406,-2.3734118002112568,64.38721005887541,165.37635099590605,144.35644481788472,,0
HK.02598,490,4.380000114440918,4.510000228881836,-2.882485761495158,1.017324627136107,1625036.2,7117658.741970634,5.04264780093488,5.697600040435791,7.328950002193451,-26.755851162697237,-37.872340483094874,-36.33720869789774,-35.207101092577794,-56.28742600458448,0
HK.02600,490,10.170000076293945,10.119999885559082,0.494073036564081,0.8355050499703124,62397393.75,634581499.1980433,5.177826076944588,11.501999988555909,10.854579794406892,-8.789233863359593,-27.30521627820514,-3.875234880611332,-19.541140822307167,133.308953784821,1
HK.02601,490,31.68000030517578,31.399999618530273,0.8917219428253411,1.003671981778492,12560847.45,397927651.0492664,2.9664910275666707,32.95199993133545,34.0380998802185,-9.948834478790696,-7.746068245755816,3.1250032984341924,-12.486188846689533,34.97035672209819,2
HK.02602,490,19.270000457763672,17.790000915527344,8.319277493373063,0.7785034628164726,3983732.85,76766533.84310818,4.591794218183491,17.011427841186524,19.64792323589325,8.221951712778958,5.698484121054797,-11.824474758030775,7.406063560854981,2.787043641582653,1
HK.02603,256,15.199999809265137,15.15999984741211,0.26385199377066976,1.1041650120831867,2148800.0,32661759.590148926,4.633541675029483,14.59022710800171,14.778199110031128,-4.4025146293043855,0.5850501557209707,23.97126867665524,17.094445903174204,60.649662117077106,1
HK.02605,246,1.2100000381469727,1.2999999523162842,-6.923070574652987,0.7657537888859346,72740.0,88015.40277481079,4.106013191012224,1.4935999917984009,2.7452999955415724,-14.788727132698329,-28.823529164271378,-59.666665395100914,-55.5147049478078,,0
HK.02607,490,11.539999961853027,11.65999984741211,-1.0291585517105777,0.38993139127775894,3488490.9,40257184.85292463,1.973894284382369,11.74979995727539,11.846676120758056,-5.020573463614929,0.8741292407143254,-0.1583282699750721,-0.2592889694250522,5.098725637780405,0
HK.02608,490,0.009999999776482582,0.009999999776482582,0.0,0.10905485789821547,297750.0,2977.499933447689,0.0,0.009999999776482582,0.011209999974817038,0.0,-9.090910630285256,-9.090910630285256,0.0,0.0,0
HK.02609,237,4.909999847412109,5.150000095367432,-4.660198903126413,2.535850335009992,8422940.4,41356636.078761294,6.62682015612895,4.942799973487854,5.3255500006675724,-5.576922547887749,79.19707409936294,-15.490535356819054,26.221072365062597,,0
HK.02610,296,32.20000076293945,32.0,0.625002384185791,0.5872121257594473,1875085.95,60377769.02057705,5.50697455978653,41.40859996795654,47.98208348274231,-13.672918440850356,-49.13111982458418,-20.80668744766636,-35.1590800203809,22.940903640082,1
HK.02611,490,14.0,14.069999694824219,-0.4975102796197557,1.895782683562747,14021891.05,196306474.70000002,3.3100406452980047,13.501707706451416,15.143091864585877,3.7037037037037033,-5.934024924555316,-5.316390544966939,-14.164793756088981,34.73862289650797,0
HK.02613,346,28.959999084472656,29.5,-1.8305115780587924,0.8413001912045889,2725.0,78915.99750518799,2.1851989678352215,30.72519992828369,29.589200057983398,-3.466669718424479,-4.105965719009154,4.9275314645140895,-4.48549018482913,15.971804196710082,0
HK.02616,490,4.300000190734863,4.460000038146973,-3.5874404942513323,1.0660550958864534,13756872.1,59154552.653915115,9.153102333224993,8.284600019454956,7.261850008964538,-48.99169590664445,-31.30990361795991,-23.487539532092075,-19.475654159841525,8.5858623563799,0
HK.02617,237,31.979999542236328,33.36000061035156,-4.136693773581712,0.6271348304670168,1765970.3,56475729.38560295,8.958998578245053,54.02519985198975,107.85330025672913,-42.58527988474546,-47.31466368982025,-84.29273154050063,-71.74911625054338,,0
HK.02618,490,12.670000076293945,12.680000305175781,-0.07886615647598998,0.6284594768350499,13642090.35,172845285.77530888,3.8047226785547887,14.391399974822997,12.873899998664855,-16.91803228659708,18.300653885768696,6.025106933228352,7.1912047666289505,1.848878646855692,0
HK.02619,131,1.5499999523162842,1.350000023841858,14.814809254985223,2.302158273381295,68700.0,106484.99672412872,4.526259665709799,1.6417999911308288,,-6.6265070190933795,-15.300551040042398,-11.42857415335519,-32.017545097972786,,1
HK.02621,253,3.299999952316284,3.299999952316284,0.0,0.030373798300786566,698230.0,2304158.966705799,2.35725457492708,3.1852000045776365,3.686200006008148,2.1671805829548285,12.244894152695258,-12.698413299114591,-9.090913270548462,-50.075644695006375,0
HK.02623,490,4.679999828338623,4.710000038146973,-0.6369471245302243,0.7712711979960282,2400068.3,11232319.23200097,7.994746438260517,5.378400030136109,3.6887507458031177,-13.333338042836045,10.638293315272891,-3.1055920856482477,-4.4898012805510294,988.3720349981834,0
HK.02625,292,2.240000009536743,2.140000104904175,4.67289251077145,0.8655510675129833,180800.0,404992.00172424316,7.644735723176571,3.667200026512146,4.280800009965897,-34.310851813627714,-54.19222759311416,-57.735850397655184,-48.85844860708031,-28.43450710426402,1
HK.02627,202,29.31999969482422,29.31999969482422,0.0,,0.0,0.0,0.0,29.574399719238283,42.06765001296997,0.0,-42.79024449790396,-27.173370796833062,-27.137180735969206,,0
HK.02628,490,27.3799991607666,27.479999542236328,-0.36390241315698546,0.6121074991826699,47320939.05,1295647271.4756875,3.125913161850925,27.983999938964843,27.461970415115356,-12.74697293491668,-8.854865757962799,4.823883158688991,-5.062416727103517,78.069543234104,0
HK.02629,257,12.40999984741211,12.40999984741211,0.0,,0.0,0.0,0.0,12.49779987335205,37.09724990367889,0.0,-23.205445763667697,-76.36190505254837,-71.13953523857649,-58.21548980262089,0
HK.02630,143,62.79999923706055,64.4000015258789,-2.4844755448886198,0.31712912841980023,90015.4,5652967.0513237,5.301513346316038,79.48300010681152,,-21.500000953674316,-36.50151843463032,-4.776342466935626,-25.282573519493578,,0
HK.02631,196,97.5999984741211,89.9000015258789,8.565068762569087,0.7989060601490864,10341966.35,1009375899.9794116,13.277456306231258,78.57739974975586,,10.220209046264543,72.28595912664781,84.49904661415701,64.30975752012317,,1
HK.02632,51,124.5,124.30000305175781,0.1608985867513695,0.6512595063305169,93587.0,11651581.5,6.058791301142602,91.20719993591308,,3.75,,,346.55668489115084,,1
HK.02633,490,1.1200000047683716,1.1100000143051147,0.9009000301245093,0.40337265201916556,257084.3,287934.41722587345,1.7860504781526576,1.1677999997138977,1.2917975795269012,-5.084741139541855,-11.111110059882801,-13.701094714178378,-13.178291636571709,-5.83018013688202,2
HK.02635,110,18.209999084472656,17.479999542236328,4.176198863578086,1.8932110640825182,23335900.75,424946731.2928448,12.89078766990612,32.5973999786377,,8.007108097565743,-61.679295225053885,,-47.27852170876344,,5
HK.02637,121,178.89999389648438,182.8000030517578,-2.1334841849916124,1.3023832544616196,142917.9,25568011.437698364,7.686641597482244,211.56400024414063,,-29.120444444283233,23.379306135506468,,35.63305699383563,,0
HK.02638,490,6.369999885559082,6.360000133514404,0.157228802433249,0.3192438669858138,3646674.5,23229316.147671223,1.2829105462487398,6.394417333602905,6.236278853416443,-0.4687532712704946,-7.224012811403421,5.345644476317205,2.857163535927937,18.421350996406723,1
HK.02643,235,31.799999237060547,30.059999465942383,5.788422495115354,1.6633705478013185,3681188.2,117061781.95147629,8.783370615410815,26.22720001220703,40.77889996528626,38.260866248089336,0.6329077632166734,-33.88773337660358,7.215102497160519,,1
HK.02648,229,73.0999984741211,74.3499984741211,-1.6812374252234665,0.6064897073807516,745680.95,54509276.307181165,5.21343913509202,79.56517593383789,69.77938989639283,-12.28208448908287,-3.79324997806035,9.406064390126263,10.787861366518404,,0
HK.02649,61,3.9000000953674316,3.9000000953674316,0.0,,0.0,0.0,0.0,3.8984000873565674,,0.0,,,-37.09677072022871,,0
HK.02650,161,16.209999084472656,16.030000686645508,1.122884529737444,0.7127992106696276,6251690.75,101339901.33390617,9.695421541423931,26.88199993133545,,-10.688708401277157,-67.61238894791106,-55.734572481489806,-57.83038589077998,,1
HK.02651,226,12.279999732971191,12.289999961853027,-0.0813688276067997,1.209517514871117,45030.0,552968.3879756927,3.046382545724154,11.721941986083984,10.935012612342835,1.5918339072827619,67.62651239115564,25.35828054544451,19.296241363851177,,0
HK.02652,163,19.049999237060547,20.0,-4.750003814697266,2.0988688730624214,606515.0,11554110.287265778,7.903324239495749,21.63680004119873,,-13.093069476478918,-49.17289362398993,-46.906358221964126,-43.90459437388303,,0
HK.02655,115,18.299999237060547,18.809999465942383,-2.7113250577452095,0.49752552769466535,6963060.15,127423995.4326067,9.850428572612687,34.05919998168945,,-43.27340300930675,-64.84149950951274,,-53.07692503317808,,0
HK.02656,176,12.359999656677246,13.350000381469727,-7.4157355543347885,0.3399653538847242,16075317.5,198690918.78097773,11.74478551313512,34.59539981842041,,-40.1162789623136,-82.54237411876726,-76.74506246126988,-78.92583233570167,,0
HK.02657,107,35.7400016784668,36.400001525878906,-1.813186317980994,0.98427354886904,71071.2,2540084.8072906495,6.522607531306727,52.19471389770508,,-33.15186377260997,-43.89898589131524,,-57.14963720679555,,0
HK.02658,122,46.880001068115234,47.08000183105469,-0.42481044001899243,0.24561408083102038,565575.25,26514168.32409954,9.584295594539078,47.246400146484376,,2.807023326372626,-1.3052609092310854,,-1.1387539470292822,,0
HK.02659,119,18.959999084472656,19.709999084472656,-3.8051752148017233,0.2527127660642231,4858199.0,92111448.59218597,9.825064758783506,55.26920013427734,,-31.700292045579857,-87.72020736141728,,-72.79770457012793,,0
HK.02660,490,2.2699999809265137,2.2100000381469727,2.7149294906731947,0.2250533170397411,417959.85,948768.8515280485,3.185922069949669,2.364760012626648,2.2351540398597716,-12.192483433035617,8.218916814011228,7.277885087424467,-3.9925534021739617,26.367061295935716,1
HK.02661,110,14.899999618530273,16.93000030517578,-11.990553160385373,1.3188895891984258,7399813.8,110257222.79719505,15.645858821358477,69.59340003967286,,-62.449598024356,-84.3075301764861,,-80.05354721921324,,0
HK.02663,490,0.4300000071525574,0.38999998569488525,10.256416134580567,2.9773462783171523,355000.0,152650.00253915787,4.216906532674896,0.3052999997138977,0.2964565220475197,50.87719738538471,59.259255579960346,56.36363557547579,45.76272076828976,49.50868588070707,1
HK.02665,115,5.920000076293945,6.440000057220459,-8.074533793574973,0.6836572879726115,6297202.05,37279436.61643839,8.557684173706233,7.879999990463257,,-21.796566155233105,-48.29694170384539,,-42.801933738158084,,0
HK.02666,490,5.159999847412109,5.21999979019165,-1.1494242373779509,1.6024593324983747,4267610.0,22020866.948814392,1.9362132036328257,5.647799968719482,6.04875,-9.632227444141158,-12.984822988472844,-18.35443501173721,-13.56783871433835,3.2606292433024415,0
HK.02668,490,0.33500000834465027,0.33500000834465027,0.0,0.836566591281615,24605500.0,8242842.705324292,7.467515232963285,0.3295199990272522,0.2654550001397729,-2.898547970379774,15.517247580745028,123.33333002196431,80.10752709708002,105.52147435560477,0
HK.02669,490,3.75,3.7799999713897705,-0.7936500427734288,0.7137038066727608,10292197.15,38595739.3125,2.9605273139465753,3.964800028800964,4.586849057674408,-11.137436340258809,-10.926366602824098,-25.0,-18.122269378433383,-25.538702818440466,0
HK.02670,157,312.6000061035156,316.79998779296875,-1.325751846997496,0.17978517013848827,35769.2,11181452.13831787,7.815235499381198,285.1399987792969,,-10.17241203921965,132.07127927674017,152.0967791157384,184.18182373046875,,0
HK.02671,107,4.070000171661377,4.059999942779541,0.24631105967429204,0.0375234521575985,7275.0,29609.251248836517,0.8723809473871306,3.786170258522034,,9.876065479650087,24.40512676143789,,-46.93412368997758,,1
HK.02675,101,41.15999984741211,42.779998779296875,-3.786813880576253,5.701954641604051,471174.45,19393540.290104486,8.001547763353086,53.14719985961914,,-19.766080975539314,-32.52459041407851,,-27.279150252572055,,0
HK.02676,121,182.6999969482422,172.60000610351562,5.851674674141764,0.7668750790987438,745890.4,136274173.80372316,9.638460648110318,163.77999969482423,,-6.928174168153096,47.338707216324345,,52.50416719047107,,1
HK.02677,80,23.020000457763672,21.719999313354492,5.985272493125159,0.6268806419257773,9777.5,225078.0544757843,7.3355838041122094,30.37419994354248,,-19.790941303773106,-60.683175477835626,,-66.09720185501027,,1
HK.02678,490,6.010000228881836,6.099999904632568,-1.4754045435702925,0.292673897733412,370336.7,2225723.6517633437,3.6289240801390843,6.737999982833863,5.530850002765655,-16.988944490620668,-4.754353670652426,33.25942181541518,24.430648526188133,81.90321964012878,0
HK.02680,490,7.699999809265137,8.180000305175781,-5.867976503704173,0.44917534214528015,53931.25,415270.6147134304,6.011930292135141,10.160599946975708,10.010049960613252,-24.509804379889626,-35.726209486751245,-35.779816878619926,-22.76830889634632,292.85712547969575,0
HK.02682,489,0.1599999964237213,0.16099999845027924,-0.6211192771326315,1.5246636771300448,144000.0,23039.99948501587,2.129143105130372,0.15249999850988388,0.15061183713376522,8.108104298461395,3.225803350434739,-0.6211192771326315,6.666660043928621,71.67882870894856,0
HK.02683,490,1.190000057220459,1.149999976158142,3.478267990573966,1.3769941225860622,124600.0,148274.0071296692,2.4678541785412333,1.188000009059906,1.050450101196766,-1.652890933552547,-3.2520293685164203,18.172799730281575,0.8474669590729236,147.78485427215008,2
HK.02685,128,15.15999984741211,17.799999237060547,-14.831457880918434,1.7025904068882414,11363341.7,172268258.43809164,18.92284713269934,17.64219997406006,,-9.869202601251638,-51.34788215131788,,-43.76854465049533,,0
HK.02687,121,135.5,130.39999389648438,3.911047808456318,0.6468964288894826,282610.0,38293655.0,5.318427932215099,133.1700003051758,,4.7950477973000325,-10.086262280060044,,-17.62917933130699,,2
HK.02688,490,52.20000076293945,50.45000076293945,3.468780918801391,1.2157203395085296,3985239.2,208029489.28049624,2.815742270331005,57.99558433532715,62.85186813354492,-10.157585627385059,-24.09972150130818,-19.565863460755555,-22.315744021443802,-12.180194447218334,1
HK.02689,490,6.429999828338623,6.289999961853027,2.2257530577846283,0.7896600006141529,16138330.3,103769461.05867201,5.5709693738936155,6.523999986648559,6.53730001449585,1.740500849517063,-22.99401754989087,11.826083971106488,7.5250803984923325,106.75241302992076,1
HK.02691,111,8.619999885559082,8.680000305175781,-0.6912490496218264,0.2395896494649383,3059725.0,26374829.149842262,5.4856592977953404,10.268400020599366,,-14.228858487924253,-21.707541268284604,,-15.157480167140813,,0
HK.02692,62,68.44999694824219,70.44999694824219,-2.8388929547709543,0.764893716853887,1999460.0,136863030.89813232,8.46722827746554,66.51704193115235,,2.0981500660654113,,,-5.594178663447089,,0
HK.02693,124,3.630000114440918,3.759999990463257,-3.4574435200017657,0.34843205574912894,13650.0,49549.50156211853,2.9110563716910267,3.8397079420089724,,-4.47368000022587,-18.838329072147538,,-14.717540422185401,,0
HK.02695,111,1.7899999618530273,1.7999999523162842,-0.5555550404536735,0.5284831846259437,271800.0,486521.98963165283,3.2573462125466004,1.802712800502777,,-1.3908547349419293,26.170701584888562,,-16.405419359464858,,0
HK.02696,487,56.95000076293945,55.29999923706055,2.9837279360631896,0.705073345077919,897562.8,51116202.144786075,6.194955818529152,72.63799987792969,69.87099975585937,-23.04053950954128,-11.015623807907104,-15.06338826117857,-2.8156958261872855,22.07931168308036,1
HK.02698,141,27.219999313354492,26.760000228881836,1.7189801215927614,0.7898624956812859,1879431.65,51158128.222496696,5.203383064639736,28.563588905334473,,2.701470163856091,1.581095752712775,-5.112770646759686,-10.865343459119101,,1
HK.02699,489,6.099999904632568,5.980000019073486,2.006687043082556,1.9915542919892257,36270.9,221252.48654093745,6.558328549208789,6.46904109954834,19.17738527059555,-14.38596625077097,-17.28813688633806,-17.28813688633806,16.190474373953684,-80.32258095279816,5
HK.02700,490,0.6000000238418579,0.6200000047683716,-3.225803350434739,5.0773592090602655,43201.5,25920.901030004025,4.383206884885999,0.5984000039100646,0.5450249974429607,-1.6393426604503258,5.263163398397555,7.1428609441737585,9.090911061310528,9.090911061310528,0
HK.02701,52,11.579999923706055,11.220000267028809,3.2085530134535225,0.47076634213870217,14780004.0,171152445.19237518,8.970347069345705,12.91999994277954,,-10.648148999837744,,,2.933332655164931,,1
HK.02706,75,67.5,56.0,20.535714285714285,5.827142157887929,1923714.55,129850732.125,9.927010188743546,56.575999908447265,,15.384615384615385,-22.27979138063757,,-27.105830332314518,,1
HK.02714,80,31.959999084472656,31.559999465942383,1.2674259356750892,0.7314996792131443,2773287.1,88634253.17697982,3.876641352124753,38.41200672149658,,-21.640431526911883,-18.235222070898534,,-20.132030945765784,,1
HK.02715,62,21.059999465942383,20.399999618530273,3.235293430165561,2.414731752166868,15093215.85,317863117.7403531,11.348397830166002,14.410200004577638,,40.306456660935304,,,63.25581464119296,,3
HK.02718,146,179.6999969482422,197.1999969482422,-8.874239488245586,1.093535138956131,190486.4,34230405.49868164,9.804642181393667,236.6439987182617,,-23.466782532949853,-28.690477401491194,-3.8523259408076527,-10.150001525878906,,0
HK.02720,78,21.760000228881836,22.0,-1.0909080505371094,1.4743950478334271,44175.0,961248.0101108551,3.723764568626208,24.425199966430664,,-11.544715888407701,-11.90283580261614,,-12.187249290074545,,0
HK.02722,490,2.700000047683716,2.5399999618530273,6.2992160721908945,0.806354219342543,22981882.0,62051082.49586153,6.7705878318934305,2.8972000074386597,2.3501447689533235,-24.581002647378646,-13.461533759002211,48.351646696163755,42.10526745075009,153.14298430136847,2
HK.02723,10,350.0,349.20001220703125,0.22909157073409805,,,,,,,,,,72.41379310344827,,1
HK.02726,47,109.5,109.0999984741211,0.366637517390789,0.9940002047711682,244660.5,26790324.75,7.357075343714962,,,-0.45454545454545453,,,6.310679611650485,,2
HK.02727,490,4.059999942779541,3.9800000190734863,2.0100483246901604,0.40612786392517564,76458191.4,310420252.70902723,6.861773969299392,4.145800023078919,4.205400030612946,-5.5814008676661615,-3.3333303057956836,2.0100483246901604,-1.694919363721445,50.92936269208427,1
HK.02728,489,0.024000000208616257,0.024000000208616257,0.0,,0.0,0.0,0.0,0.02424000024795532,0.02734000009484589,0.0,-17.241376209627486,-14.285716186372543,-4.000000596046439,9.090910630285256,0
HK.02729,51,27.81999969482422,26.81999969482422,3.728560817966684,0.971330426109521,503903.7,14018600.780220795,6.328983021006892,34.234000015258786,,-20.28653731090743,,,-9.381110737925209,,1
HK.02738,489,0.06400000303983688,0.06400000303983688,0.0,0.0,207500.0,13280.000630766153,8.08812558970438,0.1401000028848648,0.23914500027894975,-43.8596464856363,-75.38461331256035,-75.84905415295947,-77.93103279951207,-65.40540420808787,0
HK.02768,82,55.70000076293945,52.0,7.1153860825758715,0.9458989453226759,1073292.35,59782384.713857085,8.822475556572872,52.6615998840332,,9.001961695063393,17.510546349938423,,38.695221550228005,,2
HK.02772,490,0.03500000014901161,0.035999998450279236,-2.7777731786537547,0.4757605127303474,3137198.9,109801.96196747906,6.249278993481435,0.04174000024795532,0.06236000005155802,-18.604653580502003,-41.66666511446234,-51.38888658932687,-42.622951220133324,-57.3170741679837,0
HK.02777,490,0.29499998688697815,0.30000001192092896,-1.666674945089223,0.3405208283980714,3307509.7,975715.3181285531,6.225941752609835,0.3761999994516373,0.5507499980926513,-27.160497279342316,-39.795922215210226,-51.63934754607683,-43.269231210093544,-69.89796110760511,0
HK.02779,490,0.3799999952316284,0.41499999165534973,-8.433734247587214,2.8871779686111934,364750.0,138604.99826073647,3.3553601713149592,0.4663999992609024,0.5715499977767468,-13.636364252114102,-32.14285828325213,-32.14285828325213,-32.14285828325213,-35.59321828424083,0
HK.02788,131,19.729999542236328,18.719999313354492,5.395300565856971,0.5703278731161006,11401123.0,224944151.57098007,6.910842740325056,24.22941162109375,,-11.919643400731145,-15.034815003914694,39.29864823428541,-0.7633132279997022,,1
HK.02789,490,0.17299999296665192,0.1720000058412552,0.5813878438583611,0.1717967072297781,5336900.0,923283.6624637246,5.654250092186456,0.17875203371047974,0.15386313419789077,-1.1428594783861208,3.454005567705561,20.601079857449758,27.653765900736722,159.86660660475815,1
HK.02798,490,0.8399999737739563,0.8600000143051147,-2.3255860695907784,0.6627854903716973,542750.0,455909.9857658148,3.8413953798742724,0.9883999967575073,1.0338999938964843,-16.83168497965298,-28.205127813250186,-31.147544747941737,-27.586207073735576,11.999996503194172,0
HK.02799,490,0.6200000047683716,0.6100000143051147,1.6393426604503258,0.9588068202330147,165748814.1,102764265.53235193,6.256421666478626,0.7134000086784362,0.8915999987721444,-17.333332697550453,-23.45678976006923,-39.8058231077608,-27.058825014371727,-27.90697738890907,1
HK.02858,490,1.3799999952316284,1.3799999952316284,0.0,0.524291233585598,25979976.8,35852367.860117815,5.89725131389606,1.7653846430778504,2.2669154000282288,-21.31579040380285,-40.19999973138173,-32.35294014524834,-41.601562756174346,-23.7244915440068,0
HK.02863,490,0.5,0.5299999713897705,-5.660372265889812,2.1563342318059298,49200.0,24600.0,4.342663652410384,0.44519999861717224,0.3854500025510788,24.99999813735488,28.205132907664453,38.888883369940515,53.84615948919734,33.33333333333333,0
HK.02865,269,27.579999923706055,27.84000015258789,-0.9339088629913941,0.6307696314400858,7311097.65,201640072.62920752,8.813254492958421,33.78919982910156,26.967599983215333,-38.21684520429994,-21.64772918771117,61.570008299815996,25.363636016845703,-3.9024418448088154,0
HK.02866,490,0.9399999976158142,0.949999988079071,-1.0526305882884401,0.9208319084955623,17082690.5,16057729.029271692,2.7817673125809224,1.1005999970436096,1.1335900187492371,-16.814159151997856,-38.15789411768027,-15.315316621479901,-12.149537239587598,0.8544363599737161,0
HK.02869,490,4.510000228881836,4.570000171661377,-1.3129089830587173,0.7845970530219247,3925607.05,17704488.694000147,2.999699946778469,4.512800025939941,4.58085000038147,-6.625252585484169,5.128211398253287,-3.426120873622839,1.5765804225056395,12.984119649857739,0
HK.02877,490,8.34000015258789,8.4399995803833,-1.1848274024543104,0.5164190420069427,843512.55,7034894.795709801,2.5256041667293587,8.966671524047852,8.535091741085052,-10.418906802463328,-3.9346364935991383,5.154189688734785,2.335378412608289,16.81191477993722,0
HK.02878,490,0.36000001430511475,0.3499999940395355,2.857148695965302,0.16444363237712406,5181900.0,1865484.074127674,4.818557401941838,0.3892000007629395,0.44457499831914904,-19.10111908057222,-7.692300638503319,-18.181814487315386,-18.181814487315386,-13.25300685690411,1
HK.02880,490,0.8199999928474426,0.8199999928474426,0.0,1.5080455836189885,1923640.0,1577384.7862410545,2.560756738425298,0.8628000020980835,0.880050000846386,-7.8651678620858325,-20.38834799761952,-2.3809501846360366,3.7974646297370884,23.137248548737848,0
HK.02881,485,10.449999809265137,10.40999984741211,0.3842455565738668,0.4195804195804196,26250.0,274312.49499320984,2.419981978964949,8.350794038772584,6.119609882831574,15.169306764503371,92.28976854055976,112.27282985715932,105.03624934158023,55.09905884945703,2
HK.02882,489,0.46000000834465027,0.45500001311302185,1.0989000192372347,3.3149918314852793,30500.55,14030.253254516423,1.1835295181632717,0.49379999935626984,0.5816999964416028,-6.122449103716459,-20.689651451552983,-20.689651451552983,-7.999998331069946,-5.1546402521829435,1
HK.02883,490,7.690000057220459,7.646507740020752,0.5687866759367067,1.0558444586081808,8089760.35,62210257.554399796,2.940999111151363,8.44982928276062,7.771208848953247,-6.03361630090873,-27.854791245427034,6.5868652504300105,11.789850788811297,30.95632856154041,1
HK.02885,490,0.9399999976158142,0.9200000166893005,2.173910930837298,1.0174029451137885,148900.0,139965.99964499474,2.4155458358585893,0.8787123262882233,0.7477248701453209,8.401216770704846,18.725146840714157,49.03480613717197,24.661397144118506,89.87728986616493,1
HK.02886,490,1.059999942779541,1.059999942779541,0.0,0.6701522859018575,161757.4,171462.8347441673,2.3463639705459007,1.0862127614021302,1.0514257162809373,-4.193787929003672,1.794107865814254,3.6449001191250487,-1.716038052532851,14.009396111094977,0
HK.02888,490,198.89999389648438,202.60000610351562,-1.826264607880012,0.7275072266706845,1151695.2,229072168.25061035,2.320492969165935,191.5720001220703,174.37086158752442,-2.0197074401554804,12.07439923341242,23.06749782237984,3.95645270240633,62.59405366069907,0
HK.02889,167,219.8000030517578,219.1999969482422,0.27372541599865957,0.4234806781067133,883973.3,194297334.03767243,11.619935686624935,154.84399993896486,,52.53295887708871,-4.434781281844429,22.58784122179241,-2.311109754774306,,1
HK.02892,489,0.9300000071525574,0.9300000071525574,0.0,0.0,2100.0,1953.0000150203705,1.1431451722365118,0.6111000013351441,0.4225999991595745,50.0,165.71429228296097,204.918027981351,177.61193551845142,138.46154904224503,0
HK.02898,489,6.389999866485596,6.389999866485596,0.0,,0.0,0.0,0.0,6.3903998756408695,6.926149954795838,0.0,3.733766635888995,-12.104540808111084,-3.7650603166701484,20.793949197822883,0
HK.02899,490,30.639999389648438,31.12326431274414,-1.5527449763610404,1.1402638137866492,63671477.65,1950894036.3340142,4.091139043159051,35.03457916259766,34.16590662002564,-17.760843449544982,-28.112098733035,2.271080833909758,-15.890757670875047,79.03801382424228,0
HK.02950,17,0.7400000095367432,0.7400000095367432,0.0,,,,,,,,,,12.121209110876647,,0
HK.02951,15,2.0199999809265137,1.559999942779541,29.487183014081676,,,,,,,,,,-89.8288020199071,,1
HK.02958,10,0.699999988079071,0.5699999928474426,22.80701699349358,,,,,,,,,,29.629622271031803,,1
HK.02959,10,0.33000001311302185,0.33000001311302185,0.0,,,,,,,,,,-23.255812180500048,,0
HK.03200,80,162.60000610351562,165.0,-1.4545417554450757,0.6013714013389361,2768968.9,450234360.0404449,10.303302340886766,146.0263623046875,,16.208292502165243,43.954945563094675,,48.535329145755085,,0
HK.03268,61,23.059999465942383,23.899999618530273,-3.5146450460050103,0.5638276759341547,2191443.8,50534692.85764274,8.202919559081097,23.757599906921385,,-3.9166688919067383,,,-21.296928101026726,,0
HK.03277,36,97.80000305175781,93.75,4.320003255208333,0.5078109131164742,1719488.15,168165946.31746137,9.872223981827768,,,25.706939865663823,,,39.714290073939736,,1
HK.03288,239,31.760000228881836,31.200000762939453,1.794870039258369,1.5696452429233754,2955077.05,93853247.78436345,3.241686350629587,33.70419132232666,32.42033148765564,-4.565531368101064,-2.571380559126991,2.852749367801679,1.7734300204287794,,3
HK.03296,32,82.0,74.0999984741211,10.661270834759769,2.6976858665583685,2809125.05,230348254.1,9.503665612838837,,,3.7778146193812305,,,32.198776928991784,,1
HK.03300,490,0.4000000059604645,0.42500001192092896,-5.8823541786431095,0.9207355738744452,804400.0,321760.0047945976,4.7014783149101,0.46450000047683715,0.4651099988073111,-18.367347311149377,-24.52829668809585,-34.426230068842386,-27.27272776532763,66.66667287548397,0
HK.03301,490,0.07800000160932541,0.07999999821186066,-2.4999958090483205,0.4480589228172472,2088475.0,162901.05336103588,11.542601191806053,0.10268000021576881,0.1462150001898408,-33.33333121066077,-37.09677186766471,-51.24999790452416,-41.35338282684884,-61.38613916164447,0
HK.03302,490,0.4050000011920929,0.38499999046325684,5.194808110195212,0.16240772288472458,1614000.0,653670.0019240379,9.581297169364543,0.39280000150203703,0.3317750004678965,-5.813954777818146,28.57142992300783,39.655176843389306,12.499995860788722,213.95350583334286,1
HK.03303,490,0.5099999904632568,0.5099999904632568,0.0,0.006791318487794091,4544998.0,2317948.9366555214,4.530243496698891,0.49459999680519107,0.5339955788850784,-10.526316339839756,-12.068964631322139,-12.068964631322139,0.0,-16.971282616386905,0
HK.03306,490,19.510000228881836,19.5,0.051283225035056085,0.6988066496408344,1132389.3,22092915.502183344,3.519598710819536,20.98319995880127,19.392121305465697,-7.710497671843636,-4.595351493888198,2.076638068714122,3.610441653572108,38.90404299308457,1
HK.03309,490,1.0299999713897705,1.059999942779541,-2.830186132944906,1.2495845795945497,309000.0,318269.9911594391,3.4421951886224225,1.1999999928474425,1.5941499936580659,-16.260166226206117,-26.950354909736163,-39.766084888166354,-39.41176808829117,-38.73856665705232,0
HK.03310,10,33.0,30.860000610351562,6.934540982901355,,,,,,,,,,-17.293236245626723,,1
HK.03311,490,8.8100004196167,8.829999923706055,-0.22649495200631262,0.4618956296548221,19695180.1,173514544.94542646,2.9730810799272183,8.915199928283691,9.447440481185913,-7.941476483207757,-4.653672750572256,-5.268814635147287,-4.756752220360008,-15.647978801406543,0
HK.03313,490,0.07599999755620956,0.07699999958276749,-1.2987039376318668,0.13232406162692434,823242.5,62566.42798816785,6.194174208360447,0.10913999959826469,0.13719500008970498,-36.6666672875484,-33.91304680214932,-44.117651892677465,-52.5000004656613,-56.818182972713934,0
HK.03315,490,0.699999988079071,0.699999988079071,0.0,0.6412597297679559,514477.2,360134.03386695386,2.4778842612596885,0.7390934932231903,0.8381032225489616,-7.578876922969171,-9.80588689135942,-13.952746312491143,-10.879627310904601,-14.930556863431397,0
HK.03316,490,23.5,23.719999313354492,-0.9274844844984096,0.5351203734926598,254119.95,5971818.825,2.9879704146851456,24.302000007629395,23.96200216293335,-10.099462323223655,6.142731020071443,-2.5704843186610096,-0.9274844844984096,-0.7427875842767686,0
HK.03317,107,157.39999389648438,165.0,-4.606064305160984,0.4646710468955116,3156253.8,496794328.85575557,12.124668333811165,251.14999877929688,,-36.01626264370554,103.2278890878081,,222.5409761419605,,0
HK.03318,490,1.9500000476837158,1.840000033378601,5.978261538568189,3.2039302548432853,603122.55,1176089.0012591244,8.304960505139375,1.4304000043869018,1.725650005340576,62.499997516473236,12.068967643447483,10.7954578551133,8.33333885228207,24.203820543708236,1
HK.03319,490,2.1500000953674316,2.1600000858306885,-0.4629625030505988,0.409509532235484,3643673.0,7833897.297487736,4.797202380959938,2.099938640594482,2.334355292916298,-8.854190724321686,8.041130791861374,-8.965240288654082,-3.702472889285471,-18.13421162765574,0
HK.03320,490,4.71999979019165,4.75,-0.6315833643863076,1.1368192129791508,10391627.8,49048481.035749726,2.709748666590897,5.376199989318848,4.898952188491822,-9.923664191602642,5.12249511799437,-0.6315833643863076,4.656309327103507,-6.8650028763150654,0
HK.03321,490,1.350000023841858,1.4299999475479126,-5.59440046436605,0.3653620215312669,1929384.9,2604669.6610001205,14.258014683397974,0.8736999976634979,0.6045249961316586,98.52941318263643,193.4782607287225,221.42858714068066,206.8181888993122,114.28571969203132,0
HK.03322,490,0.18000000715255737,0.1860000044107437,-3.225804901023846,0.9542743538767395,210300.0,37854.001504182816,4.851478374140481,0.19784000009298325,0.211924998909235,-9.547735532694796,-16.27906783327278,-19.99999470180921,-18.181814487315386,-24.686187146868967,0
HK.03323,490,5.130000114440918,4.480000019073486,14.508930638394482,2.8940393020446065,55339724.8,283892794.5571289,6.042590194761528,5.09734601020813,5.248113486766815,-14.070346821968089,-16.257413417756833,-0.013559669842950399,3.2933920452761596,51.69371782635493,1
HK.03328,490,7.489999771118164,7.429999828338623,0.807536260642919,1.2683584639156118,28836106.25,215982429.21243906,1.89235076656823,7.2265999889373775,6.835512285232544,3.026131922542493,10.147052368078446,7.081284784428574,14.17682677516263,11.91319319711858,1
HK.03329,490,0.48500001430511475,0.5199999809265137,-6.730763058690403,0.3497268635361278,12920922.45,6266647.573085278,4.782729188567878,0.4329999977350235,0.44442499861121176,-1.020407170268328,32.876712776165455,21.250001769512867,36.619726468400344,79.62962778998018,0
HK.03330,490,13.829999923706055,13.890000343322754,-0.43196845308605636,0.5271994695191128,20161967.4,278840007.60376394,5.650541340839395,21.78261520385742,19.883080043792724,-39.308218267675514,-44.94388506383019,-9.732326187741968,-26.51407754120172,28.079212691793504,0
HK.03332,489,0.21799999475479126,0.21799999475479126,0.0,0.0,24900.0,5428.199869394302,1.120816447328752,0.2820599979162216,0.3660649991035461,-8.78661025257282,-49.30232764450903,-40.27397560030857,-42.63157960780771,-54.583333410943546,0
HK.03336,490,4.480000019073486,5.110000133514404,-12.328769040709108,1.7494655104884127,11970833.5,53629334.30832553,11.083879870914345,3.383000063896179,2.1858500134944916,10.617279212043705,107.40740004880958,150.2793360082389,121.78218125619209,314.8148000976191,0
HK.03337,490,0.9200000166893005,0.9300000071525574,-1.0752677834782465,0.8940685105492024,8873799.95,8163896.102097513,5.377006883608763,1.0087800645828247,1.0439583578705787,-9.366851991951258,-27.21884359027146,2.2033354555287494,20.08891458801593,-11.861353319675066,0
HK.03339,490,2.8299999237060547,2.799999952316284,1.0714275678809637,1.047451530312202,7368906.25,20854004.12529707,3.7813362858115935,2.9522301816940306,2.8551397919654846,-11.683485292101082,-6.231852974482878,2.986035230082846,2.6381114811616087,61.60043500499578,2
HK.03347,490,30.520000457763672,29.479999542236328,3.527818628481736,0.8683552751375777,2351577.35,71770141.79846668,5.735517673338443,38.03920009613037,43.89805016517639,-20.932638175554747,-29.54755154024127,-23.58537429354316,-28.086707244716163,-5.768722504317806,1
HK.03348,489,1.3300000429153442,1.3200000524520874,0.7575750049918888,0.0,9700.0,12901.00041627884,0.3049097357591961,1.2815999865531922,1.2165000003576278,0.7575750049918888,6.400003433227538,20.909092189851844,7.258067152130472,33.500635174632784,1
HK.03355,52,34.619998931884766,33.279998779296875,4.026442913878621,0.7674169871531176,389968.1,13500695.205469131,8.500731327921,43.22589637756348,,-31.492799003699062,,,-25.54196348666841,,1
HK.03360,490,7.320000171661377,7.429999828338623,-1.4804799356481606,0.9121914123388577,17693592.4,129517099.40530643,3.573822521337518,7.422599973678589,7.47515273809433,-5.1813423497559885,-5.426351574634628,-5.791503350962398,-8.3854770794696,25.07549185196411,0
HK.03363,489,0.30000001192092896,0.30000001192092896,0.0,0.0,46500.0,13950.000554323196,0.08333325054910776,0.3210000056028366,0.35427500486373903,-6.249994179233778,-15.492951834492505,-18.918916741977938,-16.666666666666664,-22.332740599163277,0
HK.03366,490,0.2409999966621399,0.23000000417232513,4.782605343595179,0.7883211678832117,55800.0,13447.799813747406,2.291650406225017,0.25592000007629395,0.26658499948680403,-13.92857298711124,-19.666670971446397,-28.05970428090334,-19.666670971446397,23.589746411265338,3
HK.03368,490,0.17000000178813934,0.17000000178813934,0.0,0.3028615967041532,668075.0,113572.75119461119,6.706943477829343,0.15194000124931337,0.1552764379605651,20.567374912151845,4.294478022844485,-1.7340990176172215,-2.8571401810159034,114.96454552177883,0
HK.03369,490,2.319999933242798,2.319999933242798,0.0,0.9851196894543887,584600.0,1356271.9609737396,1.8529932314014417,2.407400016784668,2.5676500117778778,-6.072878284614058,-17.43772311440172,-11.11111009613202,-14.705885704413383,10.792492951068965,0
HK.03377,490,0.05999999865889549,0.06199999898672104,-3.2258070330838233,1.1467791832564147,21803688.45,1308221.277758975,6.171292000587161,0.07046000018715859,0.10156000014394521,-23.076926383393687,-31.034482315661073,-43.39622701188347,-39.39394042019017,-42.307694787545266,0
HK.03378,110,26.65999984741211,27.0,-1.259259824399595,2.008410217786983,85180.0,2270898.7870025635,7.528537097640712,29.615599899291993,,-16.895267064466953,52.95467229277965,,56.27198524029631,,0
HK.03380,490,1.5199999809265137,1.4700000286102295,3.4013572342277603,0.17052809730659124,46135958.7,70126656.34402643,7.357029200238961,1.2981999897956848,1.3442999950051309,18.750001164153243,18.750001164153243,2.7027000903735274,-14.606741272038148,76.74418088872741,2
HK.03382,490,0.6800000071525574,0.6800000071525574,0.0,2.8308572138994217,1636300.0,1112684.0117037296,2.423603337782347,0.6950000023841858,0.6975,-6.849316522537741,-4.225348210765052,0.0,1.4925358528601556,8.53975234475595,0
HK.03383,490,0.19499999284744263,0.1899999976158142,2.6315764707211,0.897809237998125,3561908.25,694572.0832732469,5.0261400311777935,0.231839998960495,0.33063499972224236,-23.52941313966888,-27.77778329672615,-51.85185375963655,-29.090913228752107,-54.651165208409026,1
HK.03388,8,22.5,22.200000762939453,1.3513478682458597,,,,,,,,,,-1.3157861714877137,,2
HK.03389,490,0.23999999463558197,0.23999999463558197,0.0,0.19135814317204944,3971656.7,953197.5866943733,7.4333621413299,0.21311999917030333,0.16088000010699033,-2.439029265698055,25.654447688459314,90.47618315513634,72.66186842124446,133.00970326001237,0
HK.03390,490,0.25999999046325684,0.24899999797344208,4.417667702546728,4.493996569468267,841700.0,218841.99197292328,4.283893042083331,0.26755999982357026,0.2916199992597103,-3.7037110623015317,-13.333339956071377,-5.454550971669479,-10.344828294942289,-39.53488694454536,1
HK.03393,490,21.059999465942383,20.780000686645508,1.347443551706999,0.6000883310497663,7310250.6,153953873.73190498,6.489459079089779,26.462127075195312,19.317664322853087,-15.822259446481764,-21.429999686901375,70.63055623079026,19.3844516026908,196.8924451373381,1
HK.03395,489,0.24899999797344208,0.25,-0.40000081062316895,1.2666666666666666,127600.0,31772.39974141121,6.114379374326926,0.2691999959945679,0.30659499928355216,-4.230766497420036,-49.18367487199598,-0.40000081062316895,-11.07142967381039,189.53487153163573,0
HK.03396,490,16.31999969482422,15.289999961853027,6.736427308966217,0.7164994830789292,22569171.7,368328875.2564354,7.69561247989751,10.84399995803833,10.028300006389617,52.666046168722566,88.45265568568304,67.04195424940465,82.14285296140886,106.84410609620907,1
HK.03398,490,0.1080000028014183,0.10999999940395355,-1.8181787394294886,0.974086793630971,335900.0,36277.20094099641,14.792300172343584,0.08902000017464161,0.08298000030219554,11.340205789638624,56.52174711152321,52.11267502174047,83.05085109623296,-11.475408534566693,0
HK.03399,490,1.4700000286102295,1.4700000286102295,0.0,0.2240512117055327,218100.0,320607.00623989105,2.322734950607339,1.464000015258789,1.6515499997138976,0.6849308357518121,-10.909087887808596,-11.445779628410275,-11.445779628410275,-3.3530570755414595,0
HK.03600,490,5.889999866485596,5.78000020980835,1.9031081779302117,0.5780872982946349,662049.85,3899473.5281068087,2.943538207891816,5.881822118759155,5.455910696983337,1.0644133989400049,7.92235428606976,20.152115332257058,12.544727331834707,57.218067300504096,1
HK.03601,489,0.8399999737739563,0.8700000047683716,-3.4482794057458057,1.859557867360208,161700.0,135827.99575924873,2.925656949832046,0.8387999951839447,0.9341499975323677,-7.692313234582195,-4.545457008456409,-11.578949019519266,-6.6666671081825655,-17.64705985475166,0
HK.03603,490,0.07599999755620956,0.0820000022649765,-7.317078711020517,0.020289855072463767,7007250.0,532550.9828757495,7.613203680662939,0.07651999987661838,0.0567450001090765,-10.58823910963985,43.396223497458614,46.15383843874806,51.99999284744273,80.95237757343278,0
HK.03606,490,55.29999923706055,54.400001525878906,1.6544075109143113,1.296340320519118,2656521.45,146905634.15823498,3.4507222414015533,58.90623458862305,64.27199718475342,-11.681426270075459,-9.706250886412123,-13.703989749651283,-16.136671322088507,2.157111337977158,1
HK.03613,490,6.860000133514404,6.880000114440918,-0.2906973923522806,0.6052429546093627,1167521.8,8009199.703880978,1.9745054717694308,7.397200021743775,8.468100006580352,-9.139073374689536,-19.483570834044112,-22.660651386445718,-18.430436884902733,-19.019599035516524,0
HK.03616,490,0.23499999940395355,0.2199999988079071,6.818182126057051,0.39215686274509803,5100.0,1198.4999969601631,1.3952115517035943,0.21310000091791154,0.2712099987268448,14.634147050620408,4.444446946367871,-38.15789411768027,-6.000000238418579,-9.615381529345202,1
HK.03618,490,6.53000020980835,6.460000038146973,1.0835939821674714,1.0080109336671297,9958969.95,65032075.862975046,2.797539607902917,6.7031903648376465,6.079249651432037,-2.043927005917749,12.162187286666533,10.678209383690678,11.034091506133857,6.743747404365282,3
HK.03623,490,0.5400000214576721,0.5899999737739563,-8.47456856590309,8.03970223325062,113000.0,61020.00242471695,5.090735623178224,0.706000006198883,1.0342000004649163,-25.0,-32.49999832361939,-57.8124973806552,-51.35135004518676,-53.4482726727597,0
HK.03625,46,107.69999694824219,107.0,0.6542027553665304,0.7401736570463009,166038.1,17882302.86329193,5.072661489037969,,,-13.004851136218953,,,34.624996185302734,,2
HK.03626,490,1.8799999952316284,1.9299999475479126,-2.5906711748779943,0.4187654455126736,321300.0,604043.9984679222,10.58310316476954,2.0284000039100647,4.619050000309944,-4.081634763179803,-20.33897971189134,-51.295335587439,-41.61490749914536,-83.90411005042063,0
HK.03628,489,0.20000000298023224,0.20000000298023224,0.0,0.0,50600.0,10120.000150799751,0.4334860308787706,0.20151999831199646,0.2043199998140335,0.0,-1.4778282092789605,-3.846154397232281,0.0,81.81818551268462,0
HK.03633,490,2.680000066757202,2.700000047683716,-0.7407400212333817,0.6329881178231866,5138572.75,13771375.31303674,3.4607609435036415,2.7350000143051147,3.0183000016212462,-2.189778925938227,-22.318839718378598,-10.367891029792036,-2.898547970379774,-35.11269737236307,0
HK.03636,100,15.899999618530273,15.069999694824219,5.50763066034512,0.5614006509920502,339023.0,5390465.570672989,8.4773106992283,22.649599990844727,,-30.749127819943624,-60.91445550823339,,-57.93650809669511,,1
HK.03638,490,7.989999771118164,7.960000038146973,0.3768810656711393,0.19441069258809235,123850.0,989561.4716529846,3.387608382989979,8.543799991607665,12.655199995040894,-9.717520602058341,-31.1206938934098,-39.46969782901096,-42.51798568061405,-11.615046406699689,1
HK.03639,490,0.03999999910593033,0.03999999910593033,0.0,2.8866843649573846,802500.0,32099.99928250909,8.330014176325378,0.04176000006496906,0.05594500018283725,5.263158926673246,-24.52830268251129,-27.272728504228205,-24.52830268251129,-45.20547987149075,0
HK.03650,490,2.4000000953674316,2.4000000953674316,0.0,1.3558065736544238,667695.0,1602468.0636763573,3.9032168136450522,2.8664000129699705,4.086200015544891,-19.99999682108561,-25.233642777372907,-41.60583899263223,-33.518000966486866,-51.318454788339906,0
HK.03658,490,1.9600000381469727,1.9600000381469727,0.0,0.29500136574706365,163350.0,320166.006231308,1.3796879498086914,1.9778000044822692,1.9683055585622788,-1.9999980926513672,-1.0101000370632516,-0.5076137217272785,2.083337601895229,15.349645416591217,0
HK.03660,490,56.650001525878906,55.79999923706055,1.5233016136921655,0.25301050178261597,54540.45,3089716.575722122,3.622567285991246,53.35024772644043,76.89919149398804,8.110686786718972,-2.1487214493930114,-20.436129434048837,-25.03640291635239,-65.8696530312513,1
HK.03662,490,0.30000001192092896,0.2800000011920929,7.1428609441737585,1.1316381214648692,1291987.5,387596.2654016912,4.117031114159275,0.2976999980211258,0.4110499981045723,0.0,-24.050631956342844,-33.333328918174345,-31.03448039616946,-43.39622111030189,3
HK.03666,489,0.024000000208616257,0.024000000208616257,0.0,,0.0,0.0,0.0,0.02446000013500452,0.03320499993860722,0.0,-25.000002910382907,-36.84210268331689,-41.4634157422041,-7.692308794464562,0
HK.03668,490,37.5,38.29999923706055,-2.088770895552491,0.4810310573670981,2383536.85,89382631.875,3.9822193817412663,39.69439979553223,32.353020944595336,1.1872601468009916,6.230678257982862,40.42442591352336,44.30416259466823,40.366508742921276,0
HK.03669,490,0.75,0.7799999713897705,-3.8461503192516595,0.6806002605929199,4095776.1,3071832.075,5.355511735914993,1.0475999891757966,1.5593482920527457,-25.742573556263366,-47.91666873627231,-53.70370383997404,-56.14035185562152,-66.61151323103996,0
HK.03677,283,6.659999847412109,6.820000171661377,-2.346045751055911,0.691492602343368,3323105.7,22131883.454934314,3.8512859315062125,8.007200021743774,9.178099992275238,-19.174756888271727,-21.183431979375353,-26.000001695421005,-20.808561614165818,-27.608695809917776,0
HK.03678,490,2.2799999713897705,2.25,1.3333320617675781,0.40250506860677937,6021504.9,13729030.999723364,4.884410778299377,2.725400004386902,3.420500009059906,-22.972974932219852,-27.619050718669264,-30.061350366268712,-30.699088211976584,-27.688466639913777,1
HK.03680,490,2.1700000762939453,2.25,-3.5555521647135415,0.8489415066351973,668500.0,1450645.0510025024,3.8513337221106223,2.271200006008148,2.0363500076532364,-3.9822971039421664,14.814819720546932,3.8277591105275497,36.47798935468564,161.4457975816169,0
HK.03681,490,1.0499999523162842,1.1100000143051147,-5.405410920322552,0.5988345852018812,3761719.35,3949805.1381272436,6.067245864374744,1.4565999913215637,1.7152499949932098,-25.531916512575272,-45.876292714100494,-35.1851883194029,-24.46043430774779,-29.054058190241918,0
HK.03683,489,0.052000001072883606,0.05400000140070915,-3.703704214717449,0.0,202125.0,10510.500216856599,1.737966333692769,0.06496000140905381,0.07896000076085329,-18.75000218278718,-29.729729185494485,-44.68084802828304,-30.666667991214275,-53.982299134486475,0
HK.03686,490,0.7300000190734863,0.7200000286102295,1.3888875091517963,1.183431952662722,263000.0,191990.0050163269,0.8195429805506274,0.7487999975681305,0.7321000000834466,-6.410250532086098,-9.87654112039807,7.3529428522066915,-6.410250532086098,46.347256776393145,1
HK.03688,489,0.2750000059604645,0.2750000059604645,0.0,0.0,62175.0,17098.12537059188,2.9182329560225306,0.2984999990463257,0.3629249997437,-5.1724090091395505,-11.290321340173895,-33.73493699034886,-25.67567502259338,-17.910448026752697,0
HK.03689,490,1.8799999952316284,1.899999976158142,-1.0526305882884401,0.5192479856759177,11460.0,21544.79994535446,0.6990195456915377,2.0145999670028685,1.932849994301796,-9.178741262736247,-6.000000238418579,-3.5897461918134885,9.302323486045513,5.12530579867615,0
HK.03690,490,77.19999694824219,76.25,1.2458976370389345,0.6052893498217303,56852520.7,4389014424.539876,4.397456367910235,83.06599945068359,94.2402501296997,-8.476587617334165,2.0489033590211463,-21.3448846173608,-26.1950305215902,-44.057973225911454,1
HK.03692,490,28.559999465942383,28.780000686645508,-0.7644239591877771,0.6775321503813877,11737874.9,335233700.8752985,3.8591598798097793,35.46720001220703,36.75773072242737,-22.137406683956907,-14.1826907646726,-28.955226557428414,-21.624586876331257,11.719198770240604,0
HK.03696,107,33.400001525878906,35.7400016784668,-6.547286073569859,2.050371636988261,4169294.9,139254456.02183914,8.915427431113873,56.208600158691404,,-51.02638853308663,-38.376381815999984,,-11.12293800295025,,0
HK.03698,490,5.019999980926514,5.059999942779541,-0.7905130890387859,1.14677500600691,11801538.15,59243721.287903525,2.4882407990668263,4.947399959564209,3.8651999926567076,-1.9531231810105558,32.804233304817714,40.616248593781144,53.51681988402211,70.08871342789561,0
HK.03699,489,0.38999998569488525,0.38499999046325684,1.2987000923330156,0.46596286858390973,261400.0,101945.996260643,3.168471057792946,0.39300000309944155,0.3913885359466076,-16.129035979478314,1.2987000923330156,2.6315764707211,1.2987000923330156,7.649274803179078,1
HK.03700,490,1.3600000143051147,1.25,8.80000114440918,0.3132169848728065,17387637.65,23647187.45273215,10.984849157737594,0.8723999953269959,1.0092999988794327,54.54545700845641,86.30136695492452,37.373737495367095,24.77063969343309,1.4925358528601556,1
HK.03708,490,0.1979999989271164,0.19699999690055847,0.50761524989399,1.4486848657702929,1728175.0,342178.6481458694,6.749088235979878,0.2418199971318245,0.27856499992311,-22.35294014524834,-26.66666997803569,-57.87234054695378,-46.48648746610993,31.99999403953576,1
HK.03709,490,5.630000114440918,5.789999961853027,-2.7633825296417296,1.1052782625522466,455499.9,2564464.489127827,3.6946406575966,5.978605546951294,6.8794456744194035,-4.931085104436809,-11.287844686636014,-26.383124596748953,-21.956496190220733,-23.996479637087457,0
HK.03718,489,0.4099999964237213,0.4099999964237213,0.0,0.23730169310758564,1504400.0,616803.9946198463,1.9997600166473513,0.41169882416725156,0.3882781776785851,-2.216611690691765,8.923267990115502,2.4397401335610085,8.923267990115502,28.209313073181068,0
HK.03728,490,0.057999998331069946,0.057999998331069946,0.0,0.13729977116704806,880000.0,51039.99853134155,2.3369002361335496,0.06113999970257282,0.06465000001713633,-7.9365120663333455,-9.375006912159405,5.45454299154359,-6.451614066167647,87.09677186766471,0
HK.03737,490,0.7099999785423279,0.699999988079071,1.4285700905079517,1.6314583863578518,408350.0,289928.4912377596,4.834871852492991,0.8083999979496003,0.7221499991416931,-13.414636007878572,-6.578949019519266,26.78570991420018,18.333325054910777,-17.441864333454436,1
HK.03738,490,2.430000066757202,2.4600000381469727,-1.2195110131936575,0.9406411227992478,25798098.1,62689380.10520885,6.055916923134287,3.198000011444092,4.5360000038146975,-22.11537961893985,-44.393589693508275,-47.629307399146114,-43.48837304721331,-32.872924210551275,0
HK.03750,261,691.0,683.0,1.171303074670571,0.5897198400420703,4440229.65,3068198688.15,4.009679497799624,673.4189074707032,545.0859872436523,5.095057034220532,43.67839657700207,50.47608996817118,35.99879345430944,131.23726252485199,1
HK.03759,490,15.180000305175781,15.4399995803833,-1.683933175347049,1.2169514385392297,4642247.9,70469324.53870164,4.316550419990218,19.310999965667726,21.690799956321715,-22.708753681649128,-14.09167945878362,-29.526463974135147,-23.449317379831985,0.6626677878823083,0
HK.03768,490,0.6200000047683716,0.5899999737739563,5.084751242024469,0.9395017793594306,64750.0,40145.00030875206,3.028005835428686,0.6467999994754792,0.7064500024914742,-6.060609070941536,-10.144926534683554,-17.333332697550453,-18.421050980480732,1.6393426604503258,1
HK.03773,490,2.5399999618530273,2.700000047683716,-5.925929000184642,2.1203438395415475,138700.0,352297.9947090149,4.8540540547648545,2.3573999762535096,1.8117999976873398,8.547010898276671,59.7484219202037,46.82080542480816,54.87804780539693,77.62238146990728,0
HK.03778,490,2.799999952316284,2.5999999046325684,7.692309808449005,13.333333333333334,500.0,1399.999976158142,0.0,2.8786000061035155,3.039781246185303,-6.040270657889662,-9.677418114367397,-12.500002793967683,-12.500002793967683,-22.69197817558732,2
HK.03788,490,2.430000066757202,2.4100000858306885,0.8298746976857471,0.5338031212407478,3718291.95,9035449.686722768,5.531317570411938,3.5184000158309936,3.8087000012397767,-33.057851511074574,-41.0194142171086,-29.56521642981797,-35.02673634863987,60.92715775525907,1
HK.03789,490,0.19099999964237213,0.16899999976158142,13.017751427116833,1.0767729342875731,1245600.0,237909.59955453873,10.636937814585146,0.15107999995350838,0.09566000010818243,1.0582032274023687,37.410073099308626,208.064520586976,158.1081042984614,247.2727285042282,1
HK.03798,490,1.3799999952316284,1.3300000429153442,3.759394789693757,5.058626465661642,74800.0,103223.9996433258,3.1591727532092992,1.2938000106811522,1.2877999994158744,11.290321340173895,6.976746979846421,-11.538458599376382,2.985071705720311,22.123893898668097,2
HK.03800,490,0.7400000095367432,0.699999988079071,5.714288876981205,1.6101437888926595,256399395.1,189735554.81921518,4.877616096653297,0.8945999991893768,1.1225000008940698,-17.77777453999452,-33.33333333333333,-33.92857085837394,-33.33333333333333,-9.756095610793878,1
HK.03808,490,44.47999954223633,42.65999984741211,4.266290907956076,1.2583046002749403,10614771.1,472145013.6689434,5.412415792727214,40.46199966430664,31.975275382995605,15.532466343470983,16.745410298241254,63.770249602834674,60.34607032890901,137.63502690730235,2
HK.03813,490,0.39500001072883606,0.38499999046325684,2.597407925529181,0.4740788356945205,914615.0,361272.9348127544,2.866234245150213,0.39738125681877134,0.4503600549697876,5.0107740222031145,-7.1997812676464115,-12.298700255454664,-15.09767450024121,-12.023827508834124,1
HK.03816,490,2.0,2.049999952316284,-2.4390221209414906,0.3061886857156854,1390980.0,2781960.0,9.835403821660757,2.247000002861023,1.2206947883963586,-8.675801472882446,-11.801238709552607,331.6109464717475,313.99416499553763,579.6209411051041,0
HK.03818,490,0.3700000047683716,0.375,-1.3333320617675781,2.507462271179732,2896250.0,1071612.5138103962,2.8043985332649957,0.4155999970436096,0.4506408749520779,-13.953488694454535,-21.27659453046219,-19.145888023755667,-16.853930176305184,1.7857019879429372,0
HK.03822,489,1.2599999904632568,1.2799999713897705,-1.5624985448084445,0.0,90770.0,114370.19913434982,4.578354088018612,1.1063999795913697,1.0364700004458427,23.52941313966888,11.504424405327622,9.375003880510894,4.999995032946466,105.69030040449564,0
HK.03828,490,0.7900000214576721,0.7900000214576721,0.0,0.2975443627890303,248200.0,196078.00532579422,1.756386709471016,0.7777714335918426,0.8709305003285408,1.1585376417881355,-14.48453418011747,-11.755317367576227,-9.836954832154504,9.50496225821787,0
HK.03830,490,0.21199999749660492,0.21199999749660492,0.0,0.25059665871121717,388000.0,82255.99902868271,4.138674203627927,0.19360000044107437,0.11166000055149197,9.844556185136039,25.443785677920832,292.59257777319397,194.4444536426925,360.86955887946834,0
HK.03833,490,1.7300000190734863,1.7300000190734863,0.0,0.4131159159243882,5596200.0,9681426.106739044,5.4946202979216485,2.2149720048904418,2.258559659719467,-31.530218807315514,-33.574094930924765,-10.090184941487,-41.44031806241726,106.28467622258736,0
HK.03836,490,0.6800000071525574,0.699999988079071,-2.8571401810159034,0.3163316068241009,1703025.0,1158057.012180984,7.571811476243982,0.9522000002861023,1.2026999938488006,-26.08695708511005,-33.98057999603253,-24.444441648177083,-33.33333138546909,13.33333002196431,0
HK.03838,490,0.16599999368190765,0.16699999570846558,-0.598803624105261,0.6830410974258896,4456855.1,739837.9184411778,2.576297437207171,0.1694854447245598,0.17581761822104455,-8.084737411154647,0.8954915942998215,-2.4676917532931606,-3.0065429244681763,-0.1622308598370002,0
HK.03839,490,9.100000381469727,8.630000114440918,5.446121214324652,2.138533712165278,174430.05,1587313.5215397833,5.948803257587453,7.9797999286651615,7.3306499862670895,3.2917133716282443,55.29010536066667,45.36741291933104,25.690616977247487,386.63103520135564,1
HK.03848,490,11.199999809265137,11.199999809265137,0.0,7.010309278350515,19650.0,220079.99625205994,0.004452037228457471,11.19299654006958,11.253032193183898,0.08935902350572707,0.2680947522550405,0.17864716421617885,0.17864716421617885,-2.7658942588659707,0
HK.03858,190,86.80000305175781,80.80000305175781,7.425742293792487,0.7007975527529304,4024262.75,349306018.9810753,8.720351033437796,93.64000015258789,,3.5181927624568634,-24.39024325406694,182.36826186742834,78.01477858834447,,1
HK.03860,489,0.5799999833106995,0.5799999833106995,0.0,0.0,131250.0,76124.9978095293,1.763961252846729,0.5642000043392181,0.5969215694069863,5.454540134461573,-14.705885704413383,-10.769230063850333,-14.705885704413383,18.319996454334266,0
HK.03866,490,4.409999847412109,4.349999904632568,1.3793090596540836,0.6514667399193257,3244150.0,14306701.004981995,2.1897427175200943,4.395259141921997,4.078107349872589,-3.696461690186222,7.7522217595538745,18.224293719192183,21.00968672569359,19.44625706910163,1
HK.03868,490,1.0700000524520874,1.0700000524520874,0.0,0.892749576489764,9379168.2,10035710.465956949,4.149092489314755,1.1893801498413086,1.2043835961818694,-13.29010692320043,-13.29010692320043,-5.879005417104461,-3.402133140190929,19.85642564348572,0
HK.03869,489,3.4100000858306885,3.4100000858306885,0.0,,0.0,0.0,0.0,3.545400037765503,5.317900000810623,-1.4450853111279736,-28.059066445349835,-43.914471568740936,-42.20338930997381,-31.799998283386234,0
HK.03877,490,2.4000000953674316,2.3499999046325684,2.1276677771900165,1.2382856340773725,16133007.5,38719219.53856349,2.778216313482241,2.39699999332428,2.1449607294797897,1.26583169860671,-4.382465956723893,15.850034710138122,17.505038683407726,43.35190657054552,2
HK.03878,490,0.2329999953508377,0.23499999940395355,-0.851065556675996,0.22289384208537968,495300.0,115404.89769726992,3.510370642333166,0.2297399979829788,0.22157999858260155,-6.800001859664917,-12.075468706210264,-2.510459181478567,1.3043439669961312,29.444436717916727,0
HK.03880,232,20.0,20.079999923706055,-0.3984059960658085,0.8897753880842945,115415.0,2308300.0,3.6253113993271255,21.741399993896483,27.494650058746338,-7.918965781444361,-15.038236099609941,-29.47813974058983,-31.50685110466183,,0
HK.03881,112,19.899999618530273,20.139999389648438,-1.1916572909208687,0.4363403298837594,1836514.6,36546639.83942528,8.723550811865726,25.675999908447267,,-17.42738878198855,-12.334806388995927,,-11.555557250976562,,0
HK.03882,490,0.48500001430511475,0.47999998927116394,1.041671905356266,0.8163265306122449,224650.0,108955.25321364403,5.191209153952952,0.4963999980688095,0.6396999983489513,-2.020200074126503,-8.490558398834718,-29.71014261145572,-25.384610446952323,-54.24527919941736,1
HK.03883,490,0.05000000074505806,0.05000000074505806,0.0,0.5684594040375622,4624727.9,231236.3984456908,7.055862288886125,0.057879999727010724,0.08431500012055039,-15.25423653901086,-29.57746604502942,-48.453608999686615,-28.57142781116525,-54.95495486424908,0
HK.03886,490,0.210999995470047,0.21400000154972076,-1.4018719896956382,0.18365217391304348,716950.0,151276.4467522502,5.110845202631083,0.23429999887943267,0.25337999768555164,-9.829060754327354,-18.84615261173808,-15.600001811981201,-14.919355274812867,-9.349852693198537,0
HK.03887,114,2.9100000858306885,2.9800000190734863,-2.348991033381321,0.7594702900044389,1137094.15,3308944.0740975733,6.51411192748808,4.040600032806396,,-27.79156490492897,-53.51437732534278,,-55.023181140713916,,0
HK.03888,490,24.299999237060547,22.18000030517578,9.558155557779937,2.7049684619331704,25610568.05,622336784.0756873,4.5434288896048685,23.05460266113281,28.526970005035402,-1.4110078702818085,-0.8512959094557598,-17.509880854781187,-16.209494842524638,-26.465956864469398,1
HK.03889,490,0.0689999982714653,0.07100000232458115,-2.8169070248374015,4.064458370635631,400900.0,27662.09930703044,5.488673429268485,0.07966000035405159,0.08818500015884638,-13.750000232830647,-19.76744659514976,-16.86746879799958,-25.000002024614286,-33.00971049358578,0
HK.03893,490,1.1699999570846558,1.2300000190734863,-4.878053744586638,0.3306304783735933,344346.75,402885.6827222407,5.434520715887201,1.117399981021881,0.9274999912828207,12.5,10.37736040029132,13.592231998413013,15.841581003185132,993.4578958989567,0
HK.03896,490,5.940000057220459,5.920000076293945,0.33783751129669093,0.9793180523566397,80526436.35,478327036.5267596,6.385083414062084,7.7516000461578365,7.1170000243186955,-29.53736842009997,-5.564386434900053,-6.456690607396682,4.577468956682785,-3.571425253915793,1
HK.03898,490,42.34000015258789,39.619998931884766,6.8652228521747,1.0086855660876817,7987430.8,338187821.2907852,6.4069962733935535,38.725999908447264,39.839567222595214,13.451233919650535,3.67286972183067,12.966917475211847,10.83769452084657,33.405469777424116,1
HK.03899,490,8.380000114440918,8.40999984741211,-0.3567150239654618,0.9399410920276468,4145814.55,34741926.403450824,4.167518693886955,9.79354190826416,9.053373837471009,-17.9821408336804,-30.19897865846272,10.296273841957577,-9.317080364557624,43.76926869006694,0
HK.03900,490,8.260000228881836,8.430000305175781,-2.0166081867110974,1.5564626030005746,10535627.85,87024288.45241384,4.3608218092949835,9.343600025177002,9.47380000591278,-24.840760683278592,-17.89264528483435,-8.527126543291693,-1.4319795217220945,-10.233940856975432,0
HK.03903,489,0.1679999977350235,0.1679999977350235,0.0,,0.0,0.0,0.0,0.1679999977350235,0.1679999977350235,0.0,0.0,0.0,0.0,0.0,0
HK.03908,490,18.940000534057617,18.6299991607666,1.6639902697572608,0.820965996732661,13538556.8,256420273.02236938,3.604821056790549,19.728599967956544,20.327101039886475,-12.63837515013332,-1.8652783276366527,-0.10547759167043912,-6.144696493389685,30.71668241824444,1
HK.03913,490,0.1809999942779541,0.1770000010728836,2.259883153008237,2.050163446196691,1849941.8,334839.4552145481,6.763061340439101,0.18513999968767167,0.22188999943435192,-5.235604912639797,-16.203708526395925,-23.949583988389616,-17.351599571635838,-37.58620707373557,3
HK.03918,490,3.680000066757202,3.7300000190734863,-1.3404812884881412,0.8996360183496861,3211489.6,11818281.94239006,3.578385951566231,4.0640000009536745,4.786735876798629,-11.750599534094656,-11.111106631964285,-22.851151331820184,-23.492721194698166,0.16970073769103422,0
HK.03919,490,1.1200000047683716,1.1200000047683716,0.0,0.6754484933164969,327087.5,366338.00155967474,11.14696481524261,1.435200002193451,1.320750004053116,-37.43016599794028,-13.84615031925166,-11.111110059882801,-6.666669978035689,0.9009000301245093,0
HK.03928,490,21.239999771118164,22.059999465942383,-3.717133792728263,0.663890249877511,400625.0,8509274.908304214,7.877990631150203,18.767000045776367,11.082900003194808,22.774570565397696,34.090906354240396,117.84615149864783,145.26559059311495,1086.5921912719086,0
HK.03931,490,26.139999389648438,26.200000762939453,-0.22901286848773322,0.519198293656905,4955776.15,129543985.53623429,5.922015944221654,32.65240005493164,29.112099990844726,-20.401951071280592,1.8706139715146473,-6.173730018024649,0.5384591909555289,62.36024080927497,0
HK.03933,490,8.34000015258789,8.430000305175781,-1.0676174297720142,1.4564351322614273,6819873.75,56877748.11563015,3.93182335462154,9.522400074005127,12.31182683467865,-15.329950968555469,-33.54581652719845,-30.499998728434246,-28.900251678970935,-40.56101585187023,0
HK.03938,490,3.680000066757202,3.619999885559082,1.657463621407091,0.8496732026143791,113800.0,418784.0075969696,3.1589177259918744,3.54080002784729,2.1663000109791755,7.6023387328401375,17.197450439878466,253.84617324411587,148.64864995481324,2473.4264999737406,4
HK.03939,490,9.199999809265137,9.170000076293945,0.32715084756374174,1.0975813484905836,24486723.25,225277849.2295282,5.215119173066342,12.05419994354248,10.815811109542846,-24.651926449450222,-44.844126852861095,15.577886497181808,16.899618081907658,38.443075291032,1
HK.03958,490,5.489999771118164,5.5,-0.18182234330610794,0.5380868517982941,11670189.5,64069337.6839056,2.949392872646406,5.886599979400635,6.76292254447937,-9.256204991105609,-8.347245727968769,-18.545994695080314,-21.34670836509686,17.129896539716032,0
HK.03963,489,0.15800000727176666,0.15800000727176666,0.0,0.0,38211.0,6037.338277861476,0.8759125932261028,0.16172000110149384,0.17818499989807607,-3.0674816900841915,8.219184653355098,-10.227268109144234,21.538471590132772,-34.16666216527412,0
HK.03968,490,47.959999084472656,48.15999984741211,-0.4152839775189497,0.7473508511848108,13161744.0,631237230.1900635,1.606877402930727,48.436999740600584,48.49774377822876,1.0535187729567055,-0.5804365345184621,-4.942425656751713,-8.403911367248966,4.388208019419601,0
HK.03969,490,3.3399999141693115,3.380000114440918,-1.183437837789033,0.6071264254013438,3989295.4,13324246.29359603,2.504149996646206,3.5322000217437743,3.5250000154972074,-7.222222148636239,-8.99182984371695,-2.9069808542953393,-0.8902068963955921,11.001426563816306,0
HK.03978,490,3.299999952316284,3.2899999618530273,0.3039510814348016,0.5528361306496637,932267.25,3076481.8805460334,2.941272177460938,3.272428116798401,4.01588560461998,3.124996973201678,5.595696403360032,-30.034750094121364,-13.821140489280287,-32.77385546022642,2
HK.03983,490,2.200000047683716,2.1700000762939453,1.382487112212744,0.7824411548351622,7329576.3,16125068.209501432,3.2512603299930123,2.482322864532471,2.429806809425354,-13.056748434898434,-25.793656697423433,-2.097512796330419,-4.504949511382448,22.739107125363304,1
HK.03986,98,707.0,695.0,1.7266187050359711,0.689720018670491,2535133.15,1792339137.05,9.460675940188825,532.2972174072265,,33.64839319470699,104.72274033075743,,217.9267100431844,,1
HK.03988,490,5.389999866485596,5.360000133514404,0.55969649671485,1.7257630863057773,217000623.0,1169633328.997291,1.8187078277553264,5.140600004196167,4.604337844848633,4.255315027951696,18.201752941253975,17.221362991618577,18.984539003225123,21.33439128529248,3
HK.03989,490,0.08799999952316284,0.0860000029206276,2.3255773658299925,1.8852774569652972,3979400.0,350187.1981024742,6.024593659815896,0.09743999987840653,0.09059500005096197,-8.333334626836898,-20.720722172014707,22.222226821346243,18.918916741977938,15.789476780019736,3
HK.03990,490,2.9000000953674316,2.930000066757202,-1.0238897851962572,0.9711268244039525,877570.0,2544953.083691597,3.6475320672341645,3.256800012588501,4.050838415622711,-14.705881940452297,-32.55814030855133,-34.200395268848055,-29.26828871164761,-15.80237441324271,0
HK.03991,490,0.9200000166893005,0.9100000262260437,1.0989000192372347,0.6383271426606135,744400.0,684848.0124235153,1.739633764748521,1.0255999946594239,1.0795499935746193,-9.80391824580021,-19.99999689019238,-19.298243137387765,-18.584068975972155,6.976744347227267,1
HK.03993,490,16.600000381469727,16.940000534057617,-2.0070846627444046,0.8206620752590098,46818688.3,777190243.6399121,5.069720499265226,18.240287876129152,17.524196844100953,-14.454475059422581,-26.797047584378042,6.326249747262031,-16.19423428708275,179.72636689995997,0
HK.03996,490,1.190000057220459,1.2200000286102295,-2.459013990675489,0.640863146531635,51709137.75,61533876.881320596,2.8099762507811774,1.2903999924659728,1.2217500025033952,-10.526314374246708,-7.751930820906612,5.309740021417584,10.185186105009914,21.034817423121847,0
HK.03997,490,2.430000066757202,2.5,-2.799997329711914,1.8078308042030724,402722.5,978615.7018846273,9.922039847563466,1.614399996995926,0.9474500030279159,35.00000728501233,192.7710982673073,228.3783831676485,228.3783831676485,356.0703631490872,0
HK.03998,490,4.25,4.190000057220459,1.4319795217220945,1.009647060383019,24846552.8,105597849.4,3.1072699385340674,4.244199995994568,4.530968412160873,-1.162795081790876,-10.901467148968628,-15.716570232424695,-5.973450930660597,2.485082399519638,1
HK.03999,489,0.5600000023841858,0.5600000023841858,0.0,0.0,16950.0,9492.00004041195,2.117523738424965,0.5825999939441681,0.6043499991297722,-3.4482726727597,-5.084741139541855,-12.49999767169351,-5.084741139541855,-12.49999767169351,0
HK.06030,490,25.0,24.940000534057617,0.2405752392043802,0.7867602658109677,8425008.4,210625210.0,3.2742298061086013,25.887598876953124,27.277157526016236,-8.104959963834277,-3.943672438190745,-3.772413299951648,-10.747104857851935,31.227662252964468,1
HK.06031,149,21.799999237060547,21.440000534057617,1.6790983863599667,1.4794083315301458,6098985.75,132957884.69684315,4.3783242659588595,21.332533721923827,,-6.653126532116343,-7.125369656691899,-0.9448627685693316,-0.3173680629646236,,6
HK.06033,490,0.6000000238418579,0.5600000023841858,7.1428609441737585,0.40250447227191416,113550.0,68130.00270724297,4.799758040883207,0.5737999963760376,0.6346006816625596,3.448282949422888,-4.761900256640573,-4.761900256640573,-9.090909090909092,-5.092086696941418,1
HK.06036,490,1.4600000381469727,1.3899999856948853,5.035975048380533,0.4030576789437109,6190500.0,9038130.236148834,21.075367517726278,0.814300000667572,0.5372249986231327,78.04878669292857,224.44446151639252,239.53488694454538,243.52941110472366,231.81819228593974,1
HK.06038,490,0.36000001430511475,0.3700000047683716,-2.7027000903735274,3.5074626865671643,305500.0,109980.00437021255,1.882159402602774,0.38859999597072603,0.3025691952556372,-8.860758347611412,-5.2631529414422,72.63427926886652,4.4891709960192445,62.72903564329626,0
HK.06049,490,28.760000228881836,28.700000762939453,0.20905736706411734,0.7161419369532596,1097445.95,31562545.773185443,2.5315991340969446,29.439690132141113,31.589984340667726,-8.027132701667519,-5.686421167141033,-18.96577408862767,-5.803356490194124,4.312629006995234,2
HK.06051,490,0.08500000089406967,0.08399999886751175,1.190478619095182,0.46900518583032946,123259098.4,10477023.474202221,7.048381792361217,0.11980000033974647,0.14739500019699336,-30.327868902516663,-29.75206499615618,-47.53086380007572,-40.972219060324456,-8.60215174364812,1
HK.06055,490,21.799999237060547,22.31999969482422,-2.3297511867092666,1.474606398046716,2421821.7,52795711.21229668,4.017605652921885,28.673124885559083,35.96230385780334,-21.328701220018363,-43.44367450214553,-34.68095590300245,-38.189983789136775,-34.563837466324316,0
HK.06058,490,0.5400000214576721,0.5099999904632568,5.882359128509954,0.5342729242972647,1398576.55,755231.367010197,4.357231084773683,0.5534999984502792,0.5201499992609024,-19.402983879612854,22.72727826902692,11.340207325840764,13.684216470269359,47.945207492744565,2
HK.06060,490,10.550000190734863,10.319999694824219,2.228687041783504,1.140142247157025,8864996.9,93525718.98586397,3.3002877767436685,11.881000061035156,15.391650023460388,-12.08333174387614,-25.91291881807068,-30.683311395273748,-36.138015142869875,-45.22326030446077,1
HK.06063,490,0.6899999976158142,0.6899999976158142,0.0,0.2429684405123465,6826500.0,4710284.983724356,13.868998063889357,0.5348999989032746,0.3207499997317791,39.393937569493595,53.333336865460524,253.8461656024945,253.8461656024945,283.33331677648823,0
HK.06066,490,11.760000228881836,11.279999732971191,4.255323646042417,1.979272414519434,7806160.8,91800452.79468842,3.717508061909901,11.238999996185303,12.445161972045899,-1.093356692070443,2.2608715554942256,-0.5833062242791511,-10.434119372568013,34.121688534544894,1
HK.06068,490,0.06599999964237213,0.06700000166893005,-1.492540300967864,0.2292889313498021,716800.0,47308.799743652344,10.08390188768673,0.07126000046730041,0.09526500053703785,-5.7142866266017025,-15.384617588929125,-32.653059828087734,-7.042257068318358,-40.0,0
HK.06069,490,8.4399995803833,8.539999961853027,-1.1709646594427885,1.501022425635052,4536998.7,38292267.124199584,3.743876538224453,9.099400024414063,10.496150016784668,-5.698326701123258,-17.09234452486036,-20.226846491064396,-24.642859606110363,-23.460960941482362,0
HK.06078,490,8.970000267028809,9.180000305175781,-2.2875820388434236,1.0213598930026375,3298060.15,29583600.426177073,3.719812249441059,11.260000019073486,12.883300027847291,-25.062656082501988,-27.13241298729289,-27.951803980322598,-29.31441636219605,-41.44908325253247,0
HK.06080,490,0.1679999977350235,0.17000000178813934,-1.1764729600463935,0.1687051876845213,1401000.0,235367.99682676792,7.405798933604695,0.14925999984145163,0.13107000049203635,5.660379657233919,20.863308966897122,31.249991996447,48.67256695517118,48.67256695517118,0
HK.06082,105,54.5,57.20000076293945,-4.7202809911303625,1.3727114876601494,9207408.85,501803782.325,9.466009681061868,46.646600036621095,,-3.71024475394865,69.254654374812,,58.15438609386724,,0
HK.06083,490,0.800000011920929,0.8299999833106995,-3.6144544569876715,0.4535374043417148,3068500.0,2454800.0365793705,9.18081098102036,0.6836305463314056,0.5548257593810558,5.359433482902509,59.07209221264821,32.83915184993178,60.93973752901284,193.89830994665093,0
HK.06086,471,0.9599999785423279,0.9599999785423279,0.0,0.6270830561681807,812351.7,779857.6145688235,7.73323608652777,1.1707999980449677,2.638899992406368,-20.000004967053535,-53.39805799960325,-68.52459037537795,-56.950673976173974,-76.3546799982195,0
HK.06088,490,7.800000190734863,8.020000457763672,-2.7431453176020684,0.7380064696552697,89398481.8,697308175.0914072,8.470176341297607,8.337599992752075,6.128450001478195,-20.89249024007156,33.790742586777,69.5652250531492,52.641878413619736,280.48782303246804,0
HK.06090,172,34.18000030517578,34.0,0.5294126622817096,0.33357125385276454,2710758.75,92653734.90225792,8.188722721329396,41.52500015258789,,-15.186101855447962,-70.27826060419497,-64.3958330154419,-63.715497438969294,,1
HK.06093,489,0.800000011920929,0.8199999928474426,-2.439022085483674,0.0,11100.0,8880.000132322311,4.640747046584632,0.7180000030994416,0.7331500029563904,11.111108351636926,17.64705933914052,17.64705933914052,6.66666825612386,-39.393940899107136,0
HK.06098,490,5.480000019073486,5.380000114440918,1.8587342473125619,1.4270983038062288,7844521.65,42987978.79162238,2.635938219409173,5.6495849609375,5.834874637126923,-9.263427716564179,-5.066681932135903,-7.428943753004509,-1.9387342832800252,-6.361489326128879,1
HK.06099,490,14.84000015258789,14.84000015258789,0.0,0.6664755192373968,6742221.85,100054573.2827814,3.8046736198299556,14.081399993896484,14.999076461791992,5.248225185090594,10.33457518984678,2.6279399269601553,3.7762234590940746,28.28445111002729,0
HK.06100,490,2.3299999237060547,2.240000009536743,4.01785329402407,0.4975723331481259,519016.85,1209309.2209021568,4.472195880850087,2.394182176589966,3.1363044691085817,-0.5770112147735706,-16.875860726234134,-29.57538025705089,-36.458990428596785,-26.513443721890496,1
HK.06108,490,0.20100000500679016,0.20200000703334808,-0.49505049096004855,1.0662389130024532,87304.0,17548.10443711281,1.1207095928000188,0.20975999981164933,0.2810449980944395,-9.459458370988969,-5.63380025504072,-31.864402053753892,-30.689651451552987,-49.74999949708582,0
HK.06110,490,2.7699999809265137,2.7799999713897705,-0.3597118908694688,0.49475035297212316,15689198.35,43459079.13025229,3.98621476551735,2.8640000200271607,2.988335211277008,-6.418920769318751,-10.06493345644402,-15.07051432234795,-4.482762419511124,7.876425635212689,0
HK.06113,490,1.7300000190734863,1.75,-1.1428560529436385,0.5870841487279843,47700.0,82521.0009098053,11.876427730137298,1.7467999958992004,2.586049992442131,-18.009473692655387,2.976194826586312,-24.454146380264522,-13.499999046325684,-65.39999961853027,0
HK.06117,490,0.6499999761581421,0.6499999761581421,0.0,0.6896551724137931,23400.0,15209.999442100525,0.6776078253921625,0.6535582220554352,0.6889378213882447,-2.204174575913841,2.174742843629551,-6.223180984989435,2.174742843629551,-15.485086613295712,0
HK.06118,490,0.7699999809265137,0.7599999904632568,1.31578823536055,0.6202618883528601,73950.0,56941.498589515686,3.3439523999014007,0.7992000031471252,0.9531999993324279,-6.097562482568367,-1.2820501064172196,-18.085108204306717,-13.48314681990463,11.594200519873441,1
HK.06119,489,0.4399999976158142,0.4399999976158142,0.0,,0.0,0.0,0.0,0.4399999976158142,0.5278750017285347,0.0,-1.1235944521335182,-22.80701699349358,-22.80701699349358,61.03120966434849,0
HK.06123,490,1.4500000476837158,1.4500000476837158,0.0,0.8654353562005277,182900.0,265205.0087213516,2.309144693654149,1.425000011920929,1.214400011897087,-0.6849308357518121,2.112682500403171,31.818183295982895,34.25925833943453,42.15687007823402,0
HK.06127,490,16.229999542236328,15.90999984741211,2.011311740372325,0.3622648698750595,3540823.2,57467558.91513977,6.836196359447168,20.27919998168945,20.84435001850128,-23.94564467578917,-11.456630606712723,-2.4639414810746074,-18.687373313248198,14.692086601671022,1
HK.06128,490,0.05999999865889549,0.06199999898672104,-3.2258070330838233,0.3796192243197651,8017840.0,481070.38924723864,7.314782514602289,0.05494000002741814,0.1832700003311038,27.65957598585848,-1.639347566099932,-84.61538439495322,-71.83098648205831,-75.70850196933631,0
HK.06133,489,0.27000001072883606,0.27000001072883606,0.0,,0.0,0.0,0.0,0.2668800088763237,0.23475000202655794,0.0,12.033201024210616,12.97071927969655,54.285723043947954,-25.0,0
HK.06136,490,0.8299999833106995,0.8299999833106995,0.0,0.2018708955381464,2040600.0,1693697.9659438133,3.696112865868264,0.7722000074386597,0.5454249982535839,12.162158461362498,43.103449516149006,102.43902208548367,72.91666705471775,140.5797061387342,0
HK.06138,490,0.3199999928474426,0.3199999928474426,0.0,0.8652137311757553,2097900.0,671327.9849946499,3.3249714430812793,0.34920000076293944,0.3781750023365021,-13.513516561230885,-12.328771373571856,-14.666668574015299,-11.111116630059483,3.225803350434739,0
HK.06158,490,0.01600000075995922,0.01600000075995922,0.0,0.06588061447526398,3192000.0,51072.00242578983,7.8480391456095395,0.018480000384151936,0.030570000112056732,-11.111103062644071,-44.82758199878016,-55.55555153132203,-44.82758199878016,-58.9743578722021,0
HK.06160,490,159.6999969482422,163.10000610351562,-2.0846162035797438,0.877633496103198,6090473.1,972648535.4833511,3.59034367434176,180.09800048828126,191.44100028991699,-16.167980604597275,-10.482061428260339,-24.02473869323351,-13.441736071413448,6.112954782885175,0
HK.06162,490,0.2750000059604645,0.2800000011920929,-1.785712575121809,0.18900035829451808,8511200.0,2340580.0507307053,10.671605971629264,0.27297999829053876,0.2984449992328882,-16.666668171834402,51.09890744192661,-46.07842919552427,14.583338377997393,78.57143340946794,0
HK.06163,489,0.4449999928474426,0.4449999928474426,0.0,1.3353115727002967,66600.0,29636.99952363968,3.070667279316248,0.3442000013589859,0.29851500034332273,23.611104212425648,50.847461907831615,48.33332505491077,58.9285681974523,136.70213195993236,0
HK.06166,149,131.10000610351562,126.0,4.047623891679067,0.59218426462757,10688920.6,1401317555.899994,10.914268450385102,120.81235870361328,,-9.743896703578606,78.06624046653278,74.8674618952949,36.74599483623624,,1
HK.06168,234,16.399999618530273,16.790000915527344,-2.3228187953009476,2.212945993500727,1607710.0,26366443.386707306,6.602580637067885,17.94848436355591,31.027886052131652,-13.67644802870838,-19.55467447625025,-60.94887046648314,-39.966174814612906,,0
HK.06169,490,0.38499999046325684,0.3799999952316284,1.31578823536055,0.4930548484881713,3193198.95,1229381.5652972818,3.405199519146837,0.43730000019073484,0.5205249974131584,-12.50000169331378,-25.961537579812916,-27.358488444120756,-28.703708302827348,-25.961537579812916,1
HK.06178,490,7.260000228881836,7.239999771118164,0.276249425358517,1.3989475908544187,2235667.95,16230949.828703787,3.1994990266582404,7.850999956130981,9.171713254451753,-13.4684155923812,-11.999997225674717,-20.04404967088783,-20.742354259613474,4.532400990527266,1
HK.06181,477,456.3999938964844,473.0,-3.5095150324557345,0.854567908599874,1250536.85,570745010.7073288,5.033683698842737,567.2989892578125,650.0865447998046,-21.15400999464565,-31.60139642721211,-25.3734095215436,-24.893497154299407,-45.86627590337346,0
HK.06182,490,0.9100000262260437,0.9200000166893005,-1.086955465418649,0.12121212121212122,2022800.0,1840748.0530500412,11.609038631727968,0.8372000062465668,0.7021500045061111,16.66667430828807,22.972974932219852,35.82089605350539,22.972974932219852,219.2982588228208,0
HK.06185,490,22.959999084472656,22.799999237060547,0.7017537402020417,0.6907877445935935,1230414.6,28250318.08952179,4.745979891052674,29.88360008239746,38.574449968338016,-24.473686274399086,-28.025080379200045,-43.55949136619987,-34.32494369065859,-32.07100709251555,1
HK.06186,490,3.069999933242798,2.9809999465942383,2.9855749159016636,0.6723013970931783,31451933.4,96557433.43835692,2.900016313068014,3.223368730545044,3.730026839971542,-6.349377091072693,-13.436452073899577,-22.449121308748428,-20.52478585412361,-44.41131484278777,1
HK.06188,490,0.5799999833106995,0.6200000047683716,-6.451616314521787,0.21581880706747303,201525.0,116884.49663668871,11.605426642356427,0.42810000002384185,0.4760250000655651,73.13431906365554,52.6315764707211,39.759034933277626,43.209872000865374,73.13431906365554,0
HK.06189,489,0.07199999690055847,0.07199999690055847,0.0,,0.0,0.0,0.0,0.07199999690055847,0.07199999690055847,0.0,0.0,0.0,0.0,-48.571431004271204,0
HK.06190,490,2.299999952316284,2.299999952316284,0.0,1.2095032397408207,16120.0,37075.9992313385,0.6882289369621107,2.2889999675750734,2.2385999935865404,-2.5423705697709273,27.071824587147265,32.183904581048544,34.502918187572675,-42.41584504274147,0
HK.06193,489,0.27000001072883606,0.2750000059604645,-1.8181800448205245,2.1052631578947367,35300.0,9531.000378727913,1.477788879279593,0.2854600003361702,0.25604499846696854,-8.47456856590309,-11.475408394405292,12.500006984919466,-10.0,22.171950094730256,0
HK.06196,490,0.949999988079071,0.9700000286102295,-2.0618597877583125,0.4426860655652972,9432639.65,8961007.555054173,2.6045101153326624,1.0179999876022339,1.1650999921560288,-10.377354777211321,-12.03704163616068,-21.487606766200837,-17.391303671780953,-0.20904418509614134,0
HK.06198,490,7.440000057220459,7.289999961853027,2.057614487686547,1.5153975351364672,4105552.3,30545309.346921586,2.496502560414637,7.460599966049195,7.217360122203827,-2.1052611765768803,-0.7999992370605469,3.0470951997488744,6.437772544165764,19.99994923993728,1
HK.06199,489,1.0800000429153442,1.1200000047683716,-3.571425150243618,0.20057306590257878,34550.0,37314.00148272514,1.5424493876619256,1.0610000085830689,1.0607999926805496,-4.424774559935741,2.857151615376773,1.8868020014566025,-1.8181800448205245,10.617748136819195,0
HK.06600,107,76.80000305175781,80.0,-3.9999961853027344,0.7055632409066362,474852.8,36468696.48913574,7.835929514659965,103.12900039672851,,-32.63157627038788,-28.29131265551303,,-16.521735813306726,,0
HK.06601,490,2.2799999713897705,2.25,1.3333320617675781,0.3840921270764025,1029498.9,2347257.4625458005,2.237701178315287,2.363000011444092,2.3224102461338045,-5.394195427844103,-0.8695644061371431,3.636360089641049,1.785712575121809,-14.255114850737483,1
HK.06603,232,8.149999618530273,8.479999542236328,-3.8915087443392458,0.24676781780534573,4631032.95,37742916.77590113,8.887089536269935,10.125134868621826,18.431445651054382,-20.25440894729382,-27.179631994391073,-54.3039956641194,-48.02515963790371,,0
HK.06608,490,5.550000190734863,5.449999809265137,1.8348694489809594,0.5380989519196563,1441947.5,8002808.900029659,5.159670632868009,6.86579999923706,9.57940000295639,-20.600853040556675,-39.67390971958969,-39.67390971958969,-56.47058673933441,-29.8356473097703,1
HK.06609,490,44.31999969482422,44.099998474121094,0.4988689984473057,1.0198549840753541,75425.0,3342835.9769821167,4.771487734155,50.75299987792969,52.55379997253418,-14.35748851241697,3.891232661391606,-6.181206350324051,-18.827837118290972,54.15652067764945,1
HK.06610,490,1.0199999809265137,1.0399999618530273,-1.9230751596258298,0.2545162807425236,180030.0,183630.59656620026,6.260295058287155,1.1975999975204468,2.2952999943494796,-22.72727724277594,-33.33333333333333,-55.652173822904125,-28.16901325682895,-74.37185989853432,0
HK.06611,489,0.04600000008940697,0.04600000008940697,0.0,,0.0,0.0,0.0,0.04600000008940697,0.04600000008940697,0.0,0.0,0.0,0.0,0.0,0
HK.06613,226,25.200000762939453,25.079999923706055,0.47847224720272646,0.9303358955243852,37869929.05,954322240.9524629,8.775485989190686,20.690007286071776,24.519886054992675,24.842015824969465,7.661931610527256,12.05437547855286,-0.24215257945614999,,1
HK.06616,490,6.980000019073486,7.03000020980835,-0.7112402452720037,0.8413299514418769,1410800.05,9847384.375908876,4.86146285448653,7.756000003814697,7.252000007629395,-18.457947699656334,-18.457947699656334,-4.252399786031588,-29.06504155655153,78.06122151080498,0
HK.06618,490,36.97999954223633,36.439998626708984,1.4818906033974046,1.0517320178833627,12659028.05,468130851.49415684,4.208569496527864,44.89020011901855,57.19405010223389,-19.99134884126304,-28.81617132021787,-40.87929657347482,-34.37444446565601,-7.895396919472931,1
HK.06622,490,2.7200000286102295,2.430000066757202,11.934154480910276,3.984712402063826,765150.0,2081208.021891117,5.230965017305297,2.8454000091552736,3.2698000013828277,-6.20689864958077,-14.195584758780571,-11.111108513958785,-14.195584758780571,-0.7299263086460758,1
HK.06623,489,10.899999618530273,10.899999618530273,0.0,,0.0,0.0,0.0,10.899999618530273,10.899999618530273,0.0,0.0,0.0,0.0,0.0,0
HK.06626,490,1.7100000381469727,1.7300000190734863,-1.1560682489023788,0.6396396848813644,1546061.05,2643764.4544775486,2.188811749431735,1.7568000054359436,2.285706788897514,-6.557377155969979,-10.937496022476417,-32.14285511548825,-30.204081434053663,-37.33464880366989,0
HK.06628,490,1.350000023841858,1.399999976158142,-3.571425226269879,0.5937098742690907,912413.8,1231758.6517536403,9.006088340341561,2.1856000065803527,2.8111500030756,-33.49753483407065,-30.412371957551663,-48.473279282079766,-39.99999894036187,-16.66666544023365,0
HK.06633,490,2.5,2.5,0.0,0.034129692832764506,5425.0,13562.5,0.3381099155472602,2.694199981689453,2.9917999958992003,-0.3984059960658085,0.0,-28.160919933971755,-24.242423147756735,-5.66038075355743,0
HK.06636,47,96.0,92.5999984741211,3.671707971819356,0.8753456877124273,355801.6,34156953.599999994,7.088752244270877,,,-1.4879394496156961,,,-4.0,,1
HK.06639,489,1.8300000429153442,1.8300000429153442,0.0,,0.0,0.0,0.0,1.8300000429153442,1.9144500267505646,0.0,0.0,12.269941611582345,0.0,-20.434779093260953,0
HK.06651,107,136.5,144.0,-5.208333333333334,0.8708927701004313,15407635.65,2103142266.2250001,17.298352054764614,68.24199996948242,,167.64705882352942,184.375,,260.1582968454367,,0
HK.06655,490,13.489999771118164,13.899999618530273,-2.9496392709646777,1.0762061649061663,2107259.95,28426936.243186478,4.1389295564923865,15.73888427734375,16.213176522254944,-12.7496407048969,-22.901875748823002,-20.164395325843934,-25.94083576815187,67.17634018133623,0
HK.06656,37,381.20001220703125,392.20001220703125,-2.804691396642133,0.6584510001347784,314675.4,119954266.32125245,7.216175991555739,,,-28.0075519911178,,,-42.19863347884287,,0
HK.06657,471,13.380000114440918,11.300000190734863,18.407078660153438,1.4584949573312644,20695.0,276899.1023683548,4.8093745074482275,13.424400024414062,15.99985004901886,3.320465725938741,-18.90909021550959,-20.309711823379754,-27.909480067640995,-62.52100888375656,2
HK.06660,490,1.899999976158142,1.9500000476837158,-2.564106169380135,1.2012143594879658,707010.0,1343318.983143568,6.421618207020216,2.5720000052452088,3.4723500066995623,-34.02778122712051,-36.24161194640286,-41.71779197189059,-44.76744347227268,-49.60212239334816,0
HK.06661,489,4.99521017074585,5.00456428527832,-0.18691166701539313,0.0,175.0,874.1617798805237,0.0,4.958166799545288,4.811911854743958,1.328281999753927,-13.870959467110161,6.586830185649885,6.586830185649885,12.120123348334463,0
HK.06663,489,0.33000001311302185,0.3499999940395355,-5.714280362031807,0.09287925696594428,304500.0,100485.00399291515,2.906787974832285,0.30850000023841856,0.2866766048967838,-4.347821955569661,24.52831355733585,22.22222222222222,10.0,-8.505550128227343,0
HK.06666,490,1.149999976158142,1.149999976158142,0.0,0.5571025056361469,30001178.6,34501354.67471617,4.378461289119723,1.3085999989509582,1.1977499967813492,-26.28205010641722,3.603600120498037,-22.29729990962647,0.8771921569070334,57.53423919326993,0
HK.06667,490,6.920000076293945,6.909999847412109,0.14472111581277622,10.27027027027027,2240.0,15500.800170898438,0.07834102610096161,6.97571044921875,7.003016703128814,3.500067645974986,1.7181484108856695,-1.5311823748705469,-1.5311823748705469,-1.5311823748705469,1
HK.06668,490,1.3700000047683716,1.350000023841858,1.4814800424667633,0.19010343863572826,168000.0,230160.00080108643,1.5806635616568168,1.376599998474121,1.3677705550193786,-0.7246369925949435,-0.7246369925949435,0.7353022385227304,-0.7246369925949435,17.615309362613754,1
HK.06669,490,8.279999732971191,8.350000381469727,-0.838331081443783,1.0329060839962023,348440.9,2885090.5589562417,5.2145502543580635,10.30480001449585,12.281700000762939,-11.821092329787676,-28.31169180747537,-34.28571839451507,-39.694100444066336,5.076137217272785,0
HK.06676,305,0.6200000047683716,0.6399999856948853,-3.124997089616889,1.6370711656222408,6251921.85,3876191.5768114864,12.981576899634256,1.045999995470047,1.7674499997496604,-37.99999952316284,-53.383459792276476,-67.02127625846171,-63.52941250718587,-82.7777771890899,0
HK.06677,489,0.33500000834465027,0.33500000834465027,0.0,0.7100881488736532,98725.0,33072.8758238256,2.7263789978581587,0.3472986280918121,0.4198288385570049,-1.110846700604073,-16.5995079395935,-23.93142311279197,-16.5995079395935,-30.078377386984595,0
HK.06680,490,18.350000381469727,17.850000381469727,2.8011203883169395,0.539546295078127,6733142.15,123553161.0209899,5.334580383002887,19.754042892456056,20.652511863708497,-12.619045802525111,-18.78334805737607,3.7541555325822014,-3.6184198333158184,32.73660840583715,1
HK.06681,347,2.369999885559082,2.5299999713897705,-6.324114135969645,0.2323479374235469,51734810.1,122611494.01642084,9.538475292708606,3.5898000144958497,5.566299990415573,-37.95811709485583,-42.33577108104549,-61.211132016851785,-65.14706148408268,-66.47807881167057,0
HK.06682,490,28.600000381469727,27.600000381469727,3.6231883557196856,0.8380019322891308,7157716.8,204710703.21045226,6.374112386837559,36.01080001831055,46.69819997787476,-25.091670631567187,-21.643834571315818,-40.762218093232846,-36.47267860803037,-33.565619307029436,1
HK.06683,490,5.110000133514404,5.150000095367432,-0.7766982740254398,0.40242835597074794,5779079.75,29531098.29409039,4.815347136260982,5.773799991607666,7.527450003623962,-11.284723429492178,-11.130432460619055,-22.809664322481375,-14.548493023146774,-0.38986316725829795,0
HK.06686,490,16.65999984741211,16.09000015258789,3.542571096449249,0.05819995842860112,12062.5,200961.24815940857,3.2725641876121627,17.43399974822998,18.155799837112426,-4.142688999547307,-14.520266582556735,-7.392995778917616,-3.699418600420587,14.741904744639747,2
HK.06687,154,15.970000267028809,16.670000076293945,-4.199159004567683,0.5584739301691115,4640732.6,74112500.86120929,10.105468747224428,17.459999980926515,,5.065792548854634,-13.300758952863534,-37.372547972436045,-47.84454660573865,,0
HK.06690,490,20.719999313354492,20.600000381469727,0.5825190760321927,1.2177238140261961,24777831.4,513396649.59441334,2.7776427433254267,20.973800010681153,24.527909145355224,-3.71747735776914,-18.553463528368475,-20.368951003718376,-18.102767042763663,-4.461930092488563,1
HK.06693,307,27.059999465942383,27.1200008392334,-0.22124399496409342,0.6323864112252884,5996686.75,162270340.25242376,4.987975257771823,37.29870578765869,33.44012717247009,-33.773134675606194,-35.001315346154115,-2.3626851135098588,-10.891631192755629,-0.9162806257389953,0
HK.06696,489,2.940000057220459,2.940000057220459,0.0,,0.0,0.0,0.0,2.924600057601929,1.4641149599850178,0.0,-8.124999580904847,545.0650609859285,425.0000079827648,434.5454533632137,0
HK.06698,490,0.8199999928474426,0.8299999833106995,-1.2048181523292238,0.7376907909150661,138175.6,113303.9910116911,6.58941692720712,0.9671999990940094,1.2240500029921533,-16.32653297061272,-11.827958436463788,-31.66666997803569,-19.607842335193155,-64.03508758170673,0
HK.06699,490,71.3499984741211,70.05000305175781,1.8558106577136821,0.6289991223856234,675006.6,48161719.88002167,4.351135322102122,76.49572692871094,65.87128440856934,-11.738327939189965,4.572866434366682,21.932128873782077,25.435924646597336,36.56327640171037,1
HK.06805,490,3.309999942779541,3.3299999237060547,-0.6006000415836379,0.07017543859649122,189300.0,626582.9891681671,4.487474229334287,3.2509999799728395,2.5873045402765276,-9.065938258628737,29.296875654836203,49.099094600087746,35.10203585134164,91.14772170985297,0
HK.06806,490,2.569999933242798,2.549999952316284,0.784312992176598,1.044005950635685,10243980.5,26327029.201140523,3.0635658096884564,2.764399976730347,3.092975993156433,-12.286693696660455,-13.468016549299703,-16.013072506519503,-17.891378936839036,22.646143875640814,1
HK.06808,490,1.1100000143051147,1.2400000095367432,-10.48387050256521,2.018428093215281,26609524.6,29536572.686652303,7.137592252188721,1.3891993165016174,1.584525055885315,-20.52631237541901,-26.02449702587868,-30.17520473647675,-32.40169416922048,-44.00334535833335,0
HK.06809,79,360.3999938964844,347.3999938964844,3.742084118710043,0.6382469969867006,5125446.4,1847210851.276758,10.54048670123075,310.17999938964846,,-13.903490529964055,117.10843005812312,,105.94285365513394,,1
HK.06810,28,82.0,74.8499984741211,9.55244044306958,1.3808531703252704,334939.4,27465030.8,6.812482155036878,,,10.81081081081081,,,-3.3018902723963657,,1
HK.06811,490,1.059999942779541,1.0499999523162842,0.9523800873701953,0.18825270694302162,768713.3,814836.0540138722,2.363963368019367,1.0708608794212342,1.052069765329361,-5.283605167733176,-5.283605167733176,-0.16381268810670482,0.7437905571716268,20.345532137316074,1
HK.06812,489,0.28999999165534973,0.28999999165534973,0.0,0.0,20500.0,5944.9998289346695,0.33333349890178443,0.3019999980926514,0.23159000031650068,5.454540134461573,-3.3333399560713786,61.11110007321437,48.71794989358278,81.24999883584675,0
HK.06816,490,0.1899999976158142,0.19099999964237213,-0.5235612714294887,2.9411764705882355,3900.0,740.9999907016754,0.0,0.19165999859571456,0.21159999880939723,-1.041668768609959,-13.636364252114102,-17.030569504155732,-12.037040422503098,89.99999478459367,0
HK.06818,490,3.2300000190734863,3.2100000381469727,0.6230523579077277,0.8058975649739019,18599682.65,60076975.31426079,2.1993906517692148,3.140600018501282,3.3106389117240904,3.1948850152176558,-1.223240430774983,-11.194408675567415,-8.768028490424099,-5.77591549684669,1
HK.06820,490,0.3799999952316284,0.3799999952316284,0.0,0.1962347458146808,724515.0,275315.69654524326,5.588573987725829,0.44272042393684385,0.5069454111158848,-13.678554556898218,-20.584269117065897,-20.584269117065897,-15.515179351983843,-50.97794333400384,0
HK.06821,490,88.30000305175781,88.5,-0.2259852522510593,1.114474254928649,412960.25,36464391.33525467,5.842983826715989,95.9620004272461,88.11275020599365,-16.698110328530365,19.566695837780372,13.715391264132187,19.972832720649404,22.270081822167523,0
HK.06822,490,0.4000000059604645,0.4000000059604645,0.0,2.2018348623853212,35200.0,14080.00020980835,1.3935718734446416,0.39320000052452087,0.4079249992966652,6.66666825612386,-2.439022085483674,-3.6144544569876715,-2.439022085483674,11.111117549884744,0
HK.06823,490,11.819999694824219,11.930000305175781,-0.9220503565606716,0.9013964891340437,11180689.1,132155741.74992447,1.4720631373045527,12.014636402130128,11.510360884666444,-3.013413922245889,-0.9016040785705143,4.84812370591219,5.568730410554072,11.687485458025124,0
HK.06826,490,17.079999923706055,17.200000762939453,-0.6976792669216747,0.621567140171359,168080.5,2870814.9271764755,3.1804855771873397,20.341935768127442,24.17384066581726,-22.32420058845572,-27.226682111736807,-35.430221997123255,-26.927202190966685,-29.897881570616295,0
HK.06828,490,0.03200000151991844,0.03200000151991844,0.0,0.5352587244283995,8165200.0,261286.41241043806,4.226386396710486,0.03530000023543835,0.039900000188499686,-13.513510520219668,-33.333330746326205,-15.7894669766239,0.0,-13.513510520219668,0
HK.06829,490,2.2899999618530273,2.4800000190734863,-7.6612925709348145,0.6984126984126984,137800.0,315561.99474334717,6.75020041595832,2.448000011444092,2.2263000029325486,-8.400001525878906,-13.909778648075278,-8.764941412195993,-22.108846350906404,34.70587633060354,0
HK.06830,490,0.23000000417232513,0.23117399215698242,-0.5078373971497937,0.1934398654331371,233300.0,53659.000973403454,4.406978625648771,0.22903636634349822,0.24541891977190972,1.6644740963065427,0.34985505382633,-5.361121061061329,-8.701308226798746,1.6521946841074653,0
HK.06831,263,6.980000019073486,7.03000020980835,-0.7112402452720037,0.5688067167319888,1181218.25,8244903.40752995,4.29272780959788,8.108999967575073,7.119199991226196,-21.748879379230726,-0.8522719191002408,18.30508315676215,3.1019208085467813,20.988575443621798,0
HK.06833,490,0.17100000381469727,0.17000000178813934,0.5882364800231967,0.25029797377830754,338000.0,57798.001289367676,3.461034407220545,0.18318002492189409,0.19011700130999087,-11.985544775631176,1.4754848830866203,-6.752260922990115,-2.537672369541681,-8.240247161517441,2
HK.06838,489,0.26499998569488525,0.26499998569488525,0.0,1.7847025495750708,60900.0,16138.499128818512,0.19791625900715096,0.23820000022649765,0.2485549993813038,11.344529239145475,43.243233664702935,-3.6363709268489552,-1.8518610500991368,1.9230751596258298,0
HK.06839,490,0.09600000083446503,0.09600000083446503,0.0,0.1957952174610817,314600.0,30201.600262522697,2.372655200543721,0.11535999998450279,0.15861500039696694,-19.327732249931284,-31.4285711244661,-43.85964988720431,-33.79310096770199,-43.85964988720431,0
HK.06855,490,33.20000076293945,33.81999969482422,-1.8332316306308236,1.4363129673849624,2887650.2,95869988.84310228,5.426341329611621,43.66039970397949,57.367150192260745,-22.102295647637963,-21.808757704188277,-46.365105097680285,-34.77406725408506,-33.79860468038619,0
HK.06858,490,2.950000047683716,2.940000057220459,0.340135723422776,6.365591397849462,15325.0,45208.750730752945,2.856657138244257,2.957200036048889,3.2164999890327453,0.6825931901308381,-4.530740141565086,-12.202376792050954,-9.230767763577976,-12.979352318719073,1
HK.06860,490,0.15800000727176666,0.1589999943971634,-0.6289227425372592,0.8538613861386138,557050.0,88013.90405073762,1.8461802893571948,0.17594000101089477,0.19344499953091143,-12.707175543258483,-24.401912681622157,-19.796949361617603,-12.222221670327386,15.328477077336158,0
HK.06862,490,12.220000267028809,12.420000076293945,-1.6103044125327852,0.4955155402766573,21277667.95,260013108.0307503,3.70443420386775,13.847547607421875,14.037216348648071,-18.771481317553352,-25.60468550710232,-5.151590474179906,-12.85268003398131,-14.57466264135889,0
HK.06865,490,7.53000020980835,7.480000019073486,0.6684517460877838,0.6301133173122306,6360307.95,47893120.197945714,4.216340907558314,8.759983377456665,10.200072119235992,-15.336533894112355,-22.74671823292423,-27.89693372522369,-21.482863171879412,-7.815414780444829,1
HK.06866,489,0.32499998807907104,0.32499998807907104,0.0,0.0,9200.0,2989.9998903274536,1.6021920543205455,0.3284000039100647,0.3225750006735325,1.5624985448084445,-13.33333651224772,12.068964631322139,8.333325054910777,19.673956975410587,0
HK.06868,490,2.640000104904175,2.690000057220459,-1.8587342473125619,1.911764705882353,7450.0,19668.000781536102,1.2403708607304746,2.7741084623336794,2.780559991598129,-3.6607723764329783,-5.986209906249098,2.4962402646527857,0.9777815308804456,-11.748003484184206,0
HK.06869,490,255.39999389648438,234.1999969482422,9.052091043761777,1.271350914026348,19059830.35,4867880555.058028,9.409640437003604,223.18000061035156,104.96455007553101,-1.542020082543345,64.77418961063508,689.734052849245,387.4045543116051,1607.3260861873368,1
HK.06871,16,19.200000762939453,20.3799991607666,-5.789982563388694,,,,,,,,,,-64.27906834801962,,0
HK.06872,12,210.60000610351562,214.0,-1.588782194618867,,,,,,,,,,-0.18957056705420616,,0
HK.06877,489,0.10599999874830246,0.1120000034570694,-5.357146896041653,0.06878306878306878,741750.0,78625.49907155335,5.267829430238781,0.12616000071167946,0.16715000119060278,-6.194689740345943,-47.00000141561029,-32.48407948601816,-25.352116001548463,-75.63218432934978,0
HK.06878,489,0.03700000047683716,0.03700000047683716,0.0,,0.0,0.0,0.0,0.03700000047683716,0.03700000047683716,0.0,0.0,0.0,0.0,0.0,0
HK.06881,490,7.5,7.519999980926514,-0.26595719384628963,0.6847505690744159,18125603.6,135942027.0,3.090059422520902,8.267999982833862,10.06135360956192,-11.242601546848489,-18.91891891891892,-26.25368786886894,-28.092044289987207,2.6211833917556944,0
HK.06882,489,0.46000000834465027,0.4749999940395355,-3.1578917648653198,1.1833171677982541,103400.0,47564.00086283684,0.7154054321112856,0.45883573055267335,0.47583037480711937,-0.9230787598874474,2.1411537547052806,-4.733725108083899,-0.9230787598874474,-14.588856084550567,0
HK.06883,233,2.0299999713897705,2.0299999713897705,0.0,,0.0,0.0,0.0,2.0299999713897705,2.0454929357767107,0.0,0.0,0.42072164991009897,-3.3333303057956836,,0
HK.06885,490,0.9700000286102295,1.0,-2.999997138977051,1.369806663924311,240150.0,232945.5068707466,2.673394337978686,1.0627999877929688,1.1768499955534935,-9.345796162597452,-2.999997138977051,-34.45945837098897,-2.999997138977051,59.0163944037298,0
HK.06886,490,16.139999389648438,16.299999237060547,-0.9815942018471092,2.0262576586354237,9169718.0,147999242.9232483,3.1522535533063376,16.047999897003173,18.109845023155213,-3.985723364544941,-1.2844097059428434,-11.706790025234806,-18.029461900058227,26.309344307796863,0
HK.06887,205,34.0,35.279998779296875,-3.6281145793236482,1.8878872260762694,558624.65,18993238.1,4.828300791999931,41.043999938964845,44.95999996185303,-18.58237220649461,-18.111754274698075,-22.0898247581898,-23.835124406645367,,0
HK.06888,490,0.12099999934434891,0.12399999797344208,-2.4193537726796577,0.17114914425427874,82300.0,9958.299946039915,3.621312242923637,0.13702000051736832,0.14425000071525573,-9.02255778093254,-6.923074013382618,-10.370374417599177,-16.551722188908705,-30.85714205430477,0
HK.06889,490,2.9000000953674316,2.9100000858306885,-0.343642273824959,0.8583117043736751,118000.65,342201.89625341893,2.1861728733965258,3.1366199350357054,3.24689266204834,-9.115565033257468,-11.514276787185466,-8.856813906446872,-11.514276787185466,-5.789243483446231,0
HK.06890,490,0.41999998688697815,0.4300000071525574,-2.3255860695907784,0.024463951647719095,1391500.0,584429.9817532301,18.64505805687059,0.4919999986886978,0.3999999998509884,7.692308280124724,18.30985903668985,19.999998297010123,10.526313725600916,9.09090838719426,0
HK.06893,490,0.23999999463558197,0.22100000083446503,8.59728223048671,0.3964520583210466,8614000.0,2067359.953790903,17.74364021771663,0.1929599991440773,0.22752499997615813,96.72130486780014,9.589040257018498,4.347821861674596,-9.433959399563019,33.33332505491078,2
HK.06896,490,3.5299999713897705,3.5399999618530273,-0.28248560935074984,1.426382428352581,279098.25,985216.814514935,2.5863127699959345,3.5622000026702882,3.400400004386902,-0.8426958391001386,14.610391520472726,2.915449057909508,14.983714923442395,-27.150191941885055,0
HK.06898,489,0.6399999856948853,0.6399999856948853,0.0,0.0,15200.0,9727.999782562256,3.9510105563246785,0.692402856349945,0.7249504202604293,-4.203916646644872,-9.600869320039276,-13.265703086706365,-12.077560671040645,26.729051867071043,0
HK.06899,489,0.23000000417232513,0.23000000417232513,0.0,,0.0,0.0,0.0,0.23000000417232513,0.2321250008791685,0.0,-1.7093988247441299,-1.7093988247441299,4.545457008456409,21.05263529391835,0
HK.06908,490,0.4000000059604645,0.38999998569488525,2.5641078544558447,0.70547625946409,998237.5,399295.00594995916,4.861849121614727,0.44730000078678134,0.5001249980926513,-14.893615537231566,-6.976744347227267,-19.999998807907104,-14.893615537231566,-13.043478542555025,1
HK.06909,490,0.24799999594688416,0.2549999952316284,-2.745097810055187,0.20388111029231148,819950.0,203347.59667664766,8.428401653925574,0.29696580946445467,0.41070266321301463,-18.825897404857336,-33.858136475523295,-45.33172344989813,-37.70359469354192,-43.87941237762082,0
HK.06911,490,2.390000104904175,2.390000104904175,0.0,0.011481056257175661,25745.0,61530.55270075798,1.5581359255968894,2.8510000133514404,2.7851500058174135,-27.57575335034101,-4.399995803833008,-11.481479159435004,24.479174912752146,-21.63933959772297,0
HK.06913,490,0.1469999998807907,0.14900000393390656,-1.3422845639675332,0.01916320664324497,605900.0,89067.29992777109,7.03434278433708,0.18480000048875808,0.2628888466954231,-11.445779833898724,-43.461536433569705,-50.169489350821536,-49.31034341011542,-41.33357747438422,0
HK.06918,490,0.15399999916553497,0.15000000596046448,2.666662030750035,0.4607382680588441,5247300.0,808084.1956213117,4.523833534822918,0.1534200006723404,0.16929000049829482,5.479453033478419,-3.749998370185458,1.315792182517271,-8.875740010182167,30.50847307802172,1
HK.06919,490,3.890000104904175,3.9000000953674316,-0.25641000560833843,10.847457627118644,1365.0,5309.850143194199,1.1083715256764604,3.9544000482559203,4.384135131835937,-3.473947831651171,-12.584263558731232,-12.189610482151274,-2.261304365276431,-0.47702681345246845,0
HK.06922,490,4.28000020980835,4.449999809265137,-3.820215881871251,1.039954119671191,52520.0,224785.61101913452,3.244340100173173,5.342600002288818,5.937949993610382,-21.46788331015642,-24.381619696239557,-27.086877457396994,-36.96612321275604,-16.731511264907077,0
HK.06928,490,0.22499999403953552,0.22699999809265137,-0.8810590616390804,0.0692707331152588,382100.0,85972.49772250652,5.025289475903473,0.2237599992752075,0.2364399991184473,-18.181822122621057,5.63380025504072,-21.052632679679512,-11.76470656983444,124.99999068677438,0
HK.06929,490,4.090000152587891,4.099999904632568,-0.24389639700671864,1.1921929388363999,349175.0,1428125.8032798767,3.8714766880564118,4.033200006484986,4.06788881778717,-9.111107720269098,14.887646582222732,-0.9685220519283734,13.29640641109559,12.476483125220383,0
HK.06933,490,1.5299999713897705,1.2100000381469727,26.446274640854934,2.2814000859636336,2865350.0,4383985.418021679,16.705200771985613,0.8949999976158142,0.6037500004470349,62.76595481600141,232.60868339885633,330.98592045902626,112.49998758236617,919.9999403953576,2
HK.06936,374,31.040000915527344,31.3799991607666,-1.0834871074959957,0.32320034523580965,1704796.95,52916898.88878822,2.3409097189364148,33.826515731811526,35.6538311958313,-11.43751713548184,-9.450198972642374,-10.122478067850048,-10.53124229293441,-21.22526875011315,0
HK.06938,100,49.0,51.900001525878906,-5.587671369205795,0.9245475585293436,168873.45,8274799.050000001,6.082170208529488,60.3989998626709,,-19.672131147540984,-19.672131147540984,,-40.31668585786224,,0
HK.06939,490,2.200000047683716,2.2100000381469727,-0.4524882484455325,0.1636920114171739,2916200.0,6415640.139055252,9.887353111890405,1.8777999949455262,1.0523749972879886,35.80247167951539,100.0,209.85917101018038,197.29729990962647,411.62790955563634,0
HK.06955,490,4.840000152587891,4.849999904632568,-0.20618045858364417,0.5959138078019813,8648200.0,41857289.319610596,9.097547433793371,6.451800012588501,9.367000029087066,-25.652842051908593,-31.734837116734578,-53.63984341836351,-40.97560652234162,-59.05245112055928,0
HK.06958,490,0.09300000220537186,0.09600000083446503,-3.1249985448084896,1.6859555833593995,693300.0,64476.90152898431,4.913026518488704,0.10400000035762787,0.11620000030845404,-17.699111660007187,-24.390244197921092,-21.848739443184943,-16.96428630824142,-17.699111660007187,0
HK.06959,490,3.390000104904175,3.4000000953674316,-0.2941173583166078,1.4990751017388086,48750.0,165262.50511407852,3.1531300625308476,3.95060001373291,5.6392499899864195,-13.520407170268328,-39.35599262309905,-43.02520649453833,-47.031249150168165,-48.55842145052268,0
HK.06960,192,12.710000038146973,13.010000228881836,-2.305919949708158,0.48182412632292754,776440.0,9868552.429618835,5.508739958237296,13.495278377532959,,-10.276773720684725,3.138442341409779,-26.219541495401355,-16.685570790128594,,0
HK.06963,490,3.4600000381469727,3.490000009536743,-0.8595980317419155,0.5400680035489671,14806064.85,51228984.94580655,2.8815017977585033,3.606200008392334,3.8387000048160553,-3.6211665495936227,-6.486486660641765,-3.6211665495936227,-12.626262504632907,12.187220252663543,0
HK.06966,489,0.47999998927116394,0.47999998927116394,0.0,0.0,7000.0,3359.9999248981476,0.0,0.47670000612735747,0.4882500025629997,10.344824515020303,1.0526305882884401,-4.000002145767212,-4.000002145767212,-1.940755294980899,0
HK.06968,490,0.1860000044107437,0.1889999955892563,-1.5872969568910975,0.017376688249428864,20683950.0,3847214.7912316024,19.359968757555198,0.11990000084042549,0.08979000065475702,113.79311466991958,129.62963439909137,135.44303272191104,161.9718286211211,106.66666335529764,0
HK.06969,490,8.6899995803833,8.890000343322754,-2.249727280265776,0.6734416704234508,11612484.4,100912484.56320763,4.35497766956447,9.433191604614258,12.609383583068848,-12.43675968179386,-20.65314833834977,-27.400547404473713,-26.559866146069876,-53.553207353743545,0
HK.06978,490,0.6000000238418579,0.6700000166893005,-10.447759866236506,1.616248974076254,732367.5,439420.5174610019,8.260382092636426,1.8080000030994414,3.0073076251149176,-29.411763880904594,-74.4680830557025,-80.58252296090575,-79.02097741784166,-79.9999992052714,0
HK.06979,490,7.590000152587891,7.710000038146973,-1.5564187414442983,1.127227157033377,4559619.1,34607509.664742656,4.098529928196135,8.254400091171265,8.784750006198884,-10.915495953152654,-15.572854885135815,-10.600702506399951,-12.658221874699919,14.826021169116679,0
HK.06980,149,21.399999618530273,21.579999923706055,-0.8341070704919111,3.4616141086999277,61560.5,1317394.676516533,4.179158822790868,24.856399993896485,,-17.374517630419014,-19.970083015317066,-62.456141020122324,-32.36409598183606,,0
HK.06988,490,0.07100000232458115,0.0729999989271164,-2.7397214136017394,0.16583747927031509,3748850.0,266168.35871450603,8.725394024308773,0.10194000020623208,0.11397500045597553,-41.80327743708336,-28.282825546159547,-41.80327743708336,-36.0360347661538,-26.804123473783175,0
HK.06989,490,0.6200000047683716,0.6299999952316284,-1.5873000855468575,0.232527759634226,759250.0,470735.0036203861,4.970489280622548,0.7095999991893769,0.9043499961495399,-19.480516866721533,-20.512816985918324,-34.04255251692344,-24.390242661414284,-53.36173510435943,0
HK.06990,490,387.3999938964844,382.0,1.4136109676660669,0.9393120183178065,1010282.05,391383260.00372773,6.573396461970607,458.0240008544922,448.9460009765625,-13.757795331952025,10.244735522279178,-13.949359530818347,-3.2950604108628863,21.365908233493116,1
HK.06993,490,3.130000114440918,3.130000114440918,0.0,1.6734270097687267,2619398.15,8198716.509266328,3.7605273444937257,2.9586074638366697,2.903805516958237,2.2561565726254167,24.28057278128288,18.362447066452052,17.930458950802766,-16.341809328097415,0
HK.06996,490,3.369999885559082,3.4100000858306885,-1.1730263714014615,0.5654300570980857,1815599.65,6118570.612721109,9.285249447366674,4.8810000371932984,4.84985001206398,-32.60000228881836,17.01388026553206,-23.059365353709737,-13.810746506847766,-19.377989857513523,0
HK.06998,105,1.6100000143051147,1.6299999952316284,-1.226992698467561,0.38893462868434053,1465175.0,2358931.7709594965,6.178564147322126,2.644800000190735,,-42.9077995596358,-37.1093730354914,,-44.48275995311211,,0
HK.06999,489,0.11699999868869781,0.11699999868869781,0.0,,0.0,0.0,0.0,0.11699999868869781,0.11726499866694212,0.0,0.0,0.0,0.0,58.10810429846139,0
HK.07489,54,5.010000228881836,5.050000190734863,-0.7920784226189633,0.5497905255646077,4943890.15,24768890.783066656,4.173697672067354,5.852199993133545,,-12.717762566985655,,,-23.04147384427422,,0
HK.07618,118,13.0600004196167,13.359999656677246,-2.245503329115799,0.686473112808662,1506187.95,19670815.259021614,4.834048085368618,14.216999950408935,,-7.310147067542882,14.964795900677839,,-6.64760090576566,,0
HK.07630,19,36.70000076293945,37.13999938964844,-1.184702837748618,,,,,,,,,,-12.326803086897453,,0
HK.07666,19,12.9399995803833,13.140000343322754,-1.5220757816881325,,,,,,,,,,-45.630252121043874,,0
HK.07688,14,34.52000045776367,32.599998474121094,5.889576912608558,,,,,,,,,,-27.32631482576069,,1
HK.09600,490,0.18199999630451202,0.1860000044107437,-2.150541941600428,0.6874381800197824,331200.0,60278.39877605438,4.713692713777648,0.1994599986076355,0.2251699995994568,-8.08080944914245,-28.627451094972407,-15.348840336209001,-9.000003203749609,-28.627451094972407,0
HK.09606,282,174.39999389648438,178.5,-2.2969221868434873,1.0792643055766833,1140816.6,198958408.07700807,7.516275273367222,259.38000061035154,314.50599975585936,-33.18007896686422,-41.00135646295908,-46.371467604541,-41.16059463975821,-17.345974456642477,0
HK.09608,490,0.04800000041723251,0.04899999871850014,-2.0408129131033443,1.4360208584035299,1306500.0,62712.00054511428,4.045894980839903,0.050440000221133235,0.06949000017717481,-14.285716186372543,-5.882350363120852,-31.4285711244661,-25.000002910382907,-55.14018685081159,0
HK.09609,127,8.890000343322754,7.900000095367432,12.531648557015329,0.7773197610835366,368770.0,3278365.426607132,12.882867445902818,6.909399976730347,,37.40341007119908,-2.307692630151911,,1.0227289845135217,,2
HK.09611,91,25.31999969482422,25.219999313354492,0.3965122291528944,0.3961941375585397,1126946.0,28534272.376083374,7.456622737636389,23.89646697998047,,0.8030240211645032,4.379908126616123,,-19.357575884225543,,1
HK.09616,490,2.049999952316284,2.049999952316284,0.0,0.08107531470023469,187240.0,383841.99107170105,2.4073897741672394,2.322400002479553,2.4926611125469207,-12.39316121752833,-9.29203712535975,-18.326694816523602,-18.97233298424958,-30.164617045122377,0
HK.09618,490,114.0,113.5,0.4405286343612335,0.6556060488955671,13822653.35,1575782481.8999999,2.703079027447026,117.79533920288085,117.82044551849366,-3.79746835443038,14.055447487746575,1.878709432492624,-0.511146664649663,-11.162394926707321,1
HK.09626,490,139.60000610351562,143.8000030517578,-2.920721042495727,1.0334198155394192,5896561.35,823160000.4497542,4.454561101414269,166.8760009765625,201.97950065612793,-19.11935042470884,-34.21300277512938,-31.231524086938116,-30.09513858946285,-5.098572188176648,0
HK.09633,490,42.2599983215332,42.20000076293945,0.14217430689347424,0.5463462699458503,7855228.5,331961943.2252598,2.802779490675032,44.564350357055666,47.304792919158935,-5.29927031010111,-3.4448746066026694,-14.498773190466549,-10.124537437532314,12.99966849419865,2
HK.09636,490,26.920000076293945,26.639999389648438,1.0510536526299934,0.5969666268111867,3143574.2,84625017.70383568,5.459061844596811,31.172400093078615,48.66896821975708,-28.40425221074905,-20.40212797395809,-49.869646752644876,-46.05210570518155,-34.21692842088837,1
HK.09638,489,35.900001525878906,35.900001525878906,0.0,0.0,100.0,3590.0001525878906,0.0,38.10160018920899,30.91949998855591,-5.526311774002878,0.7860825446109153,49.08638554660627,29.50938822203933,45.63071640296709,0
HK.09639,408,1.100000023841858,1.1100000143051147,-0.9009000301245093,0.4170444242973708,264750.0,291225.0063121319,4.440111831757444,1.0616000020503997,1.1481999960541724,6.796121786065383,1.851850012202395,-12.698410145429659,-5.1724090091395505,-3.508768627628134,0
HK.09658,490,10.289999961853027,10.170000076293945,1.179939868818676,13.775794221346299,957266.25,9850269.67598319,5.961406274834601,11.031800117492676,13.091900043487549,-4.011196776723231,-22.515058970179652,-26.500000272478374,-22.456672141010984,-35.84788419873525,1
HK.09660,398,4.860000133514404,5.050000190734863,-3.7623772285998793,0.7185722152247905,207860632.85,1010202703.4033885,5.806402287997468,6.618000001907348,8.13845000743866,-29.2576387995253,-34.765097208857625,-35.88390260644981,-45.93993039768538,-31.741570061376713,0
HK.09663,490,2.930000066757202,3.0,-2.3333311080932617,0.27549668874172184,90775.0,265970.756059885,9.184660826366324,3.738000040054321,4.8495500063896175,-22.89473411779321,-38.95833436813616,-39.33747177973005,-40.32586236633992,-63.82716137322502,0
HK.09668,490,0.7699999809265137,0.7599999904632568,1.31578823536055,0.42916996412594927,4662737.0,3590307.4010653496,3.5545633984287712,0.8528000032901764,0.940649995803833,-16.304351417576594,-13.48314681990463,-20.618561008731774,-20.618561008731774,-14.444444297272478,1
HK.09669,490,3.5,3.5399999618530273,-1.1299424374029994,0.5335189233475013,647268.5,2265439.75,6.420496384061194,3.7270000076293943,6.210850009918213,-1.4084493799404276,-22.394682430697905,-49.2753630199244,-52.1857934710181,-50.07132830638603,0
HK.09676,490,4.929999828338623,5.03000020980835,-1.9880790715421606,0.165677160579555,497303.9,2451708.141632128,4.694268934364276,5.980600023269654,7.469750020503998,-18.106314884408572,-35.13158039207936,-36.95652531819276,-34.528556560769346,-19.861398968650327,0
HK.09677,489,2.8399999141693115,2.8399999141693115,0.0,0.0,1550.0,4401.999866962433,0.3284346936382693,2.7308000135421753,2.774600009918213,4.411760452090707,12.25296230376054,-4.69799006738605,6.367034944483298,-0.4241565958733091,0
HK.09678,232,176.0,181.0,-2.7624309392265194,2.3880656551847936,393559.3,69266436.8,8.241669998882672,288.7040002441406,425.55049987792967,-40.136054421768705,-34.572490706319705,-68.3737646001797,-57.934989826136594,,0
HK.09680,470,7.320000171661377,7.5,-2.3999977111816406,0.04231311706629055,7105.0,52008.60121965408,2.2836586888762067,8.299600009918214,9.59300000667572,-15.668203752290797,-15.862065147795953,-25.153370434320653,-22.866171251773444,-27.952753133890244,0
HK.09686,490,1.0099999904632568,1.0099999904632568,0.0,1.8993135011441649,47850.0,48328.49954366684,3.952910329270012,0.9387999939918518,0.9328499987721444,6.3157898039038525,20.23809785678011,0.9999990463256836,12.222224135457784,12.222224135457784,0
HK.09688,490,12.5600004196167,12.949999809265137,-3.011578342799748,1.086975619225649,11129881.7,139791318.82228422,4.513657987970767,15.51100004196167,17.772950048446656,-16.986118145308325,-8.25419426882819,-19.43553369669609,-7.511042045801368,-47.775464373978025,0
HK.09689,489,0.6800000071525574,0.6299999952316284,7.936509888789085,0.5386479935362241,380900.0,259012.0027244091,10.65382771508325,0.68299999833107,0.47942499920725823,21.428572188834753,23.63636225708263,122.95081678881058,54.54545700845641,142.8571443776695,1
HK.09690,490,13.149999618530273,13.199999809265137,-0.37878932922232267,0.7201539335160817,1226280.0,16125581.532211304,3.70172992788879,13.476999969482423,16.148350019454956,-3.2376786542848537,-5.531612453616282,-23.23409070183641,-18.068534307677574,-29.452789436071487,0
HK.09696,490,44.900001525878906,43.040000915527344,4.321562664466716,1.4534076273428853,6593140.65,296032025.24533427,5.323079530312005,54.10879981994629,48.60229990005493,-28.446212707762697,5.201502354333176,-1.8793636958015572,-14.231131165982838,83.26531235052614,1
HK.09698,490,33.7599983215332,32.400001525878906,4.197520776559299,0.5993543045047756,9381726.2,316727060.765084,4.539464502916621,40.021200027465824,37.57939991950989,-22.068332042101154,-10.640552111310809,11.936334523655487,-5.221787383846909,42.7484095817132,1
HK.09699,490,8.449999809265137,8.350000381469727,1.1975978829573268,1.9364114564385932,4366743.2,36898979.20710983,5.145154817594139,10.078400020599366,12.229500017166139,-18.671804330635847,-29.406853627726825,-25.812119801920424,-22.047973336533364,-43.44042806828283,1
HK.09857,490,2.2100000381469727,2.2799999713897705,-3.070172549174617,0.5373406193078324,22065.0,48763.65084171295,1.140689029159059,2.691800022125244,3.5737000024318695,-21.071425864891083,-30.721003181654776,-41.84210352950477,-41.84210352950477,-10.162601468425821,0
HK.09858,490,2.9700000286102295,3.069999933242798,-3.2573259546276234,0.7340890198704738,28433275.6,84446829.34548254,5.954399234765911,3.629399995803833,3.9414500069618223,-17.72852867267486,-31.090485660311607,-16.573031563271805,-40.59999942779541,11.235952949210951,0
HK.09860,490,3.5199999809265137,3.509999990463257,0.2849000139722797,0.701321150759353,184725.0,650231.9964766502,5.493487769360163,3.9698000001907348,5.337799999713898,-12.219456857536287,-27.42267937852288,-38.24561230326911,-16.981128043829436,-47.06767021885248,1
HK.09863,490,39.29999923706055,39.540000915527344,-0.6069845040710363,0.707613329620368,11483071.2,451284689.3991119,5.148908288734596,47.05739990234375,51.78334985733032,-20.44534813126944,2.718246108604815,-21.400001525878906,-20.70218291349728,-29.061375172160588,0
HK.09866,490,43.65999984741211,43.29999923706055,0.8314102002187505,0.7417233820007049,7815358.55,341218553.1004709,3.9724366696991322,47.669800186157225,45.89980016708374,-6.789069801059955,18.899777766881282,-3.917250953107682,5.663117545668814,55.37366282814457,1
HK.09868,490,61.29999923706055,62.0,-1.129033488612021,0.532353914487852,18529406.7,1135852616.5731845,4.53335096740596,64.96499946594238,76.19949993133545,-1.920001220703125,-3.3884972419648918,-24.646588338214677,-23.70877361397352,-19.711852701819975,0
HK.09869,490,1.4500000476837158,1.3600000143051147,6.617649443524906,1.426963212086606,1958778.0,2840228.1934018135,7.34779067006731,1.0637831103801727,0.9938330268859863,42.3936497500864,85.28331740114305,52.26252609456339,68.99466124186078,4.7303109780620956,3
HK.09876,490,2.930000066757202,2.950000047683716,-0.6779654441774425,0.8633093525179856,81600.0,239088.0054473877,2.3638244516924334,2.827400007247925,3.635615522861481,-0.6779654441774425,-5.483865906618977,-25.44529218863702,-17.927167463677062,-21.84565629544685,0
HK.09877,490,7.400000095367432,7.420000076293945,-0.26954151914918884,1.0782820590922937,127800.0,945720.0121879578,5.920723743588016,9.07460000038147,9.037899978160858,-19.913416897499207,-7.4999988079071045,-17.040358384817846,-19.30207160523666,-13.043479478968848,0
HK.09878,490,7.139999866485596,7.090000152587891,0.7052145673008892,0.37449481890095576,322521.25,2302801.6819387674,6.375604110867128,7.171200008392334,10.655850021839141,-1.3812141960485742,-11.85185765151706,-29.862478856160436,-30.06856180402675,-60.72607400092912,1
HK.09879,490,8.699999809265137,8.8100004196167,-1.2485880262460685,0.9712003363464369,475700.0,4138589.9092674255,3.731724279339068,8.349400024414063,7.490798351764679,8.614226724930093,12.694301110196763,17.88617444925632,9.987357485366946,46.98895835924776,0
HK.09880,490,116.69999694824219,117.69999694824219,-0.8496176940766986,1.0171596754877363,10537598.85,1229737753.6368003,7.180887114115733,107.73700012207031,118.45425010681153,2.819380571138491,7.656822237573289,4.663674393042321,-10.91603286393726,39.42652473500842,0
HK.09881,245,17.700000762939453,17.700000762939453,0.0,,0.0,0.0,0.0,17.98880069732666,15.914050135612488,0.0,-21.12299312972019,38.06553185867409,10.763462265171121,,0
HK.09882,490,1.0099999904632568,1.0199999809265137,-0.9803912402207475,0.30942334739803096,68200.0,68881.99934959412,2.0568801595152615,1.1187999904155732,0.743600001335144,-25.185187212887744,55.384619616898014,68.33332505491077,65.5737650455311,53.03029550446434,0
HK.09885,490,3.200000047683716,3.319999933242798,-3.6144544569876715,0.9230123682481068,2530205.75,8096658.520649612,6.882022704031981,4.487923769950867,6.508895857334137,-29.33556937582804,-25.68325003241931,-51.005996555687396,-38.529830527787716,-66.42542947259767,0
HK.09886,490,0.8799999952316284,0.8700000047683716,1.1494241848790827,0.19122206213452195,1466267.55,1290315.4370082915,6.388078120896293,0.961999990940094,0.9667499974370003,-10.204083866896262,22.22221670327385,-14.563104885891246,-16.190472838559504,83.33333643774199,3
HK.09887,214,54.849998474121094,57.75,-5.021647663859578,0.7570015399400745,713270.4,39122880.35163575,6.5196983079257445,74.56199981689453,63.89430000305176,-30.91939871532145,0.45787547067147477,8.078814727332205,8.613858364596224,,0
HK.09888,490,116.5999984741211,116.0,0.5172400638974947,0.6025751844126419,14116333.0,1645964406.2601852,3.5586592962640475,123.59399963378907,123.01324981689453,-17.24627145137839,-0.5967643302855214,4.293376825885348,-18.91516272628078,42.80464947347834,1
HK.09889,490,3.4200000762939453,3.4000000953674316,0.5882347166332156,0.03318750442185783,286150.05,978633.1928315163,2.3573608358553897,3.254471879005432,3.2599002170562743,0.45260155733703533,5.044717080835219,8.774114519126876,5.044717080835219,11.735476316738962,2
HK.09890,490,13.289999961853027,13.270000457763672,0.15071215824755055,0.38896547571170187,2319320.0,30823762.711524963,5.9311604282845165,14.784599990844727,15.86184998035431,-16.729323746317135,-23.267897251611885,-0.9687042749765667,-27.49590825330464,27.543184880473127,1
HK.09893,490,1.850000023841858,1.850000023841858,0.0,0.07450350399292217,1024725.0,1895741.2744313478,3.806232268339354,1.7757999968528748,1.2401203700900079,-2.6315764707211,5.714287076677595,98.92473221652175,94.7368470585578,343.5072133500346,0
HK.09896,490,26.0,25.5,1.9607843137254901,0.758341567759671,5885304.75,153017923.5,3.754295158753192,28.762515716552734,37.308271980285646,-8.963583731838531,-21.919594553183106,-30.12095700565256,-30.27043727888985,-22.95626643076412,1
HK.09898,490,60.0,59.95000076293945,0.08340156200874638,0.7311874487998052,156288.65,9377319.0,2.1818231420326706,65.42526084899902,79.25619760513305,-10.112359550561797,-20.680602133185406,-20.0519112803444,-26.329030539233816,-15.767989239648529,1
HK.09899,490,111.19999694824219,113.69999694824219,-2.1987687485497776,1.212927513510356,1477964.95,164349697.9296089,4.972569920004574,122.9440005493164,189.38700065612792,-13.798451978106833,-24.507810832041134,-42.97436053936298,-41.00795917865136,-47.34848553265204,0
HK.09900,490,6.150000095367432,6.170000076293945,-0.3241487954490724,0.3663302798095479,3005393.0,18483167.23661661,10.608721949990372,5.191000003814697,4.747268739342689,41.70506633969263,-0.16233364111005216,33.69565701890318,-0.16233364111005216,326.34316226669375,0
HK.09901,490,35.599998474121094,36.7599983215332,-3.1556036462945287,1.2818429936958144,5130382.65,182641614.51165736,2.998457700160975,41.39724197387695,42.279555835723876,-13.591190238849235,-13.296999616111998,-9.923511014873299,-21.227847161026535,-4.022787723861445,0
HK.09903,101,515.5,462.0,11.580086580086581,2.1713254853973063,1027110.3,529475359.65000004,10.384748640107036,426.68000061035156,,-3.283302063789869,99.96121970881636,,228.76274870341655,,2
HK.09906,489,1.559999942779541,1.559999942779541,0.0,,0.0,0.0,0.0,1.559999942779541,1.597549979686737,0.0,-3.703707519273088,-10.85714612688337,-10.85714612688337,3.9999961853027344,0
HK.09908,490,8.479999542236328,8.489999771118164,-0.1177883292277035,0.0447427293064877,67150.0,569431.9692611694,0.6817998199799867,8.338199939727783,8.22819317817688,6.801001021716689,-6.607933772149559,1.1933105779209376,3.6674721988790946,18.277588513248514,0
HK.09909,490,2.299999952316284,2.3399999141693115,-1.7094001418896263,1.6004672897196262,129575.0,298022.4938213825,2.621385782892001,2.4402000188827513,2.4500500071048736,-9.448819415007154,-6.882594102219406,-8.000001907348633,-5.737709082829153,5.504581737815471,0
HK.09911,490,8.170000076293945,7.099999904632568,15.070425155403584,4.169598196706143,16151995.45,131961804.05879945,5.532968743418772,8.824400024414063,10.424600021839142,-9.92281861976089,-5.98388411045722,-12.99254762963191,-31.171018070240404,-16.97154522761608,1
HK.09913,490,2.309999942779541,2.299999952316284,0.43478220306857157,1.063595620648098,310513.0,717285.0122323036,2.086928269497048,2.3087999629974365,2.4007000088691712,-0.4310340840949625,-7.2289183159758545,-7.600002288818359,-3.3472869712631805,-13.805974431387272,1
HK.09916,490,0.375,0.375,0.0,0.5394736842105263,148850.0,55818.75,2.6921555677233493,0.3548000007867813,0.3439499990642071,1.3513500451867637,10.294116486933829,19.047619948671883,15.38461961689801,0.0,0
HK.09918,489,0.9700000286102295,0.9700000286102295,0.0,0.0,47620.0,46191.40136241913,2.6540356603751896,0.948400000333786,1.027049990594387,2.1052674507500932,-15.65216967649397,-4.901956201103737,-5.825237324869397,-17.796604090879107,0
HK.09919,490,0.8299999833106995,0.8100000023841858,2.4691334404499927,0.1614098975204077,222722.5,184859.67128291726,3.7441684056328617,0.8574032533168793,0.9272632548213005,-1.8572091779873154,-10.690059030126536,-12.441232251149511,-16.532771302274053,14.187236843151856,1
HK.09922,490,1.440000057220459,1.4500000476837158,-0.6896544920278584,0.5432079377929865,3114238.55,4484503.690198159,3.7982875425134823,1.6885075306892394,1.9363905221223832,-15.124301385698333,-23.567429828377833,-18.89654794572789,-22.347762775795193,-38.75060440166669,0
HK.09923,490,6.03000020980835,5.949999809265137,1.3445445900458517,0.7258990524650304,441967.85,2665066.228228545,3.380048364779424,6.301800031661987,8.217300028800965,-4.588606866711418,-17.735330524265873,-25.46353404110348,-26.820383770592247,-35.71428426184236,1
HK.09926,490,89.44999694824219,92.25,-3.0352336604420733,1.1675716676146615,14706072.2,1315458113.4106293,6.735123452016636,126.54699951171875,123.79299976348877,-31.873575880282772,-10.14566126960785,-20.4888916015625,-21.050313734431626,6.742235907789575,0
HK.09927,144,59.900001525878906,61.04999923706055,-1.883698158154164,1.0020751113251916,1313849.9,78699611.01477584,4.473427019226555,74.18486885070801,,-15.988781259382925,-32.64100991645687,-44.92699570216351,-43.385772122197174,,0
HK.09928,490,0.5099999904632568,0.5099999904632568,0.0,0.5404927083041428,705662.05,359887.63877028227,3.525860811411162,0.5174381291866302,0.5021366450190544,-4.672893031381012,13.622200122620477,-7.798374474344227,4.153679988031866,10.064555217318318,0
HK.09929,490,1.409999966621399,1.4800000190734863,-4.7297332128352965,1.3777449324324325,9936000.0,14009759.66835022,10.957439806196275,1.2952000069618226,0.589435003772378,6.015031663510011,107.35293408681785,1282.3529343016555,134.9999850988394,2611.5383414033627,0
HK.09930,490,0.7699999809265137,0.8100000023841858,-4.938274239498084,3.5839112087648077,172610.45,132910.04320771695,3.516824881761739,0.8893999969959259,1.0632999911904335,-14.444444297272478,-17.20430376295656,-32.4561411764263,-28.703708302827348,-34.40475559398312,0
HK.09933,490,1.690000057220459,1.590000033378601,6.289309543558136,0.5336297943301834,183100.0,309439.01047706604,2.7751536093379583,1.6556000018119812,1.7981999987363815,2.424247372139546,1.1976108173510196,-9.625665619728615,-3.428568158830915,-1.7441843541136839,1
HK.09936,490,16.43000030517578,16.299999237060547,0.7975526024544652,0.3810966823698265,4160442.25,68356067.43716621,12.93731982771745,16.10239999771118,10.098949990272523,4.251269457890619,-15.657080640313009,159.5576698768178,169.34427150889337,371.5302855384932,1
HK.09938,490,0.22599999606609344,0.20000000298023224,12.999996349215563,2.225609756097561,182250.0,41188.49928304553,1.8848352660097267,0.21783999890089034,0.14716500025242568,-17.818185029936163,66.17645866472893,105.4545429915436,77.9527471287106,140.42553596228927,1
HK.09939,490,2.4200000762939453,2.490000009536743,-2.8112422881404373,0.4133267725909113,1535750.0,3716515.1171684265,5.806930011123704,2.724400019645691,2.477000007033348,-13.57142437477494,0.0,20.39801431721367,18.62745693856514,68.05555417581847,0
HK.09955,490,0.6000000238418579,0.6000000238418579,0.0,0.2456925867150306,343410.0,206046.00818753242,6.461902047119541,0.6891999971866608,1.009349997639656,-18.918916741977938,-18.918916741977938,-44.95412793868662,-39.99999761581421,-42.85713799145735,0
HK.09958,490,0.13699999451637268,0.1340000033378601,2.238799331182525,0.3774578515724829,5831500.0,798915.4680222273,11.337841147269415,0.16639999985694887,0.21583000048995019,-10.45751824954011,-18.452383117019618,-14.37500151339922,-9.271522655983093,42.70832638075167,1
HK.09959,490,2.0799999237060547,2.109999895095825,-1.4217996626207445,0.675992740472943,4005934.85,8332344.182371425,5.878794358406645,2.167799985408783,2.479599992632866,-15.102045582712027,7.216487750324138,-12.236285901111614,-10.729614085238023,73.3176348912279,0
HK.09960,490,1.0199999809265137,0.9549999237060547,6.806289257931475,2.920860617399439,743675.0,758548.485815525,4.221697451635938,1.0214218533039092,1.1462340122461319,-3.3218912634259774,-3.3218912634259774,-10.994758951723771,-4.148206549872926,-10.738628000140626,3
HK.09961,490,368.3999938964844,372.0,-0.9677435762138777,0.6092915102756741,2262794.2,833613369.4690003,2.3242494267434557,396.53600036621094,490.42099990844724,-7.946031319483346,-5.780052711896579,-32.02952142131284,-36.80960653576597,-25.425102450104376,0
HK.09963,490,9.09000015258789,8.170000076293945,11.260710742995164,1.6710914454277286,599550.0,5449909.59148407,10.641098573800791,5.358600006103516,2.019025001823902,24.350208259119707,494.1176681415895,2172.500004284084,568.3823571305167,2356.756766335297,1
HK.09966,490,6.559999942779541,6.650000095367432,-1.3533857337925024,0.8327794917964213,2375215.0,15581410.264089108,6.748846241431621,9.438800039291381,10.156399991512298,-33.870968827347845,-17.276165387333993,-33.40101838858286,-31.52400840268709,-26.539756790630797,0
HK.09968,490,0.04600000008940697,0.04600000008940697,0.0,0.5656625907147828,4137400.0,190320.4003699124,8.697198175256105,0.032340000495314596,0.024630000051110983,48.387099487724505,83.99999761581425,130.00000558793556,119.04762242656722,283.3333307463262,0
HK.09969,490,10.020000457763672,10.050000190734863,-0.2985048000182954,1.112793881290198,8161579.7,81779032.3300747,4.515012205286776,13.249200057983398,14.113450045585632,-27.127269398082387,-10.375669192737744,-30.80109962340401,-19.839996337890625,-11.012431135992092,0
HK.09973,170,26.860000610351562,26.899999618530273,-0.14869519979902643,0.4195759305625761,2659876.85,71444293.81446,3.489004258780927,28.508342933654784,,-7.769066510599135,7.555244892827978,-7.462446474611796,-7.830144432237199,,0
HK.09978,490,0.2460000067949295,0.24899999797344208,-1.2048157441481375,0.3892692993152612,4329200.0,1064983.2294166088,21.27167608120252,0.10344000063836574,0.08952500028535723,200.0,227.9999960263572,164.5161300659841,203.70371119857214,339.2857128602206,0
HK.09979,490,1.8700000047683716,1.9700000286102295,-5.076143268505668,2.8428096480863694,5048339.6,9440395.076072358,3.9074611761679865,2.1743999886512757,2.7379162245988846,-17.62114447220743,-30.99631075846667,-40.141097564912506,-33.21428440663277,-22.48567980882693,0
HK.09980,83,128.8000030517578,131.6999969482422,-2.20196960036686,0.6306614756692587,426344.8,54913211.541101076,6.224156605914001,154.75046295166015,,-23.104475789995334,-25.57344610451308,,-32.31262784545728,,0
HK.09981,75,13.050000190734863,12.949999809265137,0.772203729286396,0.4807274733975551,3270674.0,42682296.32383156,5.122042458451265,16.990999965667726,,-20.134638501407633,-31.67539303614046,,-36.895551266173264,,1
HK.09982,490,0.10599999874830246,0.10499999672174454,0.9523829121709212,0.31583402016762685,10351846.4,1097295.7054426193,8.660553532950562,0.09540000014007091,0.10698999965563416,-21.481485528710287,7.070706386539887,-3.636364252114102,-34.56790219981611,-3.636364252114102,1
HK.09983,490,0.42500001192092896,0.4099999964237213,3.6585403970846935,0.15132605713166344,788397.4,335068.9043984294,7.417593609130645,0.3833000010251999,0.6615676449239254,16.438356388082727,-16.666662770938174,-53.2967033326921,-29.166667494508925,-63.271124011261925,1
HK.09985,490,7.880000114440918,7.920000076293945,-0.5050500185316258,0.8299898222235285,3957073.45,31181739.23885112,4.011560195819352,9.000200052261352,11.265744168758392,-15.086203219986876,-29.83080645013362,-28.623187122563305,-29.136688889050884,-40.76505097582206,0
HK.09986,489,1.8799999952316284,1.8799999952316284,0.0,,0.0,0.0,0.0,1.8799999952316284,2.0056999933719637,0.0,0.0,-11.737094167946067,0.0,18.238990928623103,0
HK.09987,490,333.3999938964844,335.3999938964844,-0.5963029327356716,0.740263561677841,910271.6,303484545.88414305,2.4676262434958898,369.0287707519531,371.28858291625977,-9.766868271293802,-18.317264855376223,-11.182340548379496,-11.661639330052141,-3.5310330991526424,0
HK.09988,490,117.0999984741211,118.80000305175781,-1.4309802474466897,0.7357407039834689,89089000.8,10432321857.740973,3.4287941785550586,128.25399948120116,145.25700016021727,-12.546673777558981,-13.130566896827608,-24.20712072872421,-21.409396997234165,3.0262891869635578,0
HK.09989,490,3.950000047683716,3.930000066757202,0.5089053584423078,0.4386536373507057,454600.0,1795670.0216770172,2.674083861342542,4.562199563980102,5.100979371070862,-17.428276862435194,-20.314288028467626,-22.860633442785012,-20.468713951699705,-18.08754059530318,1
HK.09990,490,1.8300000429153442,1.8799999952316284,-2.6595719384628964,0.4441043916881408,760500.05,1391715.1241371215,7.135531739850268,1.920400002002716,1.8338499993085862,-28.515621725819003,26.206895361048755,0.5494500096186173,12.269941611582345,23.648649954813237,0
HK.09991,490,7.369999885559082,6.989999771118164,5.436339440396445,1.6971013508926753,7880.5,58079.284098148346,2.5326685956511623,6.885599975585937,7.7548499751091,5.135515619443419,14.440990994959964,0.0,1.7955817479375475,-2.2546429330772324,2
HK.09992,490,168.5,170.5,-1.1730205278592376,0.6522713268824805,21971818.7,3702251450.95,4.6378282107243045,157.31818267822266,212.65138816833496,2.440695098089783,-19.338799414391243,-14.042249448208677,-11.193311409143487,-22.19341153297034,0
HK.09993,490,1.1699999570846558,1.2799999713897705,-8.593751309672399,0.16989304598533786,321536163.25,376197297.2036649,30.650022978209474,1.4167999935150146,1.9779999893903732,11.42857240170853,-18.181818181818183,-48.230090176025705,-35.714289924974786,-55.343511137788106,0
HK.09995,490,69.25,68.69999694824219,0.8005867193446583,1.7968771674824346,3956748.85,274004857.8625,6.112863613888128,95.63399978637695,90.62974975585938,-29.5882042964934,-5.525242678227541,-16.566265060240966,-5.974204256238674,43.672196895991966,1
HK.09996,490,4.389999866485596,4.289999961853027,2.3310001287126885,2.082299023124176,1223117.7,5369486.539696169,5.323861304274264,5.841799983978271,6.269349994659424,-25.593223804648062,-22.30088863033719,-17.48120817983644,-28.267974696464314,-21.04316705638385,1
HK.09998,490,0.375,0.3799999952316284,-1.31578823536055,0.07434944237918216,330000.0,123750.0,3.965956434660973,0.4260999995470047,0.40371265895664693,-14.772726810914424,-26.470586860331117,-8.139537769930968,1.3513500451867637,112.36557547330067,0
HK.09999,490,187.3000030517578,187.6999969482422,-0.2131027719700349,0.6532178132721196,8360296.9,1565883634.8836014,3.0929148797279185,181.2332485961914,204.25965728759766,2.6497325606201083,4.380392165866524,-13.308292453687686,-17.973792682316443,-1.4821309901794284,0
