ticker,raw_score,rs_percentile,rs_below_ma,rs_days_below_ma,rs_frac_below_ma
A,0.05128164127203568,75,0,0,0.15
AA,-0.21244380675596805,13,1,39,1.0
AACB,-0.026953365161750422,51,1,4,0.55
AACBU,-0.08049080709517098,30,1,3,0.6
AACG,-0.20075177125200636,14,1,6,0.95
AAL,0.090181545053697,83,0,0,0.7
AAME,-0.19903255115607824,15,1,66,1.0
AAMI,0.18002939707665808,92,0,0,0.0
AAOI,-0.13952239289211374,21,0,0,0.9
AAON,-0.21648751095635724,13,1,28,1.0
AAP,0.0335280226486032,71,0,0,0.7
AAPG,-0.15215638755923402,20,1,7,0.5
AAPL,-0.01444552363560695,57,1,4,0.2
AARD,0.5048715519655488,98,0,0,0.05
AAT,-0.05791952856767464,36,1,11,0.55
AAUC,-0.25869530100716537,10,1,34,1.0
AB,-0.042507890552853415,42,1,5,0.3
ABAT,-0.2606340798618009,10,1,37,1.0
ABBV,0.02429484807597248,68,1,4,0.2
ABCB,-0.021035606704259725,54,1,5,0.45
ABCL,-0.11604838079639254,24,1,19,0.95
ABEO,0.06902756139258565,79,0,0,0.35
ABEV,-0.055394686324812537,36,1,4,0.6
ABG,0.059240475732176036,77,1,2,0.1
ABLV,-0.3045706759909575,7,1,21,1.0
ABM,0.12028205723045923,87,0,0,0.0
ABNB,0.03892536126538484,72,0,0,0.25
ABOS,-0.1268227921060907,23,1,17,0.85
ABR,-0.09853388217294437,27,1,5,0.8
ABSI,-0.020361340898082357,55,1,16,0.8
ABT,0.11767554015781065,86,0,0,0.15
ABTC,-0.31831277208380454,7,1,62,1.0
ABTS,0.06735725785309046,78,0,0,0.7
ABUS,-0.05928140965616415,35,1,14,0.85
ABVC,-0.37731487355978754,5,1,20,1.0
ABVX,-0.03176436337564885,47,1,7,0.4
ABX,-0.0011536618607213,61,1,6,0.65
ACA,0.04139873080799044,72,1,3,0.15
ACAD,0.17127841858323242,91,0,0,0.05
ACB,-0.07100021218488974,32,0,0,0.7
ACCL,0.8096940696614767,99,0,0,0.0
ACCO,0.062307323258460744,77,0,0,0.3
ACCS,-0.061015843179367084,35,1,4,0.5
ACDC,-0.2681165087119696,9,1,36,1.0
ACEL,-0.025139171826486506,52,1,5,0.8
ACET,0.05116412932286834,75,0,0,0.4
ACFN,0.07335595761380831,79,1,4,0.25
ACGL,-0.005104169911533486,60,1,4,0.3
ACGLN,-0.028397885337413498,50,1,3,0.4
ACGLO,-0.02826131723544394,50,1,3,0.3
ACH,-0.08167956447542332,30,1,2,0.45
ACHC,0.10998606586620138,85,0,0,0.25
ACHR,-0.08386839834524946,30,0,0,0.7
ACHV,0.14668716379893215,89,0,0,0.05
ACI,-0.2321123873338749,12,1,11,0.65
ACIC,-0.048519053385271106,39,1,2,0.7
ACIU,-0.14465118724978246,20,1,4,0.9
ACIW,0.1566670498252211,90,0,0,0.05
ACLS,-0.06539025309994195,34,1,24,1.0
ACM,0.008240626838404673,64,0,0,0.5
ACMR,-0.04343169460386936,41,1,11,0.85
ACN,0.05679281831371522,76,0,0,0.4
ACNB,0.12904767085431504,88,0,0,0.0
ACNT,0.027626851422814597,69,1,2,0.1
ACOG,0.19164988419112708,92,0,0,0.0
ACON,-0.2911326715046023,8,1,23,1.0
ACP,-0.0549949757820836,37,1,7,0.75
ACR,-0.249046041946373,10,1,5,0.75
ACRE,-0.02768013061541047,51,0,0,0.45
ACRS,0.20487330993490654,93,0,0,0.25
ACRV,-0.11787615657492878,24,1,15,0.75
ACT,0.0695325063755956,79,1,2,0.2
ACTG,-0.05660466535823168,36,1,5,0.55
ACTU,-0.4137796102978086,4,1,15,0.9
ACU,0.19282489888038082,93,0,0,0.15
ACV,-0.04483447553685416,41,1,10,0.85
ACVA,0.1698496147335045,91,1,1,0.15
ACXP,-0.13079894064027564,22,1,15,0.85
AD,-0.09160221668954088,28,1,5,0.95
ADAC,-0.02691567823776,51,1,3,0.55
ADACU,-0.0243851492656473,53,1,3,0.6
ADAG,0.09249084268379451,83,0,0,0.75
ADAM,0.03070486876392927,70,0,0,0.6
ADAML,-0.011647737707647599,58,1,4,0.25
ADAMM,-0.021092587268608458,54,1,4,0.3
ADAMN,-0.022942807899106323,54,1,4,0.3
ADAMZ,-0.014051045380090013,57,1,4,0.25
ADBE,0.055358500308845725,76,0,0,0.15
ADC,-0.02635948299795189,52,1,5,0.25
ADCT,-0.33745501261340966,6,1,13,0.95
ADEA,-0.014403815599278745,57,0,0,0.85
ADGM,0.01632649833962107,66,0,0,0.9
ADI,-0.08421824509147956,30,1,28,1.0
ADIL,0.670344402395758,98,0,0,0.1
ADM,-0.061421386520065166,35,1,6,0.3
ADMA,-0.0023303473401443953,61,0,0,0.6
ADNT,-0.031279212159434897,48,1,2,0.5
ADP,0.12740495925562878,87,0,0,0.0
ADPT,0.322155125918116,96,0,0,0.0
ADSE,-0.04523923589364709,40,1,3,0.25
ADSK,0.031915278985451496,70,0,0,0.3
ADT,0.09038667518364066,83,0,0,0.2
ADTN,-0.4776527044220507,3,1,42,1.0
ADUR,-0.012576302597985013,58,0,0,0.65
ADUS,0.14175655506184223,89,0,0,0.05
ADV,-0.18759010134588958,16,1,1,0.75
ADVB,0.4988498362072741,98,1,4,0.25
ADX,0.008655021508151138,64,1,2,0.25
ADXN,-0.11155129009321008,25,1,4,0.85
AEAQ,-0.03094706225766164,48,1,3,0.6
AEAQU,-0.0053402792856224665,60,1,2,0.45
AEBI,0.08609375555408189,82,1,1,0.25
AEC,-0.10519732612227783,26,1,8,0.6
AEE,-0.05358683882894875,37,1,6,0.7
AEF,-0.04755863451129479,39,1,1,0.95
AEG,0.10100008318015005,84,0,0,0.0
AEHL,-0.6475599541211061,1,1,52,1.0
AEHR,0.17481793451139882,92,0,0,0.65
AEI,-0.2646972695144327,9,1,24,1.0
AEIS,0.03660541292971011,71,0,0,0.8
AEM,-0.016528025804885625,56,0,0,0.9
AEMD,1.7582329890592785,99,0,0,0.9
AENT,-0.12482634573084306,23,1,5,0.5
AEO,0.04842272410615724,74,1,1,0.3
AEON,-0.6459563521203426,1,1,26,1.0
AEP,-0.09124195929797824,28,1,6,0.75
AER,0.0358143420326053,71,0,0,0.2
AERO,-0.056344372359179606,36,1,23,1.0
AERT,-0.06705471508898961,33,1,10,0.9
AES,-0.01505558153428459,57,1,4,0.4
AESI,-0.36580398478049736,5,1,27,1.0
AEVA,-0.08082582827394555,30,0,0,0.85
AEXA,-0.03618866305345392,45,1,8,0.6
AEYE,-0.22900559483250585,12,1,14,0.7
AFB,-0.05451482634326803,37,1,5,0.85
AFCG,-0.13624858514358754,21,1,37,1.0
AFG,0.05202586460051572,75,0,0,0.2
AFJK,-0.6650825467771235,1,1,39,1.0
AFJKU,-0.7021641994240525,1,1,43,1.0
AFL,0.030157711726036422,70,1,2,0.15
AFRI,0.010513990254565897,65,1,3,0.15
AFRM,0.01292662775153848,65,0,0,0.6
AFYA,-0.09120234073058438,28,1,4,0.8
AG,-0.046801817716359655,40,0,0,0.9
AGBK,-0.035154071075844485,45,1,2,0.6
AGCC,-0.07943774301118461,31,1,5,0.65
AGCO,-0.1358479609359612,21,1,5,0.65
AGD,-0.027875317214025877,51,1,3,0.5
AGEN,1.1371926406118327,99,0,0,0.05
AGI,-0.11724903395299346,24,0,0,0.95
AGIG,-0.14741832588871892,20,1,9,0.75
AGIO,-0.1097943927854465,25,1,12,0.6
AGL,0.6143329362025544,98,0,0,0.45
AGM,0.23261605452884662,94,0,0,0.05
AGMB,0.09574059142632832,84,0,0,0.35
AGMH,-0.09265545412746648,28,0,0,0.9
AGNC,-0.024906466249321912,53,1,4,0.45
AGNCL,-0.018839661335571134,56,1,3,0.45
AGNCM,-0.017479963841077195,56,1,3,0.25
AGNCN,-0.012660584160018695,58,1,3,0.4
AGNCO,-0.01756759306983382,56,1,3,0.35
AGNCP,-0.016760721488258603,56,1,4,0.3
AGNCZ,-0.01985718120659419,55,1,3,0.4
AGNT,-0.24112965879379794,11,1,23,1.0
AGO,-0.0022784556077404955,61,1,4,0.2
AGPU,0.2638820902183281,95,0,0,0.5
AGRO,-0.19038188663672467,15,1,8,0.65
AGRZ,-0.13811947676938613,21,1,5,0.75
AGX,-0.15033677843529994,20,1,24,1.0
AGYS,0.14833693449237603,90,0,0,0.2
AHCO,-0.4030871602833152,4,1,3,0.3
AHG,-0.13317201767055048,22,1,3,0.5
AHMA,0.13767534779597543,89,0,0,0.9
AHR,0.05665271821925954,76,1,4,0.2
AHRT,-0.011538773243840773,58,1,4,0.2
AHT,0.01834891254453245,67,1,3,0.15
AI,0.01265203556259819,65,0,0,0.65
AIFA,-0.2812685085668926,8,1,46,1.0
AIFC,-0.37985558943899106,5,1,55,1.0
AIFF,-0.2640939744815101,10,1,64,1.0
AIFU,-0.019352768081826725,55,1,27,1.0
AIG,-0.004621181135730002,61,1,4,0.3
AIHS,0.08802431797569751,82,0,0,0.45
AII,0.10049390692967511,84,0,0,0.15
AIIA,-0.03331347156432738,46,1,4,0.6
AIIO,0.601653544357196,98,1,13,0.75
AIIR,-0.1643654458347307,18,1,2,0.85
AIM,-0.32314835735621816,7,0,0,0.95
AIMD,-0.30099524864918775,7,1,22,1.0
AIN,-0.13046133541769608,22,1,3,0.25
AIO,-0.030982520550409166,48,1,24,1.0
AIOS,-0.2701082581572503,9,1,5,0.85
AIOT,0.00845531913597413,64,0,0,0.4
AIP,-0.08526118647747247,29,1,24,1.0
AIR,0.14718737737229773,89,0,0,0.3
AIRE,-0.3654807209979798,5,1,75,1.0
AIRG,-0.15424465136947715,19,1,40,1.0
AIRI,-0.15640149144062443,19,1,21,1.0
AIRJ,0.31826427141304253,96,0,0,0.6
AIRO,-0.022666228709033,54,0,0,0.65
AIRS,0.09396489069448488,83,0,0,0.35
AIRT,0.2622103333977204,95,0,0,0.0
AIRTP,-0.0586601757400423,35,1,5,0.7
AISP,-0.2473453259600598,11,1,29,1.0
AIT,0.11142151038763937,86,0,0,0.15
AIV,-0.14425604028975655,20,1,23,1.0
AIXC,-0.37519566021614226,5,1,31,1.0
AIXI,-0.6939639281920247,1,1,49,1.0
AIZ,0.12040073040282714,87,0,0,0.05
AJG,0.06187548563868641,77,1,4,0.25
AKA,0.06573467624790735,78,0,0,0.05
AKAM,-0.06124119489436014,35,1,1,0.6
AKAN,-0.6880186835095994,1,1,33,1.0
AKBA,0.017316720509759444,67,1,2,0.25
AKR,-0.038307388034794644,44,1,3,0.4
AKTS,-0.04857075875180137,39,1,18,0.9
AKTX,-0.382650595946547,5,1,16,0.8
ALAB,-0.05595380921818081,36,1,1,0.85
ALAR,-0.5424788433790682,2,1,32,1.0
ALB,-0.2352138176299836,11,1,36,1.0
ALC,0.0013728235370226369,62,1,1,0.4
ALCO,-0.11072776140540555,25,1,13,0.95
ALDF,-0.029256877790471793,49,1,3,0.55
ALDFU,-0.04564682022550746,40,1,3,0.6
ALDX,-0.2163298518577871,13,1,18,0.9
ALEC,-0.2849230161709045,8,1,4,0.95
ALF,-0.03927165898774165,43,1,5,0.65
ALFUU,-0.032085739246048475,47,1,4,0.6
ALG,0.006012982970457423,63,0,0,0.55
ALGM,-0.22627149131521837,12,1,19,0.95
ALGN,-0.04298225412439074,41,1,5,0.8
ALGS,-0.22910205731473088,12,1,16,0.8
ALGT,0.07787274356367069,80,1,2,0.8
ALH,0.062016690534082826,77,0,0,0.55
ALHC,-0.3276031899512077,6,1,11,0.9
ALIS,-0.0289912057560491,50,1,4,0.6
ALISU,-0.02398494098852948,53,1,3,0.55
ALIT,-0.19732204774624026,15,1,2,0.2
ALK,0.13239659895517358,88,0,0,0.6
ALKS,0.03214985916507684,70,1,7,0.35
ALKT,0.04628364181574294,74,0,0,0.3
ALL,0.11219163662154988,86,0,0,0.1
ALLE,0.21666254075817062,94,0,0,0.25
ALLO,-0.11387145662444076,24,0,0,0.85
ALLR,-0.020646548925492485,55,0,0,0.75
ALLT,-0.062300653803951805,34,1,1,0.65
ALLY,-0.01049219612304099,59,1,12,0.8
ALM,-0.27003331338159187,9,1,31,1.0
ALMS,0.03602160604046228,71,1,3,0.3
ALMU,-0.2446694705265243,11,1,1,0.95
ALNT,0.0818772764940312,81,0,0,0.75
ALNY,-0.30034392573069113,8,1,5,0.85
ALOT,0.4379178279097493,97,1,2,0.1
ALOVU,-0.03702953895739101,44,1,4,0.65
ALOY,-0.21813750910886404,13,1,1,0.95
ALP,-0.3131770415197008,7,1,15,0.85
ALRM,0.14422714019412117,89,0,0,0.0
ALRS,0.11658198700495617,86,0,0,0.0
ALSN,-0.031187013577422984,48,1,1,0.65
ALT,-0.02285183444845138,54,0,0,0.5
ALTG,0.08844816994591831,82,0,0,0.75
ALTI,0.25408849172307035,95,0,0,0.35
ALTO,-0.14211219086712773,21,1,1,0.65
ALUB,-0.026270177877659798,52,1,3,0.6
ALV,-0.02171754000998376,54,1,2,0.45
ALVO,0.02129532611026535,68,0,0,0.65
ALX,0.028242539395514264,69,1,8,0.4
ALXO,-0.05887386227089538,35,1,7,0.45
ALZN,0.23695040610453147,94,0,0,0.15
AM,-0.06953032632895281,32,1,8,0.5
AMAL,0.11889280714461878,86,0,0,0.0
AMAT,0.02774909176904298,69,1,16,0.9
AMBA,0.09692950881958864,84,0,0,0.5
AMBO,-0.17772334504783846,16,1,9,0.8
AMBP,0.1609138103544252,91,0,0,0.3
AMBQ,-0.08282718076651366,30,1,16,0.85
AMBR,-0.15785095376634756,19,1,8,0.95
AMC,0.4868372938986224,98,0,0,0.25
AMCI,-0.15235575014712624,19,1,4,0.45
AMCR,0.14179742630702274,89,0,0,0.0
AMCX,0.23471331845936708,94,0,0,0.3
AMD,-0.019061381373523013,56,1,9,0.65
AME,0.0680803410881578,79,0,0,0.25
AMG,0.07222899435066579,79,0,0,0.15
AMGN,0.12348331449061814,87,0,0,0.15
AMH,0.009359550474512916,64,1,2,0.45
AMIX,0.6168191517719473,98,0,0,0.9
AMKR,-0.2621663839528833,10,1,25,1.0
AMLX,0.2914659370996047,96,0,0,0.05
AMN,0.08911925258791442,82,1,4,0.35
AMOD,-0.2710384695501708,9,0,0,0.9
AMP,0.1283746471346547,87,0,0,0.0
AMPG,0.1450505918800334,89,1,13,0.9
AMPH,-0.03209269780601032,47,1,2,0.6
AMPL,0.15185715417812232,90,0,0,0.2
AMPX,-0.26832597411929593,9,0,0,0.95
AMPY,-0.1715870963088893,17,1,9,0.9
AMR,-0.1945775707575613,15,1,36,1.0
AMRC,-0.12853050008317818,22,0,0,0.9
AMRN,-0.055787166756041895,36,1,5,0.95
AMRX,0.192433200229885,92,0,0,0.0
AMRZ,-0.024390240633664052,53,0,0,0.9
AMS,-0.03284656181373367,46,1,3,0.65
AMSC,-0.23782274412227608,11,1,31,1.0
AMSF,-0.11507031871066034,24,1,11,0.65
AMST,-0.20379376971959798,14,1,24,1.0
AMT,-0.07229381325564846,32,1,3,0.8
AMTB,0.1961283335845698,93,0,0,0.0
AMTD,-0.2644935596536224,9,1,29,1.0
AMTM,0.012410986891302843,65,0,0,0.4
AMTX,-0.32227110927796926,7,1,9,0.9
AMWL,0.5445986490990934,98,0,0,0.1
AMX,-0.10289296561123429,26,1,8,0.6
AMZE,-0.8429839864201354,0,1,28,1.0
AMZN,0.04199969679494025,73,0,0,0.4
AN,0.08642802731742577,82,0,0,0.05
ANAB,-0.14743256201584123,20,1,17,0.85
ANDE,-0.056925389304507204,36,1,7,0.35
ANDG,0.238519355247391,94,0,0,0.0
ANET,0.1472090926809124,89,0,0,0.3
ANF,0.28252393266907394,95,0,0,0.0
ANGH,-0.08709472067957542,29,1,5,0.85
ANGI,-0.3109784322915747,7,1,1,0.4
ANGO,0.19103030595026507,92,0,0,0.05
ANGX,0.22600192167653246,94,0,0,0.0
ANIK,0.21672378001745338,94,0,0,0.35
ANIP,-0.07802500500484422,31,1,5,0.9
ANIX,0.1599568634656605,90,1,3,0.15
ANL,0.10446826250309663,85,0,0,0.2
ANNA,-0.21446001380063331,13,1,8,0.4
ANNX,-0.1329155886380989,22,1,13,0.7
ANPA,-0.04528725130246298,40,0,0,0.95
ANRO,0.15157801153768993,90,0,0,0.0
ANSC,-0.028119841868132035,50,1,3,0.55
ANSCU,-0.013125698754337424,58,1,2,0.5
ANTA,-0.37496126640547994,5,1,56,1.0
ANTX,0.31440612011298347,96,0,0,0.3
ANVS,-0.10020160137312603,27,0,0,0.8
ANY,-0.10882974188091007,25,0,0,0.7
AOD,0.009606546646492832,64,1,3,0.25
AOMR,0.0030122802050859612,63,1,4,0.35
AON,0.032791565334686516,70,1,4,0.2
AORT,0.023587730542474067,68,1,1,0.1
AOS,0.034909218571661994,71,0,0,0.6
AOSL,-0.22289295384632304,12,1,25,1.0
AOUT,0.05594516788738204,76,1,8,0.45
AP,0.03006226236498378,70,0,0,0.8
APA,-0.07829047742503789,31,1,2,0.3
APAC,-0.028221328261587943,50,1,4,0.55
APACU,-0.03625463598001829,44,1,3,0.65
APAM,0.1349079236645675,89,0,0,0.0
APD,-0.03985769044242259,43,1,4,0.3
APEI,-0.0904576509699154,28,0,0,0.6
APG,-0.04913791515418462,39,0,0,0.95
APGE,0.23405833771045279,94,1,2,0.1
APH,0.11410691769696898,86,0,0,0.6
API,-0.0625538686359568,34,1,19,0.95
APLD,-0.19475778259874452,15,1,1,0.95
APLE,0.041786827393779764,73,1,5,0.25
APLM,0.008856093550716933,64,1,9,0.55
APO,0.01285797187312649,65,0,0,0.6
APOG,0.11205452981142416,86,0,0,0.45
APP,-0.23914363559666307,11,1,19,0.95
APPF,0.08123135151911504,81,0,0,0.2
APPN,0.20266549490736122,93,0,0,0.15
APPS,0.700982290805322,98,0,0,0.8
APRE,-0.24288321947771624,11,1,25,1.0
APT,-0.06653098714825433,33,1,14,0.95
APTV,-0.26956358875280456,9,1,5,0.9
APUS,-0.59099126228635,2,1,6,0.95
APVO,-0.16524830303566543,18,1,12,0.8
APWC,0.0518915205678643,75,0,0,0.75
APXT,-0.029161194671817017,49,1,3,0.55
APXTU,-0.03142138306865616,48,1,4,0.55
APYX,0.045293781799556586,73,1,1,0.8
AQB,-0.011417505595416877,58,0,0,0.95
AQMS,-0.24746197935454475,11,1,4,0.95
AQN,-0.040652658940986276,42,1,4,0.45
AQST,-0.1484786951432691,20,1,27,1.0
AR,-0.09369199676260812,28,1,2,0.65
ARAI,-0.5107077242962875,2,1,76,1.0
ARAY,-0.1435817391375857,21,1,1,0.8
ARBB,-0.19131466778558615,15,1,35,1.0
ARBE,-0.16405238378633544,18,1,11,0.85
ARBK,-0.2093609416797967,14,1,24,1.0
ARCB,-0.014882607505264808,57,1,8,0.5
ARCC,0.008460848839399238,64,1,1,0.15
ARCIU,-0.016336709122655724,57,1,2,0.45
ARCO,-0.015636168753820814,57,1,5,0.65
ARCT,-0.23955341310438297,11,1,20,1.0
ARDC,-0.036953807864341874,44,1,5,0.8
ARDT,0.0915015484786221,83,0,0,0.15
ARDX,-0.1670226913830486,18,1,28,1.0
ARE,-0.008439640493035978,59,1,2,0.4
AREC,-0.011875571239498933,58,0,0,0.8
AREN,0.3141722100962423,96,0,0,0.55
ARES,0.0993291609817184,84,0,0,0.25
ARGX,-0.034535498460573896,45,1,5,0.75
ARHS,0.07023924727914913,79,0,0,0.4
ARI,-0.05691669738996,36,1,8,0.7
ARIS,-0.06533454345672302,34,0,0,0.85
ARKO,-0.0555077090596213,36,1,3,0.35
ARKR,-0.1105652869162859,25,1,8,0.85
ARL,-0.14007234573631977,21,1,17,0.85
ARLO,0.15683442553319982,90,0,0,0.4
ARLP,-0.009568797985559176,59,1,2,0.3
ARM,-0.10454380459581306,26,1,29,1.0
ARMK,0.04431645574218087,73,1,4,0.25
ARMP,-0.30750449851417444,7,1,27,1.0
AROC,-0.11641481993831418,24,1,9,0.75
AROW,0.012507752843208576,65,1,5,0.4
ARQ,-0.16584837254406756,18,1,32,1.0
ARQQ,0.22331466494200394,94,0,0,0.9
ARQT,0.057665373445467454,76,1,4,0.2
ARR,-0.03874188476703745,43,1,5,0.85
ARRY,-0.2838302595020799,8,1,31,1.0
ARTCU,-0.020542039734449503,55,1,3,0.25
ARTL,-0.45366585366465995,3,1,82,1.0
ARTNA,-0.0004349444937321034,62,1,3,0.25
ARTV,0.2488525504401333,95,0,0,0.15
ARTW,-0.18238245056543714,16,1,6,0.9
ARVN,-0.06098486489724646,35,1,1,0.55
ARW,0.09785594100770661,84,0,0,0.45
ARWR,0.04468349391459358,73,0,0,0.4
ARX,-0.1439301766912762,20,1,6,0.55
AS,0.03652008757195863,71,0,0,0.45
ASA,-0.07055145922766115,32,0,0,0.95
ASAN,0.13068657482054746,88,0,0,0.15
ASB,0.04463278397449213,73,1,2,0.1
ASC,-0.016326950891793972,57,1,2,0.35
ASG,-0.012789960894016052,58,1,2,0.9
ASGI,0.0090261198536329,64,1,3,0.25
ASH,0.16487274336635432,91,0,0,0.0
ASIC,0.09727403575474508,84,0,0,0.35
ASIX,-0.12966121340810116,22,1,8,0.65
ASLE,-0.02147324640550783,54,1,1,0.65
ASM,-0.005832917441059113,60,0,0,0.85
ASMB,-0.0661061605898314,33,1,13,0.8
ASML,-0.03323132228716548,46,1,9,0.8
ASND,-0.024931287084062125,53,1,5,0.6
ASO,-0.04011797016142693,43,1,4,0.55
ASPC,-0.06980165336440348,32,1,4,0.8
ASPCU,-0.09720726908715971,27,1,4,0.85
ASPI,-0.3233089595173149,6,1,29,1.0
ASPN,-0.06321289672805439,34,1,11,0.95
ASPS,-0.20580280941602663,14,1,17,0.85
ASR,-0.10053184217513364,26,1,22,1.0
ASRV,0.1977593838267058,93,0,0,0.25
ASST,-0.14420444562301274,20,1,11,0.95
ASTC,0.15956236426432432,90,0,0,0.95
ASTE,-0.22565004844357472,12,1,7,0.8
ASTH,-0.16537506457130757,18,1,11,0.65
ASTI,-0.36603823256282575,5,1,34,1.0
ASTL,-0.013063249010553436,58,0,0,0.6
ASTS,-0.16780463299019938,18,0,0,0.9
ASUR,-0.03285115898935067,46,0,0,0.6
ASX,-0.05761650319001491,36,1,10,0.8
ASYS,-0.18809222802315032,16,1,1,0.95
ATAI,0.5040536434164056,98,0,0,0.0
ATAT,0.005543289566601259,63,0,0,0.5
ATCH,-0.1756883876252841,17,1,10,0.9
ATEC,0.025876632497649127,69,0,0,0.4
ATEN,-0.09191495390171317,28,1,11,0.55
ATER,-0.6091946976232757,1,1,12,0.8
ATEX,0.290978278787044,96,0,0,0.4
ATGL,-0.44883711304645757,3,1,10,0.95
ATHE,-0.1067618776635399,26,1,17,0.85
ATHM,0.24818132653439598,95,0,0,0.0
ATHR,-0.11685304144247644,24,1,8,0.55
ATI,0.12960211676223782,88,0,0,0.55
ATII,-0.05149048506161487,38,1,5,0.9
ATIIU,-0.0540685437476385,37,1,19,0.95
ATKR,0.21971079391049878,94,0,0,0.65
ATLC,0.23073635966634512,94,0,0,0.25
ATLCP,-0.008791232775356119,59,1,4,0.45
ATLO,0.04875939042839333,74,0,0,0.4
ATLX,-0.26804623026083335,9,1,58,1.0
ATMU,0.04586326547667275,73,0,0,0.35
ATNI,-0.0821907816681188,30,1,1,0.9
ATNM,-0.3561315725840291,5,1,21,1.0
ATO,-0.05645745744197888,36,1,5,0.45
ATOM,-0.37447332652535303,5,1,25,1.0
ATOS,-0.320430192075879,7,1,62,1.0
ATPC,-0.21391826907375258,13,1,13,0.9
ATR,0.09512132597803333,84,0,0,0.0
ATRA,-0.009380754327261771,59,1,22,1.0
ATRC,0.2663404847155187,95,0,0,0.0
ATRO,0.10971145448108482,85,0,0,0.9
ATS,-0.06732107639713603,33,1,2,0.95
ATXG,-0.2637587421145964,10,1,31,1.0
ATYR,-0.16236949809423254,18,0,0,0.85
AU,-0.008434491210302455,59,0,0,0.85
AUB,0.05501663952033204,76,1,3,0.15
AUBN,0.03206482999190762,70,1,5,0.4
AUC,-0.1903358558472224,15,1,7,0.5
AUDC,0.004914716190434633,63,1,1,0.45
AUGO,-0.05525408979692131,36,0,0,0.9
AUID,-0.4487435763400244,3,1,16,0.9
AUNA,0.024510816285223447,68,1,2,0.45
AUPH,-0.09782242161088922,27,1,19,0.95
AUR,-0.005415590780731994,60,0,0,0.7
AURA,-0.0450664953894266,40,1,4,0.55
AURE,-0.21893060778152598,13,1,37,1.0
AUST,-0.029054387037788766,50,0,0,0.9
AUTL,0.1312948735838991,88,0,0,0.7
AUUD,-0.2885652332968165,8,1,22,1.0
AVA,-0.09083067634756894,28,1,5,0.4
AVAH,0.1626694174387757,91,1,2,0.15
AVAL,0.0727311137138672,79,0,0,0.6
AVAT,-0.6817542168403563,1,1,85,1.0
AVAV,-0.06852862520272023,33,0,0,0.7
AVB,-0.03855260235813486,44,1,5,0.45
AVBC,0.04526270735394055,73,1,3,0.5
AVBH,0.011865575950472614,65,1,3,0.55
AVBP,-0.103326046638301,26,1,8,0.75
AVD,-0.12333621584665924,23,1,21,1.0
AVGO,0.026289502684240233,69,0,0,0.45
AVIR,-0.05512667736063663,36,1,4,0.4
AVK,-0.03380390446191613,46,1,23,1.0
AVNT,0.005190465653629316,63,1,1,0.5
AVNW,0.09453611567300321,83,0,0,0.45
AVO,-0.061063200877711415,35,1,4,0.4
AVPT,0.12465732423334525,87,0,0,0.1
AVR,-0.11774604662205951,24,1,20,1.0
AVT,0.13062107476037846,88,0,0,0.5
AVTR,0.3739877396151833,97,0,0,0.0
AVTX,0.10251982501789147,85,1,4,0.35
AVX,-0.48394393425723586,3,1,27,1.0
AVXL,0.08745961052538662,82,0,0,0.5
AVY,0.062224727370454376,77,0,0,0.45
AWF,-0.03187393613131271,47,1,5,0.65
AWI,0.1573567286929057,90,0,0,0.4
AWK,0.007321890728044754,64,1,4,0.4
AWP,0.0029710444020312823,62,1,4,0.25
AWR,0.03201409358486534,70,1,4,0.2
AWRE,-0.09547307136117272,27,0,0,0.9
AWX,-0.03540130952837178,45,1,5,0.45
AX,0.0867438700221384,82,0,0,0.05
AXG,-0.22042157003760987,13,1,37,1.0
AXGN,0.00023945976641905758,62,0,0,0.6
AXIA,-0.045528606765853956,40,1,2,0.65
AXIL,-0.1708100415639223,17,1,5,0.85
AXIN,-0.04086919061028885,42,1,5,0.7
AXINU,-0.0407375202665333,42,1,4,0.75
AXON,0.11854048316437041,86,0,0,0.25
AXP,0.022742766149540856,68,1,10,0.5
AXR,-0.16289852569785945,18,1,8,0.75
AXS,-0.037491548347273876,44,1,6,0.3
AXSM,-0.14103805358030994,21,1,7,0.75
AXTA,0.1617471902576007,91,0,0,0.55
AYA,0.312381331644215,96,0,0,0.3
AYI,0.09254712806805968,83,0,0,0.55
AYTU,-0.018276901092022162,56,0,0,0.8
AZ,-0.0958314014320876,27,0,0,0.75
AZI,-0.29915529332717655,8,1,22,1.0
AZIO,-0.16847393339721173,17,1,12,0.65
AZN,-0.17099585545084148,17,1,5,0.95
AZO,-0.06364604486076575,34,1,5,0.85
AZTA,0.2698155939603916,95,0,0,0.0
AZTR,-0.2692905892276272,9,1,29,1.0
AZZ,0.035536166780563476,71,1,7,0.6
B,0.02371841123765344,68,0,0,0.65
BA,0.03002845429363859,70,0,0,0.7
BABA,0.1260833110648396,87,0,0,0.0
BAC,0.08595156652596886,82,0,0,0.05
BACC,-0.04740862616769361,39,1,5,0.8
BACCU,-0.005210649606592736,60,1,3,0.55
BAER,-0.13531734705793075,22,1,2,0.45
BAFN,0.06328253742597639,78,0,0,0.0
BAH,-0.004257270221189997,61,0,0,0.4
BAK,-0.265597128774484,9,1,49,1.0
BALL,0.05735740106430164,76,1,2,0.2
BALY,0.060001462755592795,77,1,4,0.45
BAM,0.08883105583362413,82,0,0,0.3
BANC,-0.05429213121415458,37,1,6,0.3
BAND,-0.31566908697003376,7,1,11,0.55
BANF,-0.022191607626044132,54,1,5,0.3
BANR,0.0440970382469442,73,1,1,0.15
BANX,0.012238345821501871,65,1,2,0.1
BAOS,-0.8153625569287415,0,1,18,0.9
BAP,0.09959331669316246,84,1,3,0.15
BARK,-0.07405333400813796,32,1,1,0.9
BATL,-0.3151801329056606,7,1,8,0.55
BATRA,-0.07762065703812053,31,1,5,0.65
BATRK,-0.05911691606956095,35,1,5,0.6
BAX,0.3141398607440994,96,0,0,0.05
BB,-0.07553094183160217,31,1,16,0.8
BBAI,-0.2552142373653269,10,1,1,0.95
BBAR,-0.03333380878073366,46,1,4,0.6
BBCP,0.010809376543700677,65,1,9,0.85
BBCQ,-0.05699719792146064,36,1,5,0.8
BBCQU,-0.10789518844864532,25,1,8,0.95
BBD,-0.022337869390270784,54,1,3,0.15
BBDC,-0.052640542864345746,38,1,5,0.7
BBDO,0.012884078726056104,65,1,2,0.1
BBGI,0.11120111440952962,86,0,0,0.85
BBIO,0.09606835483949636,84,1,4,0.2
BBLG,-0.31682985494303006,7,1,21,1.0
BBN,-0.03344986896781845,46,1,5,0.8
BBNX,-0.046376372517701624,40,1,11,0.55
BBOT,0.04985889101313986,75,0,0,0.15
BBSI,0.12829300397311624,87,1,2,0.15
BBT,0.04847589821676334,74,0,0,0.4
BBUC,-0.06998437786569257,32,1,4,0.6
BBVA,0.13582609063044618,89,0,0,0.0
BBW,0.035534195742601755,71,1,4,0.25
BBWI,0.050378487633330575,75,1,2,0.75
BBY,0.16372925875867325,91,1,3,0.15
BC,0.025087898389308742,68,0,0,0.45
BCAB,-0.18872943021154226,15,1,13,0.75
BCAL,0.04837670314377623,74,1,2,0.1
BCAR,-0.6179196044431645,1,1,8,0.9
BCARU,-0.6164461789368901,1,1,18,0.9
BCAT,0.005169426062151268,63,1,2,0.45
BCAX,-0.0039018043807058714,61,1,7,0.4
BCBP,-0.19706391604085124,15,1,5,0.8
BCC,0.1511793089348018,90,0,0,0.25
BCDA,-0.08565189494936665,29,0,0,0.9
BCE,-0.05461936305053912,37,1,5,0.9
BCG,-0.13571667685376906,21,1,59,1.0
BCH,0.044876547292947065,73,1,2,0.15
BCHT,-0.34158525661791295,6,1,20,1.0
BCIC,-0.03331095207667137,46,1,2,0.7
BCML,-0.07265607719089576,32,1,9,0.5
BCO,0.0923854784877298,83,1,3,0.15
BCPC,0.05926872479066322,77,0,0,0.55
BCRX,-0.09906279211543376,27,1,5,0.7
BCS,0.07601003553709484,80,0,0,0.2
BCSF,-0.0505972421911077,38,1,5,0.45
BCSS,-0.03544631513072034,45,1,4,0.6
BCTX,-0.03833931969339932,44,1,4,0.3
BCV,-0.06126441424383937,35,1,24,1.0
BCX,-0.017719206545494748,56,1,3,0.3
BCYC,-0.13968816564751832,21,1,17,0.9
BDC,0.13926952830370862,89,0,0,0.7
BDCI,-0.031060171585445252,48,1,3,0.6
BDCIU,-0.03451427431324239,45,1,3,0.65
BDJ,0.019821263006340566,67,1,2,0.1
BDL,0.19814377076237336,93,0,0,0.65
BDMD,-0.2268463246309503,12,1,91,1.0
BDN,0.009510528777325812,64,0,0,0.6
BDRX,-0.5271570487941308,2,1,43,1.0
BDSX,0.24526730300688157,95,0,0,0.15
BDTX,-0.2218830877841411,12,1,21,1.0
BDX,0.09524403786832156,84,0,0,0.2
BE,-0.19920756967187642,15,0,0,0.9
BEAG,-0.03362421370856759,46,1,3,0.6
BEAGU,-0.022700945300540277,54,1,3,0.55
BEAM,-0.24228684416858773,11,1,19,0.95
BEAT,-0.37017058409810166,5,1,56,1.0
BEBE,-0.03243700176862827,47,1,3,0.6
BEEM,-0.21526947014538864,13,1,1,0.95
BEEP,0.16714899371955888,91,0,0,0.3
BEKE,0.02565076312095811,69,1,1,0.25
BELFA,-0.02748460502127611,51,1,1,0.9
BELFB,0.06769646884580735,78,0,0,0.75
BEN,0.03685741906280789,71,0,0,0.4
BENF,-0.16175641967056825,18,1,9,0.8
BEP,-0.07321150456189485,32,1,2,0.85
BEPC,-0.1230428718014712,23,1,27,1.0
BESS,-0.17642057976690273,17,1,21,1.0
BETA,0.24603449245889944,95,0,0,0.15
BETR,-0.43920836695235543,3,1,2,0.95
BFAM,0.01229052150994319,65,1,4,0.25
BFC,0.0405404345181316,72,0,0,0.4
BFH,0.14938177851112214,90,0,0,0.3
BFLY,0.357643728710656,97,0,0,0.45
BFRG,-0.17117839145765504,17,1,19,0.95
BFRI,0.09015626764228096,83,0,0,0.1
BFS,-0.08660727970480767,29,1,7,0.7
BFST,0.06616181420447437,78,1,2,0.2
BG,-0.14150307715037078,21,1,6,0.45
BGB,-0.028785404535116146,50,1,5,0.55
BGC,-0.03050102550084,48,1,4,0.45
BGDE,-0.12520493400929997,23,1,25,1.0
BGH,-0.01388640412595872,58,1,5,0.45
BGI,-0.15089227505230773,20,1,12,0.95
BGIN,-0.2866574964555573,8,1,7,0.85
BGL,-0.5200609965969787,2,1,63,1.0
BGLC,-0.2784191109088997,9,1,30,1.0
BGM,-0.11139691698269027,25,1,22,1.0
BGMS,0.053342407617130515,76,0,0,0.3
BGR,-0.024764961011029943,53,1,2,0.1
BGS,-0.1828637518437057,16,1,5,0.95
BGSF,-0.013392752394042143,58,1,2,0.65
BGSI,-0.03334377603854956,46,1,2,0.3
BGT,0.00405579536920022,63,1,3,0.3
BGX,-0.021949516429661767,54,1,4,0.7
BGY,-0.01364418437650916,58,1,3,0.5
BH,0.12503968215750605,87,0,0,0.25
BHB,0.08519951149704927,81,0,0,0.15
BHC,0.18847638794064087,92,0,0,0.7
BHE,-0.03048762729974036,48,1,1,0.9
BHF,-0.0651494477608486,34,1,5,0.6
BHFAM,-0.10825124074196918,25,1,30,1.0
BHFAN,-0.09531207145075173,27,1,27,1.0
BHFAO,-0.10429888677923865,26,1,38,1.0
BHFAP,-0.10274498806393065,26,1,33,1.0
BHK,-0.019598823814268387,55,1,4,0.65
BHM,-0.16619032542836396,18,1,59,1.0
BHP,0.05079609098984816,75,0,0,0.35
BHR,-0.14312812417554632,21,1,3,0.55
BHRB,0.08429068892058464,81,0,0,0.0
BHST,-0.3282140776361739,6,1,84,1.0
BHV,-0.01507727024118052,57,1,2,0.35
BHVN,0.043841355969494476,73,1,9,0.55
BIAF,-0.5776934078477902,2,1,82,1.0
BIDU,-0.11491227429640441,24,1,2,0.85
BIIB,0.002464296634730849,62,1,4,0.6
BIII,-0.03263124220841364,47,1,3,0.6
BILI,-0.024076222604775026,53,1,1,0.35
BILL,0.21536223830165627,93,0,0,0.0
BIO,0.1707749456662396,91,0,0,0.05
BIOA,-0.4836563738276317,3,1,4,0.65
BIOX,-0.08543269199638975,29,0,0,0.8
BIP,0.029884430867065583,70,1,3,0.25
BIPC,-0.0163826622399622,56,1,3,0.35
BIRD,-0.4459456488920891,3,1,29,1.0
BIRK,-0.16065245586771815,18,1,13,0.85
BIT,-0.042940510851911945,41,1,5,0.85
BIVI,0.04146082343708684,72,0,0,0.75
BIXI,-0.02903899461079884,50,1,4,0.6
BIXIU,-0.03522435907797692,45,1,4,0.65
BIYA,-0.5461010945609907,2,1,5,0.85
BJ,0.051698960317963304,75,1,2,0.2
BJDX,-0.4079077854928409,4,1,30,1.0
BJRI,0.358097772130771,97,0,0,0.05
BKD,0.0038403428492891287,63,1,5,0.55
BKE,-0.011191620669492534,59,0,0,0.45
BKH,-0.048933104423016426,39,1,6,0.45
BKHA,-0.04624193117924058,40,1,4,0.55
BKHAU,-0.04617261773171116,40,1,4,0.9
BKKT,-0.18349248381077096,16,1,11,0.95
BKNG,0.15439820936191365,90,0,0,0.25
BKR,-0.005933809238258866,60,0,0,0.55
BKSY,-0.2088333476639628,14,0,0,0.9
BKT,-0.03261081898493325,47,1,5,0.85
BKTI,-0.10583358580510033,26,1,7,0.9
BKU,-0.038642461918671614,43,1,12,0.85
BKV,-0.2053130828012775,14,1,9,0.85
BKYI,-0.25046397575910573,10,1,7,0.55
BL,-0.0020391113471041958,61,1,1,0.15
BLBD,0.012864725853682348,65,1,9,0.5
BLCO,-0.0067325605848595135,60,1,2,0.5
BLDP,-0.3777605733906901,5,1,42,1.0
BLDR,-0.04316232935268634,41,0,0,0.95
BLFS,0.2592330315959739,95,0,0,0.0
BLIN,-0.03001178450936326,49,1,9,0.45
BLIV,-0.03908982685604566,43,1,1,0.35
BLK,0.07945471010035807,81,0,0,0.0
BLKB,0.4624402557328071,98,0,0,0.05
BLLN,0.4069623894045584,97,0,0,0.0
BLMN,0.6179907020373618,98,0,0,0.2
BLND,0.1282859786468328,87,0,0,0.3
BLNE,-0.22214124392963808,12,1,26,1.0
BLNK,-0.1914765077406263,15,1,45,1.0
BLRK,-0.02582485072140375,52,1,3,0.55
BLRKU,-0.016882157307012435,56,1,2,0.5
BLRX,-0.18260368879267536,16,1,23,1.0
BLSH,-0.22500083929054918,12,1,58,1.0
BLTE,0.003214601345033284,63,1,3,0.35
BLUW,-0.03005308318717961,49,1,4,0.6
BLUWU,-0.03384803832851311,46,1,3,0.6
BLW,-0.019183607778197498,55,1,4,0.2
BLX,0.02417385826479799,68,1,6,0.55
BLZE,0.7111372394139943,98,0,0,0.55
BLZR,-0.030487457708480537,48,1,3,0.6
BLZRU,-0.02924166520504199,49,1,3,0.6
BMA,0.027813178970850373,69,1,4,0.55
BMBL,-0.09992688057822299,27,1,1,0.65
BME,0.01991402559862255,67,1,3,0.25
BMEA,-0.14214615385082316,21,1,11,0.85
BMEZ,0.02110834477487162,67,1,2,0.25
BMGL,-0.12398083665335446,23,1,6,0.9
BMHL,0.13182938569932637,88,1,9,0.65
BMI,-0.0018544201438727703,61,1,11,0.6
BMM,-0.14242002472355536,21,0,0,0.9
BMN,-0.043551164321917704,41,1,5,0.85
BMNR,0.057409552505962656,76,0,0,0.25
BMO,0.04941211641171974,74,1,3,0.15
BMR,-0.2534827294006634,10,1,1,0.95
BMRA,-0.18892610790167677,15,1,47,1.0
BMRC,0.04563646410899521,73,1,2,0.1
BMRN,0.005838094751806688,63,1,3,0.2
BMY,0.08202057260879433,81,0,0,0.05
BN,-0.03359125044196788,46,0,0,0.75
BNAI,-0.24776847637535396,10,1,1,0.95
BNC,-0.11364779761445687,24,1,7,0.4
BNED,0.1401515703144215,89,1,1,0.25
BNGO,-0.137207192347509,21,1,15,0.85
BNKK,-0.4012610414442316,4,1,71,1.0
BNL,-0.0020865319237011112,61,1,5,0.25
BNR,-0.22548569234176005,12,1,12,0.75
BNRG,-0.7089549585125081,1,1,72,1.0
BNS,0.04235159275305416,73,1,3,0.15
BNT,-0.020172955279532535,55,0,0,0.65
BNTC,-0.009192172116614328,59,0,0,0.6
BNTX,-0.04331694916163416,41,1,4,0.65
BNY,0.06007573833809656,77,1,3,0.15
BNZI,-0.5361755253488054,2,1,89,1.0
BOBS,0.3483567954353128,97,0,0,0.1
BOC,0.037582216999919045,72,1,2,0.2
BODI,-0.04747757274770157,39,0,0,0.35
BOE,0.0002525471739712737,62,1,3,0.3
BOF,0.017702787659524877,67,1,19,0.95
BOH,-0.0382487495945715,44,1,8,0.4
BOKF,0.033333125602619494,70,1,2,0.1
BOLD,0.45426838280861614,98,0,0,0.0
BOLT,-0.1277162589601877,22,1,12,0.8
BON,-0.1835443548643481,16,1,10,0.95
BOOM,0.06082573485498139,77,0,0,0.65
BOOT,-0.04413712400468982,41,0,0,0.8
BORR,-0.23524134840537317,11,1,52,1.0
BOSC,0.011456566679714862,65,1,1,0.55
BOTJ,0.09034240965740203,83,1,2,0.1
BOW,0.17303410355231633,91,0,0,0.25
BOX,0.1332225760469487,88,0,0,0.1
BOXL,-0.41746322343750225,4,1,18,0.95
BP,-0.04018105108268662,43,1,2,0.2
BPOP,0.08371214949272535,81,0,0,0.1
BPRE,-0.08909971124078567,29,0,0,0.9
BPRN,0.12554283007828493,87,0,0,0.1
BPYPM,-0.05943024746165032,35,1,5,0.8
BPYPN,-0.0192426694146183,55,1,3,0.35
BPYPO,-0.02442794950231706,53,1,4,0.35
BPYPP,0.011546809395669766,65,1,3,0.2
BQ,0.04953849087604877,74,1,9,0.65
BR,0.05253493506492803,75,0,0,0.15
BRAG,-0.10659636341912965,26,1,17,0.85
BRBI,-0.10290103197086689,26,1,4,0.9
BRBR,0.0910285360548711,83,1,2,0.15
BRBS,0.05099983395561589,75,0,0,0.3
BRC,0.0770409380676991,80,0,0,0.0
BRCB,0.05140083364676614,75,0,0,0.35
BRCC,-0.2195335430209757,13,1,10,0.95
BRFH,-0.21667054678910683,13,1,77,1.0
BRIA,-0.14945706619021293,20,1,16,0.9
BRID,-0.14277648115473401,21,1,52,1.0
BRKR,-0.04442432548443454,41,1,2,0.2
BRKRP,-0.06528398098322655,34,1,2,0.15
BRLS,-0.35276503251302493,6,1,24,1.0
BRLT,-0.16519747013387756,18,1,10,0.5
BRN,-0.09258352982996657,28,1,3,0.65
BRNS,-0.16261199885980412,18,1,14,0.95
BRO,0.0966894831303628,84,1,2,0.15
BROS,0.04359301225862914,73,1,4,0.7
BRR,-0.049621785212828895,39,1,7,0.5
BRSL,-0.04993543884758281,39,0,0,0.9
BRSP,-0.1163106190596987,24,1,13,0.9
BRT,-0.0560930806582951,36,1,4,0.4
BRTX,-0.4343236225723728,4,1,22,1.0
BRUN,-0.31376421271031374,7,1,25,1.0
BRW,-0.018584987509091523,56,1,4,0.25
BRX,-0.024670462188702204,53,1,5,0.4
BRZE,0.05891426357079225,77,0,0,0.2
BSAA,-0.0402756420651874,43,1,6,0.9
BSAAU,-0.117857137193207,24,1,26,1.0
BSAC,0.0667249152379289,78,0,0,0.1
BSBK,-0.025040200899413743,53,1,3,0.5
BSBR,0.07933920029573793,80,0,0,0.25
BSET,0.16727831446644675,91,1,5,0.4
BSIN,0.04361689072778307,73,1,8,0.4
BSL,-0.022871850663301753,54,1,4,0.4
BSM,0.01771907186299313,67,1,2,0.2
BSRR,0.009418030762197764,64,1,5,0.3
BST,0.01160091256457809,65,0,0,0.85
BSTZ,0.012366945280467813,65,0,0,0.75
BSVN,0.02210582280947205,68,1,3,0.2
BSX,-0.04317228820925627,41,0,0,0.55
BSY,0.0665494575299071,78,0,0,0.25
BTAI,-0.2901930089066012,8,1,23,1.0
BTBD,-0.03318414033717553,46,0,0,0.35
BTBT,-0.2376924885353029,11,1,27,1.0
BTCS,-0.19960181005867542,15,0,0,0.95
BTCT,-0.5484991823129841,2,1,22,1.0
BTDR,-0.25806284282664227,10,1,27,1.0
BTE,-0.1245552315473133,23,1,2,0.4
BTG,-0.04927851421463608,39,0,0,0.8
BTGO,-0.1842665153653356,16,1,10,0.9
BTI,-0.03367091909052037,46,1,4,0.5
BTMD,-0.03981278858996652,43,1,7,0.45
BTO,0.04622261761106245,74,1,2,0.1
BTOC,-0.11735438472580179,24,0,0,0.95
BTOG,-0.4814740314852439,3,1,30,1.0
BTQ,-0.017516975033603797,56,0,0,0.85
BTSG,-0.01039956938869023,59,1,4,0.3
BTSGU,-0.013322269485709012,58,1,4,0.2
BTT,-0.04483789678008076,40,1,5,0.8
BTU,-0.12884418500387185,22,1,9,0.9
BTX,-0.03187602641252305,47,1,1,0.95
BTZ,-0.03900095366416184,43,1,5,0.75
BUD,0.04333123626017767,73,1,2,0.35
BUDA,-0.1900219873137222,15,1,12,0.7
BUI,-0.053523728155622854,37,1,8,0.95
BULL,0.03803240054866127,72,1,1,0.3
BUR,-0.08332869365606055,30,1,4,0.7
BURL,0.13068537264991673,88,0,0,0.05
BUSE,0.09203110488583408,83,0,0,0.1
BUSEP,-0.03066499885335199,48,1,3,0.5
BUUU,0.3419398989087423,96,0,0,0.35
BV,-0.22373963838912836,12,1,7,0.4
BVC,0.1312874512362523,88,1,1,0.25
BVFL,0.006429261505453018,63,1,2,0.55
BVN,0.03215012436535298,70,0,0,0.55
BVS,0.4421823878320049,97,0,0,0.0
BW,-0.31385653313797823,7,1,31,1.0
BWA,-0.01881355369631342,56,0,0,0.9
BWAY,-0.03446374864599693,45,1,2,0.55
BWB,0.024792282463124024,68,1,5,0.45
BWBBP,-0.03189391328030292,47,1,4,0.6
BWEN,0.16721955201728603,91,1,1,0.45
BWFG,0.18995207022900099,92,0,0,0.0
BWG,-0.03250090947524311,47,1,5,0.85
BWIN,0.21219360803451257,93,0,0,0.05
BWLP,0.03359348873482491,71,1,2,0.15
BWMN,-0.15226826493371057,20,1,39,1.0
BWMX,-0.07271681876266825,32,1,11,0.7
BWXT,-0.15355190850370434,19,1,27,1.0
BX,0.10620915719823898,85,0,0,0.05
BXBL,-0.5947922875021918,2,1,12,0.95
BXC,0.37826097466877634,97,0,0,0.4
BXMT,-0.24462308748292327,11,1,14,0.95
BXP,0.06030931577475817,77,1,2,0.1
BXSL,-0.03456838431093845,45,1,5,0.65
BY,0.09776056812361864,84,0,0,0.0
BYAH,-0.6796646971203957,1,1,30,1.0
BYD,-0.07044806429082887,32,1,5,0.6
BYFC,0.07574961696773877,80,0,0,0.35
BYND,-0.23856283307674395,11,1,1,0.95
BYRN,-0.26020295983933267,10,0,0,0.7
BYSI,-0.4332116324159528,4,1,22,1.0
BZ,0.11858242563552845,86,0,0,0.05
BZAI,-0.4340458804837787,4,1,31,1.0
BZFD,-0.20928781304452257,14,1,20,1.0
BZH,0.353382152769134,97,0,0,0.0
BZUN,0.047168735369473726,74,0,0,0.5
C,-0.019260280159176104,55,0,0,0.9
CAAP,-0.005495088792582141,60,1,1,0.6
CAAS,-0.05741583657837255,36,1,2,0.7
CABA,-0.23452490054612862,12,1,20,1.0
CABO,-0.10839242139819502,25,0,0,0.75
CABR,0.2220419279397373,94,0,0,0.1
CAC,0.12231004187129571,87,0,0,0.05
CACC,-0.026082720898981192,52,1,12,0.7
CACI,-0.011305675682640313,59,0,0,0.55
CADL,0.10837869754646212,85,0,0,0.2
CAE,0.00033519624032420786,62,0,0,0.45
CAF,-0.07752037244622145,31,1,15,0.75
CAG,0.08324421031210325,81,0,0,0.1
CAH,0.06507688235357115,78,0,0,0.4
CAI,-0.10383584364320195,26,1,23,1.0
CAKE,0.48460590807933956,98,0,0,0.0
CAL,0.0826064102746579,81,0,0,0.5
CALC,-0.13889423805602283,21,1,3,0.8
CALM,0.03573497106645548,71,1,3,0.15
CALX,-0.06312359493521247,34,1,1,0.65
CALY,0.13617905426614593,89,0,0,0.25
CAMP,-0.09689121037034634,27,0,0,0.65
CAMT,-0.08592282819436436,29,1,9,0.85
CAN,-0.4409384873994311,3,1,20,1.0
CANF,-0.08742330884316005,29,1,4,0.7
CANG,-0.5036511076385138,2,1,55,1.0
CAPL,-0.044458583519350656,41,1,5,0.85
CAPN,-0.029230824902432697,49,1,3,0.5
CAPNU,-0.032270424091534466,47,1,3,0.6
CAPR,-0.8793846340038782,0,1,28,1.0
CAPS,-0.16469018136553484,18,1,52,1.0
CAQUU,-0.008744407094675322,59,1,4,0.5
CAR,-0.17940615009885857,16,1,6,0.85
CARE,0.14974626133227723,90,0,0,0.1
CARG,0.07988337798664111,81,0,0,0.15
CARL,0.17473790424465022,92,0,0,0.3
CARR,-0.0636800456792156,34,1,7,0.85
CARS,0.08626735954506701,82,1,2,0.1
CART,-0.026887202387282774,51,1,5,0.6
CASH,0.009360749018057564,64,1,2,0.4
CASS,0.1217298937396091,87,0,0,0.0
CASY,0.032426053000394826,70,1,3,0.3
CAT,-0.0983810796319767,27,1,24,1.0
CATO,0.03455011093033531,71,0,0,0.3
CATX,-0.1715429681443332,17,1,20,1.0
CATY,0.04463432493980312,73,1,2,0.25
CAVA,-0.13628308667004058,21,1,27,1.0
CB,0.013344238748222624,66,1,5,0.4
CBAN,0.07180928510049159,79,0,0,0.3
CBAT,-0.21553157815320437,13,1,47,1.0
CBC,0.0924369008928182,83,0,0,0.0
CBFV,-0.003208248829031722,61,1,4,0.75
CBIO,-0.13997191484505275,21,1,7,0.85
CBK,0.1134953408628204,86,0,0,0.0
CBL,0.11990098244046479,87,1,2,0.1
CBLL,-0.10092490770393758,26,1,17,0.85
CBNA,0.18926851181118295,92,0,0,0.0
CBNK,0.09017533580235113,83,0,0,0.0
CBOE,-0.01877038556441306,56,1,2,0.2
CBRE,0.05034941061317364,75,0,0,0.2
CBRL,0.49854377180017606,98,0,0,0.0
CBSH,0.04625354942066561,74,1,3,0.15
CBT,-0.029469258308104852,49,1,5,0.4
CBU,-0.015344276241960587,57,1,8,0.5
CBUS,0.27370605194173253,95,0,0,0.05
CBZ,0.5498057789008359,98,0,0,0.0
CC,-0.3400519951894747,6,1,33,1.0
CCAP,-0.05221297521756139,38,1,1,0.5
CCAQ,-0.027599373156857898,51,1,3,0.55
CCAQU,-0.03977383859487802,43,1,3,0.6
CCB,-0.44419555537693445,3,1,10,0.55
CCBG,0.08028866934362572,81,1,2,0.1
CCC,0.16805726858740963,91,0,0,0.0
CCCC,-0.11355341294285567,25,1,19,0.95
CCD,-0.018351599957133292,56,1,9,0.6
CCEC,0.010000838978010414,65,1,2,0.2
CCEL,-0.005811781309929431,60,0,0,0.75
CCEP,0.06454281813844123,78,1,3,0.15
CCHH,-0.6919389976393097,1,1,24,1.0
CCI,-0.1491099184538769,20,1,5,0.95
CCID,-0.02710981642785553,51,1,4,0.55
CCIF,-0.0731909647029709,32,1,2,0.8
CCII,-0.03092019166058131,48,1,4,0.5
CCIIU,-0.020607389126221398,55,1,3,0.4
CCJ,-0.12320392177756673,23,0,0,0.95
CCK,0.15130448413389835,90,0,0,0.0
CCL,0.073469594081678,79,0,0,0.6
CCLD,0.05048868324378792,75,0,0,0.25
CCM,-0.0390433602923562,43,0,0,0.65
CCNE,0.07504724488864034,80,1,1,0.05
CCNEP,-0.01922497681364017,55,1,4,0.5
CCO,-0.028018081791076923,50,1,4,0.6
CCOI,-0.1159548905448253,24,1,2,0.75
CCS,0.16028473279032437,90,0,0,0.35
CCSI,0.09666481813065556,84,0,0,0.25
CCTG,-0.07620168805737834,31,1,11,0.8
CCU,0.010442447576891521,65,1,4,0.5
CCXI,0.24771299375129066,95,0,0,0.25
CCXIU,0.2722823204363941,95,0,0,0.25
CD,-0.4309519130586801,4,1,43,1.0
CDE,-0.003833160671377192,61,0,0,0.9
CDIO,-0.13566084271334986,22,1,24,1.0
CDLR,-0.0901826614249939,29,1,4,0.55
CDLX,-0.25515652631171437,10,1,74,1.0
CDNA,0.7997663567923637,99,0,0,0.0
CDNL,-0.09058876876861749,28,1,11,0.95
CDNS,-0.14338485256989145,21,1,18,0.9
CDP,0.0698118498001023,79,1,3,0.15
CDRE,0.014301384827939037,66,1,2,0.35
CDRO,-0.09552525535441561,27,1,5,0.9
CDT,4.657948410584631,99,0,0,0.35
CDTG,-0.5193716152457625,2,0,0,0.95
CDW,-0.023286243414363916,53,1,1,0.4
CDXS,-0.4941901655501163,3,1,19,0.95
CDZI,-0.280443574242972,8,1,18,0.95
CDZIP,-0.0025471192840322357,61,1,3,0.5
CE,-0.22537878653250212,12,1,9,0.9
CECO,-0.18232285178298943,16,1,27,1.0
CEE,-0.0362877946316615,44,1,4,0.65
CEG,-0.014505684529364765,57,1,2,0.55
CELC,-0.19974221221813784,14,1,16,0.85
CELH,-0.08500773492072519,30,1,4,0.85
CELU,-0.153447500697752,19,1,6,0.4
CELZ,-0.5724354825876101,2,1,33,1.0
CENN,-0.15990355519353902,19,1,5,0.95
CENT,0.05911578719687049,77,1,5,0.45
CENTA,0.04882012426704337,74,1,4,0.45
CENX,-0.15354725671453495,19,1,8,0.9
CEPF,-0.03283632153293923,47,1,5,0.6
CEPO,-0.02280855794517058,54,1,4,0.25
CEPS,-0.026211028675154013,52,1,3,0.45
CEPU,-0.06656514774597219,33,1,3,0.6
CEPV,-0.027284995377826728,51,1,5,0.55
CERS,-0.2619879699549501,10,1,7,0.5
CERT,0.21229494115982225,93,0,0,0.0
CET,0.005783604849557929,63,0,0,0.3
CETX,-0.27281576935825613,9,1,45,1.0
CETY,0.0774885895816162,80,1,2,0.2
CEV,-0.04270239024096191,41,1,5,0.65
CEVA,-0.2232092787437733,12,1,18,0.9
CF,-0.04516942348876275,40,1,3,0.15
CFBK,0.15638561622814737,90,0,0,0.0
CFFI,0.11276193746794441,86,0,0,0.4
CFFN,0.0915600468853911,83,0,0,0.0
CFG,0.060139988627556075,77,0,0,0.0
CFND,-0.13743060298850768,21,1,7,0.35
CFR,0.09404783925979743,83,1,1,0.05
CG,0.07164697702654252,79,0,0,0.1
CGAU,0.1447501602656818,89,0,0,0.4
CGBD,-0.06808205316270705,33,1,5,0.9
CGC,-0.10218296447235245,26,1,2,0.95
CGEM,0.05286406848232932,75,1,4,0.3
CGEN,-0.08110546232399518,30,1,2,0.25
CGNT,-0.05127377566042764,38,0,0,0.45
CGNX,0.08549673112234571,82,0,0,0.8
CGO,-0.06305362663994021,34,1,25,1.0
CGON,0.092375542073907,83,1,3,0.25
CGTL,-0.3254759576390377,6,1,59,1.0
CGTX,-0.13831609785739088,21,0,0,0.95
CHA,-0.05340699809134468,37,1,5,0.7
CHAI,-0.5800286133020143,2,1,35,1.0
CHAR,-0.02391487979346818,53,1,4,0.5
CHARU,-0.0422457768033617,42,1,3,0.6
CHCI,-0.074592954006101,31,1,13,0.8
CHCO,0.10578706127766474,85,0,0,0.05
CHCT,-0.16001014435592056,19,1,4,0.4
CHD,0.04253730809816012,73,0,0,0.35
CHDN,-0.04542402143244961,40,1,5,0.8
CHE,0.16435409507588716,91,0,0,0.0
CHEC,-0.026941956767997977,51,1,4,0.6
CHECU,-0.034188308729459285,46,1,3,0.6
CHEF,0.21336195997521543,93,0,0,0.1
CHGA,-0.40011374480946693,4,1,14,0.95
CHGG,-0.07460859508345197,31,0,0,0.5
CHH,-0.0032634100333245562,61,1,4,0.6
CHI,-0.015837985204957928,57,1,9,0.65
CHKP,-0.09345330390020055,28,1,5,0.55
CHMG,0.12644348537285505,87,0,0,0.0
CHMI,0.014442027415000197,66,0,0,0.7
CHNR,-0.06378972460315847,34,0,0,0.8
CHOW,-0.1108082905408162,25,1,33,1.0
CHPG,-0.027655552233344663,51,1,3,0.55
CHPGU,-0.024615794349520638,53,1,3,0.6
CHPT,-0.14224572225699042,21,1,31,1.0
CHR,-0.11943578098633728,24,1,4,0.6
CHRD,-0.023651254142962024,53,1,1,0.25
CHRN,0.28678767550376266,96,0,0,0.4
CHRS,-0.1615146174926581,18,1,4,0.85
CHRW,-0.19672073917541025,15,1,9,0.45
CHSCL,-0.029079764469585913,50,1,5,0.6
CHSCM,-0.021044651705060202,54,1,3,0.55
CHSCN,-0.01910972024385891,56,1,3,0.45
CHSCO,-0.033253280632849234,46,1,5,0.7
CHSCP,-0.04303147788217286,41,1,5,0.75
CHSN,-0.21333656010850402,13,1,82,1.0
CHT,-0.04141832143317409,42,1,4,0.5
CHTR,0.07071081551676048,79,0,0,0.6
CHW,-0.061062030600785425,35,1,10,0.95
CHWY,0.08784391753794596,82,0,0,0.05
CHY,-0.04304685238507692,41,1,15,0.75
CHYM,0.25733277929164544,95,0,0,0.0
CI,-0.07545591996489714,31,1,5,0.45
CIA,-0.1733772634780421,17,1,23,1.0
CIB,0.18055052632782911,92,0,0,0.05
CIEN,-0.16680026054504335,18,1,25,1.0
CIFR,-0.1878296464212245,16,1,2,0.65
CIG,-0.031346687800364696,48,1,3,0.15
CIGI,-0.008971774368172515,59,1,4,0.4
CII,-0.038227972178202084,44,1,15,0.75
CIIT,3.950841415434474,99,0,0,0.35
CIK,-0.04260819515955895,41,1,4,0.6
CIM,-0.12302343415465364,23,1,5,0.9
CINF,-0.006879495969519148,60,1,5,0.5
CING,-0.04143925417870422,42,0,0,0.75
CINT,-0.057212723537258994,36,0,0,0.75
CION,-0.09392012966715071,28,1,2,0.9
CIRC,-0.2337265644044019,12,1,8,0.9
CISO,-0.14023749283499845,21,1,24,1.0
CISS,-0.9809369813903601,0,1,113,1.0
CIVB,0.052069310121501865,75,1,2,0.2
CIX,0.11589890306364792,86,0,0,0.25
CJMB,0.5245645215695074,98,1,2,0.4
CKX,-0.05295474651728477,37,1,7,0.75
CL,0.0078196909798268,64,1,4,0.5
CLAR,0.08825751453473843,82,1,5,0.25
CLB,-0.13659256829132027,21,1,8,0.85
CLBK,0.11565165355788756,86,1,3,0.15
CLBT,-0.003400033115408742,61,0,0,0.4
CLDI,-0.35847481709965745,5,1,25,1.0
CLDT,0.14979995527427362,90,1,3,0.2
CLDX,0.13439011441827178,88,0,0,0.4
CLF,0.12970228418567964,88,0,0,0.5
CLFD,-0.059867329039786796,35,0,0,0.9
CLGN,-0.21258466103068605,13,1,18,0.95
CLH,0.005649484230054534,63,1,3,0.15
CLIK,-0.1984426946901939,15,1,6,0.6
CLIR,-0.09622190360206889,27,1,1,0.65
CLLS,-0.18649970673357405,16,1,5,0.85
CLM,-0.018757223913351707,56,1,3,0.35
CLMB,0.13022502786619652,88,0,0,0.05
CLMT,0.0541150483677841,76,1,2,0.1
CLNE,-0.15328669733532035,19,1,12,0.6
CLNN,-0.15346011051033012,19,1,16,0.8
CLOV,0.008671514856379132,64,1,11,0.9
CLPR,-0.12124096607917781,23,1,5,0.95
CLPS,-0.03866539858023426,43,1,2,0.75
CLPT,-0.14460239396560914,20,1,18,0.9
CLRB,-0.13378173309627633,22,1,2,0.8
CLRO,-0.3624515133261524,5,1,11,0.55
CLS,-0.07864045135034076,31,0,0,0.8
CLSK,-0.05028159915153438,38,1,2,0.65
CLST,0.013378829999227057,66,1,3,0.15
CLVT,-0.27358668917488593,9,1,6,0.65
CLW,0.45388632724843553,98,0,0,0.25
CLWT,0.12094660706685109,87,1,7,0.45
CLX,0.10947556643612663,85,0,0,0.45
CLYM,-0.008529924341373635,59,1,7,0.55
CM,0.023595530609831543,68,1,3,0.15
CMBT,0.03863756893113026,72,1,2,0.2
CMC,0.09671878880287221,84,0,0,0.3
CMCL,-0.008303984035738024,59,0,0,0.6
CMCM,-0.22032167865336627,13,1,92,1.0
CMCO,0.5144153799129866,98,0,0,0.2
CMCSA,0.006992038328786636,64,0,0,0.4
CMCT,0.1888860955524607,92,0,0,0.75
CMDB,0.006834611256481722,64,1,2,0.2
CME,0.013472050653001076,66,0,0,0.3
CMG,0.04917331171089875,74,1,2,0.35
CMI,-0.06035390442651466,35,1,8,0.9
CMMB,-0.21157295821740782,14,0,0,0.85
CMND,-0.37969991285275106,5,1,41,1.0
CMP,0.0005915805446063196,62,1,4,0.65
CMPR,0.02028582120825033,67,1,1,0.2
CMPS,0.09246196334342302,83,0,0,0.7
CMPX,-0.16647712906358708,18,1,17,0.85
CMRC,0.08236278452980944,81,0,0,0.3
CMRE,-0.06462840238030568,34,1,3,0.35
CMS,-0.07128507820295517,32,1,5,0.75
CMT,-0.0076682520517346725,60,1,6,0.5
CMTG,-0.3268767807502424,6,1,30,1.0
CMTL,-0.38567705570903654,5,1,36,1.0
CMTV,0.019613419535569943,67,1,3,0.35
CNA,0.08184279362238672,81,1,2,0.1
CNC,0.046145049851281296,74,0,0,0.5
CNCK,0.029692483016875486,70,1,7,0.35
CNDT,0.020605853757621514,67,0,0,0.15
CNET,0.6774247260963528,98,0,0,0.4
CNEY,-0.05848515164622817,35,1,9,0.75
CNF,-0.2469930448160667,11,1,13,0.95
CNH,-0.007122191368248688,60,1,1,0.6
CNI,0.040646605546888946,72,1,3,0.15
CNK,0.2565397350132339,95,0,0,0.35
CNL,-0.10124060599164925,26,1,4,0.75
CNM,-0.06901428089231632,33,0,0,0.9
CNMD,0.37618260977315865,97,0,0,0.0
CNNE,0.014580618351483145,66,1,4,0.25
CNO,0.09388904057117622,83,0,0,0.05
CNOB,0.0364245656180107,71,1,2,0.35
CNOBP,-0.016709675450679407,56,1,3,0.45
CNP,-0.09771291956394301,27,1,5,0.65
CNQ,-0.01022245670366918,59,1,2,0.2
CNR,-0.0619259185774941,34,1,9,0.65
CNS,0.08595063047941695,82,0,0,0.2
CNSP,-0.04708766229751376,40,0,0,0.25
CNTB,-0.07976929938136768,30,1,13,0.7
CNTN,-0.303547932667337,7,1,30,1.0
CNTX,-0.3796309404395344,5,0,0,0.95
CNTY,-0.1564007810697652,19,1,2,0.95
CNVS,-0.04449444638157957,41,0,0,0.9
CNX,-0.028259628441713636,50,1,1,0.35
CNXC,0.046292164732440015,74,0,0,0.35
CNXN,0.16902695998159747,91,0,0,0.0
COCH,-0.09485360246655924,27,1,14,0.85
COCO,-0.08503126260058436,30,1,10,0.65
COCP,-0.09459337441180689,28,0,0,0.9
CODA,-0.055603354280063064,36,1,1,0.45
CODI,-0.002399688393066972,61,0,0,0.65
CODX,-0.48666732658899187,3,1,38,1.0
COE,-0.0659263600595948,33,0,0,0.6
COF,0.10995732187959453,85,0,0,0.15
COFS,0.03445037085682281,71,1,3,0.35
COGT,0.10973874729789337,85,0,0,0.15
COHN,-0.13278926053953444,22,1,2,0.2
COHR,-0.08250779986769155,30,0,0,0.9
COHU,-0.0351328558757805,45,1,24,1.0
COIN,-0.14992956311771757,20,1,4,0.55
COKE,-0.015410099890162714,57,1,3,0.55
COLA,-0.0323293334891418,47,1,4,0.6
COLAU,-0.04249078182718745,42,1,4,0.7
COLB,-0.01331294454492337,58,1,9,0.45
COLD,-0.0795032169117376,31,1,12,0.6
COLL,-0.013084319219532282,58,1,4,0.4
COLM,-0.1327003906912093,22,1,5,0.75
COMP,0.3480303978195463,97,0,0,0.2
CON,0.0929450955902793,83,1,3,0.15
COO,0.09305712981841255,83,0,0,0.05
COOK,0.12983242036330248,88,0,0,0.8
COOT,-0.3438746401160128,6,1,33,1.0
COP,-0.026001062944613774,52,1,2,0.2
COPL,-0.028853009469221737,50,1,4,0.6
COR,0.04700106400854478,74,0,0,0.1
CORT,0.42937621664092196,97,0,0,0.0
CORZ,-0.09829247840602723,27,1,9,0.9
COSM,-0.25714913588405675,10,1,2,0.65
COSO,0.009665115044661984,64,1,3,0.5
COST,-0.05922109960697469,35,1,3,0.65
COTY,0.28069373673405257,95,0,0,0.0
COUR,-0.024106825905715935,53,1,1,0.75
COYA,-0.1437906991264966,20,1,20,1.0
CP,0.008259368266079807,64,1,5,0.25
CPA,0.0793868887713087,80,0,0,0.8
CPAC,0.041876255220697246,73,1,4,0.3
CPAY,0.10976370684224918,85,0,0,0.0
CPB,0.019924991876252025,67,0,0,0.5
CPBI,0.09498252276573357,84,0,0,0.0
CPF,0.062340423440441904,77,1,2,0.1
CPHC,-0.05433779725939845,37,1,5,0.8
CPHI,0.839854786132963,99,1,8,0.6
CPIX,0.6682231797331847,98,0,0,0.25
CPK,0.051389960525846816,75,1,3,0.15
CPNG,-0.15759203501540858,19,1,18,0.9
CPOP,-0.8140457669110341,0,1,37,1.0
CPRI,-0.1938975595709357,15,1,21,1.0
CPRT,-0.08371294501183642,30,1,3,0.75
CPS,0.043134105071772934,73,0,0,0.25
CPSH,-0.16400145497609234,18,1,36,1.0
CPSS,-0.04039248219466738,43,1,2,0.6
CPT,-0.0398108596003839,43,1,5,0.55
CPZ,0.01895525356255756,67,0,0,0.35
CQP,-0.03547406663127275,45,1,2,0.2
CR,0.08652775805977753,82,1,6,0.3
CRAC,-0.02889592070701006,50,1,3,0.6
CRACU,-0.030416627284541642,48,1,4,0.6
CRAI,0.12451919611245063,87,0,0,0.0
CRAN,-0.03092724450415385,48,1,4,0.6
CRANU,-0.02164884917520158,54,1,3,0.4
CRAQ,-0.028188851439135788,50,1,3,0.5
CRAQU,-0.016919328864506623,56,1,4,0.45
CRBG,0.13757978719045247,89,0,0,0.1
CRBP,0.014088251866547122,66,0,0,0.4
CRBU,-0.21383950696175624,13,1,18,0.9
CRC,-0.1311439806399594,22,1,8,0.85
CRCL,-0.22769146215801886,12,1,11,0.95
CRCT,0.4109242751819148,97,0,0,0.1
CRDF,-0.376672097673724,5,1,46,1.0
CRDL,0.18366372114263094,92,0,0,0.15
CRDO,-0.036097917981373406,45,1,1,0.8
CRE,-0.2652994825906572,9,1,13,0.7
CRESY,-0.021101949514039632,54,1,4,0.6
CREX,-0.2678476033462463,9,1,22,1.0
CRF,-0.011736054335902593,58,1,3,0.25
CRGO,-0.17581053920657666,17,1,1,0.9
CRGY,-0.021202301313588717,54,1,1,0.4
CRH,-0.10315315272022699,26,1,6,0.9
CRI,0.023211174405099524,68,1,2,0.85
CRIS,-0.38817705863583707,5,1,25,1.0
CRK,-0.14617117191273235,20,1,8,0.85
CRL,0.23846418744946443,94,0,0,0.05
CRM,0.04980159424314725,75,0,0,0.3
CRMD,-0.16412291856002514,18,1,13,0.9
CRML,-0.3690780834450625,5,1,26,1.0
CRMT,-0.3197940232769146,7,1,11,0.8
CRNC,-0.17536016765120024,17,1,22,1.0
CRNT,-0.1878581339071036,16,1,35,1.0
CRNX,0.6089279976436597,98,0,0,0.0
CRON,-0.041029899485228415,42,1,3,0.45
CROX,0.12321868221160251,87,0,0,0.1
CRS,0.052968659097983865,75,1,7,0.7
CRSP,-0.12574059264372445,23,0,0,0.9
CRSR,0.24938959677780667,95,0,0,0.0
CRT,0.0007577295307249141,62,0,0,0.35
CRTO,-0.20043771420158588,14,1,1,0.2
CRUS,-0.22011160381648626,13,1,42,1.0
CRVL,-0.011320758171711864,59,1,5,0.8
CRVO,-0.20216679285917866,14,1,18,0.9
CRVS,-0.05420842849690194,37,1,11,0.65
CRWD,0.20782808099859437,93,0,0,0.4
CRWS,0.026078630439137378,69,1,5,0.25
CRWV,-0.10557884398156364,26,0,0,0.85
CSAI,10.813646877692989,99,0,0,0.45
CSAN,-0.06969927004310789,32,1,2,0.15
CSBR,-0.1295716416496451,22,1,7,0.65
CSCO,0.04966734162576345,75,0,0,0.5
CSGP,-0.08578221245650913,29,1,2,0.6
CSIQ,-0.07664122482909583,31,1,1,0.8
CSL,0.06558011918665813,78,0,0,0.6
CSPI,-0.10582887014624681,26,1,19,0.95
CSQ,-0.007840705556979688,59,1,9,0.55
CSR,-0.0680799221769722,33,1,5,0.9
CSTE,0.21804581467035164,94,0,0,0.5
CSTL,0.2733800775426322,95,0,0,0.1
CSTM,-0.11010265264035482,25,1,9,0.95
CSV,0.005113727210244938,63,0,0,0.55
CSW,0.2416714424863001,95,0,0,0.25
CSWC,0.013241178989751565,66,1,1,0.2
CSX,0.05253091726694167,75,1,3,0.15
CTAS,0.09434543809451487,83,1,2,0.1
CTBI,0.10760841010229921,85,0,0,0.0
CTEV,-0.13814968137782335,21,1,19,0.95
CTGO,-0.03690397566655296,44,0,0,0.75
CTKB,-0.11101195192632338,25,1,6,0.35
CTM,0.09440915242970635,83,0,0,0.55
CTMX,-0.11739671944170862,24,1,13,0.65
CTNM,0.07399632063528902,80,0,0,0.25
CTNT,0.054990723321234426,76,1,78,1.0
CTO,0.019587104912370097,67,1,3,0.2
CTOR,-0.021122482914304283,54,0,0,0.85
CTOS,0.09548707327697831,84,0,0,0.6
CTRE,0.0022984552036335246,62,1,3,0.25
CTRI,-0.29491118550203405,8,1,3,0.9
CTRM,-0.0917471041384598,28,0,0,0.85
CTRN,0.3871232063146188,97,0,0,0.0
CTS,0.06322916640232881,78,0,0,0.6
CTSH,0.13084463146725991,88,0,0,0.4
CTSO,-0.19757417250130188,15,1,28,1.0
CTVA,-0.08776738099672794,29,1,4,0.2
CTW,-0.05949158032462344,35,1,3,0.65
CTXR,0.2591348076808299,95,0,0,0.65
CUB,-0.03133380688991603,48,1,4,0.6
CUBE,0.015201166713434494,66,1,4,0.4
CUBI,0.05116676310493324,75,0,0,0.45
CUBWU,-0.02826663943112029,50,1,3,0.55
CUE,-0.21249238700603582,13,1,7,0.45
CULP,0.041049959222640105,72,1,4,0.25
CUPR,0.007871394555744073,64,1,18,0.9
CURB,-0.01155375832730322,58,1,5,0.5
CURI,-0.13225272549585831,22,1,1,0.95
CURR,0.025961475583777656,69,1,3,0.25
CURV,0.5555748329606331,98,0,0,0.0
CURX,-0.3177639744703315,7,1,33,1.0
CUVL,-0.09346646410245324,28,1,12,0.7
CUZ,0.04093647990845511,72,1,3,0.15
CV,0.0243018150178611,68,1,1,0.45
CVBF,0.04155894367756912,72,1,2,0.2
CVCO,0.03714608564931204,72,0,0,0.7
CVE,-0.019901769407022797,55,1,2,0.15
CVEO,-0.0343568431199726,45,1,6,0.5
CVGI,-0.2578872593731908,10,1,11,0.85
CVI,-0.03441119039763089,45,1,3,0.15
CVKD,-0.5252692238398784,2,1,60,1.0
CVLG,-0.16018987372043383,19,1,8,0.4
CVLT,-0.012874797256539595,58,1,7,0.4
CVM,0.03265382554003756,70,0,0,0.55
CVNA,-0.020912428619703487,55,0,0,0.65
CVR,-0.03049195018508588,48,1,2,0.6
CVRX,-0.11429144173955327,24,0,0,0.75
CVS,0.0068722632319644025,64,1,4,0.2
CVSA,-0.029227524996051378,49,0,0,0.45
CVU,-0.020064151393189608,55,1,3,0.65
CVV,0.13041983375370067,88,0,0,0.5
CVX,-0.006003292388276703,60,1,2,0.2
CW,-0.03815104422948543,44,1,7,0.85
CWBC,-0.021358046088941117,54,1,9,0.5
CWCO,-0.03576740125017999,45,1,4,0.55
CWD,-0.5262251374905331,2,1,13,0.95
CWEN,-0.17452033388865412,17,1,39,1.0
CWH,-0.09516893464618881,27,1,2,0.95
CWK,-0.015583537754832278,57,0,0,0.5
CWST,-0.048668500045099705,39,1,13,0.65
CWT,0.02942485874123301,70,1,4,0.2
CX,-0.10863710202450863,25,1,10,0.65
CXAI,-0.21601933285054387,13,1,30,1.0
CXDO,-0.2308103592262944,12,1,16,0.8
CXM,0.20080656989677612,93,0,0,0.05
CXT,0.15034376508290972,90,1,1,0.05
CXW,0.22700225175482133,94,1,6,0.3
CYCN,0.04964545635405209,74,1,5,0.4
CYCU,0.13054027778451147,88,0,0,0.75
CYD,0.005088938866589204,63,0,0,0.55
CYH,-0.12129819385883747,23,1,14,0.8
CYN,-0.202705127837875,14,1,20,1.0
CYPH,-0.14910826536980468,20,0,0,0.7
CYRX,0.005771581559582177,63,1,9,0.45
CYTK,-0.04127051355733139,42,1,8,0.7
CZFS,0.1776910729918828,92,0,0,0.05
CZNC,0.11636109296160368,86,0,0,0.1
CZR,-0.015119337481639038,57,1,5,0.5
CZWI,-0.0439573411411195,41,1,8,0.4
D,-0.018098059771722762,56,1,5,0.3
DAAQ,-0.2325940454461339,12,1,6,0.7
DAAQU,-0.2973991999173747,8,1,11,0.55
DAC,0.06778296850618423,78,1,2,0.2
DAIC,-0.7429620467603797,1,1,72,1.0
DAIO,-0.18034966914361147,16,1,24,1.0
DAKT,0.06312034910787526,78,0,0,0.55
DAL,0.10942026249886308,85,0,0,0.5
DAN,-0.09142631413065697,28,1,9,0.9
DAO,0.38163014789130045,97,0,0,0.0
DAR,-0.07368216584071233,32,1,4,0.3
DARE,-0.44065789655741,3,1,27,1.0
DASH,0.13363216089822458,88,0,0,0.15
DAVA,-0.0606319254564518,35,1,1,0.7
DAVE,0.34556108840902566,96,0,0,0.15
DB,0.09702494346817411,84,0,0,0.15
DBD,-0.08004517226000502,30,1,6,0.35
DBI,-0.011571589808416986,58,0,0,0.6
DBL,-0.03529172516631692,45,1,5,0.75
DBRG,-0.019881133114787695,55,1,4,0.5
DBVT,-0.23434378611887652,12,1,20,1.0
DBX,0.23424923846748272,94,0,0,0.1
DC,0.08911654088135759,82,0,0,0.45
DCBO,0.053786314948393095,76,1,1,0.15
DCGO,0.0068180840249987065,63,1,1,0.1
DCH,0.041078159075729016,72,0,0,0.4
DCI,0.0838773916674615,81,0,0,0.0
DCO,0.15090542184535505,90,0,0,0.4
DCOM,0.057549132759595494,76,0,0,0.25
DCOY,-0.4045894948291002,4,1,21,1.0
DCTH,0.006257202733873195,63,1,1,0.5
DCX,-0.3087650418641686,7,1,3,0.85
DD,0.003537512401692554,63,0,0,0.5
DDC,-0.5986112821371429,2,1,46,1.0
DDD,0.21157851982266887,93,0,0,0.75
DDI,0.012997692878620716,66,0,0,0.5
DDL,-0.04681117004851592,40,1,2,0.15
DDOG,0.2548283423703538,95,0,0,0.15
DDS,0.07966598134889796,81,0,0,0.3
DE,-0.002699351671423371,61,1,5,0.65
DEA,0.004292061588992757,63,1,5,0.45
DEC,-0.12213185574578611,23,1,2,0.85
DECK,-0.09076451463411303,28,1,5,0.7
DEFT,-0.18556037506926726,16,0,0,0.85
DEI,-0.04275658864066091,41,1,5,0.45
DELL,0.2794292940617339,95,0,0,0.45
DEO,0.05609650154417838,76,0,0,0.25
DERM,-0.003636576826008063,61,1,10,0.5
DFDV,-0.18567426660195993,16,1,10,0.85
DFH,-0.06824304803663059,33,1,5,0.7
DFIN,0.1363784861413072,89,0,0,0.1
DFLI,-0.42410699675286495,4,1,25,1.0
DFP,-0.0197577839101478,55,1,4,0.3
DFSC,-0.5566315557315334,2,1,35,1.0
DFTX,0.4030411559165423,97,0,0,0.15
DG,0.10383574489320865,85,0,0,0.1
DGICA,0.07742191210025082,80,0,0,0.2
DGICB,0.1001967427676774,84,0,0,0.55
DGII,0.04874551200727733,74,0,0,0.6
DGNX,0.20207722895822736,93,1,2,0.2
DGX,0.13403093266703336,88,0,0,0.2
DGXX,-0.31246779837206357,7,1,30,1.0
DH,-0.3035679279614448,7,1,14,0.85
DHC,0.008886318838290656,64,1,6,0.55
DHF,-0.03568165346579488,45,1,5,0.85
DHI,-0.029805634520743786,49,1,5,0.9
DHR,0.030970614833973432,70,1,3,0.25
DHT,0.006929539031177094,64,1,2,0.3
DHX,0.18233103536752326,92,0,0,0.2
DHY,-0.03239829879425683,47,1,4,0.55
DIBS,0.06347855338609296,78,0,0,0.9
DIN,0.0971930956018083,84,1,2,0.3
DINO,0.0934059070363829,83,1,2,0.1
DIOD,-0.18610068852867392,16,1,28,1.0
DIS,0.0018679493836560868,62,0,0,0.7
DIT,-0.1322558475064189,22,1,37,1.0
DJCO,0.07843276312485489,80,1,3,0.2
DJT,0.13476527379150227,88,0,0,0.05
DK,0.16134917838556262,91,1,1,0.05
DKI,1.4270678490996715,99,1,13,0.9
DKL,0.06469990745607551,78,1,1,0.05
DKNG,-0.19216766246409547,15,1,5,0.9
DKS,-0.12027107363217077,23,1,23,1.0
DLB,0.13814127934592804,89,0,0,0.55
DLHC,-0.1441213839846668,20,1,5,0.7
DLNG,-0.04330685172831171,41,1,1,0.3
DLO,0.08995972919533013,82,0,0,0.0
DLPN,-0.07937352894037258,31,1,1,0.9
DLR,0.03491602148762587,71,0,0,0.5
DLTH,0.05638483106358896,76,1,6,0.65
DLTR,0.11943375310587387,87,0,0,0.15
DLX,0.0361922779709189,71,1,1,0.05
DLXY,-0.26437156262503075,10,1,9,0.75
DLY,-0.02234791962122562,54,1,3,0.4
DMA,-0.01819965039578584,56,1,5,0.25
DMAA,-0.026026268309592693,52,1,3,0.5
DMAAU,-0.014159094709265619,57,1,2,0.4
DMAC,-0.061104049089096085,35,1,13,0.7
DMB,-0.060793325744156315,35,1,12,0.9
DMC,-0.05800322035247765,36,1,2,0.55
DMII,-0.029768184858220303,49,1,3,0.6
DMIIU,-0.03171226434454455,47,1,3,0.6
DMLP,-0.03232693501129558,47,1,3,0.15
DMO,-0.0483852311320184,39,1,5,0.75
DMRA,0.14248198419660926,89,0,0,0.1
DMRC,-0.12712916158921705,23,0,0,0.85
DNA,-0.02863742517931043,50,0,0,0.8
DNLI,0.052127341345127025,75,1,4,0.7
DNMX,-0.032345606863361964,47,1,3,0.6
DNMXU,-0.03187173472743219,47,1,4,0.6
DNN,-0.09985771694187137,27,0,0,0.9
DNOW,0.052727365584441736,75,1,1,0.3
DNP,-0.03594562243488131,45,1,5,0.3
DNTH,0.20405795288844505,93,0,0,0.0
DNUT,-0.11363958979844846,25,1,24,1.0
DOC,0.06980782503969304,79,1,4,0.2
DOCN,-0.20995055896768305,14,1,10,0.9
DOCS,-0.07690654095814625,31,1,5,0.5
DOCU,0.15100439427234674,90,0,0,0.1
DOGZ,-0.15010206373160953,20,1,27,1.0
DOLE,-0.06347973800700195,34,1,4,0.4
DOMH,-0.20694746831719965,14,1,32,1.0
DOMO,-0.01657615945589589,56,0,0,0.05
DOO,0.07512367472559378,80,0,0,0.35
DORM,0.04143327512454694,72,0,0,0.3
DOUG,-0.11919544665264609,24,1,13,0.75
DOV,-0.057923972366091016,36,1,25,1.0
DOW,-0.11309671067675608,25,1,3,0.55
DOX,-0.05861098179201309,35,1,1,0.55
DOYU,-0.057693535089197084,36,1,4,0.8
DPG,-0.02992048914020511,49,1,5,0.35
DPRO,-0.23119235975096802,12,1,37,1.0
DPZ,0.13379238776116914,88,0,0,0.1
DQ,-0.12038665951344313,23,0,0,0.85
DRCT,-0.1660317303682118,18,0,0,0.9
DRD,-0.05636292311817697,36,0,0,0.9
DRDB,-0.029195824602788557,49,1,3,0.55
DRDBU,-0.028167963016247178,50,1,4,0.65
DRH,0.12876195677041125,88,0,0,0.15
DRI,0.02389511556453556,68,0,0,0.65
DRIO,0.0012205037922873307,62,0,0,0.45
DRMA,-0.15815443700344664,19,1,7,0.65
DRS,-0.031359011763765376,48,1,5,0.6
DRTS,0.2314003952388032,94,0,0,0.3
DRUG,0.09268329016946145,83,0,0,0.2
DRVN,-0.0007856122489790021,61,1,5,0.45
DSAC,-0.023340675772908572,53,1,4,0.45
DSACU,-0.02124758887865579,54,1,4,0.55
DSGN,0.008134784862546672,64,0,0,0.8
DSGR,0.23809119518198688,94,0,0,0.2
DSGX,0.0035463209709242285,63,0,0,0.4
DSL,-0.045061817461493486,40,1,5,0.75
DSM,-0.06710054317971612,33,1,12,0.95
DSP,-0.04677726011991097,40,0,0,0.6
DSS,-0.0500832514526451,39,1,10,0.7
DSU,-0.04868821953747575,39,1,5,0.95
DSWL,-0.022799414732999512,54,1,8,0.45
DSX,0.06755189436766582,78,0,0,0.35
DSY,0.18524920905576128,92,1,1,0.65
DT,0.14605804572374,89,0,0,0.25
DTCX,-0.11125355718338653,25,1,13,0.65
DTE,-0.08785444955094232,29,1,8,0.9
DTF,-0.022906026518656475,54,1,5,0.6
DTI,-0.10937898276790978,25,1,2,0.35
DTIL,-0.07991737073003694,30,1,14,0.7
DTM,-0.11397864408744604,24,1,8,0.65
DTSQ,-0.03815916928398041,44,1,5,0.65
DTSQU,-0.028739164791868464,50,1,3,0.65
DTSS,-0.015821184132214394,57,0,0,0.5
DTST,-0.1464806642934765,20,1,17,0.9
DUK,-0.05411062899026815,37,1,5,0.6
DUO,-0.32939558843109784,6,1,61,1.0
DUOL,0.11100628500016649,86,0,0,0.25
DUOT,-0.16830641210083158,18,1,2,0.95
DV,0.03974273837984508,72,0,0,0.25
DVA,-0.09632216196977879,27,1,3,0.15
DVLT,-0.3508346481115853,6,1,12,0.85
DVN,-0.09484276101811295,27,1,3,0.45
DWSN,-0.1399363472423245,21,1,18,0.9
DWTX,0.18252101266948367,92,0,0,0.5
DX,-0.03485697434093026,45,1,5,0.65
DXC,0.05170577298341838,75,0,0,0.25
DXCM,0.14748940240482217,90,0,0,0.2
DXF,-0.3126985674526865,7,1,11,0.95
DXLG,-0.1922104187357054,15,1,33,1.0
DXPE,0.009266168974777833,64,1,1,0.45
DXR,-0.058122101660511266,35,1,2,0.3
DXST,0.037912306904188904,72,0,0,0.8
DXYZ,-0.25843133861741036,10,1,46,1.0
DY,-0.10971805325255057,25,1,9,0.95
DYAI,0.07923981847201877,80,1,7,0.35
DYN,0.24130208614389728,94,0,0,0.0
DYNC,-0.025484824814150955,52,1,4,0.6
DYNCU,-0.034301331003731055,45,1,3,0.6
DYOR,-0.027719002389629835,51,1,3,0.55
DYORU,-0.03246445790386545,47,1,3,0.6
E,0.003022211924093042,63,1,1,0.25
EA,-0.004435277512956914,61,1,2,0.35
EAD,-0.03918977799798856,43,1,5,0.9
EAF,0.08904937253444889,82,0,0,0.4
EARN,-0.06179499712761725,35,1,4,0.6
EAT,0.41912477357407535,97,0,0,0.0
EBAY,-0.032091572099701746,47,1,3,0.45
EBC,0.06104233651702377,77,1,2,0.1
EBF,0.04304994756246421,73,0,0,0.15
EBMT,-0.0062282480560296866,60,1,4,0.65
EBON,-0.17806082833065182,16,1,6,0.95
EBS,-0.1444439411559755,20,1,25,1.0
EC,0.06924568389940969,79,1,2,0.1
ECAT,-0.005228975998432597,60,1,11,0.55
ECBK,0.05213080318722987,75,1,2,0.2
ECC,-0.04511270259130117,40,1,2,0.75
ECCC,-0.014752580230405578,57,1,4,0.4
ECF,-0.0465218949292311,40,1,25,1.0
ECG,-0.06633510462839146,33,0,0,0.95
ECHO,-0.22514311883242066,12,1,37,1.0
ECL,0.030222070480135137,70,0,0,0.5
ECO,0.13446265683845762,88,0,0,0.05
ECOR,-0.2371585075925823,11,1,23,1.0
ECPG,0.044744131543766795,73,1,1,0.2
ECVT,-0.12796310275686157,22,1,8,0.65
ECX,-0.10085780113827061,26,0,0,0.85
ED,-0.042150528006190985,42,1,5,0.45
EDBL,-0.7009367982851411,1,1,115,1.0
EDD,0.05003860141211645,75,1,4,0.2
EDF,-0.06205510834801871,34,1,20,1.0
EDHL,-0.015071582189236758,57,1,2,0.7
EDIT,-0.21034058519859467,14,1,18,0.9
EDN,-0.016769434524028418,56,1,2,0.45
EDRY,0.19972508538876058,93,0,0,0.2
EDSA,-0.3940973618956548,4,1,24,1.0
EDTK,-0.06932500529527624,32,1,1,0.85
EDU,0.14487836317001337,89,0,0,0.0
EDUC,-0.11376721479375235,24,1,14,0.9
EE,0.036209094359930714,71,1,2,0.25
EEA,0.005665251950306378,63,1,3,0.5
EEFT,-0.03339244789694269,46,1,5,0.25
EEIQ,-0.2319077711820717,12,1,30,1.0
EFC,-0.030582178489249344,48,1,4,0.6
EFOI,-0.11276690660099897,25,0,0,0.75
EFOR,0.589161914698583,98,0,0,0.35
EFR,-0.013211341276629086,58,1,4,0.35
EFSC,0.03766898494581685,72,1,3,0.15
EFSCP,-0.054022477338562504,37,1,4,0.6
EFSI,-0.006196516164430531,60,1,5,0.55
EFT,-0.022211114203377028,54,1,5,0.55
EFTY,-0.03384803832851311,46,1,3,0.6
EFX,-0.005298958258418911,60,1,4,0.3
EFXT,-0.14791827977528613,20,1,9,0.95
EG,0.033602721260216926,71,1,4,0.2
EGAN,0.01036989391757339,65,0,0,0.55
EGBN,0.02261851957300784,68,1,5,0.65
EGG,-0.5964703693355848,2,1,12,0.85
EGHA,-0.03232972118648501,47,1,3,0.55
EGHAU,-0.07746829326690599,31,1,4,0.8
EGHT,0.05788643563447509,76,0,0,0.45
EGO,0.111941030044516,86,0,0,0.5
EGP,-0.04896454361270547,39,1,5,0.35
EGY,-0.10640580661657367,26,1,5,0.55
EH,-0.26962587509439734,9,1,44,1.0
EHC,0.01213946969145014,65,1,3,0.15
EHGO,-0.0015586465530849983,61,1,5,0.75
EHI,-0.03963172130740929,43,1,5,0.8
EHLD,-0.037287700401494844,44,1,7,0.5
EHTH,-0.27779987660761973,9,1,19,0.95
EIC,-0.07541825119443224,31,1,5,0.9
EICA,-0.026324164367613603,52,1,4,0.55
EIG,0.045881393047329126,73,1,3,0.25
EIIA,-0.02450664954713593,53,1,4,0.5
EIKN,-0.14346763957762915,21,1,19,0.95
EIM,-0.05169079474309414,38,1,5,0.8
EIX,-0.09326531026225143,28,1,4,0.2
EJH,-0.2293192639456442,12,1,8,0.6
EL,0.006499382477247774,63,0,0,0.55
ELA,-0.08265500457545721,30,1,24,1.0
ELAB,-0.35916568203804333,5,1,81,1.0
ELAN,0.044645481381007705,73,0,0,0.1
ELBM,-0.07615281059159809,31,0,0,0.95
ELDN,-0.1275117399591588,22,1,11,0.75
ELE,0.038979804030610764,72,0,0,0.55
ELF,0.33377680437427687,96,0,0,0.0
ELLO,-0.05606215794072229,36,0,0,0.5
ELMD,0.09077125257765226,83,1,5,0.7
ELME,-0.11635515000975519,24,1,2,0.7
ELOG,-0.17610991690663053,17,1,5,0.75
ELPC,-0.04980567266376077,39,1,3,0.55
ELPW,-0.8979679504735836,0,1,59,1.0
ELS,-0.008766406795627592,59,1,4,0.4
ELTK,0.007598436396163012,64,0,0,0.7
ELTX,-0.33525900060290004,6,1,36,1.0
ELUT,-0.1518499916923752,20,1,7,0.95
ELV,-0.06609953926127222,33,1,16,0.8
ELVA,-0.08206496352814142,30,0,0,0.85
ELVN,0.34417211646323537,96,0,0,0.0
ELVR,-0.27276957928414497,9,1,32,1.0
ELWT,0.15287779074884936,90,0,0,0.2
EMA,-0.04263908527120733,41,1,3,0.3
EMAT,-0.6218429077862823,1,1,32,1.0
EMBC,-0.006463127465122499,60,1,1,0.45
EMBJ,0.13399246027137804,88,0,0,0.0
EMD,-0.024513200971334484,53,1,5,0.55
EME,-0.03040252640157503,48,0,0,0.75
EMF,-0.054599369550049626,37,1,25,1.0
EMIS,-0.02724175663953121,51,1,3,0.6
EML,-0.0037603396514378426,61,1,12,0.6
EMN,-0.007827599355366213,59,0,0,0.7
EMO,-0.024731048275820313,53,1,3,0.25
EMPD,-0.32354319829966827,6,1,20,1.0
EMR,0.1340632134417679,88,0,0,0.45
ENB,-0.09588235912085671,27,1,5,0.5
ENGN,-0.20551718944661077,14,1,9,0.8
ENGS,0.3504107449805086,97,1,1,0.2
ENIC,0.0008371055019129603,62,1,2,0.6
ENLT,-0.09089225479638066,28,1,1,0.5
ENLV,-0.7961822563789681,0,1,43,1.0
ENOV,0.2037646330815004,93,0,0,0.0
ENPH,-0.19370866012643043,15,1,42,1.0
ENR,0.12580676791133133,87,0,0,0.6
ENS,-0.1377235509288608,21,1,25,1.0
ENSC,0.16737855945683397,91,0,0,0.6
ENSG,0.01842635061444555,67,0,0,0.05
ENTA,-0.049609543106862275,39,1,13,0.9
ENTG,0.012942720526723607,65,0,0,0.9
ENTX,0.9880038426022875,99,0,0,0.0
ENVA,0.30186813562348114,96,0,0,0.1
ENVB,-0.10639676124261446,26,0,0,0.75
ENVX,-0.32490050854480573,6,1,31,1.0
EOD,-0.015771516521636865,57,1,11,0.6
EOG,-0.05128229242992193,38,1,2,0.2
EOI,-0.012441369539197278,58,1,3,0.2
EOLS,-0.11365947544149402,24,1,6,0.95
EONR,-0.2551698132520821,10,1,8,0.5
EOS,-0.03746219767238459,44,1,14,0.8
EOSE,-0.3664303361485646,5,1,1,0.95
EOT,-0.013592686268046217,58,1,4,0.7
EP,-0.12301868883479147,23,1,9,0.95
EPAC,0.049858475727874156,75,0,0,0.5
EPAM,0.11777747743256539,86,0,0,0.35
EPC,0.21903713785757375,94,0,0,0.1
EPD,-0.025640685454918002,52,1,3,0.3
EPM,-0.16449860167094058,18,1,8,0.65
EPOW,-0.38852172964744675,5,1,23,1.0
EPR,0.031057701989227283,70,1,3,0.15
EPRT,-0.029100334662142558,49,1,5,0.25
EPRX,-0.06696778907062031,33,1,2,0.75
EPSM,-0.042880655545749484,41,0,0,0.45
EPSN,-0.0755614439779096,31,1,3,0.45
EQ,-0.23478997398641646,11,1,19,0.95
EQBK,0.05765025858302616,76,1,2,0.2
EQH,0.13691321717839564,89,0,0,0.15
EQIX,-0.02982119478081209,49,1,4,0.8
EQNR,0.01846762629276999,67,1,2,0.15
EQPT,0.022807836606925577,68,0,0,0.55
EQR,-0.04200120585362319,42,1,5,0.5
EQS,-0.05539288678247376,36,1,5,0.85
EQT,-0.08576473376138061,29,1,2,0.55
EQX,-0.08668859964990308,29,0,0,0.9
ERAS,0.26695489043099496,95,1,4,0.3
ERC,-0.011769746098599244,58,1,5,0.4
ERH,-0.05705054710862315,36,1,6,0.4
ERIC,-0.1742502712569224,17,1,17,0.9
ERIE,0.027990724251081234,69,0,0,0.5
ERII,-0.05313623050954264,37,1,1,0.8
ERNA,-0.3475059409831193,6,1,14,0.9
ERO,0.10968644715047896,85,0,0,0.5
ES,-0.02511978978097379,52,1,4,0.25
ESAB,-0.037103300235432485,44,0,0,0.75
ESBA,-0.11190526569473688,25,1,5,0.45
ESCA,0.17088730572305091,91,0,0,0.2
ESE,-0.012469456131078943,58,1,8,0.85
ESEA,0.08049789329023627,81,1,1,0.05
ESI,-0.08839603420100658,29,1,24,1.0
ESLA,-0.32235556747152583,7,1,66,1.0
ESLT,0.034778835073750895,71,0,0,0.4
ESNT,0.05236538277724264,75,1,2,0.15
ESOA,-0.10411584470362367,26,1,9,0.95
ESP,-0.018772500908383186,56,0,0,0.9
ESQ,0.12442808495228205,87,0,0,0.15
ESRT,-0.13140735609285706,22,1,5,0.45
ESS,-0.026863325500945813,51,1,5,0.25
ESTA,0.082273695560719,81,1,1,0.1
ESTC,0.15181403540078361,90,0,0,0.2
ET,-0.00650850928236766,60,1,3,0.15
ETB,-0.015896638746180282,57,1,3,0.25
ETD,0.12129382898247215,87,0,0,0.15
ETG,0.016393515573662996,66,0,0,0.5
ETJ,-0.01991367252340115,55,1,3,0.15
ETN,0.07023313016849375,79,0,0,0.55
ETO,0.0034553072441209573,63,1,1,0.4
ETON,0.3550180354416267,97,0,0,0.0
ETOR,-0.12946986410335568,22,1,6,0.95
ETR,-0.09454283819695825,28,1,7,0.65
ETS,0.6510835586507366,98,0,0,0.0
ETSY,0.1763939264721418,92,0,0,0.0
ETV,-0.02051325081507227,55,1,10,0.5
ETW,-0.0035662334877715647,61,1,3,0.25
ETX,-0.05478365054136641,37,1,8,0.75
ETY,-0.03416277572437535,46,1,3,0.8
EU,-0.2368618045005397,11,1,32,1.0
EUDA,0.18304703893580923,92,0,0,0.4
EURK,0.009376798140686503,64,1,4,0.35
EURKU,0.0027442624179530237,62,1,2,0.1
EVAC,-0.025194346009437152,52,1,3,0.6
EVAX,-0.2172346666303088,13,1,63,1.0
EVC,0.4254144800466426,97,0,0,0.55
EVCM,0.1434138857267389,89,0,0,0.0
EVER,-0.0016858213628534735,61,1,5,0.25
EVEX,-0.06117653155376698,35,0,0,0.85
EVF,-0.022324284715481802,54,1,4,0.5
EVG,-0.03531055148365331,45,1,5,0.65
EVGN,0.19156639658313004,92,0,0,0.35
EVGO,-0.28346675312123065,8,1,41,1.0
EVH,-0.3843225054131181,5,1,10,0.5
EVI,-0.21911096818468084,13,1,5,0.75
EVLV,-0.09681189757644465,27,0,0,0.9
EVMN,-0.2492737130107846,10,1,27,1.0
EVN,-0.05789009716587355,36,1,12,0.8
EVO,-0.36272960295784984,5,1,19,0.95
EVOX,-0.03125163477346602,48,1,3,0.6
EVOXU,-0.029896813218789876,49,1,3,0.6
EVR,-0.10269421670276427,26,1,6,0.75
EVRG,-0.04760418235937616,39,1,6,0.5
EVT,0.03267173783628179,70,0,0,0.25
EVTC,0.1496430321057691,90,0,0,0.0
EVTL,-0.40010723573373863,4,1,45,1.0
EVV,-0.039674823348772995,43,1,5,0.8
EW,-0.04486327545908847,40,1,2,0.7
EWBC,0.018117472234696036,67,1,4,0.25
EWTX,0.08697211747232553,82,0,0,0.5
EXC,-0.045232086565593736,40,1,5,0.65
EXE,-0.05192242135983505,38,1,2,0.6
EXEL,0.042175434619236236,73,1,4,0.25
EXFY,0.44771570129711963,97,0,0,0.0
EXG,0.009824196663089688,65,1,2,0.2
EXK,0.023650860437743247,68,0,0,0.8
EXLS,0.13042750006197076,88,0,0,0.35
EXOD,-0.08195915950287355,30,0,0,0.6
EXOZ,-0.39113985769869264,4,1,23,1.0
EXP,-0.011727268084621968,58,0,0,0.75
EXPD,0.09152712129488338,83,0,0,0.25
EXPE,0.23818586953782214,94,0,0,0.05
EXPO,0.04806486915332613,74,0,0,0.15
EXR,0.0029009601190808504,62,1,4,0.55
EXTR,-0.11136984189182875,25,1,1,0.75
EYE,0.19930606644792737,93,0,0,0.0
EYPT,-0.11903504662924824,24,1,17,0.85
EZGO,-0.4931156139757519,3,1,63,1.0
EZPW,-0.1575463938434455,19,1,18,0.9
EZRA,-0.36591377224746835,5,1,2,0.95
F,0.008298315084291956,64,1,3,0.35
FA,0.19505337533760275,93,1,4,0.25
FABC,-0.24584049078575967,11,1,1,0.95
FAC,-0.4463349130359054,3,1,31,1.0
FACTU,-0.05786593730093141,36,1,4,0.9
FAF,0.05923245053275241,77,1,1,0.2
FAMI,-0.5692294085625776,2,1,27,1.0
FANG,-0.06152058974110326,35,1,2,0.25
FAST,0.046151218353211725,74,0,0,0.45
FATE,-0.03010433304442113,49,1,11,0.55
FATN,0.2705472340184135,95,0,0,0.6
FAX,-0.028095540711758873,50,1,3,0.5
FBGL,-0.3165791698317819,7,1,1,0.5
FBIN,0.15314276409210267,90,0,0,0.1
FBIO,-0.03829753764418822,44,1,5,0.25
FBIOP,-0.009933271761428823,59,1,5,0.95
FBIZ,0.1629577108990042,91,0,0,0.0
FBK,0.08719383262863054,82,0,0,0.0
FBLA,0.060565945948374326,77,1,3,0.15
FBLG,-0.1432905997445413,21,0,0,0.8
FBNC,0.033416939653395754,71,1,5,0.4
FBP,0.11883904427270839,86,0,0,0.0
FBRT,-0.11041576193248373,25,1,13,0.9
FBRX,2.6262281696439476,99,0,0,0.0
FBYD,-0.44313561064455514,3,1,20,1.0
FC,-0.061913585702332206,35,1,4,0.8
FCAP,0.04670554037549645,74,0,0,0.6
FCBC,0.08360092952871986,81,0,0,0.25
FCCO,0.0647567827841217,78,0,0,0.3
FCEL,-0.018298522888032097,56,1,1,0.8
FCF,0.07903764044258688,80,1,1,0.1
FCFS,-0.10210550795063694,26,1,21,1.0
FCHL,-0.19752246667342796,15,0,0,0.95
FCN,-0.07277041026879379,32,1,4,0.3
FCNCA,0.047322455102833415,74,0,0,0.35
FCNCO,-0.04524993258527392,40,1,5,0.65
FCNCP,-0.04771060243876707,39,1,4,0.5
FCPT,-0.0038227198813272772,61,1,5,0.35
FCRS,-0.033646186079318886,46,1,4,0.6
FCT,-0.024422668977452558,53,1,4,0.5
FCUV,2.1754762391144586,99,0,0,0.8
FCX,0.09297224266437004,83,0,0,0.5
FDBC,0.07092651488881097,79,0,0,0.15
FDMT,-0.11307964130649462,25,1,18,0.9
FDS,0.08607165016503199,82,0,0,0.15
FDSB,0.09964822508743623,84,0,0,0.05
FDUS,0.033420679039902625,71,1,1,0.1
FDX,-0.038639582174721514,43,1,8,0.85
FE,-0.015440590521537283,57,1,4,0.3
FEAM,-0.16940492016282008,17,0,0,0.9
FEBO,-0.15491878131617814,19,1,1,0.7
FEDU,-0.2216904520304019,12,1,27,1.0
FEED,-0.45043342327614566,3,1,87,1.0
FEIM,0.08387690357764518,81,0,0,0.55
FELE,0.05887378053346388,77,0,0,0.35
FEMY,-0.4432385492107042,3,1,49,1.0
FENC,0.12474113136440501,87,0,0,0.45
FENG,-0.14615995655186595,20,1,3,0.9
FER,-0.035017330865513466,45,1,2,0.85
FERA,-0.029554928396877924,49,1,4,0.6
FERAU,-0.029523024064904015,49,1,3,0.55
FERG,0.07277626085051186,79,0,0,0.4
FET,0.4386823186961384,97,0,0,0.25
FF,0.047993870424767236,74,0,0,0.05
FFA,0.002719635095202587,62,1,4,0.25
FFBC,0.033561589743368224,71,1,5,0.45
FFC,-0.022484463568696846,54,1,4,0.4
FFIN,0.02564768783792453,69,1,3,0.15
FFIV,0.0031882321859794532,63,1,7,0.6
FG,0.014329871001957838,66,1,5,0.3
FGBI,-0.05759342920113014,36,1,14,0.95
FGBIP,-0.0474764311201073,39,1,5,0.7
FGI,-0.1578106457498014,19,1,1,0.75
FGIIU,-0.030498046811678073,48,1,3,0.55
FGL,-0.5264279179692971,2,1,48,1.0
FGNX,0.3952757910132272,97,0,0,0.15
FGNXP,-0.017985586353637086,56,1,4,0.6
FHB,-0.06487561936100131,34,1,13,0.8
FHI,0.08739839986602688,82,0,0,0.15
FHN,0.012745526363228649,65,1,5,0.35
FHTX,-0.025392665104520262,52,1,6,0.4
FIBK,-0.0005754612369899409,62,1,4,0.4
FICO,-0.1286902200507234,22,1,5,0.5
FIEE,-0.27622215921460774,9,1,73,1.0
FIG,0.26552055587340506,95,0,0,0.15
FIGR,-0.1418928064812204,21,1,11,0.8
FIGS,-0.05212652637185649,38,0,0,0.65
FIGX,-0.030514864417150456,48,1,4,0.6
FIGXU,-0.0016448104621188814,61,1,4,0.6
FINS,-0.046260224003501146,40,1,5,0.85
FINV,-0.035890938830562547,45,1,2,0.4
FINW,-0.030718285175080982,48,1,2,0.85
FIP,-0.282936729135689,8,1,9,0.9
FIRY,0.10811036617593975,85,0,0,0.6
FIS,-0.03173442398788143,47,1,2,0.3
FISI,0.11419080105841253,86,0,0,0.0
FISK,-0.06821637832001509,33,1,5,0.5
FITB,0.029997716976880577,70,1,5,0.25
FIVE,0.14974874188059858,90,0,0,0.1
FIVN,0.16557217119324846,91,0,0,0.15
FIX,-0.069113704154138,33,1,9,0.9
FIZZ,0.026613624327108426,69,1,3,0.35
FJET,-0.3609955727974608,5,1,38,1.0
FKWL,-0.1954338095158466,15,1,83,1.0
FLC,-0.02948846176234964,49,1,5,0.6
FLD,-0.2643632171872297,10,1,56,1.0
FLEX,-0.08853748408825911,29,1,24,1.0
FLG,-0.03894563417115676,43,1,9,0.55
FLGT,-0.059275555577633365,35,1,4,0.5
FLL,-0.18051840115940884,16,1,23,1.0
FLNA,-0.3227392589602981,7,1,21,1.0
FLNC,-0.2131418962733919,13,1,1,0.95
FLNG,-0.0445855874362564,41,1,3,0.25
FLNT,0.08238261259925261,81,1,5,0.5
FLO,-0.12170116477378246,23,1,10,0.55
FLOC,-0.06803735519127732,33,1,9,0.95
FLR,-0.024870949584292347,53,1,7,0.7
FLS,0.055868711118170315,76,0,0,0.5
FLUT,-0.1488313903293896,20,1,5,0.45
FLUX,-0.43622172786288504,4,1,24,1.0
FLWS,0.01682126796602163,66,0,0,0.4
FLX,-0.11882235777298486,24,1,2,0.85
FLXS,0.19761578507910008,93,0,0,0.0
FLY,-0.27808595619167087,9,1,1,0.95
FLYE,-0.1713144868450023,17,1,23,1.0
FLYW,0.10930249409279841,85,0,0,0.55
FLYX,-0.4414814223456677,3,1,40,1.0
FLZH,-0.4059918653593828,4,1,80,1.0
FMAO,0.157926948586231,90,0,0,0.1
FMBH,0.10254076763448292,85,0,0,0.0
FMC,-0.15563848048288453,19,1,4,0.7
FMFC,-0.024066922934790194,53,0,0,0.8
FMN,-0.03934940004490169,43,1,5,0.85
FMNB,0.08962250990025317,82,0,0,0.25
FMS,0.032752693007280224,70,1,2,0.1
FMST,-0.17655395277654784,17,1,10,0.6
FMX,-0.03030326029231411,48,1,6,0.4
FMY,-0.046474740605672395,40,1,5,0.85
FN,-0.09913988859287234,27,0,0,0.8
FNB,0.018106693703128125,67,1,4,0.35
FND,0.16433340220500386,91,0,0,0.3
FNF,0.02275549287627534,68,1,3,0.2
FNGR,-0.4779504894677209,3,1,43,1.0
FNKO,0.06737807475534136,78,1,4,0.25
FNLC,0.10235362915404736,85,1,1,0.05
FNRN,0.010794003857349167,65,1,3,0.3
FNUC,-0.14202754171238113,21,1,9,0.85
FNV,-0.0030520096310297715,61,0,0,0.55
FNWB,0.013547459652882808,66,1,4,0.2
FNWD,0.29999513002722655,96,0,0,0.0
FOA,-0.062142602652297915,34,1,5,0.65
FOCL,0.2838089119679211,95,0,0,0.0
FOF,-0.03856258500666857,44,1,12,0.85
FOFO,-0.26291168817611443,10,0,0,0.9
FOR,-0.011110832185975604,59,1,5,0.65
FORM,-0.06527953060108618,34,0,0,0.9
FORR,0.435472638384932,97,0,0,0.2
FORTY,-0.11637869255297198,24,1,5,0.85
FOSL,0.39325741502602407,97,0,0,0.45
FOUR,0.15601414776782824,90,0,0,0.1
FOX,-0.04998758972781629,39,1,2,0.4
FOXA,-0.042426367582198275,42,1,1,0.35
FOXF,0.09931899568399469,84,0,0,0.3
FOXX,-0.34910040160099554,6,1,23,1.0
FPF,-0.04694358396449436,40,1,11,0.75
FPH,-0.005997495928556876,60,1,4,0.5
FPI,-0.038459022367277954,44,1,5,0.8
FPS,-0.24078767168179022,11,1,28,1.0
FR,-0.011713834576647167,58,1,4,0.2
FRA,-0.025541658371108625,52,1,4,0.55
FRAF,0.0282529534666772,69,1,3,0.4
FRBA,0.109833921838596,85,0,0,0.05
FRD,0.34487315659747175,96,0,0,0.25
FRGT,-0.2076070973452304,14,1,14,0.85
FRHC,-0.04709318283664138,40,1,4,0.4
FRME,0.015724139623859774,66,1,4,0.35
FRMEP,-0.02157530445861369,54,1,5,0.5
FRMI,-0.0633786123074219,34,1,7,0.9
FRMM,0.14246739419348398,89,0,0,0.5
FRNM,-0.07409318895015865,32,1,9,0.6
FRO,0.02625534499054176,69,1,2,0.35
FROG,0.010412939538319323,65,1,1,0.6
FRPH,-0.10261882985435564,26,1,14,0.95
FRPT,0.2948956360885128,96,0,0,0.1
FRSH,0.13214798396255628,88,0,0,0.1
FRST,0.04507874351308593,73,0,0,0.35
FRSX,-0.3424445392812441,6,1,22,1.0
FRT,-0.016368681002268282,56,1,4,0.45
FSBC,0.0028750487103114883,62,1,5,0.35
FSBW,0.01370909411914071,66,1,5,0.45
FSCO,-0.02353018734982049,53,1,2,0.4
FSEA,-0.0182091852657323,56,1,4,0.5
FSHP,-0.026551481421375325,52,1,3,0.4
FSHPU,-0.013963403567993127,57,1,3,0.4
FSI,-0.20652940170224282,14,1,24,1.0
FSK,0.008319495037514585,64,1,1,0.2
FSLR,-0.07247054567009503,32,0,0,0.85
FSLY,0.21935216773034985,94,0,0,0.0
FSM,0.04877738228555139,74,0,0,0.65
FSP,-0.16773997619367337,18,1,5,0.95
FSS,0.056834917153087465,76,0,0,0.6
FSTR,-0.027424795262788182,51,1,7,0.8
FSUN,0.04025325314871548,72,0,0,0.65
FSV,0.007561440659007934,64,1,4,0.45
FT,-0.048963229486122285,39,1,5,0.65
FTAI,-0.090444797426288,29,1,2,0.95
FTAIM,-0.00521982643378012,60,1,4,0.35
FTCI,-0.4036405837774687,4,1,17,0.85
FTDR,0.047351273132706005,74,0,0,0.3
FTEK,-0.14620950083230708,20,1,22,1.0
FTF,-0.03227988809640738,47,1,5,0.5
FTFT,-0.7667926908124146,1,1,63,1.0
FTH,0.0716197924803269,79,1,4,0.3
FTHM,-0.06962053338309618,32,1,7,0.8
FTHY,-0.019324465719934757,55,1,4,0.45
FTI,-0.039430297281500916,43,1,5,0.25
FTK,0.635141559937884,98,0,0,0.25
FTLF,-0.04841611187298718,39,1,12,0.75
FTNT,0.17739912948807454,92,0,0,0.3
FTRE,0.1045808544235731,85,1,2,0.1
FTRK,-0.32332102031783316,6,1,7,0.6
FTS,-0.040889700320200936,42,1,5,0.45
FTV,-0.04151918800833267,42,1,6,0.65
FTW,-0.07876154332085128,31,1,9,0.85
FUBO,-0.006032049312834145,60,0,0,0.7
FUFU,-0.2489741072580677,10,1,11,0.9
FUL,-0.0163720113630371,56,0,0,0.85
FULC,-0.09083231286844487,28,1,7,0.85
FULT,0.048177643123285645,74,1,4,0.2
FULTP,-0.052983251168713365,37,1,4,0.4
FUN,-0.071222600759755,32,1,28,1.0
FUNC,0.05820858464907571,76,1,5,0.25
FUND,-0.016756294335865996,56,1,3,0.3
FURY,0.002076599115659848,62,0,0,0.7
FUSB,-0.00757067916445895,60,1,4,0.55
FUSE,-0.29668257062345055,8,1,1,0.9
FUTU,0.03769026221673553,72,0,0,0.35
FVCB,0.11728345931141756,86,0,0,0.0
FVN,-0.04363255016071067,41,1,3,0.65
FVNNU,0.049874631998399234,75,0,0,0.6
FVR,0.019043603616365756,67,1,5,0.25
FVRR,-0.17359334904051862,17,1,6,0.45
FWDI,-0.045376153797851704,40,1,9,0.8
FWONA,0.004164966501803577,63,1,4,0.2
FWONK,0.007056533258236575,64,1,4,0.2
FWRD,0.18196126478406982,92,0,0,0.25
FWRG,0.05407560725465505,76,1,3,0.45
FXHO,-0.29227519528541535,8,1,10,0.5
FXNC,0.07982246791447842,81,0,0,0.4
G,0.09117582567472246,83,0,0,0.2
GAB,-0.006502998345924028,60,1,4,0.4
GABC,0.08835775718896205,82,0,0,0.1
GAIA,-0.19314257691958556,15,1,36,1.0
GAIN,0.006638650189008839,63,1,1,0.1
GALT,-0.0320812559666634,47,1,13,0.65
GAM,-0.0029644121905747084,61,1,2,0.25
GAME,-0.04843376021834947,39,1,10,0.8
GANX,-0.053774532606020414,37,1,7,0.8
GAP,-0.025009806959104167,53,1,2,0.5
GASS,-0.08528025446107243,29,1,3,0.3
GATX,-0.021510983892030107,54,1,4,0.35
GAU,-0.09701381945066159,27,0,0,0.9
GAUZ,-0.5398414092265885,2,1,35,1.0
GBAB,-0.035593385022601724,45,1,5,0.9
GBCI,-0.026096399146111848,52,1,11,0.55
GBDC,-0.03665675984650786,44,1,2,0.3
GBFH,-0.3533318140589379,6,1,7,0.65
GBLI,0.0691937296049451,79,0,0,0.05
GBR,-0.11270336518446225,25,1,5,0.8
GBTG,-0.030206108893748307,49,1,4,0.5
GBX,0.03320625515014023,70,1,5,0.5
GCBC,0.15969411978484518,90,0,0,0.0
GCDT,-0.4357195664961101,4,1,38,1.0
GCL,0.07213664107547985,79,0,0,0.45
GCMG,0.09228921562521344,83,0,0,0.5
GCO,0.07588167997705766,80,0,0,0.25
GCT,0.28831953564790186,96,0,0,0.0
GCTK,0.07599625926338602,80,0,0,0.5
GCTS,-0.05963078667285968,35,0,0,0.9
GCV,-0.013389875872010772,58,1,8,0.65
GD,0.03861174359405308,72,1,2,0.15
GDC,-0.5374765234098402,2,1,63,1.0
GDDY,0.014155603569167292,66,1,4,0.25
GDEV,-0.006999157151361617,60,0,0,0.75
GDHG,-0.20268318798422227,14,1,6,0.7
GDL,-0.02857210573182688,50,1,5,0.65
GDO,-0.054994313506268135,37,1,5,0.95
GDOT,0.004462378708215302,63,1,5,0.5
GDRX,0.10543521406137069,85,0,0,0.1
GDS,-0.08096758916211722,30,1,1,0.35
GDTC,-0.20469036239910052,14,1,4,0.9
GDV,0.00039656263697283173,62,1,3,0.2
GDYN,0.15279568677246136,90,0,0,0.6
GE,0.10132452183827459,84,0,0,0.45
GECC,-0.09557848645003221,27,1,28,1.0
GEF,0.2785803021581306,95,0,0,0.1
GEG,-0.028570857870482393,50,1,2,0.9
GEHC,0.06837240395660377,79,0,0,0.55
GEL,-0.06299164477876287,34,1,2,0.35
GELS,-0.017686323772992365,56,1,7,0.8
GEMI,-0.123336098087419,23,1,7,0.7
GEN,0.08930539814383706,82,0,0,0.1
GENC,-0.07023510300026917,32,1,8,0.5
GENI,0.3875743421651425,97,0,0,0.15
GENK,0.028494100316194322,69,0,0,0.6
GEO,0.22437330670512393,94,0,0,0.05
GEOS,-0.06417661662732263,34,0,0,0.4
GERN,0.11483979967677055,86,0,0,0.25
GETY,-0.4468007666376974,3,1,22,1.0
GEV,-0.05812963523276332,35,1,11,0.85
GEVO,-0.10414194070514257,26,1,8,0.6
GF,-0.06809067185493389,33,1,5,0.95
GFAI,-0.29685545658671586,8,1,42,1.0
GFF,0.10823891962823581,85,0,0,0.65
GFI,-0.014171104348825701,57,0,0,0.85
GFL,0.030629161505028472,70,0,0,0.05
GFR,-0.03645160456807989,44,1,3,0.25
GFS,-0.3490090417776185,6,1,25,1.0
GFUZ,-0.021919348087014845,54,0,0,0.7
GGAL,-0.019863331595129395,55,1,4,0.75
GGB,0.10982393122377335,85,0,0,0.0
GGG,0.06179682483762083,77,0,0,0.4
GGN,-0.016130464470178518,57,0,0,0.6
GGR,-0.35189932014228287,6,1,26,1.0
GGRP,0.2283040466298958,94,0,0,0.25
GGT,-0.0187528600851282,56,1,9,0.65
GGZ,0.008404366986938513,64,0,0,0.5
GH,0.1994256611944978,93,0,0,0.3
GHC,0.033890212710246385,71,1,2,0.35
GHG,-0.055900323968252466,36,1,3,0.55
GHI,0.048123116136832365,74,0,0,0.6
GHM,-0.03785481723490562,44,1,22,1.0
GHRS,0.1574522654804528,90,0,0,0.0
GHY,-0.0353755934626763,45,1,5,0.75
GIB,0.044517534974021396,73,0,0,0.25
GIBO,0.025331797805912992,69,0,0,0.35
GIC,0.17403188688969398,91,0,0,0.05
GIFT,-0.041228843720406846,42,1,1,0.8
GIGM,-0.01846674410772773,56,0,0,0.9
GIII,0.08255498588986471,81,1,2,0.1
GIL,0.02117359198743491,67,0,0,0.55
GILD,-0.04399219245555012,41,1,4,0.45
GILT,-0.2297043086453174,12,1,47,1.0
GIPR,-0.6230491168969434,1,1,49,1.0
GIS,0.010900489699331127,65,1,5,0.3
GITS,-0.009237264732047334,59,1,3,0.3
GIW,-0.029123024758782614,49,1,3,0.6
GIWWU,-0.020645249686753787,55,1,2,0.55
GIXXU,-0.03265258810889071,47,1,3,0.6
GKOS,0.21107912672389068,93,0,0,0.0
GL,0.08360401805335482,81,1,2,0.25
GLAD,-0.03895169911357276,43,1,5,0.55
GLAS,-0.2035175341482958,14,1,23,1.0
GLBE,0.1713170137163141,91,0,0,0.15
GLBS,0.18095368791545044,92,1,1,0.35
GLDG,-0.09208455851647465,28,0,0,0.9
GLE,-0.283860581584191,8,1,10,0.95
GLIBA,-0.011143785158294929,59,0,0,0.35
GLIBK,-0.02941198254267622,49,0,0,0.35
GLMD,-0.08921565340495977,29,0,0,0.7
GLNG,-0.06693579411276326,33,1,9,0.85
GLO,-0.036680510655029856,44,1,22,1.0
GLOB,0.054844791948473394,76,0,0,0.5
GLOO,-0.3058638857074253,7,1,62,1.0
GLP,-0.033486893382475735,46,1,2,0.15
GLPI,-0.06066391978761761,35,1,5,0.55
GLQ,-0.04230072127629312,42,1,22,1.0
GLRE,-0.06285176163183404,34,1,5,0.5
GLSI,-0.3349540715130298,6,1,24,1.0
GLU,-0.03336908096053157,46,1,6,0.4
GLUE,-0.2828692795623549,8,1,4,0.4
GLV,-0.04209448929150085,42,1,5,0.9
GLW,-0.1797844062865572,16,1,24,1.0
GLXG,-0.2650657911537084,9,1,18,0.95
GLXY,-0.3213064755227091,7,1,30,1.0
GM,0.10928633515635017,85,0,0,0.4
GMAB,0.03512161635535988,71,1,3,0.15
GME,-0.19269755569078936,15,1,4,0.8
GMED,-0.04205877352426455,42,1,2,0.7
GMEX,-0.7266605551888159,1,1,101,1.0
GMHS,-0.19577822935591294,15,1,21,1.0
GMM,-0.13368518475903202,22,1,52,1.0
GNE,-0.03458842993579197,45,1,5,0.55
GNK,0.0011500916775154316,62,1,2,0.2
GNL,-0.06933815547933553,32,1,5,0.7
GNLN,-0.3624837389026312,5,1,59,1.0
GNLX,-0.18558115945564416,16,1,4,0.65
GNPX,-0.730380677471643,1,1,22,1.0
GNRC,-0.17344150300995992,17,1,25,1.0
GNS,-0.33991639189012307,6,1,42,1.0
GNSS,-0.0781282178127974,31,1,4,0.85
GNT,-0.0232189911687139,54,1,5,0.6
GNTA,-0.020218190937530862,55,1,7,0.7
GNTX,-0.02792121766775736,51,1,5,0.8
GNW,0.03530946746193855,71,1,4,0.3
GO,0.05018785919938933,75,0,0,0.7
GOAI,-0.41659592441309873,4,1,48,1.0
GOF,-0.05631608439511461,36,1,12,0.9
GOGO,0.1274894894376306,87,0,0,0.25
GOLD,-0.013989031865987902,57,0,0,0.6
GOLF,-0.014399268183435367,57,1,12,0.65
GOOD,-0.050705793545933166,38,1,5,0.35
GOODN,0.02168288890940257,68,1,3,0.35
GOOG,-0.058347620124606675,35,0,0,0.75
GOOGL,-0.06108279849343121,35,0,0,0.75
GOOS,-0.15429709976403255,19,1,10,0.75
GORO,-0.5417645782467578,2,1,16,0.85
GOSS,-0.1294225659637165,22,1,1,0.75
GOTU,0.03179050485990439,70,0,0,0.45
GOVX,-0.49336447221875124,3,1,45,1.0
GP,0.1380611546152695,89,1,2,0.15
GPAC,-0.030440755356162908,48,1,3,0.6
GPACU,-0.030181540624191695,49,1,3,0.6
GPAT,-0.010992149353503945,59,1,2,0.35
GPATU,-0.03346005950472062,46,1,3,0.55
GPC,0.13481378352996595,89,0,0,0.05
GPCR,0.04627685965006261,74,1,4,0.6
GPGI,0.010877648429902208,65,0,0,0.65
GPI,-0.13007613390794712,22,1,5,0.5
GPK,0.09540287768882241,84,0,0,0.3
GPMT,0.007821930652232752,64,0,0,0.7
GPN,0.1712068183356552,91,0,0,0.0
GPOR,-0.13153781218006946,22,1,2,0.75
GPRE,-0.003249887589981508,61,1,3,0.25
GPRK,-0.0899382075735197,29,1,8,0.7
GPRO,-0.20394046123803153,14,1,1,0.85
GPUS,-0.20494034807621084,14,1,30,1.0
GRAB,-0.030482752892337952,48,0,0,0.6
GRAL,0.11244492203737907,86,0,0,0.25
GRAN,0.23716369635967485,94,1,1,0.45
GRBK,-0.004428369896662444,61,1,6,0.85
GRC,0.04850394429970637,74,0,0,0.75
GRCE,-0.1552429447111845,19,1,11,0.65
GRDN,-0.011915912055736014,58,1,4,0.65
GRDX,-0.3522060726994325,6,1,32,1.0
GRF,-0.004271893297108156,61,1,2,0.3
GRFS,0.028515821613368166,69,1,1,0.3
GRI,-0.2695530938042245,9,1,33,1.0
GRML,-0.39196988896970986,4,1,11,0.95
GRMN,0.21027608252139166,93,0,0,0.25
GRND,0.29276204174671405,96,0,0,0.1
GRNQ,-0.32796058479146406,6,1,27,1.0
GRNT,-0.08142661374774646,30,1,2,0.5
GRO,-0.12585615089599816,23,1,10,0.95
GROV,-0.11524265411695708,24,1,23,1.0
GROW,0.055316832702346615,76,0,0,0.75
GROY,-0.04176360560153648,42,0,0,0.85
GRPN,0.2781060610524475,95,0,0,0.0
GRRR,-0.3460687618657766,6,1,19,0.95
GRSD,-0.1643074597676277,18,0,0,0.8
GRVY,-0.03743057383260242,44,1,5,0.95
GRWG,-0.03880291062655218,43,1,4,0.8
GRX,0.019511332377778266,67,1,3,0.2
GS,-0.0025429729585159724,61,1,8,0.55
GSAT,-0.006238167071461256,60,0,0,0.7
GSBC,0.06879984519659024,79,0,0,0.05
GSBD,-0.062150838669918065,34,1,5,0.85
GSHD,0.4442961645513274,97,0,0,0.0
GSHR,-0.025780533053298818,52,1,3,0.5
GSHRU,-0.02934039661244352,49,1,3,0.6
GSIT,-0.15847955111248135,19,0,0,0.9
GSIW,-0.4446985149874558,3,1,8,0.95
GSK,-0.04402582497510293,41,1,4,0.7
GSL,0.06068333638381589,77,1,2,0.1
GSM,0.04848648366049602,74,0,0,0.95
GSRF,-0.030585575110917154,48,1,4,0.6
GSRFU,-0.01629458041623193,57,1,3,0.3
GSUN,0.48775257657625215,98,0,0,0.65
GT,0.02434369877893279,68,1,4,0.2
GTBP,-0.32194855898400226,7,1,20,1.0
GTE,0.26773408836564255,95,0,0,0.6
GTEC,-0.12683197983139524,23,1,13,0.85
GTEN,-0.031972843772574165,47,1,5,0.65
GTENU,-0.025337370849534982,52,1,4,0.4
GTERA,-0.024615236132284557,53,1,4,0.55
GTERU,-0.025765774084362383,52,1,3,0.55
GTES,0.10196505443943907,85,0,0,0.55
GTIM,0.006273325058351743,63,1,4,0.45
GTLB,0.1638176427548578,91,0,0,0.1
GTM,0.052153726838867355,75,0,0,0.35
GTN,0.016478441474701615,66,0,0,0.25
GTX,-0.019199636053008035,55,1,25,1.0
GTY,-0.026383991249556305,52,1,5,0.25
GUG,-0.05258771041374734,38,1,11,0.65
GURE,-0.2238422943797257,12,1,38,1.0
GUT,-0.04788415793100585,39,1,15,0.75
GUTS,-0.12619257521550256,23,1,7,0.75
GVA,-0.17000164108348434,17,1,24,1.0
GVH,-0.8292942791300476,0,1,13,0.65
GWAV,0.04874053240329495,74,0,0,0.7
GWH,-0.21092553353807023,14,1,10,0.75
GWRE,0.09823016252751485,84,0,0,0.1
GWRS,0.0015242523203618172,62,1,4,0.45
GWW,-0.03420692072170248,46,1,3,0.3
GXAI,-0.320794445335069,7,1,38,1.0
GXO,-0.09587876463124005,27,1,5,0.4
GYRE,-0.12739001228268437,22,1,19,0.95
GYRO,-0.19729080872078558,15,1,93,1.0
H,-0.06586298910055968,33,1,5,0.8
HAE,0.18404487827371294,92,0,0,0.05
HAFC,0.013025138603082347,66,1,5,0.6
HAFN,-0.06756711422832828,33,1,3,0.3
HAIN,-0.18752746172469278,16,1,11,0.95
HAL,-0.17822240604958475,16,1,12,0.9
HALO,0.08257429010883122,81,0,0,0.15
HAO,-0.9207039352265267,0,1,90,1.0
HAPN,0.07792301056930728,80,0,0,0.5
HAS,0.07792052309832773,80,0,0,0.25
HASI,-0.05957407520095092,35,1,5,0.6
HAVA,-0.02819584781168021,50,1,4,0.55
HAVAU,-0.006832435474198987,60,1,2,0.5
HAYW,0.02376926110566379,68,0,0,0.65
HBAN,-0.006486685993521847,60,1,10,0.5
HBANL,-0.02708696954774095,51,1,4,0.5
HBANM,-0.04009076371775469,43,1,4,0.6
HBANP,-0.03576511579732294,45,1,4,0.45
HBANZ,-0.06171760192311873,35,1,5,0.65
HBB,0.12422814916511118,87,0,0,0.05
HBCP,0.05293324643605699,75,0,0,0.15
HBIO,-0.0663916411711645,33,0,0,0.6
HBM,0.056946842073522345,76,0,0,0.6
HBNB,-0.06552263164419658,33,1,4,0.45
HBNC,0.050588479089591736,75,1,2,0.25
HBT,0.1664227974411136,91,0,0,0.0
HCA,-0.017994142938386738,56,0,0,0.5
HCAC,-0.02956247153728089,49,1,4,0.6
HCACU,-0.04116672623701698,42,1,3,0.6
HCAI,-0.5046939615977961,2,1,21,1.0
HCAT,0.160921350111663,91,0,0,0.25
HCC,-0.058225276023315925,35,0,0,0.9
HCHL,0.17888806676272578,92,1,3,0.15
HCI,0.04837122551346378,74,1,4,0.3
HCICU,-0.032729682091020396,47,1,4,0.55
HCKT,-0.014770120752654076,57,0,0,0.6
HCM,-0.028748517259255674,50,0,0,0.35
HCMA,-0.034095222141295754,46,1,4,0.6
HCMAU,-0.025164311081970394,52,1,3,0.6
HCSG,-0.020345930128958512,55,1,5,0.5
HCTI,-0.5039645942143288,2,1,37,1.0
HCWB,-0.265420772045765,9,1,41,1.0
HCWC,-0.13987421526200766,21,0,0,0.85
HD,0.04503811291251116,73,0,0,0.65
HDB,-0.10443857249250882,26,1,13,0.7
HDL,0.01012897663983063,65,1,2,0.35
HDRN,-0.401759893720261,4,1,85,1.0
HDSN,-0.005489877359724827,60,1,1,0.25
HE,-0.11756655116808473,24,1,8,0.75
HEI,0.07363371410685213,79,0,0,0.35
HELE,0.09491491816494568,83,0,0,0.35
HELP,0.9558270796940472,99,0,0,0.0
HEPS,-0.01600696029989044,57,1,3,0.55
HEQ,-0.02069354605818463,55,1,5,0.55
HERE,-0.18849948418748527,15,1,26,1.0
HERZ,-0.10042190411512233,27,1,13,0.95
HESM,-0.003547477479099892,61,1,2,0.15
HFBL,0.08626478359529396,82,0,0,0.1
HFFG,-0.25011106402286165,10,1,21,1.0
HFRO,0.036924855266800304,71,1,2,0.2
HFWA,0.021806763987304724,68,1,5,0.3
HG,0.07872351814641201,80,1,3,0.2
HGBL,-0.20854267265213894,14,1,5,0.85
HGLB,-0.05282050059074457,38,1,12,0.95
HGTY,0.18452262408310197,92,0,0,0.4
HGV,-0.08338195005316049,30,1,5,0.8
HHH,-0.07984599046224242,30,1,14,0.7
HHS,-0.1113741215572566,25,1,7,0.5
HIFS,0.012307464182009335,65,0,0,0.7
HIG,0.03376870556414501,71,1,2,0.15
HIHO,0.3432237127831804,96,0,0,0.25
HII,0.03420457081762352,71,0,0,0.5
HIMS,-0.016934496091520333,56,1,1,0.7
HIMX,-0.16538029114900063,18,1,1,0.95
HIND,-0.061590632584048136,35,1,2,0.7
HIO,-0.03670503167679167,44,1,11,0.85
HIPO,0.161004462213133,91,0,0,0.15
HIT,0.022493613805008465,68,0,0,0.2
HITI,-0.04945598947812681,39,0,0,0.85
HIVE,-0.19234150642424266,15,1,27,1.0
HIW,0.08718439684564913,82,1,2,0.1
HIX,-0.01991125436749091,55,1,5,0.5
HKD,-0.005768492205196575,60,0,0,0.45
HKIT,-0.5702212109969212,2,1,45,1.0
HKPD,-0.18738922555265883,16,1,3,0.6
HL,-0.013463855472614021,58,0,0,0.85
HLF,-0.06754436771798561,33,1,2,0.65
HLI,-0.12919794620808991,22,1,5,0.5
HLIO,0.013237528855999471,66,1,25,1.0
HLIT,-0.1403219309761628,21,1,24,1.0
HLLY,0.11637216168105724,86,0,0,0.25
HLMN,0.17710012815726422,92,0,0,0.4
HLN,0.021900678330298358,68,1,4,0.2
HLNE,0.17979107649265344,92,0,0,0.2
HLP,0.7970963413840948,98,0,0,0.0
HLT,-0.06254220719082478,34,1,7,0.95
HLX,-0.0285643765839523,50,1,3,0.35
HLXC,-0.02010962736072175,55,1,4,0.4
HMC,0.08498417712610923,81,0,0,0.0
HMN,0.023714028865872032,68,1,3,0.25
HMR,0.023348385619181865,68,0,0,0.7
HMY,0.0986022827863205,84,0,0,0.45
HNGE,0.12812396153352618,87,1,11,0.55
HNI,0.3250898062591018,96,0,0,0.0
HNNA,-0.051269253624055114,38,1,5,0.9
HNRG,-0.15722025537749218,19,1,16,0.95
HNST,0.028982845021883773,69,1,5,0.3
HNVR,0.13278498651452272,88,0,0,0.05
HODO,-0.7918719411936771,0,1,48,1.0
HOFT,0.03188878634010713,70,1,1,0.9
HOG,0.007327193526789184,64,1,1,0.55
HOLO,-0.09438810378178371,28,1,4,0.75
HOMB,0.09514996576144247,84,1,1,0.05
HON,0.07109143047019298,79,0,0,0.4
HOOD,-0.06673805254695545,33,1,11,0.7
HOPE,0.07172752462423673,79,0,0,0.15
HOUR,-0.12733292513101593,22,1,10,0.75
HOV,0.14041302326599542,89,0,0,0.45
HOVR,-0.09046942630256964,28,0,0,0.75
HOWL,-0.04908059943578864,39,1,1,0.5
HP,-0.09765908084824587,27,1,3,0.7
HPAI,-0.4421204685171431,3,1,99,1.0
HPE,0.23190633862588042,94,0,0,0.2
HPF,-0.027964239324695564,51,1,4,0.4
HPI,-0.031139300117589565,48,1,5,0.55
HPK,-0.08546548294832329,29,1,8,0.5
HPP,0.061181624926845306,77,1,8,0.6
HPQ,0.18949251754539934,92,0,0,0.05
HPS,-0.0429539171684761,41,1,5,0.75
HQH,0.06341465270864052,78,0,0,0.35
HQI,0.02625536594916937,69,1,2,0.5
HQL,0.02377331616866167,68,1,5,0.4
HQY,0.1212697161369766,87,0,0,0.0
HR,-0.02038658471861933,55,1,4,0.25
HRB,0.21846070800932307,94,0,0,0.05
HRI,0.2227656446494274,94,0,0,0.15
HRL,0.05587022005749772,76,1,4,0.3
HRMY,0.05043624479186836,75,0,0,0.45
HROW,-0.07143483089055139,32,1,10,0.6
HRTG,0.157569374845728,90,0,0,0.1
HRTX,-0.04928995509110918,39,0,0,0.25
HRZN,-0.039956441073567356,43,1,11,0.55
HSAI,-0.04648577286475005,40,0,0,0.65
HSBC,0.06210928470835355,77,1,1,0.05
HSCS,-0.0730856786650795,32,1,7,0.6
HSDT,-0.03862603812601406,43,1,11,0.75
HSHP,0.04475007725489175,73,1,2,0.15
HSIC,0.075170374509584,80,0,0,0.1
HST,0.06932364535866417,79,1,2,0.3
HSTM,0.021007074379401046,67,1,1,0.25
HSY,-0.03294358969471916,46,1,4,0.75
HTB,0.04851300966463248,74,0,0,0.3
HTCO,-0.13191762342384145,22,1,2,0.75
HTCR,-0.23587222320937593,11,1,1,0.85
HTD,-0.030550717609330792,48,1,4,0.3
HTFL,-0.07174888587872519,32,1,26,1.0
HTGC,0.017221161761780526,67,0,0,0.15
HTH,0.01626172017439284,66,1,2,0.55
HTHT,-0.07441877159835197,31,1,3,0.7
HTLD,-0.17622834616960936,17,1,10,0.75
HTLM,-0.04422375133110666,41,1,4,0.65
HTO,0.009222407212789531,64,1,5,0.25
HTOO,-0.19305318925241968,15,1,6,0.8
HTT,-0.07335436896145986,32,1,17,0.95
HTZ,-0.5194232354929498,2,1,62,1.0
HUBB,0.022753138659446878,68,0,0,0.75
HUBC,-0.6375597380423232,1,1,118,1.0
HUBG,0.039010113191112215,72,1,5,0.25
HUBS,0.11980471827864972,87,0,0,0.1
HUDI,-0.3404469473626147,6,1,20,1.0
HUHU,-0.3624477139626771,5,1,5,0.95
HUIZ,-0.158282220175564,19,1,1,0.65
HUM,0.04438220471970931,73,1,6,0.35
HUMA,-0.25288040775403187,10,0,0,0.95
HUN,-0.22110428829182718,13,1,4,0.6
HURA,-0.100856440127289,26,1,16,0.85
HURC,0.10123480723094641,84,1,2,0.65
HURN,0.3180254743625579,96,0,0,0.0
HUT,-0.10617296291305481,26,1,2,0.65
HUYA,-0.0525602540348276,38,1,1,0.35
HVII,-0.0257854382866064,52,1,4,0.55
HVIIU,-0.029065456832230052,50,1,3,0.6
HVMC,-0.027926949833376447,51,1,3,0.6
HVMCU,-0.035780403564201514,45,1,3,0.6
HVT,0.20931675046234374,93,0,0,0.15
HWBK,0.0662613989695861,78,1,2,0.35
HWC,0.06303085075332784,77,1,2,0.1
HWH,0.2659371033771164,95,0,0,0.5
HWKN,-0.10911646578299891,25,1,6,0.85
HWM,0.08608710227678862,82,0,0,0.2
HXHX,-0.03533701932487594,45,1,10,0.5
HXL,0.06136884335350098,77,1,5,0.25
HY,0.14680748017259826,89,0,0,0.7
HYFM,0.6449290213995512,98,0,0,0.85
HYFT,-0.17150785729101295,17,1,22,1.0
HYI,-0.028675048422956387,50,1,5,0.65
HYLN,-0.051184631737522336,38,1,31,1.0
HYMC,-0.08941378894746448,29,0,0,0.9
HYNE,-0.03693852967352297,44,1,5,0.6
HYPD,-0.20565880145064871,14,1,29,1.0
HYPR,-0.32158880913857274,7,1,27,1.0
HYT,-0.04009466499202389,43,1,5,0.85
HZO,0.024230717211449204,68,0,0,0.7
IAE,-0.025141659611258693,52,1,24,1.0
IAF,0.022378896659919767,68,0,0,0.2
IAG,-0.061370985364222,35,0,0,0.95
IART,0.041975763978179904,73,1,6,0.3
IAUX,-0.004828876607928401,60,0,0,0.85
IBAC,-0.027685025170299804,51,1,3,0.6
IBCP,0.07710772763944682,80,0,0,0.15
IBEX,0.13490744350555658,89,0,0,0.1
IBG,-0.15039962134510929,20,1,20,1.0
IBIO,-0.20206686125062945,14,1,24,1.0
IBKR,-0.04715610048636941,40,1,7,0.55
IBM,-0.20645235265105777,14,1,17,0.85
IBN,0.0705036322022175,79,0,0,0.1
IBO,-0.19571284469319242,15,1,33,1.0
IBOC,-0.010661659454558006,59,1,4,0.45
IBP,0.03895652195102733,72,0,0,0.25
IBRX,-0.13038847481143034,22,1,11,0.9
IBTA,0.0084350025684952,64,0,0,0.85
ICCC,0.05457035697982931,76,1,3,0.15
ICCM,-0.39030623938728404,4,1,27,1.0
ICE,0.026532531110592242,69,0,0,0.15
ICFI,0.11562463503037038,86,0,0,0.05
ICG,-0.17546843546663263,17,0,0,0.7
ICHR,-0.17759661884843,17,1,9,0.7
ICL,-0.05085543618360232,38,1,4,0.6
ICLR,0.04129122041312503,72,1,5,0.25
ICMB,-0.29906806662212315,8,1,29,1.0
ICON,-0.009804976114832577,59,1,1,0.6
ICU,-0.3099092384533315,7,1,15,0.75
ICUI,0.15603761163268062,90,0,0,0.0
IDA,-0.05397909536553273,37,1,6,0.5
IDAI,0.2915952227695311,96,0,0,0.2
IDCC,0.17805275925638206,92,0,0,0.7
IDE,-0.0666251667810962,33,1,8,0.9
IDN,-0.22793773513834578,12,1,27,1.0
IDR,-0.0847035778106173,30,0,0,0.95
IDT,0.11541033203878431,86,0,0,0.0
IDXX,-0.002714144733374127,61,0,0,0.45
IDYA,0.03127877156656008,70,1,4,0.3
IE,-0.04733781532371126,39,0,0,0.75
IEAGU,-0.024861600385464658,53,1,3,0.45
IEP,-0.03482806449850902,45,1,2,0.1
IESC,0.16339517373074133,91,0,0,0.7
IEX,0.053083253156164766,75,0,0,0.3
IFBD,-0.025916926343049165,52,1,5,0.45
IFF,0.11718903104612224,86,0,0,0.5
IFN,0.007107549597335325,64,1,2,0.6
IFRX,-0.17119976603858514,17,1,20,1.0
IFS,0.10715693512745625,85,1,2,0.25
IGA,0.020240378661063922,67,1,2,0.15
IGAC,-0.033541309592971136,46,1,3,0.6
IGACU,-0.027602696115123428,51,1,2,0.5
IGC,-0.1656583600865252,18,1,9,0.95
IGD,0.02869380915409856,69,1,2,0.1
IGI,-0.04362482242315975,41,1,5,0.75
IGIC,-0.015108173159610376,57,1,5,0.3
IGR,0.0029731390239001246,63,1,3,0.3
IH,-0.1579979032297234,19,1,5,0.8
IHD,-0.04123363900298005,42,1,9,0.95
IHG,-0.024583877550205892,53,1,3,0.8
IHRT,-0.16830935113851328,18,1,2,0.95
IHS,-0.036100046838514456,45,1,5,0.65
IHT,0.11110405839888646,86,1,3,0.3
IIF,0.013473404081061728,66,1,2,0.25
III,-0.004708605970872283,60,0,0,0.6
IIIN,0.11904063261258341,86,0,0,0.35
IIIV,0.029543962655199922,70,0,0,0.45
IIM,-0.02458795727644916,53,1,5,0.55
IIPR,-0.051337073448715104,38,1,5,0.5
IKT,0.23395749777584643,94,0,0,0.0
ILAG,-0.1994672110138143,15,1,12,0.65
ILLR,-0.5438496579540093,2,1,20,1.0
ILMN,0.13151943517697726,88,0,0,0.0
ILPT,0.01740273195624225,67,1,5,0.4
IMA,-0.05978817626460792,35,1,4,0.65
IMAX,0.31336837440103665,96,0,0,0.5
IMCC,-0.40908625298709966,4,1,40,1.0
IMCR,0.04261830406546859,73,1,3,0.15
IMDX,-0.07940038728073906,31,1,1,0.9
IMKTA,-0.056489161604663565,36,1,2,0.5
IMMP,-0.12585621010787118,23,1,14,0.75
IMMR,0.15878083083921904,90,0,0,0.3
IMMX,-0.09752288861453079,27,0,0,0.65
IMNM,0.09919837707834506,84,0,0,0.0
IMNN,-0.28421141257666305,8,1,18,0.9
IMO,-0.01042760814341346,59,1,3,0.15
IMOS,-0.21525295585799362,13,1,13,0.7
IMPP,-0.10808930438217565,25,1,7,0.9
IMPPP,-0.031164702570844083,48,1,3,0.4
IMRN,-0.05517151755059447,36,1,9,0.6
IMRX,-0.14506321645717957,20,1,15,0.75
IMSR,-0.2531077264459631,10,1,30,1.0
IMTE,-0.10834846521255417,25,0,0,0.8
IMTX,-0.09136217876401118,28,0,0,0.95
IMUX,-0.038120878059856755,44,1,10,0.5
IMVT,0.09893146939678191,84,1,4,0.2
IMXI,-0.2151203322342038,13,1,26,1.0
INAB,-0.3634671336272465,5,1,15,0.95
INAC,-0.026013454908821478,52,1,3,0.55
INACU,-0.033071558335157694,46,1,3,0.6
INBK,0.10261642426190751,85,0,0,0.35
INBS,-0.26627620746381575,9,1,53,1.0
INBX,-0.21076240182046105,14,1,19,0.95
INCR,-0.04826874189302914,39,1,3,0.85
INCY,0.07438134563314983,80,1,3,0.15
INDB,0.024780783398520682,68,1,4,0.3
INDI,-0.26349366523635265,10,1,18,0.9
INDO,-0.11745632867439743,24,1,5,0.45
INDP,-0.5735116276801684,2,1,9,0.95
INDV,-0.05365532315431919,37,1,4,0.3
INEO,-0.04500568726918361,40,1,7,0.35
INFU,0.22157155335896442,94,0,0,0.7
INFY,0.02877657798811461,69,0,0,0.35
ING,0.12767492942195888,87,0,0,0.0
INGM,-0.02047563034865331,55,1,4,0.2
INGN,-0.03433380815611353,45,1,1,0.75
INGR,-0.0011170431083011648,61,1,1,0.4
INHD,2.0503482709581293,99,1,4,0.2
INKT,-0.004933509616762366,60,0,0,0.9
INLF,-0.44387681375979454,3,1,37,1.0
INLX,-0.11918012679924578,24,1,23,1.0
INM,0.032922783530858056,70,1,5,0.45
INMB,0.18110442255867948,92,0,0,0.3
INMD,0.035463890527244406,71,1,2,0.1
INN,0.09815690343549546,84,1,3,0.3
INNV,0.1828442195525902,92,1,3,0.15
INO,-0.46023784949929913,3,1,18,0.9
INOD,-0.06065788013227468,35,0,0,0.9
INR,-0.0951234265627035,27,1,3,0.5
INSE,-0.10630467660103857,26,1,7,0.95
INSG,-0.3382640790400715,6,1,44,1.0
INSM,-0.1699299532245209,17,1,9,0.7
INSP,0.24245111922962068,95,0,0,0.0
INSW,0.08318935709202399,81,1,2,0.1
INTA,0.38352546626566736,97,0,0,0.1
INTC,-0.11798953932242581,24,1,24,1.0
INTG,-0.24965972309038972,10,1,17,0.95
INTJ,-0.4868666149787959,3,1,53,1.0
INTR,-0.07525764171091559,31,1,4,0.65
INTS,-0.11740677726084739,24,1,6,0.5
INTT,-0.12351687184010743,23,1,24,1.0
INTU,0.04452941046718475,73,0,0,0.15
INTZ,-0.09203088167111555,28,1,12,0.6
INUV,-0.18244518541433694,16,1,15,0.9
INV,-0.39508586920359584,4,1,32,1.0
INVA,-0.11418293906591906,24,1,5,0.9
INVE,-0.258084145909074,10,1,42,1.0
INVH,-0.00023609941504794396,62,1,2,0.5
INVX,0.1495299458155268,90,0,0,0.35
INVZ,-0.4663310990386588,3,1,11,0.95
IONQ,-0.24488770414272634,11,1,1,0.95
IONR,-0.1964600485300467,15,1,22,1.0
IONS,-0.359582726556179,5,1,20,1.0
IOR,0.10607651051117573,85,1,1,0.15
IOSP,0.10928066578261525,85,0,0,0.3
IOT,0.08341153910027166,81,0,0,0.15
IOTR,-0.0026492366842801873,61,1,5,0.35
IOVA,-0.019646699599586193,55,1,4,0.35
IP,0.16653972509459877,91,0,0,0.3
IPAR,0.16165189273059033,91,1,1,0.05
IPCX,-0.5865614035839657,2,1,7,0.65
IPCXU,-0.550034979890651,2,1,5,0.7
IPDN,-0.36571740374473416,5,1,1,0.95
IPEX,-0.03174401275866159,47,1,4,0.55
IPEXU,-0.014544749093716218,57,1,3,0.3
IPGP,-0.13227248690191257,22,1,24,1.0
IPHA,-0.018553371562285703,56,1,5,0.85
IPI,-0.1120565025986737,25,1,4,0.65
IPM,-0.009748969434544775,59,1,2,0.25
IPSC,-0.17115382315431782,17,1,4,0.95
IPST,-0.3011980142513247,7,1,54,1.0
IPW,-0.8831666050493282,0,1,121,1.0
IPWR,-0.23832120294295675,11,1,42,1.0
IPX,-0.256520620418841,10,1,42,1.0
IQ,0.187726439022622,92,0,0,0.0
IQI,-0.028148774395867406,50,1,5,0.6
IQMX,-0.2658572368978387,9,1,11,0.75
IQST,-0.051915202866099415,38,1,1,0.75
IQV,0.17948616570971196,92,0,0,0.05
IR,0.1502897543710626,90,0,0,0.1
IRD,-0.17740022064798855,17,0,0,0.7
IRDM,-0.03351782602242724,46,1,1,0.7
IREN,-0.2147710883974656,13,1,32,1.0
IRHO,-0.0368231514398963,44,1,4,0.6
IRHOU,-0.030051843003060543,49,1,3,0.6
IRIX,-0.2760367199121908,9,1,24,1.0
IRM,0.00450522682977534,63,1,4,0.55
IRMD,-0.06666032448086995,33,1,4,0.55
IRON,0.027226365472844245,69,0,0,0.2
IRS,-0.051687420281874195,38,1,4,0.75
IRT,-0.01859935134567553,56,1,4,0.65
IRTC,0.022541440189737215,68,0,0,0.6
IRWD,-0.025735526685583942,52,0,0,0.65
ISBA,-0.038157794705886414,44,1,4,0.7
ISD,-0.053751233504943145,37,1,12,0.95
ISOU,-0.07968724374991401,30,1,9,0.85
ISPC,-0.3879605145089513,5,1,63,1.0
ISPR,0.1970619725008245,93,1,2,0.4
ISRG,-0.15981138854347615,19,1,21,1.0
ISSC,0.07446901774140804,80,0,0,0.15
ISTR,0.02793440209681885,69,1,3,0.35
IT,0.21670842754540984,94,0,0,0.35
ITGR,0.3418008719858428,96,0,0,0.1
ITHA,-0.03212279769064735,47,1,3,0.6
ITHAU,-0.03681194963153774,44,1,4,0.5
ITIC,0.10160789712840265,85,1,2,0.1
ITOC,-0.11988481373706467,23,1,16,0.95
ITP,-0.10753224225043609,26,1,3,0.85
ITRG,-0.04659029100015449,40,0,0,0.95
ITRI,0.23213575861305527,94,0,0,0.25
ITRN,-0.07927579828950362,31,1,30,1.0
ITT,0.028565830303191597,69,0,0,0.25
ITUB,-0.015661658114496383,57,1,2,0.1
ITW,0.10689354803578871,85,0,0,0.05
IVA,-0.007382707026447326,60,0,0,0.1
IVDA,-0.12699324927941533,23,0,0,0.95
IVF,-0.32469488692141807,6,1,24,1.0
IVR,-0.0662715850817143,33,1,13,0.75
IVT,-0.048350488993622945,39,1,5,0.35
IVVD,-0.4627258755096271,3,1,74,1.0
IVZ,0.13164855622798946,88,0,0,0.05
IX,0.05164954097220833,75,0,0,0.25
IXHL,-0.19004037882969763,15,1,21,1.0
IZEA,-0.09544838866477293,27,1,25,1.0
IZM,-0.33931655071841793,6,1,33,1.0
J,0.0851266876059458,81,0,0,0.1
JACK,0.31477506872609484,96,0,0,0.1
JACS,-0.027168095334921906,51,1,3,0.55
JAGU,-0.20196192719782352,14,1,10,0.8
JAGX,-0.66166963113268,1,1,27,1.0
JAKK,0.12311729188778722,87,0,0,0.2
JANX,0.03365296119986957,71,0,0,0.35
JAZZ,0.067449614916887,78,0,0,0.2
JBDI,0.19151364828020237,92,0,0,0.35
JBGS,-0.21667351125927575,13,1,5,0.85
JBHT,-0.024587693881019043,53,1,8,0.55
JBI,0.06593913379135621,78,0,0,0.45
JBIO,-0.011771352998043362,58,0,0,0.65
JBL,-0.033931021979425935,46,0,0,0.9
JBLU,0.17912083614588828,92,0,0,0.45
JBS,0.04693570145841008,74,0,0,0.4
JBSS,-0.0024149468051890416,61,1,2,0.6
JBTM,-0.1273755997476769,22,1,2,0.6
JCAP,0.11165880205561168,86,0,0,0.0
JCE,0.0036567181632050083,63,1,2,0.15
JCI,0.038849871481095956,72,0,0,0.45
JCSE,0.1008734805852323,84,0,0,0.3
JCTC,0.20707127836599284,93,0,0,0.05
JD,0.13404786332394245,88,0,0,0.0
JDZG,-0.9105634134451807,0,1,4,0.2
JEF,0.029535850745575097,70,1,5,0.45
JELD,0.17969551627587146,92,0,0,0.7
JEM,-0.7342965303966824,1,1,24,1.0
JENA,-0.028607071078242965,50,1,3,0.55
JF,-0.17080632759564493,17,1,2,0.9
JFB,-0.18568700391842227,16,0,0,0.9
JFIN,-0.2498182605312854,10,0,0,0.95
JFR,-0.003345753497122208,61,1,3,0.35
JFU,-0.158196485589707,19,0,0,0.9
JG,-0.1061437060311615,26,0,0,0.55
JGH,-0.02497709747551571,53,1,4,0.7
JHI,-0.02849899429320827,50,1,5,0.75
JHS,-0.04208925442641818,42,1,5,0.7
JHX,0.17745390807251263,92,0,0,0.3
JILL,0.3277750051810483,96,0,0,0.0
JJSF,0.06438307570178378,78,0,0,0.3
JKHY,0.05403173096048152,76,1,1,0.05
JKS,-0.16008855123005028,19,1,12,0.9
JL,-0.10056059526699715,26,1,8,0.55
JLHL,0.2145433136062814,93,0,0,0.95
JLL,0.13640641136914441,89,0,0,0.05
JLS,-0.04306174961598114,41,1,5,0.65
JMIA,-0.18248861358000223,16,1,18,0.95
JMM,-0.029467221316642957,49,1,4,0.65
JMSB,0.06802383265003673,78,0,0,0.3
JNJ,0.016502871161644055,66,1,4,0.4
JOB,-0.07550434470778936,31,1,5,0.85
JOBY,-0.16377509430504789,18,1,1,0.95
JOE,0.011243992825200631,65,0,0,0.55
JOF,0.012231075339459392,65,0,0,0.85
JOUT,0.03588834551949311,71,0,0,0.2
JOYY,0.1015321508832053,84,0,0,0.0
JPC,-0.03955282506471001,43,1,5,0.8
JPM,0.07714214314925483,80,0,0,0.0
JQC,-0.023525147574482097,53,1,4,0.55
JRI,-0.04191050712511565,42,1,3,0.2
JRS,0.0006618568820253579,62,1,4,0.25
JRSH,0.18516541221814112,92,0,0,0.0
JRVR,0.03961311692752647,72,0,0,0.3
JSPR,0.1989008497857865,93,1,7,0.35
JTAI,2.351814623011027,99,0,0,0.2
JUNS,-0.7223597873015785,1,1,27,1.0
JVA,-0.14732067661515033,20,1,42,1.0
JWEL,-0.2887461491459131,8,1,29,1.0
JXG,-0.08565721279071528,29,1,13,0.65
JXN,0.21621566051712235,94,0,0,0.0
JYD,-0.1403756106630522,21,1,1,0.65
JYNT,-0.07201562494171193,32,1,17,0.9
JZ,-0.5022721738112599,3,1,45,1.0
JZXN,0.3913445429062584,97,0,0,0.5
KAI,0.09007420438985517,82,0,0,0.3
KALA,-0.6823881973553234,1,1,29,1.0
KALU,-0.02010115684932137,55,0,0,0.85
KAPA,-0.24414941827117845,11,1,51,1.0
KARO,0.2406825337960262,94,0,0,0.0
KAZR,-0.3007726794869001,8,1,33,1.0
KB,0.04698254674204947,74,0,0,0.1
KBDC,-0.0537339884611082,37,1,5,0.75
KBH,0.05306726189496049,75,0,0,0.7
KBON,-0.03759480399624161,44,1,4,0.65
KBONU,-0.029942752282918362,49,1,3,0.6
KBR,-0.03587620764678623,45,1,1,0.25
KBSX,-0.06450540461429118,34,0,0,0.9
KC,0.0913820966142175,83,0,0,0.5
KCHV,-0.026881524923531797,51,1,4,0.55
KCHVU,0.017405767155425807,67,1,2,0.45
KD,0.05969638050856375,77,0,0,0.2
KDK,-0.3295707088485468,6,1,61,1.0
KDP,-0.022355303800175322,54,1,3,0.8
KE,0.01196800272630194,65,0,0,0.7
KEEL,-0.16979800315736546,17,1,9,0.95
KELYA,0.2271688986880964,94,0,0,0.0
KELYB,0.08413058839287713,81,1,4,0.25
KEN,-0.18025726747802467,16,1,7,0.75
KEP,-0.09293283603525077,28,1,4,0.8
KEQU,-0.06174802069832132,35,1,2,0.6
KEX,-0.08590142209231354,29,1,6,0.3
KEY,-0.006931628670150125,60,1,12,0.6
KEYS,-0.0077242072704469394,60,0,0,0.85
KF,-0.15866863151876606,19,1,25,1.0
KFFB,0.1734648621212176,91,0,0,0.15
KFII,-0.028336683429904433,50,1,4,0.55
KFIIU,-0.03892857262389452,43,1,3,0.6
KFRC,0.14317226333142524,89,0,0,0.0
KFY,0.14792398920199662,90,0,0,0.0
KG,-0.2069873496077261,14,1,30,1.0
KGC,-0.047500391437548306,39,0,0,0.85
KGEI,-0.11056640320336586,25,1,2,0.3
KGS,-0.18945161889827297,15,1,24,1.0
KHC,0.05684385267994017,76,1,2,0.1
KIDS,0.16060072354344848,91,0,0,0.3
KIDZ,-0.6774241680852586,1,1,83,1.0
KIM,-0.014391254602782136,57,1,5,0.45
KINS,0.13292382561232466,88,0,0,0.1
KIO,-0.04282184926922942,41,1,5,0.75
KITT,-0.2959723484203055,8,0,0,0.85
KKR,0.06097362223749236,77,0,0,0.05
KLAC,-0.09431042558460584,28,1,24,1.0
KLAR,0.12470967355801324,87,0,0,0.35
KLC,0.14125376455463398,89,0,0,0.0
KLIC,-0.12264754975622291,23,1,23,1.0
KLRS,-0.17224490774247544,17,0,0,0.8
KLTR,0.3451499844448418,96,0,0,0.5
KLXE,-0.32254864036347086,7,1,9,0.95
KMB,0.05195891556678441,75,1,4,0.35
KMDA,-0.07596142489950027,31,1,11,0.95
KMI,-0.05863635901632337,35,1,5,0.55
KMPR,0.011805575541133241,65,1,2,0.25
KMRK,-0.15745638427660616,19,0,0,0.9
KMT,-0.0270886396249362,51,1,1,0.6
KMTS,0.03119668718715666,70,0,0,0.6
KMX,0.18780462889966745,92,1,2,0.1
KN,0.07790630996733225,80,0,0,0.75
KNDI,-0.08802670708948565,29,1,2,0.7
KNF,-0.1971459038392773,15,1,14,0.95
KNOP,-0.07843260899572252,31,1,2,0.4
KNRX,-0.30731026074671736,7,1,4,0.8
KNSA,0.29735507928736565,96,0,0,0.0
KNSL,0.11785351882983344,86,0,0,0.1
KNTK,-0.01724532541339148,56,1,3,0.3
KNX,-0.05611547028264098,36,1,10,0.7
KO,0.04667834036673484,74,1,2,0.35
KOD,0.12291876465749166,87,0,0,0.05
KODK,0.017909831309730888,67,0,0,0.75
KOF,-0.004732451363139802,60,1,3,0.65
KOP,0.1222863396620984,87,0,0,0.0
KOPN,-0.1609780403886981,18,1,1,0.95
KOS,-0.11808913527406567,24,1,2,0.45
KOSS,-0.11398316983410556,24,1,22,1.0
KOYN,-0.026352324708485322,52,1,4,0.6
KOYNU,-0.03750134104632861,44,1,5,0.7
KPLT,-0.11171789227913917,25,1,9,0.55
KPRX,-0.043684561487121215,41,1,4,0.65
KPTI,-0.8350527504194614,0,1,16,0.8
KR,-0.10624543414227161,26,1,5,0.8
KRAQU,-0.04069221306555282,42,1,4,0.5
KRC,0.0166868019687093,66,1,4,0.25
KREF,0.010632985534563578,65,1,5,0.3
KRG,-0.042221342856077176,42,1,4,0.35
KRKR,-0.047050825049835376,40,0,0,0.7
KRMD,-0.0822306032290455,30,1,2,0.75
KRMN,-0.019073852818641046,56,0,0,0.7
KRNT,0.034548802529903104,71,0,0,0.8
KRNY,0.08027500132513368,81,1,2,0.15
KRO,-0.08180828025708392,30,1,8,0.5
KROS,-0.15662726677394506,19,1,18,0.9
KRP,-0.07358568336051433,32,1,3,0.55
KRRO,-0.14575121342393568,20,1,17,0.85
KRSP,-0.03181337132797905,47,1,5,0.6
KRT,0.3319518202914907,96,0,0,0.0
KRUS,-0.06851604715041529,33,1,5,0.95
KRYS,-0.04543502911887128,40,1,4,0.6
KSCP,-0.31271152061517404,7,1,4,0.9
KSPI,0.05159407219034356,75,0,0,0.3
KSS,0.20321271688067935,93,0,0,0.25
KT,-0.06694327970638159,33,1,4,0.55
KTB,0.044098566237921986,73,1,5,0.25
KTCC,0.06374757940461162,78,0,0,0.5
KTF,-0.045397925917699644,40,1,13,0.95
KTOS,-0.03571183987837195,45,0,0,0.8
KTTA,-0.27753145102020216,9,1,61,1.0
KTWOU,-0.03186980078096733,47,1,3,0.6
KULR,-0.2648465189760146,9,1,22,1.0
KURA,-0.1374233522441835,21,1,11,0.65
KUST,0.0018782019955847426,62,0,0,0.65
KVHI,0.06632994823835131,78,0,0,0.6
KVUE,0.04216814576015974,73,1,4,0.3
KVYO,0.05891919678221002,77,0,0,0.15
KWM,-0.6097454096612291,1,1,81,1.0
KWR,0.13620184355020823,89,0,0,0.4
KWY,-0.13706250282314353,21,1,23,1.0
KXIN,0.026642808717978826,69,1,2,0.25
KYIV,-0.11548898341518987,24,1,17,0.85
KYMR,0.08763854584780797,82,1,7,0.35
KYN,-0.02546593246343547,52,1,3,0.15
KYNB,-0.06548928713128185,33,1,11,0.7
KYTX,-0.18501145017241208,16,1,19,0.95
KZIA,-0.08160463599854464,30,1,10,0.7
L,0.00971413695799473,64,1,4,0.25
LAB,-0.25299603930000913,10,1,3,0.6
LAC,-0.3133312333320073,7,1,44,1.0
LAD,0.19566681913726822,93,0,0,0.0
LADR,-0.07748496534005157,31,1,5,0.75
LAES,-0.22329836849200088,12,1,26,1.0
LAFA,-0.02967624458383149,49,1,4,0.6
LAFAU,-0.027066643064112595,51,1,3,0.6
LAKE,0.1358292132926784,89,0,0,0.4
LAMR,0.008694582352959328,64,1,4,0.25
LAND,-0.11261279587905651,25,1,11,0.8
LANDO,0.033967510341268235,71,0,0,0.25
LANDP,0.022267489261333304,68,1,2,0.2
LANV,-0.16401152822091516,18,1,16,0.95
LAR,-0.2918223281240108,8,1,35,1.0
LARK,0.04978311593391512,75,1,3,0.35
LASE,-0.20215054888902026,14,1,30,1.0
LASR,0.1299925264326313,88,0,0,0.3
LATA,-0.028586558527276474,50,1,3,0.6
LATAU,-0.031946347289212675,47,1,4,0.65
LAUR,0.019289646163818647,67,1,3,0.5
LAW,-0.040159050564920085,43,1,1,0.25
LAWR,-0.03384803832851311,46,1,3,0.6
LAZ,-0.031553332464253674,47,0,0,0.45
LB,-0.010982328015170427,59,1,3,0.15
LBGJ,-1.0166457912525853,0,1,13,0.7
LBRDA,0.0781056448696362,80,0,0,0.6
LBRDK,0.0755511532731605,80,0,0,0.6
LBRDP,-0.026827059316826874,52,1,5,0.45
LBRT,-0.3239946521707863,6,1,53,1.0
LBRX,0.36410188369381696,97,0,0,0.25
LBTYA,-0.09383588722405789,28,1,2,0.9
LBTYB,-0.08026420636822526,30,1,4,0.85
LBTYK,-0.09218116876525184,28,1,2,0.85
LCCC,-0.02619457107811758,52,1,3,0.6
LCCCU,-0.03693538625262501,44,1,2,0.45
LCFY,-0.36768983435603714,5,1,29,1.0
LCID,0.09322418955062695,83,1,1,0.25
LCII,0.0005907983187150925,62,1,5,0.3
LCNB,0.12837070372667764,87,1,1,0.2
LCTX,-0.16322088592440406,18,1,20,1.0
LCUT,0.03385225322035557,71,1,5,0.45
LDI,-0.19637487953614782,15,1,23,1.0
LDOS,0.04248651080754682,73,0,0,0.5
LDP,-0.04419047598130872,41,1,12,0.65
LE,0.07838800092974571,80,0,0,0.25
LEA,-0.10466964736912351,26,1,4,0.4
LECO,0.04095857626141868,72,0,0,0.65
LEDS,0.21568476683043566,93,1,2,0.45
LEE,-0.19472086477138215,15,1,37,1.0
LEG,-0.08462592515784376,30,1,7,0.8
LEGH,0.11052873031500776,86,0,0,0.1
LEGN,-0.3889942176763035,5,1,33,1.0
LEN,-0.030491716650969225,48,0,0,0.75
LENZ,-0.25144725909089793,10,1,4,0.75
LEO,-0.06027047254035264,35,1,5,0.85
LESL,-0.6948597950690949,1,1,23,1.0
LEU,0.01617109608915914,66,0,0,0.45
LEVI,0.02641775874227688,69,1,4,0.45
LEXX,-0.38985145573029967,5,1,12,0.75
LFAC,-0.02914882293013639,49,1,3,0.6
LFACU,-0.0289917260614051,50,1,3,0.55
LFCR,-0.17491307301918077,17,1,28,1.0
LFMD,-0.28663502041181843,8,1,17,0.9
LFMDP,-0.015114408687973625,57,1,3,0.35
LFS,0.0474969051846563,74,0,0,0.6
LFST,0.13160030087566746,88,1,4,0.2
LFT,-0.3870097488797371,5,1,28,1.0
LFUS,0.04298451331900228,73,0,0,0.7
LFVN,-0.041412001482101675,42,0,0,0.65
LFWD,-0.09435083555413801,28,1,13,0.7
LGCL,-0.1620627740546408,18,1,5,0.75
LGCY,0.03304692714525389,70,1,2,0.25
LGHL,-0.8160505129132805,0,1,44,1.0
LGI,-0.022002233651569017,54,1,5,0.65
LGIH,0.12107527058570478,87,0,0,0.4
LGL,0.012514991370935924,65,0,0,0.65
LGN,-0.21517254270910777,13,1,9,0.95
LGND,0.08503020149605672,81,1,7,0.5
LGO,-0.16235725681341487,18,0,0,0.95
LGPS,0.23556332807333166,94,1,6,0.3
LGVN,-0.016065030196079258,57,0,0,0.75
LH,0.12495089262309242,87,0,0,0.15
LHAI,-0.2784042791429964,9,1,16,0.9
LHSW,-0.2788661443389232,9,0,0,0.7
LHX,-0.08150345654980536,30,1,5,0.75
LI,-0.09445710505782398,28,1,2,0.65
LICN,-0.4526746431402313,3,1,33,1.0
LIDR,-0.24292288332295273,11,1,44,1.0
LIEN,-0.05487594793783929,37,1,17,0.95
LIF,0.17371120601924303,91,0,0,0.2
LIFE,0.4261724434959594,97,0,0,0.2
LII,-0.20171322704065595,14,1,6,0.6
LILA,0.3201293112724647,96,0,0,0.0
LILAK,0.2960548407513199,96,0,0,0.0
LIMN,-0.3204310744896538,7,1,14,0.95
LIN,-0.09044553826869559,28,1,5,0.95
LINC,-0.20165571756156972,14,1,16,0.8
LIND,0.424968090583269,97,0,0,0.0
LINE,-0.049594969890519106,39,1,5,0.6
LINK,0.09827871280492523,84,1,2,0.55
LIQT,-0.367354507655268,5,1,57,1.0
LITB,0.0023738418824756358,62,1,1,0.35
LITE,-0.01430341077251042,57,0,0,0.7
LITS,-0.04048073494759167,42,1,4,0.25
LIVE,-0.08622982123899711,29,1,11,0.55
LIVN,0.023029386604588746,68,1,1,0.45
LKFN,0.007322901407740341,64,1,3,0.4
LKFT,-0.14536376721423125,20,1,13,0.8
LKQ,-0.11505653768294782,24,1,5,0.75
LKSP,-0.030292062493921735,48,1,3,0.6
LKSPU,-0.02679322640693993,52,1,3,0.5
LLY,-0.011534681884187336,58,1,5,0.5
LLYVA,0.007059268223902217,64,1,4,0.7
LLYVK,0.01251204226623872,65,1,4,0.65
LMAT,-0.2654154940923912,9,1,1,0.3
LMB,-0.4514005203985569,3,1,1,0.95
LMND,-0.21339263094513644,13,1,11,0.65
LMNR,0.036085625513768434,71,1,5,0.6
LMRI,0.0695544491839451,79,0,0,0.35
LMT,0.06789453089148906,78,0,0,0.5
LNAI,-0.14061925048413768,21,1,23,1.0
LNC,0.242532993297248,95,0,0,0.0
LND,-0.05420438867242643,37,1,3,0.35
LNG,-0.027796921508162844,51,1,3,0.2
LNKS,-0.32699739456066257,6,1,32,1.0
LNN,-0.02367891364163204,53,1,6,0.85
LNSR,-0.03433418820371696,45,0,0,0.95
LNT,-0.08753421648218956,29,1,8,0.8
LNTH,-0.010392929720762042,59,1,7,0.8
LNZA,-0.14816333011046154,20,0,0,0.9
LOAN,-0.0856145929185394,29,1,4,0.75
LOAR,0.06489277541285401,78,0,0,0.8
LOB,0.08098045326940825,81,0,0,0.05
LOBO,-0.03627042292004986,44,1,3,0.65
LOCL,-0.30180699166957614,7,1,50,1.0
LOCO,0.11743320392757747,86,0,0,0.25
LODE,-0.22505996037250572,12,1,16,0.8
LOGI,-0.021922101276406092,54,1,1,0.5
LOMA,-0.048135265425368265,39,1,4,0.7
LONA,-0.16739139323229954,18,1,16,0.8
LOOP,-0.3398888097744239,6,1,10,0.9
LOPE,-0.06411728087565027,34,1,2,0.65
LOT,-0.2944467672660702,8,1,20,1.0
LOVE,0.040039892523396785,72,0,0,0.35
LOW,-0.01653021675970694,56,0,0,0.8
LPA,-0.11668209549808112,24,1,22,1.0
LPAA,-0.04085985432125483,42,1,4,0.6
LPAAU,-0.006989687794741163,60,1,2,0.4
LPBB,-0.027104888116140695,51,1,4,0.6
LPBBU,-0.027288398306322847,51,1,3,0.5
LPCN,-0.11374052482456157,24,1,19,0.95
LPCV,-0.03593957067427901,45,1,3,0.6
LPCVU,-0.03483859354288087,45,1,5,0.65
LPG,0.08040979483671815,81,1,2,0.15
LPL,-0.25641130668836626,10,1,42,1.0
LPLA,0.14119646428940752,89,0,0,0.0
LPSN,0.021198232933468848,68,0,0,0.65
LPTH,-0.15947598232895907,19,0,0,0.85
LPX,0.03171838812639862,70,0,0,0.65
LQDA,0.38637665537145,97,0,0,0.05
LQDT,-0.03299097327388217,46,1,3,0.35
LRCX,-0.06510543248213804,34,1,24,1.0
LRE,-0.051564895523576335,38,1,8,0.55
LRHC,-0.32577325622943926,6,1,4,0.9
LRMR,0.14567389272031983,89,0,0,0.05
LRN,-0.1614024678679291,18,1,5,0.65
LSAK,-0.0749270490459741,31,1,9,0.8
LSBK,0.008867551614256862,64,1,3,0.3
LSCC,-0.07935874728768855,31,1,1,0.8
LSE,-0.025326696517394588,52,1,1,0.3
LSF,0.047135001679160425,74,1,5,0.7
LSPD,0.0029108216515800825,62,1,5,0.4
LSTA,-0.6943894163221058,1,1,12,0.7
LSTR,-0.1497180641958722,20,1,9,0.6
LTBR,-0.10883347614173997,25,0,0,0.75
LTC,0.004073833227892988,63,1,5,0.25
LTH,0.2322444876683907,94,0,0,0.0
LTM,0.0730175746145236,79,0,0,0.65
LTRN,-0.16079604802522898,18,1,22,1.0
LTRX,-0.07650192576086859,31,0,0,0.8
LU,-0.04130109819553038,42,0,0,0.35
LUCD,-0.07080724616872094,32,0,0,0.9
LUCK,-0.12387113295937144,23,1,35,1.0
LUCY,-0.3864936799495854,5,1,17,0.85
LUD,-0.1569290493608187,19,1,3,0.95
LULU,-0.010851930788953829,59,0,0,0.4
LUMN,-0.2458116130687167,11,1,43,1.0
LUNG,0.29168850396194895,96,0,0,0.5
LUNR,-0.4043494397980665,4,1,44,1.0
LUV,0.06235100118260364,77,0,0,0.65
LUXE,0.0385999424588405,72,0,0,0.1
LVLU,0.9787154022997382,99,0,0,0.05
LVO,-0.28420844469250894,8,1,25,1.0
LVS,-0.08348737906050124,30,1,3,0.65
LVWR,0.06633185389604082,78,1,2,0.6
LW,0.16977373234821452,91,0,0,0.1
LWAC,-0.028849918093672523,50,1,3,0.6
LWACU,-0.030139935304775392,49,1,4,0.55
LWAY,0.06643387812088256,78,1,4,0.2
LWLG,-0.22850475372681275,12,0,0,0.9
LX,-0.29332605154213826,8,1,37,1.0
LXEH,0.2794301778029123,95,0,0,0.15
LXEO,-0.14072112956350488,21,1,9,0.85
LXFR,-0.004336331488369795,61,1,5,0.75
LXP,0.09847222273701592,84,1,2,0.1
LXRX,0.16684145850780766,91,0,0,0.35
LXU,-0.24040090285652044,11,1,5,0.6
LYB,-0.07227752366601797,32,1,3,0.45
LYEL,-0.1715066539516271,17,1,4,0.8
LYFT,0.08389711430858188,81,0,0,0.2
LYG,0.06819776657368623,79,0,0,0.05
LYTS,0.0011900902486923423,62,0,0,0.95
LYV,0.04040299876072476,72,1,4,0.45
LZ,0.17907210157141573,92,0,0,0.0
LZB,0.07878708878440249,80,0,0,0.4
LZM,-0.09975331861920897,27,0,0,0.85
LZMH,-0.113974551126309,24,1,9,0.9
M,0.11908458268468144,86,0,0,0.2
MA,0.08936017740383809,82,0,0,0.0
MAA,-0.0460726103903454,40,1,5,0.75
MAAS,0.4288617750228233,97,0,0,0.1
MAC,0.032206837391879524,70,1,3,0.35
MACI,-0.02500275967735546,53,1,3,0.55
MACIU,-0.145650743123511,20,1,4,0.65
MAGH,-0.03384803832851311,46,1,3,0.6
MAGN,0.1259195041574029,87,1,2,0.15
MAIA,-0.07621873672037774,31,0,0,0.75
MAIN,0.03269322530203999,70,0,0,0.05
MAKO,0.014198526863300899,66,0,0,0.9
MAMA,0.07393178033221959,79,1,1,0.35
MAMK,-0.03384803832851311,46,1,3,0.6
MAMO,0.08633119687913171,82,0,0,0.25
MAN,0.5427329073743581,98,0,0,0.0
MANE,-0.0332877881542246,46,1,9,0.8
MANH,0.22819144524281434,94,0,0,0.1
MANU,-0.00030120035085063473,62,1,3,0.45
MAR,-0.0738226784546637,32,1,4,0.75
MARA,-0.13965011978834208,21,1,9,0.95
MARPS,-0.030637205346669985,48,1,5,0.4
MAS,0.005899478623480288,63,1,6,0.5
MASK,-0.3901884693010925,5,1,38,1.0
MASS,0.010507607347489359,65,0,0,0.7
MAT,0.006860448053135834,64,1,2,0.3
MATH,-0.07868101867464117,31,1,2,0.8
MATV,0.16831920740031234,91,0,0,0.25
MATW,-0.00810433916462033,59,1,2,0.3
MATX,0.03283837559274846,70,1,8,0.4
MAX,0.10572197899349098,85,1,4,0.2
MAYS,-0.06906645958156163,33,1,3,0.75
MAZE,-0.0725542669165648,32,1,7,0.7
MB,-0.30407321790648456,7,1,40,1.0
MBAI,-0.021854441209735044,54,0,0,0.9
MBBC,-0.0024960851960879743,61,1,4,0.55
MBC,0.019215774755992225,67,0,0,0.7
MBI,-0.17610342219422517,17,1,12,0.85
MBIN,0.14169477105545009,89,0,0,0.35
MBINL,-0.024237547660111713,53,1,3,0.4
MBINM,-0.019866349051522094,55,1,3,0.45
MBINN,-0.03305815225636804,46,1,4,0.45
MBIO,-0.19973646382814786,14,1,19,0.95
MBLY,-0.15589649673580636,19,1,16,0.8
MBNKO,-0.019304451481382136,55,1,2,0.4
MBOT,-0.08765217077538656,29,0,0,0.95
MBRX,-0.8718574706351174,0,1,26,1.0
MBUU,0.09586690235662487,84,0,0,0.3
MBVI,-0.03019606207536918,49,1,3,0.6
MBVIU,-0.03188127489719019,47,1,4,0.55
MBWM,0.10209799554998208,85,0,0,0.0
MBX,0.6212252141179209,98,0,0,0.0
MC,-0.014748555432748812,57,0,0,0.4
MCB,-0.02539330475807885,52,1,11,0.7
MCBS,0.017002516961812875,67,1,5,0.4
MCD,-0.05351653783751224,37,1,5,0.85
MCFT,0.04076183303955835,72,1,4,0.45
MCGA,-0.03217890651871285,47,1,4,0.6
MCGAU,-0.03510689385200361,45,1,5,0.7
MCHB,0.052339327140503177,75,1,2,0.25
MCHP,-0.17052703286499024,17,1,28,1.0
MCHPP,-0.15233781279527342,19,1,28,1.0
MCHX,0.03615980790572954,71,0,0,0.1
MCI,-0.08429926175751468,30,1,5,0.95
MCK,0.07638617800856928,80,0,0,0.1
MCN,-0.04150817363988705,42,1,3,0.45
MCO,-0.013620680661230823,58,1,5,0.35
MCRB,-0.3737518537590688,5,1,21,1.0
MCRI,-0.05030447894880268,38,1,5,0.95
MCRP,-0.3988714285737883,4,1,54,1.0
MCS,0.46807515621359497,98,0,0,0.25
MCTA,-0.03384803832851311,46,1,3,0.6
MCY,0.024417014948744327,68,1,5,0.5
MD,0.04822812392988333,74,1,3,0.2
MDAI,-0.17856131954774868,16,1,22,1.0
MDB,0.06620602346940127,78,0,0,0.65
MDBH,-0.08023271231735601,30,1,14,0.7
MDCX,-0.24264594351433358,11,1,14,0.9
MDGL,-0.04489272131946624,40,1,5,0.25
MDIA,0.07894217133025783,80,0,0,0.2
MDLN,-0.12651615384009884,23,1,1,0.5
MDLZ,0.0021652017328605624,62,1,3,0.45
MDRR,0.03945640978081406,72,0,0,0.4
MDT,0.019819528432888804,67,1,2,0.2
MDU,-0.08588002722396795,29,1,8,0.8
MDV,-0.053316222053369985,37,1,5,0.65
MDWD,-0.1016170213356277,26,1,5,0.75
MDXG,0.020120195382225405,67,1,2,0.15
MDXH,-0.3114279163848823,7,1,97,1.0
MEC,-0.19015484798389953,15,1,16,0.95
MED,0.018849292818720394,67,0,0,0.9
MEDP,0.16167760933063322,91,0,0,0.05
MEDS,-0.2595073371949139,10,1,2,0.7
MEGI,-0.030981684734007767,48,1,4,0.35
MEGL,-0.013313680081732282,58,0,0,0.8
MEI,0.31127561286790967,96,0,0,0.55
MELI,0.0605882221152061,77,0,0,0.05
MENS,-0.06617910054265638,33,1,6,0.3
MEOH,-0.05261513625101288,38,1,3,0.25
MERC,-0.17736177970879133,17,1,1,0.9
MESH,-0.029336478222941456,49,1,4,0.6
MESHU,-0.029761440819029407,49,1,3,0.6
MESO,-0.020315242696195668,55,1,9,0.45
MET,0.08689568645307627,82,0,0,0.05
META,-0.07908312629682882,31,1,10,0.5
METC,-0.3684743945908782,5,1,41,1.0
METCB,-0.3538532555434903,5,1,36,1.0
MEVOU,-0.03795474331857449,44,1,4,0.65
MF,1.1316410701128614,99,0,0,0.45
MFA,-0.048321187605828035,39,1,5,0.65
MFC,0.07754270505150376,80,1,1,0.05
MFG,0.06994135385926953,79,0,0,0.3
MFI,-0.1819712155533836,16,1,5,0.95
MFIC,-0.1280971689473061,22,1,5,0.9
MFIN,0.08126297759422951,81,0,0,0.55
MFM,-0.04533344422063821,40,1,12,0.9
MG,-0.13406454112365693,22,1,27,1.0
MGA,0.0809363443694816,81,0,0,0.25
MGEE,-0.025350102906773447,52,1,5,0.3
MGF,-0.028118124443398673,50,1,5,0.65
MGIH,-0.013932100507318593,58,1,5,0.5
MGLD,-0.11085321157996389,25,1,8,0.85
MGM,-0.04332755887988578,41,1,5,0.8
MGN,-0.057326523876651984,36,0,0,0.85
MGNI,0.1910722660770114,92,0,0,0.3
MGNX,-0.1004085419441218,27,1,11,0.8
MGPI,0.0025449771982686623,62,1,4,0.3
MGRC,0.0493735620898862,74,1,2,0.5
MGRX,0.13061392540494485,88,1,2,0.35
MGTX,0.04504029107327689,73,0,0,0.65
MGX,-0.12722018783757577,23,1,15,0.8
MGY,-0.16700855552246088,18,1,13,0.85
MGYR,0.058691759037054196,77,0,0,0.35
MH,0.015084664517908082,66,0,0,0.5
MHD,-0.04103181628702005,42,1,5,0.7
MHF,-0.03894352784330525,43,1,5,0.75
MHH,0.05610631845495822,76,1,2,0.4
MHK,0.23279001929619855,94,0,0,0.5
MHO,0.027766318611839223,69,1,4,0.65
MIAX,0.032527417833421134,70,0,0,0.05
MICC,0.04831275245739774,74,0,0,0.3
MIDD,0.0174088493691334,67,1,1,0.7
MIMI,-0.23687198979371676,11,1,15,0.9
MIN,-0.027496486109782815,51,1,5,0.85
MIND,-0.07812241779655163,31,1,8,0.55
MINE,-0.06439900487068671,34,0,0,0.7
MIR,-0.14732366878532271,20,1,6,0.85
MIRA,-0.37185754931933,5,1,13,0.95
MIRM,-0.07850222980640562,31,1,13,0.7
MIST,-0.20196200086111876,14,1,62,1.0
MITK,-0.04776587409153562,39,1,12,0.6
MITQ,-0.13969119618240103,21,1,15,0.8
MITT,-0.11267085797051749,25,1,14,0.95
MIY,-0.03155107784927821,47,1,5,0.45
MKC,0.029043070903384448,69,1,5,0.45
MKDW,0.19484277764295574,93,1,5,0.25
MKL,-0.02738448036744801,51,1,5,0.3
MKLY,-0.029124929427874813,49,1,4,0.6
MKLYU,-0.003499983776441541,61,1,2,0.7
MKSI,-0.08371452811006691,30,1,24,1.0
MKTW,0.155273897848753,90,0,0,0.05
MKTX,0.2706736308096915,95,0,0,0.55
MKZR,-0.2595059210349704,10,0,0,0.95
MLAAU,-0.03933456067301381,43,1,4,0.65
MLAB,-0.0202158819121838,55,1,2,0.45
MLCI,-0.1726132284930376,17,1,14,0.8
MLCO,0.005282194270160918,63,1,3,0.35
MLEC,-0.15828103545651925,19,1,7,0.9
MLGO,-0.09925012767735023,27,1,7,0.9
MLI,0.1063364902554613,85,0,0,0.4
MLKN,0.34924432870399413,97,0,0,0.0
MLM,-0.09951835897845737,27,1,5,0.85
MLP,-0.009895879466540504,59,1,2,0.6
MLR,0.01744764140461485,67,1,5,0.5
MLSS,0.21623296767659397,94,0,0,0.1
MLTX,-0.08802431334804733,29,1,7,0.6
MLYS,-0.08814752391639571,29,1,7,0.8
MMA,-0.2480577018171468,10,1,8,0.95
MMD,-0.04462107696686497,41,1,5,0.85
MMI,-0.015016775151861495,57,1,4,0.55
MMLP,-0.05798481749723071,36,1,2,0.45
MMM,0.1561721330646455,90,0,0,0.2
MMS,0.02929261157034444,69,0,0,0.3
MMSI,0.2737576130494156,95,0,0,0.0
MMT,-0.03757600518279928,44,1,5,0.8
MMTX,-0.0334456765703295,46,1,4,0.6
MMTXU,-0.03384803832851311,46,1,3,0.6
MMU,-0.04748316705926368,39,1,5,0.85
MMYT,0.15400466273034916,90,0,0,0.25
MNDO,0.016930050435537303,67,0,0,0.45
MNDR,-0.6046217885150577,1,1,56,1.0
MNDY,0.06489143312565165,78,0,0,0.3
MNKD,0.08807906755344058,82,0,0,0.5
MNOV,-0.08111726838461172,30,1,14,0.8
MNPR,0.6115122415870912,98,0,0,0.0
MNR,-0.027734913233489634,51,1,2,0.25
MNRO,-0.24148285981571996,11,1,6,0.35
MNSB,-0.03250506169593838,47,1,5,0.85
MNSBP,-0.01496478076825223,57,1,4,0.35
MNSO,-0.06361366408721834,34,1,2,0.3
MNST,0.022754627231059775,68,1,4,0.4
MNTK,0.01133607794677844,65,1,4,0.4
MNTN,-0.06375545757404519,34,0,0,0.5
MNTS,-0.433551769198854,4,1,37,1.0
MNY,-0.1773498453079352,17,1,12,0.95
MO,-0.07879312354817272,31,1,5,0.55
MOB,-0.04043478606262235,42,0,0,0.75
MOBX,-0.22345401487886665,12,1,7,0.95
MOD,-0.2744010817482974,9,1,9,0.85
MODD,-0.5769338338713442,2,1,24,1.0
MOGU,-0.10058958291717868,26,1,3,0.7
MOH,-0.10819651535637442,25,1,11,0.55
MOLN,-0.015380114759278498,57,0,0,0.4
MOMO,-0.05344485188349854,37,1,3,0.35
MORN,0.11707461797884175,86,0,0,0.2
MOS,0.030383335560539453,70,0,0,0.3
MOV,0.08797573873440884,82,1,1,0.25
MOVE,-0.31998831863658217,7,1,24,1.0
MP,-0.19904091945147204,15,0,0,0.95
MPA,-0.051935276549108546,38,1,5,0.85
MPAA,0.08698091046946951,82,1,5,0.75
MPB,0.1045726174450457,85,0,0,0.15
MPC,0.08908937112830415,82,1,1,0.05
MPLT,-0.6382152103448273,1,1,8,0.45
MPLX,0.014648554128994594,66,1,1,0.35
MPT,-0.049565953308545074,39,1,5,0.45
MPTI,0.003204227676039721,63,0,0,0.8
MPU,-0.3803538281948411,5,1,37,1.0
MPV,-0.04057706851488712,42,1,3,0.8
MPWR,-0.09099986842755262,28,1,3,0.8
MQ,-0.014948203568169796,57,1,1,0.2
MQY,-0.04453263691238183,41,1,5,0.75
MRAM,-0.23757831051469638,11,1,1,0.95
MRBK,0.02193903331030069,68,1,4,0.3
MRCY,-0.037478643242558764,44,0,0,0.8
MRDN,0.07938736891237624,80,0,0,0.45
MREO,-0.07697950765722705,31,1,3,0.55
MRK,0.014991825223713375,66,1,3,0.35
MRKR,-0.3109158873878995,7,1,18,0.9
MRLN,-0.29200161683200254,8,1,1,0.95
MRM,-0.22123460714804608,13,1,33,1.0
MRNA,-0.11324396255018648,25,1,15,0.75
MRNO,-0.21999305593194526,13,1,42,1.0
MRP,-0.00201565135624282,61,1,5,0.65
MRSH,0.09547830473136754,84,0,0,0.05
MRT,0.1259327433250741,87,1,2,0.35
MRTN,-0.14369788073269654,21,1,11,0.65
MRVI,0.22589484023631742,94,1,4,0.2
MRVL,-0.12611593754644582,23,1,1,0.95
MRX,0.03973645970561499,72,1,3,0.3
MS,-0.006042179689771575,60,1,10,0.7
MSA,0.11930837103357006,86,0,0,0.2
MSAI,-0.08174839356797509,30,1,1,0.85
MSB,-0.13938808312582193,21,1,16,0.95
MSBI,0.14761885630581847,90,0,0,0.05
MSBIP,-0.02453173618632272,53,1,4,0.6
MSC,-0.22014332238900958,13,1,2,0.85
MSCI,-0.08880440544762508,29,1,5,0.55
MSD,-0.019953632364998745,55,1,4,0.45
MSDL,-0.045100341594902595,40,1,6,0.45
MSEX,0.03510528287814941,71,1,3,0.35
MSFT,0.17210368126223774,91,0,0,0.3
MSGE,0.04823734182092767,74,1,3,0.45
MSGM,-0.030147929285652953,49,1,2,0.4
MSGS,0.0033465331207452875,63,1,4,0.4
MSGY,-0.46103592173842967,3,1,30,1.0
MSI,0.004221702433399567,63,0,0,0.35
MSIF,-0.06579873916313596,33,1,2,0.8
MSLE,0.32569160388705937,96,0,0,0.0
MSM,0.06283255250307562,77,1,3,0.2
MSN,-0.08923958787610944,29,1,5,0.65
MSS,-0.6706394506736953,1,1,37,1.0
MSTR,-0.1952830596426712,15,1,11,0.95
MT,0.13789120968859764,89,0,0,0.05
MTA,0.1567303517772434,90,0,0,0.3
MTB,0.06792346672870644,78,1,4,0.2
MTC,-0.04453830344221304,41,1,2,0.5
MTCH,-0.012239487711894807,58,1,1,0.15
MTD,0.09429693927735094,83,0,0,0.0
MTDR,-0.17929134742355207,16,1,10,0.6
MTEK,-0.007285433482716732,60,0,0,0.75
MTEN,-0.19806457228067997,15,1,31,1.0
MTEX,-0.05379327309421167,37,0,0,0.75
MTG,0.10854263873137446,85,0,0,0.0
MTH,0.011815122558423381,65,1,14,0.95
MTLS,-0.007246826365386719,60,0,0,0.9
MTN,0.08735268926849199,82,1,3,0.15
MTNB,-0.6248205547706647,1,1,18,0.95
MTR,-0.22519049878533043,12,1,88,1.0
MTRN,0.26082283449489074,95,0,0,0.9
MTRX,-0.1611760796496086,18,1,9,0.95
MTSI,-0.22161120556267236,12,1,25,1.0
MTUS,0.09459325764239279,83,0,0,0.1
MTVA,-0.1700209209521952,17,1,14,0.7
MTW,0.09869576984394857,84,0,0,0.3
MTX,-0.009487480475532651,59,0,0,0.6
MTZ,-0.32668082384285013,6,1,25,1.0
MU,-0.009774678320161816,59,1,9,0.9
MUA,-0.08634966835086735,29,1,13,0.95
MUC,-0.047679758110748774,39,1,5,0.8
MUFG,0.08062905732648332,81,1,2,0.1
MUJ,-0.04254468820200037,42,1,5,0.9
MUR,-0.040810796196056875,42,1,2,0.25
MUSA,-0.013944497726465513,58,1,3,0.15
MUX,-0.025047539018023538,53,0,0,0.8
MUZEU,-0.028961893874612833,50,1,3,0.35
MVBF,0.07349960765324526,79,1,1,0.15
MVIS,-0.5444807630542949,2,1,19,0.95
MVST,-0.3687838560013075,5,1,59,1.0
MWA,0.00026518735623830975,62,0,0,0.55
MWG,-0.16415683755408128,18,1,12,0.8
MWYN,-0.2326426458577834,12,1,20,1.0
MX,-0.24100526043758838,11,1,40,1.0
MXC,0.07204983580876431,79,0,0,0.15
MXCT,-0.10428841227130506,26,1,14,0.7
MXE,-0.03903968398200253,43,1,2,0.45
MXF,-0.013666014017299277,58,1,3,0.55
MXL,-0.26081696387808084,10,1,9,0.9
MYE,0.3493056602208344,97,0,0,0.0
MYFW,0.013354311600241302,66,1,9,0.5
MYGN,-0.43833565678767616,3,1,9,0.5
MYI,-0.039422631137888645,43,1,5,0.85
MYN,-0.056002580396124026,36,1,5,0.85
MYND,-0.01444095702498158,57,0,0,0.45
MYO,-0.08870670088359309,29,1,1,0.85
MYPS,0.31104696214727123,96,0,0,0.45
MYRG,-0.27133494855625667,9,1,25,1.0
MYSE,0.13331436061166435,88,1,8,0.5
MYSZ,-0.2859526456320354,8,1,22,1.0
MZTI,-0.03849561776506114,44,1,5,0.8
NA,-0.028260479811324693,50,0,0,0.7
NAAS,0.0026153816493088983,62,1,1,0.4
NABL,0.10808008909503145,85,0,0,0.1
NAC,-0.04068246029389516,42,1,5,0.9
NAD,-0.03822342034368046,44,1,5,0.9
NAGE,-0.22832666852659786,12,1,2,0.85
NAII,-0.09706972463187305,27,1,4,0.65
NAK,-0.1326500354694725,22,0,0,0.95
NAKA,0.012535186363990598,65,0,0,0.35
NAMI,-0.4037234458045508,4,1,88,1.0
NAMM,-0.19682450404803456,15,1,9,0.95
NAMS,-0.22769810085943468,12,1,18,0.9
NAN,-0.06074723336653433,35,1,12,0.9
NAT,0.06616578265992318,78,1,2,0.1
NATH,-0.05202360242277071,38,1,5,0.85
NATL,0.017924596104217684,67,1,3,0.15
NATR,-0.11212200923366067,25,1,5,0.85
NAUT,-0.5895606727942873,2,1,45,1.0
NAVI,0.07823930992655331,80,0,0,0.25
NAVN,0.14392504331677702,89,0,0,0.15
NAZ,-0.07276193501853621,32,1,12,0.95
NB,-0.04267563338186742,41,0,0,0.9
NBB,-0.04691599836222822,40,1,5,0.95
NBBK,0.09727458989785406,84,0,0,0.1
NBH,-0.04132824356709145,42,1,5,0.8
NBHC,-0.030861359062464726,48,1,11,0.65
NBIS,0.029085534696908937,69,0,0,0.7
NBIX,-0.05022688413651855,38,1,4,0.2
NBN,0.012424190024684062,65,0,0,0.45
NBP,-0.2167589875653982,13,1,11,0.8
NBR,-0.14812168232164358,20,1,3,0.8
NBRGU,-0.05996450494319716,35,1,4,0.6
NBTB,0.086126305369712,82,1,1,0.05
NBTX,0.02798142339013667,69,1,4,0.45
NBXG,-0.06606907663334954,33,1,24,1.0
NC,-0.06964127977205764,32,1,5,0.95
NCA,-0.055455575407852384,36,1,12,0.9
NCDL,-0.06363537323716323,34,1,5,0.45
NCEL,-0.05258150079029776,38,1,9,0.55
NCEW,-0.026469132287488772,52,1,5,0.95
NCI,0.08768075544913723,82,1,2,0.1
NCL,-0.03932344436500945,43,1,4,0.75
NCLH,0.06320295204748563,78,0,0,0.75
NCMI,0.08593036033912571,82,0,0,0.05
NCNA,-0.2304492959709428,12,1,45,1.0
NCNO,0.08608459008721367,82,0,0,0.15
NCPL,-0.34623742289659654,6,1,38,1.0
NCRA,-0.4240027936672557,4,1,4,0.9
NCSM,-0.02863252126448805,50,1,1,0.65
NCT,0.05523362455733156,76,0,0,0.5
NCTY,-0.0293690582301019,49,0,0,0.6
NCV,-0.0207938377082588,55,1,4,0.85
NCZ,-0.011916167250404675,58,1,3,0.7
NDAQ,0.04831467072901361,74,0,0,0.05
NDLS,0.4077085206535565,97,0,0,0.5
NDMO,-0.06663829428133619,33,1,5,0.85
NDRA,-0.10251107903438095,26,1,9,0.55
NDSN,0.055896130596785464,76,0,0,0.35
NE,-0.09585765193206364,27,1,3,0.45
NEA,-0.04581692551773045,40,1,5,0.9
NECB,0.036311720238651556,71,1,5,0.5
NEE,-0.06554183010967904,33,1,5,0.4
NEGG,-0.09747014267228621,27,0,0,0.85
NEM,-0.00470075337871842,60,0,0,0.8
NEN,-0.07012942597254203,32,1,5,0.85
NEO,0.2808861008757849,95,0,0,0.1
NEOG,0.19413533749618425,93,0,0,0.15
NEON,-0.2865659311197552,8,0,0,0.9
NEOV,0.21030583002334383,93,0,0,0.7
NEPH,0.01826843489942972,67,1,8,0.4
NERV,-0.1656606724537615,18,1,22,1.0
NESR,0.03703616747677307,72,0,0,0.3
NET,0.07789934282027261,80,0,0,0.0
NEU,0.11163264535346709,86,0,0,0.35
NEUP,-0.09244215313075439,28,0,0,0.6
NEWP,0.32496921734650197,96,0,0,0.35
NEWT,0.07925526090086674,80,1,1,0.2
NEWTP,-0.012182322364903977,58,1,4,0.4
NEXA,-0.02269593757528021,54,0,0,0.5
NEXM,-0.12112577112995077,23,0,0,0.95
NEXN,0.1668524944133045,91,0,0,0.0
NEXR,-0.7652954524154866,1,1,28,1.0
NEXT,-0.23769700533519902,11,1,9,0.75
NFE,-0.31062010654759165,7,1,57,1.0
NFG,-0.03890831199752087,43,1,2,0.15
NFGC,-0.13028742297109064,22,0,0,0.95
NFJ,0.015189814431727462,66,1,3,0.4
NFLX,-0.10506827727182627,26,1,4,0.85
NG,-0.0429424894635971,41,0,0,0.8
NGEN,-0.2760666735111986,9,1,81,1.0
NGG,-0.0671487067104293,33,1,8,0.65
NGL,0.04332486424412705,73,0,0,0.55
NGNE,0.0964577991013024,84,0,0,0.4
NGS,-0.11534048829895188,24,1,25,1.0
NGVC,-0.007551549415218552,60,1,2,0.45
NGVT,0.04175951350407083,73,0,0,0.45
NHC,0.09830526552280944,84,1,3,0.15
NHI,-0.007268039547740961,60,1,5,0.35
NHPAP,0.010645626776627878,65,1,3,0.15
NHPBP,0.002691376889749464,62,1,5,0.35
NHS,-0.048420456976812964,39,1,5,0.8
NHTC,-0.2867960021809721,8,1,7,0.85
NI,-0.11711657739011669,24,1,8,0.9
NIC,0.1141997746326654,86,0,0,0.0
NICE,-0.052855284305957276,38,1,1,0.25
NIE,-0.030975251719382202,48,1,12,0.8
NIKI,0.05044313441921359,75,0,0,0.35
NIM,-0.02886007686003177,50,1,5,0.5
NIO,-0.15461953203074733,19,1,3,0.85
NIPG,-0.15792334278039466,19,1,3,0.65
NIU,0.01688491269277296,66,1,2,0.25
NIVF,-0.6779840292942385,1,1,75,1.0
NIXX,-0.4852077596903771,3,1,16,0.9
NJR,-0.045245026992580525,40,1,4,0.2
NKE,-0.051758037411714496,38,1,5,0.65
NKLR,0.05716389198783029,76,0,0,0.45
NKSH,0.11785411411567262,86,0,0,0.3
NKTR,-0.0025363592838873947,61,0,0,0.25
NKTX,-0.32727995099986595,6,1,19,0.95
NKX,-0.0474483563625968,39,1,5,0.7
NL,-0.07283425519145592,32,1,4,0.85
NLOP,-0.024383362570772994,53,1,2,0.4
NLY,0.0055379327104290235,63,1,4,0.25
NMAD,-0.37500731991916614,5,1,22,1.0
NMAI,0.007419785258781467,64,1,2,0.4
NMAX,-0.010613567835385897,59,0,0,0.6
NMCO,-0.052473847204709406,38,1,5,0.75
NMFC,-0.047555987808798404,39,0,0,0.7
NMG,-0.23359401845838904,12,1,22,1.0
NMI,-0.020501374227765025,55,1,4,0.55
NMIH,0.12360695160491283,87,0,0,0.0
NML,-0.04506526967693478,40,1,3,0.2
NMM,0.020821142067919914,67,1,2,0.2
NMP,-0.027981906199584895,51,1,3,0.6
NMPAU,-0.02569816716181255,52,1,3,0.5
NMR,0.0893261652622763,82,0,0,0.1
NMRA,-0.15253011365042046,19,1,4,0.7
NMRK,-0.022643662276931625,54,1,6,0.6
NMS,-0.0909482801324281,28,1,5,0.55
NMT,-0.052756813818758345,38,1,6,0.7
NMTC,-0.5439357549951281,2,1,72,1.0
NMZ,-0.042892681921169296,41,1,5,0.8
NN,-0.24873283127464543,10,0,0,0.95
NNBR,0.22178821603357537,94,0,0,0.2
NNDM,-0.04827441946203827,39,0,0,0.35
NNE,-0.19811107549807533,15,1,31,1.0
NNI,-0.013929900079603291,58,1,2,0.4
NNN,0.015160329350522521,66,1,4,0.3
NNNN,-0.4178308017801484,4,1,5,0.95
NNOX,-0.37396284811574804,5,1,2,0.95
NNVC,-0.06556311964776837,33,1,5,0.45
NNY,-0.0757402307254613,31,1,12,0.9
NOA,0.009458681844704463,64,0,0,0.55
NOAH,-0.11669950925163436,24,1,12,0.8
NOC,-0.018928603296995108,56,0,0,0.5
NODK,0.016514388892156638,66,1,5,0.4
NOEM,-0.0045630861359815325,61,1,1,0.35
NOEMU,0.03274834535828643,70,0,0,0.45
NOG,-0.06942557993004067,32,1,3,0.3
NOK,-0.31393248749324587,7,1,31,1.0
NOMA,-0.21794283741404522,13,1,7,0.95
NOMD,0.10633270298370612,85,1,2,0.1
NOV,-0.031035573406499983,48,1,6,0.4
NOVT,-0.006303178710564971,60,0,0,0.9
NOVTU,-0.011324293542350917,59,0,0,0.9
NOW,0.04487717251475309,73,0,0,0.4
NP,0.12405314752962868,87,0,0,0.35
NPAC,-0.027944622780075326,51,1,4,0.6
NPACU,-0.030870484546053678,48,1,2,0.55
NPB,-0.06579992375216855,33,1,11,0.65
NPCE,-0.23638021883263582,11,1,17,0.85
NPCT,-0.04708339596329761,40,1,5,0.9
NPFD,-0.04693234782617983,40,1,5,0.9
NPK,0.04596970554127972,73,0,0,0.75
NPKI,-0.0881741149756523,29,1,9,0.9
NPO,0.003683656677992468,63,1,2,0.8
NPT,1.0994687887932026,99,0,0,0.0
NPV,-0.08104805006808041,30,1,23,1.0
NPWR,-0.1692061541504528,17,1,28,1.0
NRC,-0.09545922847948922,27,1,6,0.4
NRDS,-0.05455110041156121,37,1,5,0.45
NRDY,-0.08852246088496254,29,1,5,0.85
NREF,0.0494070605582839,74,1,2,0.1
NRG,-0.1684880503435908,17,1,2,0.75
NRGV,-0.37793136856409637,5,1,25,1.0
NRIM,0.014998491682302835,66,1,5,0.35
NRIX,0.27675043321665077,95,0,0,0.05
NRK,-0.05156184149395436,38,1,5,0.75
NRO,-0.030968741501144162,48,1,4,0.3
NRP,-0.020236614612426065,55,0,0,0.7
NRSN,-0.3287731108567487,6,1,27,1.0
NRT,0.09420003368205285,83,0,0,0.1
NRXP,-0.23937737723337188,11,1,9,0.45
NRXS,-0.12122681132902285,23,1,1,0.85
NSC,0.04823901292822163,74,1,3,0.15
NSIT,0.33904478117699277,96,0,0,0.05
NSLR,-0.16306844948704963,18,1,37,1.0
NSP,0.34973181107320184,97,0,0,0.0
NSPR,-0.17068087309598387,17,1,90,1.0
NSRX,0.04837719639818459,74,0,0,0.6
NSSC,0.02485905722385713,68,0,0,0.65
NSTS,-0.013620425416600558,58,1,4,0.55
NSYS,-0.05613955690582358,36,1,5,0.9
NTAP,0.1725306292122446,91,0,0,0.1
NTB,0.02184802642665125,68,1,2,0.15
NTCL,-0.6727503934947324,1,1,38,1.0
NTCT,-0.028813524586705743,50,1,16,0.8
NTES,-0.005286969448171631,60,1,2,0.3
NTGR,0.008919516754008573,64,1,2,0.55
NTHI,-0.26125766135791084,10,1,30,1.0
NTIC,-0.017979309750799102,56,0,0,0.85
NTIP,0.07390213923162275,79,1,2,0.45
NTLA,-0.33120359983442793,6,1,20,1.0
NTNX,0.1465344041300113,89,0,0,0.0
NTR,-0.05315478797561442,37,1,3,0.25
NTRA,0.09090005711240773,83,0,0,0.15
NTRB,-0.1760832145097673,17,1,63,1.0
NTRP,-0.27510744339896737,9,1,41,1.0
NTRS,0.024754361659074346,68,1,3,0.25
NTRSO,-0.052241757920514595,38,1,5,0.85
NTSK,0.23298793910129953,94,0,0,0.15
NTST,-0.016951291174090555,56,1,4,0.25
NTWK,-0.038314742068822925,44,1,5,0.9
NTWO,-0.029402459115591785,49,1,4,0.5
NTWOU,-0.03309403336814814,46,1,3,0.6
NTZ,-0.38520183873719416,5,1,82,1.0
NU,0.05975764846120137,77,1,2,0.1
NUAI,0.061520615326785565,77,0,0,0.65
NUE,0.1225671396360142,87,0,0,0.3
NUS,-0.09078455475026037,28,1,4,0.7
NUTR,-0.03384803832851311,46,1,3,0.6
NUTX,-0.006238928206468354,60,1,11,0.7
NUV,-0.03994309999614128,43,1,4,0.7
NUVB,0.1612809375217312,91,1,1,0.15
NUW,-0.04089366097046145,42,1,5,0.7
NUWE,-0.7195300006512917,1,1,4,0.95
NVA,0.002868418174509245,62,0,0,0.9
NVAX,-0.2100550229044246,14,1,20,1.0
NVCR,-0.11118020719959051,25,1,7,0.75
NVCT,0.4619369788761706,98,1,2,0.15
NVDA,0.04689875311929625,74,0,0,0.45
NVEC,0.3162313296338546,96,0,0,0.5
NVG,-0.05294269397466747,38,1,5,0.85
NVGS,-0.05539623449903401,36,1,3,0.35
NVMI,-0.1951589478565053,15,1,25,1.0
NVNI,-0.044472768710211934,41,1,1,0.55
NVNO,-0.009354457000250463,59,0,0,0.5
NVO,-0.08148556019361605,30,1,4,0.25
NVR,-0.03714737545653381,44,1,5,0.8
NVRI,0.06454934013802863,78,1,1,0.35
NVS,-0.017595935034062662,56,1,3,0.55
NVST,0.08798716562486725,82,0,0,0.15
NVT,-0.032732465274732184,47,0,0,0.75
NVTS,-0.3309184713175971,6,1,31,1.0
NVX,-0.29499142376317683,8,1,34,1.0
NWAX,-0.0348522987262603,45,1,4,0.6
NWBI,0.06577782491690648,78,0,0,0.05
NWE,-0.04777271467415748,39,1,5,0.35
NWFL,0.08218136514823648,81,0,0,0.35
NWG,0.1155129902828391,86,0,0,0.05
NWGL,-0.4009711181356543,4,1,68,1.0
NWL,0.285372095948133,95,0,0,0.45
NWN,-0.03875031160854921,43,1,5,0.35
NWPX,-0.0481125351560584,39,1,12,0.8
NWS,0.05823355287935924,76,0,0,0.1
NWSA,0.05917216349089285,77,0,0,0.15
NWTG,0.1244888231244212,87,1,1,0.2
NX,0.1626177593469155,91,0,0,0.3
NXB,-0.12042509921610567,23,0,0,0.85
NXDR,0.15252051310242387,90,0,0,0.4
NXDT,-0.17123744722831988,17,1,7,0.35
NXE,-0.05193728723624787,38,0,0,0.8
NXG,-0.054284688948712856,37,1,8,0.65
NXGL,-0.3110742668312008,7,1,23,1.0
NXL,-0.1872530017807132,16,1,7,0.4
NXP,-0.03141601979056315,48,1,5,0.5
NXPI,-0.23611997368060197,11,1,31,1.0
NXPL,-0.19991216189048844,14,1,16,0.85
NXRT,-0.17243764966871303,17,1,5,0.9
NXST,0.0033359008483553956,63,1,1,0.25
NXT,-0.2143327350806695,13,1,31,1.0
NXTC,1.0472624330607294,99,0,0,0.25
NXTS,-0.6050595601019974,1,1,29,1.0
NXTT,-0.964547086744286,0,1,33,1.0
NXXT,-0.3579677079472541,5,1,10,0.9
NYAX,-0.04874135094151021,39,1,2,0.5
NYC,0.013411424757991557,66,1,1,0.65
NYT,-0.15644235197326245,19,1,3,0.4
NYXH,-0.3723806955439952,5,1,59,1.0
NZF,-0.0470851624693564,40,1,5,0.9
O,-0.024676559897838193,53,1,4,0.25
OABI,-0.07740067324725339,31,1,22,1.0
OACC,-0.026332681598429077,52,1,3,0.6
OACCU,-0.02039877088104393,55,1,2,0.55
OBA,-0.028953730159724824,50,1,4,0.6
OBAI,-0.23255954390667816,12,1,20,1.0
OBAWU,-0.01629258581847617,57,1,4,0.55
OBDC,-0.03833366256371157,44,1,5,0.4
OBE,-0.1218595050847405,23,1,2,0.4
OBIO,0.026747222409019743,69,0,0,0.6
OBK,0.07696820553733175,80,0,0,0.05
OBT,0.07064050589717502,79,0,0,0.1
OC,0.13676911407012718,89,0,0,0.15
OCC,0.13236232880845236,88,1,1,0.9
OCCI,-0.16350683722521664,18,1,2,0.95
OCCIM,-0.024208573157119995,53,1,4,0.55
OCCIN,-0.01956872271315542,55,1,4,0.55
OCFC,0.033458471586242204,71,1,4,0.25
OCG,-0.060468801870037836,35,1,5,0.75
OCGN,-0.15507734203932702,19,1,18,0.9
OCS,-0.19571186180625103,15,1,51,1.0
OCSL,-0.023915538600163003,53,1,5,0.55
OCUL,-0.1575750353365919,19,1,15,0.8
ODC,0.06404518388954697,78,1,3,0.45
ODD,0.06059182709004881,77,1,6,0.4
ODFL,-0.05069387599929666,38,1,7,0.4
ODYS,-0.0014303585741558059,61,1,9,0.45
OEC,-0.018494607139595387,56,1,5,0.5
OESX,0.5978730999467927,98,0,0,0.75
OFAL,2.3601895352793556,99,0,0,0.8
OFG,0.08318086656208593,81,0,0,0.0
OFIX,-0.11946359249793637,24,1,1,0.05
OFLX,-0.019544188958815358,55,1,6,0.85
OFRM,-0.055536865052031814,36,1,21,1.0
OFS,-0.06698212872005346,33,1,1,0.65
OGC,-0.019965843098187455,55,0,0,0.7
OGCP,-0.10131675905994056,26,1,5,0.7
OGE,-0.05324376548343732,37,1,6,0.5
OGEN,-0.12141379255834486,23,1,24,1.0
OGG,-0.0046251151784358,61,0,0,0.85
OGI,-0.11995561765602503,23,1,1,0.85
OGN,-0.02422062657034947,53,1,4,0.5
OGS,-0.03286574160018194,46,1,5,0.45
OHI,0.016518730262995523,66,1,3,0.25
OI,-0.2056072821018071,14,1,7,0.8
OIA,-0.05299088810785017,37,1,5,0.5
OII,0.18663797386621342,92,0,0,0.0
OIMAU,-0.029107500296775713,49,1,3,0.55
OIO,-0.09863256564354195,27,1,23,1.0
OIS,-0.04134659003052286,42,1,7,0.35
OKE,-0.05315107586457157,37,1,5,0.35
OKLO,-0.26213011251063634,10,1,44,1.0
OKTA,0.19681408498964428,93,0,0,0.15
OKUR,-0.08465889830092888,30,1,10,0.9
OKYO,-0.10866943016186315,25,1,2,0.55
OLB,-0.2738074111449482,9,1,15,0.95
OLED,-0.032383741792051016,47,0,0,0.8
OLLI,0.04993416480048831,75,0,0,0.65
OLMA,-0.09193813746681767,28,1,4,0.7
OLN,-0.22594274802340447,12,1,5,0.6
OLOX,-0.2543959737497348,10,1,9,0.9
OLP,-0.03753356340285313,44,1,5,0.4
OM,0.04000948736374708,72,0,0,0.65
OMAB,0.018505650691299592,67,1,1,0.8
OMC,0.011850031266031416,65,1,5,0.35
OMCL,-0.1884715232181653,15,1,6,0.55
OMDA,-0.05936893229691342,35,1,11,0.55
OMER,0.11998327882389917,87,0,0,0.45
OMEX,-0.16032789353432056,18,0,0,0.85
OMF,0.11430839996966374,86,0,0,0.1
OMH,-0.8205082990507284,0,1,8,0.9
OMSE,-0.03810606828320223,44,1,5,0.5
ON,-0.2868755031960325,8,1,28,1.0
ONB,0.04187751789246188,73,1,2,0.1
ONBPO,-0.040747932068341444,42,1,4,0.5
ONBPP,-0.03909862972913073,43,1,4,0.55
ONC,0.06741281262760415,78,0,0,0.1
ONCH,-0.03567724574639154,45,1,4,0.6
ONCHU,-0.02962665968493743,49,1,5,0.5
ONCO,-0.235664192553574,11,0,0,0.95
ONCY,-0.12215875145229643,23,1,16,0.85
ONDS,-0.01800158657796739,56,0,0,0.6
ONEG,-0.2081657340834603,14,1,29,1.0
ONEW,0.11975027545980363,87,1,2,0.25
ONFO,-0.884856822398675,0,1,63,1.0
ONIT,-0.02797521940827668,51,1,5,0.25
ONL,-0.0883271392682822,29,1,5,0.95
ONMD,-0.18501749286762334,16,1,1,0.5
ONON,0.014168178042120894,66,1,2,0.45
ONT,0.08542575272835431,82,0,0,0.2
ONTO,-0.05853013276335227,35,1,16,0.85
OOMA,0.10128936014865023,84,0,0,0.05
OPAD,2.661584189139527,99,0,0,0.4
OPAL,0.05154331347657055,75,0,0,0.35
OPBK,0.05417722310557659,76,1,2,0.3
OPCH,0.09232145074574613,83,0,0,0.3
OPEN,-0.269699047765497,9,1,19,0.95
OPFI,0.03089667858936395,70,0,0,0.3
OPHC,0.5373767658813332,98,0,0,0.0
OPK,-0.06449258274871189,34,1,4,0.85
OPLN,-0.03944761822077712,43,1,2,0.5
OPP,-0.022599780073987597,54,1,5,0.4
OPRA,0.017859028053590915,67,0,0,0.35
OPRT,0.09476669491979775,83,0,0,0.3
OPRX,0.11250732912490241,86,0,0,0.05
OPTT,-0.4325293262851881,4,1,42,1.0
OPTU,-0.3773201911555067,5,1,20,1.0
OPTX,-0.2605247249482257,10,1,24,1.0
OPXS,-0.07534906877555167,31,1,14,0.8
OPY,0.05474285601926352,76,0,0,0.25
OR,-0.0510556092230329,38,0,0,0.85
ORA,-0.212032352984685,13,1,35,1.0
ORBS,-0.1603000052458264,18,1,1,0.95
ORC,-0.06179309726414044,35,1,13,0.8
ORCL,-0.18195782718881623,16,0,0,0.85
ORGO,-0.09014294863888175,29,1,5,0.6
ORI,0.06381751356122842,78,1,2,0.15
ORIC,0.31424679822133494,96,0,0,0.05
ORIO,-0.3040154030566246,7,1,73,1.0
ORIQ,-0.02956708959759744,49,1,3,0.6
ORIQU,-0.029450534375200246,49,1,3,0.6
ORKA,0.2913151276852799,96,0,0,0.05
ORKT,-0.0860392983060172,29,1,7,0.85
ORLY,0.019152447743956365,67,0,0,0.5
ORMP,0.02572047440762295,69,0,0,0.65
ORN,-0.31936347487299166,7,1,25,1.0
ORRF,0.0915251319822886,83,0,0,0.1
OSBC,0.14211843638106983,89,0,0,0.1
OSCR,0.16835315813369375,91,1,2,0.4
OSG,-0.01227096172936272,58,1,12,0.75
OSIS,0.03559246449184005,71,0,0,0.5
OSK,0.04949598656167591,74,0,0,0.3
OSPN,0.12406159563547275,87,0,0,0.0
OSRH,0.15991989190348488,90,0,0,0.1
OSS,-0.08541364098299259,29,1,1,0.95
OST,-0.03384803832851311,46,1,3,0.6
OSTX,-0.08627282834067998,29,1,23,1.0
OSUR,0.021703853199244998,68,1,2,0.85
OSW,0.007816260198818883,64,1,6,0.85
OTEX,0.06706952783645878,78,0,0,0.3
OTF,-0.057352898073645034,36,1,1,0.9
OTGA,-0.03019606207536918,49,1,4,0.6
OTGAU,-0.029360361290627513,49,1,4,0.6
OTIS,-0.027630105184735444,51,1,5,0.6
OTLK,0.558810545400884,98,1,15,0.75
OTLY,0.4613663913649365,98,0,0,0.05
OTTR,0.010468973057196407,65,1,5,0.45
OUST,0.08115500565866479,81,0,0,0.75
OUT,-0.03473170473977644,45,1,5,0.45
OVBC,-0.0543434514810149,37,1,14,0.95
OVID,-0.05711590116661606,36,0,0,0.85
OVLY,-0.022948612261366463,54,1,3,0.75
OVV,-0.027110280928161583,51,1,2,0.15
OWL,0.14114958893392746,89,0,0,0.15
OWLS,-0.09871852959926314,27,1,17,0.95
OWLT,-0.0007228761236717021,62,1,14,0.7
OXBR,0.316746277828689,96,0,0,0.2
OXLC,-0.02910800509047311,49,1,1,0.3
OXLCN,-0.025391241090296446,52,1,4,0.55
OXLCO,-0.02117712679436863,54,1,4,0.35
OXM,-0.03845989974927417,44,1,5,0.45
OXSQ,0.00170405447783286,62,0,0,0.1
OXY,-0.05462103817898166,37,1,3,0.3
OYSE,-0.029209917676193898,49,1,3,0.6
OYSEU,-0.04417982877381525,41,1,5,0.65
OZ,0.03456809356675875,71,0,0,0.75
OZK,0.01988531425323943,67,1,3,0.35
OZKAP,-0.02257131697202617,54,1,4,0.3
P,0.045630295834871375,73,0,0,0.35
PAA,0.00291290498607117,62,1,2,0.1
PAAS,-0.023254340308250174,54,0,0,0.9
PAC,-0.1304115690044511,22,1,22,1.0
PACB,-0.21336062453729973,13,1,4,0.85
PACH,-0.02924390392504135,49,1,4,0.6
PACHU,-0.025117731852835258,53,1,3,0.55
PACK,-0.18351452981073646,16,1,10,0.8
PACS,0.13480470770341288,88,1,3,0.15
PAG,0.18440981205938292,92,0,0,0.0
PAGP,0.001852077552398329,62,1,2,0.1
PAGS,0.004231617692395634,63,1,2,0.15
PAHC,-0.03465212937453135,45,0,0,0.1
PAI,-0.043787407638081026,41,1,5,0.85
PAII,-0.03207603889220793,47,1,4,0.6
PAL,0.04610678977915678,73,1,6,0.45
PALI,0.020529419044985328,67,0,0,0.55
PAM,-0.014992745031373156,57,1,3,0.4
PAMT,0.12270261166711002,87,1,1,0.25
PANL,-0.017350934288177102,56,1,2,0.3
PANW,0.28800571114221757,96,0,0,0.3
PAPL,0.16484803191338143,91,0,0,0.45
PAR,0.06779193117379495,78,0,0,0.45
PARK,0.030425249431679423,70,0,0,0.65
PARR,0.1146638917939469,86,1,1,0.05
PASG,-0.1264229525352343,23,1,8,0.9
PASW,-0.22965537434678732,12,1,31,1.0
PATH,0.17287268382701296,91,0,0,0.15
PATK,-0.034093482696025905,46,1,5,0.75
PAVM,-0.15119945430179477,20,1,2,0.5
PAVS,-0.6246046240641968,1,1,99,1.0
PAX,-0.04813338817284366,39,1,1,0.8
PAXS,-0.040404432511182406,43,1,4,0.5
PAY,0.537760119592783,98,0,0,0.0
PAYC,0.222792023925828,94,0,0,0.1
PAYO,0.17395503502646184,91,1,3,0.15
PAYS,0.225862549323345,94,0,0,0.0
PAYX,0.13988190063602232,89,0,0,0.0
PB,0.028965694136823587,69,1,2,0.25
PBA,-0.043507415088883866,41,1,4,0.25
PBAM,0.13157898509508317,88,0,0,0.15
PBF,0.293107928631393,96,1,1,0.05
PBFS,0.031089742130505686,70,1,4,0.4
PBH,0.03138144325430844,70,0,0,0.2
PBHC,0.06125071005445761,77,1,3,0.15
PBI,0.06810686842635705,79,1,4,0.2
PBK,-0.34400067450266775,6,1,35,1.0
PBM,-0.12973714822933358,22,0,0,0.7
PBR,-0.007873328695922704,59,1,2,0.15
PBT,0.2852627342663422,95,0,0,0.1
PBYI,0.027391394211333693,69,1,9,0.5
PC,-0.03384803832851311,46,1,3,0.6
PCAP,-0.029463477404899074,49,1,4,0.6
PCAPU,-0.030655308821664274,48,1,2,0.55
PCAR,0.07648147661862578,80,1,1,0.05
PCB,0.031978116041321024,70,1,5,0.4
PCF,-0.06601767159899116,33,1,5,0.85
PCG,-0.014327985659348744,57,1,4,0.2
PCLA,0.3145471550736294,96,0,0,0.7
PCM,-0.02252558862851846,54,1,5,0.45
PCN,-0.029721921623976622,49,1,4,0.55
PCOR,0.12198757647310665,87,0,0,0.3
PCQ,-0.045024757621398424,40,1,5,0.8
PCRX,-0.022485811592598298,54,1,1,0.05
PCSA,-0.050912189164837474,38,1,6,0.4
PCT,-0.2260786993705802,12,1,1,0.9
PCTTU,0.03403135681386855,71,1,3,0.6
PCTY,0.2561743903824609,95,0,0,0.0
PCVX,-0.027935271851168026,51,1,4,0.4
PCYO,-0.04619011786081875,40,1,4,0.7
PD,0.17742203353057792,92,0,0,0.2
PDC,-0.45674136161606405,3,1,25,1.0
PDCC,-0.11863801483569592,24,1,11,0.9
PDD,0.0227686684361462,68,0,0,0.1
PDEX,0.06290855523287128,77,0,0,0.75
PDFS,-0.078311575684919,31,1,24,1.0
PDI,-0.06503033298396585,34,1,12,0.9
PDLB,0.03366730472828069,71,1,2,0.25
PDM,0.02599645809557489,69,1,2,0.1
PDO,-0.03508866853451781,45,1,4,0.6
PDPA,-0.023473653885937786,53,1,4,0.5
PDS,-0.17141211948212598,17,1,8,0.65
PDSB,-0.2828883862979605,8,1,37,1.0
PDT,-0.04399272169647797,41,1,4,0.35
PDX,-0.01418182466949296,57,1,3,0.3
PDYN,-0.06403429561046078,34,0,0,0.85
PEB,0.09220118014155992,83,1,2,0.25
PEBK,0.011639833939171028,65,1,4,0.5
PEBO,0.11817346108825974,86,0,0,0.0
PECO,-0.011177202083855954,59,1,5,0.35
PED,-0.2678790152443403,9,1,9,0.9
PEG,-0.08815487404646397,29,1,7,0.85
PEGA,-0.09816431012097995,27,0,0,0.5
PEN,-0.024138568030422983,53,1,3,0.55
PENG,-0.04893963345907742,39,1,15,0.75
PENN,-0.03243859980834993,47,1,5,0.6
PEO,-0.004868882428915453,60,1,2,0.2
PEP,-0.0783526807256528,31,1,4,0.8
PEPG,0.05561151157313377,76,1,9,0.5
PERF,0.08454894981232047,81,1,2,0.1
PERI,0.0219429335683637,68,1,1,0.1
PESI,0.37245805854986025,97,0,0,0.0
PETS,-0.02985717981469689,49,1,4,0.25
PETZ,0.017104521306638476,67,1,6,0.85
PEW,-0.13877210350503763,21,0,0,0.7
PFAI,-0.4625179320629352,3,1,26,1.0
PFBC,0.028934188620671493,69,1,4,0.35
PFD,-0.032262937753247733,47,1,5,0.85
PFE,0.02020243146280494,67,0,0,0.35
PFG,0.03727970416065924,72,1,2,0.25
PFGC,0.06583024867869544,78,1,2,0.15
PFIS,0.11380067496828461,86,0,0,0.0
PFL,-0.028352498146918592,50,1,4,0.45
PFLT,-0.11235674261775253,25,1,5,0.95
PFN,-0.020625050418269113,55,1,3,0.15
PFO,-0.03084711959174511,48,1,4,0.7
PFS,0.06192995986905584,77,0,0,0.1
PFSA,-0.8131527154775079,0,1,81,1.0
PFSI,-0.11266759192606088,25,1,5,0.5
PFX,0.03983700154367017,72,0,0,0.6
PG,-0.030438267432705224,48,1,5,0.6
PGAC,-0.02662819315424425,52,1,3,0.5
PGACU,-0.04225380325161663,42,1,4,0.7
PGC,-0.007318835056226207,60,1,5,0.6
PGEN,0.44511581912974857,97,0,0,0.3
PGNY,0.17564313406540477,92,1,2,0.1
PGP,-0.022846945864654765,54,1,5,0.65
PGR,-0.03788971242560381,44,1,5,0.6
PGY,0.2827534415649194,95,0,0,0.25
PGZ,-0.007058529778495318,60,1,5,0.25
PH,0.05858311636128102,76,1,2,0.2
PHAR,-0.2758753255086923,9,1,17,0.85
PHAT,-0.29647856301846887,8,1,5,0.55
PHG,-0.04707634866417271,40,1,5,0.85
PHGE,-0.6175411855271001,1,1,46,1.0
PHI,0.023876253111756292,68,1,2,0.15
PHIN,-0.06308305220635667,34,1,5,0.75
PHIO,-0.0331855313023718,46,0,0,0.6
PHK,-0.013926239559688216,58,1,4,0.25
PHM,0.042267792294689,73,0,0,0.6
PHOE,-0.18732332726024145,16,1,2,0.35
PHR,0.08467177679943233,81,0,0,0.15
PHUN,0.07586494947616373,80,0,0,0.1
PHVS,-0.011131375327684347,59,1,4,0.45
PI,0.13547161054795517,89,0,0,0.45
PICS,0.21552175565184453,93,0,0,0.0
PII,0.07741448206084212,80,0,0,0.4
PIII,0.4297244132120501,97,1,5,0.75
PIM,-0.04366932219591141,41,1,5,0.8
PINE,-0.010219096990159583,59,1,5,0.35
PINS,0.02140491754116018,68,1,1,0.1
PIPR,-0.039966355979363405,43,1,4,0.45
PJT,0.03776911703226888,72,0,0,0.2
PK,0.08591149076810076,82,1,2,0.1
PKBK,0.04420231764600937,73,1,2,0.3
PKE,0.048056568776011145,74,0,0,0.55
PKG,0.09245241021548284,83,0,0,0.4
PKOH,0.21833861491305898,94,0,0,0.1
PKX,-0.12433462733514802,23,0,0,0.75
PL,-0.36951223563250024,5,1,25,1.0
PLAB,-0.02397471858216716,53,0,0,0.7
PLAG,-0.7265152720738254,1,1,20,1.0
PLAY,-0.06667532945178292,33,1,2,0.85
PLBC,0.07918912755006116,80,1,2,0.1
PLBL,-0.23901262947317942,11,1,21,1.0
PLBY,-0.14761281735153023,20,1,7,0.85
PLCE,-0.24140430462231743,11,1,21,1.0
PLD,-0.0458058321654643,40,1,4,0.4
PLG,-0.028912634203824863,50,0,0,0.9
PLGO,0.09459587105310804,83,1,3,0.15
PLMK,-0.03966544525994259,43,1,5,0.65
PLMKU,-0.032330593181044136,47,1,10,0.65
PLMR,0.05643346177654723,76,1,4,0.3
PLNT,0.01389889976202386,66,0,0,0.3
PLOW,-0.028616770255749737,50,1,8,0.8
PLPC,0.32718710633938697,96,0,0,0.75
PLRX,-0.14234562099471265,21,1,13,0.95
PLRZ,-0.24220065694202525,11,1,7,0.5
PLSE,0.4706966825829396,98,0,0,0.25
PLSM,-0.19602000796245625,15,1,22,1.0
PLTK,0.06627955014920756,78,1,1,0.25
PLTR,0.12424032206271321,87,0,0,0.5
PLTS,-0.03384803832851311,46,1,3,0.6
PLUG,-0.3089549464541396,7,1,44,1.0
PLUR,-0.28877589809359194,8,1,58,1.0
PLUS,0.09967671214530427,84,0,0,0.0
PLUT,-0.11961704613628982,23,1,3,0.75
PLX,0.09625985689131863,84,0,0,0.2
PLXS,-0.00014515969371040743,62,0,0,0.9
PLYX,-0.22686921670011276,12,1,3,0.95
PM,0.02059854606531686,67,1,3,0.4
PMA,-0.045714499679083045,40,0,0,0.6
PMAX,-0.20221250122591947,14,1,27,1.0
PMCB,-0.21395392282505685,13,1,25,1.0
PMEC,-0.37286403815365626,5,1,28,1.0
PMI,-0.6805712316642076,1,1,39,1.0
PML,-0.05740771243739433,36,1,5,0.85
PMM,-0.03693809538144964,44,1,5,0.4
PMN,0.1229519901340437,87,1,2,0.25
PMO,-0.052264797735552586,38,1,12,0.7
PMT,-0.1190512245397467,24,1,22,1.0
PMTR,-0.035882451727159745,45,1,5,0.65
PMTRU,-0.03022604887396685,48,1,4,0.6
PMTS,0.22803565940992768,94,0,0,0.3
PMVP,-0.09631299467315269,27,1,9,0.45
PN,0.7505763291394238,98,1,3,0.4
PNBK,0.011482383201973409,65,1,2,0.4
PNC,0.045185277678140394,73,1,3,0.15
PNFP,0.049705908783401,75,0,0,0.15
PNI,-0.05320201667775896,37,1,5,0.85
PNNT,-0.08129261985429279,30,0,0,0.7
PNR,-0.10922838388871359,25,1,5,0.85
PNRG,-0.052956447903790546,37,1,5,0.45
PNTG,0.08822270651398056,82,1,3,0.15
PNW,-0.054313221427687824,37,1,8,0.65
POAS,-0.5694308327191583,2,1,47,1.0
POCI,-0.1712316081204569,17,1,32,1.0
PODC,-0.1610537247800845,18,1,15,0.85
PODD,-0.189263074437874,15,1,2,0.15
POET,-0.21226919864013133,13,1,1,0.95
POLA,-0.05657448667120929,36,0,0,0.7
POLE,-0.02639314248372515,52,1,4,0.55
POLEU,-0.07323026682987624,32,1,3,0.7
POM,-0.667122871678149,1,1,61,1.0
PONY,-0.04216206410386411,42,0,0,0.5
POOL,0.019948498423970375,67,0,0,0.65
POR,-0.062196466223678505,34,1,8,0.45
POST,-0.057565959606997175,36,1,3,0.6
POWI,-0.19140984655991716,15,1,11,0.95
POWL,-0.2390673047069824,11,1,28,1.0
POWW,-0.04350762187157055,41,1,14,0.7
POWWP,-0.025705340500108243,52,1,4,0.55
PPBT,-0.34542881208910353,6,1,69,1.0
PPC,-0.12692646011541348,23,1,4,0.6
PPCB,-0.40450103085739497,4,1,19,0.95
PPG,0.006198149715336103,63,1,6,0.75
PPHC,0.14760276857810678,90,0,0,0.3
PPIH,-0.12895420700458848,22,1,42,1.0
PPL,-0.0643765142964717,34,1,5,0.65
PPLI,-0.05310227741901422,37,1,1,0.7
PPSI,-0.27641307182714836,9,1,32,1.0
PPT,-0.03513268133782443,45,1,5,0.75
PPTA,-0.017912569982622438,56,0,0,0.9
PR,-0.04037987236473015,43,1,2,0.25
PRAA,-0.05345239951830035,37,1,5,0.5
PRAX,0.012157778025696966,65,1,7,0.6
PRCH,0.27356168666401104,95,0,0,0.45
PRCT,-0.2055258746772052,14,1,37,1.0
PRDO,-0.08290665868320365,30,1,5,0.7
PRE,0.0029433349245821874,62,1,4,0.6
PRFX,-0.3250530857638373,6,1,33,1.0
PRG,0.15205380448511696,90,0,0,0.15
PRGO,0.16613140750086336,91,0,0,0.65
PRGS,0.19743857629202674,93,0,0,0.0
PRHI,-0.06531760624070998,34,1,2,0.35
PRI,0.10100389966506981,84,0,0,0.05
PRIM,-0.2759079507107911,9,1,63,1.0
PRK,0.129572372720169,88,0,0,0.0
PRKS,0.06039056389326002,77,1,5,0.65
PRLB,0.20244039854410154,93,0,0,0.45
PRLD,-0.048851504010131594,39,1,3,0.7
PRM,0.06473890259982354,78,0,0,0.5
PRMB,0.055632444264557844,76,0,0,0.75
PRME,-0.19988982024313565,14,1,18,0.9
PROF,0.07594086749014944,80,0,0,0.25
PROK,-0.16087379848554828,18,0,0,0.95
PROP,-0.2064281675544997,14,1,8,0.6
PROV,0.026219925369419098,69,0,0,0.45
PRPO,-0.13569590341699006,22,1,13,0.85
PRQR,0.18751779446176822,92,0,0,0.25
PRSO,-0.22129251516697768,13,1,42,1.0
PRSU,0.005509365680126832,63,1,5,0.55
PRT,-0.028664712248070212,50,1,5,0.55
PRTA,-0.16822103325165144,18,1,19,0.95
PRTH,0.02830127306945674,69,1,5,0.7
PRTS,-0.18273332652681593,16,0,0,0.95
PRU,0.07829639728143711,80,1,1,0.05
PRVA,-0.06024994306800036,35,1,12,0.6
PRZO,-0.10798658616935228,25,0,0,0.85
PSA,0.008427713262124832,64,1,3,0.6
PSBD,-0.0821277105237315,30,1,24,1.0
PSEC,-0.07284060531564451,32,1,1,0.65
PSF,-0.04181073767513785,42,1,12,0.8
PSFE,-0.027650613196822375,51,1,4,0.3
PSHG,-0.01699067460881865,56,1,2,0.45
PSIG,-0.4859039308254143,3,1,28,1.0
PSIX,-0.21856868673422905,13,0,0,0.9
PSKY,-0.18081462820822203,16,1,23,1.0
PSMT,0.01381939836892964,66,1,2,0.45
PSN,-0.18260028675799891,16,1,6,0.4
PSNL,0.2712374885600351,95,0,0,0.5
PSNY,-0.26870309553801525,9,1,22,1.0
PSNYW,-0.09305365717246336,28,1,8,0.8
PSO,0.008070729333837921,64,1,3,0.25
PSQH,-0.49750054661436255,3,1,1,0.95
PSTL,-0.04127440062597779,42,1,7,0.7
PSX,0.0887962751413697,82,1,2,0.1
PTA,-0.05219637580155896,38,1,5,0.9
PTC,0.027810435000063034,69,0,0,0.35
PTCT,-0.13914977505782355,21,1,18,0.9
PTEN,-0.12415388228397412,23,1,2,0.55
PTGX,0.1312261588556443,88,0,0,0.1
PTHS,0.10160667027625997,85,0,0,0.65
PTLE,0.6042362119582609,98,0,0,0.0
PTLO,0.015520152433057259,66,1,4,0.55
PTN,-0.4271017529632788,4,1,69,1.0
PTON,0.09602040893814451,84,0,0,0.0
PTORU,-0.04375495394731607,41,1,5,0.45
PTRN,0.06967008146390502,79,1,12,0.6
PTY,-0.04224642081064565,42,1,5,0.75
PUBM,0.07425343890821368,80,0,0,0.4
PUK,-0.022427232545754544,54,1,2,0.1
PULM,0.060677594685222234,77,1,2,0.25
PUMP,-0.2538789403806941,10,1,10,0.95
PURR,-0.19719062642000806,15,1,22,1.0
PUSA,-0.33627987449482644,6,1,37,1.0
PVH,0.06262019666485868,77,0,0,0.25
PVL,-0.04323032418078918,41,1,3,0.7
PVLA,0.1418032782897707,89,0,0,0.2
PW,-0.16845384518496903,18,1,9,0.9
PWCM,-0.6964429883372336,1,1,45,1.0
PWP,0.009729862445572127,65,0,0,0.55
PWR,-0.05189450919502765,38,0,0,0.75
PXED,-0.1036456509120866,26,1,5,0.75
PXLW,0.021420873565464453,68,0,0,0.65
PXS,0.04699978231005158,74,0,0,0.3
PYPD,-0.11216961677578516,25,1,12,0.65
PYPL,0.2572163045071342,95,0,0,0.0
PYXS,0.367123300428136,97,0,0,0.35
PZG,0.075341822747102,80,0,0,0.7
PZZA,-0.15743199784099382,19,1,23,1.0
Q,-0.10310731953224814,26,1,25,1.0
QBTS,-0.09524252425890531,27,0,0,0.8
QCLS,-0.24357579441229107,11,1,24,1.0
QCOM,-0.23902993770912873,11,1,31,1.0
QCRH,0.08626714251863024,82,0,0,0.2
QDEL,0.12383581936507376,87,0,0,0.1
QETA,-0.03851293445367152,44,1,4,0.75
QETAU,-0.08580212575636187,29,1,4,0.55
QFIN,-0.12497647283186772,23,1,3,0.85
QGEN,0.09493871437410381,83,1,1,0.05
QH,-0.026984140346715833,51,1,13,0.9
QLYS,0.43839434329912674,97,0,0,0.35
QMCO,0.03792199048720769,72,0,0,0.55
QNCX,0.4199097027138114,97,0,0,0.4
QNRX,-0.13453503595744665,22,1,3,0.9
QNST,0.05659875758754237,76,1,5,0.45
QNTM,-0.29469563701441026,8,1,46,1.0
QQQX,-0.02017810603510515,55,1,10,0.6
QRHC,-0.038863787985922604,43,1,4,0.55
QRVO,-0.0018539607071693526,61,0,0,0.55
QS,-0.2929229537183356,8,1,26,1.0
QSEA,-0.022111375617823725,54,1,3,0.55
QSEAU,-0.03884038465363762,43,1,3,0.6
QSI,-0.2879618819813045,8,1,19,0.95
QSR,-0.03209673965399738,47,1,4,0.5
QTEX,-0.09466574233296901,28,1,21,1.0
QTI,-0.40244629865881704,4,1,58,1.0
QTRX,-0.039127140691908015,43,1,9,0.5
QTTB,0.5665031103655225,98,0,0,0.05
QTWO,0.22418242401431873,94,0,0,0.0
QUAD,0.2772717702337303,95,0,0,0.0
QUBT,-0.09907213129674167,27,0,0,0.85
QUCY,0.49059537240899964,98,0,0,0.9
QUIK,-0.2484231536555367,10,1,31,1.0
QUMS,-0.027330949243556016,51,1,4,0.55
QUMSU,-0.03860531737356265,43,1,4,0.65
QURE,0.3926393090834499,97,0,0,0.5
QXL,-0.021207209971026396,54,1,9,0.95
QXO,-0.05011493824373057,38,0,0,0.9
R,-0.012154140856488829,58,1,7,0.45
RA,-0.017040260076951454,56,1,5,0.3
RAC,-0.03030772887813984,48,1,4,0.6
RACE,0.09051233464984801,83,0,0,0.2
RADX,-0.4047553596696378,4,1,9,0.9
RAIL,-0.026384880592547278,52,1,1,0.75
RAIN,-0.4077471655937456,4,1,26,1.0
RAL,0.061008261033351184,77,1,7,0.55
RAMP,0.02366304568269635,68,1,4,0.35
RAND,-0.031715727124893636,47,1,2,0.8
RANG,-0.02762756200209371,51,1,4,0.6
RANGU,-0.03412445637236616,46,1,4,0.65
RANI,-0.04701774502643966,40,1,1,0.55
RAPP,0.07849609257012977,80,0,0,0.2
RARE,-0.16613345635641344,18,1,15,0.75
RAVE,0.01597900838195447,66,1,2,0.7
RAY,-0.11696933571006266,24,1,1,0.7
RAYA,-0.27927229337761006,8,1,40,1.0
RBA,-0.15986633560483604,19,1,5,0.65
RBB,0.036314741190345105,71,1,5,0.4
RBBN,-0.15916561961244716,19,1,5,0.95
RBC,-0.07782525683481409,31,1,8,0.9
RBCAA,0.14497819596067887,89,0,0,0.15
RBKB,-0.013188371986582625,58,1,4,0.55
RBLX,-0.2999681108444042,8,1,12,0.65
RBNE,-0.8090197840844933,0,1,83,1.0
RBRK,0.08067209104095852,81,0,0,0.7
RC,-0.15049517510337584,20,1,23,1.0
RCAT,-0.222411072505529,12,0,0,0.9
RCEL,-0.0684302177356839,33,1,6,0.5
RCG,-0.026925284471238587,51,1,2,0.15
RCI,-0.0540882520485107,37,1,4,0.7
RCKT,-0.04654347966254096,40,0,0,0.7
RCKY,0.2707311640270563,95,0,0,0.15
RCL,0.13042185347933125,88,0,0,0.55
RCMT,0.04230176121060219,73,0,0,0.15
RCON,-0.9107020500198556,0,1,3,0.85
RCS,-0.06631609618535417,33,1,20,1.0
RCT,-0.4649298114696838,3,1,30,1.0
RCUS,-0.026836923086366305,51,1,4,0.6
RDAC,-0.00821090790608113,59,1,2,0.5
RDACU,-0.07609462655584379,31,1,3,0.6
RDAG,-0.030154353173810367,49,1,3,0.6
RDAGU,-0.03857395431106717,44,1,4,0.7
RDCM,-0.34933690192884387,6,1,13,0.75
RDDT,-0.21041894584730128,14,1,5,0.7
RDGT,-0.5355786207521162,2,1,93,1.0
RDHL,-0.24631242464167014,11,1,29,1.0
RDI,0.20243299321146915,93,0,0,0.25
RDIB,-0.008384532870674068,59,0,0,0.55
RDN,0.05272636807062298,75,1,2,0.15
RDNT,0.06867152116387076,79,0,0,0.25
RDNW,-0.027788873933394413,51,0,0,0.55
RDVT,0.19047519081101263,92,0,0,0.15
RDW,-0.11208212977816612,25,0,0,0.9
RDWR,-0.06510567390387845,34,1,12,0.7
RDY,-0.15457985962806312,19,1,21,1.0
RDZN,-0.19089318811972264,15,1,6,0.95
REAL,0.16168534687782835,91,0,0,0.25
REAX,-0.15942536850722347,19,1,12,0.6
REBN,-0.22134930172690345,13,1,2,0.9
RECT,-0.021456092828627114,54,0,0,0.6
REED,-0.5244457703417534,2,1,73,1.0
REFI,-0.1264982585592747,23,1,14,0.95
REFR,-0.2963936394782567,8,1,71,1.0
REG,-0.029567782912836474,49,1,5,0.4
REGCO,-0.03346654886407131,46,1,5,0.5
REGCP,-0.022283946872829242,54,1,4,0.35
REGN,0.12037615232767032,87,0,0,0.05
REI,-0.08221822510631702,30,1,1,0.25
REKR,-0.1969219178821908,15,1,1,0.9
RELL,0.26798727831061664,95,0,0,0.4
RELX,0.04923211976506676,74,0,0,0.25
RELY,0.032201701870616335,70,0,0,0.25
RENT,-0.06249034827324891,34,0,0,0.65
RENX,-0.040356230733608264,43,1,1,0.4
REPL,0.6640176452223782,98,0,0,0.45
REPX,-0.07231611854672965,32,1,3,0.4
RERE,0.006862648237700178,64,0,0,0.6
RES,-0.1264346299578648,23,1,1,0.9
RETO,0.08034562742366344,81,0,0,0.35
REVB,0.08892750836589902,82,0,0,0.5
REX,-0.09500942014498198,27,1,10,0.6
REXR,0.04543774526557729,73,1,2,0.2
REYN,0.10121845485070799,84,0,0,0.25
REZI,0.10865524445317129,85,0,0,0.1
RF,0.053204519239865085,76,0,0,0.0
RFAI,-0.024925815710752298,53,1,4,0.55
RFAIU,-0.05262368939921841,38,1,4,0.65
RFI,-0.01793809778679909,56,1,4,0.4
RFIL,-0.23462602212342212,11,1,24,1.0
RFL,0.1577271896318352,90,1,22,1.0
RFM,-0.03437869785080244,45,1,5,0.45
RFMZ,-0.047562366687956416,39,1,5,0.7
RGA,0.060173092425994355,77,1,3,0.15
RGC,-0.4180522429833619,4,1,61,1.0
RGCO,-0.09131412549148377,28,1,13,0.7
RGEN,0.16169928340765405,91,0,0,0.25
RGLD,-0.0021859122093070074,61,0,0,0.65
RGNT,-0.21948131927547218,13,1,18,0.95
RGNX,0.0013004554239010382,62,1,15,0.75
RGP,-0.05151636579298451,38,1,1,0.4
RGR,-0.05493004567723614,37,1,4,0.6
RGS,-0.034258304915483706,45,1,10,0.6
RGT,0.03425139567762297,71,0,0,0.1
RGTI,-0.13484930599493433,22,0,0,0.9
RH,0.26131301215830655,95,0,0,0.2
RHI,0.24338634761419162,95,0,0,0.05
RHLD,-0.012075472401302061,58,0,0,0.8
RHP,0.03578815633279347,71,1,3,0.4
RIBB,-0.0321257632408132,47,1,3,0.55
RIBBU,-0.03861904403056118,43,1,25,1.0
RICK,-0.03335639865916719,46,1,5,0.8
RIG,-0.11069586912769117,25,1,3,0.75
RIGL,0.13138683394702153,88,0,0,0.4
RILY,-0.1267908162792464,23,1,1,0.9
RILYL,-0.1455442514532017,20,1,30,1.0
RILYP,-0.12826787802476342,22,1,30,1.0
RIME,-0.3468960401050032,6,1,33,1.0
RIO,0.013309001594687384,66,0,0,0.7
RIOT,-0.07995017701938248,30,1,4,0.8
RITM,0.06732947839193837,78,0,0,0.25
RITR,-0.41128066893975385,4,0,0,0.9
RIV,-0.025909003330543492,52,1,16,0.9
RIVN,-0.09128035331993983,28,1,4,0.45
RJET,0.06663091150364289,78,0,0,0.65
RJF,0.09404784838544353,83,0,0,0.0
RKDA,-0.20647696250834693,14,0,0,0.95
RKLB,-0.20821779729619325,14,1,46,1.0
RKT,-0.04914285962639439,39,1,6,0.85
RKTO,-0.22434197451502344,12,1,37,1.0
RL,-0.027912888628478884,51,1,4,0.85
RLAY,0.17406721114722767,92,0,0,0.15
RLGT,-0.09015629172955128,29,1,14,0.8
RLI,0.10800155126951419,85,1,3,0.25
RLJ,0.14670377016382588,89,1,1,0.05
RLMD,-0.20284674686344653,14,1,25,1.0
RLTY,-0.021206960169568946,54,1,4,0.35
RLX,-0.057221226799501756,36,1,3,0.3
RLYB,0.006088028235105798,63,1,5,0.35
RM,-0.18650448598849062,16,1,5,0.25
RMAX,-0.10280194569022494,26,1,11,0.55
RMBI,0.04727972020897233,74,1,2,0.25
RMBS,-0.2373022892076839,11,1,36,1.0
RMCF,-0.43514712786029525,4,1,56,1.0
RMCO,-0.08717526999034578,29,0,0,0.95
RMD,0.03793666555358457,72,0,0,0.5
RMI,0.005413658072885248,63,1,3,0.5
RMM,-0.0398106616403456,43,1,5,0.6
RMMZ,-0.031969925263224785,47,1,5,0.75
RMNI,0.06290001846853976,77,1,1,0.2
RMR,-0.0580254147147691,35,1,6,0.6
RMSG,-0.4758845365963267,3,1,41,1.0
RMT,-0.016677456244649936,56,1,9,0.9
RMTI,0.04121403103705786,72,0,0,0.3
RNAC,-0.010001317347989834,59,1,19,0.95
RNAZ,-0.4556063707203153,3,1,10,0.5
RNG,0.3993476112787222,97,0,0,0.15
RNGR,-0.046787251331776615,40,1,2,0.55
RNGT,-0.02957187634261567,49,1,3,0.6
RNGTU,0.005586099722215063,63,1,2,0.45
RNP,-0.035414070615598404,45,1,4,0.4
RNR,0.030540815138474113,70,1,5,0.4
RNST,0.036313425668049494,71,1,3,0.3
RNTX,-0.3299885901558774,6,1,21,1.0
RNW,-0.0070522124368638875,60,1,2,0.45
RNXT,0.09187472760611612,83,0,0,0.55
ROAD,-0.0885148907888885,29,1,2,0.8
ROCK,0.3179546192925185,96,0,0,0.3
ROG,-0.07505535218730738,31,1,24,1.0
ROIV,0.0384618832328985,72,1,4,0.35
ROK,-0.054744717159059805,37,1,2,0.6
ROKU,0.07380990181282185,79,1,2,0.1
ROL,-0.22147089055328073,13,1,12,0.85
ROLR,-0.09889763818110733,27,1,9,0.5
ROMA,0.12088703035033777,87,1,2,0.1
ROOT,0.0031916258267515388,63,0,0,0.5
ROP,0.08927185321329972,82,0,0,0.2
ROST,0.10565630990883537,85,0,0,0.2
RPAY,0.007871754021450746,64,1,1,0.25
RPC,0.08862952946986738,82,0,0,0.1
RPD,0.19435156874859183,93,0,0,0.4
RPGL,-0.3363329495102191,6,1,61,1.0
RPID,0.06072548275996844,77,0,0,0.1
RPM,0.08197122772742887,81,0,0,0.5
RPRX,0.010602032582656414,65,1,3,0.3
RPT,-0.17308732062419424,17,1,19,0.95
RQI,-0.04469477211791183,41,1,3,0.45
RR,-0.31023016748584403,7,1,44,1.0
RRBI,0.04907976050481804,74,1,1,0.05
RRC,-0.0689851105315847,33,1,2,0.5
RRGB,0.6012540611253687,98,0,0,0.0
RRR,-0.017938792961189855,56,1,2,0.25
RRX,-0.17813677156551486,16,1,1,0.8
RS,0.06692550893824953,78,0,0,0.3
RSF,-0.02248770045265356,54,1,4,0.45
RSG,-0.06528992733328282,34,1,5,0.4
RSI,-0.15856256812270517,19,1,7,0.5
RSKD,0.009446044003876684,64,1,3,0.3
RSSS,-0.09227615898261668,28,1,5,0.9
RSVR,-0.024856323728367526,53,1,4,0.5
RTAC,-0.03349063146615953,46,1,5,0.6
RTACU,-0.028154863957077426,50,1,5,0.35
RTB,1.342951057045769,99,0,0,0.05
RTO,-0.22890610967501362,12,1,5,0.7
RTX,0.14958042856311107,90,0,0,0.0
RUBI,-0.7223177733857906,1,1,122,1.0
RUM,-0.13747388175013697,21,1,1,0.95
RUN,-0.2357125919671259,11,1,27,1.0
RUSHA,0.1359304437605592,89,0,0,0.0
RUSHB,0.09077652930209518,83,0,0,0.1
RVLV,0.13590060304149673,89,1,1,0.05
RVMD,0.13233947161755602,88,0,0,0.1
RVP,-0.07150414671434477,32,1,15,0.95
RVSB,-0.026596260676987483,52,1,5,0.85
RVSN,-0.17674498799458974,17,1,16,0.8
RVT,0.00026051201627723397,62,1,2,0.65
RVTY,0.06629779144161196,78,0,0,0.15
RWAY,-0.046971043248674654,40,0,0,0.55
RWT,-0.11262184529458791,25,1,7,0.45
RXO,-0.18416854843061023,16,1,9,0.5
RXRX,-0.18269386072876692,16,1,1,0.9
RXST,0.06903874567404036,79,0,0,0.3
RXT,-0.03984210263608141,43,1,1,0.9
RY,0.03965031998094847,72,1,3,0.15
RYAAY,-0.025671295564925943,52,1,14,0.7
RYAM,0.1946169745159986,93,0,0,0.25
RYAN,0.22778068878116423,94,0,0,0.05
RYDE,0.06440296276590493,78,0,0,0.65
RYET,0.07698476395979434,80,0,0,0.55
RYM,-0.02821616858186218,50,0,0,0.9
RYN,0.003968746652262878,63,1,3,0.4
RYOJ,0.7655106903349881,98,0,0,0.0
RYTM,0.06873692088108768,79,0,0,0.4
RYZ,-0.000580204485057835,62,1,5,0.35
RZLT,0.03278356385587485,70,1,4,0.55
RZLV,0.0013571807345461803,62,0,0,0.85
S,0.19028816595296177,92,0,0,0.05
SA,-0.020138363509427628,55,0,0,0.75
SAAQU,-0.050382210739926415,38,1,4,0.75
SABA,-0.023169745491423213,54,1,4,0.45
SABR,0.0730122685331932,79,0,0,0.65
SABS,-0.019686824577883115,55,0,0,0.8
SAC,-0.03224178499733974,47,1,4,0.6
SACH,-0.19793429602691598,15,1,42,1.0
SAFE,0.017798778680775153,67,1,5,0.3
SAFT,0.3635462986491731,97,0,0,0.4
SAFX,-0.24829545203571476,10,1,13,0.7
SAGT,-0.27744689194762456,9,1,25,1.0
SAH,-0.00463262174167579,60,1,4,0.2
SAIA,-0.20894951228404068,14,1,9,0.8
SAIC,0.06016418939446395,77,0,0,0.05
SAIH,0.8070880938649259,99,0,0,0.0
SAIL,0.09835920415474239,84,0,0,0.3
SAM,-0.006049942870936194,60,1,2,0.5
SAMG,-0.12813064827008522,22,1,2,0.85
SAN,0.08067816910015954,81,0,0,0.2
SANA,-0.050987785466284186,38,0,0,0.8
SANG,-0.002052677637251546,61,1,4,0.2
SANM,-0.15701954697242473,19,1,9,0.95
SAP,0.11758378430952432,86,0,0,0.5
SAR,-0.15119654585724013,20,1,24,1.0
SARO,0.09349832369985964,83,0,0,0.5
SATA,-0.011134262139473328,59,1,3,0.2
SATL,-0.2184924712341718,13,0,0,0.9
SB,0.11225072079224954,86,0,0,0.0
SBAC,-0.12440627430541565,23,1,4,0.9
SBC,-0.02900074738114874,50,1,2,0.6
SBCF,0.08061050957039109,81,0,0,0.0
SBET,0.05057311234347118,75,0,0,0.05
SBEV,-0.5267802980654658,2,1,22,1.0
SBFG,0.07882300646449511,80,1,2,0.1
SBFM,-0.533550216342774,2,1,61,1.0
SBGI,-0.07072967662704613,32,1,5,0.8
SBH,0.14157507774848424,89,0,0,0.0
SBI,-0.04560159430221354,40,1,5,0.7
SBLK,0.028013987073227574,69,1,1,0.25
SBR,-0.09668689575213424,27,1,5,0.6
SBRA,0.05930932927159519,77,1,3,0.25
SBS,-0.10038682007900387,27,1,9,0.55
SBSI,-0.06429352992786035,34,1,8,0.65
SBSW,-0.015977234630954157,57,0,0,0.7
SBUX,0.01868465953428619,67,1,3,0.35
SBXD,-0.03381222447838104,46,1,4,0.6
SBXE,-0.0318304476779521,47,1,3,0.45
SCAG,-0.057818998249913885,36,0,0,0.9
SCCO,0.0848072583573555,81,0,0,0.35
SCD,-0.010937602436059748,59,1,3,0.55
SCHL,-0.05574030401881004,36,1,9,0.45
SCHW,0.09892385231566866,84,0,0,0.0
SCI,0.09481174356177421,83,0,0,0.05
SCII,-0.026168982135693256,52,1,3,0.55
SCIIU,-0.03237212686908384,47,1,3,0.55
SCKT,-0.46549084702460425,3,1,36,1.0
SCL,0.15632492574447301,90,0,0,0.0
SCLX,-0.09595107769500888,27,1,13,0.65
SCM,-0.08983681695505089,29,0,0,0.85
SCNI,-0.298509068258339,8,1,2,0.8
SCNX,0.03437295669488182,71,1,2,0.4
SCOR,0.010179743767196624,65,0,0,0.35
SCPQU,-0.04310574867561193,41,1,5,0.65
SCSC,0.15731567663863585,90,0,0,0.0
SCWO,-0.0008823446910571006,61,0,0,0.4
SCYX,-0.020184596547530957,55,0,0,0.6
SCZM,0.1102074894827855,85,0,0,0.65
SD,-0.11644567033175213,24,1,3,0.7
SDA,-0.27073927588171254,9,1,18,0.9
SDEV,-0.22242021875211226,12,1,12,0.75
SDGR,0.028689361525328104,69,0,0,0.7
SDHC,0.06849686742386371,79,0,0,0.35
SDHI,-0.029039609203919705,50,1,3,0.6
SDHIU,-0.034497075805464975,45,1,3,0.6
SDHY,-0.019583938485064567,55,1,3,0.5
SDOT,-0.243851572482384,11,1,12,0.9
SDRL,-0.05560729908646725,36,1,3,0.35
SDST,-0.6958841522114151,1,1,10,0.9
SE,0.16376587553828575,91,0,0,0.1
SEAT,0.05158178217568923,75,0,0,0.45
SEB,-0.15814181739653332,19,1,5,0.85
SEDG,-0.42274409688169895,4,1,25,1.0
SEED,-0.036766789517361634,44,0,0,0.9
SEER,0.05001422659227211,75,0,0,0.1
SEG,0.05073348927693044,75,1,4,0.4
SEGG,-0.6429787094386349,1,1,39,1.0
SEI,-0.24309956825562454,11,1,25,1.0
SEIC,0.1011155974520393,84,0,0,0.0
SELF,-0.041923486377690306,42,1,5,0.85
SENEA,0.038271952493105395,72,1,1,0.55
SENEB,0.03732362874794403,72,1,1,0.4
SENS,-0.11903605392854827,24,1,1,0.95
SEPN,0.1989718659913508,93,0,0,0.5
SER,0.08743203891949472,82,0,0,0.25
SERA,-0.05630904748214513,36,1,2,0.3
SERV,-0.24044574846565542,11,0,0,0.85
SES,-0.49755280814446645,3,1,42,1.0
SEVN,-0.08393496489696532,30,1,13,0.9
SEZL,0.29900160678998144,96,0,0,0.45
SF,0.10051887473096141,84,0,0,0.0
SFBC,0.056967034357772305,76,0,0,0.15
SFBS,0.06939482941857555,79,0,0,0.0
SFD,-0.05044820156234815,38,1,4,0.45
SFHG,-0.09439886160513988,28,1,3,0.3
SFIX,0.07880252510220154,80,0,0,0.5
SFL,0.036483533112982115,71,1,1,0.1
SFM,0.006937596718170451,64,0,0,0.65
SFNC,0.05872437883836686,77,0,0,0.0
SFST,0.04681932487369702,74,0,0,0.1
SFWL,0.021347172792782046,68,0,0,0.65
SG,-0.21260162724721365,13,1,23,1.0
SGA,-0.031166405377910756,48,0,0,0.55
SGC,0.05715863527359475,76,0,0,0.6
SGHC,-0.09096771260457223,28,1,5,0.35
SGHT,0.10315117179847988,85,0,0,0.55
SGI,-0.08180418977534593,30,1,7,0.9
SGLY,0.3310680333814518,96,0,0,0.6
SGML,-0.2782936054235818,9,1,36,1.0
SGMT,0.11889355000473503,86,0,0,0.45
SGP,0.1315972276081239,88,0,0,0.15
SGRY,-0.036889433027121506,44,1,4,0.5
SGU,-0.025731206899690363,52,1,5,0.5
SHAK,0.21463730137597611,93,0,0,0.25
SHBI,0.10791959728778219,85,0,0,0.1
SHC,0.04605023754526371,73,1,2,0.25
SHEL,0.0023288337006685186,62,1,1,0.1
SHEN,-0.1197051161460593,23,0,0,0.85
SHFS,-0.4493087293332569,3,1,70,1.0
SHG,0.015319699466224038,66,1,4,0.25
SHIM,0.009742744338533851,65,0,0,0.65
SHIP,0.09530443699671376,84,0,0,0.15
SHLS,-0.18413153870925567,16,1,10,0.7
SHMD,-0.18184095533989025,16,1,25,1.0
SHO,0.03005956312289803,70,1,3,0.35
SHOE,-0.06212514380650267,34,1,4,0.8
SHOO,0.1756967820794271,92,0,0,0.1
SHOP,0.19881685027997995,93,0,0,0.3
SHPH,0.06819558440816675,79,0,0,0.8
SHW,0.11301735895027426,86,0,0,0.5
SIBN,0.11752205993836654,86,0,0,0.15
SID,-0.1284754036342192,22,1,5,0.65
SIDU,-0.31346987187849124,7,1,1,0.95
SIEB,-0.1143188405642902,24,1,9,0.95
SIF,0.212722829253264,93,0,0,0.2
SIFY,-0.005583735154606629,60,0,0,0.85
SIG,0.11848451764190979,86,0,0,0.2
SIGA,-0.2555985516704543,10,1,47,1.0
SIGI,0.03335239629878036,71,1,5,0.55
SIGIP,-0.048391974172237534,39,1,5,0.7
SII,-0.0717467949377163,32,0,0,0.95
SILC,0.022267702654273407,68,0,0,0.6
SILO,-0.2639642190214329,10,1,19,0.95
SIM,-0.01643725241955011,56,0,0,0.85
SIMA,-0.025268088082587473,52,1,3,0.5
SIMAU,-0.123656619276755,23,1,5,0.95
SIMO,-0.15720836497638585,19,1,9,0.85
SINT,-0.18674040782336448,16,0,0,0.85
SION,0.09998056942794253,84,0,0,0.0
SIRI,0.03231960660870919,70,1,4,0.25
SITC,-0.12991542361675099,22,1,5,0.8
SITE,-0.10394738002908618,26,1,23,1.0
SITM,-0.16275184957811137,18,1,25,1.0
SJ,-0.0726593756915119,32,0,0,0.45
SJM,0.09549969970962857,84,1,3,0.4
SJT,-0.31993194694931004,7,1,88,1.0
SKE,0.05329281041391414,76,0,0,0.65
SKIL,0.05099293631085002,75,0,0,0.45
SKIN,-0.21248527138300546,13,1,13,0.65
SKK,-0.02387831381005709,53,1,2,0.6
SKM,-0.03246571823527161,47,0,0,0.7
SKT,0.04097947194741975,72,1,4,0.3
SKWD,0.1877266309845642,92,0,0,0.05
SKY,0.13236057999582204,88,0,0,0.65
SKYA,-0.03538946618154231,45,1,3,0.45
SKYE,-0.2888178781402311,8,1,9,0.95
SKYH,0.07215979959266455,79,0,0,0.2
SKYQ,0.4221794276225908,97,1,1,0.1
SKYW,0.25470657392094304,95,0,0,0.1
SKYX,0.03866619626761245,72,1,7,0.45
SLAB,-0.033952371042881235,46,1,5,0.65
SLB,-0.05896121138621757,35,1,1,0.65
SLBT,-0.5696745127816816,2,1,34,1.0
SLDB,-0.02758443938027575,51,1,15,0.75
SLDE,0.07622758790283071,80,1,5,0.4
SLDP,-0.2745537942971888,9,1,42,1.0
SLE,-0.22911327293636505,12,1,51,1.0
SLF,0.0409238910270708,72,1,3,0.15
SLG,0.11838907970250759,86,0,0,0.25
SLGB,-0.10409532477095768,26,1,9,0.8
SLGL,0.12065145457267842,87,0,0,0.1
SLGN,0.008509609896825303,64,1,6,0.3
SLI,-0.2869274843679651,8,1,44,1.0
SLM,0.12890169304604637,88,0,0,0.1
SLMBP,-0.014898700692524369,57,1,3,0.55
SLMT,-0.27248320112644786,9,1,15,0.85
SLN,0.326955260890503,96,0,0,0.15
SLND,-0.23461762488670143,11,1,12,0.9
SLNG,0.057998595350207925,76,0,0,0.45
SLNH,-0.14287939838924124,21,1,4,0.8
SLNHP,0.06016102927494791,77,0,0,0.55
SLP,0.030563357901997774,70,1,4,0.2
SLQT,-0.2384622496150624,11,1,29,1.0
SLRC,-0.07310058903738142,32,1,5,0.3
SLS,0.286058921655831,96,0,0,0.45
SLSN,0.11417282129278902,86,0,0,0.55
SLSR,-0.13076187299243175,22,1,1,0.95
SLVM,-0.05193506029839328,38,1,5,0.7
SLXN,-0.5368084419894734,2,1,100,1.0
SM,-0.06878047147875078,33,1,2,0.25
SMA,0.04232660493197966,73,1,5,0.3
SMBC,0.05855103238293171,76,1,2,0.2
SMBK,0.17046386465556254,91,0,0,0.05
SMC,-0.043424446579414466,41,1,2,0.25
SMCI,-0.044485322969786495,41,0,0,0.7
SMFG,0.030707759865950403,70,1,3,0.15
SMG,0.03299518848344384,70,1,4,0.4
SMHI,0.21493094636085633,93,0,0,0.05
SMID,-0.12715031413960629,23,1,5,0.7
SMJF,0.40562216887991576,97,0,0,0.3
SMMT,-0.18004705151662556,16,1,9,0.8
SMP,0.0009431518423366619,62,1,1,0.55
SMPL,-0.14752572931120586,20,1,17,0.9
SMR,-0.1178650350187255,24,0,0,0.85
SMRT,0.09165362083665127,83,0,0,0.9
SMSI,-0.1558629296902464,19,0,0,0.9
SMTC,-0.12478828323515648,23,1,9,0.95
SMTI,0.46269333660950973,98,0,0,0.05
SMTK,-0.40503676337327577,4,1,9,0.95
SMWB,0.5329887438952721,98,0,0,0.05
SMX,1.1313129198430483,99,1,8,0.4
SMXT,-0.14877714124189778,20,0,0,0.85
SN,0.32209692258021067,96,0,0,0.0
SNA,0.03280535402186315,70,1,3,0.25
SNAL,0.1411536903815199,89,1,3,0.15
SNAP,-0.02283502250769725,54,0,0,0.65
SND,-0.19696653073224016,15,1,9,0.85
SNDA,0.026687190510405162,69,1,5,0.3
SNDL,-0.14538643926838254,20,1,7,0.95
SNDR,0.016873452301184477,66,1,8,0.5
SNDX,-0.07543613829508496,31,1,11,0.55
SNES,0.07263050247127437,79,0,0,0.85
SNEX,-0.053553380955535544,37,1,4,0.95
SNFCA,-0.014907887968717528,57,1,2,0.4
SNGX,-0.06432557469286419,34,1,4,0.95
SNN,-0.05412867704267395,37,1,2,0.35
SNOA,-0.11059334087888636,25,1,13,0.7
SNOW,0.4055424075732966,97,0,0,0.0
SNPS,-0.17215145233999213,17,1,48,1.0
SNT,-0.13426518986259034,22,0,0,0.85
SNTG,-0.20289593297206962,14,1,8,0.8
SNTI,-0.6590975100083597,1,1,20,1.0
SNWV,-0.565253067587423,2,1,16,0.85
SNX,0.034874814193062674,71,0,0,0.75
SNY,-0.04966569390581725,39,1,5,0.35
SNYR,-0.2916279133279975,8,1,87,1.0
SO,-0.05476732960833116,37,1,5,0.55
SOAR,-0.39434845959788584,4,1,40,1.0
SOBO,-0.04929203833171667,39,1,4,0.25
SOBR,-0.46728995417635677,3,1,14,0.8
SOC,-0.3190448800786808,7,1,3,0.95
SOCA,-0.027156997823283714,51,1,3,0.6
SOCAU,-0.028901114099802096,50,1,3,0.55
SOFI,0.027318651561860884,69,0,0,0.65
SOGP,0.05691067927149742,76,0,0,0.5
SOHU,-0.005895735205509792,60,0,0,0.3
SOLS,-0.1580322534375538,19,1,25,1.0
SOLV,0.11127098174023378,86,0,0,0.2
SOMN,-0.06453319370628394,34,1,5,0.55
SON,0.08424638545217011,81,0,0,0.25
SONM,-0.10314217620491273,26,0,0,0.85
SONO,0.05186488568939059,75,0,0,0.25
SONY,0.016346696679647256,66,1,2,0.35
SOPH,0.17476519562996135,92,0,0,0.3
SOR,-0.015449214707444384,57,1,2,0.6
SORA,0.06371735149524035,78,0,0,0.7
SORNU,-0.011616549712620317,58,1,4,0.6
SOS,-0.29715161448830013,8,1,9,0.9
SOTK,0.0018543464340064417,62,1,10,0.7
SOUL,-0.029119046098623792,49,1,3,0.6
SOUN,-0.16813712802723998,18,1,44,1.0
SOWG,0.5455884123806481,98,0,0,0.55
SPAI,-0.031338805933386116,48,0,0,0.8
SPB,0.06190264027736329,77,1,1,0.25
SPCB,-0.008858037493754113,59,1,7,0.8
SPCE,-0.05198636714611668,38,0,0,0.85
SPE,-0.050149358449987705,38,1,11,0.8
SPEG,-0.02545758381594987,52,1,3,0.6
SPEGU,-0.03497911178359048,45,1,4,0.65
SPFI,0.05565335494235386,76,1,1,0.25
SPG,0.016227171659525065,66,1,3,0.3
SPGI,-0.057082537542808114,36,1,5,0.35
SPH,-0.05723805554461166,36,1,2,0.25
SPHL,-0.10698636967791042,26,1,18,0.9
SPHR,0.05359269540481532,76,0,0,0.8
SPIR,-0.3009740431425626,8,1,1,0.95
SPKL,-0.04445684659370455,41,1,15,0.9
SPKLU,-0.015567075070064895,57,1,4,0.9
SPMA,-0.024472854723739237,53,1,4,0.55
SPMC,-0.0274956243122337,51,1,2,0.4
SPME,-0.019907189156416694,55,1,5,0.45
SPNT,-0.012087756989365907,58,1,5,0.3
SPOK,0.02380763889445059,68,0,0,0.25
SPOT,-0.022719553540900984,54,1,3,0.4
SPPL,-0.41821740758911874,4,1,1,0.8
SPRB,-0.15473574346392938,19,1,25,1.0
SPRC,0.03645625820028609,71,0,0,0.65
SPRO,-0.5112035223133935,2,1,35,1.0
SPRU,-0.14415652953974759,20,0,0,0.9
SPRY,-0.4106165143482558,4,1,29,1.0
SPSC,0.19929233159537482,93,0,0,0.1
SPT,0.10015548731787421,84,0,0,0.15
SPWH,-0.14126554885511136,21,1,25,1.0
SPWR,-0.6834619836401825,1,1,42,1.0
SPXC,-0.06285256551593639,34,1,3,0.85
SPXX,0.008736796296273261,64,1,4,0.2
SQFT,-0.16211832487630642,18,1,29,1.0
SQFTP,-0.02031442537507316,55,1,3,0.45
SQM,-0.133219618468333,22,1,33,1.0
SQNS,-0.2511600407082544,10,1,25,1.0
SR,-0.05177326226250657,38,1,5,0.45
SRAD,-0.17997172769042663,16,1,5,0.75
SRBK,0.03261182802530695,70,0,0,0.45
SRCE,0.12881843555920505,88,0,0,0.0
SRE,-0.12248687692777088,23,1,8,0.7
SRFM,-0.21600823368863614,13,1,25,1.0
SRG,-0.11755583929869567,24,1,13,0.95
SRI,0.008598400262847396,64,1,1,0.5
SRL,-0.11112042854832702,25,0,0,0.85
SRPT,-0.19830344501300995,15,1,17,0.85
SRRK,-0.09074038901063587,28,1,13,0.7
SRTA,0.047448083312525625,74,0,0,0.85
SRTS,-0.09573556859617341,27,1,7,0.5
SRV,-0.08320114520238753,30,1,8,0.5
SRXH,-0.4098359749685818,4,1,33,1.0
SRZN,-0.15228547396533682,20,1,3,0.95
SSACU,-0.027929860124617668,51,1,3,0.6
SSB,0.08389796370142394,81,0,0,0.1
SSBI,-0.0333022011807304,46,1,5,0.85
SSD,0.005063955490547986,63,1,5,0.8
SSEA,-0.02993031215941824,49,1,4,0.55
SSEAU,-0.027067960893545108,51,1,3,0.6
SSII,0.002078594007656441,62,1,2,0.55
SSL,-0.08950281507982835,29,1,3,0.4
SSM,-0.21607097467488162,13,1,6,0.75
SSNC,0.13491256888257944,89,0,0,0.1
SSP,-0.20384142704174266,14,1,6,0.65
SSRM,-0.04843491346088631,39,0,0,0.9
SST,-0.47302278695169026,3,1,22,1.0
SSTI,-0.05893264572513637,35,1,5,0.55
SSTK,-0.4552749965456011,3,1,27,1.0
SSYS,-0.007000496695850535,60,0,0,0.85
ST,-0.0024937759068320506,61,1,1,0.6
STAA,-0.20711035984086631,14,1,14,0.95
STAG,-0.054501829917545964,37,1,6,0.35
STAK,-0.27767228761317553,9,1,8,0.95
STBA,0.0905499076420222,83,0,0,0.05
STC,-0.011100736453178509,59,1,5,0.4
STE,0.055459272392209734,76,0,0,0.2
STEM,-0.3305582710100314,6,1,44,1.0
STEP,0.05998157010187181,77,0,0,0.45
STEW,0.02630297057554675,69,1,2,0.2
STEX,-0.3461461565468722,6,1,21,1.0
STFS,-0.6291794661969234,1,1,15,0.75
STG,-0.12336789524377936,23,1,8,0.75
STGW,0.20425460752196425,93,0,0,0.15
STHO,0.014811122253311985,66,1,3,0.3
STI,-0.2437827029051773,11,1,32,1.0
STIM,0.42368299582033114,97,0,0,0.0
STK,-0.04558166262844867,40,0,0,0.95
STKE,-0.3122937906009094,7,1,18,0.9
STKH,-0.049726435044247265,39,0,0,0.65
STKS,-0.07630128254570606,31,1,15,0.8
STLA,-0.15067694570048865,20,1,4,0.9
STLD,0.058647757207896174,77,0,0,0.45
STM,-0.25464092500824437,10,1,25,1.0
STN,-0.05069476629837612,38,0,0,0.6
STNE,0.002147798977183757,62,1,2,0.25
STNG,-0.06776578896708732,33,1,5,0.3
STOK,-0.03857529894696909,44,0,0,0.75
STRA,-0.011533323543012442,58,0,0,0.4
STRC,0.015213191280231818,66,0,0,0.4
STRD,-0.07425081812191542,31,0,0,0.8
STRF,-0.028388480728624745,50,1,4,0.25
STRK,-0.042283356381598074,42,0,0,0.5
STRL,-0.3415976684748499,6,1,9,0.95
STRO,-0.24618272923211618,11,1,20,1.0
STRR,0.03428983208609566,71,0,0,0.55
STRRP,-0.014841711012205397,57,1,3,0.2
STRS,-0.1460555087435306,20,1,27,1.0
STRT,0.12971960732240684,88,0,0,0.1
STRW,0.054789043022109206,76,1,3,0.2
STRZ,-0.031035986171877257,48,1,4,0.9
STT,0.08528401774411057,81,0,0,0.15
STTK,0.15973493071928674,90,0,0,0.05
STUB,-0.16513478332318873,18,1,20,1.0
STVN,0.027667923017018946,69,1,2,0.1
STWD,-0.07062455676935142,32,1,5,0.65
STX,-0.038774208863239935,43,1,3,0.75
STXS,-0.28537974406468014,8,1,21,1.0
STZ,-0.07170358157778525,32,1,5,0.95
SU,-0.010047131624765292,59,1,2,0.1
SUGP,-0.6070441221052285,1,1,52,1.0
SUI,-0.046655256081243865,40,1,3,0.5
SUIG,-0.3535017810276925,5,1,50,1.0
SUN,0.039882813834734125,72,1,2,0.1
SUNC,0.02917323991751835,69,1,2,0.1
SUNE,0.5980143682246585,98,0,0,0.6
SUNS,-0.05793397789133327,36,1,13,0.8
SUPN,-0.03902858460831768,43,1,5,0.4
SUPV,-0.07366039971719637,32,1,4,0.8
SUPX,-0.20805894758108082,14,1,37,1.0
SURG,-0.5555456710493244,2,1,22,1.0
SUZ,-0.006483319233987438,60,1,2,0.2
SVAQU,-0.024867824849928347,53,1,4,0.6
SVC,-0.08475567084255645,30,1,9,0.6
SVCC,-0.02711459680140993,51,1,3,0.6
SVCCU,-0.03952620646886943,43,1,4,0.8
SVCO,-0.2890550486357719,8,1,24,1.0
SVIVU,-0.028921360755395187,50,1,4,0.6
SVM,-0.013438902786596145,58,0,0,0.8
SVRA,-0.06841716635146197,33,1,9,0.8
SVRE,0.14092587158932254,89,0,0,0.25
SVRN,-0.36290280737315656,5,1,34,1.0
SVV,0.1481535759084545,90,0,0,0.45
SW,0.09678743421427735,84,0,0,0.4
SWAG,-0.02343183728940593,53,1,5,0.75
SWBI,-0.06867968844809103,33,1,4,0.8
SWIM,0.2354695806859106,94,0,0,0.75
SWK,0.20821662432123691,93,0,0,0.25
SWKS,-0.03567194268549134,45,0,0,0.75
SWVL,-0.14803565154675458,20,1,12,0.85
SWX,-0.029108802336021714,49,1,5,0.25
SXC,0.15512362229836635,90,0,0,0.3
SXI,0.07256731696648883,79,0,0,0.75
SXT,0.07005698758590367,79,0,0,0.5
SXTC,-0.9999415704941629,0,1,11,0.55
SXTP,-0.270210330888927,9,1,7,0.9
SY,0.07716921233427135,80,0,0,0.25
SYBT,0.11130319085382154,86,0,0,0.1
SYF,0.04157527763133611,72,0,0,0.6
SYK,0.042689290212348345,73,1,2,0.35
SYM,-0.01636339034387925,56,0,0,0.6
SYNA,-0.2095912103492417,14,1,19,0.95
SYNX,-0.08920330469459939,29,1,8,0.85
SYPR,-0.26578365879101884,9,1,44,1.0
SYRE,0.21264399994811808,93,0,0,0.05
SYY,0.03851795257088655,72,1,2,0.25
SZZL,-0.030938223757082307,48,1,4,0.6
SZZLU,-0.03193599426985392,47,1,3,0.6
T,0.00851953755507559,64,1,2,0.35
TAC,-0.08888091484654594,29,1,8,0.6
TACH,-0.02941234994512172,49,1,3,0.6
TACHU,-0.02603826506867646,52,1,3,0.6
TACO,-0.031901985788614994,47,1,5,0.65
TACOU,-0.02598362979056057,52,1,4,0.55
TACT,0.20830896427196374,93,0,0,0.45
TAK,-0.014208937129674814,57,1,3,0.25
TAL,0.16543723715426517,91,0,0,0.0
TALK,-0.030965294073737472,48,1,4,0.6
TALO,-0.05584900033133154,36,1,2,0.35
TANH,-0.013308055045110543,58,1,9,0.65
TAOP,-0.47113718899133555,3,1,24,1.0
TAOX,-0.17171019972725773,17,1,1,0.8
TAP,0.026969613284756798,69,1,2,0.35
TARA,-0.14548079733240782,20,1,18,0.9
TARS,-0.10628339173926721,26,1,2,0.9
TASK,0.0914797371981508,83,0,0,0.05
TATT,-0.05422285433376367,37,1,7,0.95
TAVI,-0.026973923411397552,51,1,3,0.6
TAVIU,-0.04526190293639536,40,1,4,0.75
TAYD,-0.07819357839051574,31,1,5,0.75
TBBB,0.03173413136442895,70,1,2,0.65
TBBK,0.15558290841786962,90,0,0,0.05
TBCH,0.05044020685443553,75,0,0,0.35
TBI,0.3456610781103474,96,0,0,0.4
TBLA,-0.23668339448178416,11,1,1,0.45
TBLD,-0.01933537094602933,55,1,4,0.6
TBN,-0.0754921901278097,31,1,3,0.65
TBPH,-0.025336303471411074,52,1,4,0.6
TC,-0.4204044319446947,4,1,31,1.0
TCBI,-0.06200610221888499,34,1,11,0.75
TCBIO,-0.045871296423971544,40,1,5,0.75
TCBK,0.07925021139828861,80,1,4,0.25
TCBS,-0.02869196306113534,50,1,5,0.8
TCBX,0.08885300222994846,82,0,0,0.2
TCI,-0.03293503046275118,46,1,7,0.6
TCMD,0.04882017433228562,74,0,0,0.55
TCOM,-0.008439577834971158,59,1,1,0.4
TCPC,-0.029985162741783748,49,0,0,0.65
TCRT,-0.13560007017076686,22,1,26,1.0
TCRX,-0.3110247166345263,7,1,17,0.85
TCX,0.02750867111707686,69,0,0,0.8
TD,0.020192320983237817,67,1,4,0.3
TDAC,-0.020567763739449373,55,1,3,0.5
TDACU,0.08697315844770012,82,0,0,0.45
TDAY,0.02936216710471822,69,1,1,0.1
TDC,-0.27413511862244394,9,1,1,0.8
TDF,-0.028398739532487796,50,1,5,0.7
TDG,-0.04487831617220548,40,1,2,0.8
TDIC,-0.6069608794987348,1,1,57,1.0
TDOC,-0.1773644489473537,17,1,5,0.4
TDS,-0.1076216600775399,26,1,38,1.0
TDTH,-0.0727374584014864,32,1,5,0.25
TDUP,0.06841489148615137,79,1,11,0.6
TDW,0.004233691345976835,63,0,0,0.2
TDWD,-0.03174729044385296,47,1,4,0.6
TDWDU,-0.031545246478764825,47,1,3,0.6
TDY,0.04690682424883657,74,0,0,0.35
TE,-0.2947164018549463,8,1,24,1.0
TEAD,-0.1318403751276159,22,1,29,1.0
TEAM,0.18752485274883723,92,0,0,0.15
TECH,0.13669061513709138,89,1,2,0.1
TECK,0.055720393103409836,76,0,0,0.6
TECX,-0.12356900612510724,23,1,16,0.8
TEI,0.012436368191794368,65,1,4,0.3
TEL,0.02496561327829029,68,0,0,0.45
TELA,-0.048578383099772304,39,0,0,0.8
TELO,-0.1018578668392994,26,1,2,0.7
TEM,-0.20444251961223275,14,1,15,0.8
TEN,-0.028512283221066363,50,1,2,0.2
TENB,0.12054086742844253,87,0,0,0.45
TENX,-0.09642856388807641,27,1,4,0.4
TEO,0.04607367449763735,73,1,2,0.3
TER,0.03887932146511571,72,0,0,0.65
TEVA,-0.0366691233130465,44,0,0,0.7
TEX,-0.0034901449126389823,61,1,6,0.75
TFC,0.016891762662876952,67,1,4,0.2
TFII,-0.08533728203886129,29,1,8,0.5
TFIN,0.031752763736604926,70,1,1,0.3
TFPM,0.011882305736313062,65,0,0,0.6
TFSL,0.07185030367753414,79,1,2,0.1
TFX,0.016137102440509234,66,1,1,0.25
TG,-0.05903546689152564,35,1,8,0.8
TGB,0.15329839542590706,90,0,0,0.35
TGE,-0.04284967841564091,41,1,3,0.9
TGEN,-0.24814306282676005,10,1,31,1.0
TGHL,0.5335480516853467,98,0,0,0.35
TGL,-0.34094636600368206,6,1,36,1.0
TGLS,0.07971135124000248,81,0,0,0.4
TGS,-0.0428669989583126,41,1,3,0.4
TGT,0.1343908118764258,88,0,0,0.05
TGTX,0.04098600736845135,72,1,5,0.35
TH,-0.11267246398900413,25,1,24,1.0
THC,0.35953054149489555,97,0,0,0.1
THCH,-0.08286024483661827,30,1,4,0.55
THFF,0.109213621758938,85,0,0,0.15
THG,0.10933364222889433,85,0,0,0.1
THH,-0.2517110062348096,10,1,1,0.95
THM,-0.10457726524236383,26,0,0,0.8
THO,0.026028529520829458,69,0,0,0.35
THQ,-0.0010925491916259841,61,1,4,0.35
THRM,0.17378055107656049,91,0,0,0.0
THRY,-0.41789697183047947,4,1,2,0.4
THW,0.0010585855768324645,62,1,3,0.25
TIC,-0.05449954103062102,37,0,0,0.85
TIGO,0.002837976457410858,62,1,3,0.15
TIGR,-0.054172708038730776,37,1,3,0.5
TII,-0.03623004402876411,44,0,0,0.85
TIL,-0.11245274139000008,25,1,16,0.95
TILE,0.10246773527187983,85,0,0,0.45
TIMB,-0.22922355510282713,12,1,11,0.65
TIPT,-0.011339343042909691,59,1,5,0.55
TISI,-0.04107610608069351,42,1,3,0.6
TITN,-0.04362533436078577,41,0,0,0.8
TJGC,-0.23318592544110237,12,1,1,0.4
TJX,-0.005480571251066223,60,1,3,0.5
TK,-0.07411819030787573,31,1,2,0.5
TKC,-0.11898301212964321,24,1,11,0.9
TKLF,-0.07963362660416853,30,1,11,0.55
TKNO,0.09267135086270167,83,0,0,0.45
TKO,-0.09208498211766238,28,1,5,0.95
TKR,-0.023172803626038425,54,1,2,0.55
TLF,-0.0011880370654400174,61,1,4,0.25
TLIH,0.2871084232705175,96,0,0,0.0
TLK,-0.011744369549069926,58,1,1,0.3
TLN,-0.15094568621112234,20,1,9,0.8
TLNC,-0.04048711809852382,42,1,4,0.6
TLNCU,-0.04040903109511045,42,1,5,0.4
TLPH,0.33962884981306274,96,0,0,0.0
TLRY,-0.10919055381535908,25,1,1,0.85
TLS,-0.016217722209803432,57,1,1,0.6
TLSA,-0.2686710703578778,9,1,17,0.9
TLSI,0.1541533156162043,90,0,0,0.2
TLX,-0.07362500668821298,32,1,15,0.85
TLYS,-0.1141327093367128,24,0,0,0.9
TM,-0.009482928066461276,59,1,1,0.3
TMC,-0.18155259703489016,16,1,42,1.0
TMCI,0.40523067670754637,97,0,0,0.35
TMDE,-0.2185314473318719,13,1,8,0.45
TMDX,-0.01338519246431321,58,1,1,0.25
TME,0.03443411643520116,71,0,0,0.15
TMO,0.133216274762116,88,0,0,0.05
TMP,0.09282547675379743,83,0,0,0.2
TMQ,-0.08429391820794738,30,0,0,0.9
TMS,-0.16422176611388595,18,0,0,0.9
TMUS,-0.09087702313860846,28,1,5,0.5
TNC,-0.00982039912765862,59,1,1,0.7
TNDM,0.10486443389112818,85,0,0,0.2
TNET,0.34854117435765203,97,0,0,0.0
TNGX,0.07193979368724365,79,1,1,0.75
TNK,0.004348870300494419,63,1,2,0.25
TNL,0.06427569601862768,78,0,0,0.4
TNMG,-0.08767914849579908,29,0,0,0.9
TNON,-0.503206868145396,2,1,58,1.0
TNXP,-0.13973147451339177,21,1,13,0.9
TNYA,-0.09430222180618743,28,1,11,0.55
TOL,0.037288569801128914,72,1,5,0.75
TOMZ,-0.2943740967001178,8,1,19,0.95
TONT,-0.03060173840997842,48,1,4,0.6
TONX,-0.17968559155437894,16,1,7,0.4
TOON,-0.1311758323393807,22,1,32,1.0
TOP,0.597064809433999,98,1,1,0.1
TOPP,-0.5893693616310796,2,1,32,1.0
TOPS,-0.2688111569249339,9,1,10,0.95
TORO,-0.03463197713886346,45,0,0,0.4
TOST,0.21161666866889645,93,0,0,0.05
TOUR,-0.0608998965640518,35,1,5,0.45
TOVX,-0.20523745412391717,14,1,36,1.0
TOWN,0.060090075566573344,77,0,0,0.15
TOYO,-0.4513675848406651,3,1,41,1.0
TPB,-0.06230838248700968,34,0,0,0.85
TPC,0.05514956191622996,76,1,1,0.3
TPCS,0.017676676714797286,67,1,2,0.2
TPET,-0.35238013946403024,6,1,9,0.8
TPG,0.08475908455544731,81,0,0,0.05
TPL,-0.10038994950370861,27,1,8,0.5
TPR,0.07676855245698241,80,0,0,0.45
TPST,-0.27650282658429204,9,1,56,1.0
TPVG,-0.10769138141878526,26,1,24,1.0
TR,-0.012013479537569621,58,1,3,0.5
TRAK,-0.1376267013169161,21,1,5,0.9
TRAW,-0.4558142231387987,3,1,54,1.0
TRC,-0.15746755048855499,19,1,27,1.0
TRDA,-0.16780030763892145,18,0,0,0.7
TREE,-0.21314698279275907,13,1,12,0.6
TREX,0.1265720450044344,87,0,0,0.9
TRGP,-0.062184855238422654,34,1,8,0.4
TRI,0.06258990754690713,77,1,1,0.15
TRIN,-0.019738404103105456,55,1,1,0.15
TRIP,0.07525462973820676,80,1,2,0.15
TRLV,-0.1336300363347993,22,1,23,1.0
TRMB,-0.0018415618502582512,61,0,0,0.4
TRMD,-0.05556062609069834,36,1,2,0.2
TRMK,0.03962239956084412,72,0,0,0.15
TRN,-0.06721519429941217,33,1,5,0.3
TRNO,0.012166995294979492,65,1,3,0.15
TRNR,-0.2740831832107571,9,1,1,0.95
TRNS,0.05314771338823337,75,0,0,0.8
TRON,-0.18100522268514732,16,1,6,0.85
TROO,-0.2781140221911639,9,1,46,1.0
TROW,-0.005506371158854318,60,1,4,0.2
TROX,-0.21891723906812346,13,1,9,0.85
TRP,-0.09482608540973779,28,1,7,0.5
TRS,-0.024155181618713353,53,1,24,1.0
TRSG,-0.021067840196232004,54,1,3,0.65
TRST,0.050133525526480864,75,1,2,0.15
TRT,-0.0632878513084177,34,0,0,0.9
TRTX,-0.08062846293924329,30,1,6,0.4
TRU,0.048266958745093645,74,1,1,0.1
TRUG,-0.4903169137334493,3,1,22,1.0
TRUP,-0.05833538448849595,35,1,5,0.5
TRV,0.1700087330335662,91,0,0,0.05
TRVG,0.1927273675084815,92,1,4,0.2
TRVI,0.10044200679175116,84,0,0,0.3
TRX,0.024106520735270122,68,0,0,0.75
TS,-0.05564007243483722,36,1,3,0.6
TSAT,0.0440404498631471,73,0,0,0.85
TSBK,0.0190524782748386,67,1,2,0.4
TSCO,0.06251103069402944,77,0,0,0.55
TSEM,-0.1060711501683104,26,1,1,0.7
TSHA,-0.02172554446662345,54,0,0,0.8
TSI,-0.044238852141901916,41,1,5,0.75
TSLA,-0.2391100650924025,11,1,22,1.0
TSLX,-0.0018350992950692882,61,0,0,0.3
TSM,-0.06508230783731324,34,1,22,1.0
TSN,-0.06081414263767383,35,1,4,0.7
TSQ,-0.054480557505165485,37,1,21,1.0
TSSI,-0.1633092521085593,18,0,0,0.85
TT,-0.009049645884248971,59,0,0,0.7
TTAM,-0.08114370643113958,30,1,6,0.85
TTAN,0.12860272567525335,88,0,0,0.2
TTC,0.035674732413902795,71,0,0,0.5
TTD,-0.11502878211086587,24,1,1,0.7
TTE,-0.027361710276304775,51,1,2,0.35
TTEC,0.12289302482040865,87,0,0,0.4
TTEK,0.10551565470711285,85,0,0,0.0
TTGT,0.005916065708329678,63,0,0,0.55
TTI,-0.14842926147337918,20,1,25,1.0
TTMI,-0.2008555467332493,14,1,27,1.0
TTRX,0.4538918136699478,98,0,0,0.25
TTWO,-0.04236247179370837,42,1,3,0.65
TU,-0.15904622892685735,19,1,4,0.85
TULP,-0.09078928188850058,28,1,7,0.75
TURB,-0.1630930941118103,18,1,4,0.75
TUSK,-0.13512651595083056,22,1,23,1.0
TUYA,-0.18466230935382114,16,1,21,1.0
TV,-0.03365459371432114,46,1,3,0.5
TVA,-0.03261018661504418,47,1,5,0.65
TVACU,-0.0285608716969034,50,1,4,0.35
TVAI,-0.02714391847329034,51,1,3,0.55
TVAIU,-0.034855595852749166,45,1,4,0.6
TVGN,-0.0168141815909915,56,0,0,0.6
TVRD,-0.4080611012829089,4,1,13,0.7
TVTX,0.1964768194435159,93,0,0,0.2
TW,-0.03250397243121268,47,1,5,0.6
TWAV,-0.10197600587910624,26,0,0,0.8
TWFG,0.23201493967974227,94,0,0,0.0
TWG,-0.43138027555975555,4,1,6,0.5
TWI,-0.06309498937395483,34,1,5,0.4
TWIN,0.19437482431088196,93,0,0,0.0
TWLO,-0.1355349669243915,22,1,13,0.7
TWLV,-0.0316395562060223,47,1,3,0.6
TWLVU,-0.026434508117375556,52,1,3,0.55
TWN,-0.09316881902145771,28,1,22,1.0
TWO,-0.03385742253216101,46,1,4,0.5
TWST,0.4702440503845776,98,0,0,0.2
TX,0.16650791101709642,91,0,0,0.3
TXG,0.44970527899310886,97,0,0,0.0
TXMD,0.0020326377442704685,62,1,5,0.65
TXN,-0.08507308346380946,30,1,16,0.85
TXNM,-0.03540830108760822,45,1,4,0.45
TXO,0.013685552554331015,66,0,0,0.2
TXRH,0.17634299319535,92,0,0,0.0
TXT,-0.06635986110998883,33,1,7,0.7
TY,-0.0007541421498601375,62,1,5,0.35
TYG,-0.07474988507542318,31,1,5,0.45
TYGO,-0.5483363274864821,2,1,1,0.9
TYL,-0.07146447317814454,32,1,4,0.5
TYRA,-0.19605255413082937,15,1,3,0.4
TZOO,-0.3521015594421437,6,1,12,0.9
U,0.17791430849913695,92,0,0,0.2
UA,0.053173772185619465,75,1,5,0.25
UAA,0.04670654470343314,74,1,5,0.25
UAL,0.14648711721402186,89,0,0,0.6
UAMY,-0.22901923813405814,12,0,0,0.9
UAN,0.025217218506071316,69,0,0,0.1
UAVS,-0.24668821342520544,11,1,44,1.0
UBCP,-0.05390916332427084,37,1,5,0.75
UBER,-0.10503788591120436,26,1,5,0.75
UBS,0.06693383957674168,78,1,3,0.15
UBSI,0.06492479896195963,78,0,0,0.0
UCAR,-0.29678511385041406,8,1,17,0.95
UCB,0.02155706542295998,68,1,4,0.35
UCFI,-0.03384803832851311,46,1,3,0.6
UCL,-0.3107789637948424,7,1,32,1.0
UCTT,-0.14238887208654671,21,1,11,0.95
UDR,-0.05771313281955453,36,1,5,0.55
UE,-0.05416521762246719,37,1,5,0.5
UEC,-0.11713190292854214,24,0,0,0.9
UEIC,0.036727341365907155,71,0,0,0.15
UFCS,0.13165199997317448,88,0,0,0.3
UFG,-0.3235228319762826,6,1,26,1.0
UFI,0.46389372889083813,98,0,0,0.0
UFPI,0.08093063637744152,81,0,0,0.45
UFPT,0.3094258004120826,96,0,0,0.5
UG,0.011080144843194188,65,1,5,0.35
UGI,-0.0121850298939352,58,1,5,0.25
UGP,0.13196372096713324,88,1,2,0.1
UHAL,0.20528228978294258,93,0,0,0.0
UHS,0.06758416785300994,78,0,0,0.25
UHT,-0.020226738610853934,55,1,4,0.3
UI,-0.08666310876153974,29,0,0,0.9
UIS,-0.22156525540616095,13,1,16,0.8
UK,-0.18986907135536976,15,1,2,0.85
UL,0.05342918753639938,76,1,2,0.25
ULBI,-0.20483872766163466,14,1,44,1.0
ULCC,0.2785950956109579,95,0,0,0.65
ULH,0.24138413991617855,95,0,0,0.65
ULS,-0.19655537137289517,15,1,3,0.75
ULTA,0.11308767917490475,86,0,0,0.2
UMAC,0.22543695852191883,94,0,0,0.6
UMBF,0.03699394343656547,71,1,2,0.2
UMBFO,-0.02069775990361762,55,1,4,0.55
UMC,-0.058513667825320616,35,1,15,0.85
UMH,-0.04153399628488446,42,1,5,0.45
UNB,-0.039044292353131595,43,1,8,0.55
UNCY,-0.21163784605358424,13,1,26,1.0
UNF,0.046053182478067285,73,1,3,0.15
UNFI,-0.06599084929540412,33,1,3,0.3
UNH,-0.009612430298248854,59,1,4,0.3
UNIT,-0.16890074524660048,17,1,34,1.0
UNM,0.006704248102399356,63,1,1,0.7
UNP,0.049102979426269504,74,1,3,0.2
UNTY,0.053767098062320294,76,0,0,0.2
UONE,-0.14245907350792705,21,1,5,0.85
UONEK,0.07663365151196569,80,0,0,0.4
UP,-0.3023867986156659,7,1,21,1.0
UPB,-0.185147895002593,16,1,18,0.9
UPBD,0.014762717029213876,66,1,5,0.35
UPC,0.410586090842747,97,0,0,0.7
UPLD,-0.3273021324735879,6,1,13,0.9
UPS,-0.03639028504327966,44,1,7,0.35
UPST,-0.10257053971050381,26,1,22,1.0
UPWK,0.021947411330764097,68,0,0,0.1
UPXI,-0.15443121947306973,19,1,6,0.9
URBN,0.0799843001967851,81,0,0,0.3
URG,-0.18017226786901316,16,1,35,1.0
URGN,0.47546964420997107,98,0,0,0.15
URI,0.08712198284668077,82,0,0,0.6
UROY,0.12388634478393917,87,0,0,0.5
USA,0.019170633788996992,67,0,0,0.15
USAC,-0.06375289240473617,34,1,4,0.6
USAR,-0.23615617424842303,11,0,0,0.9
USAS,-0.06317695863255854,34,0,0,0.9
USAU,-0.08330618054664637,30,0,0,0.95
USB,0.05989836408312298,77,1,2,0.1
USBC,0.06916001108252331,79,0,0,0.5
USCB,0.12875668527343279,88,0,0,0.1
USEA,0.0717523313484287,79,0,0,0.45
USFD,0.03469811060725871,71,1,3,0.45
USGO,-0.16518787093625326,18,0,0,0.95
USIO,0.26062556143056625,95,0,0,0.45
USLM,0.10734261755178034,85,0,0,0.25
USNA,-0.29524948056046396,8,1,1,0.1
USPH,0.10296489366469216,85,0,0,0.05
UTF,-0.024601283733199832,53,1,4,0.3
UTG,-0.07984672240957827,30,1,8,0.9
UTHR,-0.10778893374072834,26,1,20,1.0
UTI,-0.11756278187837199,24,0,0,0.7
UTL,0.00721119085847028,64,1,4,0.25
UTMD,0.015962747700032566,66,1,1,0.4
UTSI,-0.047472565757731185,39,1,3,0.8
UTZ,0.8304474574471832,99,0,0,0.3
UUU,-0.29570842463733776,8,1,41,1.0
UUUU,-0.21707362726868762,13,1,1,0.95
UVE,0.09108445354524614,83,0,0,0.35
UVSP,0.03211811414667145,70,1,3,0.2
UVV,-0.025641611304993053,52,1,4,0.45
UWMC,-0.2546843730068995,10,1,5,0.95
UXIN,-0.4194138086813071,4,1,24,1.0
UYSC,-0.025041169540180677,53,1,3,0.45
UYSCU,-0.07583257348463146,31,1,4,0.8
UZX,-0.4031100037424483,4,1,43,1.0
V,0.06402105412883621,78,1,2,0.1
VABK,0.0715961547690922,79,0,0,0.2
VAC,0.10834624967405979,85,0,0,0.4
VACI,-0.04200977630734586,42,1,5,0.7
VAL,-0.10349753893892616,26,1,3,0.75
VALE,-0.053557725469701535,37,1,3,0.6
VALN,-0.0622486240244091,34,0,0,0.8
VALU,-0.040920024737792896,42,1,8,0.55
VANI,0.02150056733885266,68,0,0,0.35
VATE,-0.5036995603265272,2,1,25,1.0
VBF,-0.041677302667732674,42,1,5,0.85
VBIO,-0.5738395496369499,2,1,58,1.0
VBNK,-0.06899866026835251,33,1,13,0.65
VC,-0.0937876796430523,28,1,5,0.85
VCEL,0.07695710724812987,80,1,3,0.2
VCIG,-0.8851341025945008,0,1,33,1.0
VCTR,0.11196316981349425,86,0,0,0.0
VCV,-0.03677619610619781,44,1,5,0.65
VCYT,-0.06578422806717743,33,1,4,0.3
VECO,-0.074120255409642,31,1,25,1.0
VEEA,-0.47495041319421205,3,1,47,1.0
VEEE,0.6219045780250302,98,1,10,0.6
VEEV,0.12938167105367904,88,0,0,0.1
VEL,-0.05061389359061211,38,1,5,0.8
VELO,-0.1723294265469293,17,0,0,0.9
VENU,-0.2730992342278555,9,1,16,0.95
VEON,0.028680521759424975,69,0,0,0.55
VERA,-0.23200424648664955,12,1,15,0.75
VERI,-0.2521202306903753,10,0,0,0.9
VERU,-0.2532262400020287,10,1,23,1.0
VERX,-0.15153201696017035,20,1,2,0.4
VET,-0.027348994028089303,51,1,1,0.35
VFC,-0.12616231521549445,23,1,6,0.6
VFF,-0.15974629782593452,19,1,5,0.85
VFS,-0.0772440989616157,31,1,1,0.6
VG,-0.022660598230387533,54,1,3,0.25
VGAS,0.21614276403439436,93,0,0,0.85
VGI,-0.03813992235626166,44,1,5,0.9
VGM,-0.04271682161348442,41,1,5,0.6
VGZ,-0.05149545913066159,38,0,0,0.85
VHC,0.16159997696648418,91,0,0,0.3
VHCP,-0.032940493526235404,46,1,3,0.6
VHCPU,-0.018066322238334643,56,1,4,0.5
VHI,0.005069245026106825,63,0,0,0.8
VHUB,-0.4254157824065309,4,1,29,1.0
VIA,0.22854454592924492,94,0,0,0.1
VIAV,-0.18678392919001008,16,1,28,1.0
VICI,-0.0548894771481466,37,1,5,0.65
VICR,-0.22876975076626804,12,1,24,1.0
VIK,0.13329055334362666,88,0,0,0.35
VINP,-0.04452262402505794,41,1,3,0.6
VIOT,-0.19543846577363994,15,1,42,1.0
VIP,0.2795903905721237,95,1,4,0.4
VIPS,0.09672700939065157,84,0,0,0.0
VIR,-0.10875131439082972,25,1,18,0.9
VIRC,-0.014312972941569035,57,1,5,0.8
VIRT,0.0014842358826746768,62,1,8,0.75
VISN,-0.02255935835667333,54,1,1,0.85
VIST,-0.08895702329071747,29,1,2,0.6
VITL,-0.003648448445882531,61,1,5,0.25
VIV,-0.1348405328372748,22,1,7,0.35
VIVK,-0.8845737502244764,0,1,68,1.0
VIVO,-0.18783627971747272,16,1,18,0.95
VIVS,-0.6999286284133673,1,1,108,1.0
VKI,-0.04115285086053533,42,1,17,0.9
VKQ,-0.026915023331061064,51,1,5,0.75
VKTX,-0.08452192516746768,30,1,10,0.6
VLGEA,0.01160082639518882,65,1,3,0.25
VLN,-0.32095649025931383,7,1,42,1.0
VLO,0.12877477904063037,88,1,1,0.05
VLOS,-0.04231464640724323,42,1,5,0.7
VLOSU,-0.024959149030102233,53,1,4,0.75
VLRS,-0.026397539687113548,52,0,0,0.95
VLT,-0.06552074330256909,33,1,12,0.9
VLTO,0.053250866136188325,76,0,0,0.05
VLY,0.0045932781895302935,63,1,5,0.5
VLYPN,-0.035168966165720315,45,1,3,0.45
VLYPO,-0.030607948378669293,48,1,3,0.5
VLYPP,-0.024691854795181302,53,1,3,0.35
VMAR,-0.7388793762241921,1,1,123,1.0
VMC,-0.054667550642989095,37,1,5,0.9
VMD,-0.12518988283941931,23,1,4,0.2
VMI,-0.1082851641397897,25,1,22,1.0
VMO,-0.028449061519900756,50,1,5,0.65
VNCE,0.15353919719820827,90,1,1,0.45
VNDA,-0.25349572262929104,10,1,19,0.95
VNET,-0.17107960592462715,17,1,24,1.0
VNME,-0.029035405467521126,50,1,3,0.6
VNMEU,-0.03209248414510897,47,1,3,0.6
VNO,0.07876039308300031,80,1,1,0.35
VNOM,-0.09990651851734897,27,1,3,0.5
VNRX,-0.5624291065861353,2,1,47,1.0
VNT,0.10510644171154931,85,0,0,0.2
VNTG,-0.14308393266554678,21,1,9,0.8
VOC,0.03173176248734406,70,1,2,0.15
VOD,0.06076985249275126,77,1,2,0.15
VOR,0.27366689442658276,95,0,0,0.1
VOXR,-0.04114524105780007,42,0,0,0.95
VOYA,0.08547777169960083,82,1,2,0.1
VOYG,-0.0077862423364175246,59,0,0,0.9
VPG,-0.2925672780188569,8,1,24,1.0
VPV,-0.0506202778156114,38,1,5,0.9
VRA,-0.09422981196472249,28,1,10,0.8
VRAX,-0.18804626804926425,16,1,12,0.8
VRCA,-0.15728541413393268,19,1,19,0.95
VRDN,0.08702677068064707,82,0,0,0.2
VREX,0.11811349368793181,86,0,0,0.1
VRM,0.013980361504070983,66,0,0,0.95
VRME,-0.011652304292748682,58,0,0,0.25
VRNS,0.14778938729846056,90,1,6,0.3
VRRM,0.09871051930865413,84,0,0,0.7
VRSK,-0.01773943364311749,56,1,4,0.2
VRSN,0.029033303465473566,69,0,0,0.2
VRT,-0.15856549367019743,19,1,9,0.9
VRTS,0.05598614760779381,76,1,1,0.1
VRTX,-0.011910597754994205,58,1,4,0.6
VRXA,-0.6541798130991786,1,1,35,1.0
VS,-0.1405375182789381,21,1,10,0.5
VSA,-0.37762566634913597,5,1,34,1.0
VSAT,0.074716424702685,80,0,0,0.45
VSEC,0.04975582537153488,75,0,0,0.85
VSECU,0.044698089789716934,73,0,0,0.85
VSEE,-0.6595301037636867,1,1,46,1.0
VSH,-0.2768931959800496,9,1,27,1.0
VSME,0.07307299262707656,79,1,22,1.0
VSNT,-0.10853762134361941,25,1,5,0.9
VST,-0.13215982161347925,22,1,8,0.65
VSTM,0.22450408170352384,94,0,0,0.1
VSTS,0.07594734902777561,80,1,5,0.25
VSXY,0.2632790055291923,95,0,0,0.05
VTAK,-0.6989505333014803,1,1,19,0.95
VTEX,0.08318665268230269,81,0,0,0.1
VTGN,-0.16247736093765552,18,0,0,0.9
VTIX,-0.49407786696269007,3,1,32,1.0
VTMX,-0.06044245238950305,35,1,3,0.5
VTN,-0.028882333002425344,50,1,5,0.75
VTOL,-0.019744856079758868,55,1,1,0.05
VTR,0.025458521471262645,69,1,5,0.25
VTRS,0.04863164888802438,74,1,2,0.25
VTS,-0.0872923356831069,29,1,5,0.8
VTSI,-0.14412763707076617,20,1,4,0.8
VTVT,-0.013209043980931014,58,0,0,0.9
VUZI,-0.145139271204778,20,0,0,0.9
VVOS,-0.43492610833075196,4,1,1,0.95
VVR,-0.03157839293452185,47,1,4,0.55
VVV,-0.015131116337607935,57,1,5,0.35
VVX,-0.034295898930402115,45,1,2,0.45
VWAV,-0.7682277177784299,0,1,33,1.0
VYGR,-0.2079147100240328,14,1,20,1.0
VYX,0.18971165268292356,92,0,0,0.25
VZ,0.036667948407354926,71,1,2,0.35
VZLA,0.04981787739414847,75,0,0,0.6
W,0.3285248463746705,96,0,0,0.35
WAB,0.10160195210178055,85,0,0,0.45
WABC,0.025776312282171386,69,1,3,0.3
WAFD,-0.0007074637100727352,62,1,5,0.6
WAFDP,-0.01595999870815723,57,1,4,0.5
WAFU,-0.14345712397078084,21,1,9,0.85
WAL,-0.014557680426002098,57,1,5,0.55
WALD,-0.06528579409376623,34,1,3,0.25
WASH,0.13121922772160038,88,0,0,0.0
WAT,0.05174164937579268,75,0,0,0.25
WATT,-0.2287977703557688,12,0,0,0.9
WAVE,-0.25560851685847513,10,1,16,0.85
WAY,0.030776516703663277,70,0,0,0.2
WB,-0.008160406616677808,59,1,2,0.1
WBD,-0.05734830590929049,36,1,13,0.75
WBI,0.012628631167950814,65,1,3,0.35
WBS,0.025415307304696162,69,0,0,0.25
WBTN,-0.2436956866001379,11,1,17,0.95
WBUY,-0.024163552020828295,53,1,1,0.6
WBX,-0.15046234812372927,20,1,13,0.65
WCC,0.09330796176783393,83,0,0,0.55
WCN,-0.028522223632990774,50,1,5,0.3
WCT,-0.47756793826541455,3,1,37,1.0
WD,-0.030245405338688372,48,1,2,0.85
WDAY,0.170967067415408,91,0,0,0.1
WDC,-0.05205915883291983,38,1,3,0.8
WDFC,0.01182162057910617,65,1,13,0.65
WDH,-0.286505424923777,8,1,81,1.0
WDI,-0.0565074864768071,36,1,11,0.7
WDS,0.005395703869086298,63,1,2,0.2
WEA,-0.034407603637393425,45,1,5,0.85
WEAV,0.04155656227732726,72,1,1,0.3
WEC,-0.09235367643616074,28,1,7,0.85
WELL,0.04197984318900027,73,1,5,0.25
WEN,0.08099101581241172,81,0,0,0.7
WENN,-0.028055890677229935,50,1,4,0.55
WENNU,-0.027697114272402845,51,1,4,0.5
WERN,-0.11513846913284453,24,1,9,0.45
WES,0.024795380693857186,68,1,2,0.1
WEST,0.1427201257546988,89,0,0,0.6
WETH,-0.3516804265358749,6,1,9,0.65
WETO,-0.9628767906718616,0,1,11,0.9
WEX,0.22203158403299542,94,0,0,0.0
WEYS,0.19749614630057047,93,0,0,0.1
WF,0.06910778739645487,79,0,0,0.0
WFC,0.02982384449710001,70,0,0,0.2
WFCF,-0.007126591525493737,60,1,8,0.9
WFF,0.322556565077335,96,0,0,0.7
WFG,0.04282181391988959,73,0,0,0.55
WFRD,-0.09416009827440494,28,1,1,0.65
WGO,0.038539019005911675,72,0,0,0.25
WGS,0.2783475203695319,95,0,0,0.45
WH,-0.0888736686704884,29,1,25,1.0
WHD,0.1779109894239523,92,0,0,0.35
WHF,-0.05491082174545875,37,1,5,0.75
WHG,0.015474969886851903,66,1,5,0.35
WHLR,-0.5090733126547934,2,1,6,0.8
WHLRD,-0.06022889012250107,35,1,8,0.65
WHLRP,0.015958055846944395,66,1,2,0.75
WHR,0.08056199756631377,81,0,0,0.65
WHWK,-0.07263740239323886,32,0,0,0.9
WIA,-0.03908485817299471,43,1,5,0.75
WILC,-0.10983103861240559,25,1,23,1.0
WIMI,-0.21370921150409428,13,1,37,1.0
WINA,-0.11170660857046907,25,1,21,1.0
WING,-0.24357660366869133,11,1,21,1.0
WIT,0.009266705639788146,64,0,0,0.6
WIW,-0.03506070413488704,45,1,5,0.65
WIX,0.13561136462867834,89,0,0,0.1
WK,0.14874061229460903,90,0,0,0.1
WKC,0.21784749289633162,94,0,0,0.0
WKEY,-0.1378169009990087,21,1,1,0.95
WKHS,0.13972552481443512,89,0,0,0.6
WKSP,-0.1749907548914481,17,1,20,1.0
WLDN,-0.13121076759868755,22,1,1,0.95
WLDS,0.3749648814343769,97,0,0,0.5
WLFC,-0.7176061132685868,1,1,15,0.8
WLK,-0.08936606931613858,29,0,0,0.9
WLKP,-0.08709054874612748,29,1,5,0.85
WLTH,-0.0990441104666217,27,0,0,0.4
WLY,0.12848099335558252,87,0,0,0.0
WLYB,0.11599887319794552,86,0,0,0.0
WM,-0.05174200342622351,38,1,5,0.25
WMB,-0.06592743793201569,33,1,8,0.7
WMG,-0.13328527630085846,22,1,5,0.7
WMK,-0.05383539461869287,37,1,4,0.85
WMS,0.01997834745119298,67,0,0,0.6
WMT,-0.07190635281374369,32,1,5,0.9
WNC,0.2995538683745813,96,1,6,0.3
WNEB,-0.022505223086810133,54,1,6,0.4
WNW,-0.27517241844506257,9,1,18,0.95
WOK,-0.4441138753732259,3,1,57,1.0
WOLF,-0.43375924862181836,4,1,31,1.0
WOOF,0.0629056693782786,77,0,0,0.35
WOR,0.041021048198369,72,0,0,0.4
WPC,-0.03093545619247238,48,1,4,0.4
WPM,-0.0016803680839667795,61,0,0,0.6
WPP,0.11436650898889048,86,0,0,0.05
WPRT,-0.09398160371428284,28,1,22,1.0
WRAP,0.23759608438657534,94,0,0,0.25
WRB,0.017740911098166487,67,1,4,0.3
WRBY,0.12240740594251892,87,0,0,0.65
WRD,-0.09816620620120037,27,1,4,0.65
WRLD,0.06652941855509906,78,1,7,0.75
WRN,-0.09333301242840072,28,0,0,0.9
WS,0.01619031451403858,66,0,0,0.4
WSBC,0.12142667677116825,87,0,0,0.0
WSBCO,-0.030520782584553596,48,1,4,0.45
WSBF,0.06747151447098412,78,0,0,0.35
WSBK,-0.025040039481924594,53,1,4,0.6
WSC,0.01760731368443815,67,1,7,0.8
WSFS,0.08249857060888072,81,0,0,0.05
WSHP,-0.2933890194210036,8,1,20,1.0
WSM,0.16128962110255401,91,0,0,0.4
WSO,-0.16963490491270541,17,1,23,1.0
WST,0.018080508874912277,67,1,9,0.45
WSTN,-0.02689487761354701,51,1,3,0.55
WSTNU,-0.039290457726326534,43,1,3,0.65
WT,0.15221640630019714,90,0,0,0.1
WTBA,0.09241679241133671,83,0,0,0.0
WTF,-0.07267019997302557,32,1,2,0.25
WTFC,-0.0008680929283651287,61,1,5,0.5
WTFCN,-0.031076663382499703,48,1,4,0.5
WTG,-0.02573526479401869,52,1,4,0.55
WTGUU,-0.07437559981271097,31,1,4,0.8
WTI,-0.15036688454558325,20,1,3,0.5
WTM,-0.03565217397161169,45,1,5,0.3
WTRG,0.009009641546988446,64,1,3,0.3
WTS,0.0717354897691439,79,0,0,0.75
WTTR,0.16865324311236943,91,0,0,0.35
WTW,0.1964655249799824,93,0,0,0.0
WU,-0.12123610410174515,23,1,5,0.25
WULF,-0.22661466595391094,12,1,29,1.0
WVE,-0.1118152493090252,25,1,7,0.85
WVVI,-0.09932851122442848,27,1,6,0.35
WVVIP,-0.052701698321297646,38,1,2,0.15
WW,-0.01881296760462433,56,0,0,0.85
WWD,-0.05767444377796753,36,1,6,0.7
WWR,-0.21543002312363327,13,1,59,1.0
WWW,0.13680156592073603,89,0,0,0.05
WXM,-0.012963175192303632,58,0,0,0.85
WY,0.05736271842061518,76,0,0,0.45
WYFI,-0.0927945306726412,28,1,17,0.85
WYHG,-0.09338179140134985,28,1,4,0.85
WYNN,-0.025115298876736525,53,1,3,0.7
WYY,-0.17533270469881881,17,1,22,1.0
XAIR,-0.4220460199441982,4,1,23,1.0
XBIO,-0.0712594287880857,32,0,0,0.85
XBIT,-0.09572728069451453,27,1,5,0.95
XBP,0.2346230346660563,94,0,0,0.1
XCBEU,-0.03314906836280014,46,1,3,0.6
XCH,-0.3780468403651479,5,1,17,0.85
XCUR,-0.394615550838217,4,1,45,1.0
XEL,-0.06431437797637622,34,1,5,0.65
XELB,-0.43472555300705434,4,1,33,1.0
XENE,0.06035915000441112,77,1,4,0.25
XERS,0.07569423351696075,80,1,4,0.2
XFLT,0.014679286310359418,66,0,0,0.3
XFOR,0.0008945783280905201,62,0,0,0.5
XGN,0.5057737099161468,98,0,0,0.45
XHG,-0.026442687601116815,52,1,3,0.5
XHLD,-0.5438805474854134,2,1,9,0.45
XHR,0.05598448089648019,76,1,5,0.25
XIFR,-0.07407794523711211,32,1,7,0.45
XLO,0.02060808208443303,67,1,3,0.55
XMAX,0.036949852114350624,71,0,0,0.7
XMTR,0.13015696496639986,88,1,10,0.5
XNCR,0.4035895326024933,97,0,0,0.0
XNET,-0.09640913209320548,27,1,4,0.45
XOM,-0.0024482150097903457,61,1,2,0.2
XOS,0.03997477855831607,72,0,0,0.9
XP,0.009706019330588102,64,1,2,0.1
XPEL,0.00035519787347546017,62,0,0,0.9
XPER,-0.009295731519937924,59,1,3,0.85
XPEV,-0.22951568053225987,12,1,5,0.85
XPL,-0.10406190582520597,26,1,9,0.9
XPO,-0.07349117770251037,32,1,8,0.55
XPOF,0.026421928604861526,69,1,5,0.6
XPON,-0.44857290914924014,3,1,69,1.0
XPRO,0.012870219628148896,65,0,0,0.2
XRAY,0.19218265923320996,92,0,0,0.0
XRN,-0.067313741817833,33,1,5,0.5
XRPN,-0.029731822384603947,49,1,4,0.55
XRPNU,-0.04200170711013662,42,1,4,0.65
XRTX,-0.046960551852370226,40,0,0,0.7
XRX,0.06599627392693294,78,0,0,0.75
XSLLU,-0.03134301863771769,48,1,3,0.6
XTIA,-0.14670218160018308,20,1,4,0.95
XTLB,-0.016514386232982556,56,1,4,0.2
XTNT,-0.07135784454980566,32,1,5,0.6
XWEL,-0.14132896690234614,21,1,2,0.55
XXI,-0.3023225878102425,7,1,59,1.0
XXII,-0.3559317093139949,5,1,115,1.0
XYF,-0.01124418599818289,59,0,0,0.45
XYL,0.016540356974111735,66,1,5,0.4
XYZ,0.10163509108859001,85,0,0,0.1
XZO,-0.026006450761186,52,1,5,0.6
YAAS,1.5850008457829508,99,0,0,0.6
YALA,-0.07941571139114117,31,1,2,0.8
YARW,0.9667471137016959,99,0,0,0.1
YB,-0.0828522080564287,30,1,2,0.8
YCBD,-0.2592955367783097,10,1,18,0.9
YCY,-0.030536592588692735,48,1,3,0.55
YDDL,-0.33531585701525307,6,1,81,1.0
YDES,-0.16934300677126282,17,1,87,1.0
YDKG,0.19757208102447363,93,0,0,0.05
YELP,-0.04805218319638169,39,1,2,0.25
YETI,0.09951396141786095,84,0,0,0.4
YEXT,0.2396047487183374,94,0,0,0.0
YHC,-0.8073747379013617,0,1,26,1.0
YHGJ,-0.0369840008732347,44,0,0,0.75
YHNA,-0.02536227651470655,52,1,3,0.5
YHNAU,-0.038807770025464386,43,1,4,0.65
YI,-0.21564994774449017,13,1,77,1.0
YIBO,0.05392665684898846,76,1,2,0.15
YJ,-0.1418569015081577,21,1,12,0.9
YMAT,-0.2160708825338222,13,1,42,1.0
YMM,0.08136152808342884,81,0,0,0.0
YMT,-0.4774396460259036,3,1,123,1.0
YORW,-0.0007494580633480505,62,1,4,0.4
YOU,-0.024464874952881882,53,1,3,0.65
YOUL,-0.416154757612808,4,1,8,0.6
YPF,-0.031237312215394893,48,1,3,0.3
YQ,-0.22144856127130602,13,1,17,0.85
YRD,-0.23076687008683516,12,1,10,0.8
YSG,-0.04998895134071083,39,1,4,0.4
YSS,-0.5336145523499436,2,1,32,1.0
YSXT,-0.058454887682002445,35,0,0,0.9
YTRA,-0.11691822285920148,24,1,7,0.95
YUM,-0.07130023147396639,32,1,4,0.75
YUMC,0.0588542525377053,77,0,0,0.1
YXT,4.848901594658732,99,0,0,0.9
YYAI,-1.0221543052026827,0,1,8,0.7
YYGH,-0.5518531548580046,2,1,115,1.0
Z,-0.015879544509027753,57,0,0,0.4
ZBAO,-0.6028132018090671,2,1,46,1.0
ZBH,0.09280972124974055,83,0,0,0.15
ZBIO,0.3686159618715603,97,0,0,0.0
ZBRA,0.4373439723525365,97,0,0,0.05
ZCMD,-0.6587780070213392,1,1,62,1.0
ZD,0.021043966993009068,67,1,1,0.05
ZDAI,-0.22401094423905035,12,1,33,1.0
ZDGE,-0.08266309743994046,30,1,17,0.95
ZENA,-0.1141747084522498,24,1,9,0.65
ZEO,-0.25058904571670815,10,0,0,0.95
ZEPP,-0.3088833143768556,7,1,62,1.0
ZETA,0.23914069748323377,94,0,0,0.15
ZG,0.006119728183276565,63,0,0,0.45
ZGN,0.08719640816317362,82,0,0,0.25
ZH,0.0037948625312656595,63,1,2,0.4
ZIM,0.021273844636542374,68,0,0,0.5
ZION,0.04333084551978523,73,1,4,0.3
ZIONP,-0.050656738097734515,38,1,5,0.7
ZIP,0.15819616485336427,90,0,0,0.05
ZJK,-0.31294055764498274,7,1,16,0.95
ZJYL,-0.03620764534469174,44,0,0,0.8
ZKH,0.029293547369471228,69,1,2,0.15
ZKIN,-0.23361900319374634,12,1,9,0.9
ZKP,-0.03002064466565875,49,1,3,0.6
ZKPU,-0.02730972859313201,51,1,3,0.6
ZLAB,-0.06623176956270546,33,1,9,0.45
ZM,0.02491375723417514,68,0,0,0.3
ZNB,-0.567465571668241,2,1,123,1.0
ZNTL,0.10970904393914702,85,0,0,0.2
ZONE,-0.5218789084831191,2,1,8,0.95
ZOOZ,-0.12578738102685696,23,1,6,0.95
ZS,0.09402594862219857,83,0,0,0.15
ZSQR,-0.6190963942063942,1,1,27,1.0
ZSTK,-0.5629960696900704,2,1,35,1.0
ZTEK,0.24699692633334927,95,0,0,0.3
ZTG,1.7631772104997292,99,0,0,0.05
ZTO,-0.020144264671851778,55,1,2,0.1
ZTS,-0.12717567476557162,23,1,3,0.55
ZUMZ,-0.0628120928451609,34,1,1,0.3
ZURA,0.20006608877069787,93,0,0,0.0
ZVIA,0.10618055361816683,85,0,0,0.2
ZVRA,-0.18793276647396429,16,1,19,0.95
ZWS,0.06418172470242609,78,0,0,0.5
ZYBT,1.8981509493227673,99,0,0,0.65
ZYME,-0.1370641112653615,21,1,18,0.9
