ticker,raw_score,rs_percentile,rs_below_ma,rs_days_below_ma,rs_frac_below_ma
A,0.20846089231613318,89,0,0,0.05
AA,-0.05696413396745144,31,0,0,0.55
AACG,-0.01301909472802815,51,0,0,0.65
AACIU,-0.02726096444879945,41,1,13,0.65
AACOU,-0.017219889614611295,48,1,14,0.75
AAL,-0.10568374316543477,23,1,11,0.8
AAME,-0.26027743310740964,8,1,77,1.0
AAMI,0.14709737510053106,84,0,0,0.0
AAOI,-0.05730834665641618,31,0,0,0.4
AAON,-0.34756210999628456,5,1,39,1.0
AAP,-0.24510469940685498,8,1,2,0.65
AAPG,-0.08447168767504346,26,1,4,0.65
AAPL,-0.02489317302150743,42,1,1,0.7
AARD,0.17976725688985704,87,1,1,0.3
AAT,-0.05796886557347973,31,1,22,1.0
AAUC,-0.04533280572685497,34,0,0,0.6
AB,-0.03271938787277584,38,1,16,0.8
ABAT,-0.15497884748177748,16,1,6,0.8
ABBV,0.09952734842459755,78,0,0,0.55
ABCB,-0.04464500413900099,34,1,16,0.95
ABCL,1.0968568561006966,98,0,0,0.45
ABEO,-0.02460013873675031,42,1,6,0.55
ABEV,-0.1262672179753006,20,1,15,0.8
ABG,0.023230629682068817,62,0,0,0.6
ABLV,-0.15242627766512568,17,0,0,0.9
ABM,0.04117918010100943,66,1,11,0.55
ABNB,0.30838466169589723,93,0,0,0.1
ABOS,0.4089159324963958,95,0,0,0.55
ABR,0.01534360879222953,60,0,0,0.6
ABSI,0.24569361177594423,91,0,0,0.55
ABT,0.19645759114706957,88,0,0,0.0
ABTC,-0.01916649322073209,46,0,0,0.55
ABTS,0.07913570724836548,75,1,1,0.55
ABUS,0.06191662368423753,72,0,0,0.7
ABVC,-0.3024877256364675,6,1,30,1.0
ABVX,-0.017584413982905046,47,1,8,0.8
ABX,-0.08491138585967375,26,1,17,0.9
ACA,0.048148695728891425,68,0,0,0.6
ACAAU,-0.023083189661994352,43,1,13,0.7
ACAD,0.22955766178361187,90,0,0,0.05
ACB,0.3102285066382763,93,0,0,0.15
ACCL,0.6488555946133706,98,0,0,0.0
ACCO,0.056319770041148756,70,1,1,0.2
ACCS,-0.24928855124145574,8,1,15,0.8
ACDC,-0.2380514587174833,9,1,2,0.7
ACEL,-0.03921321400828472,36,1,15,0.85
ACET,0.15996098188532162,85,0,0,0.45
ACFN,0.012066208605004878,59,0,0,0.5
ACGL,0.008453377747081613,58,0,0,0.7
ACGLN,-0.021557454328396952,44,0,0,0.6
ACGLO,-0.03363785193111205,38,1,13,0.65
ACH,-0.5955729664617047,1,1,13,0.85
ACHC,-0.09102797040481941,25,1,11,0.8
ACHR,0.11123736141122563,80,0,0,0.35
ACHV,0.43445742150707134,96,0,0,0.0
ACI,-0.196823943134495,12,1,22,1.0
ACIC,-0.13463626733423753,19,1,13,0.8
ACIU,0.05720554117382805,71,0,0,0.55
ACIW,0.04644730467370192,68,1,11,0.6
ACLS,-0.21264009055989208,11,1,3,0.85
ACM,-0.06811233761366006,29,1,9,0.45
ACMR,-0.13752929219092633,18,1,2,0.9
ACN,0.2693549328358022,92,0,0,0.0
ACNB,0.07710929885676654,75,0,0,0.2
ACNT,0.009913170233161194,59,1,1,0.6
ACOG,0.31826857031071404,93,0,0,0.1
ACON,-0.0674848188439661,29,0,0,0.8
ACP,-0.04068810043843525,35,1,1,0.85
ACR,-0.2107975997623113,11,1,16,0.8
ACRE,0.013290776191125928,60,0,0,0.4
ACRS,0.21120154230242294,89,0,0,0.3
ACRV,0.30016234540022807,93,0,0,0.5
ACT,0.09411622998308565,77,0,0,0.1
ACTG,-0.04839857334072259,33,1,2,0.65
ACTU,-0.2874748291606009,6,0,0,0.95
ACU,0.36136305020065373,94,0,0,0.0
ACV,-0.03741893237954782,37,1,20,1.0
ACVA,0.07402952926554114,74,0,0,0.4
ACXP,-0.11009468008224697,22,1,3,0.8
AD,-0.061240610995844866,30,0,0,0.9
ADAC,-0.016687292071265958,48,1,13,0.7
ADACU,-0.01873572787202158,46,1,13,0.7
ADAG,0.0839248374746202,76,0,0,0.45
ADAM,0.11500787339033562,81,0,0,0.2
ADAML,0.011544881202452336,59,0,0,0.55
ADAMM,-0.00019414328577766968,56,0,0,0.55
ADAMN,0.031050717903976486,64,0,0,0.45
ADAMZ,-0.005976083094858486,54,0,0,0.65
ADBE,0.23343151503396647,90,0,0,0.05
ADC,-0.05254315604901037,32,1,16,0.8
ADCT,-0.32039856870297284,5,1,6,0.95
ADEA,-0.07085088581865914,28,1,3,0.7
ADGM,0.08389857243797609,76,0,0,0.4
ADI,-0.10924359993460997,22,1,3,0.85
ADIL,1.3064359159862986,98,0,0,0.0
ADM,-0.01764936100262716,47,0,0,0.75
ADMA,0.12824198887094015,82,0,0,0.3
ADNT,-0.054631511785673104,32,1,12,0.6
ADP,0.19570624107019535,88,0,0,0.05
ADPT,0.36749966770559866,95,0,0,0.0
ADSE,-0.035396209792543355,37,1,13,0.65
ADSK,0.2001933919566598,88,0,0,0.0
ADT,0.06339197009935611,72,0,0,0.3
ADTN,-0.38772824345781987,4,1,53,1.0
ADUR,0.07440953881779214,74,0,0,0.3
ADUS,0.1549869215986326,85,0,0,0.2
ADV,-0.06355501934154724,30,1,11,0.8
ADVB,0.15465508122626848,85,1,2,0.6
ADX,0.003525937813711421,57,1,6,0.7
ADXN,-0.28447413841491076,7,1,6,0.85
AEAQ,-0.014682114108355737,50,1,13,0.7
AEAQU,0.005222213202497248,57,1,12,0.6
AEBI,-0.06540625144954686,29,1,5,0.5
AEC,-0.12184240072720302,20,0,0,0.7
AEE,-0.039058495476281284,36,1,17,0.85
AEF,-0.006691437949038925,54,0,0,0.6
AEG,0.000721004564577056,56,1,2,0.3
AEHL,6.987277557326515,99,0,0,0.55
AEHR,0.08056415482889162,75,1,1,0.35
AEI,0.2415091897979485,90,0,0,0.7
AEIS,-0.14957237798289003,17,1,3,0.55
AEM,0.31707346814184467,93,0,0,0.35
AEMD,1.8813095662633315,99,0,0,0.35
AENT,-0.055726206084715804,31,1,15,0.75
AEO,-0.10641048431994661,23,1,8,0.6
AEON,-0.5400435532349431,2,1,37,1.0
AEP,-0.059709638849235885,30,1,17,0.85
AER,-0.02338848295733026,43,1,10,0.55
AERO,-0.1778666369119211,14,1,33,1.0
AERT,-0.012360193107835135,51,1,4,0.7
AES,-0.01182533575664344,51,0,0,0.7
AESI,-0.19181367724651038,13,0,0,0.75
AEVA,-0.057709235329099995,31,1,3,0.45
AEXA,-0.0047831867897976076,54,0,0,0.85
AEYE,0.07599894031839276,74,0,0,0.75
AFB,-0.023636137754788487,43,0,0,0.9
AFCG,0.10275979363584957,79,0,0,0.7
AFG,0.021713539151392573,62,1,2,0.55
AFJK,-0.34203225795306286,5,1,49,1.0
AFJKU,-0.5656592224235136,1,1,53,1.0
AFL,-0.05167011741629426,32,1,13,0.65
AFRI,0.004995437026359361,57,0,0,0.55
AFRM,0.019357944654636205,62,1,1,0.75
AFYA,-0.03482890927624539,37,1,14,0.8
AG,0.16051346372039524,85,0,0,0.4
AGBK,-0.14712392724964124,17,1,12,0.7
AGCC,-0.10432146172775324,23,1,15,0.9
AGCO,-0.12240760122701023,20,1,16,0.8
AGD,0.001084536919526237,56,0,0,0.35
AGEN,0.8681241343113144,98,0,0,0.0
AGI,0.10633902948234437,79,0,0,0.4
AGIG,-0.1334941844962412,19,0,0,0.95
AGIO,-0.03581230545004627,37,1,1,0.95
AGL,-0.20044411947766053,12,1,10,0.95
AGM,0.1232469300142116,81,1,2,0.1
AGMB,0.17560481321376295,86,1,1,0.1
AGMH,-0.03391140583751779,38,0,0,0.6
AGNC,0.03415251157614127,65,0,0,0.7
AGNCL,-0.0046212995225397326,54,0,0,0.6
AGNCM,-0.005218205789622777,54,0,0,0.6
AGNCN,-0.004882263849652645,54,0,0,0.6
AGNCO,-0.005057306872357413,54,0,0,0.6
AGNCP,-0.0010510893117158908,56,0,0,0.65
AGNCZ,-0.0036956807796178597,55,0,0,0.6
AGNT,-0.017695360705145744,47,0,0,0.8
AGO,-0.10011079135277282,24,1,15,0.75
AGPU,0.5938905457762299,97,0,0,0.25
AGRO,-0.01719571432335647,48,0,0,0.8
AGRZ,-0.024193733571318078,42,0,0,0.8
AGX,-0.23993244836392458,9,1,35,1.0
AGYS,0.24189698390465125,90,0,0,0.3
AHCO,-0.5058351619783508,2,1,14,0.7
AHG,-0.3515296987843523,4,1,13,0.85
AHMA,-0.1189979932787702,21,1,7,0.8
AHR,0.042296774257758546,67,0,0,0.65
AHRT,-0.0492683188103461,33,1,14,0.7
AHT,0.030001213212756398,64,0,0,0.55
AI,0.14669921789117785,84,0,0,0.15
AIDX,-0.22388612114470013,10,0,0,0.7
AIFA,0.35564808080871246,94,0,0,0.5
AIFC,0.0035667025815055674,57,0,0,0.85
AIFF,-0.1737346700589832,14,1,9,0.95
AIFU,-0.6414347129620126,1,1,38,1.0
AIG,-0.04675488946081949,34,1,15,0.75
AIHS,-0.024191613516684984,42,1,4,0.4
AII,0.4325628589191509,96,0,0,0.05
AIIA,-0.018471815992167205,47,1,13,0.7
AIIO,-0.10849576440019891,22,1,24,1.0
AIIR,0.06623533835965878,72,0,0,0.55
AIM,-0.1152954394498305,21,1,9,0.9
AIMD,-0.13424593087889275,19,1,32,1.0
AIN,-0.18588366995662392,13,1,14,0.7
AIO,-0.04347863430280682,35,1,2,0.75
AIOS,-0.01801057333813212,47,0,0,0.75
AIOT,-0.23440203019346512,9,1,9,0.8
AIP,-0.37140455052984905,4,1,34,1.0
AIR,0.03703987874589837,66,1,2,0.25
AIRE,-0.16871351384577507,15,1,4,0.95
AIRG,-0.18066641906699948,14,1,50,1.0
AIRI,-0.16192324270655822,15,1,32,1.0
AIRJ,0.10124489543455774,78,1,3,0.3
AIRO,0.14947419455958033,84,0,0,0.25
AIRS,-0.4729213609536715,2,1,9,0.55
AIRT,0.17734843506118592,87,0,0,0.25
AIRTP,-0.019336061944113657,46,0,0,0.7
AISP,-0.1392104955230234,18,0,0,0.8
AIT,0.00033564214684839513,56,1,2,0.2
AIV,-0.07929541870498308,27,1,34,1.0
AIXC,0.16638323489800144,86,0,0,0.85
AIXI,-0.7387190905058619,1,1,60,1.0
AIZ,0.036680638204527646,66,0,0,0.45
AJG,0.13984629285336986,83,0,0,0.6
AKA,0.03051275786439377,64,1,10,0.55
AKAM,-0.15403111605010672,16,1,3,0.75
AKAN,-0.657093257298634,1,1,43,1.0
AKBA,-0.22384473550312287,10,1,13,0.7
AKR,-0.05458068586813582,32,1,14,0.7
AKTS,0.021758136462112335,62,1,1,0.8
AKTX,0.035583250959160026,65,1,27,1.0
ALAB,-0.18445013558353182,13,1,12,0.95
ALAR,-0.5385885677751961,2,1,42,1.0
ALB,-0.03752725614497908,36,0,0,0.5
ALC,0.07596584090626629,74,0,0,0.2
ALCO,-0.039454648339168605,36,1,5,0.85
ALDF,-0.01535804583521465,49,0,0,0.65
ALDFU,-0.022398526955829022,44,1,13,0.7
ALDX,-0.17082279886155777,15,1,28,1.0
ALEC,0.3088772815663869,93,0,0,0.4
ALF,-0.02636478626024804,41,1,14,0.75
ALFUU,-0.02837555010810714,40,1,14,0.8
ALG,-0.01048456214320854,52,1,7,0.6
ALGM,-0.30195582385474956,6,1,30,1.0
ALGN,-0.09401095355731473,24,1,4,0.85
ALGS,0.17099451665320464,86,0,0,0.45
ALGT,-0.21247971382474115,11,1,13,0.95
ALH,-0.09704265290612211,24,1,8,0.45
ALHC,-0.3751047039348349,4,1,22,1.0
ALIS,-0.017414779890120344,48,1,13,0.7
ALISU,-0.020754872415254352,45,1,13,0.7
ALIT,-0.15492410364742137,16,1,12,0.7
ALK,-0.1222413572020458,20,1,9,0.55
ALKS,0.005591999328043277,58,1,18,0.9
ALKT,0.22612507617339142,90,0,0,0.05
ALL,0.05524093219261274,70,1,8,0.45
ALLE,0.18579304686792075,87,0,0,0.0
ALLO,0.06177746403845598,71,0,0,0.4
ALLR,0.05422057965577691,70,0,0,0.3
ALLT,-0.0185147801975022,46,1,7,0.9
ALLY,-0.05524474199139419,31,1,22,1.0
ALM,0.08014513374079389,75,0,0,0.65
ALMS,-0.13806925256368346,18,1,13,0.8
ALMU,-0.2236654130645025,10,1,3,0.7
ALNT,0.15536320899483552,85,1,2,0.4
ALNY,-0.2005491126421976,12,1,1,0.85
ALOT,0.19282716324403432,88,0,0,0.5
ALOVU,-0.0293512767178403,40,1,14,0.75
ALOY,0.06826261302454198,73,1,1,0.45
ALP,-0.44503572626532617,3,1,26,1.0
ALRM,0.17100063455164935,86,0,0,0.05
ALRS,0.04735126463628271,68,1,2,0.35
ALSN,0.07661008909519218,74,0,0,0.35
ALT,0.012387437933156598,59,1,1,0.5
ALTG,-0.02804444845352681,40,1,4,0.5
ALTI,0.20913742398881635,89,0,0,0.15
ALTO,-0.19312908334755396,12,1,12,0.95
ALUB,-0.012229155875502617,51,1,13,0.7
ALV,0.002460034258743929,56,0,0,0.65
ALVO,0.16989439338895268,86,0,0,0.2
ALX,0.01767500268049527,61,0,0,0.85
ALXO,0.054831917053086765,70,1,1,0.6
ALZN,0.31722489764412737,93,0,0,0.0
AM,-0.012263527000545704,51,0,0,0.7
AMAL,0.07150860953563488,73,1,2,0.15
AMAT,-0.1095864794550246,22,1,6,0.95
AMBA,-0.016906811097614518,48,1,4,0.35
AMBO,-0.17196508564120594,14,1,19,0.95
AMBP,0.16999284672805456,86,0,0,0.1
AMBQ,-0.30418596601792763,6,1,27,1.0
AMBR,-0.3726357090631557,4,1,18,0.95
AMC,0.11857590866662936,81,0,0,0.25
AMCI,0.023513511936692284,63,1,1,0.7
AMCR,0.13723714405544035,83,0,0,0.2
AMCX,0.24908298277412416,91,0,0,0.1
AMD,-0.13372987059456914,19,1,3,0.9
AME,-0.009553377108993198,52,1,3,0.15
AMG,0.014841844714459696,60,1,3,0.45
AMGN,0.20774002030200986,89,0,0,0.05
AMH,0.03607804410423507,65,0,0,0.6
AMIX,-0.014677503569406041,50,1,7,0.7
AMKR,-0.33228391573098426,5,1,3,0.95
AMLX,1.4299918545287944,98,0,0,0.0
AMN,0.08803150650909623,76,0,0,0.35
AMOD,0.022684765928418716,62,0,0,0.45
AMP,0.08635158207875497,76,1,1,0.05
AMPG,-0.48051396567200505,2,1,5,0.85
AMPH,0.11864794375924646,81,0,0,0.45
AMPL,0.71483489298126,98,0,0,0.1
AMPX,-0.19142090699260467,13,1,3,0.55
AMPY,0.12916846626879333,82,0,0,0.5
AMR,0.19401636814727974,88,0,0,0.55
AMRC,-0.16902587801287494,15,1,3,0.5
AMRN,-0.04717690814962339,34,1,1,0.9
AMRX,0.10649021311171579,79,1,1,0.4
AMRZ,-0.1368097553471557,18,1,10,0.9
AMS,0.051329485545055356,69,0,0,0.4
AMSC,-0.25296125840624295,8,1,42,1.0
AMSF,-0.19973882234625184,12,1,22,1.0
AMST,-0.22583206219270757,10,1,5,0.95
AMT,-0.0031103859393586154,55,0,0,0.65
AMTB,0.1468680164360403,84,1,2,0.15
AMTD,-0.12260418074851981,20,0,0,0.95
AMTM,-0.06590904466673637,29,1,8,0.4
AMTX,0.06721889006174671,73,0,0,0.55
AMWL,0.1696656564060764,86,1,1,0.15
AMX,-0.12633476552335,20,1,19,0.95
AMZE,-0.8151206681934756,0,1,39,1.0
AMZN,0.038880330160663626,66,1,1,0.5
AN,-0.0025812921884598265,55,1,11,0.55
ANAB,-0.011124206793376912,52,1,1,0.8
ANDE,-0.13058708596865332,19,1,18,0.9
ANDG,0.2582298552369557,91,0,0,0.1
ANET,0.0789774902019831,75,1,2,0.2
ANF,0.17007609632068404,86,1,4,0.2
ANGH,-0.14534954191719074,17,1,6,0.75
ANGI,-0.16325350985509648,15,1,12,0.8
ANGO,0.19952700925433509,88,0,0,0.0
ANGX,0.2743417890700002,92,0,0,0.1
ANIK,0.4198154829938712,95,0,0,0.1
ANIP,-0.04921123042158889,33,1,10,0.85
ANIX,0.13796422557925242,83,0,0,0.5
ANL,0.16787441134107162,86,0,0,0.05
ANNA,-0.1750122175873845,14,0,0,0.8
ANNX,-0.015130979466119564,50,1,1,0.9
ANPA,-0.13997875727533976,18,1,8,0.85
ANRO,0.39563816631029175,95,0,0,0.0
ANTA,-0.2514470875863616,8,1,1,0.95
ANTX,0.15711421672652087,85,0,0,0.05
ANVS,-0.03054343408655382,39,1,1,0.55
ANY,-0.0003996209205476449,56,1,11,0.7
AOD,0.008498242343466283,58,0,0,0.45
AOMR,-0.007883792061024783,53,1,14,0.8
AON,0.03385060370028073,65,1,15,0.75
AORT,0.19652806195841876,88,0,0,0.1
AOS,0.048014542001487595,68,0,0,0.45
AOSL,-0.35800271974437264,4,1,6,0.85
AOUT,-0.030904449767514042,39,1,18,0.95
AP,-0.10441550819218781,23,1,3,0.5
APA,0.20917334722191386,89,0,0,0.1
APAC,-0.015796892528713656,49,0,0,0.65
APACU,-0.027352812530874702,41,1,13,0.75
APAM,0.11805381321321427,81,0,0,0.0
APC,-0.07192569897845708,28,1,13,0.65
APD,0.011033604955211395,59,1,1,0.55
APEI,-0.14026777163574974,18,1,11,0.8
APG,0.012073879885933312,59,1,1,0.55
APGE,0.2698570599943283,92,0,0,0.45
APH,-0.011335921872952733,52,1,3,0.4
API,0.060333374665261966,71,0,0,0.5
APLD,-0.2124164748237346,11,1,3,0.8
APLE,0.0026975026577566487,57,0,0,0.7
APLM,0.34232934816309163,94,0,0,0.7
APO,0.011491990804213616,59,1,1,0.15
APOG,0.03276234836573784,65,1,6,0.4
APP,-0.324117177275787,5,1,30,1.0
APPF,0.33540592150537385,94,0,0,0.1
APPN,0.5887930783797509,97,0,0,0.1
APPS,0.425071374690899,96,1,2,0.45
APRE,-0.10446226540703017,23,1,1,0.75
APT,-0.05011179819752376,33,1,1,0.5
APTV,-0.2255822006156958,10,1,16,0.9
APUS,-0.4965506026852347,2,1,16,0.95
APVO,-0.4102271988337196,3,1,22,1.0
APWC,-0.1515615726405423,17,1,6,0.55
APXT,-0.017818863448157262,47,1,14,0.7
APXTU,-0.02307345382114524,43,0,0,0.7
APYX,-0.24974550490938363,8,1,12,0.9
AQB,0.3307885632748182,94,0,0,0.4
AQMS,-0.13309197193186123,19,1,4,0.8
AQN,-0.034505797518509226,37,0,0,0.7
AQST,0.047926868455097596,68,0,0,0.55
AR,0.06564574771768387,72,0,0,0.3
ARAI,-0.3995871249411409,3,1,85,1.0
ARAY,0.045555283950349815,68,0,0,0.35
ARBB,0.172099847128162,86,0,0,0.9
ARBE,-0.05388406215806711,32,1,1,0.55
ARBK,-0.15628788586000883,16,0,0,0.95
ARCB,-0.09929784407959782,24,1,19,0.95
ARCC,0.050180161059250133,69,0,0,0.15
ARCIU,0.0014082555157713984,56,1,12,0.6
ARCO,-0.10710068559811722,23,1,16,0.8
ARCT,0.6599696764134717,98,0,0,0.55
ARDC,-0.028189624456843795,40,1,15,0.95
ARDT,0.04438361562601252,67,1,2,0.3
ARDX,-0.33185758198677767,5,1,39,1.0
ARE,0.05085053817858459,69,0,0,0.55
AREC,0.3068709806231144,93,0,0,0.25
AREN,-0.10192225094933821,23,1,7,0.45
ARES,0.11589347833265758,81,0,0,0.0
ARGX,0.18467582050961995,87,0,0,0.6
ARHS,0.3487994545400959,94,0,0,0.15
ARI,-0.015127730100981474,50,0,0,0.8
ARIS,0.25231287693412446,91,0,0,0.35
ARKO,-0.43237210102621876,3,1,14,0.75
ARKR,-0.13002859746716974,19,1,19,0.95
ARL,-0.006694752415449819,54,1,1,0.95
ARLO,-0.02773468966213769,41,1,7,0.45
ARLP,0.05442205691610451,70,0,0,0.4
ARM,-0.2016506933964941,12,1,10,0.95
ARMK,0.06559551046551511,72,0,0,0.35
ARMP,-0.3001554029659716,6,1,1,0.95
AROC,-0.17001287465724296,15,1,20,1.0
AROW,-0.04151109092556271,35,1,16,0.9
ARQ,-0.03907517884092917,36,0,0,0.65
ARQQ,0.16851788467171308,86,1,2,0.45
ARQT,-0.0365518073278915,37,1,15,0.75
ARR,-0.007148722177652389,53,1,16,0.95
ARRY,-0.33965183487891176,5,1,42,1.0
ARTCU,-0.02305979766646844,43,1,13,0.7
ARTL,-0.431371776774434,3,1,92,1.0
ARTNA,0.06740864018350846,73,0,0,0.3
ARTV,0.17333193880756304,86,0,0,0.0
ARTW,0.2149346478134194,89,0,0,0.45
ARVN,0.08662598375950957,76,0,0,0.2
ARW,-0.09485463352693237,24,1,3,0.5
ARWR,0.01606995883474301,60,0,0,0.1
ARX,0.3885527932924706,95,0,0,0.45
AS,-0.09369956533568884,24,1,9,0.6
ASA,0.10206110439947667,79,0,0,0.4
ASAN,0.3749825122193489,95,0,0,0.05
ASB,0.012983260024164677,60,1,2,0.35
ASBP,0.11957895117684829,81,0,0,0.1
ASC,0.051950270074562946,69,0,0,0.25
ASG,-0.006889612236194654,53,1,2,0.6
ASGI,0.03716752952579712,66,0,0,0.35
ASH,0.0931953419559768,77,0,0,0.05
ASIC,0.11809291487369901,81,0,0,0.35
ASIX,-0.1893946315884631,13,1,18,0.9
ASLE,-0.126056228330576,20,1,11,0.65
ASM,0.16256642390076098,85,0,0,0.4
ASMB,0.2753555005399005,92,0,0,0.6
ASML,-0.03882147139432861,36,1,2,0.7
ASND,0.02075446999252759,62,0,0,0.85
ASO,-0.10051122600246339,24,1,7,0.75
ASPC,-0.024823357710184332,42,0,0,0.75
ASPCU,-0.023689787716729013,43,0,0,0.85
ASPI,-0.2267577850886857,10,1,40,1.0
ASPN,-0.10157211616984721,23,1,3,0.6
ASPS,-0.18582143915135163,13,1,28,1.0
ASR,-0.1210121315914682,20,1,33,1.0
ASRV,0.24047356626500577,90,0,0,0.0
ASST,0.12947859920484084,82,0,0,0.75
ASTC,0.3305532510181934,94,1,5,0.7
ASTE,-0.25908239904808883,8,1,18,0.9
ASTH,-0.06848515264668531,29,0,0,0.75
ASTI,-0.24553316505787975,8,1,45,1.0
ASTL,0.04713318453915091,68,0,0,0.35
ASTS,-0.08675901221290826,26,1,3,0.5
ASUR,0.04629675740136116,68,0,0,0.5
ASX,-0.0865752631291392,26,1,3,0.75
ASYS,-0.2587354389820751,8,1,2,0.85
ATAI,0.4053876356683166,95,0,0,0.0
ATAT,0.02462603486565029,63,1,1,0.25
ATCH,-0.10980066777584109,22,0,0,0.6
ATEC,0.10396178373011027,79,1,1,0.3
ATEN,-0.2608944267176908,8,1,21,1.0
ATER,-0.6515166961738511,1,1,22,1.0
ATEX,-0.0011530833827613114,56,1,10,0.85
ATGL,-0.45756240520818414,3,1,20,1.0
ATHE,-0.07116502687075417,28,1,1,0.85
ATHM,0.14868117675964004,84,1,1,0.2
ATHR,0.025319772375881584,63,1,7,0.8
ATI,0.09078436033089574,77,1,1,0.25
ATII,-0.04387089151935216,35,1,15,0.9
ATIIU,-0.023306871700013092,43,1,29,1.0
ATKR,0.21384970843255174,89,0,0,0.2
ATLC,-0.020363613637435506,45,1,10,0.5
ATLCP,-0.031235777268770748,39,1,14,0.7
ATLO,0.05968890025392905,71,0,0,0.2
ATLX,-0.09078683366222029,25,0,0,0.65
ATMU,-0.05066534475052652,33,1,9,0.6
ATNI,0.22324781079925218,90,0,0,0.35
ATNM,0.11609758399833343,81,0,0,0.7
ATO,-0.049550071498062266,33,1,16,0.8
ATOM,-0.3271686315770595,5,1,35,1.0
ATOS,0.011411815848667187,59,0,0,0.7
ATPC,-0.09515307952328443,24,1,24,1.0
ATR,0.05780350002962335,71,0,0,0.45
ATRA,-0.001531898482225666,55,0,0,0.8
ATRC,0.5130584392674193,97,0,0,0.0
ATRO,0.01572108182238197,60,1,1,0.4
ATS,-0.33844275576660093,5,1,13,0.95
ATXG,-0.16906098705504768,15,1,2,0.65
ATYR,0.03656986111729074,66,1,1,0.65
AU,0.337212525190268,94,0,0,0.3
AUB,3.529315215836798e-05,56,1,14,0.7
AUBN,-0.0022795844174524384,55,1,16,0.8
AUC,-0.16472738594042466,15,1,17,0.85
AUDC,0.04725930942506275,68,1,3,0.5
AUGO,0.4320154539069381,96,0,0,0.4
AUID,-0.5039593905900417,2,1,26,1.0
AUNA,0.018984801237417106,61,0,0,0.45
AUPH,0.06520399508683007,72,0,0,0.85
AUR,-0.10906817239110204,22,1,3,0.35
AURA,0.10679007823573629,80,0,0,0.2
AURE,-0.158914272755721,16,1,47,1.0
AUST,0.08203584366365234,75,0,0,0.45
AUTL,0.629381112093259,97,0,0,0.25
AUUD,-0.21695787035633002,10,1,7,0.9
AVA,-0.08470729266832903,26,1,16,0.8
AVAH,0.4814801818105932,96,0,0,0.35
AVAL,0.06701285344796591,73,0,0,0.3
AVAT,-0.3987964054708703,3,1,96,1.0
AVAV,0.01939383016501617,62,1,2,0.3
AVBC,0.06551682323721286,72,0,0,0.3
AVBH,-0.0026608630276737863,55,1,14,0.75
AVBP,-0.00853642490572458,53,1,18,0.95
AVD,-0.17664807476160738,14,1,32,1.0
AVGO,-0.11204072470340706,22,1,5,0.45
AVIR,0.15363736637620817,84,0,0,0.3
AVK,-0.012253970747428941,51,1,2,0.75
AVNT,0.17391308138398492,86,0,0,0.2
AVNW,0.04475878532700314,67,1,2,0.6
AVO,0.06256625213668107,72,0,0,0.55
AVPT,0.11590275513418145,81,0,0,0.25
AVR,0.04496938006114183,67,0,0,0.55
AVT,-0.053909227878420285,32,1,3,0.25
AVTR,0.44380423615112385,96,0,0,0.0
AVTX,0.15090460548386242,84,0,0,0.35
AVX,-0.3270290126538085,5,1,37,1.0
AVXL,0.18725569518014518,87,0,0,0.1
AVY,0.13574134523398712,83,0,0,0.0
AWF,-0.014290874450845781,50,0,0,0.75
AWI,0.11160077073783393,80,0,0,0.0
AWK,0.04971758594709898,69,0,0,0.55
AWP,-0.019767944283312598,45,1,15,0.75
AWR,0.0762121941426825,74,0,0,0.35
AWRE,-0.03274409859301248,38,1,1,0.75
AWX,0.04398850137386301,67,0,0,0.35
AX,0.018742922510069874,61,1,4,0.45
AXG,-0.25356275994335203,8,1,47,1.0
AXGN,0.09351080481228251,77,0,0,0.05
AXIL,-0.027265043259310905,41,1,2,0.7
AXIN,-0.02162306157583986,44,0,0,0.7
AXINU,-0.029817155320225226,39,1,1,0.6
AXON,0.35886264827936637,94,0,0,0.1
AXP,-0.039992545554007525,36,1,21,1.0
AXR,-0.1371685827695995,18,0,0,0.9
AXS,-0.1058234716048951,23,1,17,0.85
AXSM,-0.15212588252877654,17,1,17,0.85
AXTA,0.08500978310997413,76,1,1,0.2
AYA,0.34679928816760935,94,0,0,0.1
AYI,0.05521950493892354,70,1,3,0.25
AYTU,0.020079498225076178,62,1,1,0.4
AZ,0.1866826496757013,87,0,0,0.25
AZI,0.07661053976682096,75,0,0,0.7
AZIO,-0.3850214052601921,4,1,6,0.95
AZN,-0.08403672258943262,26,0,0,0.9
AZO,-0.05098721254166837,33,1,1,0.75
AZTA,0.5333792322182072,97,0,0,0.0
AZTR,-0.24259324525352077,9,1,7,0.95
AZZ,-0.092804734874318,25,1,3,0.8
B,0.1657832381281128,86,0,0,0.2
BA,-0.022509616998762392,44,1,4,0.4
BABA,0.1051073211539844,79,0,0,0.1
BAC,0.044389260251637655,67,1,2,0.15
BACC,-0.021528376563230832,44,1,15,0.95
BACCU,0.0008561718443037582,56,1,13,0.9
BAER,-0.4156305852041578,3,1,13,0.75
BAFN,0.31884015023072554,93,0,0,0.05
BAH,0.12257783115290276,81,0,0,0.0
BAK,-0.33149581221569907,5,1,60,1.0
BALL,0.02225397794829183,62,1,13,0.65
BALY,-0.2863698073411115,7,1,14,0.7
BAM,0.0770621191321316,75,0,0,0.1
BANC,-0.11017871739025964,22,1,17,0.85
BAND,-0.22180606454239984,10,1,21,1.0
BANF,-0.02609107624124598,41,1,16,0.8
BANR,0.04846234542808599,68,0,0,0.25
BANX,0.03327370898379135,65,0,0,0.35
BAOS,-0.825283369580349,0,1,29,1.0
BAP,-0.03958631182823167,36,1,14,0.7
BARK,0.033576174025396685,65,0,0,0.45
BATL,-0.11279580898717774,22,1,19,0.95
BATRA,0.014411938952717727,60,0,0,0.65
BATRK,0.028257711437741025,64,0,0,0.5
BAX,0.2681682135828489,92,0,0,0.05
BB,-0.028646250210605084,40,1,27,1.0
BBAI,-0.099845011915897,24,1,3,0.6
BBAR,-0.29212323915930094,6,1,15,0.95
BBCP,-0.0998834419563946,24,1,19,0.95
BBCQ,-0.03744615130167915,37,1,15,0.85
BBCQU,-0.029583644675013843,40,0,0,0.8
BBD,-0.18673446771178828,13,1,14,0.7
BBDC,0.11388997948690192,80,0,0,0.35
BBDO,-0.03193546495712409,38,1,12,0.6
BBGI,-0.02992219036934129,39,1,5,0.8
BBIO,0.10597765363726815,79,0,0,0.4
BBLG,-0.5309219127774293,2,1,31,1.0
BBN,-0.015591221336248483,49,1,16,0.9
BBNX,0.36361518005818866,94,0,0,0.55
BBOT,0.06542525481077878,72,0,0,0.15
BBSI,-0.08009949220033459,27,1,13,0.7
BBT,0.047628363047260855,68,0,0,0.2
BBUC,-0.14339529357701689,18,1,14,0.7
BBVA,0.11950543181655333,81,0,0,0.0
BBW,0.10042913291640797,78,0,0,0.25
BBWI,0.0012178672497430328,56,1,2,0.8
BBY,0.09156699179719367,77,0,0,0.45
BC,-0.018055279886059872,47,0,0,0.65
BCAB,-0.16754353501781685,15,1,23,1.0
BCAL,0.03411281103140984,65,1,2,0.55
BCAR,-0.5313068870598172,2,1,18,0.9
BCARU,-0.5090348140997792,2,1,28,1.0
BCAT,0.00937934366535154,59,0,0,0.6
BCAX,-0.03206103389685225,38,1,7,0.8
BCBP,-0.17303368079412693,14,1,16,0.85
BCC,0.10489225835677611,79,0,0,0.2
BCDA,0.01692458837924563,61,0,0,0.4
BCE,0.04402367042180792,67,0,0,0.4
BCG,-0.09286781439742521,25,1,2,0.75
BCH,-0.00513804561545048,54,0,0,0.5
BCHT,-0.18235121803941756,14,1,30,1.0
BCIC,0.06694913290336797,73,0,0,0.35
BCML,-0.088580002760641,25,1,20,1.0
BCO,-0.0007877257072362413,56,0,0,0.65
BCPC,0.07862193496638574,75,0,0,0.05
BCRX,0.022215606411210922,62,1,1,0.6
BCS,-0.02873155330444793,40,1,11,0.75
BCSF,-0.06761629473383417,29,1,8,0.8
BCSS,-0.011478842789663778,52,0,0,0.65
BCTX,0.11631377484267462,81,0,0,0.65
BCV,-0.03339183460550248,38,1,1,0.7
BCX,0.09259333129999957,77,0,0,0.15
BCYC,-0.001233378211709324,55,0,0,0.85
BDC,0.10360928574643942,79,1,1,0.2
BDCI,-0.020904768370658734,45,1,13,0.7
BDCIU,-0.019159227764537046,46,1,13,0.75
BDJ,0.01859504880062417,61,0,0,0.45
BDL,0.19296683623656113,88,0,0,0.3
BDMD,-0.03670428694321888,37,0,0,0.7
BDN,-0.018649854275158327,46,1,9,0.75
BDRX,-0.4638184631032868,2,1,53,1.0
BDSX,0.3181777960739329,93,0,0,0.1
BDTX,0.08370603207001816,76,0,0,0.45
BDX,0.24587197267098315,91,0,0,0.0
BE,-0.2407738166196548,9,1,3,0.65
BEAG,-0.0151348686554144,49,0,0,0.65
BEAGU,-0.012914992818740999,51,1,14,0.7
BEAM,-0.04178999074817259,35,0,0,0.9
BEAT,-0.28813416393590885,6,1,5,0.85
BEBE,-0.018962865521452765,46,1,13,0.7
BEEM,0.08513642868012315,76,0,0,0.6
BEEP,0.3746097741988195,95,0,0,0.25
BEKE,0.012250453305308624,59,0,0,0.4
BELFA,-0.13363758950940863,19,1,3,0.8
BELFB,-0.09374679849327192,24,1,3,0.6
BEN,0.02407102766045242,63,0,0,0.45
BENF,-0.3243967399758395,5,1,19,0.95
BEP,-0.0448027461361832,34,1,3,0.65
BEPC,-0.06599087941506847,29,1,3,0.75
BESS,-0.2176417464580613,10,1,1,0.65
BETA,0.4980641741461011,97,0,0,0.1
BETR,-0.5468796220278063,2,1,13,0.95
BFAM,0.03159421509973523,64,1,14,0.7
BFC,0.03144887097948222,64,1,2,0.2
BFH,0.01713418467524473,61,1,2,0.25
BFLY,0.4660267990849765,96,0,0,0.1
BFRG,-0.1904733842690865,13,1,29,1.0
BFRI,0.43929560311540533,96,0,0,0.05
BFS,-0.05450669390776672,32,1,18,0.9
BFST,0.04337309358391124,67,1,2,0.4
BG,-0.0377176235101626,36,0,0,0.65
BGB,-0.01790749807613774,47,0,0,0.7
BGC,-0.08513737411438328,26,1,15,0.75
BGDE,0.04793615536035073,68,0,0,0.7
BGH,-0.01507646260227179,50,1,1,0.65
BGI,-0.370281616026236,4,1,23,1.0
BGIN,-0.026656874782332345,41,0,0,0.55
BGL,-0.3343311011602082,5,1,73,1.0
BGLC,-0.20368321692083693,11,0,0,0.85
BGM,-0.18246924147175245,14,1,32,1.0
BGMS,0.03100245087935995,64,1,9,0.65
BGR,0.08507272571680397,76,0,0,0.2
BGS,-0.12147935221627516,20,1,16,0.95
BGSF,-0.020961427558533485,45,1,12,0.85
BGSI,-0.10161121417510714,23,1,12,0.6
BGT,0.00258994254477898,57,0,0,0.4
BGX,-0.015347475328476867,49,1,15,0.75
BGY,0.0008988279848393781,56,0,0,0.6
BH,0.14038910389533987,83,0,0,0.6
BHB,0.05638848233075082,70,0,0,0.2
BHC,0.40802885421922047,95,0,0,0.15
BHE,-0.17303181752700175,14,1,3,0.9
BHF,-0.18247907110384107,14,1,15,0.95
BHFAM,-0.11311020544516175,21,1,40,1.0
BHFAN,-0.09780663514361072,24,1,37,1.0
BHFAO,-0.10562551843402931,23,1,48,1.0
BHFAP,-0.1035299092590579,23,1,43,1.0
BHK,-0.003448667970471383,55,1,1,0.75
BHM,-0.027442038985666262,41,0,0,0.75
BHP,0.08155344760792921,75,0,0,0.15
BHR,-0.087188541654345,25,1,13,0.65
BHRB,0.034060354041836716,65,1,11,0.55
BHST,-0.2846111539595696,7,1,8,0.9
BHV,-0.004253324440028992,54,1,13,0.7
BHVN,0.03167597182162482,64,1,5,0.85
BIAF,-0.5448447675482829,2,1,93,1.0
BIDU,-0.21315176191360263,11,1,13,0.9
BIIB,0.0684749862307514,73,0,0,0.6
BIII,-0.015434865759251258,49,0,0,0.65
BILI,-0.07261724507446932,28,1,8,0.6
BILL,0.2007495377705293,88,0,0,0.0
BIO,0.254734922647427,91,0,0,0.0
BIOA,-0.5515352238254533,2,1,14,0.9
BIOX,0.19870478055631038,88,0,0,0.45
BIP,-0.016766121996643138,48,1,14,0.7
BIPC,-0.045157847880910575,34,1,13,0.65
BIRD,-0.3257487055101253,5,1,39,1.0
BIRK,-0.1772210871835645,14,1,23,1.0
BIT,-0.04267975447730059,35,1,15,0.95
BIVI,0.23342299198248823,90,0,0,0.7
BIXI,-0.013183403116012892,50,0,0,0.65
BIXIU,-0.01280863117580211,51,1,1,0.7
BIYA,-0.38017307006532924,4,1,16,0.85
BJ,-0.021043933600643085,45,1,9,0.55
BJDX,-0.4367393105257629,3,1,41,1.0
BJRI,0.0968035229465881,78,1,6,0.4
BKD,-0.1904057523973672,13,1,16,0.8
BKE,-0.0641797475818908,30,1,7,0.35
BKH,-0.02558249310845314,42,0,0,0.8
BKHA,-0.04549973811163929,34,1,15,0.75
BKHAU,-0.0662145951752048,29,1,15,0.9
BKKT,-0.15731030229315415,16,1,1,0.95
BKNG,0.20958464719266523,89,0,0,0.0
BKR,0.04110860839236451,66,0,0,0.0
BKSY,-0.03126481080515575,39,1,1,0.4
BKT,-0.004549679121115698,54,0,0,0.85
BKTI,-0.0441162199014281,34,1,2,0.9
BKU,-0.032018533027224655,38,1,2,0.9
BKV,-0.029809556935397986,39,0,0,0.55
BKYI,-0.3298558418601282,5,1,18,0.95
BL,0.09010672268401532,77,0,0,0.45
BLBD,-0.2081170932354253,11,1,19,0.95
BLCO,0.07339801375600623,74,0,0,0.4
BLDP,-0.37737006033009074,4,1,53,1.0
BLDR,-0.05853939990125433,31,1,7,0.9
BLFS,0.32313275992518475,93,0,0,0.0
BLIN,-0.15733843661831026,16,1,20,1.0
BLIV,-0.08636075260407813,26,1,5,0.6
BLK,0.058704546667092614,71,0,0,0.0
BLKB,0.551495742607565,97,0,0,0.0
BLLN,-0.16100457330063447,15,1,10,0.5
BLMN,0.2625632821109454,91,0,0,0.1
BLND,-0.1727415197233983,14,1,9,0.55
BLNE,-0.06238384610652739,30,1,5,0.85
BLNK,-0.10435033691868252,23,1,3,0.65
BLRK,-0.01587393081607262,49,1,13,0.65
BLRKU,-0.011833726512257024,51,1,12,0.65
BLRX,-0.08329789253040479,26,1,1,0.9
BLSH,0.07113340392989954,73,0,0,0.6
BLTE,0.04773500003583632,68,1,1,0.3
BLUW,-0.018549246013549882,46,1,13,0.7
BLUWU,-0.0246459525985783,42,1,13,0.7
BLW,0.008225162681571519,58,0,0,0.45
BLX,-0.10938381447023304,22,1,17,0.85
BLZE,0.6184224992820347,97,1,2,0.35
BLZR,-0.0177607167825101,47,0,0,0.65
BLZRU,-0.020168534690968663,45,0,0,0.65
BMA,-0.2200609505642888,10,1,15,0.85
BMBL,-0.04500816627923912,34,1,12,0.75
BME,0.10634473306427732,79,0,0,0.35
BMEA,0.05620047269880245,70,0,0,0.75
BMEZ,0.14001325884513993,83,0,0,0.15
BMGL,-0.2884896149629439,6,1,16,0.95
BMHL,0.0601636416732126,71,0,0,0.8
BMI,-0.015131118238189443,49,1,22,1.0
BMM,-0.18931756397197527,13,1,9,0.9
BMN,-0.028705342573064396,40,0,0,0.85
BMNR,0.21465027026075645,89,0,0,0.05
BMO,-0.015345846011560346,49,1,2,0.45
BMR,-0.11924195444939363,21,1,11,0.95
BMRA,-0.12709353833887901,20,1,58,1.0
BMRC,-0.02128674566409432,44,1,13,0.65
BMRN,0.18852224181958877,88,0,0,0.15
BMY,0.10428975126952454,79,0,0,0.15
BN,-0.06504509183122673,29,1,5,0.75
BNAI,0.051093747665415676,69,0,0,0.4
BNC,0.019732699750152242,62,0,0,0.85
BNED,0.06185048478553433,71,1,7,0.55
BNGO,0.0416460144399409,67,0,0,0.55
BNKK,-0.3064503237384602,6,1,81,1.0
BNL,-0.03373601776087966,38,1,15,0.75
BNR,-0.0408362012911483,35,1,1,0.85
BNS,-0.008042323793575588,53,1,2,0.45
BNT,-0.07052139240439695,29,1,10,0.75
BNTC,0.08726559897562335,76,0,0,0.55
BNTX,0.19535721221254945,88,0,0,0.65
BNY,0.021939519491873897,62,1,2,0.4
BOBS,0.27233247398274746,92,0,0,0.1
BOC,0.007268267155974263,58,1,12,0.7
BODI,-0.3682376100736108,4,1,11,0.8
BOE,0.017266833998473664,61,0,0,0.3
BOF,-0.0046527507632817405,54,1,5,0.9
BOH,-0.07180107088729006,28,1,19,0.95
BOKF,0.005591510530315848,58,1,2,0.5
BOLD,0.5835635604348851,97,0,0,0.0
BOLT,-0.2495865661055905,8,1,22,1.0
BON,-0.06702015219989829,29,0,0,0.9
BOOM,0.006536339762621614,58,1,1,0.25
BOOT,0.015967308744636827,60,1,1,0.5
BORR,-0.04807614870704824,33,0,0,0.7
BOSC,0.06213247413418492,72,0,0,0.35
BOTJ,0.06002696771480452,71,0,0,0.35
BOW,0.12729293244275247,82,0,0,0.15
BOX,0.17901509791600084,87,0,0,0.05
BOXL,0.6066017650152433,97,0,0,0.65
BP,0.050727634534435864,69,0,0,0.4
BPOP,-0.003887699034017155,55,1,2,0.5
BPRE,-0.10780673732408148,22,1,10,0.9
BPRN,0.116696046566081,81,0,0,0.0
BPYPM,-0.010680025382540724,52,0,0,0.6
BPYPN,-0.01065307342886812,52,0,0,0.6
BPYPO,-0.013886405864703664,50,0,0,0.65
BPYPP,0.02030019113641186,62,0,0,0.45
BQ,0.1538294483988215,84,0,0,0.6
BR,0.22949598080452055,90,0,0,0.0
BRAG,-0.12478626960114311,20,1,6,0.95
BRAI,-0.16357258655220933,15,1,17,0.9
BRBI,-0.23812410514128324,9,1,15,0.95
BRBR,-0.04458310116877874,34,1,12,0.65
BRBS,0.13528735846360723,83,0,0,0.05
BRC,-0.004548689945177643,54,1,10,0.5
BRCB,0.15717257915211943,85,0,0,0.5
BRCC,-0.9585429899946757,0,1,21,1.0
BRFH,-0.3927140032762909,4,1,4,0.95
BRIA,-0.05920123234621928,31,0,0,0.95
BRID,-0.118503100508371,21,1,63,1.0
BRKR,0.06670612625855134,72,0,0,0.5
BRKRP,0.062401315144017894,72,0,0,0.5
BRLS,0.6105594208463708,97,0,0,0.9
BRLT,0.13129245698755393,82,0,0,0.5
BRN,-0.09594189284009809,24,1,14,0.9
BRNS,-0.06208085318339346,30,0,0,0.85
BRNX,2.0030637838354655,99,0,0,0.7
BRO,0.15238973455013993,84,0,0,0.35
BROS,-0.24359997178198928,9,1,15,0.85
BRR,0.23950543335393087,90,0,0,0.7
BRSL,0.09167503972253166,77,0,0,0.4
BRSP,-0.12663471548154476,20,1,23,1.0
BRT,-0.030127403927164717,39,0,0,0.7
BRTX,-0.25419736522146374,8,1,33,1.0
BRUN,-0.29737600064245745,6,1,3,0.8
BRW,-0.039879037849611186,36,1,15,0.75
BRX,-0.08449637638818161,26,1,15,0.75
BRZE,0.3501554130057905,94,0,0,0.1
BSAA,-0.11006613386967885,22,1,16,0.9
BSAAU,-0.19057905817191803,13,1,36,1.0
BSAC,0.017772061419698868,61,0,0,0.4
BSBK,0.044584943925134346,67,0,0,0.45
BSBR,0.024945529714917414,63,1,3,0.25
BSEM,-0.1139179141635603,21,0,0,0.6
BSET,0.05559687584998066,70,1,9,0.8
BSIN,0.20587188468000817,89,0,0,0.55
BSL,-0.015891321434472562,49,1,15,0.75
BSM,0.038376951426361855,66,0,0,0.4
BSRR,-0.028784660436469732,40,1,16,0.85
BST,0.051534813384301326,69,0,0,0.35
BSTZ,0.03269132400478689,65,0,0,0.25
BSVN,0.08633192602884808,76,0,0,0.3
BSX,0.05902389086526806,71,0,0,0.0
BSY,0.15108209511627052,84,0,0,0.15
BTAI,-0.23931507913846006,9,1,4,0.75
BTBD,0.1065553295292536,80,0,0,0.05
BTBT,-0.11674928541229954,21,0,0,0.8
BTCS,0.10910187336525558,80,0,0,0.6
BTCT,0.5477231115321965,97,0,0,0.9
BTDR,-0.2618278121105895,8,0,0,0.95
BTE,0.08317376196353414,76,0,0,0.35
BTG,0.273066035682493,92,0,0,0.3
BTGO,0.0838463868995907,76,0,0,0.7
BTI,-0.09808862431957115,24,1,15,0.75
BTMD,-0.3838068614762325,4,1,17,0.85
BTO,0.0073127599726019454,58,1,2,0.6
BTOC,0.06740758168665022,73,0,0,0.5
BTOG,-0.43653826641339005,3,1,40,1.0
BTQ,-0.0389574374803556,36,1,4,0.5
BTSG,-0.1280240446681348,20,1,15,0.75
BTSGU,-0.11461138383101707,21,1,14,0.7
BTT,-0.02340256661042116,43,1,15,0.85
BTU,0.10955420167412709,80,0,0,0.45
BTX,0.025202283746406064,63,0,0,0.5
BTZ,0.004179008410598237,57,0,0,0.8
BUD,-0.07677207826275029,27,1,13,0.65
BUDA,-0.0013878580498667865,55,0,0,0.7
BUI,-0.034426435180649376,38,0,0,0.9
BULL,0.16275018632926772,85,0,0,0.45
BUR,-0.019917277483984384,45,1,1,0.5
BURL,-0.02442181286160561,42,1,7,0.35
BUSE,0.039171110438372625,66,1,2,0.35
BUSEP,-0.018897224595563755,46,1,13,0.65
BUUU,0.5500985347697006,97,0,0,0.05
BV,-0.18540299063783455,13,1,17,0.85
BVFL,0.03808961833716719,66,0,0,0.65
BVN,0.026253871382218175,63,0,0,0.2
BVS,0.34174935059644457,94,0,0,0.0
BW,-0.3991489205633534,3,1,4,0.95
BWA,-0.0444139064459968,34,1,2,0.5
BWAY,-0.057637383790164434,31,1,4,0.6
BWB,0.030955666999058513,64,0,0,0.55
BWBBP,-0.011587403597560384,51,0,0,0.65
BWEN,-0.06713508970034779,29,1,2,0.5
BWFG,0.14120068029764624,83,0,0,0.05
BWG,-0.01799147954111944,47,0,0,0.85
BWIN,0.3604203562980617,94,0,0,0.0
BWLP,0.13853115606434846,83,0,0,0.2
BWMN,0.48269306046959765,96,0,0,0.6
BWMX,-0.09968620724863236,24,1,21,1.0
BWXT,-0.19808157910943816,12,1,38,1.0
BX,0.14949646895002028,84,0,0,0.0
BXBL,-0.5098284746815706,2,1,23,1.0
BXC,0.48189922744343544,96,0,0,0.15
BXMT,-0.18425801545657844,13,1,25,1.0
BXP,0.02421894958508761,63,1,13,0.65
BXSL,0.042944202893335795,67,0,0,0.4
BY,0.04721080296296219,68,1,2,0.45
BYAH,-0.5097751998511303,2,1,40,1.0
BYD,-0.07079021909611902,28,1,16,0.8
BYFC,0.1561472215425559,85,0,0,0.0
BYRN,-0.18272837189480273,14,1,7,0.6
BYSI,-0.4899277328204635,2,1,32,1.0
BZ,0.04542734175551723,68,0,0,0.25
BZAI,-0.6193256104091218,1,1,5,0.8
BZFD,-0.20616479337078245,11,1,30,1.0
BZH,0.1460569972720126,84,0,0,0.2
BZUN,0.05380292656402465,70,1,7,0.45
C,-0.053818879165258376,32,1,2,0.7
CAAP,-0.10615386016778434,23,1,11,0.6
CAAS,-0.011218420388032582,52,0,0,0.35
CABA,0.07389048657564502,74,0,0,0.8
CABO,-0.3730753472595322,4,1,9,0.7
CABR,0.09410783742150895,77,1,9,0.45
CAC,0.06385787413507617,72,1,2,0.2
CACC,-0.02621448104929079,41,0,0,0.95
CACI,0.36102275441548487,94,0,0,0.05
CADL,0.3134820568832353,93,0,0,0.1
CAE,-0.02146725425324838,44,1,3,0.25
CAF,-0.07340693200175068,28,1,26,1.0
CAG,0.1543879340124508,85,0,0,0.2
CAH,0.03238079409361301,65,1,2,0.5
CAI,0.4853700119641257,96,0,0,0.5
CAKE,0.3705153027616149,95,0,0,0.0
CAL,0.007998101184557394,58,1,1,0.3
CALC,-0.2269981189734307,10,1,14,0.9
CALM,-0.01852584910740359,46,1,14,0.7
CALX,0.07332139020685689,74,0,0,0.55
CALY,-0.1279495126978062,20,1,11,0.65
CAMP,0.2141789892774524,89,0,0,0.35
CAMT,-0.1361882562769291,18,1,3,0.65
CAN,-0.1447956278048759,18,0,0,0.9
CANF,0.015172990634601102,60,1,1,0.5
CANG,-0.24027450759082913,9,1,4,0.85
CAPL,0.0841352456301488,76,0,0,0.55
CAPN,-0.010502671092850257,52,1,13,0.65
CAPNU,-0.019024985589839515,46,1,13,0.7
CAPR,-0.7260575648043993,1,1,39,1.0
CAPS,-0.3269505971786084,5,1,7,0.8
CAQUU,0.0015183858834557883,56,0,0,0.55
CAR,-0.16545709965761204,15,1,17,0.9
CARE,-0.01772674030151336,47,1,11,0.55
CARG,0.13084128847184834,82,0,0,0.2
CARL,0.47745321284245384,96,0,0,0.1
CARR,-0.12412745309659759,20,1,17,0.85
CARS,0.11367168736305365,80,0,0,0.25
CART,0.13118417296604262,82,0,0,0.45
CASH,-0.0415313508773148,35,1,13,0.85
CASS,0.11091481378260311,80,0,0,0.05
CASY,-0.04645773151238013,34,1,2,0.6
CAT,-0.13837919223267386,18,1,3,0.95
CATO,-0.08500862912979648,26,1,1,0.5
CATX,0.0026422759705097207,57,0,0,0.65
CATY,0.01691228605858235,61,1,2,0.45
CAVA,-0.00010150241331272417,56,0,0,0.65
CB,0.0014617011236107806,56,1,16,0.8
CBAN,0.02838662953130353,64,1,2,0.2
CBAT,0.3740437416119722,95,0,0,0.45
CBC,0.05602722950777417,70,1,6,0.35
CBFV,0.04948433492552132,69,0,0,0.6
CBIO,-0.08522138403351397,26,1,1,0.55
CBK,0.050208117074308126,69,1,2,0.15
CBL,0.10377475866679907,79,0,0,0.5
CBLL,0.3468056236694743,94,0,0,0.55
CBNA,0.12060508206425637,81,0,0,0.0
CBNK,0.06255113944736346,72,1,2,0.2
CBOE,0.006057064792945762,58,0,0,0.45
CBRE,0.11177089900324964,80,0,0,0.25
CBRL,0.2246014925197848,90,1,2,0.1
CBSH,0.023493419870975214,63,1,14,0.7
CBT,-0.050580133954486045,33,1,16,0.8
CBU,-0.05635778235196773,31,1,19,0.95
CBUS,0.06973648232713435,73,1,5,0.4
CBZ,0.5821328687790585,97,0,0,0.0
CC,-0.22886313256415156,9,1,44,1.0
CCAP,-0.04885262771033756,33,1,7,0.6
CCAQ,-0.013534355215082216,50,0,0,0.65
CCAQU,-0.022743340938212186,44,1,13,0.7
CCB,-0.3985706508679359,3,1,20,1.0
CCBG,0.031094120886327545,64,1,13,0.65
CCC,0.41687759244879596,95,0,0,0.0
CCCC,0.05280775816451634,69,0,0,0.65
CCD,-0.008505121145328596,53,1,2,0.6
CCEC,0.031092842271947325,64,0,0,0.6
CCEL,0.1370164419416513,83,0,0,0.5
CCEP,0.04041665318973989,66,1,14,0.7
CCHH,-0.4163369764387603,3,1,35,1.0
CCI,-0.10064531988233998,24,1,16,0.95
CCID,-0.024150508580993546,42,1,14,0.7
CCIF,-0.013907686222565885,50,0,0,0.55
CCII,-0.023086487834448353,43,1,13,0.65
CCIIU,-0.009985536447463937,52,1,13,0.65
CCJ,-0.04328433461712414,35,0,0,0.45
CCK,0.06353138103832227,72,1,6,0.3
CCL,-0.0858568702968429,26,1,9,0.5
CCLD,0.16800412268834045,86,0,0,0.3
CCM,0.10070263284509086,78,0,0,0.45
CCNE,0.013244790713354073,60,1,12,0.6
CCNEP,-0.009164930707788786,53,1,2,0.65
CCO,-0.03126358941683884,39,0,0,0.7
CCOI,-0.31920205301031346,5,1,13,0.75
CCS,0.1385561282728388,83,0,0,0.2
CCSI,0.08716456199367069,76,1,1,0.4
CCTG,-0.15395948006590385,16,1,5,0.85
CCU,0.020655506238706618,62,0,0,0.45
CCXI,0.1374549829688389,83,1,3,0.4
CCXIU,0.19956158088130932,88,1,2,0.3
CD,-0.20385606419800517,11,1,1,0.7
CDE,0.24346183409165528,91,0,0,0.4
CDIO,0.2953616448765776,92,0,0,0.6
CDLR,0.016201219178208003,61,0,0,0.6
CDLX,-0.08848969687733706,25,0,0,0.7
CDNA,0.5820687192459776,97,0,0,0.0
CDNL,-0.40041350431688366,3,1,22,1.0
CDNS,-0.1379799413276928,18,1,29,1.0
CDP,0.041938424659280896,67,0,0,0.65
CDRE,0.14892116806528966,84,0,0,0.1
CDRO,-0.07538333920207,28,1,15,0.9
CDT,0.4567475658083337,96,0,0,0.0
CDTG,0.2350914181657821,90,1,1,0.65
CDW,0.060478931772615874,71,1,11,0.6
CDXS,-0.317815450436628,5,1,30,1.0
CDZI,-0.05181837400041056,32,0,0,0.75
CDZIP,0.0003291046388504103,56,1,13,0.65
CE,-0.07838388907377493,27,0,0,0.9
CECO,-0.17836107777771773,14,1,2,0.75
CEE,-0.03974319322415544,36,1,6,0.7
CEG,-0.03464654376590889,37,0,0,0.4
CELC,-0.09019883113628721,25,1,1,0.9
CELH,0.11023505569298762,80,0,0,0.6
CELU,-0.054027810854665126,32,0,0,0.7
CELZ,0.04876566858585599,68,0,0,0.45
CENN,0.032269071073538935,65,0,0,0.8
CENT,0.01621538505489255,61,0,0,0.6
CENTA,-0.0018902284848988787,55,1,10,0.7
CENX,-0.1345393053369118,19,1,7,0.8
CEPF,-0.02395319293097341,42,1,15,0.75
CEPO,-0.018895924790230546,46,0,0,0.65
CEPS,-0.01791680458671697,47,1,13,0.65
CEPU,-0.1613059915658629,15,1,13,0.75
CEPV,-0.022384011191180164,44,1,14,0.7
CERS,-0.03251271160807687,38,0,0,0.6
CERT,0.4740607459914104,96,0,0,0.0
CET,0.006476265734681564,58,1,6,0.4
CETX,-0.3148824963042082,6,1,3,0.75
CETY,0.14729186456789378,84,0,0,0.45
CEV,0.023340437853783615,63,0,0,0.65
CEVA,-0.35043360667647844,4,1,9,0.95
CF,0.043088401621673336,67,0,0,0.6
CFBK,0.10139235680503848,78,1,2,0.1
CFFI,0.13892221989657028,83,0,0,0.0
CFFN,0.009397689329334439,59,1,10,0.5
CFG,0.006038753610464433,58,1,2,0.25
CFND,-0.3194616878043125,5,1,17,0.85
CFR,0.05269296813132604,69,1,2,0.35
CG,0.05396108266247229,70,0,0,0.1
CGAU,0.3887635953745794,95,0,0,0.0
CGBD,0.055185608346191836,70,0,0,0.45
CGC,0.0861688504800869,76,0,0,0.5
CGEM,0.2965289012822107,92,0,0,0.3
CGEN,0.10335936149628429,79,0,0,0.45
CGNT,-0.014414896261451295,50,1,5,0.4
CGNX,-0.09111044119986692,25,1,3,0.7
CGO,-0.027462373704126908,41,0,0,0.8
CGON,0.14367307256306555,83,0,0,0.15
CGTL,-0.08357628859117232,26,0,0,0.75
CGTX,-0.207381043631776,11,1,6,0.75
CHA,-0.08251974877452188,26,1,15,0.85
CHAI,-0.619570064276183,1,1,46,1.0
CHAR,-0.015662202100524335,49,1,13,0.65
CHARU,-0.009671429920540108,52,0,0,0.65
CHCI,0.1994036263294681,88,0,0,0.7
CHCO,0.06774313389130457,73,0,0,0.05
CHCT,-0.18591922900337204,13,1,14,0.7
CHD,-0.004822881715765594,54,1,7,0.35
CHDN,0.08406032247731389,76,0,0,0.4
CHE,0.11940100053855794,81,0,0,0.2
CHEC,-0.015910414800160977,49,1,13,0.7
CHECU,-0.02347432861750318,43,1,13,0.7
CHEF,0.1851742776739492,87,0,0,0.05
CHGA,-0.4455446032423888,3,1,25,1.0
CHGG,-0.260685284580589,8,1,10,0.5
CHH,-0.02379607379240902,43,0,0,0.65
CHI,-0.012572393541314763,51,1,2,0.7
CHKP,0.013718370101793931,60,0,0,0.7
CHMG,0.1195830367089341,81,0,0,0.15
CHMI,0.2564161799768284,91,0,0,0.4
CHNR,0.008272266046837905,58,0,0,0.4
CHOW,-0.01724898701226548,48,1,3,0.8
CHPG,-0.018200967359008623,47,1,13,0.65
CHPGU,-0.020098361738264778,45,1,13,0.7
CHPT,-0.12230537284925133,20,1,4,0.65
CHR,-0.08714255638819442,26,1,7,0.65
CHRD,0.09073280634931363,77,0,0,0.2
CHRN,0.07036379188784965,73,0,0,0.65
CHRS,-0.12886570047153345,19,1,14,0.9
CHRW,-0.2865149983720196,7,1,20,1.0
CHSCL,-0.02452000372643006,42,1,15,0.75
CHSCM,-0.030128173558022255,39,1,13,0.7
CHSCN,-0.016804764910686984,48,0,0,0.6
CHSCO,-0.02209314818352376,44,0,0,0.75
CHSCP,-0.03399111335387413,38,0,0,0.75
CHSN,-0.06255119961845018,30,1,93,1.0
CHT,-0.015808048569739174,49,0,0,0.6
CHTR,0.10540197006432782,79,0,0,0.1
CHW,-0.05115800565418714,33,1,3,0.95
CHWY,0.16763939094802913,86,0,0,0.3
CHY,-0.014833739408610245,50,1,2,0.7
CHYM,0.6364545187550597,98,0,0,0.0
CI,-0.05528957097434696,31,1,16,0.8
CIA,-0.2990313675613258,6,1,34,1.0
CIB,0.23503086509136245,90,0,0,0.05
CIEN,-0.13240592271934915,19,1,3,0.8
CIFR,-0.31182289571274857,6,1,13,0.8
CIG,-0.15387065637010816,16,1,14,0.7
CIGI,0.10114217999783365,78,0,0,0.4
CII,-0.03828029117208269,36,1,26,1.0
CIIT,1.7889633335135418,99,0,0,0.0
CIK,-0.029733581399118313,39,0,0,0.75
CIM,-0.11011242845791744,22,1,16,0.95
CINF,-0.05972366764065905,30,1,16,0.8
CING,0.09758940193127608,78,0,0,0.35
CINT,0.04652329535909337,68,0,0,0.25
CION,0.15061372003435883,84,0,0,0.45
CIRC,-0.10999162312799232,22,1,10,0.9
CISO,-0.20048408579730317,12,1,34,1.0
CISS,0.4342582859738699,96,0,0,0.9
CIVB,-0.0017876769653234238,55,1,13,0.65
CIX,0.2083995753053997,89,0,0,0.0
CJMB,1.3649938743022516,98,0,0,0.15
CKX,-0.09230428076993928,25,1,19,0.95
CL,-0.02939863235071345,40,1,15,0.75
CLAR,0.12376580617633616,82,0,0,0.25
CLB,-0.017090623043366438,48,0,0,0.5
CLBK,0.15825885389389824,85,0,0,0.25
CLBT,-0.18299572929446192,13,1,7,0.6
CLDI,-0.3726003889476145,4,1,36,1.0
CLDT,0.0259607573716685,63,0,0,0.6
CLDX,0.16770086332693945,86,1,1,0.15
CLF,0.02318365128322113,62,1,2,0.1
CLFD,-0.23735898287314325,9,1,11,0.9
CLGN,-0.10391333596413276,23,1,4,0.85
CLH,0.05656325274024303,70,0,0,0.35
CLIK,-0.10905982237912894,22,1,16,0.8
CLIR,0.25000246366849516,91,0,0,0.25
CLLS,0.16170357316413675,85,0,0,0.55
CLM,-0.08790772648334734,25,1,14,0.85
CLMB,0.20671200878768226,89,0,0,0.05
CLMT,0.26148645748334204,91,0,0,0.2
CLNE,-0.21243279805524923,11,1,23,1.0
CLNN,-0.2951599747034527,6,1,26,1.0
CLOV,-0.11710724601101653,21,1,4,0.85
CLPR,0.10639913917933984,79,0,0,0.6
CLPS,0.1599680385778153,85,0,0,0.75
CLPT,0.019897482716550532,62,0,0,0.65
CLRB,-0.03375822590222913,38,0,0,0.7
CLRO,0.2740043802265148,92,1,8,0.85
CLS,-0.15897177298630938,16,1,5,0.75
CLSK,-0.23244297554327575,9,1,13,0.85
CLST,0.021793227108964187,62,0,0,0.4
CLVT,-0.09244403638036754,25,0,0,0.85
CLW,0.36434475000335037,94,0,0,0.05
CLWT,-0.00974246134895582,52,1,2,0.55
CLX,0.11920365923707697,81,0,0,0.1
CLYM,0.4245120813082702,96,0,0,0.35
CM,-0.022342199986696308,44,1,2,0.45
CMBT,0.12909634844025794,82,0,0,0.15
CMC,-0.09192647095457872,25,1,3,0.25
CMCL,0.22469014262759585,90,0,0,0.15
CMCM,-0.16696398398761977,15,1,2,0.75
CMCO,0.13273770817276762,82,1,3,0.15
CMCSA,0.11307745111382463,80,0,0,0.1
CMCT,0.6906991129115072,98,0,0,0.2
CMDB,0.07585714443785498,74,0,0,0.5
CME,0.03870545067568676,66,0,0,0.25
CMG,0.08498858585975184,76,0,0,0.6
CMI,-0.15169759460316787,17,1,19,0.95
CMIIU,0.017802846083916666,61,1,12,0.6
CMMB,0.35593973423975145,94,0,0,0.35
CMND,-0.18068666676618989,14,1,1,0.75
CMP,-0.19255552642870466,13,1,15,0.8
CMPR,-0.08134768650576037,27,1,12,0.7
CMPS,0.13796463245384905,83,0,0,0.4
CMPX,0.14151839631564894,83,0,0,0.5
CMRC,-0.24401384938817194,9,1,10,0.65
CMRE,-0.047775621056162426,33,0,0,0.6
CMS,-0.06888681668824768,29,1,16,0.8
CMT,0.06365815324365195,72,0,0,0.35
CMTG,-0.27589481698798485,7,1,40,1.0
CMTL,-0.20633019387252333,11,1,47,1.0
CMTV,0.012344818397039405,59,0,0,0.5
CNA,0.010206601514146565,59,1,13,0.65
CNC,-0.014794069751001579,50,1,4,0.8
CNCK,-0.15182329296711797,17,1,17,0.85
CNDT,0.023629355852085105,63,1,8,0.5
CNET,0.5494674465019119,97,0,0,0.15
CNEY,-0.1528286002365056,17,0,0,0.8
CNF,-0.182634766448392,14,1,23,1.0
CNH,0.035390376550245156,65,0,0,0.65
CNI,0.03913945959625262,66,0,0,0.6
CNK,0.15771569543527963,85,0,0,0.0
CNL,0.08546739599488648,76,0,0,0.35
CNM,-0.03902364273184314,36,1,8,0.85
CNMD,0.33922403803992945,94,0,0,0.0
CNNE,0.04148337104477649,67,0,0,0.55
CNO,0.011844208158351879,59,1,8,0.45
CNOB,-0.01746352292622667,48,1,13,0.65
CNOBP,-0.00561154853477672,54,0,0,0.6
CNP,-0.08699363308004314,26,1,16,0.8
CNQ,0.11489243883289597,80,0,0,0.2
CNR,0.09307819168217044,77,0,0,0.45
CNS,0.03326711432123655,65,1,4,0.3
CNSP,0.166819778360894,86,0,0,0.3
CNSY,-0.3116778435251881,6,1,58,1.0
CNTB,0.035511727938187646,65,1,1,0.65
CNTN,-0.15254103498696803,17,0,0,0.9
CNTX,-0.316739308884795,5,1,10,0.95
CNTY,-0.02311827686955864,43,0,0,0.75
CNVS,-0.028453391656840864,40,1,1,0.45
CNX,0.03170545901049035,64,0,0,0.25
CNXC,0.03218355632388048,64,0,0,0.35
CNXN,0.038868097076745975,66,1,9,0.45
COCH,0.08505290469370297,76,0,0,0.6
COCO,-0.19123469127341663,13,1,1,0.95
COCP,0.15971921557399618,85,0,0,0.4
CODA,-0.041123849793851405,35,1,3,0.45
CODI,0.06602965109060419,72,0,0,0.25
CODX,-0.5647870506929321,1,1,49,1.0
COE,-0.12004736775188458,21,1,3,0.25
COF,0.05218780462839827,69,1,1,0.05
COFS,-0.002565044359354573,55,1,14,0.75
COGT,-0.045735873413650936,34,1,7,0.45
COHN,-0.10688992495473625,23,1,13,0.7
COHR,-0.19298442791291343,12,1,3,0.5
COHU,-0.05970740880720153,30,1,1,0.65
COIN,-0.011174285185104195,52,0,0,0.7
COKE,0.013954648334202149,60,0,0,0.55
COLA,-0.023976848312239406,42,1,14,0.7
COLAU,-0.025389917597993382,42,1,14,0.75
COLB,-0.040996932984090725,35,1,2,0.85
COLD,0.008196685411261975,58,0,0,0.9
COLL,-0.2295270097112444,9,1,14,0.7
COLM,-0.07782583307518852,27,0,0,0.75
COMP,0.16985478897820044,86,1,1,0.2
CON,0.16223031288046852,85,0,0,0.2
COO,0.11227370740132668,80,0,0,0.05
COOK,-0.21160109350021633,11,1,10,0.9
COOT,-0.14450615828061908,18,0,0,0.85
COP,0.14106174518115333,83,0,0,0.2
COPL,-0.016592125419528925,48,0,0,0.65
COR,0.08756292872053555,76,0,0,0.3
CORT,0.5077080345732868,97,0,0,0.0
CORZ,-0.2861132732864883,7,1,20,1.0
COSM,-0.07273706480855535,28,1,9,0.9
COSO,0.014178575902268915,60,1,2,0.45
COST,-0.05069287873464877,33,1,2,0.65
COTY,0.18425975441054254,87,0,0,0.05
COUR,0.0773271370515309,75,0,0,0.65
COYA,0.019307597917467754,62,0,0,0.7
CP,0.04837056409487814,68,0,0,0.45
CPA,-0.11857308103074987,21,1,11,0.85
CPAC,-0.02510192606467959,42,1,14,0.7
CPAY,0.14115256131026085,83,0,0,0.0
CPB,0.11658107381670317,81,0,0,0.45
CPBI,0.07221998122838934,73,0,0,0.1
CPF,-0.012368292936443356,51,1,13,0.65
CPHC,-0.040662225145244674,35,0,0,0.9
CPHI,0.02035818315310341,62,1,19,0.95
CPIX,0.5261271944941598,97,0,0,0.15
CPK,0.04986936488457856,69,0,0,0.55
CPNG,-0.013640639213422455,50,1,1,0.95
CPOP,-0.45866012810146956,3,1,48,1.0
CPRI,-0.23108543949158641,9,1,32,1.0
CPRT,0.16513598780252464,86,0,0,0.5
CPS,-0.0677123896614211,29,1,9,0.5
CPSH,-0.26264793370203215,8,1,47,1.0
CPSS,-0.04575938703960358,34,1,13,0.75
CPT,-0.03731651347468997,37,1,16,0.8
CPZ,0.023235149556561103,62,0,0,0.2
CQP,0.0791807744765382,75,0,0,0.15
CR,-0.013466540247608346,50,1,16,0.8
CRAC,-0.01593074616245338,49,0,0,0.65
CRACU,-0.022224339700437332,44,1,13,0.7
CRAI,0.10309406216840904,79,0,0,0.4
CRAN,-0.021888309069673782,44,1,13,0.7
CRANU,-0.01783473223752994,47,1,13,0.7
CRAQ,-0.019501233545688734,45,1,13,0.65
CRAQU,-0.01681492785093954,48,1,14,0.75
CRBG,0.04784453791063127,68,1,2,0.2
CRBP,0.09655992722508601,78,0,0,0.15
CRBU,-0.07794848403063143,27,1,1,0.9
CRC,-0.0609688215475338,30,0,0,0.8
CRCL,0.07228655310693523,73,0,0,0.55
CRCT,0.22474294309552253,90,0,0,0.05
CRDF,-0.1870055794348231,13,1,7,0.9
CRDL,0.5360274797103247,97,0,0,0.0
CRDO,-0.03475281756941476,37,1,2,0.5
CRE,-0.19331677899079616,12,1,6,0.9
CRESY,-0.06906113396263754,29,0,0,0.7
CREX,-0.22692989163508223,10,1,5,0.95
CRF,-0.08425489598114447,26,1,7,0.65
CRGO,-0.05128382739732083,33,0,0,0.6
CRGY,0.21196773636329183,89,0,0,0.15
CRH,-0.12046633279315427,21,1,17,0.9
CRI,-0.09239423377585786,25,1,10,0.8
CRIS,-0.7724730051908762,0,1,36,1.0
CRK,-0.02992361528759726,39,0,0,0.65
CRL,0.4976908960918614,97,0,0,0.0
CRM,0.24561126377581904,91,0,0,0.05
CRMD,-0.018031163015387184,47,0,0,0.8
CRML,-0.3045918014871799,6,1,9,0.95
CRMT,-0.30747636710724197,6,1,22,1.0
CRNC,-0.21006612793043858,11,1,33,1.0
CRNT,-0.14558629790497254,17,1,46,1.0
CRNX,0.6739984824753044,98,0,0,0.0
CRON,0.1610722315542673,85,0,0,0.15
CROX,-0.034420829955753296,38,1,8,0.55
CRS,-0.12625207580712894,20,1,18,0.9
CRSP,0.15153917113437956,84,0,0,0.35
CRSR,0.16220329258244323,85,1,2,0.1
CRT,0.09223945265696126,77,0,0,0.3
CRTO,-0.11368317169459759,21,1,11,0.65
CRUS,-0.2519113024183959,8,1,53,1.0
CRVL,0.155404329568269,85,0,0,0.55
CRVO,-0.21937851569013025,10,1,6,0.9
CRVS,0.06574809329568844,72,1,1,0.65
CRWD,0.05369049757827349,70,1,2,0.35
CRWS,0.012393101878070096,59,0,0,0.65
CRWV,-0.06149919457501127,30,1,2,0.4
CSAN,-0.200581340675912,12,1,13,0.65
CSBR,-0.18139939620079376,14,1,18,0.9
CSCO,-0.07153627175906983,28,1,6,0.4
CSGP,0.07964986290649112,75,0,0,0.3
CSIQ,-0.09287110050710251,25,1,1,0.55
CSL,0.03988604709267839,66,1,6,0.4
CSPI,-0.13981542816920856,18,1,7,0.95
CSQ,0.0021756620778255777,56,0,0,0.65
CSR,-0.07879526057206598,27,1,16,0.9
CSTE,0.7472494952692792,98,0,0,0.45
CSTL,0.458751856937456,96,0,0,0.0
CSTM,-0.15458131121234608,16,1,3,0.9
CSV,-0.12896494673959502,19,1,11,0.6
CSW,0.15789202922098294,85,1,1,0.1
CSWC,0.04344501492477279,67,0,0,0.15
CSX,0.04017571489151733,66,0,0,0.65
CTAAU,-0.019710406175324713,45,1,13,0.65
CTAS,0.0822918025051764,75,0,0,0.5
CTBI,0.05315773563121717,70,1,2,0.3
CTEV,0.3384033866409926,94,0,0,0.55
CTGO,0.1807596338374769,87,0,0,0.25
CTKB,0.11794222496256608,81,0,0,0.45
CTM,-0.11933870753073424,21,1,10,0.55
CTMX,-0.028244489785726724,40,1,1,0.85
CTNM,0.2060775355727928,89,0,0,0.4
CTNT,-0.08202727638891523,26,1,89,1.0
CTO,0.009709933883641417,59,0,0,0.6
CTOR,0.16533897306929585,86,0,0,0.45
CTOS,-0.07405767617137095,28,1,6,0.6
CTRE,-0.03991577931211654,36,1,14,0.7
CTRI,-0.2649655972517275,7,1,13,0.9
CTRM,0.09286268989362052,77,0,0,0.4
CTRN,0.2400408931481673,90,0,0,0.0
CTS,-0.0947961125848781,24,1,9,0.55
CTSH,0.36413467633550467,94,0,0,0.0
CTSO,-0.25822867528536414,8,1,4,0.9
CTVA,-0.06183468862867675,30,1,14,0.7
CTW,0.05164555047948641,69,0,0,0.45
CTXR,0.032905244424112814,65,1,4,0.35
CUB,-0.02202826614676373,44,0,0,0.65
CUBE,-0.003198931802289518,55,1,15,0.75
CUBI,0.02469116019358045,63,1,3,0.2
CUBWU,-0.015455370529480903,49,1,13,0.65
CUE,-0.15415889047979434,16,1,4,0.7
CULP,-0.05032624347069413,33,1,15,0.75
CUPR,-0.19899268006721232,12,1,28,1.0
CURB,-0.04993165263120866,33,1,15,0.75
CURI,0.11772574765798054,81,0,0,0.45
CURR,0.18691400558914856,87,0,0,0.35
CURV,0.07059420172390395,73,1,7,0.35
CUVL,0.08693595271650457,76,0,0,0.9
CUZ,-0.008696236855700975,53,1,14,0.7
CV,-0.15471248938967438,16,1,8,0.55
CVBF,0.030267294688713562,64,1,2,0.55
CVCO,0.013526251845535072,60,1,1,0.4
CVE,0.12995154559033306,82,0,0,0.2
CVEO,-0.007867891152912133,53,0,0,0.6
CVGI,-0.3688770147220795,4,1,22,1.0
CVI,0.0927182121156928,77,0,0,0.3
CVKD,-0.45716219290343835,3,1,70,1.0
CVLG,-0.23923386419212053,9,1,19,0.95
CVLT,0.010718319548767969,59,1,2,0.55
CVM,0.18701586338052384,87,0,0,0.25
CVNA,0.08827973330244254,77,0,0,0.35
CVR,-0.06423924028628208,30,1,9,0.65
CVRX,-0.4757748842756961,2,1,10,0.7
CVS,-0.10676722147741519,23,1,15,0.75
CVSA,0.07266197683410092,74,1,1,0.35
CVU,0.11843842074300316,81,0,0,0.25
CVV,-0.03637865311119092,37,1,3,0.5
CVX,0.08667632810226733,76,0,0,0.2
CW,-0.15465288554011916,16,1,18,0.9
CWBC,-0.004065551650383591,54,0,0,0.9
CWCO,-0.008668644498843258,53,1,4,0.5
CWD,-0.34046818670079537,5,1,5,0.9
CWEN,-0.09342959947988236,24,1,1,0.75
CWH,-0.038103580018492206,36,0,0,0.85
CWK,0.11308518357988324,80,0,0,0.35
CWST,0.03364236581033733,65,0,0,0.9
CWT,0.036156941519262145,65,0,0,0.7
CX,-0.1866174066346778,13,1,21,1.0
CXDO,-0.20211731828084606,11,1,27,1.0
CXM,0.2992690614538093,93,0,0,0.0
CXT,0.034185245610366316,65,1,10,0.55
CXW,0.14925333201252047,84,0,0,0.4
CYCN,0.17984887801932464,87,0,0,0.55
CYCU,0.5432102580782584,97,0,0,0.35
CYD,-0.2147214189153368,11,1,10,0.6
CYH,-0.053909181795354116,32,0,0,0.95
CYN,-0.15130988171066714,17,1,6,0.85
CYPH,0.5334232801051739,97,0,0,0.7
CYRX,0.061970217876072195,72,0,0,0.9
CYTK,-0.06584721981114876,29,1,19,0.95
CZFS,0.13700987568318684,83,0,0,0.0
CZNC,0.14600097918742577,84,0,0,0.0
CZR,-0.010409039470828971,52,1,15,0.75
CZWI,-0.08082137309078782,27,1,19,0.95
D,-0.05053794397942156,33,1,16,0.8
DAAQ,-0.020646637197563742,45,0,0,0.55
DAAQU,-0.03175640641182389,38,0,0,0.8
DAC,0.11838754142337433,81,0,0,0.2
DAIC,-0.7734023434169205,0,1,82,1.0
DAIO,-0.1315362509821854,19,1,5,0.95
DAKT,-0.05483776633996392,32,1,7,0.5
DAL,-0.03552225914080326,37,1,5,0.4
DAN,0.019892279411985483,62,0,0,0.5
DAO,0.23597838744306748,90,0,0,0.05
DAR,0.11228379253698005,80,0,0,0.4
DARE,-0.516311413629849,2,1,37,1.0
DASH,0.2661088970831766,92,0,0,0.05
DAVA,0.04146996925079592,67,0,0,0.35
DAVE,-0.0423044354219092,35,1,10,0.65
DB,0.05297569477487529,70,0,0,0.05
DBCAU,0.005122191084377257,57,0,0,0.6
DBD,-0.19935797207892278,12,1,16,0.8
DBGI,15.293376210045638,99,1,3,0.15
DBI,-0.06289930123852837,30,1,1,0.4
DBL,-0.015449113283110792,49,0,0,0.7
DBRG,-0.01553496373115195,49,0,0,0.65
DBVT,-0.09414477971412938,24,1,1,0.85
DBX,0.19381109579505215,88,0,0,0.05
DC,0.2529400221153026,91,0,0,0.05
DCBO,0.2613936772119219,91,0,0,0.05
DCGO,-0.2908812522211073,6,1,3,0.4
DCH,0.061279687352698106,71,0,0,0.05
DCI,0.03423535960942298,65,1,6,0.3
DCO,0.12577451302420842,82,1,1,0.1
DCOM,0.018012428558089755,61,1,11,0.55
DCOY,-0.40457562923360646,3,1,31,1.0
DCTH,0.3794896013087006,95,0,0,0.35
DCX,-0.10749606491733248,22,1,13,0.85
DD,-0.04533732901099432,34,1,4,0.45
DDC,-0.1894581292090209,13,0,0,0.75
DDD,0.08915010733856336,77,1,1,0.35
DDI,0.08645047025522982,76,0,0,0.1
DDL,-0.001755873522975484,55,0,0,0.5
DDOG,-0.01639650216675924,49,1,11,0.6
DDS,0.020545192543948865,62,0,0,0.2
DE,0.021578016537063222,62,0,0,0.75
DEA,0.01614178856302387,61,0,0,0.7
DEC,0.04609318222869287,68,0,0,0.35
DECK,-0.1567821069525393,16,1,16,0.9
DEFT,0.03240867781481052,65,0,0,0.5
DEI,-0.014227892736563597,50,0,0,0.8
DELL,0.13883093035962435,83,1,2,0.3
DEO,0.10691632734708202,80,0,0,0.05
DERM,0.0933518755205099,77,0,0,0.8
DFDV,0.14513535531856012,84,0,0,0.7
DFH,-0.025604795453172045,42,1,4,0.75
DFIN,0.09573619023721192,78,0,0,0.45
DFLI,-0.34240602296437816,5,1,36,1.0
DFP,-0.010008684179374304,52,1,14,0.7
DFSC,-0.28663214294977485,7,1,1,0.75
DFTX,0.30251150557908685,93,0,0,0.35
DG,0.03263242058167434,65,1,10,0.55
DGICA,0.03446661391392186,65,1,10,0.55
DGICB,0.06726786024101371,73,1,2,0.4
DGII,0.08974071125965755,77,1,2,0.2
DGNX,0.018857684089845828,61,1,5,0.35
DGX,0.17676897392969934,87,0,0,0.0
DGXX,-0.285835516990399,7,1,6,0.95
DH,-0.06784668337082005,29,0,0,0.9
DHC,-0.14091084212059674,18,1,17,0.85
DHF,-0.03026735285213289,39,1,16,0.95
DHI,-0.01261767778708259,51,1,1,0.85
DHR,0.19597014192192747,88,0,0,0.35
DHT,0.1180683549954996,81,0,0,0.25
DHX,0.0008991207641959494,56,0,0,0.45
DHY,-0.031363900078697306,39,0,0,0.8
DIBS,0.008318347438536478,58,1,1,0.55
DIN,0.011553028038100665,59,1,6,0.65
DINO,0.17706332348886875,87,0,0,0.3
DIOD,-0.1377089494307479,18,1,2,0.55
DIS,0.06039979540396778,71,0,0,0.25
DIT,-0.07798238914720435,27,1,7,0.85
DJCO,0.1255903904317794,82,0,0,0.4
DJT,-0.037219346668676184,37,1,9,0.5
DK,0.1999921437996129,88,0,0,0.2
DKI,-0.21819045685737173,10,1,24,1.0
DKL,0.006745831738405986,58,1,6,0.4
DKNG,0.017299464003449772,61,0,0,0.6
DKS,-0.20693434570743416,11,1,8,0.95
DLB,0.24138332545336305,90,0,0,0.05
DLHC,-0.17283187127294872,14,1,16,0.95
DLNG,0.01654885644774298,61,0,0,0.1
DLO,0.07599819359688208,74,1,11,0.55
DLPN,-0.033310468110895455,38,0,0,0.6
DLR,0.024026600425814826,63,0,0,0.15
DLTH,-0.07487504156487894,28,1,16,0.9
DLTR,0.11504880813991557,81,0,0,0.3
DLX,-0.029632932903685225,40,1,12,0.6
DLXY,-0.04341868080889173,35,0,0,0.8
DLY,-0.01483734346164577,50,1,13,0.7
DMA,0.016715694403158083,61,0,0,0.7
DMAA,-0.017200880045942668,48,0,0,0.65
DMAAU,-0.023834990871382456,43,1,13,0.65
DMAC,0.005131003210238707,57,1,1,0.95
DMB,-0.04967297815066797,33,1,22,1.0
DMC,0.07705550835438463,75,0,0,0.2
DMII,-0.017634890903818687,47,0,0,0.65
DMIIU,-0.017670799464203735,47,1,13,0.7
DMLP,0.09375800118456275,77,0,0,0.25
DMO,-0.030890451480401582,39,0,0,0.85
DMRA,0.11606238590969568,81,0,0,0.25
DMRC,-0.147587887483853,17,1,4,0.55
DNA,-0.16806246783322332,15,1,11,0.85
DNLI,0.08014534136612082,75,0,0,0.5
DNMX,-0.01889533174352871,46,0,0,0.65
DNMXU,-0.02413582912423612,42,1,13,0.7
DNN,-0.02285647255306773,43,0,0,0.4
DNOW,0.10533171137463603,79,0,0,0.1
DNP,-0.003620506950613469,55,0,0,0.75
DNTH,0.14805535860816582,84,0,0,0.0
DNUT,0.05124992486307285,69,0,0,0.85
DOC,-0.003604696786374182,55,0,0,0.7
DOCN,-0.2738717858075074,7,1,3,0.85
DOCS,0.2581719753236307,91,0,0,0.4
DOCU,0.3143833725352841,93,0,0,0.0
DOGZ,-0.017532185270689813,48,0,0,0.65
DOLE,-0.06893366421248351,29,1,14,0.7
DOMH,-0.1612071554992939,15,1,5,0.8
DOMO,0.2769750846423744,92,0,0,0.1
DOO,0.12094848420116809,81,0,0,0.05
DORM,0.0036465148674858644,57,1,11,0.75
DOUG,0.08135165584970291,75,0,0,0.6
DOV,-0.10659823976729262,23,1,36,1.0
DOW,0.006429298521039881,58,0,0,0.55
DOX,0.12479074928366184,82,0,0,0.05
DOYU,-0.07274998876526101,28,1,1,0.7
DPG,-0.010050019575384907,52,0,0,0.65
DPRO,-0.1384584122863722,18,1,3,0.8
DPZ,0.051805239823469754,69,1,6,0.35
DQ,0.09488473454278615,78,0,0,0.3
DRCT,-0.14626817924414445,17,1,5,0.8
DRD,0.26293857795706116,91,0,0,0.4
DRDB,-0.017626735887015556,47,1,14,0.7
DRDBU,-0.020089947276374698,45,1,14,0.75
DRH,0.02533341363500596,63,0,0,0.45
DRI,0.07177689133019156,73,0,0,0.1
DRIO,-0.026380720647430845,41,1,4,0.4
DRMA,0.08121314925012428,75,0,0,0.55
DRS,-0.11804517807087261,21,1,16,0.8
DRTS,0.21449063692428258,89,0,0,0.3
DRUG,0.08373687595954801,76,0,0,0.25
DRVN,-0.07034398768436503,29,1,15,0.85
DSAC,-0.014303258826847109,50,0,0,0.65
DSACU,-0.012604633904644079,51,1,13,0.65
DSGN,0.2577404988232705,91,0,0,0.35
DSGR,0.10616944665942842,79,0,0,0.0
DSGX,0.11364578177046551,80,0,0,0.25
DSL,-0.02949429964472714,40,1,15,0.85
DSM,-0.050304238003093374,33,1,23,1.0
DSP,0.06194640233090887,72,1,1,0.45
DSS,-0.07826935431411473,27,0,0,0.8
DSU,-0.025896853534712837,41,0,0,0.9
DSWL,-0.1067297895788085,23,1,19,0.95
DSX,0.14612418164633661,84,0,0,0.05
DSY,0.4158233008403961,95,0,0,0.4
DT,0.1821027692087684,87,0,0,0.1
DTCX,-0.023059221207098524,43,0,0,0.8
DTE,-0.0814630314806096,27,1,19,0.95
DTF,-0.013517795410940869,50,0,0,0.75
DTI,0.09955518776932042,78,0,0,0.25
DTIL,0.18528185606432385,87,0,0,0.85
DTM,-0.11944427630643357,21,1,18,0.9
DTSQ,-0.027395340033344373,41,1,14,0.75
DTSQU,-7.614304139529071e-05,56,1,13,0.65
DTSS,-0.08624172336971352,26,1,11,0.75
DTST,-0.15216353275994804,17,1,5,0.8
DUK,-0.039593372805779486,36,1,16,0.8
DUO,-0.0810735568860553,27,0,0,0.75
DUOL,0.17471583782545527,86,0,0,0.3
DUOT,0.08039673331877747,75,0,0,0.6
DV,0.232565485268098,90,0,0,0.2
DVA,-0.21749797428788686,10,1,14,0.7
DVLT,-0.22357405710417397,10,1,2,0.95
DVN,0.07391912611534053,74,0,0,0.45
DWSN,-0.3747923022532701,4,1,29,1.0
DWTX,0.5112112061764539,97,0,0,0.0
DX,0.022519856852664822,62,0,0,0.75
DXC,0.16759882790088373,86,0,0,0.2
DXCM,0.25217503275408387,91,0,0,0.05
DXF,-0.20483268063964577,11,0,0,0.8
DXLG,-0.06732519259731798,29,0,0,0.75
DXPE,0.10836718225641927,80,0,0,0.3
DXR,-0.03617128333163516,37,1,13,0.75
DXST,0.08422779463367923,76,0,0,0.45
DXYZ,0.19071740724818953,88,0,0,0.5
DY,-0.11238458249500666,22,1,3,0.95
DYAI,-0.29614052675847413,6,1,18,0.9
DYN,0.2413382112759032,90,0,0,0.0
DYNC,-0.01618956609857389,49,0,0,0.65
DYNCU,-0.023412720104916882,43,1,13,0.7
DYOR,-0.019272630727918426,46,1,13,0.65
DYORU,-0.023395828826437624,43,1,13,0.7
E,0.09670792932471166,78,0,0,0.05
EAD,-0.02177713527153502,44,1,16,0.95
EAF,-0.0951588836132453,24,1,4,0.3
EARN,0.012562871126003381,59,0,0,0.6
EAT,0.3793045074484312,95,0,0,0.0
EBAY,-0.07694425272607161,27,1,14,0.75
EBC,0.04142312444234923,67,1,2,0.45
EBF,0.04944623538199676,68,0,0,0.3
EBMT,-0.016473451468050057,48,1,15,0.75
EBON,-0.019714518115961963,45,0,0,0.8
EBS,-0.4033632435077832,3,1,36,1.0
EC,0.08810321466444769,77,0,0,0.1
ECAT,-0.016655355527231006,48,1,6,0.9
ECBK,0.021977694259550835,62,0,0,0.4
ECC,0.01581257144807031,60,0,0,0.5
ECCC,-0.0023657069802040624,55,0,0,0.55
ECF,-0.04890826837830335,33,1,2,0.75
ECG,-0.15347233397040752,16,1,3,0.75
ECHO,-0.18516293038328535,13,1,3,0.95
ECL,0.04411660763949228,67,0,0,0.35
ECO,0.25559018951743684,91,0,0,0.0
ECOR,0.48323443150628437,96,0,0,0.5
ECPG,0.12660642222855029,82,0,0,0.15
ECVT,-0.2272663535870593,10,1,18,0.9
ECX,0.05526358582802805,70,0,0,0.8
ED,-0.024844595955428525,42,0,0,0.75
EDBL,-0.7318979551207356,1,1,124,1.0
EDD,0.03422165572839306,65,0,0,0.55
EDF,-0.054491263665707154,32,1,31,1.0
EDHL,0.03465678044463802,65,1,12,0.75
EDIT,0.051764682626062805,69,0,0,0.8
EDN,-0.18734092055976645,13,1,13,0.7
EDRY,0.8619707904644558,98,0,0,0.0
EDSA,-0.307985772928222,6,1,1,0.9
EDTK,-0.0018224580699609735,55,0,0,0.75
EDU,0.12406572105991752,82,0,0,0.2
EDUC,-0.09751581038462788,24,1,25,1.0
EE,0.03655065324211934,66,0,0,0.65
EEA,0.01284691860312073,60,0,0,0.55
EEFT,-0.04841315165301763,33,1,16,0.8
EEIQ,-0.007771965511647289,53,0,0,0.7
EFC,0.00832500733192285,58,0,0,0.65
EFOI,-0.11816265191576587,21,1,9,0.65
EFOR,0.6662044137806805,98,0,0,0.0
EFR,-0.015039947995779523,50,1,15,0.75
EFSC,-0.020019107581748304,45,1,14,0.7
EFSCP,-0.05387989865671698,32,1,14,0.9
EFSI,0.02986580889330422,64,0,0,0.45
EFT,-0.017265972985292644,48,1,2,0.75
EFTY,-0.02379125932986177,43,1,13,0.7
EFX,0.15092308368866408,84,0,0,0.35
EFXT,-0.21080139835861114,11,1,19,0.95
EG,0.002366744683925736,56,1,15,0.75
EGAN,0.04571955058077272,68,0,0,0.05
EGBN,0.008936767724605475,58,1,2,0.5
EGG,-0.6224394185679821,1,1,23,1.0
EGHA,-0.02170930558335238,44,0,0,0.65
EGHAU,-0.029973080286005226,39,1,14,0.8
EGHT,0.09793862999209056,78,1,1,0.4
EGO,0.30334892524437096,93,0,0,0.1
EGP,-0.06205403735221372,30,1,16,0.9
EGY,0.05133974301083012,69,0,0,0.4
EH,-0.1552686771102157,16,1,1,0.6
EHC,0.1176078977660827,81,0,0,0.15
EHGO,-0.33223026519376764,5,1,16,0.8
EHI,-0.03404242782051786,38,1,16,0.95
EHLD,0.22496575895323181,90,0,0,0.45
EHTH,-0.2121730300225428,11,1,30,1.0
EIC,-0.02968172552626741,40,1,15,0.9
EICA,-0.016232806338551842,49,0,0,0.65
EIG,0.0014997594940273536,56,1,14,0.7
EIIA,-0.014891297292619666,50,1,14,0.7
EIKN,0.056245785799673556,70,0,0,0.65
EIM,-0.025987107679589172,41,1,16,0.95
EIX,-0.02881668276592183,40,0,0,0.6
EJH,-0.2691656042861944,7,1,1,0.65
EL,0.14611781783348837,84,0,0,0.3
ELA,-0.4226168856486963,3,1,35,1.0
ELAB,-0.9733222468407013,0,1,90,1.0
ELAN,-0.03166312912790456,39,1,1,0.55
ELBM,0.04303230684859463,67,0,0,0.45
ELDN,-0.1121858506526134,22,1,6,0.95
ELE,0.3591371928629165,94,0,0,0.15
ELF,0.454907305842244,96,0,0,0.0
ELLO,-0.036001915899499706,37,1,2,0.45
ELMD,0.006758270021910515,58,1,6,0.8
ELME,-0.07798001190976002,27,0,0,0.65
ELOG,-0.1543837062349564,16,1,15,0.75
ELPC,-0.0887483589890901,25,1,13,0.8
ELPW,8.981714427256508,99,0,0,0.55
ELS,0.004773915522440209,57,0,0,0.65
ELTK,-0.1349129367305455,19,1,3,0.8
ELTX,-0.21792600652707797,10,1,46,1.0
ELUT,-0.13289755484869986,19,1,1,0.75
ELV,-0.012593103023135942,51,0,0,0.75
ELVA,-0.33143516187843053,5,1,9,0.85
ELVN,0.2037328614643703,88,0,0,0.0
ELVR,-0.11560930816413685,21,0,0,0.6
ELWT,0.08538746984466841,76,1,3,0.2
EMA,-0.04108862789340971,35,1,14,0.7
EMAT,-0.4900503004537912,2,1,43,1.0
EMBC,0.6938256444048111,98,0,0,0.15
EMBJ,0.1821226574481212,87,0,0,0.0
EMD,-0.014140543220791923,50,0,0,0.65
EME,-0.04576075621586708,34,1,2,0.3
EMF,-0.034390993482943125,38,0,0,0.75
EMIS,-0.015411962666596524,49,0,0,0.65
EML,0.06981059202146096,73,0,0,0.8
EMN,0.02686744452727934,63,0,0,0.25
EMO,0.04420981987022969,67,0,0,0.45
EMPD,-0.277466877098136,7,1,30,1.0
EMR,0.07587526575514246,74,1,1,0.05
ENB,-0.10021003199229234,24,1,16,0.85
ENGN,-0.025148556387685848,42,1,1,0.9
ENGS,0.35027236415649304,94,0,0,0.2
ENIC,-0.021368757033196982,44,1,1,0.5
ENLT,-0.11675580056424885,21,1,11,0.85
ENLV,-0.7886285856182297,0,1,53,1.0
ENOV,0.03585679456011877,65,1,11,0.55
ENPH,-0.1752804891629235,14,1,7,0.9
ENR,0.06969843095693264,73,1,1,0.2
ENS,-0.13001373406084557,19,1,2,0.85
ENSC,0.3002562870558943,93,0,0,0.35
ENSG,0.05411624853760595,70,0,0,0.05
ENTA,-0.032615557883680736,38,1,1,0.85
ENTG,-0.03462521672555117,37,1,2,0.45
ENTX,1.1030710190668729,98,0,0,0.0
ENVA,0.14278122568586196,83,1,1,0.1
ENVB,-0.039741320529220664,36,1,4,0.5
ENVX,-0.4324531566795307,3,1,6,0.9
EOD,0.005666679054425285,58,0,0,0.65
EOG,0.06742929522142553,73,0,0,0.4
EOI,-0.005224433853923637,54,1,2,0.65
EOLS,0.3185729864058287,93,0,0,0.4
EONR,-0.15409884855916473,16,1,19,0.95
EOS,-0.03730919136787224,37,1,25,1.0
EOSE,-0.3503732907345149,4,1,6,0.85
EOT,-0.0007772728645737623,56,0,0,0.75
EP,0.19630905702495868,88,0,0,0.5
EPAC,0.03558151737538595,65,0,0,0.25
EPAM,0.20484355438226584,89,0,0,0.25
EPC,0.16624499367981044,86,1,1,0.4
EPD,-0.003027337394363474,55,0,0,0.5
EPM,-0.13948086758316122,18,1,2,0.85
EPOW,-0.19104018771455938,13,1,4,0.75
EPR,0.004705031114429704,57,0,0,0.65
EPRT,-0.031221823204175193,39,0,0,0.7
EPRX,0.03389665070819632,65,0,0,0.4
EPSM,0.03294566019514182,65,1,1,0.15
EPSN,-0.016499292142762523,48,0,0,0.55
EQ,-0.11245648048418451,22,1,3,0.95
EQBK,0.015409057795892984,60,1,12,0.6
EQH,0.04699860215804774,68,1,2,0.25
EQIX,0.0016028301419595131,56,0,0,0.5
EQNR,0.13483915230734225,82,0,0,0.15
EQPT,-0.13153914215113213,19,1,3,0.2
EQS,-0.12685465511565525,20,1,16,0.85
EQT,-0.023537300262507957,43,0,0,0.25
EQX,0.25217567074502095,91,0,0,0.35
ERAS,0.12271239498032328,81,1,14,0.8
ERC,0.017468162999230995,61,0,0,0.7
ERH,-0.032577354027971905,38,1,17,0.85
ERIC,-0.07667872310764888,27,1,28,1.0
ERIE,0.209642604804829,89,0,0,0.15
ERII,-0.12961745910279407,19,1,12,0.85
ERNA,-0.20640710591255512,11,0,0,0.95
ERO,0.2635093688931925,91,0,0,0.1
ES,-0.02163882566952021,44,1,15,0.75
ESAB,-0.15154019195928067,17,1,10,0.7
ESBA,-0.15589844738887434,16,1,15,0.85
ESCA,0.07480719828565878,74,0,0,0.3
ESE,-0.1533559931527141,17,1,19,0.95
ESEA,0.0246301777281251,63,0,0,0.45
ESI,-0.14665852306705904,17,1,3,0.95
ESLA,-0.19220134407266842,13,1,76,1.0
ESLT,-0.07262300946991043,28,1,8,0.4
ESNT,0.0778845059605793,75,0,0,0.2
ESOA,-0.3293211418658874,5,1,20,1.0
ESP,0.0010348014331849342,56,0,0,0.35
ESQ,-0.051784907481139245,32,1,5,0.35
ESRT,-0.13089764978833723,19,1,16,0.8
ESS,-0.0066980651947474365,54,0,0,0.75
ESTA,-0.17872412820674147,14,1,11,0.55
ESTC,0.44670927235188396,96,0,0,0.1
ET,0.06194809612434901,72,0,0,0.2
ETB,0.0002087601101227847,56,0,0,0.6
ETD,0.06311663812345676,72,0,0,0.45
ETG,0.021538822149890797,62,0,0,0.25
ETJ,-0.010542795533031646,52,1,14,0.7
ETN,-0.006350596169144591,54,1,3,0.35
ETO,0.01737909183948425,61,0,0,0.3
ETON,0.5872726879455444,97,0,0,0.15
ETOR,-0.2464469685693422,8,1,17,0.95
ETR,-0.07215716136944847,28,1,18,0.9
ETS,0.5985244491941835,97,0,0,0.0
ETSY,0.08465334093270868,76,1,8,0.45
ETV,0.009738009111451732,59,0,0,0.75
ETW,0.025575174478674894,63,0,0,0.35
ETX,-0.0465006566538141,34,1,18,0.9
ETY,-0.020327385058893976,45,1,2,0.8
EU,-0.2388442048816025,9,1,6,0.8
EUDA,-0.11059914097764761,22,1,10,0.55
EURK,-0.00041028092804509114,56,1,14,0.75
EURKU,-0.0233184036702042,43,1,12,0.6
EVAC,-0.01770683806129967,47,0,0,0.65
EVAX,0.006702168403833222,58,0,0,0.65
EVC,-0.19882608490333392,12,1,8,0.6
EVCM,-0.07932021097801356,27,1,10,0.5
EVER,0.07914917244596471,75,0,0,0.55
EVEX,-0.054087123718358845,32,1,1,0.4
EVF,-0.016905928719187502,48,1,15,0.75
EVG,-0.023855830466931613,42,1,16,0.95
EVGN,-0.012815313769209417,51,1,1,0.4
EVGO,-0.17729709479408653,14,1,52,1.0
EVH,-0.04363279584685724,35,0,0,0.7
EVI,-0.04491806838625083,34,1,1,0.65
EVLV,-0.0442795026808394,34,1,7,0.75
EVMN,-0.1494603102830635,17,1,1,0.55
EVN,-0.012767865322344616,51,0,0,0.9
EVO,-0.15877148831485058,16,1,6,0.95
EVOX,-0.018102615877925853,47,1,13,0.7
EVOXU,-0.019280041707379403,46,0,0,0.65
EVR,-0.19447197542383904,12,1,17,0.85
EVRG,-0.03388237550891528,38,1,17,0.85
EVT,0.05595418809693231,70,0,0,0.0
EVTC,0.06463075708304199,72,1,4,0.4
EVTL,-0.6225851311823237,1,1,56,1.0
EVV,-0.029121331676957973,40,1,16,0.95
EW,0.03890064551294871,66,1,1,0.5
EWBC,-0.011635039785426536,51,1,2,0.55
EWTX,0.15135686177624605,84,0,0,0.15
EXC,-0.04436101324095084,34,1,16,0.8
EXE,0.04667695341831135,68,0,0,0.25
EXEL,-0.006661550444160013,54,0,0,0.65
EXFY,0.5864080288473231,97,0,0,0.0
EXG,0.017073711148033775,61,0,0,0.4
EXK,0.25319661074734306,91,0,0,0.35
EXLS,0.3524611896515514,94,0,0,0.0
EXOD,0.2909743578830778,92,0,0,0.4
EXOZ,0.05518395206102357,70,0,0,0.65
EXP,-0.04961945349553194,33,1,11,0.75
EXPD,0.0807157008540484,75,0,0,0.35
EXPE,0.30421385685732943,93,0,0,0.0
EXPO,0.1596079132654643,85,0,0,0.05
EXR,-0.004454594876650227,54,1,15,0.75
EXTR,-0.2547546817679028,8,1,12,0.95
EYE,-0.016162579707025882,49,1,7,0.35
EYPT,-0.6061312999189788,1,1,4,0.8
EZGO,-0.13001568035276,19,1,74,1.0
EZPW,-0.13549070082175563,18,1,29,1.0
EZRA,-0.1348365061485054,19,0,0,0.75
F,-0.01883612038258806,46,1,1,0.65
FA,0.18075628163880325,87,0,0,0.5
FABC,-0.15011206339746136,17,1,2,0.8
FAC,-0.40146898596976566,3,1,41,1.0
FACTU,-0.05595299646458665,31,1,14,0.9
FAF,0.015917969441934802,60,1,12,0.6
FAMI,-0.7284832334229898,1,1,38,1.0
FANG,0.045408111408560214,67,0,0,0.25
FAST,0.10263875337002294,79,0,0,0.0
FATE,0.02000488027973241,62,1,1,0.8
FATN,0.26621107172753944,92,0,0,0.1
FAX,-0.000211900430090093,56,0,0,0.55
FBGL,-0.29349993277275765,6,1,12,0.9
FBIN,0.00943503316497563,59,1,11,0.65
FBIO,-0.15478861726418489,16,1,16,0.8
FBIOP,-0.03704163682401313,37,1,8,0.85
FBIZ,0.08750844187509652,76,1,2,0.1
FBK,0.0268568580765827,63,1,2,0.2
FBLA,0.031012846751131782,64,0,0,0.55
FBLG,0.5736934874753888,97,0,0,0.3
FBNC,0.025087857880572998,63,1,2,0.6
FBP,0.029874021150859183,64,1,2,0.2
FBRT,-0.03905492289683662,36,0,0,0.65
FBRX,1.792531453159428,99,0,0,0.0
FBYD,-0.16270269107133423,15,1,1,0.95
FC,-0.11705363805547638,21,1,15,0.8
FCAP,0.03056351150501734,64,1,5,0.5
FCBC,0.07328393162051837,74,0,0,0.05
FCCO,0.050265040123464014,69,0,0,0.4
FCEL,-0.20781384940956402,11,1,2,0.7
FCF,0.04413729891330047,67,0,0,0.45
FCFS,-0.077040336414725,27,1,2,0.8
FCHL,-0.17010140508886953,15,1,10,0.95
FCN,-0.008120680747582487,53,1,15,0.75
FCNCA,0.021787672777625184,62,1,3,0.2
FCNCO,-0.02527248552294985,42,0,0,0.7
FCNCP,-0.04632102909810851,34,1,14,0.7
FCPT,-0.014521726480646868,50,0,0,0.7
FCRS,-0.021926860523761936,44,1,14,0.7
FCUV,2.570882585879764,99,0,0,0.45
FCX,0.06809171853427953,73,0,0,0.25
FDBC,0.08892266051576984,77,0,0,0.05
FDMT,0.5670064005912895,97,0,0,0.6
FDS,0.26941026258128414,92,0,0,0.0
FDSB,0.0672382367654678,73,0,0,0.15
FDUS,0.029444980501191893,64,0,0,0.55
FDX,-0.008497052688939898,53,0,0,0.5
FE,-0.025429934552125923,42,1,15,0.75
FEAM,0.14592625090022426,84,0,0,0.35
FEBO,-0.16641095839057995,15,1,11,0.7
FEDU,0.026794282448399927,63,0,0,0.75
FEED,-0.2252217025858291,10,1,1,0.8
FEIM,-0.06905050894179875,29,1,2,0.35
FELE,-0.01872785020233797,46,1,9,0.55
FEMY,-0.3574940858039563,4,1,60,1.0
FENC,0.13081678791454182,82,0,0,0.4
FENG,-0.05055210126090835,33,1,1,0.65
FER,-0.05890819193591497,31,1,12,0.85
FERA,-0.018221349212038107,47,0,0,0.65
FERAU,-0.023272722418239255,43,1,13,0.7
FERG,0.012494406143923279,59,1,7,0.45
FET,0.39358003742544245,95,0,0,0.15
FF,0.2392028324377845,90,0,0,0.05
FFA,0.013297951147798148,60,0,0,0.3
FFAI,18.818436074805252,99,1,4,0.2
FFBC,-0.011053030957816422,52,1,16,0.9
FFC,-0.008881751130725956,53,1,15,0.75
FFIN,-0.005254323345958819,54,1,14,0.7
FFIV,-0.06502978019388542,29,1,6,0.9
FG,-0.2348712599344329,9,1,15,0.8
FGBI,-0.07625428447054708,27,1,24,1.0
FGBIP,-0.054489933754879,32,1,15,0.85
FGI,0.858759612333716,98,0,0,0.5
FGIIU,-0.02119600460420583,44,1,13,0.65
FGL,-0.8067799141176134,0,1,59,1.0
FGNX,0.05865161299405319,71,1,1,0.15
FGNXP,-0.02993823645470097,39,1,14,0.75
FHB,-0.07542131073221832,28,1,24,1.0
FHI,0.0806707763064668,75,0,0,0.0
FHN,-0.040471181980008625,36,1,4,0.75
FHTX,0.5516638091560299,97,0,0,0.35
FIBK,0.005133921408723308,57,1,2,0.75
FICO,-0.05003466145213045,33,0,0,0.7
FIEE,0.11291663159611422,80,0,0,0.55
FIG,0.2835104625609591,92,0,0,0.2
FIGR,0.14642072976924936,84,0,0,0.65
FIGS,0.2799898296789042,92,0,0,0.15
FIGX,-0.011772548724251219,51,0,0,0.65
FIGXU,-0.019518809440207653,45,1,8,0.65
FINS,-0.012547354899527075,51,0,0,0.9
FINV,-0.10094490755869723,23,1,13,0.65
FINW,0.017133783948910724,61,0,0,0.75
FIP,-0.1810706713524568,14,1,4,0.7
FIRY,0.16678300271974122,86,0,0,0.2
FIS,-0.008265502653895695,53,1,5,0.6
FISI,0.05799442193606098,71,1,2,0.4
FISK,-0.15670763372472865,16,1,14,0.7
FITB,-0.019461962847986247,45,1,16,0.8
FIVE,0.14198798937448875,83,0,0,0.0
FIVN,0.4846062323959672,96,0,0,0.05
FIX,-0.1311534886211939,19,1,3,0.9
FIZZ,0.011415226604040641,59,0,0,0.6
FJET,-0.07885299061799325,27,1,4,0.9
FKWL,-0.0755304837571583,28,0,0,0.7
FLC,-0.012192831476123066,51,0,0,0.75
FLD,-0.2312899431961412,9,1,1,0.85
FLEX,-0.20928644411407005,11,1,3,0.9
FLG,-0.10373031165335501,23,1,20,1.0
FLGT,0.05899536943475754,71,0,0,0.75
FLL,-0.2445415504248256,9,1,8,0.95
FLNA,-0.1540816442964846,16,1,32,1.0
FLNC,-0.3793955910835021,4,1,12,0.95
FLNG,0.013604151701126648,60,0,0,0.5
FLNT,0.24961233018738244,91,0,0,0.4
FLO,-0.10488632613844864,23,1,21,1.0
FLOC,0.006824475267201532,58,0,0,0.45
FLR,0.009477040566420559,59,0,0,0.6
FLS,0.06301855096762526,72,0,0,0.05
FLUT,-0.012556250835798631,51,1,16,0.85
FLUX,0.07212690149144334,73,0,0,0.8
FLWS,-0.004119384508537664,54,0,0,0.6
FLX,-0.10210510710093856,23,1,12,0.85
FLXS,0.17254672067642157,86,0,0,0.35
FLY,-0.08785121643072727,25,1,1,0.45
FLYE,-0.13818879848514187,18,1,33,1.0
FLYW,0.10462455163506194,79,0,0,0.55
FLYX,-0.14268647624637462,18,0,0,0.95
FLZH,-0.5825680029326404,1,1,91,1.0
FMAO,0.13233885202288925,82,0,0,0.05
FMBH,0.059295972297699215,71,1,2,0.4
FMC,-0.09133495265456452,25,0,0,0.8
FMFC,-0.2147048724669028,11,1,10,0.75
FMN,-0.029793571539483067,39,1,16,0.95
FMNB,0.05708953762843756,71,0,0,0.15
FMS,-0.021587963569445333,44,1,13,0.65
FMST,-0.36577298151787646,4,1,20,1.0
FMX,-0.0838809734524126,26,1,17,0.85
FMY,-0.003765075821926731,55,0,0,0.75
FN,-0.24012636841019872,9,1,3,0.5
FNB,-0.016890540096522355,48,1,3,0.7
FND,0.045515799117431324,68,1,6,0.4
FNF,-0.05285308432584038,32,1,10,0.65
FNGR,-0.4244963915932343,3,1,10,0.95
FNKO,0.10345673554348202,79,0,0,0.35
FNLC,0.06081178221735327,71,0,0,0.45
FNRN,-0.04154015603251683,35,1,14,0.7
FNUC,-0.12202013957269599,20,1,3,0.75
FNV,0.15962382510142567,85,0,0,0.1
FNWB,0.0015533009833277774,56,1,14,0.7
FNWD,0.09542927895730752,78,1,2,0.1
FOA,-0.06301380573925548,30,1,15,0.9
FOCL,-0.2041258494597585,11,1,8,0.4
FOF,-0.01784914033454934,47,1,23,1.0
FOFO,-0.02765729606985284,41,1,1,0.8
FOR,0.023666538755570957,63,1,1,0.85
FORM,-0.10730131838788737,22,1,2,0.5
FORR,0.462934586463805,96,0,0,0.05
FORTY,0.021362517289732794,62,0,0,0.7
FOSL,0.3308523074067763,94,0,0,0.05
FOUR,0.07155872633993536,73,0,0,0.5
FOX,0.15783132112721568,85,0,0,0.2
FOXA,0.16736251886973774,86,0,0,0.15
FOXF,0.16768549588691373,86,0,0,0.15
FOXX,-0.05560050929336614,31,0,0,0.9
FPF,-0.031919566514870934,38,1,21,1.0
FPH,-0.006842101993090363,53,1,14,0.75
FPI,0.011796011887781479,59,0,0,0.7
FPS,-0.2837032277107894,7,1,4,0.95
FR,-0.05866381793837372,31,1,15,0.75
FRA,0.0007905757466498929,56,0,0,0.6
FRAF,0.003602385002678468,57,1,6,0.65
FRBA,0.07136408640030519,73,1,2,0.15
FRD,0.3743748598700372,95,0,0,0.15
FRGT,-0.599889550962945,1,1,25,1.0
FRHC,0.05311802557998069,70,0,0,0.65
FRME,-0.027942060000790414,40,1,15,0.8
FRMEP,-0.01135217886832409,52,1,14,0.75
FRMI,-0.17409674021076735,14,1,6,0.8
FRMM,0.10012768360915393,78,0,0,0.55
FRNM,0.1034384797912261,79,0,0,0.55
FRO,0.09773163241253467,78,0,0,0.2
FROG,0.0739052072387416,74,0,0,0.55
FRPH,-0.09122774282210734,25,1,25,1.0
FRPT,0.32562421437638295,93,0,0,0.0
FRSH,0.31054764220871106,93,0,0,0.05
FRST,0.037983401494751004,66,1,2,0.35
FRSX,-0.30255135251345183,6,1,32,1.0
FRT,-0.059408632559184216,31,1,15,0.75
FSBC,-0.04090089547471003,35,1,15,0.85
FSBW,-0.012202364354647754,51,1,15,0.75
FSCO,0.029680911399337064,64,0,0,0.25
FSEA,-0.00926476935579812,53,0,0,0.65
FSHP,-0.017099799081010003,48,1,13,0.7
FSHPU,-0.01597944468062349,49,1,13,0.65
FSI,-0.10389255522466366,23,0,0,0.85
FSK,0.10001941011773255,78,0,0,0.2
FSLR,-0.08728167864283808,25,1,7,0.65
FSLY,0.19329451572879858,88,1,2,0.1
FSM,0.31412675966721954,93,0,0,0.15
FSP,-0.10630037425226711,23,1,1,0.8
FSS,0.028034947136201676,64,1,3,0.4
FSTR,-0.11639179147617512,21,1,18,0.9
FSUN,0.11708044417799161,81,0,0,0.15
FSV,0.01576215648069963,60,0,0,0.75
FT,-0.03575171396772546,37,1,16,0.8
FTAI,-0.16143077473017176,15,1,3,0.85
FTAIM,-0.00803856387407562,53,1,14,0.7
FTCI,-0.4942656075514306,2,1,27,1.0
FTDR,0.14350862134573705,83,0,0,0.2
FTEK,-0.18154866726355331,14,1,33,1.0
FTF,-0.019099271298559525,46,0,0,0.65
FTFT,-0.6918396101443015,1,1,74,1.0
FTH,0.46517762433043586,96,0,0,0.3
FTHM,-0.20013669908284737,12,1,17,0.95
FTHY,-0.023348373703432512,43,1,14,0.7
FTI,0.05406764447646942,70,0,0,0.35
FTK,-0.010703896088238688,52,1,4,0.45
FTLF,-0.050239193763083695,33,1,4,0.9
FTNT,0.005598242385715473,58,1,5,0.65
FTRE,0.10581308958646755,79,1,7,0.55
FTS,-0.03116534794828747,39,1,16,0.8
FTV,-0.03765819444097179,36,1,16,0.8
FTW,-0.0865413107435394,26,1,19,0.95
FUBO,0.15662334222734434,85,0,0,0.5
FUFU,-0.13514485011641791,19,0,0,0.9
FUL,-0.01722143051121082,48,1,1,0.35
FULC,-0.05824365709236952,31,0,0,0.6
FULT,-0.00832330282504412,53,1,15,0.75
FULTP,-0.04744313943521339,33,1,14,0.7
FUN,-0.14458372733445318,18,1,39,1.0
FUNC,0.010917302466275283,59,1,2,0.6
FUND,0.07146068035325517,73,0,0,0.15
FURY,0.15830095632714142,85,0,0,0.2
FUSB,-0.010695392743250709,52,1,2,0.7
FUSE,-0.25488613992460035,8,1,12,0.9
FUTU,0.026567387383597856,63,0,0,0.25
FVCB,0.07575910452453437,74,0,0,0.15
FVN,0.07213315133396576,73,0,0,0.35
FVNNU,-0.01839173886489167,47,1,10,0.65
FVR,-0.0302802310208224,39,1,15,0.75
FVRR,-0.13895402019960776,18,1,17,0.9
FWDI,0.13470475406541693,82,0,0,0.65
FWONA,0.08031973107042877,75,0,0,0.25
FWONK,0.08390941747609858,76,0,0,0.25
FWRD,0.3410666294192165,94,0,0,0.05
FWRG,0.03744856284569742,66,0,0,0.65
FXHO,0.19703912751500918,88,1,5,0.9
FXNC,0.055342988886527,70,1,2,0.15
G,0.21691658020507543,89,0,0,0.2
GAB,-0.01306831456959092,51,1,6,0.7
GABC,0.07048500525190106,73,0,0,0.15
GAIA,-0.3513212331132694,4,1,47,1.0
GAIN,0.0250443185661134,63,0,0,0.55
GALT,0.19178564195366687,88,0,0,0.75
GAM,0.0261467619128626,63,0,0,0.1
GAME,0.04525450025597906,67,0,0,0.6
GANX,0.07533330016961286,74,0,0,0.5
GAP,-0.05739056590514252,31,1,7,0.6
GASS,0.03591161605440969,65,0,0,0.4
GATX,-0.03134061177176471,39,1,15,0.75
GAU,0.10757829698006148,80,0,0,0.4
GAUZ,-0.2720240900634537,7,1,4,0.65
GBAB,-0.008561301182992118,53,0,0,0.9
GBCI,-0.07211417731980171,28,1,22,1.0
GBDC,0.020280924973914875,62,0,0,0.65
GBFH,-0.33472571838553516,5,1,17,0.9
GBLI,0.007122005901745877,58,1,5,0.4
GBR,0.059206455744894665,71,0,0,0.5
GBTG,-0.017080104379109493,48,0,0,0.65
GBX,-0.10786714093955527,22,1,16,0.8
GCBC,0.1453203590068612,84,0,0,0.1
GCDT,-0.36688113143047,4,1,3,0.8
GCL,0.5415488903681908,97,0,0,0.15
GCMG,0.10216804352027657,79,0,0,0.35
GCO,-0.058618990140002006,31,1,10,0.5
GCT,0.3424238018457781,94,0,0,0.0
GCTK,-0.039643095165944525,36,1,10,0.75
GCTS,-0.1988641739072088,12,1,8,0.75
GCV,-0.018499337617418597,46,1,4,0.9
GD,0.06057541550812537,71,1,1,0.25
GDC,-0.2154662840498164,11,1,74,1.0
GDDY,0.10747460873633231,80,0,0,0.5
GDEV,-0.14999513327345676,17,1,8,0.65
GDHG,-0.19648661634151682,12,1,16,0.85
GDL,-0.02174070458605124,44,0,0,0.75
GDO,-0.03393741864225626,38,1,16,0.95
GDOT,-0.00549630731639985,54,1,2,0.8
GDRX,0.28182113607386144,92,0,0,0.0
GDS,-0.03149808557301084,39,1,1,0.55
GDTC,-0.16207197271792867,15,1,2,0.8
GDV,0.013586063738820455,60,0,0,0.3
GDYN,0.314517138827481,93,0,0,0.1
GE,0.0026902827669069394,57,1,2,0.4
GECC,0.09206009942540126,77,0,0,0.5
GEF,0.18964251001546706,88,0,0,0.0
GEG,-0.06462291153327233,30,1,13,0.9
GEHC,0.17503158767762655,86,0,0,0.15
GEL,0.061714558387691146,71,0,0,0.2
GELS,-0.12010928922699379,21,1,17,0.85
GEMI,-0.1331312555901331,19,0,0,0.9
GEN,0.12471306646259005,82,0,0,0.15
GENC,0.24690591381949895,91,0,0,0.5
GENI,0.3150990052890133,93,0,0,0.0
GENK,-0.1581535263989281,16,1,7,0.55
GEO,0.07609440252834256,74,0,0,0.45
GEOS,-0.28590827460980567,7,1,11,0.75
GERN,0.11890077322238739,81,0,0,0.25
GETY,-0.6142955619317491,1,1,33,1.0
GEV,-0.08776040173933573,25,1,3,0.8
GEVO,-0.08920225658593169,25,1,3,0.75
GF,-0.04200478988978461,35,1,16,0.95
GFAI,-0.19876494464377453,12,1,53,1.0
GFF,0.11126447166575874,80,0,0,0.2
GFI,0.2697881035681937,92,0,0,0.3
GFL,0.08854825114462399,77,0,0,0.15
GFR,0.024042290334893638,63,0,0,0.35
GFS,-0.3267045476934383,5,1,36,1.0
GFUZ,-0.2691256813961161,7,1,11,0.85
GGAL,-0.21215877138276942,11,1,15,0.95
GGB,-0.07961762323858253,27,1,10,0.5
GGG,0.0730085253320473,74,0,0,0.2
GGN,0.10695003649707467,80,0,0,0.15
GGR,-0.4219830871537346,3,1,36,1.0
GGT,-0.004461226610552416,54,0,0,0.75
GGZ,0.013780625482498938,60,1,1,0.4
GH,0.2515257430482933,91,0,0,0.3
GHC,-0.008108852428413502,53,1,13,0.65
GHG,-0.055374995235832475,31,1,13,0.8
GHI,0.20850148525953394,89,0,0,0.05
GHM,-0.06302783808988112,30,1,2,0.6
GHRS,0.1303396448841703,82,1,1,0.1
GHY,-0.029664506711945236,40,1,15,0.95
GIB,0.1338435361494265,82,0,0,0.05
GIBO,0.05600672046811804,70,0,0,0.3
GIC,0.15938411285387832,85,0,0,0.0
GIFT,-0.09110089458777026,25,1,11,0.85
GIGM,-0.006940606247793701,53,1,1,0.45
GIII,-0.04372414592983191,35,1,13,0.65
GIL,0.014704334361115155,60,0,0,0.3
GILD,0.0920308256412142,77,0,0,0.4
GILT,-0.1731811154862189,14,1,58,1.0
GIPR,-0.815059412812937,0,1,59,1.0
GIS,0.11508483648382399,81,0,0,0.4
GITS,-0.05196903290515177,32,1,7,0.65
GIW,-0.013959751201225744,50,1,13,0.7
GIWWU,-0.012572143950022329,51,1,12,0.65
GIXXU,-0.022306148953033844,44,1,13,0.7
GKOS,0.2688356657619289,92,0,0,0.0
GL,-0.0415182526409161,35,1,10,0.7
GLAD,0.04200584936297734,67,0,0,0.65
GLAS,-0.18441220687115742,13,1,33,1.0
GLBE,0.21028470725005943,89,0,0,0.0
GLBS,0.2744668744122028,92,0,0,0.15
GLDG,0.21614393821013453,89,0,0,0.35
GLE,-0.0679313039458605,29,0,0,0.75
GLIBA,0.1398069584757673,83,0,0,0.0
GLIBK,0.13105061253263006,82,0,0,0.0
GLMD,7.3139800192584765,99,0,0,0.45
GLNG,-0.0023666251285490124,55,0,0,0.65
GLO,-0.02857741001332914,40,1,2,0.95
GLOB,0.17717770147194548,87,0,0,0.15
GLOO,-0.15260089855327374,17,1,8,0.95
GLP,0.055905933544981065,70,0,0,0.15
GLPI,-0.0515671647442957,32,1,15,0.75
GLQ,-0.041507578338797105,35,1,33,1.0
GLRE,-0.08590923479969305,26,1,16,0.8
GLSI,-0.18843405496346782,13,1,1,0.7
GLU,-0.01281975864928595,51,0,0,0.65
GLUE,-0.30074483601778673,6,1,14,0.85
GLV,-0.036843903901694425,37,1,16,0.95
GLW,-0.14783747149298646,17,1,3,0.8
GLXG,-0.06201788762433348,30,1,5,0.75
GLXY,-0.16879302783841507,15,0,0,0.9
GM,0.04880169198712586,68,0,0,0.3
GMAB,0.19218022858279593,88,0,0,0.15
GME,-0.19019105041204581,13,1,15,0.85
GMED,0.07790776730882552,75,0,0,0.3
GMEX,-0.590703986300078,1,1,112,1.0
GMHS,-0.22153359609912116,10,1,31,1.0
GMM,-0.3315543605629397,5,1,63,1.0
GNE,0.04425205238482291,67,0,0,0.5
GNK,0.07466476206377645,74,0,0,0.35
GNL,-0.027895394852605705,41,0,0,0.75
GNLN,0.3382261327816275,94,0,0,0.85
GNLX,-0.07679413191297636,27,1,14,0.8
GNPX,-0.6455633448303641,1,1,33,1.0
GNRC,-0.16090293432139166,16,1,3,0.9
GNS,-0.16114659961876665,15,0,0,0.95
GNSS,-0.02313530249306255,43,1,1,0.8
GNT,0.08951207011110167,77,0,0,0.25
GNTA,-0.08993554232220356,25,1,18,0.9
GNTX,-0.04775151682031594,33,1,16,0.9
GNW,0.011896446229285974,59,1,2,0.55
GO,0.20774401550598354,89,0,0,0.4
GOAI,-0.18088294786915343,14,0,0,0.95
GOF,-0.11966956510027593,21,1,23,1.0
GOGO,-0.3017368842334884,6,1,11,0.55
GOLD,0.10333617898911372,79,0,0,0.2
GOLF,-0.16264327579478852,15,1,22,1.0
GOOD,0.024959855303244603,63,0,0,0.55
GOODN,0.017388929562815573,61,0,0,0.35
GOOG,-0.06247720347851855,30,1,11,0.8
GOOGL,-0.05829977157132868,31,1,11,0.8
GOOS,-0.13940108019517553,18,1,20,1.0
GORO,-0.11103566742516222,22,0,0,0.85
GOSS,-0.046066429217217084,34,1,7,0.7
GOTU,-0.041494617037398804,35,1,7,0.55
GOVX,-0.5266020856983663,2,1,55,1.0
GP,0.1918057376860093,88,0,0,0.3
GPAC,-0.01808421840581569,47,0,0,0.65
GPACU,-0.021609896865051346,44,1,13,0.7
GPAT,-0.02382547061903677,43,1,11,0.65
GPATU,-0.016264642536824157,49,1,13,0.65
GPC,0.19068334316105218,88,0,0,0.0
GPCR,0.11017597680992859,80,1,1,0.4
GPGI,-0.10136293136755267,23,1,8,0.7
GPI,-0.20279284154816957,11,1,16,0.8
GPK,0.08321141141991685,76,0,0,0.25
GPMT,-0.1643085843493014,15,1,10,0.8
GPN,0.24755163618660941,91,0,0,0.0
GPOR,0.053794923331754035,70,0,0,0.4
GPRE,-0.04917959914119988,33,1,2,0.75
GPRK,-0.05125864442237943,33,0,0,0.9
GPRO,-0.2302390939903866,9,1,12,0.85
GPUS,-0.4559624989367601,3,1,41,1.0
GRAB,0.0018085472389285165,56,1,7,0.75
GRAL,0.13503631051877943,83,0,0,0.55
GRAN,-0.08906401606233096,25,1,12,0.8
GRBK,-0.02323947916000526,43,1,17,0.9
GRC,-0.05602148346500897,31,1,10,0.7
GRCE,-0.1146443639519435,21,1,21,1.0
GRDN,-0.09397118722232538,24,1,8,0.7
GRDX,-0.09099170738838988,25,0,0,0.7
GRF,0.0004830011739202604,56,0,0,0.55
GRFS,0.014618337523905619,60,0,0,0.4
GRI,-0.03986948634916995,36,1,1,0.65
GRML,-0.3968935973271513,3,1,1,0.95
GRMN,0.2054913750998707,89,0,0,0.0
GRND,0.08592847836697479,76,1,9,0.5
GRNQ,0.03022659459137492,64,0,0,0.85
GRNT,0.04289309171390107,67,0,0,0.3
GRO,0.0759018807132887,74,0,0,0.85
GROV,-0.12743873421002586,20,1,33,1.0
GROW,0.08400849140773947,76,0,0,0.2
GROY,0.19202750356685117,88,0,0,0.3
GRPN,-0.09853142645443747,24,1,11,0.55
GRRR,0.08192866843066388,75,0,0,0.55
GRSD,-0.05659962825426086,31,0,0,0.55
GRVY,0.08838198173199914,77,0,0,0.45
GRWG,0.18899925871744672,88,0,0,0.4
GRX,0.06693956766041904,72,0,0,0.4
GS,-0.09098971434970933,25,1,19,0.95
GSAT,-0.0037661142322741106,55,1,2,0.5
GSBC,0.026365290167088485,63,1,11,0.55
GSBD,0.10422508415367775,79,0,0,0.4
GSHD,0.5512815255423374,97,0,0,0.0
GSHR,-0.01304471238078928,51,0,0,0.65
GSHRU,-0.013674929807318548,50,1,13,0.7
GSIT,-0.17171563975161588,14,1,3,0.5
GSIW,-0.45153276212885846,3,1,18,0.95
GSK,0.009144242079623815,58,0,0,0.65
GSL,0.04412307795122995,67,0,0,0.45
GSM,0.0452454905910611,67,1,1,0.45
GSRF,-0.018471815992167205,47,1,13,0.7
GSRFU,-0.017234855354580338,48,1,13,0.65
GSUN,-0.11722993559245762,21,1,7,0.5
GT,-0.12905857091808487,19,1,15,0.75
GTBP,-0.30936914644653357,6,1,31,1.0
GTE,0.2766488396885677,92,0,0,0.25
GTEC,0.6909497755602357,98,0,0,0.65
GTEN,-0.00510584442558366,54,0,0,0.6
GTENU,-0.003949022447843363,55,1,13,0.65
GTERA,-0.01700281340205405,48,0,0,0.65
GTERU,-0.017741237796182707,47,0,0,0.6
GTES,-0.04791872349071077,33,1,3,0.55
GTIM,0.1065275791815727,79,0,0,0.25
GTLB,0.4512811882285875,96,0,0,0.0
GTM,0.2912817282482977,92,0,0,0.05
GTN,0.22606085141323776,90,0,0,0.0
GTX,-0.20785300112304977,11,1,35,1.0
GTY,-0.046976784275482214,34,1,16,0.8
GUG,-0.07318137049374526,28,1,21,1.0
GURE,-0.13267288895735846,19,0,0,0.8
GUT,0.012649029270169403,59,0,0,0.85
GUTS,-0.18659201611342607,13,1,2,0.9
GVA,-0.1027562285103751,23,1,3,0.95
GVH,-0.38034166641899053,4,1,24,1.0
GWAV,0.10427975472145552,79,1,2,0.35
GWH,-0.5577324249380858,2,1,21,1.0
GWRE,0.44583682966348476,96,0,0,0.0
GWRS,0.24472746576433552,91,0,0,0.25
GWW,-0.04183413696276539,35,1,14,0.75
GXAI,-0.25798471114088894,8,1,5,0.95
GXO,-0.13928790866580681,18,1,16,0.8
GYRE,0.14312442948377044,83,0,0,0.45
GYRO,-0.12582151366290714,20,1,105,1.0
H,-0.06331518365707381,30,1,1,0.8
HACQU,-0.0205018169902311,45,1,13,0.65
HAE,0.480679931998968,96,0,0,0.0
HAFC,-0.013987614103601808,50,1,16,0.95
HAFN,0.014021601104425071,60,0,0,0.4
HAIN,-0.008917794604179432,53,0,0,0.55
HAL,-0.009624302894602543,52,0,0,0.7
HALO,0.42718021283537927,96,0,0,0.0
HAO,10.242741933534187,99,0,0,0.75
HAPN,-0.04073081972493832,35,1,10,0.8
HAS,0.055150811104943256,70,0,0,0.0
HASI,0.027288412661528195,64,0,0,0.3
HAVA,-0.018735770933068642,46,1,13,0.65
HAVAU,0.00262294119447868,57,1,11,0.6
HAYW,0.016194394586700436,61,1,8,0.65
HBAN,-0.041991705458319636,35,1,3,0.95
HBANL,-0.0029165531962224364,55,0,0,0.65
HBANM,-0.03924916925879832,36,1,14,0.7
HBANP,0.00438502510594645,57,0,0,0.6
HBANZ,-0.042457978900585905,35,1,15,0.75
HBB,0.6058435437816144,97,0,0,0.0
HBCP,0.011102379644992322,59,1,6,0.45
HBIO,0.24542458298740266,91,0,0,0.4
HBM,0.10640440712498732,79,0,0,0.2
HBNB,-0.038268932446704915,36,0,0,0.7
HBNC,-0.018532980167423087,46,1,13,0.65
HBT,0.13093564030378926,82,0,0,0.05
HCA,0.05101262179721189,69,0,0,0.25
HCAC,-0.01960141603181966,45,0,0,0.65
HCACU,-0.024372640279884072,42,1,13,0.7
HCAI,-0.2599527902303475,8,1,32,1.0
HCAT,-0.0979686078591437,24,1,9,0.6
HCC,0.21072504435525227,89,0,0,0.45
HCHL,0.01841057927840366,61,1,13,0.65
HCI,0.05079397109959645,69,0,0,0.45
HCICU,-0.018318053908208398,47,0,0,0.7
HCKT,0.08259759970469406,76,1,6,0.35
HCM,0.11275495694078248,80,0,0,0.15
HCMA,-0.021707575988019742,44,1,13,0.7
HCMAU,-0.020499247356801396,45,1,13,0.7
HCSG,-0.008611956068499271,53,0,0,0.8
HCTI,-0.5463453149162313,2,1,5,0.95
HCWB,-0.5462674560135984,2,1,51,1.0
HCWC,0.1676280333257246,86,0,0,0.3
HD,0.005035806984509894,57,1,7,0.6
HDB,-0.051739705398461094,32,1,24,1.0
HDL,0.06729954040483736,73,0,0,0.4
HDRN,-0.2652145901573516,7,0,0,0.85
HDSN,-0.05917108159948191,31,1,3,0.7
HE,-0.15766108209243418,16,1,19,0.95
HEI,0.04945594910556221,69,1,2,0.15
HELE,0.012051933129671209,59,1,4,0.35
HELP,1.1195179260980386,98,0,0,0.0
HEPS,-0.08843830264907941,25,1,14,0.8
HEQ,0.006534923815426044,58,0,0,0.6
HERE,-0.12159021830743362,20,1,36,1.0
HERZ,-0.07443264458725307,28,1,24,1.0
HESM,-0.003782253351598309,55,1,2,0.45
HFBL,0.27384806244664006,92,0,0,0.05
HFFG,0.03635526491413754,66,0,0,0.6
HFRO,-0.00886318913206996,53,1,12,0.65
HFWA,-0.013498461283809125,50,1,16,0.8
HG,0.025938570266872924,63,1,13,0.65
HGBL,-0.1258577090303499,20,1,2,0.8
HGLB,-0.022220246338789475,44,0,0,0.95
HGTY,0.10810753344648215,80,0,0,0.25
HGV,-0.11859797989486494,21,1,15,0.85
HHH,0.004676298598506937,57,0,0,0.9
HHS,0.47605635859247447,96,0,0,0.45
HIFS,0.02800451185082999,64,1,2,0.5
HIG,-0.017764727859574926,47,1,10,0.6
HIHO,-0.01186545307505545,51,1,3,0.25
HII,0.03279254190811652,65,1,2,0.1
HIMS,0.04058531290784036,66,0,0,0.85
HIMX,-0.14824770022787956,17,1,2,0.55
HIND,0.04121752601677606,66,0,0,0.65
HIO,-0.034000243023054155,38,1,22,1.0
HIPO,0.16975187217490342,86,0,0,0.1
HIT,-0.08715031931010453,26,1,10,0.65
HITI,0.057959822372649225,71,0,0,0.4
HIVE,-0.1798058659282868,14,0,0,0.9
HIW,0.045888565391008676,68,0,0,0.6
HIX,-0.017745848563813782,47,1,1,0.75
HKD,0.01889633426737825,61,0,0,0.45
HKIT,-0.4771105130220033,2,1,56,1.0
HKPD,-0.021816905624699113,44,1,7,0.7
HL,0.27298316778569437,92,0,0,0.4
HLF,-0.03161989673741892,39,1,1,0.7
HLI,-0.11777265229209141,21,1,15,0.75
HLIO,-0.10997414414427442,22,1,9,0.95
HLIT,-0.0593382945211087,31,1,1,0.75
HLLY,0.1712578231386047,86,0,0,0.05
HLMN,0.04621474331695431,68,1,3,0.35
HLN,0.025575484606660617,63,0,0,0.6
HLNE,0.22251957132417752,89,0,0,0.05
HLP,0.5858185055873478,97,1,1,0.05
HLT,-0.022462769451837127,44,0,0,0.8
HLX,0.0772505217705792,75,0,0,0.35
HLXC,0.019548966034234023,62,0,0,0.45
HMC,0.17586504615747373,86,0,0,0.0
HMN,-0.007430288674466264,53,1,10,0.65
HMR,0.2229460667884796,89,0,0,0.25
HMY,0.33149520634076,94,0,0,0.0
HNGE,0.2034554528515783,88,0,0,0.5
HNI,0.29337355153668626,92,0,0,0.0
HNNA,-0.025249629135880015,42,0,0,0.85
HNRG,-0.12462417360163025,20,1,1,0.75
HNST,0.35866256786458983,94,0,0,0.25
HNVR,0.11724858667636302,81,0,0,0.0
HODO,-0.7434353511111139,1,1,59,1.0
HOFT,-0.016996423822318227,48,1,7,0.75
HOG,0.045603196474195015,68,0,0,0.6
HOLO,0.07048083425129503,73,0,0,0.35
HOMB,0.03395264814836377,65,1,2,0.35
HON,-0.08718219693516883,25,1,11,0.55
HOOD,-0.047734982274962284,33,1,5,0.95
HOPE,0.0517053394669512,69,1,2,0.25
HOUR,-0.11255325445830221,22,1,4,0.85
HOV,-0.05193649502571175,32,1,7,0.6
HOVR,-0.12987423489956137,19,1,3,0.5
HOWL,0.14019044200520642,83,0,0,0.45
HP,0.1977017193378515,88,0,0,0.35
HPAI,-0.28660435003126766,7,1,110,1.0
HPE,0.16736288478451367,86,0,0,0.15
HPF,-0.019025093131558545,46,1,15,0.75
HPI,-0.017851935099260318,47,1,16,0.8
HPK,0.06631554439712439,72,0,0,0.55
HPP,0.0665639843472642,72,0,0,0.85
HPQ,0.22197405409748433,89,0,0,0.0
HPS,-0.036317229759099,37,1,16,0.9
HQH,0.14289687518712438,83,0,0,0.0
HQI,0.3400092193363484,94,0,0,0.25
HQL,0.15546984309681108,85,0,0,0.4
HQY,0.12291038383488169,81,0,0,0.05
HR,-0.07373782632754418,28,1,14,0.7
HRB,0.3836686401471085,95,0,0,0.0
HRI,0.07250182317494744,74,1,1,0.2
HRL,-0.008217670264691258,53,1,15,0.75
HRMY,0.10652790302179964,79,0,0,0.1
HROW,0.03732976412752287,66,0,0,0.9
HRTG,0.3237818020672122,93,0,0,0.0
HRTX,-0.40678061120479797,3,1,10,0.5
HRZN,0.15742568661520165,85,0,0,0.45
HSAI,0.12764252725765293,82,0,0,0.2
HSBC,0.018004711813828313,61,1,12,0.6
HSCS,0.1637361035679523,85,0,0,0.85
HSDT,0.017151251457424983,61,0,0,0.7
HSHP,0.05807546196230358,71,0,0,0.4
HSIC,0.07665556849028483,75,0,0,0.15
HST,-0.05133017685468068,33,1,13,0.65
HSTM,0.08641828998331928,76,0,0,0.6
HSY,0.05894982957630723,71,0,0,0.4
HTB,-0.04548375397729003,34,1,9,0.45
HTCO,-0.2589187984161501,8,1,13,0.75
HTCR,-0.05910241287753905,31,1,6,0.7
HTD,-0.01649076334659456,48,0,0,0.7
HTFL,0.6652600017290947,98,0,0,0.55
HTGC,0.09457963542606011,78,0,0,0.05
HTH,0.0007387431721703995,56,1,13,0.65
HTHT,0.15106460632308602,84,0,0,0.55
HTLD,-0.18908462227280265,13,1,21,1.0
HTLM,-0.03416674189593409,38,1,2,0.75
HTO,0.05200795460127662,69,0,0,0.55
HTOO,-0.19672917000771245,12,1,16,0.9
HTT,-0.05815484022976271,31,1,27,1.0
HTZ,-0.274700323513317,7,1,4,0.7
HUBB,-0.06655286268283811,29,1,4,0.5
HUBC,-0.5027654271614291,2,1,124,1.0
HUBG,-0.1595090860434896,16,1,16,0.8
HUBS,0.1641435137011855,85,0,0,0.35
HUDI,0.0624617699644356,72,0,0,0.55
HUHU,-0.3462192980643816,5,1,15,0.95
HUIZ,0.35241195118077306,94,0,0,0.6
HUM,0.023371372364543775,63,1,4,0.8
HUMA,-0.10331193533677227,23,0,0,0.8
HUN,-0.22914551698321,9,1,15,0.85
HURA,-0.08189703473963458,27,1,1,0.75
HURC,0.07940458590244279,75,0,0,0.6
HURN,0.5461001909700495,97,0,0,0.0
HUT,-0.21689091721170733,10,1,13,0.8
HUYA,-0.11553528227405725,21,1,11,0.6
HVII,-0.2422848686554192,9,1,14,0.7
HVIIU,-0.02480905394214249,42,1,13,0.7
HVMC,-0.016059599786014834,49,0,0,0.65
HVMCU,-0.017760106879190607,47,1,13,0.7
HVT,0.11415263567116658,80,1,1,0.15
HWBK,0.04714285876229875,68,0,0,0.4
HWC,0.0200209857102196,62,1,2,0.4
HWH,0.7320277329539381,98,0,0,0.05
HWKN,-0.23039594718835094,9,1,17,0.95
HWM,-0.033561909064666745,38,1,2,0.4
HXHX,0.049531564230034186,69,0,0,0.7
HXL,-0.07676827394550712,27,1,16,0.8
HY,-0.05582714547054482,31,1,8,0.6
HYFM,0.3621875034278589,94,1,4,0.5
HYFT,-0.06852541096210124,29,1,1,0.9
HYI,-0.015176532280128118,49,0,0,0.8
HYLN,-0.2930681911190318,6,1,3,0.9
HYMC,0.04503805479853794,67,0,0,0.4
HYNE,-0.014110238704941713,50,0,0,0.7
HYPD,-0.03490472403704949,37,0,0,0.8
HYPR,-0.2698759732288671,7,1,37,1.0
HYT,-0.02823240046631312,40,1,16,0.95
HZO,0.5309468439245755,97,0,0,0.3
IA,0.17053986464378035,86,0,0,0.15
IACOU,-0.019995662216926325,45,1,15,0.9
IAE,0.007980949809491798,58,0,0,0.8
IAF,0.03665098320676749,66,0,0,0.15
IAG,0.263157263538715,91,0,0,0.4
IART,-0.08465810519248977,26,1,4,0.8
IAUX,0.18576489747706496,87,0,0,0.4
IBAC,-0.015730289772718176,49,1,13,0.7
IBCP,0.04990333292424437,69,1,2,0.35
IBEX,0.08440453300152063,76,0,0,0.3
IBG,-0.06923975770273119,29,1,9,0.9
IBIO,-0.06479309707994352,29,0,0,0.85
IBKR,-0.05022480569484011,33,1,3,0.9
IBM,0.03729310997712086,66,1,1,0.9
IBN,0.03177008294085992,64,0,0,0.5
IBO,-0.07884884792163925,27,1,2,0.85
IBOC,-0.057395493474169154,31,1,15,0.75
IBP,0.10284480174124729,79,0,0,0.2
IBRX,0.01872383717808958,61,0,0,0.75
IBTA,0.17890082145714914,87,0,0,0.4
ICCC,-0.05579927613296723,31,1,14,0.7
ICCM,-0.4514593694647621,3,1,37,1.0
ICE,0.10480721044309184,79,0,0,0.1
ICFI,0.2317232312375243,90,0,0,0.0
ICG,-0.004752317220039038,54,1,1,0.4
ICHR,-0.3586752589135938,4,1,20,1.0
ICL,-0.0046511984157483754,54,0,0,0.3
ICLR,0.17140745101750365,86,0,0,0.6
ICMB,-0.137205487813715,18,0,0,0.95
ICON,0.00773358431655392,58,0,0,0.4
ICU,-0.09827256596769181,24,1,7,0.95
ICUI,0.2404293483034246,90,0,0,0.0
IDA,-0.05442194651137452,32,1,17,0.85
IDAI,0.6145092411053212,97,0,0,0.4
IDCC,0.23901452578360322,90,0,0,0.15
IDE,-0.040663911787699056,35,0,0,0.9
IDN,-0.27642609695984144,7,1,38,1.0
IDR,-0.06266444000541602,30,1,1,0.65
IDT,0.14009371205266355,83,0,0,0.2
IDXX,-0.025719944830062503,41,1,7,0.5
IDYA,0.17145112687826244,86,0,0,0.45
IE,-0.02781749047249591,41,0,0,0.25
IEAGU,-0.012048462974495754,51,0,0,0.65
IEP,-0.08017985185048573,27,1,13,0.65
IESC,-0.03712106863794615,37,1,2,0.35
IEX,0.03821514274562464,66,0,0,0.2
IFBD,-0.010422367088207037,52,1,5,0.8
IFF,0.07094831427917202,73,0,0,0.15
IFN,0.007924442992606796,58,0,0,0.5
IFRX,0.03949058166575767,66,0,0,0.6
IFS,-0.06358005697916402,30,1,12,0.75
IGA,0.047261021765214586,68,0,0,0.35
IGAC,-0.02009301215900976,45,1,13,0.7
IGACU,-0.024721316197669905,42,1,12,0.6
IGC,-0.004457910204451632,54,0,0,0.55
IGD,0.04688750624168418,68,0,0,0.15
IGI,-0.019691307224859053,45,0,0,0.8
IGIC,-0.023598323277452093,43,1,15,0.75
IGR,0.0003659965509575265,56,1,1,0.65
IH,-0.1520782100789293,17,1,15,0.8
IHD,-0.015694603732637234,49,0,0,0.8
IHG,-0.0224953971481052,44,1,1,0.75
IHRT,-0.27164567399471085,7,1,12,0.95
IHS,-0.004126705585990067,54,0,0,0.7
IHT,-0.04470225553234934,34,1,14,0.8
IIF,0.015343858187862259,60,0,0,0.65
III,0.19742524105969816,88,0,0,0.05
IIIN,-0.0015524458379079197,55,1,3,0.3
IIIV,-0.19440709764465267,12,1,9,0.55
IIM,-0.0030255384896888046,55,1,16,0.95
IIPR,-0.06618089612090448,29,1,15,0.95
IKT,0.18772345652267014,87,0,0,0.0
ILAG,-0.09385973474033366,24,1,1,0.95
ILLR,-0.39414984913426615,4,1,30,1.0
ILMN,0.2317221998281917,90,0,0,0.45
ILPT,-0.05387309490788425,32,1,5,0.65
IMA,-0.062076950727392416,30,1,6,0.85
IMAX,0.31503285566905004,93,0,0,0.0
IMCC,-0.3159078749758105,5,1,51,1.0
IMCR,0.13368253527952784,82,0,0,0.35
IMDX,-0.20198261184538605,12,1,11,0.9
IMKTA,-0.070138931303131,29,1,13,0.75
IMMP,-0.061368188642900126,30,1,2,0.95
IMMR,0.1761756478161482,86,0,0,0.0
IMMX,0.4135918081632333,95,0,0,0.45
IMNM,0.28989794785332346,92,0,0,0.0
IMNN,-0.11524575932066584,21,1,29,1.0
IMO,0.08634488800238345,76,0,0,0.25
IMOS,-0.13501037945215222,19,1,3,0.8
IMPP,0.030489362870611814,64,0,0,0.7
IMPPP,-0.02205640256483693,44,1,13,0.65
IMRN,0.029777522052771333,64,0,0,0.8
IMRX,0.13664055980083728,83,0,0,0.65
IMSR,-0.17604587890678275,14,1,1,0.65
IMTE,-0.03496880527952728,37,0,0,0.55
IMTX,-0.14740426765311881,17,1,6,0.8
IMUX,0.12528896399617664,82,0,0,0.65
IMVT,0.25105126701458785,91,0,0,0.35
IMXI,-0.008297086759623554,53,0,0,0.75
INAB,-0.11514529923661214,21,0,0,0.8
INAC,-0.019061498573201364,46,1,13,0.65
INACU,-0.02281849294788423,43,1,13,0.7
INBK,0.09022477275045672,77,0,0,0.1
INBS,0.21650881197052724,89,0,0,0.55
INBX,0.04281500002850014,67,0,0,0.65
INCR,-0.059644519657406275,30,1,4,0.75
INCY,0.1558428917660971,85,0,0,0.5
INDB,-0.010913148009661975,52,1,15,0.75
INDI,0.004291142492985168,57,0,0,0.55
INDO,-0.014541309578978635,50,0,0,0.5
INDP,-0.4363091016233859,3,1,19,0.95
INDV,-0.056596693385109934,31,1,14,0.7
INEO,-0.11250687134016756,22,1,17,0.85
INFQ,0.07846404068416572,75,0,0,0.35
INFU,0.3120733893469431,93,0,0,0.2
INFY,0.036189505122493096,65,1,5,0.25
ING,0.056326486019706634,70,0,0,0.05
INGM,-0.05506664510373713,31,1,14,0.7
INGN,-0.15259856975863298,17,1,11,0.85
INGR,0.04539587621840162,67,0,0,0.4
INHD,0.22073229433667435,89,1,15,0.75
INKT,0.012741624049310975,60,0,0,0.65
INLF,-0.2974343010215886,6,1,48,1.0
INLX,-0.054671347990949304,32,0,0,0.8
INM,0.004816594692891772,57,0,0,0.65
INMB,0.3226951610106377,93,0,0,0.25
INMD,0.009516268971283232,59,1,12,0.6
INN,-0.06873384788984442,29,1,14,0.7
INNV,0.0848046521515484,76,1,2,0.6
INO,0.07073851020930623,73,0,0,0.7
INOD,-0.17223057415942628,14,1,11,0.9
INR,0.0542083625848581,70,0,0,0.4
INSE,-0.1898626894096768,13,1,17,0.95
INSG,-0.5706510827807583,1,1,55,1.0
INSM,0.1750200395186196,86,0,0,0.45
INSP,0.2793473515002771,92,0,0,0.0
INSW,0.13061380170195483,82,0,0,0.25
INTA,0.6296583395758379,98,0,0,0.05
INTC,-0.22390506573574218,10,1,3,0.85
INTG,-0.15106180023442,17,1,2,0.75
INTJ,-0.1947762868201091,12,0,0,0.9
INTR,-0.10913963161814792,22,1,15,0.85
INTS,0.11685974894048469,81,0,0,0.85
INTT,-0.2712274053349011,7,1,35,1.0
INTU,0.22461466541292674,90,0,0,0.0
INTZ,-0.1918844776619688,13,1,7,0.95
INUV,-0.4090515669614171,3,1,26,1.0
INV,-0.6788390659026593,1,1,43,1.0
INVA,-0.06707470014660859,29,1,1,0.85
INVE,-0.13040861318368804,19,0,0,0.8
INVH,0.019548245728958972,62,0,0,0.7
INVX,0.04136168600470702,67,0,0,0.1
INVZ,-0.5034530281894332,2,1,22,1.0
IONQ,-0.0530995352390629,32,1,1,0.5
IONR,-0.1395038900117652,18,1,32,1.0
IONS,-0.0909662766465651,25,0,0,0.8
IOR,0.003394026542969067,57,1,12,0.6
IOSP,0.09514570139319399,78,0,0,0.1
IOT,0.1387583463940003,83,0,0,0.1
IOTR,-0.07680231984086393,27,1,15,0.85
IOVA,1.0178430810682746,98,0,0,0.25
IP,0.11231632371312904,80,0,0,0.35
IPAR,0.05407444747169547,70,1,12,0.6
IPDN,-0.62081836075841,1,1,11,0.95
IPEX,-0.02101998936016718,45,1,13,0.65
IPEXU,-0.016197300274705714,49,1,13,0.65
IPGP,-0.331080161360254,5,1,35,1.0
IPHA,0.10134994334974544,78,0,0,0.4
IPI,0.04989939378838876,69,0,0,0.45
IPM,0.02529285499029896,63,0,0,0.35
IPSC,-0.11770353927043388,21,1,1,0.9
IPST,2.4644652622323457,99,0,0,0.8
IPW,1.076063285229644,98,0,0,0.5
IPWR,-0.028773109999828714,40,0,0,0.65
IPX,-0.2727189992080977,7,1,3,0.8
IQ,-0.12326451901443444,20,1,3,0.15
IQI,-0.003323152767443882,55,0,0,0.9
IQMX,-0.16476408035533946,15,1,21,1.0
IQST,-0.16291527695497443,15,1,2,0.6
IQV,0.3647532048413176,94,0,0,0.0
IR,0.003700974351016354,57,1,8,0.4
IRAB,-0.01893506333694803,46,0,0,0.7
IRD,0.14014532029378568,83,0,0,0.4
IRDM,0.043537766820774634,67,1,3,0.5
IREN,-0.12144068704010831,20,0,0,0.6
IRHO,-0.0238826647179326,42,1,14,0.7
IRHOU,-0.019470005185008722,45,0,0,0.65
IRIX,-0.26403086671278553,7,1,2,0.95
IRM,-0.053616485058292904,32,1,2,0.65
IRMD,-0.08479965835710489,26,1,14,0.85
IRON,0.07592347339694687,74,0,0,0.25
IRS,-0.07821448872471969,27,1,15,0.8
IRT,0.0036141931606246333,57,1,8,0.75
IRTC,0.15499495344721437,85,0,0,0.3
IRWD,0.04606922648984714,68,1,1,0.4
ISBA,-0.02751153583906766,41,1,2,0.55
ISD,-0.04743373956376664,34,1,22,1.0
ISOU,-0.051989150172639234,32,0,0,0.45
ISPC,-0.1349387841516079,19,0,0,0.7
ISPR,-0.21042064323281184,11,1,6,0.7
ISRG,-0.028601791756737126,40,1,1,0.6
ISTR,-0.00025798195833204307,56,1,2,0.45
IT,0.4158756301171213,95,0,0,0.0
ITGR,0.3151785308677105,93,0,0,0.0
ITHA,-0.019384239773612456,46,1,13,0.7
ITHAU,-0.04330243065236221,35,1,14,0.95
ITIC,0.05594384513860649,70,0,0,0.45
ITOC,-0.008100963680314165,53,0,0,0.8
ITP,-0.08207902041319562,26,1,1,0.85
ITRG,0.1930633760601419,88,0,0,0.4
ITRI,0.17082232485925192,86,0,0,0.05
ITRN,-0.15733801803793035,16,1,41,1.0
ITT,0.04464430852304831,67,1,1,0.1
ITUB,-0.1469464900364267,17,1,13,0.65
ITW,0.04079760948787922,66,1,6,0.3
IVA,0.0753476596383751,74,0,0,0.2
IVDA,0.06859180906198689,73,0,0,0.4
IVF,-0.08580043552962731,26,0,0,0.85
IVR,-0.03947043868905634,36,0,0,0.9
IVT,-0.0709732984915611,28,1,15,0.75
IVVD,0.1501842179094236,84,0,0,0.65
IVZ,0.05684908014242633,71,0,0,0.05
IX,-0.08739638017491029,25,1,10,0.65
IXHL,0.08563902413005876,76,0,0,0.7
IZEA,-0.14827640716806828,17,1,7,0.9
IZM,-0.30639996157064636,6,1,6,0.95
J,0.17770681878942962,87,0,0,0.0
JACK,0.2927579079563853,92,1,1,0.15
JACS,-0.016936365928532315,48,0,0,0.65
JAGU,-0.16376237434642993,15,1,21,1.0
JAGX,-0.5474033352675037,2,1,38,1.0
JAKK,0.06337898804193846,72,1,11,0.55
JANX,0.12238447950064917,81,0,0,0.45
JAZZ,0.011152421022084868,59,1,2,0.55
JBDI,0.023490604644346994,63,0,0,0.35
JBGS,-0.14764990180045115,17,1,15,0.95
JBHT,-0.042638524180671405,35,1,3,0.85
JBI,-0.03870513945173823,36,1,8,0.55
JBIO,0.06597179869540616,72,1,1,0.45
JBL,-0.09086476606957339,25,1,3,0.5
JBLU,-0.10504972811588668,23,1,9,0.5
JBS,0.08037099404480966,75,0,0,0.25
JBSS,-0.040580979281778604,36,1,2,0.6
JBTM,-0.14721597812448511,17,1,13,0.7
JCAP,0.2014172634337548,88,0,0,0.0
JCE,0.01630363545301761,61,0,0,0.25
JCI,-0.02323224873619557,43,1,3,0.3
JCSE,0.25613813589452555,91,0,0,0.15
JCTC,0.2814466946471609,92,0,0,0.0
JD,-0.02831969270453252,40,1,8,0.4
JDZG,-0.9284974959184825,0,1,15,0.75
JEF,-0.10639865177319209,23,1,16,0.8
JELD,0.4916291278604434,96,0,0,0.2
JEM,-0.35692199432646615,4,1,35,1.0
JENA,-0.024170524443518436,42,1,13,0.7
JF,-0.029975339330972763,39,1,2,0.7
JFB,0.009625418653684704,59,0,0,0.55
JFIN,-0.25804514816978685,8,1,8,0.9
JFR,-0.015439096122957784,49,1,14,0.7
JFU,0.05430710086716013,70,0,0,0.55
JG,0.4032378312888025,95,0,0,0.1
JGH,-0.028771371650387952,40,1,14,0.8
JHI,-0.013238413409883186,50,1,2,0.9
JHS,-0.018866515226410564,46,0,0,0.8
JHX,0.24140020766224307,90,0,0,0.0
JILL,0.36839393529128445,95,0,0,0.0
JJSF,0.1608508096370848,85,0,0,0.1
JKHY,0.1793898465450957,87,0,0,0.45
JKS,-0.11507626894992748,21,1,1,0.65
JL,-0.2778866468578374,7,1,18,0.9
JLHL,-0.38717117494475933,4,1,9,0.9
JLL,0.2225106433541195,89,0,0,0.0
JLS,-0.05132022695490937,33,1,16,0.9
JMIA,0.02262477338968558,62,0,0,0.75
JMM,-0.015265806589860063,49,1,15,0.8
JMSB,0.04982459475441532,69,0,0,0.4
JNJ,0.08049611380426851,75,0,0,0.55
JOB,0.12513308427423878,82,0,0,0.65
JOBY,-0.14589282298919834,17,1,5,0.7
JOE,0.061118471569079014,71,0,0,0.05
JOF,0.05200437388500653,69,0,0,0.3
JOUT,0.02311410271806665,62,1,1,0.35
JOYY,0.0990243443179653,78,0,0,0.25
JPC,-0.05095234700272348,33,1,16,0.95
JPM,0.03448081393926823,65,1,2,0.15
JQC,-0.01568353788902006,49,1,15,0.75
JRI,-0.033361531299639514,38,1,13,0.65
JRS,-0.0031669058533822167,55,0,0,0.7
JRSH,0.30494543473304153,93,0,0,0.0
JRVR,-0.06334581133538728,30,1,9,0.65
JSPR,0.011701246187726434,59,1,1,0.45
JTAI,0.5068663153044259,97,1,9,0.45
JVA,-0.04052370742607008,36,0,0,0.9
JWEL,0.24371968847379594,91,0,0,0.6
JXG,-0.09962250186782483,24,1,23,1.0
JXN,0.09962484440906,78,0,0,0.0
JYD,0.10574056100434419,79,0,0,0.25
JYNT,-0.10136388074059281,23,1,27,1.0
JZ,-0.05710290771107683,31,0,0,0.95
JZXN,0.01216180606021346,59,1,7,0.45
KAI,0.00442860750962892,57,1,3,0.2
KALA,-0.3145098432564699,6,1,39,1.0
KALU,-0.13608368652106342,18,1,3,0.55
KAPA,-0.2822838997259267,7,1,5,0.75
KARO,0.1514556229781297,84,0,0,0.25
KAZR,-0.23096672212708097,9,1,8,0.95
KB,-0.009367294210854228,52,1,3,0.5
KBDC,-0.04553819282298861,34,1,8,0.8
KBH,0.005355305142398958,57,1,9,0.7
KBON,-0.022400146020638976,44,1,14,0.75
KBONU,-0.023984482766818815,42,1,14,0.7
KBR,0.09785012497466343,78,0,0,0.15
KBSX,-0.04464479493228682,34,0,0,0.6
KC,0.07516679066878333,74,0,0,0.25
KCHV,-0.018866128286673178,46,0,0,0.65
KCHVU,-0.015341055592176977,49,1,13,0.65
KD,0.05524293814545704,70,1,5,0.35
KDK,-0.31367804907162733,6,1,72,1.0
KDP,0.03252595946148584,65,0,0,0.6
KE,-0.06907408144170896,29,1,3,0.55
KEEL,-0.35337636714774295,4,1,20,1.0
KELYA,0.3048752047165257,93,0,0,0.05
KELYB,0.1576668148596589,85,0,0,0.45
KEN,-0.11391977627826128,21,1,17,0.85
KEP,-0.10875529952492151,22,1,9,0.75
KEQU,-0.06134028324820302,30,0,0,0.75
KEX,-0.0744634777709989,28,0,0,0.65
KEY,-0.057797867230781785,31,1,23,1.0
KEYS,-0.09641299311178783,24,1,2,0.45
KF,-0.07557130668299054,28,0,0,0.7
KFFB,0.07297437198855225,74,0,0,0.05
KFII,-0.018291090799743403,47,0,0,0.65
KFIIU,-0.017638343223088302,47,1,13,0.7
KFRC,0.16466947816888328,85,0,0,0.2
KFY,0.15255378234694883,84,0,0,0.0
KG,-0.24045654910506223,9,1,41,1.0
KGC,0.2046217674508108,88,0,0,0.35
KGEI,0.12923301173725293,82,0,0,0.4
KGS,-0.1416971966189123,18,1,2,0.85
KHC,0.03818281806798664,66,0,0,0.55
KIDS,0.35389644252835734,94,0,0,0.1
KIDZ,4.72216642566813,99,0,0,0.7
KIM,-0.06294250915247415,30,1,16,0.8
KINS,0.09273507470703965,77,1,2,0.5
KIO,-0.02493060227966708,42,1,16,0.95
KITT,-0.19092872948106002,13,1,6,0.6
KKR,0.09668482858661069,78,0,0,0.05
KLAC,-0.1796414418783456,14,1,5,0.9
KLAR,-0.22389039509532413,10,1,4,0.45
KLC,-0.3950157637212537,4,1,10,0.5
KLIC,-0.2466310178968364,8,1,3,0.9
KLRS,-0.07670671625256963,27,0,0,0.75
KLTR,0.1322101619645395,82,0,0,0.2
KLXE,-0.3437162677916649,5,1,20,1.0
KMB,0.02568436565898025,63,1,15,0.75
KMDA,0.06722376659071905,73,0,0,0.75
KMI,-0.046022020648479475,34,1,2,0.75
KMPR,-0.01641271016726228,49,1,10,0.65
KMRK,-0.06667890741557167,29,1,2,0.5
KMT,-0.17101335661432754,15,1,12,0.8
KMTS,0.2747581864089963,92,0,0,0.3
KMX,0.18414596099730776,87,0,0,0.25
KN,-0.11866502489265797,21,1,3,0.55
KNDI,-0.1141889156891364,21,1,13,0.95
KNF,-0.19277690145350068,12,1,24,1.0
KNOP,-0.022683636965192024,44,1,12,0.75
KNRX,-0.2850961626875241,7,1,14,0.8
KNSA,0.31498622278692734,93,0,0,0.0
KNSL,0.1511146737003538,84,0,0,0.0
KNTK,0.0924732639659153,77,0,0,0.25
KNX,-0.09519950777113238,24,1,21,1.0
KO,0.09145868117958642,77,0,0,0.45
KOD,0.008005807180906193,58,1,6,0.35
KODK,0.05732539832158813,71,0,0,0.2
KOF,0.052487217274064274,69,0,0,0.4
KOP,-0.031028250422869785,39,1,9,0.45
KOPN,0.15641865998065735,85,0,0,0.4
KOS,0.11497716340527446,81,0,0,0.4
KOSS,-0.14359996226980523,18,1,33,1.0
KOYN,-0.013628536849043948,50,0,0,0.65
KOYNU,-0.025414009429174964,42,1,14,0.8
KPLT,-0.1875709365138555,13,1,4,0.8
KPRX,0.012603712303268847,59,0,0,0.55
KPTI,-0.790769600863491,0,1,27,1.0
KR,-0.06081035227921773,30,1,16,0.85
KRAQU,-0.03210950819484608,38,1,14,0.8
KRC,-0.028217692831161677,40,1,15,0.75
KREF,0.036925407670638885,66,0,0,0.4
KRG,-0.09162661231200904,25,1,15,0.75
KRKR,0.06988934720395885,73,0,0,0.3
KRMD,-0.18257103856413415,14,1,13,0.8
KRMN,0.05170570258685149,69,1,1,0.25
KRNT,0.041444115829389394,67,1,1,0.35
KRNY,0.07118814069716058,73,0,0,0.45
KRO,0.14824119172041636,84,0,0,0.4
KROS,0.023623758239034735,63,0,0,0.8
KRP,0.02028148536716481,62,0,0,0.55
KRRO,0.10060062728025936,78,0,0,0.5
KRSP,-0.023253991029920096,43,0,0,0.7
KRT,0.42434480542725156,95,0,0,0.0
KRUS,-0.014754639116643396,50,1,1,0.65
KRYS,-0.006502716490779565,54,1,1,0.75
KSCP,-0.34942231930486417,4,1,15,0.95
KSPI,0.17314400326637092,86,0,0,0.25
KSS,0.011840754419416306,59,1,3,0.3
KT,0.010657643969097384,59,0,0,0.45
KTB,-0.009022872060182829,53,1,4,0.7
KTCC,-0.023787790038372548,43,1,8,0.6
KTF,-0.03219765048191492,38,1,24,1.0
KTOS,0.09393956295908898,77,1,1,0.35
KTTA,-0.09159510179047466,25,1,1,0.8
KTWOU,-0.012738001752533833,51,1,1,0.65
KULR,-0.23341730206499378,9,1,5,0.9
KURA,0.09730329750207885,78,0,0,0.75
KUST,-0.38234761444655957,4,1,5,0.65
KVHI,-0.20590164504492514,11,1,11,0.75
KVUE,0.019041541369754045,61,1,15,0.75
KVYO,0.19734097545436627,88,0,0,0.35
KWM,-0.6195557840781466,1,1,91,1.0
KWR,0.0836948259218638,76,0,0,0.05
KWY,0.01844393403095421,61,0,0,0.5
KXIN,-0.003937603161557331,55,0,0,0.4
KYIV,-0.1103494376324753,22,1,27,1.0
KYMR,0.22611926815353822,90,0,0,0.5
KYN,0.006767115906667839,58,0,0,0.4
KYNB,0.02063393004557854,62,0,0,0.85
KYTX,0.008785002202393841,58,0,0,0.65
KZIA,-0.051917873793554795,32,0,0,0.6
L,-0.029893288878214373,39,1,15,0.75
LAB,-0.2559572649997666,8,1,14,0.85
LAC,-0.19513653143648008,12,1,4,0.7
LAD,0.17382995190201717,86,0,0,0.1
LADR,-0.01146561553603129,52,0,0,0.65
LAES,-0.12564791725052485,20,1,2,0.75
LAFA,-0.0195134357736819,45,1,13,0.7
LAFAU,-0.016966428007808718,48,1,13,0.7
LAKE,0.04267556939307057,67,1,1,0.35
LAMR,-0.04906968062914216,33,1,15,0.75
LAND,-0.0319077282029403,38,0,0,0.9
LANDO,-0.006608538534181505,54,1,8,0.45
LANDP,-0.01109508324430396,52,1,12,0.6
LANV,-0.28999709703919685,6,1,26,1.0
LAR,-0.22816705691222253,9,1,4,0.8
LARK,0.06324117206622859,72,0,0,0.25
LASE,0.06839583583017314,73,0,0,0.55
LASR,-0.348571281689529,5,1,10,0.7
LATA,-0.019081546143127247,46,0,0,0.65
LATAU,-0.02453910300270129,42,1,15,0.75
LAUR,0.033920083126695894,65,1,1,0.6
LAW,0.12575598768830482,82,0,0,0.2
LAWR,-0.02379125932986177,43,1,13,0.7
LAZ,-0.046372239384196684,34,1,1,0.55
LB,0.18317359585458254,87,0,0,0.3
LBGJ,-0.7938648987108357,0,1,24,1.0
LBRDA,0.13804626410446924,83,0,0,0.2
LBRDK,0.13764288365900518,83,0,0,0.2
LBRDP,-0.0007146911317589717,56,0,0,0.7
LBRT,-0.3082168806500358,6,1,3,0.85
LBRX,0.5257849307873684,97,0,0,0.0
LBTYA,-0.044566550711536077,34,0,0,0.8
LBTYB,-0.002476115726519113,55,0,0,0.55
LBTYK,-0.04703707096897061,34,0,0,0.75
LCCC,-0.01638996561598547,49,0,0,0.65
LCCCU,-0.030850987782377104,39,1,12,0.6
LCFY,-0.21513188157334467,11,1,3,0.8
LCID,-0.08386998365772592,26,1,12,0.6
LCII,0.013815837745505152,60,0,0,0.6
LCNB,0.06115696752477694,71,1,2,0.5
LCTX,-0.1127200184045277,22,1,31,1.0
LCUT,0.09927306997789338,78,0,0,0.25
LDI,-0.22370306654640626,10,1,34,1.0
LDOS,0.2678497041202066,92,0,0,0.0
LDP,-0.029606516930943315,40,1,22,1.0
LE,0.0048179373631947985,57,1,6,0.3
LEA,-0.130742106135,19,1,15,0.75
LECO,0.04825130938031763,68,0,0,0.1
LEDS,-0.06660067334768122,29,1,1,0.55
LEE,-0.04044652848004075,36,0,0,0.9
LEG,-0.1287458387950572,19,1,18,0.9
LEGH,0.11547580939380482,81,0,0,0.1
LEGN,-0.2034360464886393,11,1,1,0.9
LEN,-0.01223416281263202,51,1,1,0.6
LENZ,-0.21781108381828712,10,1,15,0.75
LEO,-0.03966756389211262,36,1,16,0.95
LESL,-0.8369903974377529,0,1,34,1.0
LEU,-0.02275866250360087,44,1,1,0.2
LEVI,-0.12292776935012725,20,1,15,0.75
LFAC,-0.019293249746244755,46,1,13,0.7
LFACU,-0.017251788181492332,48,1,13,0.7
LFCR,-0.08732171734287875,25,1,6,0.8
LFMD,-0.21881399686002737,10,1,28,1.0
LFMDP,-0.026640778881459538,41,1,13,0.65
LFS,0.09673934084141221,78,0,0,0.35
LFST,0.2785125170890066,92,0,0,0.3
LFT,-0.3569056440689619,4,1,38,1.0
LFUS,-0.0871911787198464,25,1,3,0.35
LFVN,0.08290893958710435,76,0,0,0.55
LFWD,0.029022917541767158,64,1,5,0.8
LGCL,-0.9555617165762638,0,1,3,0.55
LGCY,-0.10542929257644325,23,1,13,0.7
LGHL,-0.731471291262476,1,1,55,1.0
LGI,0.014194829291295164,60,0,0,0.75
LGIH,0.061040084932933794,71,1,1,0.6
LGL,0.07631660529157791,74,0,0,0.15
LGN,-0.2496074867674073,8,1,3,0.9
LGND,0.04130816071243014,66,1,18,0.9
LGO,-0.13335657477806936,19,1,4,0.6
LGPS,0.038776426300577205,66,1,16,0.8
LGVN,0.18151601747502377,87,0,0,0.3
LH,0.21913193085573976,89,0,0,0.0
LHAI,-0.180327611065774,14,1,27,1.0
LHSW,0.002175334994203349,56,1,1,0.35
LHX,-0.09008829040341397,25,1,16,0.8
LI,-0.02874451284890352,40,0,0,0.65
LICN,-0.19985164155775959,12,0,0,0.8
LIDR,-0.11733219256614226,21,1,4,0.75
LIEN,-0.014300122473927701,50,0,0,0.9
LIF,-0.06561694490367032,29,1,8,0.45
LIFE,0.8434027952515234,98,0,0,0.05
LII,-0.24991910124223324,8,1,17,0.85
LILA,0.3107991457815221,93,1,1,0.05
LILAK,0.3179711479178812,93,0,0,0.0
LIMN,-1.0062057833404603,0,1,2,0.75
LIN,-0.08067186669618363,27,1,16,0.95
LINC,-0.4273077517569257,3,1,27,1.0
LIND,0.23086957906399164,90,1,1,0.05
LINE,-0.02188739513241925,44,1,15,0.95
LINK,0.065759254668315,72,0,0,0.3
LIQT,-0.3566166612027712,4,1,8,0.95
LITB,0.00550184337990689,58,1,11,0.75
LITE,0.0037532857539582833,57,0,0,0.35
LITS,-0.07936576605693584,27,0,0,0.7
LIVE,-0.15603765794419727,16,1,4,0.85
LIVN,-0.02062908967693261,45,1,4,0.6
LKFN,-0.01920141490189322,46,1,14,0.7
LKFT,-0.028054225815638833,40,0,0,0.9
LKQ,0.01394422445910291,60,0,0,0.55
LKSP,-0.01728776263946099,48,0,0,0.65
LKSPU,-0.009381837356915956,52,1,13,0.65
LLY,0.09581386410455704,78,0,0,0.5
LLYVA,0.04598048439321449,68,0,0,0.5
LLYVK,0.0447556926941875,67,0,0,0.5
LMAT,-0.16324476559156612,15,1,12,0.65
LMB,-0.4595879726159208,3,1,11,0.95
LMND,-0.1826552214181686,14,1,22,1.0
LMNR,0.04735065139465107,68,0,0,0.5
LMRI,0.20700087493288455,89,0,0,0.2
LMT,0.09921032258550741,78,1,1,0.05
LNAI,-0.1988546939692174,12,1,34,1.0
LNC,0.05702067245864828,71,1,2,0.15
LND,-0.0191227094910114,46,0,0,0.65
LNG,0.09257718951109115,77,0,0,0.3
LNKS,-0.43858701499443925,3,1,43,1.0
LNN,0.002530106616287397,57,0,0,0.85
LNSR,0.44099700097645245,96,0,0,0.5
LNT,-0.07115725519868268,28,1,19,0.95
LNTH,-0.05413345849454446,32,1,17,0.9
LNZA,-0.003355272535723059,55,0,0,0.45
LOAN,-0.06605239438763301,29,1,15,0.9
LOAR,0.06722422430358695,73,0,0,0.45
LOB,0.0095056106749801,59,1,3,0.45
LOBO,-0.10938351979277527,22,1,6,0.7
LOCL,-0.21590791041413615,10,1,5,0.9
LOCO,-0.044363161094234896,34,1,10,0.65
LODE,-0.1976914650767015,12,1,3,0.85
LOGI,-0.115800943187954,21,1,12,0.75
LOMA,-0.20912515249620778,11,1,14,0.8
LONA,-0.10631270494746094,23,1,2,0.9
LOOP,-0.26718048570304387,7,1,20,1.0
LOPE,0.004290340252379666,57,1,9,0.7
LOT,0.011350249544230018,59,0,0,0.75
LOVE,-0.009632972769361323,52,1,8,0.75
LOW,0.011844280209467265,59,0,0,0.55
LPA,-0.04610083025126256,34,0,0,0.65
LPAA,-0.03189224895901024,38,1,14,0.8
LPAAU,0.0010575015750978294,56,1,12,0.6
LPBB,-0.016417185773232833,48,0,0,0.65
LPBBU,-0.01694915929599864,48,1,13,0.65
LPCN,-0.08752364333604072,25,1,29,1.0
LPCV,-0.019176138243926322,46,1,13,0.7
LPCVU,-0.02090844486704164,45,1,14,0.75
LPG,0.17250708278652396,86,0,0,0.15
LPL,-0.14030949926103703,18,1,3,0.8
LPLA,0.12438816040396537,82,1,1,0.05
LPSN,0.5676155751453681,97,0,0,0.1
LPTH,-0.03259538246323488,38,0,0,0.35
LPX,-0.009254238422844339,53,1,1,0.6
LQDA,-0.10324331044925485,23,1,7,0.35
LQDT,0.12357858934693332,81,0,0,0.25
LRCX,-0.09726091419103773,24,1,2,0.75
LRE,-0.042025600113529404,35,0,0,0.7
LRHC,-0.49131641951448324,2,1,15,0.9
LRMR,0.09817776559045087,78,0,0,0.1
LRN,-0.029510166245122215,40,0,0,0.75
LSAK,-0.051874031446865844,32,1,7,0.9
LSBK,0.011293363739092333,59,0,0,0.6
LSCC,-0.19866403743311511,12,1,3,0.9
LSE,0.24472211215672773,91,0,0,0.2
LSF,0.03654902081527689,66,1,3,0.7
LSPD,0.05431084790520392,70,0,0,0.7
LSTA,-0.6019755880288841,1,1,23,1.0
LSTR,-0.13309437466494325,19,1,3,0.95
LTBR,-0.18071532764814266,14,1,6,0.5
LTC,0.009157773608042676,58,0,0,0.65
LTH,0.13775786544187385,83,0,0,0.3
LTM,-0.04471869107936442,34,1,8,0.65
LTRN,-0.304848935141338,6,1,32,1.0
LTRX,0.002284103746221164,56,0,0,0.35
LU,-0.026890775507193838,41,1,2,0.35
LUCD,-0.04383495921146914,35,1,1,0.8
LUCK,-0.14450313095925027,18,1,45,1.0
LUCY,-0.15169431228872976,17,1,27,1.0
LUD,-0.10116080484862933,23,1,2,0.85
LULU,0.00045852443030955717,56,1,7,0.4
LUMN,-0.22330753996516706,10,1,4,0.95
LUNG,0.7640666138147723,98,0,0,0.25
LUNR,-0.036408891743066704,37,0,0,0.5
LUV,-0.15708479775347742,16,1,11,0.9
LUXE,-0.017598301900990387,47,1,10,0.5
LVLU,0.34688434036216437,94,1,6,0.3
LVO,-0.3865153800223762,4,1,35,1.0
LVS,-0.03576341208941462,37,1,14,0.7
LVWR,0.0737435741382429,74,1,13,0.65
LW,0.1600161665253651,85,0,0,0.0
LWAC,-0.010472607712995118,52,1,13,0.7
LWACU,-0.01894068124447419,46,1,14,0.75
LWAY,-0.09930006565950451,24,1,9,0.65
LWLG,-0.286458929039545,7,1,3,0.55
LX,-0.21865337258427828,10,1,47,1.0
LXEH,0.17700395604461872,87,0,0,0.05
LXEO,0.0529308186167874,70,0,0,0.55
LXFR,-0.01725963262286085,48,0,0,0.7
LXP,0.05373817979709471,70,0,0,0.5
LXRX,-0.037875687207333905,36,1,1,0.35
LXU,-0.12354680670975694,20,0,0,0.8
LYB,0.06471581206063796,72,0,0,0.3
LYEL,0.11342831827356371,80,0,0,0.6
LYFT,0.19742303952498724,88,0,0,0.05
LYG,-0.0032269615660318156,55,1,4,0.4
LYTS,-0.1721293435169515,14,1,9,0.85
LYV,0.029269592742099452,64,1,1,0.6
LZ,-0.12071276336610383,20,1,10,0.5
LZB,-0.15269163805323951,17,1,3,0.35
LZM,0.039952710157564866,66,0,0,0.35
LZMH,-0.17041541414979003,15,1,20,1.0
M,-0.05753734578951085,31,1,9,0.5
MA,0.10261347778435954,79,0,0,0.3
MAA,-0.013505391367897301,50,1,16,0.8
MAAS,-0.0794770877770062,27,1,7,0.35
MAC,-0.007257521307304837,53,1,14,0.7
MACI,-0.012442582630501709,51,0,0,0.65
MACIU,-0.016085335522639542,49,1,14,0.75
MAGH,-0.02379125932986177,43,1,13,0.7
MAGN,-0.0526402674766209,32,1,13,0.7
MAIA,0.020931483033572815,62,0,0,0.5
MAIN,0.10730390244099462,80,0,0,0.0
MAKO,0.3413423347383976,94,0,0,0.35
MAMA,-0.07255251579996796,28,1,11,0.55
MAMK,-0.02379125932986177,43,1,13,0.7
MAMO,0.05073103428749501,69,1,2,0.2
MAN,0.5938304761969597,97,0,0,0.0
MANE,0.004251718802044401,57,1,2,0.85
MANH,0.4846634863103539,96,0,0,0.0
MANU,0.07642057968960046,74,0,0,0.35
MAR,-0.0679764887952722,29,1,15,0.75
MARA,-0.17972252093308877,14,0,0,0.95
MARPS,-0.024274936156351092,42,0,0,0.9
MAS,-0.03380754953271628,38,1,17,0.85
MASK,-0.16217698445811612,15,1,1,0.95
MASS,0.3364476001626902,94,0,0,0.2
MAT,0.002963025718907785,57,0,0,0.5
MATH,-0.22195380924975752,10,1,12,0.8
MATV,0.4545305399829355,96,0,0,0.0
MATW,-0.2158967038804973,11,1,13,0.65
MATX,0.0404315057587841,66,0,0,0.6
MAX,0.1499577714624633,84,0,0,0.45
MAYS,-0.016544480767890002,48,0,0,0.3
MAZE,0.044411534696604554,67,0,0,0.8
MB,-0.04257782034887432,35,1,2,0.6
MBBC,-0.020032401686988277,45,0,0,0.75
MBC,0.09643590685478458,78,0,0,0.5
MBI,-0.22058889702546935,10,1,23,1.0
MBIN,0.10258286717049044,79,0,0,0.15
MBINL,-0.011948484319935136,51,0,0,0.6
MBINM,-0.018332271377835475,47,1,13,0.65
MBINN,-0.0361157826256289,37,1,14,0.7
MBIO,-0.11588611829838034,21,1,29,1.0
MBLY,-0.016891061954257137,48,0,0,0.6
MBNKO,-0.009391156850959035,52,1,12,0.6
MBOT,-0.19000130927014072,13,1,8,0.85
MBRX,-0.7759051016092786,0,1,37,1.0
MBUU,0.06469916153401421,72,0,0,0.15
MBVI,-0.017677547094520164,47,1,13,0.7
MBVIU,-0.021341267826753062,44,1,13,0.7
MBWM,0.05765080648193309,71,1,2,0.2
MBX,0.4257981531737157,96,0,0,0.0
MC,-0.007641054504671129,53,1,1,0.6
MCB,-0.054983915119426255,31,1,21,1.0
MCBS,0.007238524171846873,58,1,15,0.8
MCD,-0.020968110504074055,45,1,16,0.85
MCFT,0.04550505275816834,68,0,0,0.55
MCGA,-0.016151447530246464,49,0,0,0.65
MCGAU,-0.010553397913952422,52,0,0,0.7
MCHB,0.05578253444059578,70,1,2,0.45
MCHP,-0.1944527667769461,12,1,9,0.95
MCHPP,-0.15715376670769518,16,1,8,0.95
MCHX,0.05420365509189669,70,1,3,0.45
MCI,0.0537103565690389,70,0,0,0.75
MCK,0.051731256782865956,69,1,2,0.35
MCN,6.973782159545167e-05,56,0,0,0.55
MCO,0.04675973262554643,68,0,0,0.7
MCRB,-0.25829066751624913,8,1,31,1.0
MCRI,0.015460122178469603,60,0,0,0.85
MCRP,-0.23479389760291033,9,1,1,0.9
MCS,0.30435922720669467,93,0,0,0.0
MCTA,-0.02379125932986177,43,1,13,0.7
MCY,-0.0137363251888728,50,1,16,0.8
MD,0.05157468846455508,69,0,0,0.55
MDAI,-0.1522589021893641,17,1,5,0.8
MDB,0.3159771231087561,93,0,0,0.15
MDBH,-0.017751526787622377,47,0,0,0.95
MDCX,-0.2912629903075842,6,1,5,0.9
MDGL,-0.03523006467759462,37,1,1,0.6
MDIA,0.07775314164144155,75,0,0,0.6
MDLN,-0.16226913228916678,15,1,11,0.75
MDLZ,0.03838408807794168,66,0,0,0.45
MDRR,-0.022965784320741388,43,1,5,0.45
MDT,0.13057749116015924,82,0,0,0.15
MDU,-0.06946674664603564,29,1,19,0.95
MDWD,-0.13107634385223157,19,1,15,0.85
MDXG,0.07020787107831807,73,0,0,0.45
MDXH,0.3966955779332007,95,0,0,0.65
MEC,-0.26462086907335347,7,1,26,1.0
MED,0.0722739651752613,73,0,0,0.35
MEDP,0.2435256805213898,91,0,0,0.15
MEDS,-0.6359934491791114,1,1,13,0.85
MEGI,-0.02344087665447535,43,1,1,0.7
MEGL,0.017700398784547457,61,0,0,0.6
MEI,-0.003413533353840568,55,1,3,0.55
MELI,0.10587592874632555,79,0,0,0.45
MENS,0.008363207392929641,58,0,0,0.75
MEOH,0.024463564513400194,63,0,0,0.4
MERC,-0.45421482334478247,3,1,12,0.95
MESH,-0.019248770177291163,46,0,0,0.65
MESHU,-0.018629956578868033,46,1,13,0.7
MESO,0.08830883762292828,77,0,0,0.5
MET,0.030475613655221136,64,1,2,0.3
META,-0.11763672515388232,21,1,21,1.0
METC,-0.15726003335499042,16,0,0,0.7
METCB,-0.2794580376206451,7,1,46,1.0
MEVO,-0.021472969948212725,44,1,13,0.7
MEVOU,-0.021266091805760643,44,0,0,0.7
MF,3.0714900132101937,99,0,0,0.05
MFA,-0.05011359203071558,33,1,16,0.95
MFC,0.006947003925146269,58,1,10,0.55
MFG,-0.01813401874318513,47,1,2,0.4
MFI,-0.08618733153057798,26,0,0,0.8
MFIC,-0.014821478335792749,50,0,0,0.8
MFIN,0.1879046722387448,87,0,0,0.15
MFM,-0.03872263097683972,36,1,23,1.0
MG,0.14165101701211286,83,0,0,0.6
MGA,0.055722793666244094,70,0,0,0.2
MGEE,-0.007634761814752665,53,1,16,0.8
MGF,-0.014630801924306724,50,0,0,0.65
MGIH,-0.0463018125909029,34,1,6,0.7
MGLD,-0.08911945719106613,25,1,18,0.95
MGM,-0.034710773056719574,37,1,16,0.85
MGN,-0.9990168027221595,0,1,8,0.8
MGNI,0.32683402282394697,93,0,0,0.1
MGNX,-0.10143032736080534,23,0,0,0.8
MGPI,-0.001406573288775071,55,0,0,0.6
MGRC,-0.017591152320576176,47,1,4,0.65
MGRX,-0.068109415888982,29,1,3,0.3
MGTX,0.26072574328602227,91,0,0,0.45
MGX,-0.03998796500271887,36,1,1,0.95
MGY,0.05395285271278227,70,0,0,0.65
MGYR,0.08219324134292005,75,0,0,0.0
MH,0.281723004456039,92,0,0,0.05
MHD,-0.03331220756037495,38,1,16,0.95
MHF,-0.025556999462441565,42,1,16,0.95
MHH,-0.010767390445574128,52,1,10,0.6
MHK,0.21063585947733493,89,0,0,0.0
MHO,0.01682221114192135,61,1,1,0.65
MIAX,-0.046804467425936615,34,1,9,0.45
MICC,0.13622687274579062,83,0,0,0.3
MIDD,-0.1474493992864073,17,1,12,0.75
MIMI,-0.24999692757152442,8,1,5,0.95
MIN,-0.0052611923524225265,54,0,0,0.8
MIND,-0.2115992912633019,11,1,19,0.95
MINE,0.15261531944074516,84,0,0,0.3
MIR,-0.14442498649816157,18,1,16,0.85
MIRA,-0.2633390431163735,8,1,23,1.0
MIRM,-0.13434163320134165,19,1,23,1.0
MIST,-0.2178069870517324,10,1,7,0.85
MITK,0.08690763554421453,76,0,0,0.55
MITQ,-0.042184097628635425,35,1,25,1.0
MITT,-0.12213452270194701,20,1,25,1.0
MIY,0.01181912942338199,59,0,0,0.6
MKC,0.1111367598333932,80,0,0,0.45
MKDW,0.11437768135120506,80,1,2,0.45
MKL,-0.08294493181486982,26,1,16,0.8
MKLY,-0.018380237976824997,47,0,0,0.65
MKLYU,0.0004570208743097451,56,1,1,0.7
MKSI,-0.23289202910945994,9,1,3,0.95
MKTW,0.011176047420200789,59,1,9,0.5
MKTX,0.3492002113190718,94,0,0,0.0
MKZR,-0.18701515188004433,13,1,3,0.75
MLAAU,-0.02797488614431347,40,1,14,0.75
MLAB,0.19349894057012987,88,0,0,0.25
MLCI,0.013627834369912394,60,0,0,0.75
MLCO,-0.033781857179682205,38,1,14,0.7
MLEC,-0.17110021164035755,15,1,3,0.9
MLGO,-0.021687525412392144,44,0,0,0.75
MLI,-0.07756731051189095,27,1,6,0.3
MLKN,0.23436008675237435,90,1,1,0.05
MLM,-0.09435430626101299,24,1,16,0.85
MLP,-0.11945702745172267,21,1,13,0.65
MLR,0.1176324104434004,81,0,0,0.25
MLSS,0.1857646024132207,87,0,0,0.1
MLTX,-0.20383174562529457,11,1,18,0.95
MLYS,-0.06147579764196448,30,1,1,0.9
MMA,0.13093558068536662,82,0,0,0.9
MMD,-0.02666863818934122,41,0,0,0.9
MMI,0.08077158627617777,75,0,0,0.55
MMLP,-0.05427066292857576,32,1,3,0.55
MMM,0.06403478827785922,72,0,0,0.0
MMS,-0.003365893541700249,55,0,0,0.45
MMSI,0.28074956553481667,92,0,0,0.0
MMT,-0.012818565203378627,51,0,0,0.75
MMTX,-0.01764715910546648,47,0,0,0.65
MMTXU,-0.02379125932986177,43,1,13,0.7
MMU,-0.019998890055242136,45,0,0,0.85
MMYT,0.24369045487852675,91,0,0,0.1
MNDO,0.04816407717921965,68,1,11,0.75
MNDR,-0.5076460516692606,2,1,67,1.0
MNDY,0.21383670719595105,89,0,0,0.15
MNKD,0.12158485627150036,81,0,0,0.65
MNOV,0.004522483552651502,57,0,0,0.85
MNPR,0.35912402703385965,94,1,1,0.1
MNR,-0.03594820338110081,37,1,12,0.6
MNRO,-0.2832700738347618,7,1,17,0.85
MNSB,0.05694649325004887,71,0,0,0.55
MNSBP,0.026145684465022367,63,0,0,0.55
MNSO,-0.12922106998550775,19,1,13,0.65
MNST,-0.5064431110225829,2,1,14,0.8
MNTK,0.15421661823922536,84,0,0,0.3
MNTN,0.46286134965363185,96,0,0,0.25
MNTS,-0.32639972762285735,5,1,48,1.0
MNY,-0.19667640864998007,12,1,22,1.0
MO,-0.08581477284268374,26,1,16,0.8
MOB,0.10186186220842196,79,0,0,0.3
MOBX,-0.406702749388254,3,1,18,0.95
MOD,-0.2999233947604881,6,1,3,0.95
MODD,-0.0032840582930728536,55,0,0,0.85
MOGU,-0.09440231471760589,24,1,13,0.75
MOH,-0.0643094484527693,30,1,4,0.95
MOLN,0.04920943560186429,68,0,0,0.3
MOMO,-0.04900736958555581,33,1,13,0.8
MORN,0.30749255625832966,93,0,0,0.0
MOS,0.022932880400463842,62,0,0,0.5
MOV,-0.020311960429361838,45,1,12,0.65
MOVE,-0.47694376461636906,2,1,35,1.0
MP,0.0473687123106762,68,0,0,0.45
MPA,-0.023600053296954315,43,0,0,0.9
MPAA,-0.14769803364058598,17,1,16,0.9
MPB,0.07997274313531147,75,1,2,0.2
MPC,0.2587405473210805,91,0,0,0.15
MPLT,-0.6739805498094399,1,1,18,0.9
MPLX,0.03298519908822255,65,0,0,0.25
MPT,-0.16368296107964916,15,1,16,0.8
MPTI,-0.06123843201713665,30,1,3,0.65
MPU,-0.34689729792155993,5,1,48,1.0
MPV,-0.011680127083333358,51,1,2,0.7
MPWR,-0.13013615435015694,19,1,3,0.7
MQ,-0.06590230056264942,29,1,11,0.55
MQY,-0.03604798740695404,37,1,16,0.95
MRAM,-0.178770444675946,14,1,1,0.7
MRBK,-0.0004676214182556364,56,1,2,0.65
MRCY,-0.09577693371057663,24,1,3,0.45
MRDN,0.030460659733578265,64,0,0,0.3
MREO,-0.053659540056843036,32,1,1,0.65
MRK,0.2132702446009258,89,0,0,0.35
MRKR,-0.09165282415442236,25,0,0,0.9
MRLN,-0.2565617030962262,8,1,5,0.7
MRM,-0.0374140935298693,37,0,0,0.65
MRNA,1.352205875022302,98,0,0,0.6
MRNO,-0.1885627493620779,13,0,0,0.9
MRP,0.08254037301888671,76,0,0,0.45
MRSH,0.11221937923404142,80,0,0,0.25
MRT,0.03375155443790494,65,0,0,0.35
MRTN,-0.15714738516538826,16,1,22,1.0
MRVI,0.43117182182440955,96,0,0,0.6
MRVL,0.08452272424937055,76,0,0,0.55
MRX,0.09194199733077839,77,0,0,0.3
MS,-0.05995716926706497,30,1,2,0.95
MSA,0.0955978138591963,78,0,0,0.0
MSAI,0.013868076079156539,60,0,0,0.55
MSB,-0.03323922444869428,38,1,1,0.95
MSBI,0.08010929044052946,75,1,2,0.25
MSBIP,-0.01861793441865406,46,0,0,0.65
MSC,-0.07476908990015184,28,1,2,0.8
MSCI,-0.03297959240854561,38,1,16,0.95
MSD,-0.025578767144129076,42,1,15,0.75
MSDL,0.0008142534198888572,56,0,0,0.8
MSEX,0.07189262635397622,73,0,0,0.3
MSFT,0.21684535023671708,89,0,0,0.05
MSGE,0.034187174751092037,65,1,1,0.35
MSGM,-0.16384319031020805,15,1,5,0.8
MSGS,0.02816645504171564,64,1,1,0.45
MSGY,4.316683323765717,99,0,0,0.6
MSI,0.16413795203256318,85,0,0,0.0
MSIF,0.10018139872957159,78,0,0,0.3
MSLE,0.40009968023287307,95,0,0,0.05
MSM,-0.03515071116864921,37,1,14,0.75
MSN,-0.010501813794036873,52,0,0,0.65
MSS,-0.5456591142589166,2,1,1,0.95
MSTR,-0.018302327798798795,47,0,0,0.9
MT,0.07300723441775492,74,1,1,0.05
MTA,0.4946397976649463,96,0,0,0.1
MTB,-0.006785425343587646,53,1,6,0.7
MTC,-0.14372086431368192,18,1,12,0.6
MTCH,0.07747191961950022,75,0,0,0.45
MTD,0.13436972210624773,82,1,1,0.1
MTDR,0.06764623194010681,73,0,0,0.6
MTEK,-0.006157002858069714,54,1,3,0.4
MTEN,-0.25487116954996025,8,1,4,0.8
MTEX,0.3555604377034532,94,0,0,0.3
MTG,0.09467984560917954,78,0,0,0.05
MTH,-0.023708590452707255,43,1,1,0.95
MTLS,-0.005378613384447714,54,1,4,0.75
MTN,0.05873233388475878,71,0,0,0.55
MTNB,-0.5380538646925702,2,1,29,1.0
MTR,-0.17121397986165943,14,1,99,1.0
MTRN,-0.08155904543895731,27,1,3,0.55
MTRX,-0.16033309636158227,16,1,20,1.0
MTSI,-0.20124424461000673,12,1,3,0.65
MTUS,-0.005333701415604571,54,1,2,0.1
MTVA,-0.1932818340767652,12,1,25,1.0
MTW,0.4302858894675971,96,0,0,0.0
MTX,-0.09005846291308549,25,1,11,0.7
MTZ,-0.3011680017202339,6,1,36,1.0
MU,-0.008466366899465946,53,0,0,0.7
MUA,-0.07071558245882684,29,1,24,1.0
MUC,-0.029828026449351418,39,1,16,0.95
MUFG,-0.012688928240944971,51,1,2,0.4
MUJ,-0.014906934213009457,50,1,1,0.9
MUR,0.010540418134858596,59,0,0,0.55
MUSA,-0.04673047579691453,34,1,13,0.65
MUX,0.04657579006507606,68,0,0,0.45
MUZEU,-0.026594877927561187,41,1,13,0.65
MVBF,0.05638499732903064,70,1,2,0.35
MVIS,-0.6925765734860062,1,1,6,0.95
MVST,-0.27824649801298823,7,1,6,0.95
MWA,-0.027519088854884275,41,1,9,0.55
MWG,-0.027035262662723013,41,0,0,0.65
MWH,-0.10953028319585587,22,1,1,0.7
MWYN,0.1616959395233369,85,0,0,0.6
MX,-0.27399861233080947,7,1,7,0.85
MXC,0.10765198605615238,80,0,0,0.25
MXCT,0.1902632877766342,88,0,0,0.5
MXE,-0.03410406651179979,38,1,6,0.65
MXF,-0.02415590608107825,42,1,14,0.7
MXL,-0.3097673076988772,6,1,3,0.85
MYE,0.18611759528311742,87,0,0,0.35
MYFW,-0.026219043458298962,41,1,2,0.9
MYGN,-0.35564340830862134,4,1,20,1.0
MYI,-0.026410470558124274,41,1,16,0.95
MYN,-0.028051565174721748,40,1,16,0.95
MYND,0.12035277408425706,81,0,0,0.5
MYO,0.6106751017843614,97,0,0,0.35
MYPS,-0.1724449010536464,14,1,8,0.8
MYRG,-0.2949346358176828,6,1,36,1.0
MYSE,0.21675850794862078,89,0,0,0.5
MYSZ,4.861104221884798,99,0,0,0.7
MZTI,0.022674650805123053,62,1,1,0.45
NA,-0.073391378995109,28,0,0,0.65
NAAS,0.03073924116606719,64,1,3,0.4
NABL,-0.09069036208269014,25,1,9,0.5
NAC,-0.028314228948542165,40,1,16,0.95
NAD,-0.01974874735785571,45,1,16,0.95
NAGE,-0.1154298579732323,21,1,13,0.9
NAII,-0.1786685688924323,14,1,15,0.8
NAK,-0.1294387281198293,19,0,0,0.65
NAKA,0.26560038815807796,92,0,0,0.05
NAMI,-0.35890919945083005,4,1,5,0.9
NAMM,-0.13626986118721587,18,0,0,0.95
NAMS,-0.15014031807805095,17,1,28,1.0
NAN,-0.05250961921977407,32,1,23,1.0
NAT,0.12382991427731994,82,0,0,0.25
NATH,-0.042195086342637037,35,1,16,0.85
NATL,-0.003139795443263614,55,0,0,0.6
NATR,-0.3387055801917369,5,1,16,0.95
NAUT,-0.5654035668852266,1,1,56,1.0
NAVI,0.07516898134939747,74,0,0,0.3
NAVN,0.20624417075293225,89,0,0,0.1
NAZ,-0.03490375390594942,37,0,0,0.95
NB,-0.13281331721778603,19,1,4,0.55
NBB,-0.013467138448420424,50,0,0,0.9
NBBK,0.05455972601489735,70,1,2,0.25
NBH,-0.02538152676924661,42,1,16,0.9
NBHC,-0.0721311739375109,28,1,21,1.0
NBIS,-0.05699536693335361,31,1,2,0.6
NBIX,-0.09938402567879058,24,1,15,0.75
NBN,-0.011780363430376405,51,1,2,0.5
NBP,0.1074475916402352,80,0,0,0.65
NBR,0.005215649893549494,57,0,0,0.5
NBRGU,-0.022598518044286718,44,1,15,0.8
NBTB,0.0363071044468504,66,1,6,0.55
NBTX,0.08062348365049263,75,0,0,0.6
NBXG,-0.06617308153671189,29,1,2,0.75
NC,-0.1708844423423049,15,1,16,0.95
NCA,-0.018696557765871112,46,0,0,0.85
NCDL,-0.023806689247367875,43,1,15,0.85
NCEL,-0.06414631459780247,30,1,19,0.95
NCEW,-0.07452312305391684,28,0,0,0.75
NCI,0.10829585718743219,80,0,0,0.35
NCL,-0.03242596032369873,38,1,14,0.75
NCLH,-0.13079526252818877,19,1,11,0.75
NCMI,-0.28947342396534703,6,1,11,0.55
NCNA,-0.035908411070332436,37,0,0,0.55
NCNO,0.2485966037827566,91,0,0,0.1
NCPL,-0.5177006768845884,2,1,49,1.0
NCRA,-0.12590259373974685,20,1,3,0.65
NCSM,0.06295535143410773,72,0,0,0.2
NCT,0.4605200052472504,96,0,0,0.0
NCTY,-0.05179750061328128,32,1,3,0.4
NCV,-0.041746236808965456,35,1,4,0.8
NCZ,-0.02048973590104335,45,1,3,0.6
NDAQ,0.0845734754561157,76,0,0,0.1
NDLS,0.18557790301167082,87,1,3,0.2
NDMO,-0.04115014744925724,35,1,15,0.95
NDRA,-0.14307253510273418,18,1,19,0.95
NDSN,0.13348206913428692,82,0,0,0.1
NE,0.04080736030259059,66,0,0,0.3
NEA,-0.03539361252941421,37,1,16,0.95
NECB,0.00043361849717393763,56,1,16,0.8
NEE,-0.057874569699018344,31,1,16,0.8
NEGG,0.06416889874671403,72,0,0,0.35
NEM,0.2571535125585064,91,0,0,0.35
NEN,-0.059102582759090444,31,1,16,0.95
NEO,0.3803731042936353,95,0,0,0.1
NEOG,0.24375826090674718,91,0,0,0.15
NEON,-0.1574523426191607,16,1,6,0.65
NEOV,0.4464375324397299,96,0,0,0.3
NEPH,0.23178025768501992,90,0,0,0.45
NERV,0.052008233182198646,69,0,0,0.65
NESR,0.208385162013601,89,0,0,0.25
NET,0.14328479712534284,83,1,2,0.1
NEU,0.1993186575957197,88,0,0,0.0
NEUP,0.008086581901192266,58,0,0,0.45
NEWP,0.4700310455535909,96,0,0,0.0
NEWT,-0.13173924726860403,19,1,12,0.7
NEWTP,-0.010561346589017539,52,1,14,0.7
NEXA,0.02866526266490645,64,0,0,0.35
NEXM,-0.07118653781695673,28,0,0,0.7
NEXN,0.03850510113032446,66,1,3,0.2
NEXR,-0.5722248213720563,1,1,39,1.0
NEXT,-0.12154046562897484,20,0,0,0.9
NFE,-0.24565822108930002,8,1,68,1.0
NFG,0.02150992842513597,62,0,0,0.5
NFGC,0.07318586948251866,74,0,0,0.4
NFJ,0.019224976422602413,61,0,0,0.4
NFLX,0.07275121030067937,74,0,0,0.5
NG,0.23443692705217206,90,0,0,0.3
NGEN,-0.19053283254498757,13,0,0,0.9
NGG,-0.04913823287988579,33,1,2,0.9
NGL,0.015020896942830177,60,0,0,0.15
NGNE,0.1381948931572427,83,0,0,0.6
NGS,-0.15788930632181014,16,1,3,0.95
NGVC,-0.1215280430057927,20,1,12,0.7
NGVT,-0.06404844687470462,30,1,4,0.55
NHC,0.10535659128127277,79,0,0,0.5
NHI,-0.05244365636429331,32,1,16,0.8
NHPAP,0.09435477550910051,77,0,0,0.15
NHPBP,0.11039539448379697,80,0,0,0.25
NHS,-0.027989338866885226,40,1,16,0.95
NHTC,-0.1321638880969702,19,1,18,0.95
NI,-0.13139451464637517,19,1,19,0.95
NIC,0.08476454203781177,76,1,2,0.2
NICE,0.11538563962557348,81,0,0,0.3
NIE,-0.031057435917387834,39,1,3,0.95
NIKI,-0.06855392484893515,29,1,6,0.4
NIM,-0.024599697887890612,42,1,16,0.8
NIO,-0.10759648771043993,22,1,14,0.85
NIPG,0.6497962409999235,98,0,0,0.5
NIU,-0.214408184252501,11,1,12,0.6
NIVF,-0.6715547534480375,1,1,86,1.0
NIXX,-0.2215453331907135,10,1,27,1.0
NJR,-0.06518755054617667,29,1,15,0.75
NKE,-0.08456626091601661,26,1,16,0.9
NKLR,0.05680163578954764,71,0,0,0.1
NKSH,0.12261259401031784,81,0,0,0.0
NKTR,0.06861340870219174,73,0,0,0.15
NKTX,-0.06932315783065954,29,0,0,0.85
NKX,-0.043933056094433515,35,1,16,0.95
NL,0.050630196123596816,69,0,0,0.3
NLOP,-0.031445251630786285,39,1,12,0.65
NLY,0.04474777779287971,67,0,0,0.55
NMAD,-0.2827401335244163,7,1,33,1.0
NMAI,0.011141680972339005,59,1,2,0.4
NMAX,0.41468954968179517,95,0,0,0.35
NMCO,-0.04232339560926,35,1,15,0.95
NMFC,0.03423132804235236,65,0,0,0.3
NMG,-0.0906516056265934,25,1,3,0.75
NMI,-0.03228630445770529,38,1,15,0.75
NMIH,0.12191036233821471,81,0,0,0.05
NML,0.031921929980634034,64,0,0,0.35
NMM,0.13935179434595749,83,0,0,0.2
NMP,-0.0188744473625438,46,1,13,0.7
NMPAU,-0.02728821720911262,41,1,13,0.65
NMR,0.003921862819967606,57,1,5,0.45
NMRA,-0.07232051361019112,28,1,2,0.65
NMRK,0.039500399483723136,66,0,0,0.75
NMS,-0.11060272275100401,22,1,15,0.8
NMT,-0.036151520094525505,37,1,17,0.85
NMTC,-0.1987294644931807,12,0,0,0.9
NMZ,-0.028550496646556844,40,1,16,0.95
NN,0.11683602635599742,81,0,0,0.4
NNBR,0.27459732272355364,92,0,0,0.15
NNDM,0.026720276796305727,63,1,3,0.25
NNE,-0.1342420918558343,19,1,1,0.6
NNI,-0.05588091236038116,31,1,13,0.65
NNN,-0.030741565425144512,39,1,15,0.75
NNNN,-0.46132998554139365,3,1,15,0.95
NNOX,-0.3527748830054445,4,1,12,0.95
NNVC,-0.13341458470001424,19,1,16,0.9
NNY,-0.061834070324204404,30,1,23,1.0
NOA,-0.05272729727008188,32,1,6,0.55
NOAH,-0.03345078731712773,38,0,0,0.9
NOC,0.05149299229139853,69,0,0,0.05
NODK,-0.03534651843854632,37,1,15,0.8
NOEM,0.022532649192247133,62,0,0,0.5
NOEMU,0.04280512435693777,67,0,0,0.1
NOG,0.24350899368107543,91,0,0,0.25
NOK,-0.170050006690616,15,1,2,0.75
NOMA,-0.3268137915373466,5,1,18,0.95
NOMD,0.05612558390626643,70,1,1,0.5
NOV,-0.006360849578245075,54,1,1,0.45
NOVT,-0.05292523910273031,32,1,3,0.5
NOVTU,-0.035444870796398575,37,1,3,0.55
NOW,0.32552620727819587,93,0,0,0.1
NP,0.09075220506201635,77,0,0,0.55
NPAC,-0.016600438514375426,48,0,0,0.65
NPACU,-0.020048588415852085,45,1,12,0.65
NPB,-0.06445034129773788,30,1,21,1.0
NPCE,-0.12435662947259282,20,1,27,1.0
NPCT,-0.018571066286103985,46,0,0,0.8
NPFD,-0.009224442154951884,53,0,0,0.75
NPK,0.1538732030501033,84,0,0,0.2
NPKI,-0.11013415395060915,22,1,1,0.8
NPO,-0.10926586526275242,22,1,3,0.75
NPT,0.621795022795534,97,0,0,0.0
NPV,-0.06342946687478915,30,1,34,1.0
NPWR,-0.030281508675861976,39,0,0,0.6
NRC,0.07454334984519402,74,0,0,0.6
NRDS,0.13051633284967057,82,0,0,0.4
NRDY,10.396264792893668,99,0,0,0.85
NREF,0.07802342890449908,75,0,0,0.35
NRG,-0.1874294917706244,13,1,13,0.9
NRGV,-0.05557747115485594,31,0,0,0.5
NRIM,-0.039485990420367004,36,1,16,0.9
NRIX,0.3696109235735232,95,0,0,0.05
NRK,-0.0394987479176724,36,1,16,0.95
NRO,-0.015343507055124238,49,1,15,0.75
NRP,0.03675141391728361,66,0,0,0.25
NRSN,-0.5509531889146173,2,1,37,1.0
NRT,0.10119972283674714,78,0,0,0.0
NRXP,-0.13337104396394656,19,0,0,0.9
NRXS,-0.1405305801803207,18,1,8,0.85
NSC,0.06837858825487575,73,0,0,0.5
NSIT,0.3276583402443589,94,0,0,0.0
NSLR,-0.1694893935739972,15,1,6,0.95
NSP,0.3052275389996529,93,0,0,0.15
NSPR,0.17393280984908804,86,0,0,0.5
NSRX,0.2729289326022722,92,0,0,0.2
NSSC,0.01586319708788599,60,1,7,0.45
NSTS,-0.0027533685770471765,55,0,0,0.65
NSYS,-0.21964341942542684,10,1,6,0.75
NTAP,0.24668308640122866,91,0,0,0.0
NTB,-0.032430120729045185,38,1,3,0.45
NTCL,-0.5686601245138226,1,1,49,1.0
NTCT,-0.07686246830766748,27,1,27,1.0
NTES,-0.02758013250072656,41,1,8,0.7
NTGR,-0.15341585477543504,16,1,13,0.75
NTHI,0.03343816559671939,65,0,0,0.7
NTIC,-0.019136198567810826,46,0,0,0.8
NTIP,-0.0027598146139746725,55,0,0,0.55
NTLA,-0.025052588058079625,42,0,0,0.9
NTNX,0.28733686322253943,92,0,0,0.0
NTR,0.08144564070623916,75,0,0,0.5
NTRA,0.3366379674035721,94,0,0,0.2
NTRB,0.21134153302338582,89,0,0,0.55
NTRP,-0.34235664781188213,5,1,51,1.0
NTRS,0.01982565359193127,62,1,2,0.35
NTRSO,-0.028889384894419067,40,1,15,0.95
NTSK,0.30440789514544103,93,0,0,0.05
NTST,-0.028162296751676762,40,1,14,0.7
NTWK,-0.08225660225833117,26,1,16,0.95
NTWO,0.029313822401632095,64,0,0,0.55
NTWOU,0.1038189274939438,79,0,0,0.55
NTZ,-0.32627840068977443,5,1,93,1.0
NU,0.02138315811243684,62,0,0,0.4
NUAI,-0.020585499248841715,45,0,0,0.45
NUCL,-0.06213791064190445,30,0,0,0.4
NUE,-0.00516210171856437,54,1,2,0.1
NUS,-0.13767892007617188,18,1,9,0.8
NUTX,0.21058793988697905,89,0,0,0.55
NUV,-0.03400165468749654,38,1,15,0.85
NUVB,0.15619437863872013,85,0,0,0.35
NUW,-0.027039462388078417,41,0,0,0.85
NUWE,-0.7469892265756636,1,1,15,0.95
NVA,-0.002762154470745525,55,0,0,0.6
NVAX,-0.029225635600911373,40,0,0,0.9
NVCR,0.1137765219220493,80,0,0,0.45
NVCT,0.5483781999976609,97,0,0,0.45
NVDA,-0.006405705636650369,54,0,0,0.25
NVEC,0.18213771114439567,87,1,3,0.2
NVG,-0.03020522614267549,39,1,16,0.95
NVGS,-0.01835588903084098,47,0,0,0.45
NVMI,-0.24851632362192927,8,1,36,1.0
NVNI,-0.07378431573262345,28,1,12,0.95
NVNO,0.004460525715509322,57,1,2,0.55
NVO,-0.02602406016125054,41,1,15,0.75
NVR,-0.01981608124313855,45,1,1,0.8
NVRI,-0.09162184916997598,25,1,12,0.8
NVS,0.008952139022272768,58,0,0,0.6
NVST,0.021684811948821815,62,1,2,0.3
NVT,-0.09394783417536859,24,1,2,0.4
NVTS,-0.23494337946168148,9,1,3,0.7
NVX,-0.1910433077990183,13,1,3,0.8
NWAX,-0.01682247376924546,48,0,0,0.65
NWBI,0.023607268487361634,63,1,2,0.5
NWE,-0.022820546469358893,43,0,0,0.75
NWFL,0.09441805960483764,78,0,0,0.1
NWG,0.040561481919674916,66,1,2,0.1
NWGL,0.9037987826432741,98,0,0,0.45
NWL,0.19324875834716015,88,1,1,0.15
NWN,-0.008869668161646815,53,0,0,0.7
NWPX,-0.17963219636139133,14,1,23,1.0
NWS,0.0942456524681717,77,0,0,0.2
NWSA,0.09256218694506953,77,0,0,0.25
NWTG,0.3417196137966389,94,0,0,0.1
NX,0.09424093189405115,77,1,1,0.2
NXB,-0.10897416877429804,22,1,7,0.7
NXDR,0.036431578976922466,66,1,2,0.45
NXDT,0.10471334682388743,79,0,0,0.65
NXE,0.003931758398970673,57,0,0,0.3
NXG,-0.03671561592760264,37,1,2,0.6
NXGL,-0.22289213000338937,10,1,4,0.9
NXH,-0.24580199480947504,8,1,12,0.9
NXL,-0.20464006510616545,11,1,17,0.85
NXP,-0.02396279608129189,42,1,16,0.8
NXPI,-0.27200590727345647,7,1,42,1.0
NXPL,0.3611046310234053,94,0,0,0.5
NXRT,-0.12080976999424099,20,1,15,0.9
NXST,0.04192541690344789,67,0,0,0.45
NXT,-0.26047481743675055,8,1,41,1.0
NXTC,0.8874653927265137,98,0,0,0.1
NXTS,-0.40523746634747077,3,1,39,1.0
NXTT,6.9958378332986015,99,0,0,0.55
NXXT,-0.4943349538229396,2,1,5,0.95
NYAX,-0.32273903939101317,5,1,12,0.65
NYC,-0.18620035883904656,13,1,11,0.65
NYT,-0.12758488038588725,20,1,14,0.8
NYXH,-0.06709774557509846,29,0,0,0.6
NZF,-0.02638260263701517,41,1,16,0.95
O,-0.014907965713288784,50,0,0,0.7
OABI,0.9190682904041939,98,0,0,0.5
OACC,-0.019107833068725277,46,1,13,0.7
OACCU,-0.0015546517651309662,55,1,12,0.65
OBA,-0.01881352498265354,46,0,0,0.65
OBAI,-0.4225930865448861,3,1,31,1.0
OBAWU,-0.0174360358819957,48,1,13,0.65
OBDC,0.022439671269904867,62,0,0,0.35
OBE,0.15895777923906393,85,0,0,0.25
OBIO,0.39175171794977615,95,0,0,0.1
OBK,0.04150207409224434,67,1,4,0.45
OBT,0.03338172423159269,65,1,2,0.4
OC,0.11942775370025561,81,1,1,0.2
OCC,-0.11019033637532628,22,1,2,0.6
OCCI,0.006442308400237632,58,0,0,0.6
OCCIM,-0.011601776952802489,51,1,13,0.7
OCCIN,-0.010972301609295475,52,0,0,0.65
OCFC,-0.009117102596500413,53,1,2,0.6
OCG,-0.019567590054204484,45,0,0,0.55
OCGN,0.04263602161772566,67,0,0,0.65
OCS,-0.02913182199371057,40,0,0,0.55
OCSL,0.10238033705578233,79,0,0,0.35
OCUL,0.23201805656338992,90,0,0,0.5
ODC,0.008719189149736798,58,1,14,0.75
ODD,-0.14508413314650612,17,1,16,0.9
ODFL,-0.10984349485004824,22,1,18,0.9
ODYS,-0.2870152641476656,7,1,19,0.95
OEC,-0.16636789686592401,15,1,8,0.65
OESX,0.9253902884198868,98,0,0,0.4
OFAL,4.102836669357825,99,0,0,0.25
OFG,0.03321869300509303,65,1,2,0.35
OFIX,-0.06931262656405231,29,1,12,0.6
OFLX,-0.08453799375616954,26,1,10,0.85
OFRM,-0.041710570256345066,35,1,1,0.75
OFS,0.013893297326407001,60,0,0,0.75
OGC,0.16126962225951189,85,0,0,0.2
OGCP,-0.1770459365314528,14,1,15,0.8
OGE,-0.05653965054771755,31,1,17,0.85
OGEN,-0.04883997605017572,33,0,0,0.9
OGG,0.1668198358365518,86,0,0,0.35
OGI,0.2298153808898421,90,0,0,0.3
OGN,-0.0020958972832709304,55,0,0,0.6
OGS,0.01660721949309017,61,0,0,0.6
OHI,-0.04697572098938918,34,1,14,0.7
OI,-0.3183174021185918,5,1,18,0.95
OIA,-0.032406555161315985,38,1,16,0.9
OII,0.2679366254624641,92,0,0,0.0
OIMAU,-0.019559949788097143,45,1,13,0.65
OIO,-0.15210548885828673,17,1,2,0.95
OIS,-0.0017963924857888544,55,0,0,0.45
OKE,0.03846480524553639,66,0,0,0.5
OKLO,-0.20855295606838078,11,1,5,0.85
OKTA,0.10429687459724556,79,1,4,0.35
OKUR,-0.05121676648772433,33,1,2,0.95
OKYO,-0.01922107115139974,46,1,12,0.65
OLB,-0.2351496531233016,9,1,26,1.0
OLED,-0.017338821208665686,48,0,0,0.4
OLLI,0.0216731250892649,62,1,1,0.25
OLMA,-0.04329755932682958,35,1,8,0.75
OLN,-0.2384192127127652,9,1,16,0.9
OLOX,-0.6456201198902475,1,1,19,0.95
OLP,-0.016411402039584286,49,0,0,0.75
OM,-0.023703071856957487,43,1,7,0.5
OMAB,-0.06136208495847219,30,1,10,0.75
OMC,0.12954289948971817,82,0,0,0.25
OMCL,-0.15527934726399623,16,1,17,0.95
OMDA,0.18076163196481665,87,0,0,0.55
OMER,0.7648697919723527,98,0,0,0.05
OMEX,0.015461121262180782,60,0,0,0.35
OMF,0.05930590985723383,71,1,1,0.05
OMH,-0.8105014696887877,0,1,19,0.95
OMSE,0.005310695430718736,57,0,0,0.5
ON,-0.313256069475385,6,1,39,1.0
ONB,-0.005909810845020767,54,1,13,0.65
ONBPO,-0.011169511482227445,52,0,0,0.65
ONBPP,-0.007275922697443683,53,0,0,0.65
ONC,0.21393562866154328,89,0,0,0.1
ONCH,-0.01978453426910385,45,0,0,0.65
ONCHU,-0.023192782090130804,43,1,15,0.75
ONCO,-0.3126877346604296,6,1,7,0.9
ONCY,-0.0838789517133598,26,1,1,0.9
ONDS,-0.038191769869842594,36,1,1,0.2
ONEG,-0.14416938726831835,18,1,39,1.0
ONEW,-0.053344750928444436,32,1,12,0.65
ONFO,8.289127594148113,99,0,0,0.55
ONIT,-0.05381707023223724,32,1,16,0.8
ONL,0.006363315542266899,58,0,0,0.55
ONMD,-0.08221407474403687,26,1,4,0.55
ONON,-0.21016488863829536,11,1,8,0.7
ONT,-0.18809756256697,13,1,10,0.55
ONTO,-0.03284359708265183,38,1,2,0.6
OOMA,0.03682748229010986,66,1,7,0.4
OPAD,0.9548456197788914,98,1,6,0.7
OPAL,-0.05082764953297905,33,1,7,0.6
OPBK,0.05033369413068674,69,1,6,0.5
OPCH,0.07370900794196418,74,0,0,0.1
OPEN,-0.2267209851955908,10,1,30,1.0
OPFI,-0.21014043131501461,11,1,10,0.55
OPHC,0.5499135214969092,97,0,0,0.0
OPK,0.1385449541665622,83,0,0,0.45
OPLN,-0.13268383238456577,19,1,13,0.7
OPP,-0.019264763023443997,46,1,15,0.75
OPRA,-0.03922890858767332,36,1,4,0.5
OPRT,0.3167916030909487,93,0,0,0.2
OPRX,0.42288618925681953,95,0,0,0.05
OPTT,-0.1839734554390635,13,1,1,0.75
OPTU,-0.05770283556273806,31,0,0,0.85
OPTX,-0.07443278719905846,28,0,0,0.6
OPXS,-0.11978598792567535,21,1,25,1.0
OPY,0.019462728205296823,62,1,2,0.35
OR,0.08367300713580395,76,0,0,0.35
ORA,-0.08563071310744427,26,1,1,0.5
ORBS,0.06557122875989445,72,0,0,0.55
ORC,0.005480576483388486,57,0,0,0.8
ORCL,-0.0634712772403138,30,1,3,0.45
ORGO,-0.27984739874575904,7,1,16,0.85
ORI,0.011018515021666665,59,1,13,0.65
ORIC,0.41816676526370405,95,0,0,0.05
ORIO,0.10956840085150409,80,0,0,0.65
ORIQ,-0.01728773725251398,48,0,0,0.65
ORIQU,-0.020850071584576944,45,1,13,0.7
ORKA,0.2569560754952899,91,0,0,0.0
ORKT,-0.09397990813065743,24,1,17,0.85
ORLY,-0.003779366790581374,55,1,7,0.4
ORMP,0.15416573738208866,84,0,0,0.35
ORN,-0.37201777530150654,4,1,36,1.0
ORRF,0.04508539559458638,67,1,2,0.35
OSBC,0.10028014589491777,78,0,0,0.05
OSCR,0.11274213260780348,80,0,0,0.45
OSG,-0.25597887640763156,8,1,22,1.0
OSIS,0.0007481178438703585,56,1,3,0.25
OSK,0.05978460539056471,71,0,0,0.4
OSPN,0.09251391662613263,77,1,4,0.2
OSRH,-0.33019816850398953,5,1,2,0.4
OSS,-0.2523358942409694,8,1,4,0.9
OST,-0.02379125932986177,43,1,13,0.7
OSTX,-0.08099665417495767,27,0,0,0.95
OSUR,-0.01702779574340736,48,1,13,0.95
OSW,-0.021101775384317643,44,1,16,0.85
OTEX,0.11591933955645588,81,0,0,0.5
OTF,0.062432502366594284,72,0,0,0.4
OTGA,-0.016600606664305028,48,1,13,0.7
OTGAU,-0.021161334283740542,44,1,13,0.7
OTIS,-0.022812994286356414,43,1,15,0.8
OTLK,-0.16511381117440238,15,1,26,1.0
OTLY,0.5692773435767928,97,0,0,0.1
OTTR,0.004835623640167253,57,0,0,0.7
OUST,-0.05085081464363242,33,1,3,0.4
OUT,-0.08466937479001295,26,1,15,0.85
OVBC,-0.024271636712325715,42,0,0,0.65
OVID,0.1351213194964907,83,0,0,0.4
OVLY,0.01780971372263911,61,0,0,0.55
OVV,0.11897161456622836,81,0,0,0.2
OWL,0.2268767731381902,90,0,0,0.0
OWLS,-0.012771358910318486,51,0,0,0.9
OWLT,0.01908604574683732,61,1,1,0.7
OXBR,0.10673054272063835,80,1,4,0.65
OXLC,0.06541483633952419,72,0,0,0.15
OXLCN,-0.01112387331979856,52,0,0,0.65
OXLCO,-0.010914201094863539,52,0,0,0.65
OXM,-0.14025999472402234,18,1,16,0.8
OXSQ,0.07452641188076185,74,1,6,0.6
OXY,0.07605661525215192,74,0,0,0.3
OYSE,-0.017660127045818742,47,1,13,0.7
OYSEU,-0.033858505708885656,38,1,14,0.75
OZ,0.01660359363691748,61,0,0,0.5
OZK,-0.03485143026528007,37,1,14,0.7
OZKAP,-0.01292213962358717,51,0,0,0.65
P,0.424062135489347,95,0,0,0.1
PAA,0.05141685021490851,69,0,0,0.5
PAACU,-0.03261538108199306,38,1,14,0.9
PAAS,0.057251506484248024,71,0,0,0.55
PAC,-0.12294284238655577,20,1,33,1.0
PACB,-0.09187094685293647,25,1,15,0.95
PACH,-0.019044880578434495,46,0,0,0.65
PACHU,-0.017391370506900136,48,1,13,0.7
PACK,-0.26309044309375296,8,1,20,1.0
PACS,0.04915374965864798,68,1,7,0.5
PAG,0.13447162383880948,82,0,0,0.0
PAGP,0.06654359535138545,72,0,0,0.45
PAGS,-0.10761206169113086,22,1,12,0.6
PAHC,0.03549512263117112,65,0,0,0.4
PAI,-0.023578490454809118,43,0,0,0.85
PAII,-0.01868829675812884,46,1,13,0.7
PAL,-0.24993628394541217,8,1,8,0.8
PALI,0.07333247600642641,74,0,0,0.25
PALOU,-0.025674211281624292,41,1,13,0.7
PAM,-0.09809385920860546,24,1,14,0.7
PAMT,-0.15327268022992283,17,1,12,0.6
PANL,0.01892849615099605,61,0,0,0.4
PANW,0.14709827678695686,84,1,2,0.35
PAPL,0.033599353897524345,65,0,0,0.45
PAR,0.22832164842601094,90,0,0,0.1
PARA,-0.48693838975447834,2,1,99,1.0
PARK,0.12578938443591148,82,0,0,0.35
PARR,0.09640950691977375,78,1,2,0.35
PASG,-0.15077214186234103,17,1,18,0.9
PASW,-0.07864528804011585,27,0,0,0.95
PATH,0.4858487554605812,96,0,0,0.05
PATK,-0.04319497006529953,35,1,1,0.8
PAVM,-0.09324446448627187,24,0,0,0.75
PAVS,-0.23978577537048654,9,1,110,1.0
PAX,0.014547703760356478,60,0,0,0.5
PAXS,-0.01871327938031798,46,1,14,0.9
PAY,0.5223254131764689,97,0,0,0.0
PAYC,0.6290897175340938,97,0,0,0.05
PAYO,0.07251013943649501,74,1,13,0.65
PAYS,0.7616950669392054,98,0,0,0.0
PAYX,0.18698412076617474,87,0,0,0.05
PB,-0.01077578336750986,52,1,13,0.65
PBA,-0.020616755066308966,45,0,0,0.65
PBAM,0.104175943414567,79,0,0,0.0
PBF,0.38642277441136225,95,0,0,0.15
PBFS,0.003570958925660162,57,1,14,0.7
PBH,0.03901378856297523,66,1,7,0.35
PBHC,0.052123544845818576,69,0,0,0.55
PBI,-0.07453094939451498,28,1,15,0.75
PBK,-0.25817261415854675,8,1,45,1.0
PBM,0.18335029635960207,87,0,0,0.25
PBR,0.007864001802245887,58,0,0,0.55
PBT,0.18343402477712753,87,0,0,0.0
PBYI,0.1361501479901891,83,0,0,0.5
PC,-0.02379125932986177,43,1,13,0.7
PCAP,-0.01610333615015329,49,0,0,0.65
PCAPU,-0.01886288155727851,46,1,13,0.65
PCAR,0.023720088236075455,63,1,12,0.6
PCB,-0.016780581121872015,48,1,2,0.85
PCF,-0.023663504017114357,43,1,2,0.85
PCG,0.01787607611668982,61,0,0,0.55
PCLA,1.690377976005088,99,0,0,0.2
PCM,-0.041462833635538245,35,1,16,0.85
PCN,-0.008499862432941006,53,1,15,0.75
PCOR,0.43199961668469816,96,0,0,0.1
PCQ,-0.01468322548071068,50,0,0,0.9
PCRX,-0.03616704986912391,37,1,12,0.6
PCSA,-0.12780433242115388,20,1,5,0.6
PCT,-0.12887999822763008,19,1,1,0.6
PCTTU,0.13547550125890512,83,1,13,0.7
PCTY,0.3125842180409149,93,0,0,0.0
PCVX,0.13710547417603797,83,0,0,0.35
PCYO,0.06339306374230676,72,0,0,0.3
PD,0.4021639541314051,95,0,0,0.1
PDC,-0.38284464444556116,4,1,35,1.0
PDCC,-0.11451336340620426,21,1,21,1.0
PDD,0.03791695428482188,66,0,0,0.3
PDEX,0.11458684580889296,80,0,0,0.25
PDFS,-0.19727041504563192,12,1,3,0.9
PDI,-0.08418901019870545,26,1,23,1.0
PDLB,0.024293907723026375,63,1,2,0.4
PDM,0.05209596763040289,69,0,0,0.6
PDO,-0.039009929972534454,36,1,15,0.9
PDPA,-0.013319037788798081,50,0,0,0.65
PDS,-0.0029463344689012252,55,0,0,0.5
PDSB,-0.7707488982533349,0,1,9,0.95
PDT,-0.025108691614871812,42,1,15,0.75
PDX,0.01840265117847231,61,0,0,0.45
PDYN,0.023106686742006107,62,0,0,0.3
PEB,-0.0059012465978449495,54,0,0,0.65
PEBK,0.011087288183900878,59,0,0,0.4
PEBO,0.046023626452338415,68,1,2,0.35
PECO,-0.0771636472875225,27,1,15,0.75
PED,0.012106089805246831,59,0,0,0.7
PEG,-0.08439902998567785,26,1,18,0.9
PEGA,0.1651669930137406,86,0,0,0.3
PEN,-0.009260769918691491,53,0,0,0.55
PENG,-0.15131010518189092,17,1,3,0.85
PENN,-0.08962005528918708,25,1,16,0.85
PEO,0.07614645242112329,74,0,0,0.2
PEP,-0.004826090205450419,54,0,0,0.7
PEPG,0.6856421229792617,98,0,0,0.45
PERF,0.014313304285041416,60,1,12,0.6
PERI,0.03067094397429754,64,1,1,0.45
PESI,0.32170627036735755,93,1,1,0.05
PETS,-0.12525143241375172,20,1,5,0.7
PETZ,-0.02480575681387484,42,1,4,0.6
PEW,-0.02943805004258708,40,1,5,0.7
PFAI,-0.1768768532608198,14,0,0,0.85
PFBC,0.005201375181738389,57,1,3,0.75
PFD,-0.03119758722161685,39,1,16,0.95
PFE,0.10334470119861187,79,0,0,0.1
PFG,0.001677832856197995,56,1,10,0.6
PFGC,-0.030075722426813157,39,1,12,0.6
PFIS,0.0724846382775068,74,0,0,0.3
PFL,-0.021409740458594426,44,1,15,0.75
PFLT,0.004200443267444842,57,0,0,0.5
PFN,-0.006710823079975125,54,1,14,0.7
PFO,-0.026562674255477304,41,1,15,0.8
PFS,0.00216098086037142,56,1,2,0.45
PFSA,1.6774861797385263,99,0,0,0.8
PFSI,-0.1141941169434073,21,1,15,0.8
PFX,0.144071201175404,83,0,0,0.25
PG,-0.04602320831969525,34,1,16,0.8
PGAC,-0.01750263121932203,48,1,13,0.65
PGACU,-0.016771722609061457,48,1,14,0.75
PGC,-0.015760719907523646,49,1,16,0.8
PGEN,0.4388044826207919,96,0,0,0.05
PGNY,-0.11150931333470776,22,1,12,0.6
PGP,-0.008077838636921929,53,1,1,0.7
PGR,0.05133066336199099,69,0,0,0.7
PGY,0.2800221195308184,92,0,0,0.15
PGZ,-0.010485498618886646,52,1,15,0.75
PH,0.03591613976005388,65,1,2,0.2
PHAR,-0.12126554673702604,20,1,5,0.95
PHAT,-0.25355945446445594,8,1,15,0.75
PHG,0.011085901950366964,59,0,0,0.7
PHGE,-0.539768589414949,2,1,57,1.0
PHI,-0.009132180964272398,53,1,10,0.6
PHIN,-0.10402317558542577,23,1,15,0.9
PHIO,0.11675189100315202,81,0,0,0.55
PHK,-0.02675440933202826,41,1,15,0.75
PHM,0.004827884767929346,57,1,1,0.55
PHOE,0.07590424365863474,74,1,1,0.55
PHR,0.18776476827182365,87,0,0,0.2
PHUN,-0.020808342112086972,45,1,10,0.6
PHVS,0.08859978992811164,77,0,0,0.45
PI,0.1518870595955066,84,1,1,0.2
PICS,-0.14735762192867452,17,1,9,0.45
PII,-0.10212687838155164,23,1,11,0.75
PIII,-0.011764006578833372,51,1,6,0.6
PIM,-0.012124060140739967,51,0,0,0.85
PINE,-0.04596443991968996,34,1,15,0.8
PINS,0.07538067044089726,74,1,4,0.5
PIPR,-0.09625295000395376,24,1,5,0.75
PJT,0.03968880930241121,66,0,0,0.3
PK,0.12217617078392477,81,0,0,0.4
PKBK,0.05016516704764935,69,1,2,0.35
PKE,-0.010366549365494703,52,1,2,0.25
PKG,0.07858800948443809,75,1,1,0.1
PKOH,0.24191257951084233,90,0,0,0.0
PKX,-0.015893030591930948,49,0,0,0.25
PL,-0.19818811633967112,12,1,3,0.8
PLAB,-0.14399872752736603,18,1,3,0.45
PLAG,-0.1856508555339486,13,1,7,0.95
PLAY,-0.13073472262628744,19,1,12,0.85
PLBC,0.051161605445643896,69,0,0,0.3
PLBL,-0.19290256673223002,12,1,4,0.9
PLBY,-0.096514157752169,24,0,0,0.8
PLCE,-0.19556167707759067,12,1,32,1.0
PLD,-0.04837041157023775,33,1,15,0.75
PLG,0.05559025139386377,70,0,0,0.4
PLGO,-0.03915732664987348,36,1,13,0.65
PLMK,-0.013163672759324329,51,0,0,0.75
PLMKU,-0.026293621068000247,41,0,0,0.95
PLMR,0.025814421249711682,63,1,14,0.75
PLNT,-0.00882605758857553,53,0,0,0.45
PLOW,-0.1464471975562386,17,1,19,0.95
PLPC,0.18696989103495165,87,0,0,0.2
PLRX,-0.025592009440425046,42,0,0,0.8
PLRZ,-0.265878261393173,7,1,18,0.9
PLSE,0.6316703613478759,98,0,0,0.0
PLSM,-0.2182014866541408,10,1,32,1.0
PLTK,-0.38349545911602895,4,1,12,0.65
PLTR,0.36484887909875885,94,0,0,0.3
PLTS,-0.02379125932986177,43,1,13,0.7
PLUG,-0.16102804333559445,15,1,1,0.75
PLUR,-0.14638775581269645,17,0,0,0.75
PLUS,0.011314427529519767,59,1,11,0.55
PLUT,-0.11704126745582805,21,1,12,0.75
PLX,0.04568998492447386,68,0,0,0.45
PLXS,-0.13116086024681897,19,1,3,0.65
PLYX,-0.1459908769218174,17,1,4,0.85
PM,0.008342886522423983,58,0,0,0.6
PMA,-0.045446896638311716,34,0,0,0.7
PMAX,-0.4450019267104074,3,1,38,1.0
PMCB,-0.24683540165644247,8,1,35,1.0
PMEC,-0.1570154849575195,16,0,0,0.8
PML,-0.024963823739729694,42,1,16,0.95
PMM,-0.03029488894765926,39,1,16,0.9
PMN,0.2092303231347553,89,0,0,0.25
PMO,-0.02620557802757174,41,1,23,1.0
PMT,-0.0664856203911464,29,1,33,1.0
PMTR,-0.0249403548252501,42,1,15,0.75
PMTRU,0.015663917730059953,60,0,0,0.5
PMTS,0.4610236158950019,96,0,0,0.0
PMVP,0.015997966242151867,60,0,0,0.65
PN,-0.5086746379865326,2,1,14,0.7
PNBK,-0.10487927031596482,23,1,6,0.85
PNC,-0.00941775430314253,52,1,2,0.65
PNFP,0.032861385299365956,65,1,3,0.25
PNI,-0.038135401553056135,36,1,16,0.95
PNNT,0.10383428013897604,79,0,0,0.2
PNR,-0.0832705355612374,26,1,10,0.9
PNRG,0.06496088349572303,72,0,0,0.45
PNTG,0.019293125234571242,61,1,13,0.65
PNW,-0.06160700957835244,30,1,19,0.95
POAS,-0.5560571732714288,2,1,58,1.0
POCI,-0.10458861333591792,23,0,0,0.9
PODC,-0.3874238478534329,4,1,25,1.0
PODD,-0.05709304598245894,31,1,13,0.65
POET,-0.16614944147089722,15,1,3,0.55
POLA,-0.14071166823555276,18,1,4,0.4
POLE,-0.01355908280064799,50,0,0,0.65
POLEU,0.014122060500303072,60,0,0,0.6
POM,-0.07775630262749969,27,0,0,0.7
PONY,0.016034434145993887,60,1,3,0.15
POOL,-0.031001873698918558,39,1,9,0.85
POR,-0.04267767080219718,35,1,19,0.95
POST,-0.15960180423186474,16,1,14,0.7
POWI,-0.298136092218632,6,1,22,1.0
POWL,-0.27531880535474773,7,1,39,1.0
POWW,0.028040429756092198,64,0,0,0.75
POWWP,-0.010018336956742568,52,1,14,0.7
PPBT,-0.08659389241989357,26,0,0,0.8
PPC,0.09564255607723275,78,0,0,0.55
PPCB,-0.2910250463609517,6,1,9,0.95
PPG,-0.03971636127534917,36,1,9,0.8
PPHC,0.05088585456658298,69,1,1,0.2
PPIH,-0.03402966239893627,38,0,0,0.55
PPL,-0.03930209686613256,36,1,16,0.8
PPLC,-0.030262957398300094,39,1,15,0.75
PPLI,-0.146139711153375,17,1,11,0.95
PPSI,-0.252170644824433,8,1,42,1.0
PPT,-0.010172378848716444,52,0,0,0.8
PPTA,0.15110763737078545,84,0,0,0.35
PR,0.1605324463791499,85,0,0,0.25
PRAA,0.13604670278207537,83,1,1,0.35
PRAX,0.1645362864388351,85,0,0,0.35
PRCH,0.38917352768939023,95,0,0,0.25
PRCT,0.0045930583749476915,57,0,0,0.45
PRDO,0.018501725920398917,61,0,0,0.7
PRE,-0.10751333747877538,22,1,2,0.7
PRFX,-0.29540101063328295,6,1,5,0.95
PRG,-0.07590730924884015,28,1,11,0.7
PRGO,0.31048937283543965,93,0,0,0.25
PRGS,0.3106238076044576,93,0,0,0.0
PRHI,0.4010652495520595,95,0,0,0.4
PRI,-0.01581372674496472,49,1,10,0.55
PRIM,-0.21294276637811688,11,1,74,1.0
PRK,0.10203976464748586,79,0,0,0.1
PRKS,0.009314271649258164,58,1,15,0.9
PRLB,-0.020331154832942743,45,1,3,0.35
PRLD,0.5365027148348025,97,0,0,0.3
PRM,-0.14636399141671508,17,1,8,0.65
PRMB,-0.036739747198696604,37,1,3,0.8
PRME,0.017883183647595485,61,0,0,0.85
PROF,-0.05458894602646014,32,1,9,0.45
PROK,-0.1576257303394266,16,1,8,0.9
PROP,-0.2638351411738909,7,1,4,0.65
PROV,0.031060793226039624,64,0,0,0.3
PRPO,0.2288614420462345,90,0,0,0.75
PRQR,0.2577321278611823,91,0,0,0.15
PRSO,-0.23410158946960652,9,1,53,1.0
PRSU,-0.05792052272441507,31,1,16,0.8
PRT,-0.04581665959828628,34,0,0,0.8
PRTA,-0.005313859294894429,54,0,0,0.75
PRTH,-0.16809520938940495,15,1,15,0.9
PRTS,0.20317333119038805,88,0,0,0.4
PRU,0.05453744280082058,70,1,2,0.3
PRVA,-0.17015565989372333,15,1,22,1.0
PRZO,0.22626787237891233,90,0,0,0.3
PSA,0.011379865234910923,59,1,14,0.75
PSBD,-0.005867207588183952,54,0,0,0.55
PSEC,0.050789464290960984,69,0,0,0.45
PSF,-0.03803559783867909,36,1,23,1.0
PSFE,-0.13589479014144248,18,1,14,0.75
PSHG,-0.05338724529147383,32,1,13,0.7
PSIG,0.005978651569303623,58,0,0,0.85
PSIX,0.017148857774075685,61,0,0,0.4
PSKY,0.0784668779204312,75,0,0,0.45
PSMT,-0.08293930265402955,26,1,13,0.65
PSN,-0.16096321850932274,16,1,16,0.8
PSNL,0.5641857386546901,97,0,0,0.4
PSNY,-0.26424802779796086,7,1,32,1.0
PSNYW,-0.04101269847982101,35,0,0,0.5
PSO,0.017766375923100975,61,1,14,0.7
PSQH,-0.05129043535104533,33,0,0,0.85
PSTL,-0.040964554799832645,35,1,17,0.85
PSX,0.24478010900502828,91,0,0,0.2
PTA,-0.04770746142071036,33,1,15,0.95
PTC,0.26284268540335926,91,0,0,0.05
PTCT,-0.10615669598657203,23,1,28,1.0
PTEN,0.10269792610164376,79,0,0,0.35
PTGX,0.2278954049506936,90,0,0,0.1
PTHS,-0.054239699417047815,32,1,5,0.5
PTLE,0.1323125947160524,82,1,7,0.35
PTLO,0.08418877162500002,76,0,0,0.45
PTN,0.001780413771214174,56,0,0,0.65
PTON,-0.05395635353924624,32,1,11,0.55
PTORU,-0.01618839973442967,49,1,14,0.7
PTRN,-0.10772337652558416,22,1,23,1.0
PTY,-0.012184848253708802,51,1,16,0.95
PUBM,0.37147426350672114,95,0,0,0.25
PUK,-0.07363152402151067,28,1,13,0.65
PULM,-0.03630039118992738,37,1,12,0.6
PUMP,-0.23817025291613725,9,1,2,0.85
PURR,0.28894668889196157,92,0,0,0.8
PUSA,-0.12938932619018345,19,1,2,0.6
PVH,-0.07611285636733674,28,1,8,0.4
PVL,0.01992217573023382,62,0,0,0.65
PVLA,0.11081638621351601,80,1,2,0.25
PW,-0.04823692314145643,33,1,20,1.0
PWCM,-0.5886981993245147,1,1,56,1.0
PWP,-0.027787023697113764,41,1,4,0.35
PWR,-0.05354614500658808,32,1,2,0.55
PXED,-0.08166253414718,27,1,15,0.95
PXLW,0.09124921803358467,77,0,0,0.25
PXS,0.134087738722303,82,0,0,0.0
PYPD,0.19031747648594355,88,0,0,0.5
PYPL,0.26050976674313686,91,0,0,0.0
PYXS,0.3442460840856257,94,0,0,0.25
PZG,0.2701321080848948,92,0,0,0.25
PZZA,-0.3109602327434483,6,1,34,1.0
Q,-0.12174251351873848,20,1,3,0.8
QBTS,-0.05669959018683543,31,1,3,0.45
QCLS,-0.2737773603425409,7,1,34,1.0
QCOM,-0.18953333664420627,13,1,42,1.0
QCRH,0.04188202913452434,67,1,2,0.2
QDEL,0.030868441453777023,64,1,11,0.6
QETA,-0.032905763332614614,38,1,14,0.75
QETAU,-0.04917612173019825,33,1,14,0.75
QFIN,-0.18021376529779431,14,1,14,0.85
QGEN,0.1624233193679226,85,0,0,0.15
QH,-0.21715226071485894,10,1,23,1.0
QLYS,0.4650748679322589,96,0,0,0.25
QMCO,0.7948800775728694,98,0,0,0.2
QNBC,-0.015109515714519926,50,0,0,0.7
QNC,-0.17300479515072487,14,1,4,0.85
QNCX,0.6408835828592612,98,0,0,0.15
QNME,-0.19310328127233917,12,1,4,0.55
QNRX,0.07686163479471293,75,0,0,0.45
QNST,0.43806224053235504,96,0,0,0.4
QNTM,-0.05022305436268745,33,0,0,0.55
QQQX,-0.009330133184441801,52,0,0,0.65
QRHC,0.06767678392471634,73,1,2,0.45
QRVO,0.014950222248741495,60,0,0,0.15
QS,-0.16493632649640236,15,1,3,0.65
QSEA,-0.013165908612505904,51,1,13,0.65
QSEAU,-0.029063985909007717,40,1,13,0.7
QSI,-0.10413744574333399,23,1,6,0.9
QSR,0.05483966375678505,70,0,0,0.5
QTEX,0.007922016342110639,58,1,1,0.95
QTI,-0.24244078980948117,9,1,68,1.0
QTRX,-0.10172739290332129,23,1,9,0.9
QTTB,0.4132115704459695,95,0,0,0.25
QTWO,0.271983928374776,92,0,0,0.0
QUAD,0.2644736233187506,91,0,0,0.0
QUBT,-0.10727096701425859,22,1,3,0.45
QUCY,-0.07969016935142995,27,1,1,0.45
QUIK,-0.34671404281617096,5,1,42,1.0
QUMS,-0.0156764845822712,49,1,13,0.65
QUMSU,-0.028548538374911316,40,1,14,0.75
QURE,0.3094745836996135,93,0,0,0.15
QXL,-0.10501844853415006,23,1,19,0.95
QXO,-0.14828850869439456,17,1,7,0.7
R,-0.08374248940547166,26,1,18,0.9
RA,-0.024743863939608292,42,1,15,0.75
RAC,-0.017710974045965045,47,0,0,0.65
RACE,0.16989529986090088,86,0,0,0.1
RADX,-0.5038025702378324,2,1,19,0.95
RAIL,-0.15768855850734986,16,1,12,0.8
RAIN,-0.5461394921444865,2,1,37,1.0
RAL,-0.07390788072503134,28,1,3,0.65
RAMP,-0.024028987751390063,42,1,15,0.75
RAND,-0.018938836320891828,46,0,0,0.8
RANG,-0.010534566138262647,52,1,13,0.7
RANGU,0.017540898149196505,61,0,0,0.4
RANI,0.11098753109389665,80,0,0,0.45
RAPP,0.20123702589773412,88,0,0,0.15
RARE,-0.07905320219041648,27,1,25,1.0
RAVE,-0.05226865471454041,32,1,13,0.95
RAY,-0.11848269718714198,21,1,6,0.8
RAYA,-0.22129903629627237,10,1,50,1.0
RBA,-0.2193872939977665,10,1,16,0.8
RBB,0.022949092773566066,62,1,2,0.55
RBBN,-0.16660774912388632,15,1,16,0.95
RBC,-0.18607255381094112,13,1,19,0.95
RBCAA,0.06933059051410846,73,1,7,0.4
RBKB,0.00488925262700635,57,0,0,0.3
RBLX,-0.22079684355045742,10,1,23,1.0
RBNE,-0.5819912308868651,1,1,94,1.0
RBRK,0.3442849567576458,94,0,0,0.35
RC,0.16947873814349812,86,0,0,0.5
RCAT,0.06692044650252237,72,0,0,0.35
RCBC,0.09480551512708336,78,0,0,0.35
RCEL,1.215710020710257,98,0,0,0.3
RCG,-0.027982412360285133,40,1,13,0.7
RCI,0.031774954656223126,64,0,0,0.45
RCKT,0.03955901419542367,66,0,0,0.7
RCKY,0.14083063183940892,83,0,0,0.15
RCL,-0.01403215978469063,50,1,9,0.45
RCMT,0.5368043476092113,97,0,0,0.3
RCON,6.383773834344835,99,0,0,0.7
RCS,-0.00876416329943347,53,0,0,0.9
RCT,-0.3988198755541277,3,1,41,1.0
RCUS,0.1006982124534982,78,0,0,0.55
RDAC,-0.0307687501614568,39,0,0,0.45
RDACU,0.3292607019291122,94,0,0,0.65
RDAG,-0.01613126187139566,49,0,0,0.65
RDAGU,-0.024153625165368984,42,1,14,0.8
RDCM,-0.2515305931023583,8,1,24,1.0
RDDT,-0.11322719869651612,21,1,4,0.9
RDGT,-0.46135449682859847,3,1,104,1.0
RDHL,-0.2058504499269147,11,1,39,1.0
RDI,0.32421157197607864,93,0,0,0.2
RDIB,-0.07497922132044303,28,1,2,0.4
RDN,-0.03459799905462015,37,1,13,0.65
RDNT,0.3255585280741557,93,0,0,0.0
RDNW,-0.13949315638212448,18,1,8,0.45
RDVT,0.17263606366104273,86,0,0,0.3
RDW,0.0614002977918703,71,1,1,0.4
RDWR,-0.08522758549638551,26,1,4,0.85
RDY,-0.045964284834038416,34,1,32,1.0
RDZN,0.14419419323653038,84,0,0,0.5
REAL,0.005360826637831054,57,0,0,0.35
REAX,0.4900258923577237,96,0,0,0.45
REBN,-0.21361898719950684,11,1,1,0.65
RECT,-0.005876852269570774,54,0,0,0.65
REED,-0.1352555171913081,19,0,0,0.8
REFI,-0.025758919645711607,41,0,0,0.85
REFR,-0.22329614578346693,10,1,82,1.0
REG,-0.0631166810194631,30,1,16,0.8
REGCO,-0.01916292906700743,46,0,0,0.7
REGCP,-0.02713056752846643,41,1,14,0.7
REGN,0.271774124322338,92,0,0,0.0
REI,0.1729328790014094,86,0,0,0.15
REKR,-0.12099150891032152,20,1,4,0.6
RELL,-0.041330092515787745,35,1,3,0.2
RELX,0.08001099863425741,75,0,0,0.45
RELY,0.0986433716965484,78,0,0,0.25
RENT,0.10413528453426234,79,0,0,0.25
RENX,0.08010945776475441,75,0,0,0.55
REPL,0.5512833057302924,97,0,0,0.25
REPX,0.050120777702344216,69,0,0,0.4
RERE,-0.03123009465136586,39,1,1,0.2
RES,-0.010297740236338553,52,0,0,0.5
RETO,-0.3950628231294738,3,1,9,0.75
REVB,-0.0565292421498714,31,1,1,0.5
REX,-0.06446995855560339,30,0,0,0.9
REXR,0.029299054473344698,64,0,0,0.45
REYN,0.03905597024538798,66,1,1,0.7
REZI,-0.12272842605670725,20,1,6,0.4
RF,0.00281840115018386,57,1,2,0.5
RFAI,0.13088802270386987,82,0,0,0.6
RFAIU,-0.02290617693922988,43,1,14,0.75
RFAMU,-0.023390448534650266,43,1,13,0.7
RFI,0.00831376762053564,58,0,0,0.7
RFIL,-0.30936602064196816,6,1,35,1.0
RFL,-0.14598756655514905,17,1,32,1.0
RFM,-0.024488638708819975,42,1,15,0.85
RFMZ,-0.032953489586620685,38,1,2,0.9
RGA,0.07038719397458902,73,0,0,0.25
RGC,-0.37393854658251496,4,1,72,1.0
RGCO,-0.07787129473514436,27,0,0,0.95
RGEN,0.36971219886016443,95,0,0,0.1
RGLD,0.18349057976139346,87,0,0,0.2
RGNT,-0.1539218409090364,16,1,1,0.95
RGNX,0.3272223679841046,93,0,0,0.7
RGP,-0.03155948173429685,39,0,0,0.75
RGR,-0.049147236507061404,33,0,0,0.65
RGS,-0.08712427680671618,26,1,10,0.95
RGT,0.026905887607336938,64,0,0,0.15
RGTI,-0.08061363709596446,27,1,2,0.45
RH,-0.017575969913538023,47,1,7,0.55
RHI,0.3094934525466791,93,0,0,0.05
RHLD,-0.02017808231624452,45,1,3,0.85
RHP,0.013095485930858134,60,0,0,0.6
RIBB,-0.017337096122090667,48,1,13,0.65
RIBBU,-0.06312711628755387,30,1,35,1.0
RICK,0.1538075144037528,84,0,0,0.35
RIG,0.04022183588058938,66,0,0,0.4
RIGL,0.2687046070693155,92,0,0,0.35
RILY,-0.16504328453496517,15,1,5,0.8
RILYL,-0.15775125365932952,16,1,40,1.0
RILYP,-0.16662839585811287,15,1,40,1.0
RIME,-0.46339837857341526,2,1,44,1.0
RIO,0.05934608842340078,71,0,0,0.25
RIOT,-0.17800703909198173,14,0,0,0.85
RITM,0.10046392638548494,78,0,0,0.0
RITR,-0.6171195267470809,1,1,11,0.9
RIV,-0.045490479891219834,34,1,26,1.0
RIVN,-0.006551060830429244,54,0,0,0.9
RJET,0.0071561211649627775,58,1,5,0.45
RJF,0.04784820766388791,68,1,1,0.1
RKDA,-0.40237772572202307,3,1,6,0.85
RKLB,-0.17398149785204142,14,1,2,0.55
RKT,0.02177577424704175,62,1,1,0.7
RKTO,-0.09312696070623631,25,1,48,1.0
RL,-0.043199270032480766,35,1,6,0.65
RLAY,0.18516691760325918,87,0,0,0.15
RLGT,-0.05620598018333241,31,1,1,0.95
RLI,0.15657744734416956,85,0,0,0.25
RLJ,-0.006157622800229887,54,0,0,0.55
RLMD,-0.24721469613274433,8,1,35,1.0
RLTY,-0.018192994154319717,47,1,14,0.7
RLX,-0.10828183155374625,22,1,13,0.75
RLYB,0.012844869612847237,60,0,0,0.35
RM,-0.1579364023810066,16,1,15,0.75
RMAX,0.3832599455089845,95,0,0,0.5
RMBI,0.04521845374982213,67,0,0,0.35
RMBS,-0.24507477431969962,8,1,47,1.0
RMCF,-0.053429680490338985,32,0,0,0.65
RMCO,0.13617784254062723,83,0,0,0.5
RMD,0.153034303795759,84,0,0,0.1
RMI,-0.019165570199276324,46,1,13,0.8
RMM,-0.02316598760181876,43,1,15,0.95
RMMZ,-0.030799743969880666,39,1,15,0.85
RMNI,0.19504667044586538,88,0,0,0.2
RMR,-0.031514350258025535,39,0,0,0.6
RMSG,-0.29820757704055684,6,1,51,1.0
RMT,-0.009889625230882926,52,1,3,0.75
RMTI,0.09872996881735081,78,0,0,0.05
RNAC,0.2600121335934307,91,0,0,0.5
RNAZ,-0.5715878588429572,1,1,21,1.0
RNG,0.6787618822943461,98,0,0,0.05
RNGR,0.07058749707499541,73,0,0,0.45
RNGT,-0.020617409182275927,45,1,13,0.7
RNGTU,-0.017529751567159833,48,1,12,0.6
RNP,-0.016938143251758263,48,1,15,0.75
RNR,0.014098882201465355,60,0,0,0.75
RNST,-0.039032433214121504,36,1,14,0.7
RNTX,-0.1610090212992,15,1,3,0.95
RNW,0.08840202067952112,77,0,0,0.4
RNXT,0.4994242630412116,97,0,0,0.05
ROAD,0.006364891895805462,58,0,0,0.35
ROCK,0.10970616420392086,80,1,1,0.3
ROG,-0.14149284214190042,18,1,2,0.7
ROIV,0.11591917530104491,81,0,0,0.3
ROK,-0.08154024829348676,27,1,13,0.65
ROKU,0.12700399604530033,82,0,0,0.1
ROL,-0.21909714143679432,10,1,23,1.0
ROLR,-0.014939414082148973,50,0,0,0.9
ROMA,-0.05660098960984469,31,1,5,0.55
ROOT,0.007611699396419872,58,0,0,0.75
ROP,0.22012290723852862,89,0,0,0.05
ROST,-0.04254903965603672,35,1,7,0.35
RPAY,0.058917282378056574,71,0,0,0.55
RPC,-0.006676729027662344,54,1,5,0.3
RPD,0.4584029966322018,96,0,0,0.35
RPGL,0.0841544988249192,76,0,0,0.8
RPID,-0.15757643540141802,16,1,11,0.6
RPM,0.02405522187370972,63,1,6,0.35
RPRX,0.06401433165118804,72,0,0,0.45
RPT,-0.019353717307856653,46,0,0,0.65
RQI,-0.027924879018343597,40,1,14,0.7
RR,-0.1942636530646955,12,1,3,0.7
RRBI,0.06021325641746718,71,0,0,0.25
RRC,0.026520591619919643,63,0,0,0.3
RRGB,0.5540050712337651,97,0,0,0.0
RRR,-0.011526044871750515,52,1,12,0.7
RRX,-0.25203669747807034,8,1,12,0.9
RS,-0.03506947097874887,37,1,2,0.1
RSF,-0.012675267360693309,51,0,0,0.65
RSG,0.013740780719009058,60,0,0,0.65
RSI,-0.19621639006206076,12,1,17,0.95
RSKD,0.1601666286362883,85,0,0,0.35
RSSS,-0.02287801821552604,43,1,3,0.8
RSVR,-0.065179943215695,29,1,14,0.7
RTAC,-0.02631980945587695,41,1,15,0.75
RTACU,-0.031363153026491654,39,1,15,0.75
RTB,0.4218638348813747,95,1,3,0.25
RTO,-0.23396968754091385,9,1,16,0.95
RTX,0.1187526388509151,81,1,1,0.05
RUBI,-0.5685145582265395,1,1,118,1.0
RUM,0.2622516526694716,91,0,0,0.5
RUN,-0.25348446550821757,8,1,38,1.0
RUSHA,0.055751349120251106,70,1,3,0.25
RUSHB,0.07010295992670534,73,1,2,0.25
RVLV,0.047299265536872456,68,1,11,0.55
RVMD,0.23101270758129872,90,0,0,0.05
RVP,0.05624440168957749,70,0,0,0.8
RVSB,-0.07631033743507133,27,1,16,0.85
RVSN,0.0903500491916821,77,0,0,0.55
RVT,0.007856216088347762,58,1,1,0.35
RVTY,0.1759568846173609,86,0,0,0.25
RWAY,0.18864568242147894,88,0,0,0.25
RWT,-0.07307806206922841,28,1,1,0.9
RXO,-0.19283910707200064,12,1,19,0.95
RXRX,0.07738139912451449,75,0,0,0.65
RXST,0.14717258548508008,84,1,2,0.15
RXT,-0.3261310355715373,5,1,9,0.8
RY,-0.00961531012644071,52,1,2,0.55
RYAAY,-0.10489589472760523,23,1,25,1.0
RYAM,-0.04765241756826422,33,0,0,0.3
RYAN,0.13016425328009,82,0,0,0.4
RYDE,0.11432936867813338,80,0,0,0.25
RYET,-0.04755989698519238,33,1,7,0.75
RYM,-0.1282336601032737,20,1,8,0.85
RYN,-0.011337572312555777,52,1,14,0.75
RYOJ,0.6316803598647354,98,0,0,0.2
RYTM,0.07447525761802529,74,1,1,0.3
RYZ,-0.15724679327732646,16,1,3,0.6
RZLT,0.013100234711369566,60,1,14,0.75
RZLV,-0.012437570927458808,51,1,4,0.5
S,0.2100943959052562,89,0,0,0.0
SA,0.14226773558227304,83,0,0,0.25
SAAQU,-0.03694359287499452,37,1,14,0.8
SABA,-0.029705481826408496,39,1,15,0.75
SABR,0.20886299721571497,89,0,0,0.1
SABS,-0.029598795897628413,40,1,1,0.6
SAC,-0.022498243312746878,44,1,13,0.7
SACH,-0.17145565600837898,14,1,52,1.0
SAFE,-0.044020666981720136,34,1,16,0.8
SAFT,0.4180774088385217,95,0,0,0.0
SAFX,-0.2389389513916947,9,1,3,0.7
SAGT,-0.37370243244485746,4,1,36,1.0
SAH,-0.13657967938883894,18,1,15,0.75
SAIA,-0.20036187691078952,12,1,20,1.0
SAIC,0.17798540728083845,87,0,0,0.0
SAIH,0.7491215458238695,98,0,0,0.0
SAIL,0.28918976870341107,92,0,0,0.0
SAM,0.05515350103967101,70,0,0,0.55
SAMG,-0.07940109099205772,27,1,2,0.8
SAN,0.033816828663529155,65,1,3,0.15
SANA,0.15001079942712953,84,0,0,0.45
SANG,0.0203379895927682,62,0,0,0.45
SANM,-0.1943264313130879,12,1,3,0.85
SAP,0.38288459721780826,95,0,0,0.0
SAR,-0.09940996194623529,24,1,9,0.95
SARO,-0.08524348079363972,26,1,9,0.45
SATA,0.009827030738792143,59,0,0,0.45
SATL,0.0711641546181974,73,0,0,0.35
SB,0.15052627135933433,84,0,0,0.2
SBAC,-0.04642725361813317,34,1,15,0.9
SBC,0.2062961546300578,89,0,0,0.35
SBCF,0.05920265321363183,71,1,1,0.2
SBET,0.2453074267918786,91,0,0,0.15
SBEV,-0.17582692502736458,14,0,0,0.9
SBFG,0.079522562785472,75,0,0,0.3
SBFM,-0.47037791712257254,2,1,72,1.0
SBGI,0.02760332768490308,64,0,0,0.65
SBH,0.1624128246254056,85,0,0,0.0
SBI,-0.03750968249177219,36,1,16,0.85
SBLK,0.10718237797792284,80,0,0,0.15
SBR,-0.03141917955924469,39,0,0,0.8
SBRA,-0.009599317271754448,52,0,0,0.65
SBS,-0.2422050677488415,9,1,20,1.0
SBSI,-0.06662048626705001,29,1,19,0.95
SBSW,0.23828757165570474,90,0,0,0.2
SBUX,-0.01117032152484896,52,1,3,0.6
SBXD,-0.023138186934590254,43,1,13,0.7
SBXE,-0.02652638795776637,41,1,14,0.7
SCAG,-0.2844932330016992,7,1,9,0.85
SCCO,0.08603152214942775,76,0,0,0.2
SCD,0.0005227820934045092,56,0,0,0.5
SCHL,-0.10681623601598449,23,1,20,1.0
SCHW,0.12571829877594834,82,0,0,0.0
SCI,0.07303849906286679,74,0,0,0.35
SCII,-0.017965333370916478,47,1,13,0.65
SCIIU,-0.021334004766427793,44,1,13,0.65
SCKT,0.11856212091856135,81,1,3,0.7
SCL,0.12626771462245998,82,0,0,0.0
SCLX,-0.10942979057755356,22,1,23,1.0
SCM,0.0891402906750517,77,0,0,0.35
SCNI,-0.9231109755242979,0,1,1,0.75
SCNX,0.17719658345987938,87,0,0,0.4
SCOR,-0.32879525296263296,5,1,11,0.8
SCPQ,-0.019970698858680812,45,1,13,0.7
SCPQU,-0.029637773515942788,40,1,15,0.75
SCSC,0.09513418645822773,78,0,0,0.45
SCWO,0.1103899407953046,80,0,0,0.15
SCYX,0.2059498891943702,89,0,0,0.3
SCZM,0.36680276099234443,94,0,0,0.25
SD,-0.0043391329416105455,54,0,0,0.5
SDA,-0.0455318942318603,34,1,8,0.95
SDEV,-0.0947294548340822,24,0,0,0.95
SDGR,0.3238743313503289,93,0,0,0.45
SDHC,-0.08940816943544116,25,1,10,0.7
SDHI,-0.016497001238914667,48,1,13,0.7
SDHIU,-0.022649200775320844,44,1,13,0.7
SDHY,-0.0030212555734213213,55,0,0,0.5
SDOT,-0.0678174881724737,29,1,23,1.0
SDRL,0.07043200690158273,73,0,0,0.35
SDST,-0.7036917614653512,1,1,21,1.0
SE,0.20106522578375913,88,0,0,0.05
SEAT,-0.11844169718806118,21,1,9,0.55
SEB,-0.10767148136143434,22,1,2,0.85
SEDG,-0.4301069522923728,3,1,36,1.0
SEED,-0.03444509944456135,38,1,3,0.75
SEER,0.04892583325876644,68,1,7,0.45
SEG,0.051225828142296606,69,0,0,0.35
SEGG,-0.5880655278626005,1,1,50,1.0
SEI,-0.26130322698811587,8,1,2,0.8
SEIC,0.11613403473599236,81,0,0,0.0
SELF,0.06149338541755878,71,0,0,0.65
SENEA,0.20407737914885776,88,0,0,0.25
SENEB,0.18513668692872298,87,0,0,0.35
SENS,0.5639413820326544,97,0,0,0.5
SEPN,0.22781301418244637,90,0,0,0.15
SER,0.31920746683108137,93,0,0,0.15
SERA,0.04014307134135019,66,0,0,0.65
SERV,-0.2552194767215822,8,1,10,0.8
SES,-0.3497848773213861,4,1,53,1.0
SEVN,-0.06801981212443985,29,1,24,1.0
SEZL,-0.23790648393408498,9,1,10,0.85
SF,0.024178183326687707,63,1,2,0.1
SFBC,0.0673393101628083,73,0,0,0.45
SFBS,1.0802325148084577,98,0,0,0.25
SFD,-0.14705066345342285,17,1,15,0.75
SFHG,-0.029010766528358156,40,0,0,0.5
SFIX,-0.11983265487852886,21,1,9,0.55
SFL,0.06212730676716918,72,0,0,0.3
SFM,-0.032814445706095804,38,1,6,0.45
SFNC,0.002519539375369053,57,1,3,0.45
SFST,0.04034739272639222,66,1,2,0.2
SFWL,-0.034955729287344126,37,1,3,0.45
SG,-0.11824950963351226,21,0,0,0.9
SGA,0.02615797282746,63,1,4,0.4
SGC,0.01793785049313407,61,1,9,0.7
SGHC,-0.10964801936209322,22,1,15,0.8
SGHT,0.6145547518001832,97,0,0,0.1
SGI,-0.10295541482306286,23,1,18,0.95
SGLY,-0.22364474586834604,10,1,6,0.35
SGML,-0.13249445932982684,19,1,3,0.7
SGMT,0.43450084044780213,96,0,0,0.2
SGP,0.2914789397942461,92,0,0,0.0
SGRY,-0.10510892116949135,23,1,14,0.85
SGU,-0.02590193150367478,41,1,16,0.85
SHAK,0.26668376665434335,92,0,0,0.0
SHAZ,-0.1513625012475664,17,1,1,0.7
SHBI,0.033168200563877745,65,1,11,0.55
SHC,0.1453795095483629,84,0,0,0.15
SHEL,0.090009211861676,77,0,0,0.15
SHEN,-0.07988873909739366,27,1,4,0.55
SHFS,-0.3428735661640571,5,1,81,1.0
SHG,0.032202793518075576,64,1,1,0.3
SHIM,-0.016652660618839698,48,1,7,0.5
SHIP,0.0864615476962121,76,0,0,0.2
SHLS,-0.29726475927204554,6,1,20,1.0
SHMD,-0.1281168019725584,20,1,2,0.65
SHO,-0.040740695616586574,35,0,0,0.65
SHOE,-0.016699185876993136,48,1,1,0.65
SHOO,0.049334585793107164,68,1,1,0.15
SHOP,0.2868660747478168,92,0,0,0.2
SHPH,0.02418734157658971,63,1,2,0.4
SHW,0.07288821078202794,74,1,1,0.2
SIBN,0.1792780062279985,87,0,0,0.1
SID,-0.2176728859769212,10,1,16,0.8
SIDU,-0.08768346407271334,25,0,0,0.45
SIEB,0.18829696883555805,88,0,0,0.65
SIF,-0.09575996459500277,24,1,9,0.45
SIFY,-0.08450200384984977,26,1,5,0.55
SIG,-0.08648441124715324,26,1,9,0.5
SIGA,-0.2476704990020278,8,1,58,1.0
SIGI,-0.04849812647275372,33,1,16,0.9
SIGIP,-0.04140843694237893,35,1,15,0.8
SII,0.08365226543144266,76,0,0,0.4
SILC,-0.08107535533921217,27,1,2,0.6
SILO,-0.500662446480566,2,1,29,1.0
SIM,-0.061251895313574806,30,1,3,0.55
SIMA,-0.015394584261046229,49,0,0,0.65
SIMAU,-0.028585860733429447,40,1,14,0.95
SIMO,-0.1630833046142931,15,1,3,0.9
SINT,-0.1755271167453206,14,1,5,0.75
SION,-0.8919019838126577,0,1,9,0.45
SIRI,-0.02416499321193246,42,1,15,0.75
SITC,-0.16804593506094467,15,1,16,0.85
SITE,-0.12172386274307427,20,1,33,1.0
SITM,-0.09741725805098496,24,1,2,0.6
SJ,0.1811787163743943,87,0,0,0.35
SJM,0.0971061146034374,78,0,0,0.5
SJT,-0.01628867214262564,49,0,0,0.65
SKE,0.20379125798872558,88,0,0,0.2
SKIL,0.19501912185864728,88,0,0,0.2
SKIN,-0.13529232141971398,18,1,9,0.95
SKK,0.15666630393480288,85,0,0,0.75
SKM,0.07652999124455408,74,0,0,0.4
SKT,-0.04842660490896632,33,1,15,0.75
SKWD,0.0077029027270070875,58,1,8,0.4
SKY,0.11182472780651438,80,0,0,0.25
SKYA,-0.08703671464545423,26,0,0,0.55
SKYE,-0.608395411484207,1,1,19,0.95
SKYH,0.023608373808579722,63,1,6,0.3
SKYQ,-0.09261650022798099,25,1,12,0.65
SKYW,0.06954973804205876,73,1,9,0.45
SKYX,-0.10449946598014564,23,1,2,0.65
SLAB,-0.022827474464465567,43,1,16,0.8
SLB,0.06087583393014585,71,0,0,0.15
SLBT,-0.45360619333219726,3,1,44,1.0
SLDB,0.1411070506369806,83,0,0,0.65
SLDE,0.1789756563192682,87,0,0,0.4
SLDP,-0.1216748407906094,20,1,3,0.65
SLE,0.2924058181432058,92,0,0,0.65
SLF,-0.023624317554151387,43,1,14,0.7
SLG,0.1951767971170688,88,0,0,0.0
SLGB,-0.26643726066712686,7,1,7,0.9
SLGL,-0.022217080163516863,44,1,4,0.25
SLGN,-0.0576292028639228,31,1,17,0.85
SLI,-0.2018726408713481,12,1,6,0.8
SLM,0.06444162194181598,72,1,2,0.15
SLMBP,-0.014943123555366221,50,0,0,0.65
SLMT,-0.20390018305290553,11,1,25,1.0
SLN,0.47966100568765296,96,0,0,0.1
SLND,-0.19832170040033736,12,1,2,0.85
SLNG,0.2366733664229254,90,0,0,0.0
SLNH,-0.20895293822637012,11,1,3,0.7
SLNHP,0.18361173613687673,87,0,0,0.05
SLP,0.03845405614298705,66,0,0,0.7
SLQT,-0.046605923880328956,34,0,0,0.85
SLRC,-0.04063738119106969,35,1,16,0.8
SLS,0.30089600689581314,93,0,0,0.5
SLSN,-0.0649400329286713,29,0,0,0.25
SLSR,-0.05528585337527227,31,0,0,0.75
SLVM,-0.0449429841728058,34,1,7,0.75
SLXN,-0.8852346600903694,0,1,111,1.0
SM,0.17071819338936076,86,0,0,0.25
SMA,0.033503801852635434,65,0,0,0.65
SMBC,-0.007058090673615312,53,1,13,0.65
SMBK,0.08937670231866428,77,1,2,0.25
SMC,0.12002673171461663,81,0,0,0.25
SMCI,0.10036422567365814,78,0,0,0.3
SMFG,-0.044302558626455726,34,1,3,0.5
SMG,-0.0745223481564735,28,1,15,0.75
SMHI,0.31396583616289725,93,0,0,0.0
SMID,-0.089366758874101,25,1,16,0.85
SMJF,1.2517142360860012,98,0,0,0.05
SMMT,-0.17093378954609487,15,1,6,0.85
SMP,-0.02209839719961234,44,1,9,0.7
SMPL,-0.07237260251625088,28,1,1,0.95
SMR,-0.08465306897635089,26,1,1,0.55
SMRT,0.2597790333933612,91,0,0,0.35
SMSI,-0.0091655284911881,53,0,0,0.35
SMTC,-0.17730771800343595,14,1,2,0.7
SMTI,0.4165448447473025,95,0,0,0.0
SMTK,-1.0146498595262112,0,1,20,1.0
SMWB,0.5238019751700275,97,0,0,0.05
SMX,-0.1439193867043661,18,1,18,0.9
SMXT,8.639814079750309,99,0,0,0.5
SN,0.3212974095116507,93,0,0,0.0
SNA,-0.02011505384957871,45,1,14,0.7
SNAL,-0.32177175596691815,5,1,9,0.65
SNAP,0.08197306695806815,75,0,0,0.15
SND,0.01295955161740903,60,0,0,0.6
SNDA,0.0037355666490355606,57,1,1,0.65
SNDL,-0.03044695243379626,39,0,0,0.8
SNDR,-0.051433851395072186,32,1,18,0.9
SNDX,-0.071745311459558,28,1,1,0.95
SNES,-0.19244499904378584,13,1,11,0.85
SNEX,-0.18622375074889352,13,1,15,0.95
SNFCA,-0.05885070518694091,31,1,13,0.75
SNGX,-0.008566871873318017,53,1,2,0.7
SNN,-0.05509951538972788,31,1,13,0.65
SNOA,0.1508140049966483,84,0,0,0.45
SNOW,0.38630633589147295,95,0,0,0.0
SNPS,-0.08043435261506329,27,1,4,0.9
SNT,-0.14541743715739214,17,1,7,0.8
SNTG,-0.21560296959805997,11,1,4,0.75
SNTI,-0.3063267941568518,6,1,1,0.95
SNWV,-0.4015072068816154,3,1,26,1.0
SNX,-0.04360907566749628,35,1,2,0.65
SNY,0.018084716671693774,61,0,0,0.6
SNYR,-0.455719918408687,3,1,98,1.0
SO,-0.049722329863186115,33,1,16,0.8
SOAR,0.007632884761516214,58,1,3,0.7
SOBO,0.02225787310728664,62,0,0,0.55
SOBR,-0.33727339385709715,5,1,24,1.0
SOC,-0.2153221332069067,11,0,0,0.8
SOCA,-0.018339219680857853,47,0,0,0.65
SOCAU,-0.01759707016576932,47,1,13,0.7
SOFI,0.04391794845331047,67,0,0,0.4
SOGP,0.05651300339363005,70,0,0,0.25
SOHU,0.10215410591538814,79,0,0,0.1
SOLS,-0.21217595296417885,11,1,35,1.0
SOLV,0.12945211677347054,82,0,0,0.1
SOMN,-0.038878782198743356,36,1,15,0.75
SON,0.1053798069288391,79,0,0,0.3
SONM,-0.11824681620433278,21,1,9,0.8
SONO,0.06442942625509306,72,0,0,0.3
SONY,0.10902837373114631,80,0,0,0.1
SOPH,0.43065318165306865,96,0,0,0.3
SOR,0.01052219668515397,59,0,0,0.65
SORA,0.08778707213933218,76,1,1,0.35
SORNU,-0.0002251066704924455,56,1,1,0.65
SOS,-0.12448895912352291,20,0,0,0.9
SOTK,-0.030966916165795222,39,0,0,0.9
SOUL,-0.015533803113139144,49,0,0,0.65
SOUN,-0.015422777184376898,49,0,0,0.45
SOWG,0.10435487357924404,79,1,2,0.75
SPAI,0.23804125440529045,90,0,0,0.3
SPB,0.0033202529437342844,57,1,5,0.6
SPCB,0.0160782219396457,61,0,0,0.75
SPCE,0.09203559964629468,77,0,0,0.3
SPE,-0.02244875282085663,44,1,22,1.0
SPEG,-0.016483130895663844,48,0,0,0.65
SPEGU,-0.042302479893408934,35,1,14,0.75
SPFI,0.031496150404202394,64,1,2,0.5
SPG,-0.012461271243426286,51,1,14,0.7
SPGI,0.03579166605270993,65,0,0,0.75
SPH,-0.04677470837701543,34,1,13,0.65
SPHL,-0.012297450001452902,51,1,5,0.85
SPHR,0.05433060146476365,70,1,1,0.35
SPIR,-0.06328557948509468,30,0,0,0.45
SPKL,-0.073656624606635,28,1,25,1.0
SPKLU,-0.043778932625470196,35,1,14,0.9
SPMA,-0.013722507474475764,50,0,0,0.65
SPMC,-0.10817822080559764,22,1,7,0.55
SPME,-0.02694461108813204,41,1,15,0.75
SPNT,-0.03164968634919106,39,1,15,0.75
SPOK,-0.006444208361837012,54,1,7,0.35
SPOT,0.099807275418333,78,0,0,0.45
SPPL,-0.35567165364431347,4,1,11,0.8
SPRB,0.058554721704779586,71,0,0,0.65
SPRC,0.23300456972914346,90,0,0,0.25
SPRO,-0.3327386140808312,5,1,45,1.0
SPRU,-0.2924067779263248,6,1,10,0.9
SPRY,-0.2663118469403789,7,1,1,0.9
SPSC,0.36677289427217213,94,0,0,0.0
SPT,0.349662843698752,94,0,0,0.15
SPWH,-0.0788772210109003,27,1,35,1.0
SPWR,-0.6485899708771174,1,1,53,1.0
SPXC,-0.10913871258738327,22,1,14,0.9
SPXX,0.018839670426793974,61,0,0,0.4
SQFT,-0.41801692037863497,3,1,39,1.0
SQFTP,0.10316089731928234,79,0,0,0.2
SQM,0.03499840709816662,65,0,0,0.6
SQNS,-0.007309740257804401,53,0,0,0.65
SR,0.0068463113007013465,58,0,0,0.65
SRAD,-0.15362577635770747,16,1,15,0.9
SRBK,0.031482130509848494,64,1,1,0.35
SRCE,0.06821440707147593,73,1,10,0.5
SRE,-0.07365385950918725,28,1,19,0.95
SRFM,-0.2666772374106044,7,1,8,0.9
SRG,-0.18347949701796923,13,1,23,1.0
SRI,-0.046121721357003896,34,1,1,0.7
SRL,0.019823001407199604,62,0,0,0.3
SRPT,0.13488588250479752,82,0,0,0.55
SRRK,0.10169170900869952,78,0,0,0.5
SRTA,0.08616227103181905,76,0,0,0.35
SRTS,0.04760641275401069,68,0,0,0.65
SRV,-0.05278406964655892,32,1,2,0.85
SRXH,-0.42911833142932904,3,1,44,1.0
SRZN,-0.025664515212619053,42,0,0,0.5
SSACU,-0.013738784094954746,50,1,13,0.7
SSB,0.050755193352802486,69,1,2,0.1
SSBI,-0.06453764905632758,30,1,16,0.95
SSD,-0.032802411800522464,38,1,7,0.7
SSEA,-0.01576855762503766,49,1,13,0.65
SSEAU,-0.008678585436617458,53,1,13,0.7
SSII,-0.026997589592675,41,1,4,0.65
SSL,0.03254528684759797,65,0,0,0.5
SSM,-0.3377024108589803,5,1,16,0.8
SSNC,0.21250666927362077,89,0,0,0.0
SSP,0.043328943957723326,67,0,0,0.45
SSRM,0.2324883352457257,90,0,0,0.4
SST,-0.12353800738401922,20,1,1,0.8
SSTI,-0.23929229448222408,9,1,15,0.85
SSTK,-0.4886072553943411,2,1,38,1.0
SSYS,-0.08383552445796064,26,1,3,0.5
ST,-0.1462893488244364,17,1,12,0.7
STAA,-0.1773071031951651,14,1,4,0.95
STAG,-0.10600912335204471,23,1,17,0.85
STAK,-0.26576827066291453,7,1,19,0.95
STBA,0.0315490820506064,64,1,11,0.55
STC,-0.012459473461640724,51,0,0,0.8
STE,0.10783700662966474,80,0,0,0.1
STEM,-0.21647729342110794,10,1,4,0.9
STEP,0.058201586205298556,71,0,0,0.1
STEW,0.0035109674982829464,57,1,7,0.5
STEX,-0.037037826262445714,37,0,0,0.75
STFS,-0.22998016042510508,9,1,26,1.0
STG,-0.15841835690709435,16,1,18,0.9
STGW,0.23586678942487643,90,1,1,0.05
STHO,0.05363589343473664,70,0,0,0.4
STI,0.04471834205032628,67,0,0,0.7
STIM,1.0685545144465927,98,0,0,0.0
STK,-0.02461919183920842,42,1,2,0.5
STKE,-0.06930118365980177,29,0,0,0.9
STKH,0.8622891795735584,98,0,0,0.15
STKS,-0.1372052779679164,18,1,25,1.0
STLA,-0.18329971161311254,13,1,15,0.9
STLD,-0.11028562033067252,22,1,6,0.3
STLN,0.2704468806255001,92,0,0,0.55
STM,-0.3027258150241313,6,1,36,1.0
STN,0.04121102822500958,66,0,0,0.1
STNE,-0.1989644672183875,12,1,13,0.75
STNG,-0.04020233271863004,36,0,0,0.55
STOK,0.034642199403575644,65,0,0,0.4
STRA,0.06410804576574787,72,0,0,0.4
STRC,0.054255220221800265,70,0,0,0.0
STRD,0.08980746507767173,77,0,0,0.4
STRF,-0.0033973247836056354,55,0,0,0.65
STRK,0.07102203681310017,73,0,0,0.2
STRL,-0.35612372843882156,4,1,3,0.95
STRO,-0.21592089828454852,10,1,30,1.0
STRR,-0.09595543072675199,24,1,10,0.8
STRRP,-0.05028501241237551,33,1,13,0.65
STRT,-0.031127844296394543,39,1,11,0.55
STRW,-0.016274472610977697,49,1,9,0.6
STRZ,-0.012356606299930687,51,0,0,0.75
STT,0.0269181914255256,64,1,2,0.4
STTK,0.16880840001799907,86,0,0,0.1
STUB,-0.31402125324764246,6,1,31,1.0
STVN,0.20242100567494686,88,0,0,0.1
STWD,-0.024385514176105384,42,0,0,0.7
STX,-0.0957667862091058,24,1,2,0.65
STXS,-0.15387803548432816,16,0,0,0.95
STZ,-0.04651979794977801,34,0,0,0.8
SU,0.06521421060466198,72,0,0,0.35
SUGP,-0.28936960319339977,6,0,0,0.9
SUI,0.0009508457015985107,56,0,0,0.65
SUIG,-0.26111449294544753,8,0,0,0.95
SUN,0.058912954827870026,71,0,0,0.3
SUNC,0.08336435957145309,76,0,0,0.25
SUNE,0.10282873310249162,79,1,4,0.7
SUNS,-0.0742377706773588,28,1,23,1.0
SUPN,-0.008139510789963857,53,0,0,0.5
SUPV,-0.2192215283397488,10,1,14,0.9
SUPX,-0.17146787972923178,14,1,47,1.0
SURG,-0.48922478412240095,2,1,7,0.85
SUZ,0.004763895499215718,57,0,0,0.5
SVAQ,-0.023125913420667464,43,0,0,0.7
SVAQU,-0.011893166170168612,51,0,0,0.7
SVC,-0.07212420590611239,28,1,6,0.95
SVCC,-0.015918191307288443,49,1,13,0.7
SVCCU,-0.021895535614458804,44,1,14,0.8
SVCO,-0.3436644626117633,5,1,34,1.0
SVIVU,-0.0213518089871075,44,1,13,0.7
SVM,0.1797710997700479,87,0,0,0.35
SVRA,-0.021675392375394304,44,1,8,0.85
SVRE,-0.2489939579299218,8,1,5,0.25
SVRN,-0.09948418143347468,24,0,0,0.75
SVV,0.1146960397840963,80,1,1,0.35
SW,0.10583625108859575,79,0,0,0.25
SWAG,-0.1554672674843195,16,1,16,0.95
SWBI,-0.10658450873211169,23,1,15,0.95
SWIM,0.24534591345958118,91,0,0,0.45
SWK,0.1400659833110039,83,0,0,0.05
SWKS,-0.03405502462938859,38,0,0,0.25
SWVL,-0.03870102618507268,36,0,0,0.85
SWX,-0.012169556542167947,51,0,0,0.65
SXC,0.10642485462520594,79,0,0,0.2
SXI,0.009880368013926558,59,1,3,0.4
SXT,0.13595949830603915,83,0,0,0.0
SXTC,0.7841221664400838,98,0,0,0.55
SXTP,-0.2969276523412618,6,1,17,0.95
SY,0.23646490750883853,90,0,0,0.0
SYBT,0.05466877664815746,70,1,4,0.4
SYF,0.03881457764737466,66,1,1,0.15
SYK,0.03398081689639687,65,1,1,0.5
SYM,-0.06019129859231197,30,1,11,0.7
SYNA,-0.2621136900567015,8,1,30,1.0
SYNX,-0.10893709190920076,22,1,3,0.85
SYPR,-0.22943295046659448,9,1,5,0.9
SYRE,0.14175773188521323,83,0,0,0.1
SYY,0.02519571774235863,63,1,13,0.65
SZZL,-0.015585656762417676,49,0,0,0.65
SZZLU,-0.018062411124304022,47,1,13,0.7
T,0.07243920117412757,74,0,0,0.1
TAC,-0.10873108809409733,22,1,19,0.95
TACH,-0.01753933522634101,47,0,0,0.65
TACHU,-0.022137928690978834,44,1,13,0.7
TACO,-0.02032860239998795,45,0,0,0.7
TACOU,-0.03302429165889029,38,1,13,0.65
TACT,0.02085601873855288,62,1,7,0.6
TAK,0.08252285255639817,75,0,0,0.35
TAL,0.11384801474825919,80,1,1,0.15
TALO,0.17778343727475215,87,0,0,0.3
TANH,-0.1997576054611065,12,1,20,1.0
TAOP,-0.3832898868760458,4,1,35,1.0
TAOX,-0.05812704191897637,31,0,0,0.8
TAP,0.019498346034244694,62,0,0,0.4
TARA,-0.09731298932847168,24,1,29,1.0
TARS,0.17331705893614185,86,0,0,0.4
TASK,0.384639804261561,95,0,0,0.05
TATT,-0.155217607833108,16,1,4,0.9
TAVI,-0.017584142217158406,47,0,0,0.65
TAVIU,-0.014798617470245223,50,1,14,0.75
TAYD,-0.01928896292015681,46,0,0,0.6
TBBB,0.21751308950561718,89,0,0,0.5
TBBK,0.0762821816325554,74,1,6,0.4
TBCH,-0.03742137512380903,37,1,9,0.75
TBI,0.4953085006137898,96,0,0,0.35
TBLA,-0.283651702926439,7,1,11,0.85
TBLD,-0.002072987903234822,55,0,0,0.65
TBN,0.07784913702775154,75,0,0,0.4
TBPH,-0.0052149857340978885,54,0,0,0.65
TC,-0.37342313821754786,4,1,42,1.0
TCBI,-0.053189526971787485,32,1,22,1.0
TCBIO,-0.01816401208988936,47,0,0,0.8
TCBK,-0.01018846283538083,52,1,15,0.75
TCBS,-0.01632560105400649,49,0,0,0.8
TCBX,0.13683265325851804,83,0,0,0.0
TCI,-0.08358551441032273,26,1,18,0.95
TCMD,-0.15451949459414618,16,1,10,0.8
TCOM,0.012709723711085235,60,0,0,0.4
TCPC,0.16957744244644318,86,0,0,0.25
TCRT,-0.16225284779503224,15,1,37,1.0
TCRX,-0.19660566142200595,12,1,2,0.95
TCX,-0.14013947780550387,18,1,7,0.6
TD,-0.032347001893047345,38,1,3,0.65
TDAC,-0.012864721034102767,51,0,0,0.6
TDACU,0.07568125594164095,74,0,0,0.25
TDAY,-0.22153602085596083,10,1,11,0.6
TDC,-0.08769469491376325,25,1,12,0.85
TDF,-0.016749495961275597,48,1,8,0.8
TDG,-0.05946719259115835,30,1,13,0.8
TDIC,-0.42317206821154757,3,1,68,1.0
TDOC,-0.20283325144344164,11,1,16,0.85
TDS,-0.07602745598556576,28,0,0,0.9
TDTH,-0.2257399355865775,10,1,15,0.75
TDUP,-0.5283432096908798,2,1,22,1.0
TDW,0.2669358150792455,92,0,0,0.15
TDWD,-0.018301704436489572,47,1,13,0.7
TDWDU,-0.02447352496959296,42,1,13,0.7
TDY,-0.02166466659260433,44,1,3,0.25
TE,-0.43626642647072705,3,1,35,1.0
TEAD,-0.3732247546737179,4,1,39,1.0
TEAM,1.0621950870243029,98,0,0,0.05
TECH,0.17917177381473354,87,0,0,0.5
TECK,0.08323516205188584,76,0,0,0.2
TECX,0.1502105643767198,84,0,0,0.6
TEI,0.015608977998733845,60,0,0,0.7
TEL,-0.04035413867270385,36,1,3,0.3
TELA,-0.21472693698478812,11,1,8,0.75
TELO,-0.0766648370901079,27,1,1,0.65
TEM,0.3942641802961484,95,0,0,0.55
TEN,0.05135874559520362,69,0,0,0.35
TENB,0.12751394958331724,82,1,2,0.5
TENX,-0.8903569634622912,0,1,15,0.85
TEO,-0.02615723530308087,41,1,8,0.6
TER,-0.03111770774532494,39,1,2,0.35
TEVA,0.14411734701075646,84,0,0,0.15
TEX,-0.03978504806878254,36,1,4,0.7
TFC,-0.01000516100023312,52,1,2,0.65
TFII,-0.08953507749547504,25,1,5,0.9
TFIN,-0.01268405969636852,51,1,11,0.8
TFPM,0.10853497543208308,80,0,0,0.15
TFSL,-0.0024467294122042307,55,1,13,0.65
TFX,0.012326270915040124,59,0,0,0.55
TG,-0.015328631898998277,49,1,2,0.75
TGB,0.1869315905418223,87,0,0,0.25
TGE,-0.14264862168882472,18,1,13,0.95
TGEN,-0.27866752818367385,7,1,5,0.75
TGHL,0.6767059445972553,98,1,3,0.4
TGL,-0.26942525255976285,7,1,46,1.0
TGLS,-0.09982557380833225,24,1,10,0.7
TGS,-0.11299660369770319,21,1,14,0.8
TGT,0.183787821339327,87,0,0,0.0
TGTX,-0.010763234763416476,52,1,1,0.75
TH,-0.04573118715959382,34,0,0,0.75
THC,0.42235424400409066,95,0,0,0.0
THCH,-0.38333023783746606,4,1,14,0.85
THFF,0.05706894381216014,71,1,2,0.15
THG,0.06324618119982413,72,0,0,0.4
THH,8.934054893938812,99,0,0,0.5
THM,0.22928592416344346,90,0,0,0.4
THO,0.023623891732208,63,0,0,0.4
THQ,0.03291500213564395,65,0,0,0.3
THRM,0.1471191511983427,84,1,1,0.1
THRY,-0.45925069411586966,3,1,12,0.7
THW,0.06217213191055079,72,0,0,0.2
TIC,0.15261983717596664,84,0,0,0.35
TIGO,-0.01554494432746981,49,1,9,0.6
TIGR,-0.026444416799292415,41,0,0,0.55
TII,0.07537722972170668,74,0,0,0.35
TIL,-0.02889071674577711,40,0,0,0.95
TILE,0.20764903237049248,89,0,0,0.05
TIMB,-0.22426991311554073,10,1,22,1.0
TIPT,0.02469753930784273,63,0,0,0.7
TISI,0.35362284633686686,94,0,0,0.3
TITN,-0.09813819861391065,24,1,11,0.8
TJGC,-0.05481869109439734,32,0,0,0.45
TJX,-0.1345245043551767,19,1,10,0.65
TK,0.09062993845224694,77,0,0,0.3
TKC,-0.11723849493116593,21,1,22,1.0
TKLF,-0.17917767932589626,14,1,21,1.0
TKNO,0.40874689296295175,95,0,0,0.35
TKO,0.013430301676502544,60,0,0,0.55
TKR,-0.10614209928218167,23,1,13,0.8
TLF,0.05952677890376458,71,0,0,0.4
TLIH,0.2100725010858433,89,0,0,0.25
TLK,-0.03453630260089696,37,0,0,0.45
TLN,-0.17140443136807199,14,1,4,0.85
TLNC,-0.025638647376870948,42,1,14,0.7
TLNCU,-0.05389658924408977,32,1,15,0.75
TLPH,0.09197873020471219,77,1,6,0.3
TLRY,0.015378861285627484,60,0,0,0.5
TLS,-0.030265198271379124,39,1,9,0.85
TLSA,-0.011817233132309524,51,0,0,0.75
TLSI,0.29536559923940625,92,0,0,0.0
TLX,0.15841435423165856,85,0,0,0.55
TLYS,-0.08922770461150765,25,1,7,0.75
TM,0.05259536698497844,69,0,0,0.25
TMC,-0.12240985559129175,20,1,5,0.7
TMCI,0.1506684204712791,84,1,1,0.5
TMDE,-0.1049503816002116,23,1,3,0.85
TMDX,0.2423517620483827,90,0,0,0.05
TME,-0.008016918711917453,53,1,8,0.4
TMO,0.25603719532879793,91,0,0,0.05
TMP,0.05536234417860371,70,1,2,0.2
TMQ,0.029859232661053,64,0,0,0.35
TMS,-0.08694564787762407,26,1,1,0.45
TMTSU,0.002927832944953336,57,1,12,0.6
TMUS,-0.0556800436795227,31,0,0,0.8
TNC,-0.2380654439893725,9,1,12,0.8
TNDM,0.3856363373773189,95,0,0,0.0
TNET,0.3310114234826542,94,0,0,0.0
TNGX,-0.13493712249870002,19,1,9,0.9
TNK,0.1762143172967261,87,0,0,0.25
TNL,-0.05198129558076117,32,1,11,0.55
TNMG,-0.049682170591726305,33,1,7,0.7
TNXP,0.0023444696491295783,56,0,0,0.5
TNYA,-0.11936759153640394,21,1,22,1.0
TOL,-0.03637023467681263,37,1,16,0.8
TOMZ,-0.12466843580133576,20,1,30,1.0
TONT,-0.01850984488184504,46,0,0,0.65
TONX,-0.1989950068692251,12,1,17,0.9
TOON,-0.06517517133823054,29,0,0,0.75
TOPP,-0.7877478577292536,0,1,43,1.0
TOPS,-0.13400683308031738,19,0,0,0.65
TORO,0.166303205368928,86,0,0,0.0
TOST,0.32048051281656914,93,0,0,0.0
TOUR,-0.09575728843840571,24,1,15,0.75
TOVX,-0.09364985490203288,24,0,0,0.85
TOWN,0.03779202543570652,66,0,0,0.5
TOYO,-0.3933648639788359,4,1,3,0.9
TPB,0.03318881616308024,65,0,0,0.45
TPC,0.06411482420730875,72,0,0,0.15
TPCS,0.39012307509578936,95,0,0,0.25
TPET,-0.38606460204587945,4,1,20,1.0
TPG,0.21538219831351188,89,0,0,0.0
TPL,-0.10622673939097772,23,1,19,0.95
TPR,-0.11939530650127134,21,1,7,0.35
TPST,-0.13303624096912686,19,1,1,0.65
TPVG,0.07343297629933074,74,0,0,0.5
TR,0.05691790843517226,71,0,0,0.45
TRAK,-0.09536786836817539,24,1,16,0.9
TRAW,-0.3486235756184804,5,1,5,0.95
TRC,-0.12681323792093724,20,1,38,1.0
TRDA,0.15505024343620932,85,0,0,0.35
TREE,-0.2399373493313313,9,1,23,1.0
TREX,0.08204715669770092,75,1,1,0.4
TRGP,0.07875496177251579,75,0,0,0.7
TRI,0.25373217050003954,91,0,0,0.1
TRIN,0.0541078439150907,70,0,0,0.3
TRIP,-0.21597509231555972,10,1,13,0.65
TRLV,0.16106931353378612,85,0,0,0.5
TRMB,0.14875533050153322,84,0,0,0.2
TRMD,0.01308827170176698,60,0,0,0.4
TRMK,0.0010853843378984436,56,1,11,0.55
TRN,-0.17760747582574793,14,1,16,0.8
TRNO,-0.028284591136633695,40,1,14,0.7
TRNR,-0.27757238398406137,7,1,4,0.65
TRNS,0.06143023141243807,71,0,0,0.45
TRON,0.12828695846019633,82,0,0,0.65
TROO,-0.2077345256078119,11,0,0,0.9
TROW,-0.005595946542395456,54,1,15,0.75
TROX,-0.22386192167223323,10,1,7,0.85
TRP,-0.11227641225855371,22,1,18,0.9
TRS,-0.08292653176302879,26,1,35,1.0
TRSG,0.0010683704464625916,56,0,0,0.7
TRST,0.04152741108235965,67,0,0,0.5
TRT,-0.07148695124366969,28,0,0,0.4
TRTX,-0.0906780896437809,25,1,16,0.8
TRU,0.18922363346010762,88,0,0,0.45
TRUG,-0.29730128159587593,6,1,2,0.9
TRUP,0.23852493130267505,90,0,0,0.4
TRV,0.056525395463038294,70,1,9,0.45
TRVG,0.04449327685787645,67,1,8,0.6
TRVI,0.07194269953189415,73,0,0,0.3
TRX,0.2735048892181909,92,0,0,0.35
TS,-0.12668428272118148,20,1,14,0.8
TSAT,0.008252584775025457,58,1,3,0.45
TSBK,0.07416276669837599,74,0,0,0.2
TSCO,0.14884465020604729,84,0,0,0.1
TSEM,-0.194286211387139,12,1,3,0.6
TSHA,0.0192523904396673,61,1,1,0.45
TSI,-0.030387336680172638,39,1,16,0.85
TSLA,-0.14135272243184174,18,0,0,0.9
TSLX,0.08207088194946113,75,0,0,0.15
TSM,-0.05547485290050558,31,1,3,0.85
TSN,-0.019364197485423375,46,0,0,0.65
TSQ,-0.0880262328816836,25,1,8,0.95
TSSI,-0.2345641656688337,9,1,5,0.6
TT,-0.07206307527686046,28,1,7,0.8
TTAM,-0.1391334233797758,18,1,16,0.85
TTAN,0.37711069412388265,95,0,0,0.05
TTC,0.030275619521861797,64,0,0,0.35
TTD,-0.29646164371171396,6,1,12,0.85
TTE,0.045980852149141035,68,0,0,0.25
TTEC,-0.3392007437797078,5,1,9,0.5
TTEK,0.2397216145826851,90,0,0,0.0
TTGT,0.0024009561536873746,56,1,10,0.55
TTI,-0.2771240200495034,7,1,7,0.95
TTMI,-0.3385490751839571,5,1,3,0.8
TTRX,0.3516790718718757,94,0,0,0.25
TTWO,-0.006017601933768702,54,1,7,0.65
TU,-0.10261649949697174,23,0,0,0.8
TULP,-0.1201531139472306,21,1,6,0.85
TURB,-0.20881593726608638,11,1,14,0.85
TUSK,0.07325167151289255,74,0,0,0.5
TUYA,-0.07350236224643887,28,1,1,0.75
TV,-0.057551806054915236,31,1,4,0.6
TVA,-0.021981647159490535,44,0,0,0.7
TVACU,-0.02866665231601413,40,1,14,0.8
TVAI,-0.018647324664673892,46,1,14,0.7
TVAIU,-0.020061017090048792,45,1,14,0.7
TVGN,0.09177796183128568,77,0,0,0.15
TVRD,-0.39646363479758306,3,1,23,1.0
TVTX,0.2015522102034018,88,0,0,0.15
TW,0.033132260848104944,65,0,0,0.45
TWAV,-0.0075524432325947445,53,0,0,0.5
TWFG,0.20164988663349076,88,0,0,0.25
TWG,-0.7101564972800817,1,1,16,0.8
TWI,-0.15764911898778325,16,1,16,0.8
TWIN,0.1391817771511514,83,0,0,0.1
TWLO,0.16725749114944638,86,1,2,0.6
TWLV,-0.016776203081525342,48,1,13,0.7
TWLVU,-0.022781771331281186,44,1,13,0.65
TWN,0.026091647413036174,63,0,0,0.45
TWO,-0.024386546008456023,42,1,15,0.75
TWST,0.7052229913466591,98,0,0,0.15
TX,0.15434203540080366,85,0,0,0.0
TXG,0.7693426716511297,98,0,0,0.05
TXMD,-0.006813362322378235,53,0,0,0.75
TXN,-0.15392093712331825,16,1,27,1.0
TXNM,-0.029953991730767,39,0,0,0.7
TXO,0.09636281159449654,78,0,0,0.15
TXRH,0.06404090855867543,72,1,6,0.3
TXT,-0.08414244717063044,26,1,18,0.9
TY,-0.0013476836702620565,55,0,0,0.7
TYG,-0.0013962654823282544,55,0,0,0.55
TYGO,-0.5392558911188915,2,1,11,0.9
TYL,0.18732473609648184,87,0,0,0.4
TYRA,-0.1962528693170599,12,1,13,0.8
TZOO,-0.37576368378952074,4,1,23,1.0
U,0.6405252083788999,98,0,0,0.05
UA,-0.1856858047349315,13,1,16,0.8
UAA,-0.1839166876595668,13,1,16,0.8
UAC,-0.019754930852820762,45,1,13,0.7
UAL,-0.03714236003799265,37,1,9,0.55
UAMY,-0.24336972766674927,9,1,7,0.7
UAN,0.07966931516214196,75,0,0,0.15
UAVS,0.09687389532932356,78,0,0,0.55
UBCP,0.019363030013824865,62,0,0,0.75
UBER,0.07514077455639398,74,0,0,0.45
UBS,0.03223278682761724,65,0,0,0.5
UBSI,0.026007496581838496,63,1,2,0.4
UCAR,-0.4539200677737972,3,1,28,1.0
UCB,0.01819323260220509,61,1,2,0.5
UCFI,-0.02379125932986177,43,1,13,0.7
UCL,-0.6140308763021544,1,1,42,1.0
UCTT,-0.3040991235250688,6,1,5,0.95
UDR,-0.04278435567495163,35,1,16,0.85
UE,-0.07760936994722974,27,1,15,0.75
UEC,0.01571122134720807,60,0,0,0.35
UEIC,0.09194614477992526,77,1,3,0.25
UFCS,0.06593432511996479,72,0,0,0.35
UFG,-0.23145723487524558,9,1,36,1.0
UFI,0.44329045606428136,96,0,0,0.1
UFPI,0.015119192735238849,60,1,1,0.4
UFPT,0.27750066806452645,92,0,0,0.05
UG,-0.031606650931452394,39,1,16,0.8
UGI,0.04517193558235251,67,0,0,0.65
UGP,0.10814758963266692,80,0,0,0.4
UHAL,0.1065143897186621,79,1,3,0.15
UHS,0.12926511603655952,82,0,0,0.0
UHT,-0.02119379171644413,44,1,15,0.75
UI,-0.0013054723614202672,55,0,0,0.35
UIS,-0.22417985294280846,10,1,27,1.0
UK,-0.10108820300944411,23,1,1,0.55
UL,0.047308703294106524,68,0,0,0.55
ULBI,0.15852186513844582,85,0,0,0.5
ULCC,-0.04586473081721819,34,1,8,0.6
ULH,0.2493776725917381,91,0,0,0.25
ULS,-0.18568183769035562,13,1,13,0.75
ULTA,0.05014290186893437,69,0,0,0.2
UMAC,0.3435175568778632,94,0,0,0.1
UMBF,0.03861560057284487,66,1,2,0.4
UMBFO,-0.013963924204447052,50,0,0,0.7
UMC,-0.19262102952082522,12,1,26,1.0
UMH,0.07560577237752325,74,0,0,0.35
UNB,-0.0268879597776004,41,1,4,0.85
UNCY,-0.18598546299042631,13,0,0,0.75
UNF,0.023501463565521952,63,0,0,0.65
UNFI,-0.0966375489282832,24,1,14,0.7
UNH,-0.09179830332120746,25,1,15,0.8
UNIT,-0.12156558406981892,20,1,1,0.95
UNM,-0.027333451855954018,41,1,3,0.6
UNP,0.07647424174609084,74,0,0,0.55
UNTY,0.02884298359941433,64,1,2,0.2
UONE,-0.07097713823248304,28,1,16,0.85
UONEK,0.0044795107064902855,57,1,5,0.3
UP,-0.2909465114677083,6,1,31,1.0
UPB,-0.033693377992452145,38,1,1,0.75
UPBD,-0.0711451418384382,28,1,16,0.9
UPC,0.5836653936006655,97,1,3,0.45
UPLD,-0.12733580932440852,20,1,4,0.75
UPS,-0.07161344841160167,28,1,18,0.9
UPST,-0.04337496623595506,35,1,1,0.85
UPWK,-0.009154802598774516,53,1,8,0.45
UPXI,-0.02541749256864732,42,0,0,0.8
URBN,-0.028659182263119344,40,1,4,0.3
URG,-0.052279380994377136,32,1,1,0.65
URGN,0.26014012484048493,91,0,0,0.15
URI,0.04179556912272542,67,1,3,0.4
UROY,0.32577570526505506,93,0,0,0.1
USA,0.023006779777762196,62,1,1,0.1
USAC,-0.025680155362084,41,0,0,0.7
USAR,-0.11859191000013766,21,1,1,0.4
USAS,0.08820625556996291,77,0,0,0.35
USAU,0.09766106644107764,78,0,0,0.5
USB,0.002553960590553475,57,1,2,0.45
USBC,0.11886776104683665,81,0,0,0.35
USCB,0.13621167315353166,83,0,0,0.05
USEA,0.05181947760034618,69,0,0,0.45
USFD,0.1695557001785888,86,0,0,0.2
USGO,0.043140765616984086,67,0,0,0.45
USIO,0.42814712549057116,96,0,0,0.25
USLM,0.09216630354001133,77,0,0,0.0
USNA,-0.3718879896770824,4,1,12,0.6
USPH,0.1273740253663908,82,1,1,0.25
UTF,-0.02309852156048786,43,1,15,0.75
UTG,-0.0746320358530993,28,1,3,0.85
UTHR,-0.05441626343080372,32,1,1,0.95
UTI,-0.40993080795513026,3,1,11,0.9
UTL,0.004264214397807331,57,0,0,0.7
UTMD,0.039896647604634156,66,0,0,0.4
UTSI,-0.0619547882822246,30,1,10,0.9
UTZ,0.4676323195956722,96,0,0,0.0
UUU,0.4145470795786558,95,0,0,0.8
UUUU,-0.03485140075746758,37,0,0,0.4
UVE,0.08362499824433292,76,1,2,0.4
UVSP,-0.03028546848235982,39,1,14,0.7
UVV,-0.16202627855447221,15,1,15,0.75
UWMC,-0.331436596297283,5,1,16,0.95
UXIN,-0.37243653429612933,4,1,34,1.0
UYSC,-0.012493456755708942,51,1,13,0.65
UYSCU,0.012958849473751543,60,0,0,0.75
UZX,-0.5834171140778486,1,1,54,1.0
V,0.052715420519011305,69,0,0,0.45
VABK,0.04496522089762146,67,0,0,0.3
VAC,0.19189404269915633,88,1,1,0.3
VACI,-0.020916091317584803,45,0,0,0.7
VAL,0.046292787745567124,68,0,0,0.4
VALE,-0.07247287713170707,28,0,0,0.65
VALN,0.2849953035023936,92,0,0,0.35
VALU,0.046679146549711587,68,0,0,0.7
VANI,0.09471402730273938,78,0,0,0.55
VATE,-0.27251023599408475,7,1,9,0.95
VBF,-0.03239560746317996,38,1,16,0.9
VBIO,-0.7104075593962043,1,1,69,1.0
VBNK,-0.03216624512711225,38,1,4,0.95
VC,-0.05636667531836034,31,1,3,0.75
VCEL,-0.001215544113670062,55,1,14,0.7
VCIG,-0.7733612874645954,0,1,44,1.0
VCTR,0.21968726492383975,89,0,0,0.0
VCV,-0.027549275127214203,41,1,16,0.95
VCYT,-0.23854359237681116,9,1,14,0.8
VECO,-0.2420861038718803,9,1,3,0.95
VEEA,-0.4920831728221294,2,1,58,1.0
VEEE,0.07948210260239795,75,1,21,1.0
VEEV,0.4494363254481462,96,0,0,0.0
VEL,0.0355035968183427,65,0,0,0.5
VELO,-0.09241795098552731,25,1,1,0.4
VENU,-0.3288910562335779,5,1,27,1.0
VEON,0.04724879836277593,68,0,0,0.25
VERA,-0.14800512624170709,17,1,25,1.0
VERI,-0.38145093441542,4,1,5,0.6
VERU,0.04627966480188114,68,0,0,0.55
VERX,0.10173352334203979,78,0,0,0.5
VET,0.1541294163861671,84,0,0,0.1
VFC,-0.1987851718206234,12,1,17,0.85
VFF,0.2334616244160097,90,0,0,0.3
VFS,-0.0500978102684944,33,1,8,0.7
VG,0.04304280062884447,67,0,0,0.4
VGAS,-0.05237422123446055,32,1,1,0.4
VGI,-0.010860704933004017,52,0,0,0.9
VGM,-0.0041073947687254135,54,0,0,0.9
VGZ,0.20626777605243785,89,0,0,0.3
VHC,0.048385671052786614,68,1,2,0.15
VHCP,-0.01797556113132974,47,0,0,0.65
VHCPU,-0.02346702224065893,43,1,14,0.7
VHI,0.22328473254685363,90,0,0,0.3
VHUB,-0.2747039375474933,7,0,0,0.95
VIA,0.6110794818573393,97,0,0,0.05
VIAV,-0.188615695073385,13,1,2,0.75
VICI,-0.02820319523002013,40,0,0,0.75
VICR,-0.21852901336202543,10,1,2,0.85
VIK,-0.06812549120360158,29,1,5,0.35
VINP,-0.06680597152386608,29,1,13,0.75
VIOT,-0.2001380438446159,12,1,52,1.0
VIP,-0.08008376263066201,27,1,15,0.85
VIPS,-0.01254197839044191,51,1,7,0.35
VIR,-0.017356461547227996,48,1,1,0.85
VIRC,-0.04592617049402095,34,1,16,0.95
VIRT,0.025476161870176473,63,0,0,0.65
VISN,-0.10015001350729004,24,1,11,0.95
VIST,0.004551452623746344,57,0,0,0.35
VITL,-0.07806388434590351,27,1,16,0.8
VIV,-0.19480289655688723,12,1,18,0.9
VIVK,-0.6436250840941395,1,1,79,1.0
VIVO,-0.09347032579258442,24,1,1,0.7
VIVS,-0.6057959486912655,1,1,119,1.0
VKI,-0.02907872188040187,40,1,28,1.0
VKQ,-0.018622435245705934,46,1,16,0.95
VKTX,-0.011457973293533631,52,0,0,0.9
VLGEA,-0.020247394297522092,45,0,0,0.65
VLN,-0.16035867061101955,16,1,1,0.7
VLO,0.22088944693333457,89,0,0,0.15
VLOS,-0.03910060579052428,36,0,0,0.85
VLOSU,-0.03854340366102681,36,1,14,0.9
VLRS,-0.14401825621979156,18,1,10,0.95
VLT,-0.046254152174035654,34,1,23,1.0
VLTO,0.11369884202005144,80,0,0,0.2
VLY,-0.027114888565033534,41,1,2,0.65
VLYPN,-0.021949629034089313,44,0,0,0.6
VLYPO,-0.022614181530815514,44,1,13,0.65
VLYPP,-0.013763005186771114,50,0,0,0.6
VMAR,-0.4977076775583126,2,1,123,1.0
VMC,-0.062088687367369486,30,1,16,0.9
VMD,-0.24432020740244595,9,1,14,0.7
VMI,-0.08995081774172112,25,1,33,1.0
VMO,-0.012498918394461777,51,1,16,0.9
VNCE,-0.07446254500482011,28,1,8,0.65
VNDA,-0.0778774547295329,27,0,0,0.85
VNET,-0.23500166723235727,9,1,3,0.95
VNME,-0.018632210409954976,46,1,14,0.7
VNMEU,-0.022427862033773293,44,1,13,0.7
VNO,0.0314614380251389,64,1,12,0.7
VNOM,-0.00837407897461431,53,0,0,0.6
VNRX,-0.6749500817176026,1,1,58,1.0
VNT,0.08421951597164294,76,0,0,0.2
VNTG,-0.20037877855920364,12,1,7,0.9
VOC,0.1668333457735624,86,0,0,0.2
VOD,0.046514443438061506,68,0,0,0.15
VOR,0.3554005704167754,94,0,0,0.0
VOXR,0.14082099379729446,83,0,0,0.45
VOYA,0.04171049253647159,67,1,4,0.45
VOYG,0.21366648972111965,89,0,0,0.35
VPG,-0.48519634443881987,2,1,35,1.0
VPV,0.0016172201234780047,56,0,0,0.75
VRA,-0.19958234974578035,12,1,21,1.0
VRAX,-0.20938204367055152,11,0,0,0.9
VRCA,-0.14424833676576254,18,1,29,1.0
VRDN,0.36369251564740745,94,0,0,0.1
VREX,0.7418892134505849,98,0,0,0.0
VRM,0.06806585092948708,73,0,0,0.45
VRME,0.06587923769884924,72,0,0,0.45
VRNS,0.06007307900036149,71,1,2,0.65
VRRM,-0.07321170905471686,28,1,9,0.65
VRSK,0.017972489098111322,61,0,0,0.7
VRSN,0.02467651065089026,63,1,8,0.4
VRT,-0.19496099142376425,12,1,3,0.85
VRTS,0.1071152551897163,80,0,0,0.2
VRTX,0.14607285600249387,84,0,0,0.3
VRXA,-0.41133130726067896,3,1,45,1.0
VS,-0.06316162580475719,30,1,2,0.9
VSA,-0.07641887314343616,27,0,0,0.75
VSAT,0.016401025782699117,61,1,3,0.2
VSEC,0.07088512410198079,73,1,1,0.35
VSECU,0.060050329044818565,71,1,1,0.45
VSH,-0.3174636367679282,5,1,38,1.0
VSME,-0.1672703216040582,15,1,33,1.0
VSNT,0.0012209575873393316,56,0,0,0.45
VST,-0.16470728578579308,15,1,19,0.95
VSTM,0.3668342565971839,95,0,0,0.1
VSTS,-0.10825998799407914,22,1,15,0.75
VSXY,0.1601796818919902,85,1,6,0.3
VTAK,-0.6275472156201973,1,1,30,1.0
VTEX,-0.06822847900902851,29,1,10,0.6
VTGN,-0.31130145970660766,6,1,11,0.9
VTIX,-0.5779544269203264,1,1,43,1.0
VTMX,-0.002159342098603908,55,0,0,0.7
VTN,-0.04056789093099894,36,1,16,0.95
VTOL,0.032102493582403135,64,0,0,0.2
VTR,0.00027888023044232366,56,0,0,0.75
VTRS,-0.03975684457614423,36,1,13,0.65
VTS,0.02721121472898533,64,0,0,0.5
VTSI,-0.06258585331504342,30,1,4,0.65
VTVT,-0.05667929161440316,31,0,0,0.65
VUZI,0.010138956830785893,59,0,0,0.35
VVOS,-0.3754767266855989,4,1,12,0.95
VVR,-0.019600968846579758,45,0,0,0.75
VVV,-0.11864801181044232,21,1,15,0.8
VVX,-0.02624345817889303,41,1,9,0.55
VWAV,-0.7519082900198268,1,1,44,1.0
VYGR,-0.030851172715319983,39,0,0,0.8
VYX,0.030622005643190963,64,1,5,0.55
VZ,0.07163947575688749,73,0,0,0.15
VZLA,0.10014629274352604,78,0,0,0.2
W,0.2953654802010362,92,0,0,0.2
WAB,0.02402227583648509,63,0,0,0.1
WABC,-0.01954757509505145,45,1,14,0.7
WAFD,-0.01788186398312903,47,1,7,0.9
WAFDP,-0.007092519554047504,53,0,0,0.65
WAFU,-0.12247227803079333,20,1,7,0.95
WAL,-0.03732322100762849,37,1,16,0.8
WALD,-0.19870844707233937,12,1,13,0.75
WASH,0.07834464729306977,75,0,0,0.2
WAT,0.09789914315425151,78,0,0,0.05
WATT,-0.38323256359888774,4,1,7,0.7
WAVE,-0.22603177510902836,10,1,26,1.0
WAY,0.21054907617595472,89,0,0,0.1
WB,-0.10584309587550926,23,1,12,0.6
WBD,0.042400226916310596,67,0,0,0.6
WBI,-0.06017031157813216,30,1,13,0.85
WBTN,-0.21475189307124676,11,1,28,1.0
WBUY,-0.12109270057980744,20,1,9,0.55
WBX,-0.22316369868799296,10,1,23,1.0
WCC,-0.044565002080143766,34,1,3,0.3
WCN,0.023311454946996314,62,0,0,0.7
WCT,-0.13445605198748323,19,0,0,0.9
WD,-0.19173999898956684,13,1,13,0.85
WDAY,0.5566327955461836,97,0,0,0.0
WDC,-0.20626385969884703,11,1,3,0.85
WDFC,-0.0862636093011791,26,1,24,1.0
WDH,-0.2326554682622224,9,1,91,1.0
WDI,-0.048664724713665286,33,1,21,1.0
WDS,0.08308244309945226,76,0,0,0.2
WEA,-0.018071201360267894,47,1,16,0.95
WEAV,0.18419437166023206,87,0,0,0.6
WEC,-0.05310711657082176,32,1,2,0.85
WELL,0.01854720195639813,61,0,0,0.75
WEN,0.23140722142496567,90,0,0,0.5
WENN,-0.014752577898378827,50,0,0,0.65
WENNU,-0.018794931176128515,46,1,13,0.65
WERN,-0.13740741692698197,18,1,20,1.0
WES,0.06542517353281681,72,0,0,0.15
WEST,-0.005310186954121575,54,0,0,0.25
WETH,-0.12497550306280232,20,0,0,0.65
WEX,0.3423826963408538,94,0,0,0.0
WEYS,0.1878309054625913,87,0,0,0.0
WF,0.06045006704617162,71,1,1,0.05
WFC,-0.013446688182206179,50,1,4,0.6
WFCF,0.09232402456434693,77,0,0,0.8
WFF,-0.03278063490309244,38,0,0,0.6
WFG,0.016809120848510207,61,1,1,0.45
WFRD,-0.0073479336787470005,53,0,0,0.25
WGO,0.050260233023716364,69,0,0,0.25
WGS,0.45727095313434635,96,0,0,0.15
WH,-0.06218479415022142,30,0,0,0.95
WHD,0.20466510080015876,88,0,0,0.1
WHF,0.05088301857346998,69,0,0,0.35
WHG,0.059697215047804716,71,0,0,0.6
WHLR,-0.4221316080318468,3,1,16,0.8
WHLRD,-0.09913795899407724,24,1,19,0.95
WHLRP,0.15779826451586965,85,0,0,0.8
WHR,0.04802176065737748,68,1,5,0.45
WHWK,0.1590302432274666,85,0,0,0.4
WIA,-0.019162947263894357,46,0,0,0.75
WILC,-0.09977199502196678,24,0,0,0.95
WIMI,-0.05160694106150135,32,0,0,0.7
WINA,-0.0820487591073697,26,1,8,0.95
WING,-0.2152491998780878,11,1,32,1.0
WIT,-0.035354685739300395,37,1,9,0.55
WIW,-0.015180550195996312,49,0,0,0.75
WIX,0.6722323101071827,98,0,0,0.05
WK,0.4429666259362363,96,0,0,0.05
WKC,0.06226668176554538,72,1,11,0.55
WKEY,-0.1423531432730808,18,1,3,0.8
WKHS,0.07677069174475624,75,0,0,0.2
WKSP,-0.1741593056909209,14,1,31,1.0
WLDN,0.044580372842258284,67,0,0,0.45
WLDS,0.4684506930265694,96,1,6,0.35
WLFC,-0.4726690366232534,2,1,26,1.0
WLIIU,-0.014216951063449002,50,1,13,0.7
WLK,-0.029450789306182324,40,0,0,0.5
WLKP,-0.03663298192087857,37,0,0,0.7
WLTH,-0.043443620732462176,35,1,8,0.55
WLY,0.10580838561846743,79,0,0,0.4
WLYB,0.12581544017632929,82,0,0,0.35
WM,-0.025961291629124347,41,1,16,0.8
WMB,-0.07030415846928054,29,1,2,0.85
WMG,-0.09137200792344204,25,0,0,0.8
WMK,-0.10503186860182182,23,1,15,0.9
WMS,-0.0036046622088981538,55,1,3,0.65
WMT,-0.12433527853164299,20,1,2,0.8
WNC,0.025134876335284013,63,1,17,0.85
WNEB,-0.029429481645714774,40,1,17,0.85
WNW,-0.2108488785594509,11,1,7,0.95
WOK,-0.15824988024690395,16,1,68,1.0
WOLF,-0.334535207901217,5,1,2,0.65
WOOF,0.06109159303746799,71,0,0,0.45
WOR,-0.028768224057628786,40,1,4,0.4
WPAC,-0.02178625725007466,44,1,14,0.75
WPC,-0.045618905245054665,34,1,15,0.75
WPM,0.25950782018655205,91,0,0,0.15
WPP,0.42242638052742915,95,0,0,0.0
WPRT,-0.10967526549933002,22,1,7,0.95
WRAP,0.006542602861315239,58,1,4,0.65
WRB,-0.029278872212791983,40,1,15,0.75
WRBY,0.06532135374909702,72,0,0,0.65
WRD,-0.02759355404134418,41,0,0,0.55
WRLD,0.008781933580249871,58,1,4,0.85
WRN,0.01758533776502651,61,0,0,0.4
WS,-0.11830376684585937,21,1,3,0.3
WSBC,0.05194153666701713,69,1,2,0.25
WSBCO,-0.014671764550256317,50,0,0,0.65
WSBF,0.077123087333941,75,0,0,0.1
WSBK,-0.025324888677656865,42,1,14,0.7
WSC,-0.18715622786816918,13,1,17,0.9
WSFS,0.027113316569689034,64,1,2,0.5
WSHP,-0.15070939762085517,17,1,8,0.9
WSM,0.08248912790468763,75,1,1,0.2
WSO,-0.18581702710154413,13,1,34,1.0
WST,0.023912257451946087,63,0,0,0.9
WSTN,-0.017244978626415008,48,0,0,0.65
WSTNU,-0.010215162381854293,52,0,0,0.55
WT,0.1458824889497336,84,0,0,0.1
WTBA,0.10180047239525718,79,0,0,0.05
WTF,-0.07385596476019587,28,1,3,0.65
WTFC,-0.041464001728166874,35,1,16,0.9
WTFCN,-0.013121145005695922,51,0,0,0.65
WTG,-0.015804551147723875,49,0,0,0.65
WTGUU,-0.02638752077224722,41,1,14,0.8
WTI,0.06088184307221671,71,0,0,0.45
WTM,-0.02516787800638448,42,1,16,0.8
WTRG,0.05046407908504437,69,0,0,0.4
WTS,0.08258963944711893,76,0,0,0.25
WTTR,0.006174348097547033,58,1,1,0.4
WTW,0.2471562032444608,91,0,0,0.05
WU,-0.10955191312980408,22,1,16,0.8
WULF,-0.2753563345030049,7,1,40,1.0
WVE,-0.141578316677204,18,1,8,0.85
WVVI,-0.18683359556002577,13,1,17,0.85
WVVIP,-0.03966139163755793,36,1,2,0.55
WW,0.015905863596465068,60,0,0,0.65
WWD,-0.16739490321272624,15,1,17,0.85
WWR,0.1536948520599817,84,0,0,0.5
WWW,0.1225000204256959,81,0,0,0.3
WXM,0.18257625250618384,87,0,0,0.35
WY,0.01127160434138386,59,0,0,0.45
WYFI,-0.32729565160529495,5,1,3,0.8
WYHG,0.3274358580809928,93,0,0,0.45
WYNN,-0.002083846836982959,55,1,3,0.35
WYY,-0.2377107142446766,9,1,33,1.0
XAIR,-0.2517815686230606,8,1,4,0.9
XBIO,0.20099393292186718,88,0,0,0.4
XBIT,-0.013229560852548228,50,0,0,0.85
XBP,0.13406829633018927,82,1,2,0.4
XCBEU,-0.017608383229077495,47,1,13,0.7
XCH,-1.005104561353671,0,1,28,1.0
XCUR,-0.42820713958449425,3,1,55,1.0
XEL,-0.034793389938258056,37,1,16,0.8
XELB,-0.5533588239864299,2,1,44,1.0
XENE,-0.027002173966142295,41,1,15,0.8
XERS,0.13933178146175057,83,0,0,0.4
XFLT,0.09755128603680226,78,0,0,0.05
XFOR,0.030200718065461967,64,1,2,0.2
XGN,0.7078753834436473,98,0,0,0.2
XHG,3.7592806432767314,99,0,0,0.4
XHLD,3.7045829480940986,99,0,0,0.45
XHR,-0.040619060018697986,36,1,15,0.75
XIFR,-0.06786797206033018,29,1,17,0.85
XLO,0.047357898723174724,68,0,0,0.5
XMAX,-0.0033126041645779696,55,1,4,0.5
XMTR,-0.16933968726397258,15,1,4,0.8
XNCR,0.7959101787886352,98,0,0,0.0
XNET,-0.10912076978865377,22,1,14,0.9
XOM,0.09387638172236872,77,0,0,0.2
XOS,0.5438468534486368,97,0,0,0.5
XP,-0.04145454224475657,35,1,1,0.55
XPEL,0.12885374353045154,82,0,0,0.4
XPER,-0.2168699241849893,10,1,14,0.9
XPEV,-0.12868181754272615,19,1,16,0.95
XPL,-0.02885857086038692,40,0,0,0.55
XPO,-0.08280045715406406,26,1,3,0.75
XPOF,-0.18914646645464703,13,1,15,0.85
XPON,-0.21892830300674115,10,1,2,0.9
XPRO,0.16989734798208483,86,0,0,0.15
XRAY,-0.07988555551188727,27,1,11,0.55
XRN,0.0029350445613687964,57,0,0,0.65
XRPN,-0.01659490193651054,48,0,0,0.65
XRPNU,-0.02072370868503657,45,1,14,0.75
XRTX,-0.064603118850206,30,1,5,0.55
XRX,0.01608758411892323,61,1,5,0.45
XSLLU,-0.02637411964203029,41,1,13,0.7
XTIA,-0.15368212048174676,16,1,4,0.75
XTLB,-0.029051578098865792,40,1,1,0.6
XTNT,-0.26715334997326545,7,1,8,0.85
XWEL,-0.2169909752714872,10,1,13,0.8
XXI,0.10415402067418582,79,0,0,0.75
XXII,-0.23635531110052724,9,1,121,1.0
XYF,0.12720347535133575,82,0,0,0.0
XYL,-0.02046370933817172,45,1,7,0.75
XYZ,0.027150494546322266,64,1,4,0.45
XZO,0.09007460553863873,77,0,0,0.7
YAAS,2.4853826294101373,99,0,0,0.25
YALA,-0.02537857400554879,42,0,0,0.65
YARW,0.7709960692878287,98,0,0,0.0
YB,-0.052856241269813656,32,1,2,0.8
YCBD,-0.23804477614631137,9,1,6,0.95
YCY,-0.01661119169583123,48,0,0,0.65
YDDL,-0.2657255709949978,7,1,91,1.0
YDES,0.8152543121133372,98,0,0,0.6
YDKG,0.19082004986858042,88,0,0,0.15
YELP,-0.0478669978564055,33,1,12,0.7
YETI,-0.11236860037911224,22,1,7,0.55
YEXT,0.4166630115502002,95,0,0,0.0
YHC,-0.5082583575767562,2,1,37,1.0
YHGJ,0.07337188460515484,74,0,0,0.35
YHNA,-0.014018349744891622,50,1,13,0.65
YHNAU,-0.0138530925587796,50,0,0,0.65
YI,-0.23084880649995815,9,1,7,0.95
YIBO,0.28995839311137345,92,0,0,0.3
YJ,1.6801367792620028,99,0,0,0.55
YMAT,-0.26106731275363737,8,1,53,1.0
YMM,-0.006502365625303,54,1,7,0.35
YMT,-0.6498033482294222,1,1,124,1.0
YORW,0.11089435868067056,80,0,0,0.3
YOU,-0.25359774298080784,8,1,13,0.85
YOUL,-0.14981332850514614,17,0,0,0.65
YPF,-0.013779436872410988,50,0,0,0.55
YQ,0.05187399287997485,69,0,0,0.6
YRD,-0.1479725413328158,17,1,7,0.85
YSG,-0.061688161288292395,30,1,14,0.85
YSS,-0.5977138253342504,1,1,43,1.0
YSXT,0.056701612542190805,71,0,0,0.5
YTRA,0.06867114496229883,73,0,0,0.65
YUM,-0.004020348280501351,54,0,0,0.85
YUMC,0.10630289885128862,79,0,0,0.05
YXT,-0.1885476646299699,13,1,5,0.75
YYAI,-0.8809508558514234,0,1,19,0.95
YYGH,-0.41138876094091437,3,1,122,1.0
Z,0.09515778831888203,78,0,0,0.4
ZBAO,-0.49394599179096427,2,1,57,1.0
ZBH,0.10850564717490922,80,0,0,0.0
ZBIO,0.2988345114527135,92,0,0,0.15
ZBRA,0.398624824564887,95,0,0,0.0
ZCMD,-0.7526452736384033,1,1,73,1.0
ZD,0.13513525694294845,83,0,0,0.2
ZDAI,-0.20783412969687365,11,1,8,0.95
ZDGE,-0.061183896376485414,30,1,9,0.95
ZENA,0.33558257701441524,94,0,0,0.5
ZEO,-0.30003858583756643,6,1,3,0.65
ZEPP,-0.0819559452006896,27,0,0,0.6
ZETA,0.42231132072959643,95,0,0,0.05
ZG,0.11774362356275285,81,0,0,0.4
ZGN,-0.02627114383188086,41,1,8,0.4
ZH,-0.004235606462792085,54,1,12,0.7
ZIM,0.057527456294243745,71,0,0,0.25
ZION,-0.009104274723700519,53,1,2,0.6
ZIONP,-0.038653426911139335,36,1,16,0.85
ZIP,0.45899964667336074,96,0,0,0.05
ZJK,-0.13545788188749608,18,0,0,0.85
ZJYL,0.2526268606750744,91,0,0,0.45
ZKH,0.010237843930025355,59,0,0,0.4
ZKIN,-0.2871067852316613,7,1,19,0.95
ZKP,-0.01846118282875435,47,1,13,0.7
ZKPU,-0.019580412354394984,45,1,13,0.7
ZLAB,0.3099068765414575,93,0,0,0.45
ZM,0.1558431614390115,85,0,0,0.1
ZNB,-0.46509271565345994,2,1,121,1.0
ZNTL,-0.11225726205909849,22,1,9,0.6
ZONE,-0.809752679534935,0,1,19,0.95
ZOOZ,-0.03841732579000875,36,0,0,0.8
ZS,0.21473866888380042,89,0,0,0.0
ZSQR,-0.4987128834668635,2,1,37,1.0
ZSTK,1.488581223452677,99,0,0,0.8
ZTEK,0.1775837553959619,87,0,0,0.15
ZTG,-0.5943402025086718,1,1,4,0.25
ZTO,-0.10525804302543289,23,1,12,0.6
ZTS,-0.030024969261795355,39,1,1,0.65
ZUMZ,-0.11978520168482365,21,1,9,0.55
ZURA,0.23059127848794148,90,0,0,0.1
ZVIA,-0.16377422867916286,15,1,11,0.65
ZVRA,-0.03663228800430594,37,0,0,0.75
ZWS,-0.0032909916211788376,55,1,9,0.45
ZYBT,0.8774619781963157,98,0,0,0.65
ZYME,0.09085494841405824,77,0,0,0.6
