ticker,raw_score,rs_percentile,rs_below_ma,rs_days_below_ma,rs_frac_below_ma
A,0.07582858608902689,82,0,0,0.6
AA,0.08375463871251022,82,0,0,0.3
AACB,-0.03891116038636176,58,0,0,0.9
AACBU,0.05870055212488773,80,0,0,0.75
AACG,-0.06845287790833174,43,1,9,0.7
AAL,0.05943623157023796,80,0,0,0.3
AAME,-0.4267806853232893,3,1,26,1.0
AAMI,0.2153082687388247,90,0,0,0.05
AAOI,0.3722905335286184,94,0,0,0.2
AAON,0.20602419020063778,90,0,0,0.0
AAP,0.010545214546995231,72,0,0,0.5
AAPG,-0.31946321914190773,7,1,35,1.0
AAPL,0.05517554299624462,79,0,0,0.0
AARD,-0.33936064993870274,6,1,16,0.8
AAT,0.16278235559096,88,0,0,0.3
AAUC,-0.2053246076016254,16,1,43,1.0
AB,-0.09168040949854467,36,1,23,1.0
ABAT,0.18780386800878268,89,0,0,0.45
ABBV,0.015055725366942996,73,0,0,0.45
ABCB,-0.02188446839902563,64,0,0,0.9
ABCL,0.29240733850282924,93,0,0,0.2
ABEO,-0.04569182779782389,53,1,2,0.7
ABEV,-0.0801599043961704,39,1,8,0.7
ABG,-0.09056061693962814,36,0,0,0.9
ABLV,0.47775724975969724,96,0,0,0.0
ABM,-0.00783535759409141,68,0,0,0.9
ABNB,-0.06579089714417405,43,0,0,0.95
ABOS,-0.22202691643040823,14,1,6,0.85
ABR,-0.36808421474167713,5,1,22,1.0
ABSI,0.6968279139213612,97,0,0,0.15
ABT,-0.10629092257842442,32,0,0,0.85
ABTC,-0.2192658660140131,14,1,22,1.0
ABTS,-0.1730259784256123,20,1,1,0.75
ABUS,-0.09441208323517192,35,1,6,0.75
ABVC,0.023910821503329543,74,0,0,0.45
ABVX,-0.20327915760173715,16,1,5,0.65
ABX,-0.10176075945877171,34,1,9,0.95
ACA,-0.007784668813902419,68,0,0,0.65
ACAD,-0.09013124996411764,37,0,0,0.9
ACB,-0.061647911057739646,45,1,5,0.8
ACCL,-0.0010803185865664172,69,0,0,0.75
ACCO,0.06744674477662482,81,0,0,0.15
ACCS,-0.3230604663848734,7,1,24,1.0
ACDC,0.11700420745739999,85,0,0,0.5
ACEL,0.001375751558671659,70,0,0,0.85
ACET,-0.09750878291746279,34,1,5,0.65
ACFN,-0.13637780500716257,26,1,23,1.0
ACGL,-0.11773719037223614,30,1,13,0.95
ACGLN,-0.0928690279958464,36,1,48,1.0
ACGLO,-0.09332211891245343,35,1,48,1.0
ACH,-0.19807600506151196,17,1,19,0.95
ACHC,-0.04061180880047729,57,0,0,0.85
ACHR,-0.11179876933547594,31,1,3,0.4
ACHV,0.2841948537966523,93,0,0,0.4
ACI,-0.08763086096903902,37,0,0,0.8
ACIC,-0.13695636628824398,26,1,28,1.0
ACIU,-0.3190205774494828,7,1,38,1.0
ACIW,-0.08745097157579812,37,1,1,0.9
ACLS,0.24773261798431867,92,0,0,0.25
ACM,-0.21838105491111037,14,1,67,1.0
ACMR,0.49763912190969484,96,0,0,0.0
ACN,-0.12752966896763146,28,1,4,0.85
ACNB,0.0530542177507428,79,0,0,0.5
ACNT,-0.03622374291546329,59,1,10,0.95
ACOG,-0.08028383872537677,39,0,0,0.85
ACON,-0.03170690061250637,60,0,0,0.7
ACP,-0.04192464740831241,56,1,43,1.0
ACR,-0.16301582677068832,22,1,19,0.95
ACRE,-0.08671878267015673,37,1,1,0.9
ACRS,-0.014914282922480537,66,1,2,0.75
ACRV,-0.25182912319779005,11,1,20,1.0
ACT,-0.07854747978520467,40,1,1,0.9
ACTG,-0.05508062395146518,47,1,24,1.0
ACTU,-0.3714108938542439,5,1,17,0.9
ACU,-0.042305525117943416,56,0,0,0.8
ACV,-0.009546890554225737,67,1,2,0.45
ACVA,-0.027720124350657394,62,1,4,0.2
ACXP,-0.3398467622170365,6,1,46,1.0
AD,-0.011688804452900714,67,0,0,0.65
ADAG,-0.13826257558107607,26,1,6,0.75
ADAM,0.038187406355981904,77,0,0,0.15
ADAML,-0.03551919569530926,59,0,0,0.9
ADAMM,-0.0456305810475966,53,0,0,0.9
ADAMN,-0.011391120736906193,67,0,0,0.9
ADAMZ,-0.06550725745831756,44,0,0,0.95
ADBE,-0.09369403560757358,35,1,1,0.55
ADC,-0.09944736130544596,34,1,45,1.0
ADCT,-0.7965396926182596,0,1,34,1.0
ADEA,0.0718311048989773,81,0,0,0.55
ADGM,-0.3522833977538923,5,1,30,1.0
ADI,0.048139114807569355,78,1,2,0.35
ADIL,0.3851236496149226,95,0,0,0.25
ADM,0.044462573326119484,78,0,0,0.2
ADMA,-0.2281009098746717,13,1,57,1.0
ADNT,-0.0072317919944998935,68,0,0,0.5
ADP,0.03256672754808018,76,0,0,0.35
ADPT,0.07758606328919569,82,0,0,0.55
ADSE,-0.055519910359720454,47,1,10,0.85
ADSK,-0.15047494118155424,24,1,5,0.9
ADT,-0.06994799083206196,42,1,25,1.0
ADTN,0.18176771691831184,89,1,2,0.6
ADTX,-1.0427513321423787,0,1,93,1.0
ADUR,0.17718323481799736,89,1,2,0.15
ADUS,-0.11444906451940104,31,1,24,1.0
ADV,0.317543415486505,93,0,0,0.5
ADVB,-0.4326019609051311,3,1,6,0.95
ADX,0.007215082897723428,71,0,0,0.35
ADXN,-0.1997919345766782,17,1,11,0.9
AEAQU,-0.04348761841112579,55,0,0,0.9
AEBI,-0.03087628828153407,61,0,0,0.45
AEC,-0.30818149001335726,7,1,36,1.0
AEE,-0.08037058454678081,39,1,1,0.95
AEF,-0.0050741892049012,68,1,3,0.45
AEG,-0.002620047762073363,69,1,8,0.45
AEHL,0.39797305561769397,95,1,12,0.6
AEHR,0.3934306945010316,95,1,1,0.3
AEI,-0.2619877263136795,10,1,15,0.75
AEIS,-0.16570225582405185,21,1,24,1.0
AEM,-0.24835542212755346,11,1,38,1.0
AEMD,-0.10410849658642755,33,1,5,0.8
AENT,-0.2794077940700103,9,1,16,0.95
AEO,-0.05860485219733397,46,0,0,0.75
AEON,-0.27095949916312545,10,1,30,1.0
AEP,-0.0892386343462348,37,1,1,0.95
AER,-0.11521379391344173,30,1,20,1.0
AERO,-0.06404223684088223,44,1,1,0.55
AERT,0.5522751739698953,96,0,0,0.0
AES,-0.017022263510026454,65,0,0,0.8
AESI,0.16917811260340754,88,1,2,0.4
AEVA,0.6386372568505331,97,0,0,0.05
AEXA,-0.04879992817344479,51,1,13,0.8
AEYE,-0.08935158516712836,37,1,4,0.65
AFB,-0.031431322356895636,61,0,0,0.85
AFBI,-0.017490023874436773,65,0,0,0.9
AFCG,0.1542033808011104,88,0,0,0.1
AFG,-0.04985910952073986,50,1,1,0.7
AFJK,0.12972906067869244,86,1,8,0.95
AFJKU,0.33448203605915927,94,1,4,0.9
AFL,-0.024196179254653144,63,0,0,0.75
AFRI,-0.05695127152488981,47,1,30,1.0
AFRM,0.08598029101133121,83,1,4,0.35
AFYA,-0.02757498950187986,62,0,0,0.85
AG,-0.27169249722605243,10,1,16,0.8
AGCC,-0.19899320175162566,17,1,8,0.8
AGCO,-0.0822005435736769,39,0,0,0.75
AGD,-0.0026778294360629007,69,1,1,0.8
AGEN,-0.2095228477187671,15,1,23,1.0
AGI,-0.2622287530634397,10,1,34,1.0
AGIG,-0.05415057497715725,48,0,0,0.95
AGIO,-0.11734934573018636,30,1,1,0.9
AGL,2.5534024323902846,99,0,0,0.0
AGM,0.022060532182326772,74,0,0,0.6
AGMH,0.13670866764799422,87,0,0,0.15
AGNC,-0.0756859337216009,40,1,26,1.0
AGNCL,-0.025607069898399813,63,0,0,0.9
AGNCM,-0.03418979303819239,60,0,0,0.9
AGNCN,-0.033926131357028544,60,0,0,0.9
AGNCO,-0.03787845252200098,58,0,0,0.9
AGNCP,-0.029973238965681832,61,0,0,0.9
AGNCZ,-0.04677950416116656,52,0,0,0.9
AGNT,-0.30796257774719105,7,1,21,1.0
AGO,-0.14887642546227936,24,1,48,1.0
AGPU,0.8763437060504293,98,0,0,0.25
AGRO,-0.15351214378961048,23,1,23,1.0
AGRZ,-0.40081504876787755,4,1,46,1.0
AGX,-0.020071450489365303,64,1,1,0.6
AGYS,0.20079068153262242,90,0,0,0.25
AHCO,-0.20323083832879735,16,1,24,1.0
AHG,-0.3734845288141845,4,1,27,1.0
AHMA,-0.3713412164676656,5,1,21,1.0
AHR,-0.13182310054196061,27,1,12,0.95
AHRT,0.06917802384884171,81,0,0,0.1
AHT,-0.026041258707243053,63,0,0,0.7
AI,0.09227711540377755,83,0,0,0.35
AIFA,-0.14562739306769662,25,1,6,0.65
AIFC,-0.44554924072583224,3,1,15,0.85
AIFF,-0.15681798547962267,23,1,24,1.0
AIFU,0.5811638298570261,97,0,0,0.0
AIG,-0.08792866454756725,37,1,1,0.85
AIHS,-0.07404694033018336,41,0,0,0.85
AII,-0.1719068133071835,20,1,28,1.0
AIIA,-0.047770337770158273,51,0,0,0.9
AIIO,2.402409415251247,99,0,0,0.05
AIIR,-0.39775039255597994,4,1,15,0.75
AIM,-0.15947386455616752,22,0,0,0.55
AIMD,0.18530648100473773,89,0,0,0.55
AIN,0.1303238379598663,86,0,0,0.2
AIO,0.06665599971361674,81,0,0,0.1
AIOS,-0.17174627953792806,20,1,2,0.4
AIOT,0.10272296009884908,84,0,0,0.45
AIP,0.5816306524594347,97,0,0,0.0
AIR,-0.06734768046650945,43,0,0,0.8
AIRE,-0.48203630893207605,2,1,35,1.0
AIRG,0.13441601686947507,87,0,0,0.4
AIRI,-0.09850613799355715,34,0,0,0.85
AIRJ,0.36592705156176875,94,0,0,0.0
AIRO,-0.027611319665802124,62,0,0,0.55
AIRS,0.7181672722627147,97,0,0,0.0
AIRT,0.005423395469095149,71,0,0,0.7
AIRTP,-0.069489842816895,42,1,1,0.8
AISP,0.10336807552464557,84,0,0,0.45
AIT,0.02743704692164413,75,0,0,0.6
AIV,-0.05033117728082204,50,1,1,0.9
AIXC,-0.08241996630205926,39,0,0,0.85
AIZ,0.05836872493540292,79,0,0,0.3
AJG,-0.03836276223470377,58,0,0,0.85
AKA,-0.1875490516004421,18,1,17,0.9
AKAM,0.20083428129637515,90,1,1,0.05
AKAN,1.3326010815763587,98,1,9,0.65
AKBA,-0.32019985362170245,7,1,24,1.0
AKR,0.0003378210617436192,70,0,0,0.65
AKTX,1.623662158844225,99,0,0,0.4
ALAB,1.227694535453039,98,0,0,0.0
ALAR,0.2706494165470097,92,0,0,0.1
ALB,-0.2436207003831179,12,1,18,0.9
ALBT,-0.359146895105239,5,1,63,1.0
ALC,-0.11426082129516016,31,1,1,0.95
ALCO,-0.07394636054404717,41,1,1,0.95
ALDF,-0.04332461395531656,55,0,0,0.9
ALDFU,-0.012864339724252702,66,0,0,0.8
ALDX,-0.1503064092558506,24,0,0,0.7
ALEC,-0.3626973161496272,5,1,22,1.0
ALF,-0.044045665270424694,54,0,0,0.9
ALFUU,-0.005059188385235322,68,0,0,0.9
ALG,-0.16185461021417608,22,1,41,1.0
ALGM,0.14712638183932386,87,0,0,0.5
ALGN,-0.0525097742812374,49,0,0,0.8
ALGS,-0.31312064154563474,7,1,38,1.0
ALGT,-0.06609241386141497,43,1,1,0.55
ALH,0.030417697835287374,75,0,0,0.8
ALHC,-0.24670047557438562,12,1,26,1.0
ALIS,-0.044210212346537554,54,0,0,0.9
ALISU,-0.05076901395592462,50,0,0,0.9
ALIT,-0.023375578205514454,63,1,5,0.4
ALK,-0.018716354447441005,65,0,0,0.45
ALKS,0.2124182133005711,90,0,0,0.05
ALKT,-0.12731487108882988,28,1,4,0.8
ALL,-0.03210564434441182,60,0,0,0.75
ALLE,-0.14982910071814165,24,1,48,1.0
ALLO,-0.2907957883855363,8,1,7,0.9
ALLR,0.13828576779613655,87,0,0,0.15
ALLT,-0.027457370425627965,62,1,4,0.55
ALLY,-0.03904700678931465,58,0,0,0.9
ALM,-0.18992975728549988,18,1,2,0.7
ALMS,-0.2598552636208656,11,1,23,1.0
ALMU,0.4164841086674275,95,0,0,0.4
ALNT,0.3019217309127429,93,0,0,0.5
ALNY,-0.10977060249426449,32,1,1,0.95
ALOT,0.291986970731812,93,0,0,0.1
ALOY,0.4039844072728851,95,0,0,0.55
ALP,-0.06498158441071876,44,1,5,0.35
ALRM,-0.09186349600318391,36,0,0,0.8
ALRS,0.08876192281747804,83,0,0,0.25
ALSN,-0.10536628490323445,33,1,26,1.0
ALT,-0.219078811161264,14,1,7,0.95
ALTG,-0.1338912236625368,27,0,0,0.85
ALTI,-0.3043720487075763,7,1,12,0.9
ALTO,0.2123685200387121,90,0,0,0.5
ALV,0.0688510713414985,81,0,0,0.3
ALVO,0.17691212824570157,89,0,0,0.8
ALX,0.06498027379786336,80,0,0,0.5
ALXO,-0.23608757026542337,13,1,10,0.5
ALZN,-0.020402709445715914,64,0,0,0.5
AM,-0.07251368568880137,41,1,1,0.85
AMAL,-0.00610605733888446,68,0,0,0.85
AMAT,0.2222238370358896,91,0,0,0.1
AMBA,0.055787806493954636,79,1,7,0.35
AMBO,0.14962499189952821,87,0,0,0.5
AMBP,-0.08826582933118457,37,1,7,0.9
AMBQ,1.3506966208098639,98,0,0,0.0
AMBR,-0.39138328237535425,4,1,32,1.0
AMC,0.26183403219007984,92,0,0,0.35
AMCI,-0.23859796951109763,12,1,28,1.0
AMCR,-0.11621065826751409,30,1,1,0.95
AMCX,0.13871287082148198,87,0,0,0.3
AMD,0.6667637007651482,97,0,0,0.0
AME,-0.07535109699497063,41,1,1,0.95
AMG,0.10509414251553446,84,0,0,0.65
AMGN,-0.03904097100141812,58,0,0,0.85
AMH,0.01293525722995087,72,0,0,0.65
AMIX,-0.03663051493246189,59,0,0,0.4
AMKR,0.12939240140501013,86,1,2,0.55
AMLX,-0.21137515387025035,15,1,30,1.0
AMN,0.4310164310826787,95,0,0,0.05
AMOD,-0.48309350649974714,2,1,84,1.0
AMP,-0.06805807089256222,43,1,1,0.95
AMPG,2.0318588880106274,99,0,0,0.0
AMPH,-0.16136526634924248,22,0,0,0.9
AMPL,0.08166702351867104,82,1,1,0.55
AMPX,0.078972719756901,82,1,1,0.65
AMPY,-0.24726164331891698,12,1,23,1.0
AMR,0.006082276646214316,71,0,0,0.5
AMRC,-0.04306629040846628,55,1,3,0.4
AMRN,-0.08941060786452974,37,1,45,1.0
AMRX,-0.02165792157535365,64,0,0,0.8
AMRZ,-0.13093321729420432,27,1,1,0.75
AMS,-0.3114146786969796,7,1,7,0.85
AMSC,0.047583597298427094,78,1,8,0.6
AMSF,-0.061986112225992276,45,0,0,0.9
AMST,-0.015464120049729808,66,1,7,0.65
AMT,0.003987799130923994,71,0,0,0.4
AMTB,-0.05684085951668177,47,0,0,0.9
AMTD,-0.046364155505654744,52,0,0,0.9
AMTM,-0.1924638186831638,18,1,82,1.0
AMTX,-0.16544178657477365,21,1,5,0.85
AMWL,0.2871437801546019,93,0,0,0.0
AMX,-0.09657739547334118,35,1,19,0.95
AMZE,-0.19747104880358174,17,1,5,0.75
AMZN,-0.03746183629080575,58,1,7,0.75
AN,-0.12412452359164841,29,1,25,1.0
ANAB,-0.05759770652083861,46,1,15,0.85
ANDE,-0.013471126515928564,66,0,0,0.9
ANET,0.051303357362304805,79,1,2,0.6
ANF,-0.1271054703122732,28,0,0,0.85
ANGH,0.03314498063556877,76,0,0,0.7
ANGI,-0.0870117094287121,37,0,0,0.7
ANGO,0.05069415812928267,79,0,0,0.5
ANGX,-0.1701961996773431,21,0,0,0.8
ANIK,-0.08651827316931494,38,1,29,1.0
ANIP,-0.05588920578783717,47,0,0,0.75
ANIX,-0.2008694534204612,16,1,24,1.0
ANL,-0.19060597818941089,18,1,17,0.95
ANNA,-0.25120873837354835,11,1,43,1.0
ANNX,-0.15100370079844427,24,1,32,1.0
ANPA,-0.18600936705563825,19,1,80,1.0
ANRO,-0.2550021086066136,11,1,23,1.0
ANSC,-0.04652036258877657,52,0,0,0.9
ANSCU,0.032951477804820536,76,0,0,0.9
ANTA,-0.2681832405409105,10,1,16,0.95
ANTX,-0.14088703455964963,25,1,8,0.5
ANVS,-0.28304477570122694,9,1,10,0.75
ANY,0.8993053635927793,98,0,0,0.1
AOD,-0.021559598005289702,64,1,4,0.75
AOMR,-0.0724155152735168,41,1,1,0.95
AON,-0.038751286548857,58,0,0,0.8
AORT,-0.48137938299590977,2,1,34,1.0
AOS,-0.15320861848341316,23,1,68,1.0
AOSL,0.5276659800498399,96,0,0,0.35
AOUT,0.013859531612191764,73,0,0,0.45
AP,0.06786816224729068,81,1,2,0.4
APA,-0.006075108908028724,68,1,13,0.9
APAC,-0.043876051684364155,55,0,0,0.9
APACU,-0.043047172624714386,55,0,0,0.9
APAM,-0.09805317196396678,34,1,1,0.8
APD,-0.09979728047494593,34,1,31,1.0
APEI,-0.08231785237248818,39,1,32,1.0
APG,-0.09126692383895851,36,1,27,1.0
APGE,-0.023366035674661553,63,0,0,0.8
APH,0.003562049967827552,70,0,0,0.5
API,0.0981902016847692,84,0,0,0.5
APLD,0.1860877306749083,89,1,3,0.25
APLE,0.16986131909844615,88,0,0,0.0
APLM,-0.19893144457249112,17,1,21,1.0
APM,0.3471349231750999,94,0,0,0.65
APO,0.04534703830730093,78,1,1,0.55
APOG,-0.008620249594112395,67,0,0,0.5
APP,0.16336902615621401,88,0,0,0.1
APPF,-0.07373157405974218,41,0,0,0.75
APPN,-0.03671396598325333,59,0,0,0.6
APPS,1.496277652412087,98,0,0,0.0
APRE,-0.14786521268272368,24,1,7,0.55
APT,-0.06616702160858974,43,1,9,0.45
APTV,0.08730800958000105,83,0,0,0.5
APUS,-0.3865134320088155,4,1,51,1.0
APVO,-0.060785390497203,45,1,2,0.75
APWC,-0.11145655748607822,31,1,10,0.85
APXT,-0.046538512531212224,52,0,0,0.9
APXTU,-0.03878940646224388,58,0,0,0.9
APYX,0.27182814756895723,92,0,0,0.25
AQB,-0.012855202820387171,66,1,1,0.45
AQMS,-0.2999408951588309,8,1,17,0.95
AQN,-0.10713544568215351,32,1,1,0.95
AQST,-0.12675897620644716,28,1,16,0.95
AR,-0.10974636559534406,32,1,13,0.95
ARAI,-0.3688848734224307,5,1,36,1.0
ARAY,-0.013868269623684863,66,1,4,0.7
ARBB,0.12978689486357986,86,0,0,0.4
ARBE,0.11370198357071563,85,1,2,0.1
ARBK,0.10536925117554093,84,0,0,0.4
ARCB,0.44550220007817465,95,0,0,0.25
ARCC,-0.040607326191136855,57,0,0,0.9
ARCO,-0.09292087512963774,36,1,11,0.9
ARCT,-0.20706796175347136,16,1,2,0.95
ARDC,-0.041886776615176764,56,1,46,1.0
ARDT,-0.1293733901304623,28,1,14,0.8
ARDX,-0.20295458512929082,16,1,20,1.0
ARE,0.035268183481895296,76,0,0,0.2
AREC,-0.1558579931172166,23,1,3,0.65
AREN,-0.5094053037382511,2,1,19,0.95
ARES,0.06262018390634577,80,0,0,0.15
ARGX,0.08411216869032341,83,0,0,0.6
ARHS,-0.14895491408194733,24,1,6,0.9
ARI,-0.041652088917051286,56,1,1,0.95
ARIS,-0.2581954826491307,11,1,18,0.9
ARKO,0.1961539173090741,90,0,0,0.0
ARKR,-0.1665740043107786,21,1,20,1.0
ARL,-0.08150946036151631,39,1,4,0.7
ARLO,-0.16708774620696545,21,1,20,1.0
ARLP,-0.05760180901351519,46,0,0,0.85
ARM,1.0468995712746985,98,0,0,0.0
ARMK,0.16497802204349477,88,0,0,0.05
ARMP,-0.32039803763130287,7,1,30,1.0
AROC,-0.10091732931072032,34,1,13,0.9
AROW,-0.007617032709778662,68,0,0,0.85
ARQ,-0.027470699558188538,62,0,0,0.25
ARQQ,-0.17171590991695923,20,1,4,0.6
ARQT,-0.09439721712257007,35,0,0,0.9
ARR,-0.07061027026751344,42,1,1,0.95
ARRY,-0.018613129823563793,65,1,2,0.35
ARTL,-0.6695891977939381,1,1,42,1.0
ARTNA,-0.03444107420930465,59,0,0,0.9
ARTV,-0.2125323895676049,15,1,18,0.95
ARTW,0.05667564270001077,79,0,0,0.9
ARVN,-0.4027032828780165,4,1,61,1.0
ARW,0.26591229775521064,92,0,0,0.0
ARWR,0.00968821544575306,72,1,6,0.5
ARX,0.06641518774526982,81,1,5,0.4
AS,-0.09895691223988506,34,1,7,0.8
ASA,-0.21820758212226266,15,1,16,0.8
ASAN,0.08851286274974253,83,0,0,0.4
ASB,-0.02741452141863426,62,0,0,0.9
ASBP,23.184576542405253,99,0,0,0.0
ASC,-0.06584123726820328,43,1,10,0.5
ASG,-0.02412818356966958,63,1,2,0.9
ASGI,-0.07864750593614545,40,1,39,1.0
ASH,-0.000669283878054594,69,0,0,0.5
ASIC,-0.04915291076709894,50,0,0,0.65
ASIX,-0.10908430800390789,32,1,22,1.0
ASLE,-0.11911512696914972,30,1,21,1.0
ASM,-0.2059670712361002,16,1,4,0.6
ASMB,-0.30165777264460014,8,1,17,0.85
ASML,0.1531040632264104,88,0,0,0.15
ASND,-0.19743559264404115,17,1,10,0.8
ASO,-0.1186971920871193,30,1,7,0.9
ASPC,-0.08665387922456284,37,1,25,1.0
ASPCU,-0.05921632672301709,46,1,7,0.75
ASPI,0.27931781129036076,92,0,0,0.2
ASPN,0.3064074401510952,93,0,0,0.0
ASPS,-0.10846405938522867,32,1,7,0.95
ASR,-0.17556169658660598,20,1,41,1.0
ASRT,0.25866844848061715,92,0,0,0.0
ASRV,-0.06365645045014318,44,1,10,0.85
ASST,0.24270681180499565,91,1,6,0.35
ASTE,-0.12397942319912732,29,0,0,0.95
ASTH,0.21094564275692207,90,0,0,0.2
ASTI,0.7123469493492453,97,0,0,0.3
ASTL,-0.02652148717719269,62,1,2,0.3
ASTS,0.1439611230118772,87,1,2,0.2
ASUR,-0.05607897840793564,47,0,0,0.8
ASX,0.2502560088427702,92,0,0,0.2
ASYS,0.25039336053571715,92,1,2,0.15
ATAI,-0.0769017912940894,40,1,2,0.5
ATAT,-0.15686025616637084,23,1,31,1.0
ATCH,-0.17008344585210117,21,1,24,1.0
ATEC,-0.21507995411962477,15,1,57,1.0
ATEN,0.19314541454921264,89,0,0,0.05
ATER,0.2781748114841428,92,0,0,0.25
ATEX,0.392592487300755,95,0,0,0.0
ATGL,-0.38061784018648437,4,1,15,0.75
ATHE,-0.10975658716138148,32,1,16,0.8
ATHM,-0.13780141503962307,26,1,3,0.9
ATHR,-0.0009302557601778005,69,1,12,0.9
ATI,0.07736757742634327,82,0,0,0.35
ATII,-0.013269531568091505,66,1,1,0.55
ATIIU,0.05447658861669501,79,1,9,0.55
ATKR,0.11933195635585044,85,0,0,0.25
ATLC,0.23032979942515686,91,0,0,0.2
ATLCP,-0.00914581980548073,67,0,0,0.7
ATLN,-0.6734400994623564,1,1,45,1.0
ATLO,0.013777921635609175,73,0,0,0.8
ATLX,-0.3699445672122621,5,1,18,0.9
ATMU,-0.2522970745996778,11,1,26,1.0
ATNI,-0.039494065771352234,57,1,4,0.8
ATNM,-0.16895262725522409,21,1,6,0.8
ATO,-0.13827890325205505,26,1,41,1.0
ATOM,0.3982964344856989,95,1,4,0.35
ATOS,-0.16828601112769065,21,1,22,1.0
ATPC,0.1525847879267977,88,1,2,0.55
ATR,-0.18105105685204725,19,1,40,1.0
ATRA,0.29101529368892776,93,0,0,0.0
ATRC,-0.09829607576858782,34,1,12,0.9
ATRO,0.06310287305102474,80,0,0,0.05
ATS,-0.20760653429860776,16,1,8,0.8
ATXG,-0.08975998837303445,37,0,0,0.8
ATYR,-0.548171801350933,2,1,19,0.95
AU,-0.2268779717385147,14,1,18,0.9
AUB,-0.023061875210263934,63,0,0,0.85
AUBN,0.010827422243580298,72,0,0,0.45
AUC,-0.1184023359544202,30,1,14,0.75
AUDC,0.10306005987182516,84,0,0,0.45
AUGO,-0.3499369966112269,5,1,32,1.0
AUID,-0.12893277746323717,28,1,1,0.6
AUNA,-0.18828034367915636,18,1,40,1.0
AUPH,-0.02105559793176872,64,0,0,0.85
AUR,0.1020901956392762,84,1,4,0.25
AURA,-0.14099776333848635,25,1,16,0.8
AURE,-0.02233378444821482,64,0,0,0.3
AUST,-0.15826492271918002,23,1,2,0.85
AUTL,-0.12421752833836862,29,1,4,0.35
AUUD,-0.4902575253200944,2,1,14,0.95
AVA,-0.013203537692021053,66,0,0,0.9
AVAH,-0.09108390947499805,36,1,8,0.6
AVAL,0.07554243680158719,82,0,0,0.5
AVAV,-0.043906553684084984,55,1,1,0.55
AVB,0.0017835069543736676,70,0,0,0.6
AVBC,-0.07671766350849561,40,0,0,0.9
AVBH,0.013519207303136285,73,0,0,0.65
AVBP,0.08500068414555224,83,0,0,0.65
AVD,-0.16423244815370583,22,1,20,1.0
AVGO,-0.00195535300622042,69,1,3,0.5
AVIR,-0.30291105505647875,8,1,41,1.0
AVK,-0.010491076803610458,67,1,1,0.5
AVNS,0.372693028101298,94,0,0,0.1
AVNT,-0.11047482024998785,31,1,8,0.95
AVNW,-0.0570012774163202,47,0,0,0.85
AVO,-0.32667071066239384,7,1,38,1.0
AVPT,-0.013630272709488994,66,0,0,0.6
AVR,0.49559953545484436,96,0,0,0.0
AVT,0.1695772212379697,88,0,0,0.0
AVTR,0.13235849209981,86,0,0,0.55
AVTX,-0.3608789003973454,5,1,15,0.75
AVX,-0.3335360761228066,6,1,8,0.75
AVXL,-0.264021356746354,10,1,32,1.0
AVY,-0.14865604994075593,24,1,46,1.0
AWF,-0.05220008285960842,49,1,43,1.0
AWI,-0.14253529081267696,25,1,34,1.0
AWK,-0.112512644401258,31,1,1,0.95
AWP,-0.07800263147108309,40,1,34,1.0
AWR,-0.042349462549758604,56,0,0,0.9
AWRE,-0.022578822308639626,64,1,2,0.65
AWX,-0.06769854230818295,43,1,14,0.95
AX,-0.062458017892932094,45,0,0,0.9
AXG,-0.11356604994695207,31,1,26,1.0
AXGN,0.07471961794451905,81,0,0,0.7
AXIA,-0.23065615466790457,13,1,33,1.0
AXIL,-0.07984931703530913,39,1,13,0.8
AXIN,-0.02639205895117086,62,0,0,0.9
AXINU,-0.0052968462147486295,68,0,0,0.5
AXON,0.029350719833538264,75,0,0,0.6
AXP,-0.06051846335152145,45,0,0,0.9
AXR,-0.06547261334371152,44,1,8,0.9
AXS,-0.09640418685020818,35,1,1,0.95
AXSM,0.17524662333758506,89,0,0,0.05
AXTA,0.05608642422908236,79,0,0,0.4
AYA,-0.061315315491636185,45,1,2,0.35
AYI,-0.019489220520651218,64,0,0,0.5
AYTU,-0.1545280049931942,23,0,0,0.9
AZ,-0.1275569689802478,28,1,4,0.9
AZI,-0.35939915202958767,5,1,95,1.0
AZN,-0.10161229804737582,34,1,1,0.95
AZO,-0.1859148828685111,19,1,26,1.0
AZTA,0.06151380335719528,80,0,0,0.55
AZTR,-0.16185817823852056,22,1,3,0.85
AZZ,-0.04599655038116804,53,1,18,0.9
B,-0.12564173119655772,28,1,2,0.75
BA,-0.0952023737021284,35,1,17,0.85
BABA,-0.15758158409144318,23,1,17,0.95
BAC,-0.004038763319938424,68,0,0,0.85
BACC,-0.038156334226578326,58,0,0,0.9
BACCU,0.022544989802207843,74,0,0,0.9
BAER,-0.05124233843807823,49,1,4,0.55
BAFN,-0.22602615202750337,14,1,26,1.0
BAH,-0.050472221741034426,50,0,0,0.65
BAK,-0.13568485496400173,26,1,9,0.5
BALL,-0.17531341332469214,20,1,39,1.0
BALY,0.06668044638176437,81,0,0,0.45
BAM,-0.06589111096518,43,1,20,1.0
BANC,-0.011988231924493303,66,0,0,0.85
BAND,1.635133416405516,99,0,0,0.0
BANF,-0.0637499601716442,44,0,0,0.9
BANL,-0.3131285295114177,7,1,46,1.0
BANR,-0.030085350470618874,61,0,0,0.9
BANX,-0.02907788286236653,61,0,0,0.9
BAOS,-0.008437986282274802,67,0,0,0.5
BAP,-0.08375129954631208,38,1,4,0.6
BARK,-0.0857164678784731,38,0,0,0.75
BATL,-0.6913408699716438,1,1,58,1.0
BATRA,-0.019579291224902373,64,0,0,0.85
BATRK,-0.0069658673666513,68,0,0,0.7
BAX,0.04841458460075508,78,0,0,0.5
BAYA,-0.041768197412256465,56,1,1,0.85
BAYAU,0.0038558475352462734,71,1,1,0.65
BB,1.0330615359004385,98,0,0,0.0
BBAI,0.040671416020461024,77,1,2,0.3
BBAR,0.06868811467950105,81,0,0,0.45
BBCP,0.3762363116589114,94,0,0,0.7
BBD,-0.18049878161623717,19,1,33,1.0
BBDC,-0.05347819138443488,48,1,23,1.0
BBDO,-0.17884285659974752,19,1,33,1.0
BBGI,1.726465580134395,99,0,0,0.7
BBIO,-0.07455624873307884,41,0,0,0.9
BBLG,-0.06945741743893827,42,1,6,0.95
BBN,-0.061053905572946904,45,0,0,0.9
BBNX,0.28885917177997344,93,0,0,0.4
BBOT,-0.13586907504470075,26,1,6,0.7
BBSI,0.09484147517576967,84,0,0,0.3
BBT,-0.059616974678144724,46,0,0,0.9
BBUC,-0.09718600853071918,34,1,11,0.95
BBVA,-0.03064365637783772,61,1,4,0.6
BBW,-0.2004252399419567,17,1,7,0.95
BBWI,-0.0917358116574054,36,0,0,0.8
BBY,0.15505991631560573,88,0,0,0.35
BC,-0.009079743612141485,67,0,0,0.5
BCAB,-0.3776790162919864,4,1,69,1.0
BCAL,-0.009371607897934814,67,0,0,0.85
BCAR,-0.0194906140834515,64,0,0,0.5
BCARU,0.0441460108951441,77,0,0,0.1
BCAT,0.018708153885763495,74,0,0,0.3
BCAX,-0.13348858877424535,27,1,21,1.0
BCBP,0.130979800382735,86,0,0,0.5
BCC,-0.14202696049180175,25,1,28,1.0
BCDA,-0.2579728206494513,11,1,1,0.95
BCE,-0.06980746689173217,42,1,1,0.85
BCG,-0.2608297243848221,11,1,19,0.95
BCH,-0.07064666212802906,42,1,8,0.85
BCHT,0.14725365254610795,87,0,0,0.5
BCIC,-0.11726899161963292,30,1,20,1.0
BCML,0.0017480577155265242,70,0,0,0.7
BCO,-0.11701566013745633,30,1,34,1.0
BCPC,-0.09702610482638206,35,1,1,0.95
BCRX,-0.12406416677903077,29,1,8,0.85
BCS,-0.0017985071208184225,69,0,0,0.35
BCSF,-0.06837762040335081,43,1,22,1.0
BCSS,-0.04275898027041248,55,0,0,0.9
BCTX,-0.3013942944541614,8,1,37,1.0
BCV,0.038132669580155,77,0,0,0.2
BCX,-0.08795107063305488,37,1,39,1.0
BCYC,-0.23121644208477155,13,1,22,1.0
BDC,-0.13166284035670967,27,1,30,1.0
BDCI,-0.047590404873848566,51,0,0,0.9
BDCIU,-0.04710211651525163,52,0,0,0.9
BDJ,-0.03481608558473593,59,0,0,0.9
BDL,0.030401276582352865,75,0,0,0.4
BDMD,-0.42263736216919157,3,1,51,1.0
BDN,0.03985165510655429,77,0,0,0.75
BDRX,-0.3005537679522077,8,1,3,0.95
BDSX,-0.09978652702676315,34,0,0,0.05
BDTX,-0.32004203961628835,7,1,11,0.8
BDX,-0.09360904903406501,35,0,0,0.9
BE,0.2917678874499983,93,1,2,0.2
BEAG,-0.04217261039814538,56,0,0,0.9
BEAGU,-0.03884985317833743,58,0,0,0.9
BEAM,-0.011871203871756844,66,1,2,0.6
BEAT,-0.27319642638967445,10,1,16,0.9
BEEM,-0.28432417523970177,9,1,17,0.95
BEEP,-0.13085850755991008,27,1,3,0.55
BEKE,-0.1047124264250032,33,1,13,0.7
BELFA,0.05711014699460461,79,0,0,0.65
BELFB,0.086708412415833,83,0,0,0.6
BEN,0.08799048066403094,83,0,0,0.25
BENF,-0.11989562107686845,29,1,1,0.55
BEP,0.05162232507188737,79,0,0,0.35
BEPC,-0.06286021170474435,45,0,0,0.65
BESS,0.24604599521898113,92,1,1,0.35
BETA,-0.082445748361452,39,0,0,0.45
BETR,-0.2741719348957592,9,1,22,1.0
BFAM,-0.2510809199137694,11,1,33,1.0
BFC,-0.052889530090037835,48,0,0,0.9
BFH,0.08070763392250409,82,0,0,0.55
BFLY,0.11247112904817187,85,0,0,0.65
BFRG,-0.13145257570666546,27,1,2,0.75
BFRI,-0.12759242968348028,28,1,1,0.75
BFS,0.028403024347385813,75,0,0,0.7
BFST,-0.013123045120842669,66,0,0,0.75
BG,-0.031265367776277725,61,0,0,0.7
BGB,-0.0411079349781552,57,0,0,0.9
BGC,-0.047169856129335413,52,0,0,0.9
BGDE,0.5111975939339151,96,0,0,0.15
BGH,-0.049524162762156106,50,1,47,1.0
BGI,-0.17847001538390017,19,1,34,1.0
BGIN,-0.2733334741383074,9,1,13,0.75
BGL,-0.5015989466715873,2,1,23,1.0
BGLC,-0.047640541683248494,51,0,0,0.55
BGM,-0.0969141760684227,35,0,0,0.8
BGMS,0.07109111812330922,81,0,0,0.55
BGR,-0.04883556080835766,50,1,13,0.9
BGS,-0.34178265867054086,6,1,25,1.0
BGSF,-0.14564967824859293,25,1,31,1.0
BGSI,-0.2605988481632598,11,1,67,1.0
BGT,-0.05743576925585759,46,1,41,1.0
BGX,-0.04265962941125771,55,0,0,0.9
BGY,-0.054408182261886734,48,1,38,1.0
BH,-0.09435549856351838,35,0,0,0.7
BHB,0.011974554460694523,72,0,0,0.8
BHC,-0.1283714373521796,28,1,1,0.95
BHE,0.20957707895283578,90,0,0,0.0
BHF,-0.030241221554250606,61,0,0,0.9
BHFAM,-0.1198384864449552,29,1,39,1.0
BHFAN,-0.11366049730152566,31,1,39,1.0
BHFAO,-0.10950882020332207,32,1,40,1.0
BHFAP,-0.10627353648639284,32,1,40,1.0
BHK,-0.07205912595971722,41,1,44,1.0
BHM,-0.12988701127071373,28,1,19,0.95
BHP,0.011059605439037029,72,1,2,0.3
BHR,-0.09393511821639491,35,0,0,0.9
BHRB,-0.018111870148744186,65,0,0,0.9
BHST,-0.3068904337800177,7,1,47,1.0
BHV,0.08649142189609695,83,0,0,0.6
BHVN,0.09247752622082996,83,0,0,0.55
BIAF,-0.2501460314864248,11,1,42,1.0
BIDU,-0.11683310397955314,30,1,4,0.65
BIIB,-0.02273532837881348,64,0,0,0.6
BILI,-0.2841586009202441,9,1,76,1.0
BILL,-0.15042025801804004,24,1,5,0.85
BIO,0.0396874315965695,77,0,0,0.25
BIOA,-0.20150581151283053,16,1,16,0.9
BIOX,-0.21638079668257787,15,1,4,0.85
BIP,0.009020415540062582,72,0,0,0.25
BIPC,-0.05137213916505726,49,0,0,0.5
BIRD,0.018236338430849888,74,1,27,1.0
BIRK,0.09244793624279658,83,0,0,0.4
BIT,-0.05279255661638764,49,0,0,0.9
BIVI,0.0668968174059809,81,0,0,0.6
BIXIU,-0.045960327633388184,53,0,0,0.9
BIYA,-0.3859977959027501,4,1,8,0.85
BJ,-0.08557600328730464,38,0,0,0.85
BJDX,1.7096969739537387,99,0,0,0.4
BJRI,0.07956264544613516,82,0,0,0.1
BKD,-0.19766986725043423,17,1,26,1.0
BKE,-0.19640780624690796,17,1,28,1.0
BKH,-0.07032987159048468,42,1,1,0.95
BKHA,-0.03956236367018087,57,0,0,0.9
BKHAU,0.20317148442335908,90,0,0,0.75
BKKT,-0.09561173854910623,35,1,5,0.5
BKNG,-0.12398057581009898,29,1,1,0.85
BKR,-0.016025414543131673,65,0,0,0.9
BKSY,0.0625090967025559,80,1,6,0.3
BKT,-0.06460035640506119,44,1,1,0.95
BKTI,-0.16331278115619402,22,1,19,0.95
BKU,-0.03908546796429123,58,0,0,0.85
BKV,-0.15388687535396517,23,1,13,0.95
BL,-0.19311182138684296,18,1,4,0.85
BLBD,0.05244482629167346,79,0,0,0.3
BLCO,-0.12314272407277704,29,1,45,1.0
BLD,-0.06575440079069503,43,1,25,1.0
BLDP,0.6110734025503208,97,1,2,0.1
BLDR,-0.17342410318834517,20,1,32,1.0
BLFS,0.1721778790987814,89,0,0,0.25
BLIN,0.10495272984370259,84,0,0,0.5
BLIV,-0.22832325631860984,13,1,11,0.8
BLK,-0.0748156720160828,41,1,16,0.85
BLKB,-0.3462351675169328,6,1,66,1.0
BLLN,0.026290592129507767,75,0,0,0.4
BLMN,-0.00553569742139836,68,1,5,0.25
BLND,-0.013914964133138225,66,0,0,0.55
BLNE,-0.5263309379403905,2,1,59,1.0
BLNK,-0.046136685924439313,53,1,5,0.45
BLRKU,-0.047851357919800316,51,0,0,0.9
BLRX,0.14247838788176437,87,0,0,0.2
BLSH,-0.35939434183500407,5,1,18,0.9
BLTE,-0.2140313159456988,15,1,39,1.0
BLUW,-0.048955068377033034,50,0,0,0.9
BLUWU,0.07330081135459048,81,0,0,0.9
BLW,-0.085622188991605,38,1,56,1.0
BLX,0.028896964928079374,75,0,0,0.6
BLZE,0.48399299935949525,96,0,0,0.0
BLZR,-0.047061402112294023,52,0,0,0.9
BLZRU,-0.04998018799639511,50,0,0,0.9
BMA,0.0751969219658014,82,0,0,0.4
BMBL,-0.20243742453897307,16,1,23,1.0
BME,-0.023284737312790755,63,0,0,0.9
BMEA,-0.341085053618037,6,1,30,1.0
BMEZ,-0.042474846623059725,56,0,0,0.8
BMGL,-0.161198011769576,22,1,3,0.75
BMHL,0.13365156550555707,86,0,0,0.05
BMI,-0.08911218673543483,37,0,0,0.7
BMN,-0.042367428916574884,56,0,0,0.9
BMNR,-0.2711860863120893,10,1,19,0.95
BMO,0.07464109767603379,81,0,0,0.25
BMR,-0.02454150075290334,63,1,4,0.85
BMRA,-0.10350754821119382,33,1,7,0.45
BMRC,-0.04489373460699672,54,0,0,0.9
BMRN,-0.04702403516818545,52,0,0,0.7
BMY,-0.09108138330560889,36,1,1,0.8
BN,-0.04507655669028374,54,1,16,0.95
BNAI,-0.41677438960924984,3,1,1,0.95
BNBX,-0.11443770025459306,31,0,0,0.7
BNC,-0.3443611589567251,6,1,5,0.85
BNED,0.028235049694506825,75,0,0,0.55
BNGO,-0.1056045542871419,33,1,3,0.95
BNKK,-0.4676753836563027,2,1,31,1.0
BNL,0.0023130504261622,70,0,0,0.7
BNR,-0.5300748253142284,2,1,16,0.95
BNRG,-0.532374510429814,2,1,32,1.0
BNS,0.03506185979452067,76,0,0,0.5
BNT,-0.060470017684739016,45,1,16,0.95
BNTC,-0.16724486681005724,21,1,31,1.0
BNTX,-0.14631513522479528,24,1,30,1.0
BNY,0.07169825441201014,81,0,0,0.3
BNZI,-0.6663806603780718,1,1,49,1.0
BOC,0.07776254592513214,82,0,0,0.25
BODI,-0.16560535139098514,21,1,21,1.0
BOE,-0.03729162559249872,58,1,38,1.0
BOF,-0.05857159664234254,46,0,0,0.7
BOH,-0.06184239052100243,45,0,0,0.9
BOKF,-0.06994625979718277,42,0,0,0.9
BOLD,0.03940057194862061,77,1,16,0.85
BOLT,-0.0007268708037307392,69,1,4,0.6
BON,-0.03367551099912299,60,0,0,0.85
BOOM,0.08803551779045728,83,0,0,0.5
BOOT,-0.04852375519781253,51,0,0,0.5
BORR,-0.21602164014343428,15,1,12,0.65
BOSC,-0.14592856720947345,24,1,8,0.9
BOTJ,0.047200395880863236,78,0,0,0.9
BOW,-0.025978532546965926,63,1,9,0.45
BOX,0.01723924026539224,73,0,0,0.35
BOXL,-0.41774976431216837,3,1,43,1.0
BP,-0.04051088540177177,57,0,0,0.85
BPOP,0.02519684755743902,75,0,0,0.7
BPRE,-0.15646682265315692,23,1,49,1.0
BPRN,-0.04890571934156421,50,0,0,0.75
BPYPM,0.010404501494213209,72,0,0,0.95
BPYPN,-0.045573916029161506,53,0,0,0.9
BPYPO,-0.04013868314646572,57,0,0,0.85
BPYPP,-0.05453114010992056,48,1,1,0.95
BQ,-0.12357497399070581,29,0,0,0.75
BR,-0.12846398119611185,28,1,1,0.9
BRAG,-0.15363176413722218,23,1,17,0.9
BRBI,-0.2501806322587763,11,1,31,1.0
BRBR,-0.42755346757725043,3,1,24,1.0
BRBS,-0.11195964660039062,31,1,1,0.95
BRC,-0.1340801866906125,27,1,1,0.3
BRCB,-0.5747939942607854,1,1,41,1.0
BRCC,0.15050448790200222,88,1,4,0.2
BRFH,-0.2389784980357143,12,1,39,1.0
BRIA,-0.4510446897345972,3,1,21,1.0
BRID,-0.10999344756066913,31,1,12,0.7
BRKR,0.3356072855577146,94,0,0,0.0
BRKRP,0.2854920063873348,93,0,0,0.0
BRLS,-0.06613650564378336,43,0,0,0.4
BRLT,-0.13733264984390287,26,1,24,1.0
BRN,-0.09454021728740256,35,1,13,0.9
BRNS,0.1084241619645059,85,0,0,0.35
BRO,-0.1294980819568743,28,0,0,0.9
BROS,-0.00798812710895308,67,0,0,0.55
BRR,-0.19351964312774383,18,1,4,0.8
BRSL,-0.14759317068435457,24,1,48,1.0
BRSP,-0.10482244719306097,33,1,28,1.0
BRT,-0.02934641863638429,61,0,0,0.9
BRTX,0.4875702542737095,96,0,0,0.5
BRUN,1.131787803513616,98,0,0,0.0
BRW,-0.030124780883524424,61,0,0,0.95
BRX,-0.013035777424086514,66,0,0,0.75
BRZE,0.011441765990028607,72,1,4,0.55
BSAA,0.06508243472472174,80,0,0,0.35
BSAAU,0.29200749532153336,93,0,0,0.4
BSAC,-0.09216550492843656,36,1,8,0.9
BSBK,-0.004123901082473437,68,0,0,0.75
BSBR,-0.17080875109314272,21,1,38,1.0
BSET,-0.014881541987497436,66,0,0,0.75
BSL,-0.04595948299687094,53,1,46,1.0
BSM,-0.03714563823032948,58,0,0,0.8
BSRR,0.035647015151926156,76,0,0,0.5
BST,0.07142003169406326,81,1,2,0.1
BSTZ,0.1603375634742905,88,0,0,0.05
BSVN,-0.0008106050078001137,69,0,0,0.85
BSX,-0.252398440329332,11,1,49,1.0
BSY,-0.11162653729622538,31,0,0,0.8
BTAI,-0.17716651936357214,20,1,2,0.8
BTBD,-0.40071793487591234,4,1,25,1.0
BTBT,0.049175833001233946,78,1,4,0.4
BTCS,-0.3455771812524222,6,1,16,0.9
BTCT,-0.10699918261854657,32,0,0,0.95
BTDR,0.6499584330921723,97,0,0,0.0
BTE,0.05636091596361996,79,1,2,0.45
BTG,-0.22255504568546813,14,1,16,0.8
BTI,-0.03164221533718733,61,1,9,0.5
BTMD,0.24697177811509247,92,0,0,0.55
BTO,-0.03430791535107144,59,0,0,0.9
BTOC,0.028865586115375833,75,0,0,0.3
BTOG,-0.3076905740219585,7,1,37,1.0
BTQ,0.43178779973424025,95,0,0,0.25
BTSG,0.17156829017338704,89,0,0,0.05
BTSGU,0.15586332324346575,88,0,0,0.05
BTT,-0.05874656969672545,46,0,0,0.9
BTU,-0.013357072463301131,66,0,0,0.55
BTX,0.1567784754874595,88,0,0,0.0
BTZ,-0.05779051257782714,46,0,0,0.9
BUD,-0.014312933756982789,66,1,8,0.4
BUI,-0.05421773130099414,48,1,10,0.9
BULL,-0.11723653596173528,30,1,13,0.65
BUR,-0.2107914896290355,15,1,24,1.0
BURL,-0.04984640740105125,50,0,0,0.55
BURU,-0.3517449795814274,5,1,23,1.0
BUSE,0.011608934128922777,72,0,0,0.75
BUSEP,-0.06225990436665671,45,1,1,0.95
BUUU,-0.0948638598825545,35,1,4,0.45
BV,-0.060844895440656584,45,0,0,0.7
BVC,-0.10810981635355535,32,1,1,0.8
BVFL,-0.053935872611147004,48,1,1,0.95
BVN,-0.19536265977373296,17,1,6,0.75
BVS,-0.12999108482688165,27,1,12,0.75
BW,-0.0035819857149578735,69,1,2,0.3
BWA,0.30231041106593887,93,0,0,0.0
BWAY,-0.06625787916356851,43,1,18,0.9
BWB,0.006704053291355747,71,0,0,0.75
BWBBP,-0.044977709626551995,54,0,0,0.9
BWEN,0.6778989649548667,97,0,0,0.05
BWFG,0.01334262040808705,73,0,0,0.8
BWG,-0.05520538884494272,47,1,39,1.0
BWIN,-0.1474017506282822,24,1,30,1.0
BWLP,0.06541297554682811,80,0,0,0.35
BWMN,-0.054147036174331975,48,0,0,0.85
BWMX,0.00765677891703994,71,0,0,0.5
BWXT,-0.17411084508378855,20,1,35,1.0
BX,-0.08297467209513304,38,1,25,1.0
BXC,-0.10099051888456825,34,0,0,0.9
BXMT,-0.10938461752106188,32,1,1,0.95
BXP,0.10854520654302381,85,0,0,0.45
BXSL,-0.06692712449406207,43,1,23,1.0
BY,-0.015055513895220245,66,0,0,0.9
BYAH,1.121719444664799,98,0,0,0.45
BYD,-0.027058751235570964,62,0,0,0.7
BYFC,0.11060087567323522,85,0,0,0.35
BYND,-0.05495912714447289,48,1,22,1.0
BYRN,-0.18701183201670862,18,0,0,0.55
BYSI,0.06625371403328861,81,0,0,0.45
BZ,-0.08925625391722641,37,1,1,0.8
BZAI,-0.02627520125372286,62,0,0,0.7
BZFD,0.7234315767172145,97,1,2,0.15
BZH,0.2523284996572684,92,0,0,0.1
BZUN,-0.021712513148709343,64,0,0,0.85
C,0.040966310157442745,77,0,0,0.7
CAAP,-0.0837624227353195,38,1,4,0.75
CAAS,-0.03649213789436285,59,1,11,0.6
CABA,-0.14544205096438995,25,1,4,0.4
CABO,-0.48511704360716457,2,1,31,1.0
CABR,0.1919390402877083,89,0,0,0.45
CAC,-0.0021206499064997456,69,0,0,0.8
CACC,0.07184505451941615,81,0,0,0.25
CACI,-0.08876478375539146,37,0,0,0.65
CADL,0.34026645073437156,94,0,0,0.0
CAE,-0.13679670093109858,26,1,1,0.9
CAF,0.0026342615640340267,70,1,3,0.25
CAG,-0.18987983564031036,18,1,63,1.0
CAH,-0.030448220805840087,61,0,0,0.8
CAI,-0.22701118816103827,14,1,1,0.9
CAKE,0.07033634796405595,81,0,0,0.5
CAL,0.10704591048699678,85,0,0,0.45
CALC,0.42591328001841866,95,0,0,0.3
CALM,-0.07465195571317773,41,0,0,0.85
CALX,-0.25279392793172445,11,1,48,1.0
CALY,0.03657534110278961,76,0,0,0.7
CAMP,-0.18237966942435296,19,1,7,0.75
CAMT,-0.10025481084996787,34,1,2,0.8
CAN,-0.327963836324902,7,1,22,1.0
CANF,-0.16583170658717156,21,1,9,0.65
CANG,-0.4184827650468914,3,1,15,0.8
CAPL,-0.002206768152494952,69,0,0,0.35
CAPN,-0.04827690148607354,51,0,0,0.9
CAPNU,-0.03193653116859941,60,0,0,0.8
CAPR,-0.24728699361240247,12,1,29,1.0
CAPS,-0.35142264605020834,5,1,12,0.95
CAR,0.10856615275510319,85,0,0,0.9
CARE,0.1397513614421892,87,0,0,0.0
CARG,-0.2901107223906141,8,1,21,1.0
CARL,0.03158431556289153,76,0,0,0.25
CARR,0.027200943813832187,75,0,0,0.7
CARS,-0.13836778342522799,26,1,20,1.0
CART,0.046465346873724764,78,0,0,0.8
CASH,-0.16007504918499027,22,1,33,1.0
CASS,-0.02742816241656498,62,0,0,0.9
CASY,-0.08629101862325511,38,1,12,0.6
CAT,0.07630345661778111,82,0,0,0.4
CATO,0.025353903029144517,75,0,0,0.5
CATX,-0.33105938682665753,6,1,8,0.9
CATY,0.04354504786998396,77,0,0,0.7
CAVA,-0.17989791583120435,19,1,26,1.0
CB,-0.06157858015937264,45,0,0,0.85
CBAN,-0.029138425207826044,61,0,0,0.9
CBAT,-0.17630738639140606,20,1,7,0.85
CBC,0.04194773719969684,77,0,0,0.35
CBFV,-0.070307295410591,42,1,28,1.0
CBIO,-0.0013500738368854848,69,1,6,0.65
CBK,0.04139801943502318,77,0,0,0.8
CBL,0.09686616129132318,84,0,0,0.1
CBLL,-0.11700031026574655,30,1,2,0.95
CBNA,-0.0361732281654593,59,0,0,0.85
CBNK,0.008871376948674625,72,0,0,0.8
CBOE,-0.165529037554601,21,1,9,0.45
CBRE,-0.13326567083757584,27,0,0,0.95
CBRL,0.09157317217655152,83,0,0,0.35
CBSH,-0.006723938591328152,68,0,0,0.9
CBT,0.027545699048288866,75,0,0,0.35
CBU,-0.01857363168240978,65,0,0,0.85
CBUS,-0.3231153767852464,7,1,8,0.95
CBZ,0.08731019656519735,83,0,0,0.3
CC,-0.051366270292839675,49,1,23,1.0
CCAP,-0.19952404264484302,17,1,23,1.0
CCAQ,-0.04903696010547761,50,0,0,0.9
CCAQU,-0.03154921741727624,61,0,0,0.75
CCB,-0.13372870131451708,27,1,28,1.0
CCBG,-0.05161790013874674,49,0,0,0.9
CCC,-0.18939373627906836,18,1,2,0.8
CCCC,0.12188792395816002,86,1,1,0.1
CCD,0.0116794268207885,72,1,1,0.45
CCEC,0.0459746743354294,78,0,0,0.2
CCEL,-0.013278608968385314,66,0,0,0.8
CCEP,-0.05108727973052964,49,0,0,0.9
CCG,-0.3522297492311077,5,1,43,1.0
CCHH,-0.3528489990207904,5,1,6,0.85
CCI,-0.018743726248726722,65,0,0,0.65
CCID,-0.042468775969368606,56,0,0,0.9
CCIF,-0.08809548310301751,37,1,14,0.9
CCII,-0.04729658927898236,52,0,0,0.9
CCIIU,-0.022199692004610104,64,0,0,0.9
CCIX,-0.0461836431899906,53,0,0,0.9
CCIXU,-0.07693260215723813,40,1,43,1.0
CCJ,-0.15323393214747252,23,1,3,0.9
CCK,-0.16012367768001073,22,1,39,1.0
CCL,-0.051785257212239075,49,0,0,0.5
CCLD,-0.1676127695849816,21,1,29,1.0
CCM,0.06507813189019106,80,1,2,0.5
CCNE,-0.0038266786297059888,69,0,0,0.85
CCNEP,-0.04957913920479203,50,1,47,1.0
CCO,-0.04469562292946106,54,0,0,0.9
CCOI,-0.13220169721914388,27,1,7,0.85
CCRN,0.12679139927555028,86,0,0,0.0
CCS,-0.07261141652802014,41,0,0,0.85
CCSI,0.16657517197303628,88,0,0,0.4
CCTG,-0.08536288590964791,38,1,10,0.85
CCU,-0.13894054061129102,26,1,8,0.95
CD,-0.11680620807019444,30,1,3,0.15
CDE,-0.18731199727840997,18,1,4,0.7
CDIO,-0.1261348856447791,28,0,0,0.55
CDLR,-0.17377962906518926,20,1,14,0.7
CDLX,-0.42986671642458657,3,1,34,1.0
CDNA,0.0749832219294901,82,0,0,0.25
CDNL,0.39264908204168214,95,0,0,0.45
CDNS,0.17355629864950423,89,0,0,0.1
CDP,-0.019191627666614447,64,0,0,0.9
CDRE,-0.13360420840180937,27,0,0,0.85
CDRO,0.048438632060805134,78,0,0,0.55
CDT,-0.811081011821526,0,1,86,1.0
CDTG,-0.5355437254353147,2,1,8,0.7
CDW,0.10909696727558167,85,0,0,0.6
CDXS,0.22587221318215028,91,0,0,0.45
CDZI,-0.2323674620352833,13,1,4,0.85
CDZIP,0.09466261090372287,84,0,0,0.25
CE,-0.20968822067781961,15,1,23,1.0
CECO,0.14227038803232667,87,0,0,0.25
CEE,0.0036846792843406306,70,1,2,0.75
CEG,-0.22815947870269926,13,1,9,0.95
CELC,-0.3389736137275569,6,1,10,0.65
CELH,-0.2806963459778921,9,1,6,0.9
CELU,-0.2969735760549679,8,1,2,0.7
CELZ,-0.05652123050744207,47,1,9,0.85
CENN,-0.1982040854133904,17,0,0,0.7
CENT,0.006509516103008858,71,0,0,0.7
CENTA,-0.0025066210728326432,69,0,0,0.8
CENX,-0.007269677400878291,68,0,0,0.45
CEPF,-0.04641684106772628,52,0,0,0.9
CEPO,-0.04595353357770436,53,0,0,0.9
CEPT,0.07546922531294738,82,0,0,0.25
CEPU,-0.0886335040756345,37,1,4,0.75
CEPV,-0.03802552934268485,58,0,0,0.9
CERS,0.1219239960433023,86,1,1,0.15
CERT,-0.20151795616819562,16,1,3,0.8
CET,-0.03711787785287449,58,0,0,0.95
CETX,-0.4795296763453978,2,1,5,0.9
CETY,-0.2191544018015847,14,0,0,0.85
CEV,-0.05116476455526737,49,0,0,0.9
CEVA,0.7516941672834595,97,0,0,0.0
CF,-0.1295755794354087,28,1,13,0.9
CFBK,0.007570098580199157,71,0,0,0.8
CFFI,-0.070037173619123,42,0,0,0.9
CFFN,-0.001994216539461642,69,0,0,0.9
CFG,-0.023664831043654716,63,0,0,0.85
CFND,-0.18539979606681922,19,1,32,1.0
CFR,-0.030906579892876915,61,0,0,0.9
CG,-0.15098564916851728,24,1,23,1.0
CGAU,-0.20071060619729186,17,1,18,0.95
CGBD,-0.10984778253365766,31,1,23,1.0
CGC,-0.11562794601613416,30,1,7,0.95
CGEM,-0.1609618701916551,22,1,5,0.55
CGEN,-0.2381806396251525,12,1,14,0.75
CGNT,-0.12627743531428748,28,1,4,0.6
CGNX,0.016379926667482184,73,1,3,0.25
CGO,0.03462548399203465,76,1,1,0.2
CGON,-0.24417818792915397,12,1,17,0.9
CGTL,-0.7248077805755675,1,1,19,0.95
CGTX,0.10628550273547473,85,1,1,0.55
CHA,0.009232127822214421,72,0,0,0.65
CHAI,-0.4256687955787209,3,1,21,1.0
CHAR,-0.039759249222023306,57,0,0,0.9
CHARU,-0.00447848110219496,68,0,0,0.5
CHCI,-0.09482599561380921,35,1,1,0.95
CHCO,-0.01957123505769516,64,0,0,0.9
CHCT,-0.009547492986177526,67,0,0,0.7
CHD,-0.05058689462873103,50,0,0,0.8
CHDN,-0.06462285169087,44,1,25,1.0
CHE,0.01622891952212814,73,0,0,0.5
CHEC,-0.04588694595659684,53,0,0,0.9
CHECU,-0.034838364694272,59,0,0,0.9
CHEF,0.08992093868103472,83,0,0,0.5
CHGG,0.12447809021789559,86,1,4,0.5
CHH,-0.04762157157153907,51,1,1,0.65
CHI,0.025549737386661234,75,0,0,0.35
CHKP,-0.06585061832221077,43,1,1,0.45
CHMG,0.09594828993014633,84,0,0,0.45
CHMI,-0.15014670621098558,24,1,25,1.0
CHNR,0.02401983207677809,74,0,0,0.75
CHOW,-0.27141127523662545,10,1,17,0.95
CHPG,-0.048007153715596794,51,0,0,0.9
CHPGU,-0.033375852368853084,60,0,0,0.9
CHPT,0.2150975563747713,90,0,0,0.3
CHR,-0.08808660801395504,37,1,1,0.45
CHRD,-0.006657039737235776,68,0,0,0.75
CHRN,0.5418005356902524,96,0,0,0.0
CHRS,-0.25069278011237034,11,1,19,0.95
CHRW,0.03496539970467577,76,0,0,0.6
CHSCL,-0.04759268051884506,51,0,0,0.9
CHSCM,-0.046851184145248345,52,0,0,0.9
CHSCN,-0.05349763805661922,48,0,0,0.9
CHSCO,-0.045725580614777724,53,0,0,0.9
CHSCP,-0.060407834119585724,45,1,48,1.0
CHSN,-0.6940312739813187,1,1,42,1.0
CHT,-0.03046262755736687,61,0,0,0.65
CHTR,-0.3417211113014198,6,1,31,1.0
CHW,0.01308727045366502,73,1,1,0.2
CHWY,-0.24362712284424892,12,1,33,1.0
CHY,0.015017541182371905,73,1,1,0.25
CHYM,-0.17400965301192806,20,1,30,1.0
CI,-0.008201176489054815,67,0,0,0.75
CIA,-0.08377220337664437,38,0,0,0.8
CIB,0.0018124054820609636,70,0,0,0.6
CIEN,-0.042341277931609245,56,1,3,0.25
CIF,-0.0573881604150782,47,1,1,0.95
CIFR,0.3473511277001232,94,0,0,0.15
CIG,-0.18480582124921824,19,1,33,1.0
CIGI,-0.15726261140308612,23,1,1,0.95
CII,0.001967124440618799,70,1,3,0.25
CIIT,-0.36499272732930166,5,1,71,1.0
CIK,-0.08832954485075756,37,1,46,1.0
CIM,-0.07105898850414183,42,1,25,1.0
CINF,-0.053198459251195096,48,0,0,0.7
CING,-0.2541914394226164,11,1,2,0.9
CINT,-0.1379556297454652,26,0,0,0.75
CION,-0.0979017420378912,34,0,0,0.95
CISO,-0.0594933821591959,46,1,1,0.5
CISS,-0.5663678931202963,2,1,122,1.0
CIVB,0.04973297208130002,78,0,0,0.4
CIX,0.006408961592797635,71,0,0,0.6
CJMB,-0.44516062001132994,3,1,50,1.0
CKX,-0.08560560810775024,38,1,2,0.9
CL,-0.06927722456449777,42,1,1,0.6
CLAR,-0.052687568259818095,49,1,6,0.6
CLB,-0.1469174558437128,24,1,27,1.0
CLBK,0.05877472654087955,80,0,0,0.4
CLBT,-0.08569226084330853,38,1,1,0.6
CLDI,-0.3412925644439943,6,1,122,1.0
CLDT,0.23977152902047855,91,0,0,0.0
CLDX,-0.1730290761117546,20,1,22,1.0
CLF,0.22981107103057352,91,0,0,0.15
CLFD,0.23647986427975842,91,1,2,0.1
CLGN,-0.13620846347301374,26,1,12,0.85
CLH,-0.08822903434509327,37,1,23,1.0
CLIK,-0.2699002874931235,10,1,3,0.85
CLIR,-0.2761033989914082,9,1,11,0.9
CLLS,-0.26192321403960656,10,1,16,0.95
CLM,-0.016685142436811018,65,0,0,0.9
CLMB,0.09928567201278969,84,0,0,0.5
CLMT,0.01170331387840147,72,0,0,0.45
CLNE,-0.20977699270200162,15,1,24,1.0
CLNN,-0.24720290776868875,12,1,11,0.75
CLOV,0.6476951838875439,97,0,0,0.0
CLPR,-0.004519888399011414,68,0,0,0.6
CLPS,-0.08272648971394791,39,1,3,0.8
CLPT,0.19055444043217412,89,0,0,0.3
CLRB,-0.21616576525903813,15,1,8,0.55
CLRO,-0.0772719728620329,40,0,0,0.9
CLS,0.09987356634927437,84,1,2,0.75
CLSK,0.38443175421474496,95,0,0,0.05
CLST,-0.08381831196738726,38,0,0,0.9
CLVT,-0.10933026282708815,32,1,4,0.85
CLW,0.03270878466129269,76,0,0,0.45
CLWT,0.11960209010194651,85,0,0,0.8
CLX,-0.0917853917282666,36,0,0,0.85
CLYM,0.15247465151169065,88,0,0,0.25
CM,-0.00528503003618426,68,1,8,0.65
CMBT,0.03749735285114106,76,1,1,0.3
CMC,0.036710564987588526,76,0,0,0.25
CMCL,-0.23937997127217248,12,1,17,0.9
CMCM,-0.34133265858370443,6,1,52,1.0
CMCO,-0.2561165315853634,11,1,4,0.75
CMCSA,-0.1892878608529735,18,1,31,1.0
CMCT,-0.5930829720666247,1,1,93,1.0
CMDB,-0.13537151272463724,26,1,15,0.75
CME,-0.20109855586783293,16,1,13,0.85
CMG,-0.18620209092496498,19,1,33,1.0
CMI,0.026823409433903198,75,0,0,0.6
CMMB,-0.03318158028687651,60,0,0,0.45
CMND,-0.5541430366497418,2,1,1,0.95
CMP,0.08338073450833879,82,1,2,0.1
CMPR,0.07419087993685068,81,1,5,0.3
CMPS,0.5299525274925178,96,0,0,0.0
CMPX,-0.3070683154162416,7,1,35,1.0
CMRC,-0.17186780930867177,20,1,4,0.7
CMRE,-0.1419050068379121,25,1,12,0.95
CMS,-0.11171111679897791,31,1,41,1.0
CMT,-0.025480003969280823,63,1,26,1.0
CMTG,-0.11152525344386253,31,1,1,0.8
CMTL,0.07308313089472547,81,1,2,0.5
CMTV,-0.00204879436053685,69,0,0,0.7
CNA,-0.08996883369696658,37,0,0,0.9
CNC,0.36309745497230606,94,0,0,0.0
CNCK,-0.11533278225208694,30,1,8,0.6
CNDT,-0.14760412459771133,24,1,4,0.65
CNET,-0.04237147622969895,56,1,3,0.8
CNEY,0.5040374063770429,96,1,7,0.35
CNF,-0.16123915307731587,22,1,1,0.8
CNH,-0.07785244194822223,40,0,0,0.75
CNI,0.05498862943195079,79,0,0,0.4
CNK,0.07415440600380128,81,0,0,0.65
CNL,-0.2498398201097915,11,1,29,1.0
CNM,-0.012968890099807957,66,0,0,0.75
CNMD,-0.14140170771644547,25,1,34,1.0
CNNE,0.04533762032409684,78,0,0,0.4
CNO,0.04163859360495466,77,0,0,0.45
CNOB,0.047617376717592155,78,0,0,0.65
CNOBP,-0.029722563124294096,61,0,0,0.9
CNP,-0.07118352491108125,42,1,1,0.95
CNQ,-0.033387851307154714,60,1,10,0.7
CNR,-0.021731999856502267,64,0,0,0.6
CNS,0.05218417265562887,79,0,0,0.4
CNSP,0.289302645721252,93,1,1,0.25
CNTA,0.05491707822989683,79,0,0,0.85
CNTB,-0.16274901200966224,22,1,18,0.95
CNTN,-0.24573026208436866,12,1,10,0.8
CNTX,-0.372638318758713,5,1,5,0.65
CNTY,-0.06954616403518699,42,0,0,0.85
CNVS,-0.09364359775487419,35,1,1,0.75
CNX,-0.16134491004057688,22,1,48,1.0
CNXC,-0.05034121841941811,50,0,0,0.4
CNXN,0.08338372124688083,82,0,0,0.45
COCH,-0.060298937873834,46,1,10,0.75
COCO,0.21285958382517794,90,0,0,0.05
COCP,-0.28199782273163015,9,1,20,1.0
CODA,-0.11010156057397975,31,1,2,0.6
CODI,0.025277649842144617,75,1,12,0.6
CODX,1.809680765623844,99,0,0,0.25
COE,-0.12172289953308427,29,1,11,0.7
COF,-0.10402729119118201,33,1,33,1.0
COFS,0.015585644427728557,73,0,0,0.7
COGT,-0.1826330676019695,19,1,7,0.95
COHN,-0.28469538934934346,9,1,26,1.0
COHR,0.324260197202393,93,0,0,0.1
COHU,0.33413674691311357,94,0,0,0.25
COIN,-0.19173878431850333,18,1,16,0.85
COKE,-0.10996779307541375,31,0,0,0.9
COLA,-0.039888943473579325,57,1,1,0.8
COLAU,0.06915098497755524,81,0,0,0.4
COLB,-0.009529213230806369,67,0,0,0.9
COLD,0.036398958861522585,76,0,0,0.05
COLL,-0.1517816010256774,24,1,1,0.95
COLM,0.033350980159935886,76,0,0,0.4
COMP,-0.14411229078720916,25,1,4,0.55
CON,0.06511689632634708,80,0,0,0.3
COO,-0.049847156215179676,50,0,0,0.9
COOK,0.6355910975736697,97,0,0,0.05
COOT,-0.060790953893369755,45,1,9,0.95
COP,-0.03890169224002414,58,0,0,0.85
COPL,-0.04287589055079267,55,0,0,0.9
COR,-0.10908910460879531,32,0,0,0.9
CORT,0.6232689747243363,97,0,0,0.0
CORZ,0.37466174054624246,94,0,0,0.0
COSM,-0.37378838055887553,4,1,25,1.0
COSO,-0.022970267559976894,64,0,0,0.9
COST,-0.09182422724733647,36,1,12,0.8
COTY,-0.21667574906476922,15,1,21,1.0
COUR,-0.1709776503821994,21,1,5,0.95
COYA,0.009959695979362845,72,1,2,0.3
CP,0.022470670950090532,74,0,0,0.5
CPA,0.038266818788981624,77,0,0,0.2
CPAC,-0.07438775267328762,41,1,39,1.0
CPAY,0.07779177414477566,82,0,0,0.1
CPB,-0.061630811053857384,45,0,0,0.85
CPBI,0.012397084641013648,72,0,0,0.55
CPF,0.010503632850279165,72,0,0,0.85
CPHC,-0.05058301436644469,50,1,1,0.9
CPHI,0.19818602052390377,90,1,2,0.3
CPIX,0.5347109836500652,96,0,0,0.0
CPK,-0.10591888365657408,33,1,1,0.95
CPNG,-0.21826780668010404,15,1,34,1.0
CPOP,-0.15419287063615916,23,0,0,0.75
CPRI,-0.023042559764777756,63,0,0,0.85
CPRT,-0.15302174944169428,23,1,11,0.95
CPRX,0.0730465657632577,81,0,0,0.15
CPS,-0.10363245160697702,33,1,2,0.65
CPSH,0.898241151969569,98,0,0,0.35
CPSS,-0.055107687063737185,47,1,11,0.55
CPT,0.0396169690746532,77,0,0,0.6
CPZ,-0.10106209380936267,34,1,54,1.0
CQP,-0.026949444656794996,62,0,0,0.85
CR,-0.006549513249812108,68,0,0,0.75
CRAC,-0.045463435005186244,53,0,0,0.9
CRACU,-0.047503321647025254,52,0,0,0.9
CRAI,-0.0973540411480816,34,1,1,0.95
CRANU,-0.041209126526623924,56,0,0,0.9
CRAQ,-0.04634935471215492,52,0,0,0.9
CRAQU,-0.04329667783050569,55,0,0,0.9
CRBG,-0.013615742569073774,66,0,0,0.65
CRBP,-0.31528184661257574,7,1,10,0.65
CRBU,-0.09259967565810517,36,1,4,0.5
CRC,-0.0949895348342227,35,1,23,1.0
CRCL,-0.2777172009926849,9,1,11,0.75
CRCT,-0.0699835064158763,42,0,0,0.85
CRDF,-0.14387503014775344,25,1,6,0.6
CRDL,-0.16465957080989452,22,1,32,1.0
CRDO,0.5267189191046926,96,0,0,0.15
CRE,-0.09955047210078588,34,0,0,0.65
CREG,-0.41581158437984345,3,1,14,0.9
CRESY,-0.08798042227081337,37,1,5,0.8
CREX,0.017394702210523874,74,0,0,0.8
CRF,-0.02607946283523521,63,0,0,0.9
CRGO,-0.08315870112904883,38,1,9,0.6
CRGY,-0.09461354278672013,35,1,12,0.85
CRH,-0.13946564903144051,26,1,26,1.0
CRI,0.08009181374790304,82,0,0,0.3
CRIS,-0.29904214751999486,8,1,6,0.95
CRK,-0.28191393301103623,9,1,47,1.0
CRL,-0.008578165390455202,67,0,0,0.6
CRM,-0.06660081735806979,43,1,1,0.7
CRMD,0.10202376493465022,84,0,0,0.25
CRML,-0.08001584133002247,39,1,4,0.85
CRMT,-0.5770452211880982,1,1,7,0.95
CRNC,0.2006672436640713,90,0,0,0.2
CRNT,0.17127536224324547,89,0,0,0.4
CRNX,-0.2403767097633595,12,1,21,1.0
CRON,0.03536994526526767,76,0,0,0.5
CROX,0.17744588861763233,89,0,0,0.35
CRS,0.1111930984073299,85,0,0,0.45
CRSP,-0.08501921586856467,38,1,2,0.75
CRSR,0.32488856427383017,93,1,1,0.3
CRT,-0.016226643130128837,65,0,0,0.9
CRTO,-0.0678791377323622,43,1,1,0.7
CRUS,-0.0010403443475308152,69,1,2,0.65
CRVL,0.022477742378973306,74,0,0,0.45
CRVO,-0.3246626326043409,7,1,45,1.0
CRVS,-0.30459111622220986,7,1,24,1.0
CRWD,0.36637910092022785,94,0,0,0.0
CRWS,-0.044134475380700575,54,0,0,0.85
CRWV,-0.03395787300657414,60,1,4,0.9
CSAI,-0.43158607953198636,3,1,24,1.0
CSAN,-0.41830719064614286,3,1,23,1.0
CSBR,-0.11151396810894859,31,1,15,0.9
CSCO,0.39427431479588426,95,0,0,0.0
CSGP,-0.17861230563174152,19,1,1,0.95
CSIQ,0.041503703818440416,77,1,2,0.2
CSL,-0.09312283430050816,36,1,1,0.95
CSPI,-0.1285697887197365,28,1,5,0.7
CSQ,0.0037175529390120893,70,1,2,0.3
CSR,-0.1569840390543562,23,1,18,0.95
CSTE,0.38374940748411235,95,0,0,0.15
CSTL,-0.14042566348967378,26,1,1,0.85
CSTM,0.09485494169333457,84,0,0,0.25
CSV,-0.21298101980216988,15,1,28,1.0
CSW,-0.08099652529682194,39,1,7,0.8
CSWC,-0.03442875814011291,59,0,0,0.9
CSX,0.04877640207454724,78,0,0,0.5
CTAS,-0.06718635039922982,43,0,0,0.75
CTBI,0.015392463590518365,73,0,0,0.75
CTEV,0.29598537816566123,93,0,0,0.35
CTGO,-0.3638753772335502,5,1,17,0.85
CTKB,-0.1958643084162418,17,1,2,0.9
CTM,-0.02710819136961949,62,1,3,0.6
CTMX,-0.3599123116214203,5,1,34,1.0
CTNM,-0.21703119365457996,15,1,11,0.85
CTNT,-0.6842535989352069,1,1,38,1.0
CTO,-0.006397548679389985,68,0,0,0.8
CTOR,-0.07564156428936472,40,1,15,0.75
CTOS,0.2320731024724485,91,0,0,0.3
CTRE,-0.11171379283744003,31,1,9,0.6
CTRI,-0.12492978218544845,29,1,22,1.0
CTRM,0.04946252022319142,78,0,0,0.7
CTRN,-0.1096470942143481,32,1,2,0.7
CTS,0.15031165553307202,88,0,0,0.15
CTSH,-0.11060661685527239,31,0,0,0.7
CTSO,-0.40995127794039177,4,1,31,1.0
CTVA,-0.10513671103827335,33,1,23,1.0
CTW,-0.07406557642620998,41,1,14,0.7
CTXR,-0.24823772019207302,11,1,9,0.9
CUB,-0.04161631398748907,56,0,0,0.9
CUBE,-0.03618675932411769,59,0,0,0.9
CUBI,-0.05289979745812384,48,1,9,0.95
CUBWU,-0.024887784537849997,63,0,0,0.8
CUE,1.0604897630513188,98,0,0,0.55
CULP,-0.09892137222298993,34,1,1,0.85
CUPR,-0.07455265685872986,41,0,0,0.65
CURB,0.017143990071773044,73,0,0,0.55
CURI,-0.14331780257872484,25,1,2,0.8
CURR,-0.14488341755203732,25,1,2,0.75
CURV,0.08623603748507054,83,0,0,0.8
CURX,-0.2026380096851716,16,1,39,1.0
CUZ,0.11329219722125551,85,0,0,0.15
CV,0.05462855074094734,79,0,0,0.7
CVBF,-0.03380982196574239,60,0,0,0.85
CVCO,0.07620177086290138,82,0,0,0.45
CVE,0.03765389721999744,76,1,2,0.4
CVEO,0.10724720342016715,85,0,0,0.0
CVGI,0.4480116855252692,95,0,0,0.15
CVI,0.032754253786685006,76,1,3,0.6
CVKD,-0.3365101823963439,6,1,20,1.0
CVLG,0.4187936190844716,95,0,0,0.15
CVLT,0.2862998191472359,93,0,0,0.05
CVM,-0.4549672752009506,3,1,35,1.0
CVNA,-0.09875626646053914,34,0,0,0.85
CVR,-0.12066994514946519,29,0,0,0.85
CVRX,-0.3386867458069246,6,1,44,1.0
CVS,0.1269503982883472,86,0,0,0.25
CVSA,0.05420120117790814,79,0,0,0.5
CVU,0.24800986529879898,92,0,0,0.2
CVV,0.17959997134715355,89,0,0,0.75
CVX,-0.029988092224937576,61,0,0,0.8
CW,-0.052840489419603065,48,1,1,0.85
CWAN,-0.0368166867636191,59,0,0,0.9
CWBC,0.001970400044252363,70,0,0,0.85
CWCO,-0.18731952310192307,18,1,40,1.0
CWD,-0.253075083131262,11,1,16,0.95
CWEN,-0.03737290008705909,58,1,1,0.55
CWH,-0.130449885005796,27,1,5,0.7
CWK,-0.07314800725288609,41,0,0,0.9
CWST,-0.08763197991787507,37,0,0,0.65
CWT,-0.03328522207534894,60,0,0,0.75
CX,-0.06629288895120232,43,1,6,0.6
CXAI,0.38111636745868593,95,0,0,0.4
CXDO,-0.07547846745272016,41,1,4,0.2
CXM,-0.0860283372051303,38,0,0,0.75
CXT,-0.21555188969049716,15,1,33,1.0
CXW,0.15439146354818667,88,0,0,0.45
CYCN,0.1424209983167778,87,1,9,0.75
CYCU,-0.2909207546302115,8,1,10,0.95
CYD,0.2796013346113347,92,0,0,0.0
CYH,-0.15161655001809837,24,1,40,1.0
CYN,-0.24530793399234185,12,1,24,1.0
CYPH,-0.1939075319533246,18,1,3,0.25
CYRX,0.4405793077855301,95,0,0,0.0
CYTK,-0.06757328516573996,43,1,6,0.3
CZFS,-0.04705983419580868,52,0,0,0.9
CZNC,-0.0907548334395232,36,0,0,0.9
CZR,0.031114928173912954,76,0,0,0.45
CZWI,-0.031184729388501014,61,0,0,0.85
D,0.009725979482003634,72,0,0,0.4
DAAQ,-0.04584442576424651,53,0,0,0.9
DAAQU,-0.04235801989818802,56,0,0,0.9
DAC,0.005880393169649431,71,0,0,0.45
DAIC,-0.6051240356301478,1,1,32,1.0
DAIO,0.3300811600224439,94,0,0,0.05
DAKT,-0.09248728817342398,36,1,6,0.7
DAL,0.08889971424199002,83,0,0,0.35
DAN,0.01635606602282845,73,0,0,0.65
DAO,0.029627477525176374,75,0,0,0.4
DAR,-0.08074408442606595,39,1,23,1.0
DARE,-0.19214085680016263,18,1,16,0.85
DASH,-0.14947772529400188,24,1,30,1.0
DAVA,-0.41243706800787233,4,1,33,1.0
DAVE,0.18903965325076427,89,0,0,0.6
DB,-0.026982997626266866,62,0,0,0.45
DBD,-0.015599361449718366,65,0,0,0.5
DBGI,-0.5130215131783078,2,0,0,0.95
DBI,0.3194596432511024,93,0,0,0.45
DBL,-0.04780568102608995,51,0,0,0.9
DBRG,-0.045887127584311245,53,0,0,0.9
DBVT,-0.28875022215975016,8,1,39,1.0
DBX,0.05631655714781941,79,0,0,0.25
DC,-0.16871703332183122,21,1,4,0.7
DCBO,-0.12889754628431083,28,1,4,0.9
DCGO,-0.16255448583671356,22,1,6,0.85
DCH,0.020775806472000072,74,1,1,0.3
DCI,-0.0922149131109025,36,0,0,0.95
DCO,0.046884715095192625,78,0,0,0.4
DCOM,0.027646952965459645,75,0,0,0.8
DCOY,-0.029197909084118998,61,1,3,0.5
DCTH,0.007924673556252822,71,0,0,0.7
DCX,0.17584675218669193,89,0,0,0.25
DD,-0.05973889681611008,46,1,9,0.7
DDC,-0.3965696811330759,4,1,6,0.95
DDD,0.2809534709247156,93,1,3,0.15
DDI,0.09832480479136725,84,1,1,0.25
DDL,-0.1428059931852957,25,1,41,1.0
DDOG,0.5189705291734336,96,0,0,0.0
DDS,0.016648123655051944,73,0,0,0.5
DE,-0.08337753062685009,38,0,0,0.75
DEA,0.007611982511522432,71,0,0,0.5
DEC,-0.15163867096979233,24,1,13,0.9
DECK,0.0021880635906507476,70,0,0,0.45
DEFT,-0.2932445402227128,8,1,16,0.95
DEI,0.08889764434229659,83,0,0,0.55
DELL,1.0174150228813228,98,0,0,0.0
DEO,-0.05803269058695012,46,1,8,0.65
DERM,0.03549666054734672,76,0,0,0.15
DEVS,0.5559631851219553,96,0,0,0.65
DFDV,-0.2694927167760791,10,1,15,0.75
DFH,-0.06899407076625858,42,1,1,0.55
DFIN,-0.257794167570839,11,1,32,1.0
DFLI,-0.17501466763401888,20,1,4,0.65
DFNS,-0.5406232879016699,2,1,122,1.0
DFP,-0.07133320287715493,42,1,49,1.0
DFSC,0.3572388424465994,94,1,2,0.15
DFTX,0.023723768169494647,74,0,0,0.45
DG,-0.18532900238527367,19,1,66,1.0
DGICA,-0.05546468028089569,47,0,0,0.8
DGICB,-0.008878369125402845,67,0,0,0.7
DGII,0.13340888699537878,86,0,0,0.0
DGNX,-0.5949038005555434,1,1,121,1.0
DGX,-0.041047561502821794,57,0,0,0.9
DGXX,0.722825548792816,97,1,2,0.1
DH,-0.21157294995418752,15,1,4,0.9
DHC,0.04446206210564896,77,1,1,0.25
DHF,-0.030706855987357947,61,0,0,0.9
DHI,-0.057373688753927995,47,1,1,0.95
DHR,-0.06376651267786923,44,0,0,0.75
DHT,-0.1459154439313038,25,1,21,1.0
DHX,0.12235982881774056,86,0,0,0.05
DHY,-0.09092511048961614,36,1,44,1.0
DIBS,-0.23827015006961355,12,1,32,1.0
DIN,0.01030400472767825,72,0,0,0.2
DINO,0.11716290176574463,85,0,0,0.3
DIOD,0.14834233160510252,87,0,0,0.55
DIS,-0.10331568680291729,33,1,20,1.0
DIT,-0.20659729622755968,16,1,33,1.0
DJCO,-0.026808399437976426,62,0,0,0.6
DJT,-0.18586597035880903,19,1,5,0.9
DK,0.07554883867692365,82,0,0,0.5
DKL,-0.012814770510395021,66,0,0,0.75
DKNG,-0.05305789247238593,48,0,0,0.4
DKS,-0.03977172592167826,57,1,6,0.85
DLB,-0.14692404742165371,24,1,33,1.0
DLHC,-0.11018297486238549,31,1,1,0.95
DLNG,-0.09710774320483133,35,1,13,0.95
DLO,-0.1517352145002575,24,1,22,1.0
DLPN,-0.307346326849541,7,1,48,1.0
DLR,-0.08572176480696711,38,1,25,1.0
DLTH,0.3625623331338482,94,0,0,0.55
DLTR,-0.0035679973972202114,69,0,0,0.6
DLX,-0.21348349104655184,15,1,23,1.0
DLXY,-0.26501336034468764,10,1,27,1.0
DLY,-0.06542486622237503,44,1,43,1.0
DMA,-0.06851335185171724,43,0,0,0.7
DMAA,-0.04503593813216494,54,0,0,0.9
DMAAU,0.01971711367229262,74,0,0,0.75
DMAC,-0.2063634858244987,16,1,9,0.95
DMB,-0.047401827386986124,52,0,0,0.9
DMII,-0.043378322939495804,55,0,0,0.9
DMIIU,-0.03422329830097154,60,0,0,0.9
DMLP,-0.010166313771287794,67,0,0,0.7
DMO,-0.06601775205501093,43,1,43,1.0
DMRA,-0.24266886438682744,12,1,9,0.95
DMRC,0.8819003461760201,98,0,0,0.0
DNA,-0.06234069323600728,45,1,2,0.6
DNLI,-0.07398797225666814,41,1,2,0.75
DNMX,-0.04440128313278763,54,0,0,0.9
DNMXU,-0.047584803850251066,52,0,0,0.9
DNN,-0.2193511762305606,14,1,4,0.95
DNOW,0.03503942447584395,76,0,0,0.8
DNP,-0.026716557274156325,62,0,0,0.9
DNTH,-0.0931472912607775,36,1,6,0.8
DNUT,0.006109022051091914,71,0,0,0.9
DOC,0.04411632253425643,77,0,0,0.2
DOCN,0.6678935469823051,97,0,0,0.0
DOCS,-0.2240365151860983,14,1,5,0.85
DOCU,-0.08034165535922835,39,1,3,0.45
DOGZ,-0.2480374431823572,11,1,93,1.0
DOLE,-0.1347819057627717,27,1,39,1.0
DOMH,0.04634960550027896,78,1,4,0.4
DOMO,-0.10492074572052534,33,1,4,0.75
DOO,-0.07948152256494045,39,0,0,0.7
DORM,0.06399814166368041,80,0,0,0.3
DOUG,-0.17918742799246867,19,1,20,1.0
DOV,-0.055836889007143425,47,0,0,0.9
DOW,-0.12373813871613724,29,1,23,1.0
DOX,-0.16889383432676794,21,1,5,0.95
DOYU,-0.041315405694459996,56,1,1,0.6
DPG,-0.07291625431533492,41,1,40,1.0
DPRO,0.13594048039225654,87,0,0,0.45
DPZ,-0.17883475611445465,19,1,44,1.0
DQ,-0.2724652401047857,10,1,30,1.0
DRCT,-0.28056083510904956,9,1,15,0.9
DRD,-0.2671628063267728,10,1,18,0.9
DRDB,-0.04726071113679838,52,0,0,0.9
DRDBU,0.039327756775866654,77,0,0,0.85
DRH,0.09689054572636797,84,0,0,0.35
DRI,-0.050961035899219465,49,1,1,0.75
DRIO,-0.10095716261233496,34,1,13,0.65
DRMA,-0.12090704083733006,29,1,4,0.75
DRS,0.00013305603911961672,70,0,0,0.3
DRTS,0.20251119508377458,90,1,2,0.2
DRUG,-0.2854318590673397,9,1,6,0.8
DRVN,0.02052247391337758,74,0,0,0.6
DSACU,-0.04616110078734979,53,0,0,0.9
DSGN,-0.2315109191908149,13,1,15,0.75
DSGR,-0.006588334871353102,68,0,0,0.9
DSGX,0.004375508308121598,71,0,0,0.6
DSL,-0.054557876308514296,48,1,1,0.95
DSM,-0.05271128552329659,49,0,0,0.9
DSP,0.045240733090205654,78,0,0,0.6
DSS,-0.4431631318672791,3,1,36,1.0
DSU,-0.054430630701134436,48,1,43,1.0
DSWL,-0.054579922616259165,48,1,8,0.85
DSX,-0.1559101243691261,23,1,16,0.8
DSY,-0.3145109018239431,7,1,64,1.0
DT,0.02467860305190893,75,0,0,0.2
DTCX,-0.1822089775324089,19,1,5,0.9
DTE,-0.06571096954220955,44,0,0,0.9
DTF,-0.04805496595633746,51,0,0,0.9
DTI,-0.28198876273616597,9,1,43,1.0
DTIL,0.027238342294611376,75,1,8,0.7
DTM,-0.04257744640146641,55,1,9,0.6
DTSQ,-0.03967926983471676,57,0,0,0.9
DTSQU,0.10362181453461007,84,0,0,0.65
DTSS,-0.06925761032738338,42,0,0,0.85
DTST,-0.20283919145047297,16,1,16,0.85
DUK,-0.09044389775930343,36,1,1,0.95
DUO,-0.3737363708879733,4,1,21,1.0
DUOL,0.09086027046109384,83,0,0,0.65
DUOT,0.5257362099322667,96,0,0,0.3
DV,-0.08397477400452207,38,0,0,0.7
DVA,0.07751691857688607,82,0,0,0.15
DVLT,-0.33393754241016604,6,1,5,0.95
DVN,-0.06988824961443434,42,1,13,0.85
DWSN,0.24929650134593995,92,0,0,0.05
DWTX,-0.26269355699219255,10,1,10,0.65
DX,-0.07064871747757048,42,1,28,1.0
DXC,-0.32862774885188917,7,1,5,0.95
DXCM,0.14937873500117682,87,0,0,0.25
DXF,-0.07625060410077833,40,1,2,0.55
DXLG,0.25443138442535673,92,0,0,0.15
DXPE,0.03730928768135365,76,0,0,0.8
DXR,-0.016604463584823786,65,1,1,0.6
DXST,0.1360774234258615,87,0,0,0.75
DXYZ,0.10299418536220357,84,1,6,0.3
DY,0.10229708684782655,84,0,0,0.3
DYAI,-0.1742186312413641,20,1,6,0.95
DYN,-0.10822477052042576,32,1,2,0.8
DYNC,-0.033751366164937485,60,0,0,0.9
DYNCU,-0.04415106896933983,54,0,0,0.9
DYOR,-0.04431518589629256,54,0,0,0.9
DYORU,-0.051343322140494974,49,0,0,0.9
E,-0.0016079607818610397,69,0,0,0.8
EA,-0.04225392628744398,56,0,0,0.9
EAD,-0.06626057803485293,43,1,46,1.0
EAF,0.12454092428418546,86,1,2,0.35
EARN,-0.043070709401728545,55,1,7,0.85
EAT,-0.05459126033582562,48,0,0,0.9
EBAY,0.030181100637051636,75,1,1,0.4
EBC,-0.019490294332796892,64,0,0,0.9
EBF,-0.09065236505020408,36,1,1,0.95
EBMT,-0.009676239153854835,67,0,0,0.85
EBON,-0.032999119387046714,60,0,0,0.95
EBS,-0.1360526718689803,26,1,6,0.75
EC,0.1320891253203878,86,0,0,0.25
ECAT,0.016844485046013172,73,0,0,0.0
ECBK,-0.032039512661444336,60,0,0,0.9
ECC,-0.05210772537721886,49,1,1,0.85
ECCC,-0.04178161839500126,56,1,1,0.95
ECF,0.027669274007864522,75,1,2,0.35
ECG,0.05040644518367547,79,0,0,0.6
ECL,-0.08468305429362208,38,0,0,0.85
ECO,-0.11646345825137273,30,1,11,0.75
ECOR,0.47296168006718153,96,0,0,0.4
ECPG,-0.005852939238104746,68,0,0,0.9
ECVT,-0.06587441487902969,43,1,15,0.8
ECX,-0.03176184025531334,60,0,0,0.65
ED,-0.0914979576975177,36,1,1,0.95
EDBL,-0.6766905637230731,1,1,122,1.0
EDD,-0.050535068044661055,50,0,0,0.95
EDF,0.011362896539561948,72,0,0,0.55
EDHL,0.29880058022833134,93,0,0,0.55
EDIT,-0.09985444727194707,34,1,5,0.75
EDN,-0.07312727139134813,41,0,0,0.55
EDRY,0.0154432081751701,73,1,1,0.3
EDSA,-0.4770734222698505,2,1,16,0.8
EDTK,-0.0582403192370117,46,1,43,1.0
EDU,-0.23434607585554512,13,1,42,1.0
EDUC,-0.06529656674489895,44,1,13,0.7
EE,-0.12156450134310362,29,1,10,0.6
EEA,0.002036493369769958,70,0,0,0.7
EEFT,-0.11695763838756479,30,1,5,0.9
EEIQ,-0.09872097292496784,34,0,0,0.75
EEX,0.022152534888506492,74,0,0,0.3
EFC,0.011601305820293117,72,0,0,0.7
EFOI,0.3657200978610712,94,1,2,0.5
EFOR,-0.30999684067158606,7,1,4,0.85
EFR,-0.037869681714697456,58,0,0,0.9
EFSCP,-0.04638423675002525,52,1,14,0.75
EFSI,0.07117685995046784,81,0,0,0.4
EFT,-0.05767190086482107,46,1,47,1.0
EFTY,-0.05184034032683803,49,0,0,0.9
EFX,-0.13341786676852968,27,1,1,0.85
EFXT,-0.03128837617483332,61,1,10,0.5
EG,-0.08049050671565858,39,1,12,0.85
EGAN,-0.12959781118196262,28,0,0,0.7
EGBN,-0.000814520414931158,69,0,0,0.65
EGG,-0.03805158242795521,58,1,2,0.35
EGHA,-0.045288092630391075,53,0,0,0.9
EGHAU,0.21021202639060632,90,0,0,0.5
EGHT,-0.20451802871946084,16,1,5,0.65
EGO,-0.2006115456112625,17,1,6,0.8
EGP,-0.051566682116378576,49,1,28,1.0
EGY,-0.09572542071873344,35,1,23,1.0
EH,-0.2486785558777479,11,1,4,0.9
EHC,-0.10949648187938237,32,1,1,0.9
EHGO,-0.3435302403685551,6,1,40,1.0
EHI,-0.0669257539704093,43,1,43,1.0
EHLD,0.08100524463687776,82,0,0,0.45
EHTH,-0.009506726289888023,67,0,0,0.9
EIC,0.020028214190618635,74,0,0,0.4
EICA,-0.05630598433640835,47,0,0,0.9
EIG,0.051018722909217176,79,0,0,0.45
EIIA,-0.034263425213796224,60,0,0,0.9
EIM,-0.06904821629457317,42,1,47,1.0
EIX,-0.04672092002311244,52,0,0,0.85
EJH,-0.11952115836678197,30,0,0,0.9
EL,-0.013471755528183228,66,0,0,0.6
ELA,0.22796064737187371,91,0,0,0.0
ELAB,-0.5036589131036096,2,1,45,1.0
ELAN,-0.05986762588862454,46,0,0,0.5
ELBM,-0.07107127083096479,42,1,1,0.65
ELDN,0.0019177412419066411,70,1,7,0.45
ELE,-0.2439839477461908,12,1,17,0.85
ELF,-0.23935671311684498,12,1,69,1.0
ELLO,-0.17570495837316563,20,1,8,0.95
ELMD,0.3963844829788907,95,0,0,0.05
ELME,-0.08012398643557223,39,0,0,0.95
ELOG,0.2096884022014197,90,0,0,0.8
ELPC,-0.13283485418925622,27,1,31,1.0
ELPW,-0.8545117280908927,0,1,19,0.95
ELS,-0.09313194735733965,36,1,1,0.95
ELSE,0.33636134454362215,94,0,0,0.0
ELTK,0.03748397899024446,76,0,0,0.5
ELTX,0.2563170907827063,92,0,0,0.55
ELUT,-0.12658774780724436,28,1,6,0.6
ELV,0.20272629256213076,90,0,0,0.1
ELVA,0.12691407336447724,86,1,2,0.25
ELVN,-0.1732444946180195,20,1,17,0.95
ELVR,-0.016067132966842194,65,1,6,0.65
ELWT,-0.11949225731151931,30,1,13,0.65
EMA,-0.07165060515555836,42,1,1,0.95
EMBC,-0.4007619562355711,4,1,35,1.0
EMBJ,-0.20485856149437964,16,1,21,1.0
EMD,-0.04568582505087606,53,1,25,1.0
EME,-0.06358127018047766,44,1,15,0.75
EMF,0.05273678642394973,79,1,1,0.05
EMIS,-0.046375109456094785,52,0,0,0.9
EML,-0.021116372026527372,64,0,0,0.9
EMN,-0.06762014659643359,43,1,4,0.8
EMO,-0.039300490327087344,57,0,0,0.65
EMPD,-0.2823293835305586,9,1,16,0.8
EMPG,-0.05184034032683803,49,0,0,0.9
EMR,-0.06548328366485937,44,0,0,0.75
ENB,-0.01657710128560813,65,0,0,0.5
ENGN,-0.4576652259218845,3,1,22,1.0
ENGS,0.4303341857233181,95,0,0,0.0
ENIC,-0.07081553959735278,42,1,21,1.0
ENLT,0.15080427183838352,88,0,0,0.3
ENLV,-0.2545720875409031,11,1,3,0.8
ENOV,-0.12668015739537583,28,0,0,0.65
ENPH,0.552456698634219,96,1,2,0.1
ENR,0.04688360648461752,78,0,0,0.55
ENS,0.10847935502364948,85,0,0,0.25
ENSC,-0.4625630947544436,3,1,39,1.0
ENSG,-0.2249481290456432,14,1,48,1.0
ENTA,-0.2844694534082411,9,1,19,0.95
ENTG,-0.06869807422365015,42,1,4,0.85
ENTX,-0.12574065969642123,28,1,6,0.65
ENVA,0.04144131412774833,77,0,0,0.85
ENVB,-0.33207857659105205,6,1,25,1.0
ENVX,0.1891219931282891,89,0,0,0.3
EOD,-0.011805459052312749,66,1,2,0.75
EOG,0.0027873402728770535,70,0,0,0.55
EOI,-0.06128315325992731,45,1,44,1.0
EOLS,0.2105465064062534,90,0,0,0.2
EONR,-0.30978581626864427,7,1,27,1.0
EOS,-0.0317933427372655,60,1,11,0.95
EOSE,0.1282136933417649,86,1,3,0.25
EOT,-0.06573690150626395,44,0,0,0.9
EP,-0.07885640380466732,40,0,0,0.9
EPAC,-0.0944232742551549,35,0,0,0.95
EPAM,-0.2324361372743986,13,1,5,0.95
EPC,-0.10814791952136382,32,0,0,0.85
EPD,-0.049160760145677274,50,1,10,0.7
EPM,-0.09499620788956066,35,1,2,0.9
EPOW,-0.2473214484410335,12,1,44,1.0
EPR,-0.018614398185892535,65,0,0,0.5
EPRT,-0.11304792866247029,31,1,40,1.0
EPRX,-0.23651449485609932,13,1,7,0.9
EPSM,-0.23631580198794322,13,1,2,0.85
EPSN,-0.03405413995903601,60,0,0,0.8
EQ,0.33127998733448744,94,0,0,0.2
EQBK,-0.02550526515904946,63,0,0,0.9
EQH,-0.03361697695605548,60,0,0,0.85
EQIX,-0.010369596341208535,67,1,1,0.95
EQNR,-0.013287613911558221,66,1,13,0.85
EQR,0.01088544130200457,72,0,0,0.75
EQS,-0.00484946979016837,68,1,4,0.25
EQT,-0.14505246136429728,25,1,13,0.95
EQX,-0.3295288910148533,7,1,35,1.0
ERAS,-0.04184338515118787,56,0,0,0.65
ERC,-0.06624640528422279,43,1,43,1.0
ERH,-0.10603783399504192,33,1,24,1.0
ERIC,0.021494281724271563,74,1,2,0.15
ERIE,-0.09476729341676204,35,0,0,0.9
ERII,-0.2628665235912859,10,1,22,1.0
ERNA,0.034899789762530276,76,1,6,0.3
ERO,-0.09832570654366571,34,1,2,0.45
ES,-0.05590174895457679,47,1,1,0.75
ESAB,-0.20183092802396302,16,1,34,1.0
ESBA,-0.04392159312872363,54,1,8,0.85
ESCA,-0.06055951100931468,45,1,8,0.95
ESE,-0.10316793042941394,33,1,21,1.0
ESEA,-0.09278322916258122,36,1,11,0.95
ESI,0.0003273240538563815,70,1,3,0.65
ESLA,-0.22861022998237118,13,1,26,1.0
ESLT,-0.07470504692501351,41,0,0,0.6
ESNT,-0.11305403917863699,31,1,27,1.0
ESOA,-0.05209297458084021,49,1,9,0.5
ESP,-0.16493098569649678,22,1,18,0.9
ESPR,0.06256829047025356,80,0,0,0.0
ESQ,-0.024703602909580444,63,0,0,0.75
ESRT,-0.06345350775392435,44,1,6,0.8
ESS,0.03463176895611812,76,0,0,0.4
ESTA,0.046475094931099414,78,0,0,0.45
ESTC,0.1660832788773376,88,0,0,0.25
ET,-0.037022311051931156,58,1,12,0.65
ETB,-0.03622874637068306,59,1,39,1.0
ETD,-0.05476713202773494,48,0,0,0.75
ETG,-0.016990045455803904,65,1,4,0.8
ETJ,-0.04700636741259026,52,1,47,1.0
ETN,-0.0017287814712978744,69,0,0,0.8
ETO,-0.006251963774675129,68,0,0,0.65
ETON,0.12993627754658188,86,0,0,0.3
ETOR,0.08463823085954321,83,1,4,0.35
ETR,-0.07702226883178816,40,1,1,0.95
ETS,-0.06336704948322236,44,0,0,0.95
ETSY,0.11497677718183726,85,0,0,0.45
ETV,-0.014005502704483808,66,0,0,0.85
ETW,-0.038640708162054734,58,1,38,1.0
ETX,-0.04348504091390462,55,0,0,0.85
ETY,-0.04819732276348826,51,1,24,1.0
EU,-0.330595196190707,6,1,4,0.95
EUDA,0.5013901174988755,96,1,1,0.05
EURK,-0.04475826666681682,54,0,0,0.9
EURKU,0.00417431875912512,71,0,0,0.9
EVAC,-0.04401835643952273,54,0,0,0.9
EVAX,-0.07578583079299783,40,1,23,1.0
EVC,1.0500931049576903,98,0,0,0.0
EVCM,-0.2791915180527111,9,1,5,0.85
EVER,0.013249424419188485,73,0,0,0.2
EVEX,-0.09854651918478535,34,1,4,0.45
EVF,-0.04388331990477588,55,0,0,0.9
EVG,-0.053490916330625776,48,1,45,1.0
EVGN,-0.30991389862165014,7,1,49,1.0
EVGO,0.008776708687360371,72,1,1,0.6
EVH,0.346499777051494,94,0,0,0.15
EVI,-0.23500155410747886,13,1,39,1.0
EVLV,-0.1340984741769713,27,1,4,0.85
EVMN,-0.21583562073679352,15,1,32,1.0
EVN,-0.041222692025670825,56,0,0,0.9
EVO,-0.09232317239057324,36,1,5,0.8
EVOX,-0.04763513222874037,51,0,0,0.9
EVOXU,-0.04214379715889918,56,0,0,0.9
EVR,0.01533744004810468,73,0,0,0.7
EVRG,-0.05796776810916342,46,1,1,0.9
EVT,0.0011969604765662278,70,0,0,0.65
EVTC,-0.16893993753759695,21,1,32,1.0
EVTL,-0.2778556768131171,9,1,5,0.65
EVTV,0.022063332305020653,74,1,7,0.35
EVV,-0.06918911339413329,42,1,44,1.0
EW,-0.01419780426994098,66,0,0,0.45
EWBC,0.03606450128721074,76,0,0,0.85
EWTX,-0.0027693349085938512,69,0,0,0.6
EXC,-0.08274706058398633,39,1,1,0.95
EXE,-0.14391748797374226,25,1,13,0.95
EXEL,0.10340111995873565,84,0,0,0.1
EXFY,0.1717212204648046,89,0,0,0.1
EXG,-0.028580656287406178,62,0,0,0.95
EXK,-0.26660097262527627,10,1,16,0.8
EXLS,-0.10940689765721039,32,0,0,0.85
EXOD,-0.22879556901620202,13,1,20,1.0
EXOZ,-0.13913710690923364,26,1,22,1.0
EXP,-0.03572538542545006,59,1,1,0.6
EXPD,0.05142065001669391,79,0,0,0.25
EXPE,-0.1299538033948958,28,1,1,0.95
EXPO,-0.15677918720194656,23,1,1,0.95
EXR,-0.029433098072203567,61,0,0,0.85
EXTR,0.5359352512117188,96,0,0,0.0
EYE,-0.38915187969269033,4,1,50,1.0
EYPT,-0.2363674731812645,13,1,6,0.95
EZGO,-0.9761505973831569,0,1,23,1.0
EZPW,-0.008662373586640439,67,1,9,0.6
EZRA,-0.5563082403266475,2,1,36,1.0
F,0.19500556823291604,90,0,0,0.1
FA,0.13796056362260134,87,0,0,0.0
FABC,0.15948104369103228,88,1,2,0.1
FACTU,0.033752087503900144,76,0,0,0.9
FAF,-0.07214442390906332,41,1,1,0.95
FAMI,-0.1266188270182693,28,1,7,0.45
FANG,0.009963711296244973,72,0,0,0.7
FAST,-0.047774383007654304,51,0,0,0.8
FATE,0.11397502149852017,85,1,3,0.3
FATN,1.3665579996328698,98,0,0,0.0
FAX,-0.06520574447349706,44,1,50,1.0
FBGL,-0.19043548663861126,18,1,1,0.8
FBIN,-0.07290547121178316,41,0,0,0.5
FBIO,0.08117894908367564,82,0,0,0.35
FBIOP,0.4291182617338909,95,0,0,0.2
FBIZ,-0.00937134217765051,67,0,0,0.75
FBK,-0.06761018257687104,43,0,0,0.9
FBLA,-0.0355327524854389,59,0,0,0.9
FBLG,-0.40290370995603825,4,1,60,1.0
FBNC,-0.035209777678763786,59,0,0,0.9
FBP,0.03328506407027303,76,0,0,0.7
FBRT,-0.11099403588510684,31,1,25,1.0
FBRX,-0.4614937772330606,3,1,33,1.0
FBYD,0.30433767842103543,93,1,1,0.4
FC,0.20583336426162013,90,0,0,0.35
FCAP,0.12716508642438829,86,0,0,0.45
FCBC,-0.02059591997520643,64,0,0,0.9
FCCO,-0.0044944707890335195,68,0,0,0.85
FCEL,0.7247503937108303,97,1,2,0.1
FCF,0.007323910424933119,71,0,0,0.9
FCFS,0.013198504993992874,73,0,0,0.35
FCHL,-0.803713232590593,0,1,50,1.0
FCN,-0.10951273101486658,32,0,0,0.9
FCNCA,0.015717624044780457,73,0,0,0.85
FCNCO,-0.09311699805079447,36,1,48,1.0
FCNCP,-0.09277141933856155,36,1,43,1.0
FCPT,-0.07606786524579132,40,1,1,0.95
FCRS,-0.04580062117519694,53,0,0,0.9
FCT,-0.04652380687379576,52,0,0,0.9
FCUV,-0.6050109263994582,1,1,44,1.0
FCX,-0.017679514402355642,65,1,2,0.45
FDBC,0.02905480538071356,75,0,0,0.75
FDMT,-0.16222319274381491,22,1,2,0.65
FDP,-0.3335409317546932,6,1,41,1.0
FDS,0.05797845333313162,79,0,0,0.4
FDSB,-0.033715507233837615,60,0,0,0.9
FDUS,-0.02767170148641903,62,1,20,1.0
FDX,0.049407559717814825,78,0,0,0.35
FE,-0.09507554739594837,35,1,1,0.95
FEAM,-0.04383240512106522,55,1,2,0.5
FEBO,-0.19890892083591205,17,1,25,1.0
FEDU,-0.02376603496319219,63,0,0,0.6
FEED,-0.5419282814367342,2,1,46,1.0
FEIM,0.22065774912040265,91,0,0,0.05
FELE,-0.03729541003272848,58,0,0,0.85
FEMY,-0.44533156980233446,3,1,9,0.9
FENC,0.23900840270652696,91,1,2,0.15
FENG,-0.12857606319630177,28,1,48,1.0
FER,-0.08883821106350162,37,1,35,1.0
FERA,-0.04573366552386851,53,0,0,0.9
FERAU,-0.04045515190241754,57,0,0,0.9
FERG,-0.12884942643843594,28,1,25,1.0
FET,-0.12291974182922089,29,1,26,1.0
FF,-0.07543544953462274,41,0,0,0.8
FFA,-0.0069046371864837225,68,1,9,0.85
FFAI,-0.027238830034133577,62,1,4,0.7
FFBC,0.006885781529793945,71,0,0,0.8
FFC,-0.035116283171936366,59,0,0,0.9
FFIN,-0.015843895421819104,65,0,0,0.9
FFIV,0.1900232916478209,89,0,0,0.0
FG,0.03796603195129518,77,0,0,0.9
FGBI,0.013956091890180294,73,0,0,0.7
FGBIP,0.053215306478761076,79,0,0,0.15
FGI,0.14483532158744455,87,1,1,0.85
FGL,-0.29198913423643524,8,1,8,0.9
FGMC,-0.017512832633557816,65,0,0,0.9
FGMCU,0.5545325478081872,96,0,0,0.75
FGNX,-0.021364040062301696,64,1,4,0.5
FGNXP,0.020309843928662627,74,0,0,0.9
FHB,-0.0007692757886616636,69,0,0,0.75
FHI,-0.016599289610208234,65,0,0,0.8
FHN,-0.03955285714829134,57,0,0,0.9
FHTX,-0.24716481776847488,12,1,30,1.0
FIBK,-0.025376712273793553,63,0,0,0.8
FICO,-0.017635757742493062,65,0,0,0.35
FIEE,-0.4958393420033764,2,1,33,1.0
FIG,-0.08611264162693666,38,1,3,0.4
FIGR,-0.2663722516986454,10,1,14,0.7
FIGS,-0.2881282818415142,8,1,30,1.0
FIGX,-0.042771492869526,55,0,0,0.9
FIGXU,-0.044384277334915644,54,0,0,0.9
FINS,-0.04479142621802139,54,0,0,0.9
FINV,-0.0851880534622044,38,1,3,0.75
FINW,-0.10217302917413032,33,0,0,0.9
FIP,-0.18353464142719472,19,1,26,1.0
FIS,-0.22658484124892864,14,1,48,1.0
FISI,0.049592769622173224,78,0,0,0.55
FISK,-0.03373693046183748,60,0,0,0.85
FITB,0.01034078727230249,72,0,0,0.85
FITBI,-0.038464850877111656,58,0,0,0.9
FITBO,-0.09600273075477067,35,1,46,1.0
FITBP,-0.057588813688074746,46,1,48,1.0
FIVE,-0.2155307875355179,15,1,31,1.0
FIVN,0.20221885059897565,90,0,0,0.0
FIX,0.059617944555180644,80,0,0,0.6
FIZZ,-0.03171289533852589,60,0,0,0.7
FKWL,-0.28634979570828906,8,1,43,1.0
FLC,-0.0588025058469105,46,1,46,1.0
FLD,-0.519063486029856,2,1,16,0.85
FLEX,0.6252509976862444,97,0,0,0.0
FLG,-0.02998568501814105,61,0,0,0.9
FLGT,0.147151296054437,87,0,0,0.3
FLL,-0.126961840415575,28,1,11,0.6
FLNA,-0.13884648346959738,26,0,0,0.7
FLNC,0.4395877464352901,95,0,0,0.05
FLNG,-0.0706177506519473,42,1,12,0.85
FLNT,-0.30154270001295935,8,1,33,1.0
FLO,-0.16749126208130716,21,1,26,1.0
FLOC,-0.02255871049387377,64,1,9,0.45
FLR,-0.04870197537463965,51,0,0,0.75
FLS,-0.06234977257420782,45,0,0,0.6
FLUT,-0.053957527283836834,48,0,0,0.8
FLUX,-0.2680126244440906,10,1,21,1.0
FLWS,0.09604650593488694,84,0,0,0.15
FLX,-0.18600322488881443,19,1,27,1.0
FLXS,0.05995362192016587,80,0,0,0.2
FLY,0.14063846844151295,87,1,6,0.3
FLYE,-0.2303460003913308,13,1,4,0.85
FLYW,-0.10459747319907606,33,1,5,0.35
FLYX,0.047516236743012294,78,0,0,0.25
FMAO,0.0007007769893699195,70,0,0,0.8
FMBH,0.006859319683485937,71,0,0,0.75
FMC,-0.3015037666757891,8,1,36,1.0
FMFC,-0.10010641792307173,34,0,0,0.85
FMN,-0.050727229365649815,50,0,0,0.9
FMNB,-0.013252593436884633,66,0,0,0.9
FMS,-0.04440217071840789,54,0,0,0.85
FMST,-0.1454006990137809,25,1,4,0.8
FMX,0.009722819608618379,72,0,0,0.65
FMY,-0.07451028011429017,41,1,1,0.95
FN,-0.010648448069515697,67,1,2,0.55
FNB,-0.033088778140267866,60,0,0,0.9
FND,-0.18301523079610954,19,1,4,0.75
FNF,-0.09495163081226993,35,1,26,1.0
FNGR,-0.3323871009014316,6,1,3,0.9
FNKO,0.1849521699951608,89,0,0,0.05
FNLC,-0.021592542409449907,64,0,0,0.9
FNRN,0.02765731166418385,75,0,0,0.45
FNUC,-0.23925747480805037,12,1,3,0.65
FNV,-0.17447687083407287,20,1,2,0.95
FNWB,0.01217558141748136,72,0,0,0.65
FNWD,-0.07999318295024478,39,0,0,0.8
FOA,-0.058729346015008024,46,1,1,0.9
FOCL,0.13011023642995384,86,0,0,0.05
FOF,-0.038805159230936526,58,1,1,0.95
FOFO,-0.04228262296017849,56,0,0,0.7
FOR,0.013751984763336764,73,0,0,0.55
FORM,-0.026930225120462947,62,1,9,0.9
FORR,0.07310628759929592,81,0,0,0.15
FORTY,-0.006330759901200023,68,1,2,0.5
FOSL,-0.16636848752260103,21,1,7,0.95
FOUR,-0.22243546522628027,14,1,5,0.95
FOX,0.037726746965058344,76,0,0,0.65
FOXA,0.04961981289830321,78,0,0,0.65
FOXF,-0.04447191858357928,54,0,0,0.55
FOXX,-0.11536563252603288,30,0,0,0.85
FPF,-0.0621568584731898,45,1,50,1.0
FPH,-0.03121590682594969,61,0,0,0.9
FPI,-0.14700064238579552,24,1,43,1.0
FR,-0.05776296258208416,46,1,1,0.9
FRA,-0.051214707277957856,49,1,43,1.0
FRAF,0.02757904742408876,75,0,0,0.65
FRBA,-0.04379604599630585,55,0,0,0.9
FRD,0.2194886422238148,91,0,0,0.3
FRGT,0.015062748004351353,73,0,0,0.45
FRHC,-0.055391290902239806,47,1,1,0.7
FRME,-0.03783443827365431,58,0,0,0.9
FRMEP,-0.06898130537114487,42,1,1,0.95
FRMI,0.003907390146935696,71,1,4,0.4
FRMM,0.646938644700214,97,0,0,0.55
FRO,-0.09853967873115309,34,1,11,0.75
FROG,0.6564131321081481,97,0,0,0.0
FRPH,0.019524505762667593,74,0,0,0.25
FRPT,-0.23061293444945702,13,1,35,1.0
FRSH,0.044634687612315246,78,0,0,0.3
FRST,0.025378336127792916,75,0,0,0.75
FRSX,-0.4124676966023171,4,1,47,1.0
FRT,0.04872200279706164,78,0,0,0.4
FSBC,0.0329105584593878,76,0,0,0.55
FSBW,-0.04927789383352422,50,0,0,0.85
FSCO,-0.08145838482331604,39,1,23,1.0
FSEA,0.10776498349257167,85,0,0,0.0
FSHP,-0.04516573035815022,53,0,0,0.9
FSHPU,-0.057309840614548566,47,1,8,0.8
FSI,0.03700461617237792,76,0,0,0.55
FSK,-0.04737765809210551,52,1,22,1.0
FSLR,0.28326717713428917,93,0,0,0.0
FSLY,-0.19983675710976928,17,1,3,0.9
FSM,-0.23265966905693625,13,1,17,0.85
FSP,-0.036399183814184694,59,0,0,0.9
FSS,-0.12191157457294678,29,1,22,1.0
FSTR,0.1728017392595817,89,0,0,0.0
FSUN,-0.07691237135018361,40,0,0,0.9
FSV,-0.06563474002669759,44,0,0,0.7
FT,-0.06988695132294119,42,1,43,1.0
FTAI,-0.19421963021106797,17,1,6,0.75
FTAIM,-0.04081736828125809,57,0,0,0.9
FTAIN,-0.04540120022548136,53,0,0,0.9
FTCI,0.08773657529794852,83,1,2,0.45
FTDR,-0.05877746683147238,46,0,0,0.9
FTEK,-0.07719815490192196,40,1,7,0.85
FTF,-0.05605168295687541,47,1,46,1.0
FTFT,-0.342672912502525,6,1,23,1.0
FTHM,-0.44640679750765144,3,1,27,1.0
FTHY,-0.04875245896784933,51,1,46,1.0
FTI,-0.06316443232886099,45,1,13,0.95
FTK,0.3945840228400346,95,0,0,0.1
FTLF,-0.05557314716827276,47,0,0,0.7
FTNT,0.4657639449839991,96,0,0,0.0
FTRE,0.3336032868348279,94,0,0,0.2
FTRK,0.18278523842756905,89,0,0,0.1
FTS,-0.0744961011046597,41,1,1,0.95
FTV,-0.023403369156447147,63,0,0,0.8
FTW,0.09162786598969543,83,0,0,0.15
FUBO,-0.22267967561127683,14,1,5,0.95
FUFU,-0.2777837158362339,9,1,19,0.95
FUL,-0.06321326091379825,45,1,4,0.8
FULC,-0.5845575534661966,1,1,31,1.0
FULT,-0.004814277137896825,68,0,0,0.85
FULTP,-0.052773711734944946,49,0,0,0.9
FUN,0.06847046354913323,81,0,0,0.45
FUNC,0.017865182030715854,74,0,0,0.65
FUND,-0.020048460392872967,64,0,0,0.85
FURY,-0.20125022793235497,16,1,17,0.9
FUSB,-0.037182320258213886,58,1,1,0.95
FUSE,-0.06972742233497077,42,1,15,0.95
FUTU,-0.4316684347511224,3,1,22,1.0
FVCB,-0.0008474080114160357,69,0,0,0.85
FVN,-0.044585109595681724,54,0,0,0.9
FVNNU,-0.003740937391338635,69,0,0,0.9
FVR,0.060756887758106934,80,0,0,0.7
FVRR,-0.1300559433348698,27,1,5,0.95
FWDI,-0.16427441481306937,22,1,11,0.85
FWONA,-0.0811535262647065,39,1,19,0.95
FWONK,-0.08578092460931354,38,1,19,0.95
FWRD,-0.42814267565305164,3,0,0,0.95
FWRG,-0.1778982111228981,20,1,25,1.0
FXNC,0.006755602844909225,71,0,0,0.85
G,-0.15942945523249338,22,1,1,0.9
GAB,-0.07762381465457346,40,1,47,1.0
GABC,-0.015728841899202636,65,0,0,0.9
GAIA,-0.17880543959451622,19,1,24,1.0
GAIN,-0.04883523287060629,51,1,18,0.95
GALT,-0.015511985411375828,65,0,0,0.6
GAM,-0.03681172917558818,59,1,27,1.0
GAMB,-0.46771750728249895,2,1,18,0.9
GAME,0.21282160471087225,90,0,0,0.9
GANX,-0.20294362170820313,16,1,5,0.85
GAP,-0.16760896317164703,21,1,7,0.9
GASS,-0.09428609212574751,35,1,1,0.7
GATX,-0.10866255512701725,32,1,28,1.0
GAU,-0.2786770244424373,9,1,16,0.8
GAUZ,0.1259717879212951,86,1,5,0.65
GBAB,-0.06871480945013483,42,0,0,0.9
GBCI,-0.055441663916627366,47,0,0,0.9
GBDC,-0.027319384637490424,62,1,1,0.95
GBFH,-0.03407644546185094,60,0,0,0.6
GBLI,-0.10230574092783595,33,1,43,1.0
GBR,-0.18400520251790575,19,1,28,1.0
GBTG,0.2761977272627967,92,0,0,0.0
GBX,-0.11853554108167763,30,1,41,1.0
GCBC,0.14752534662297595,87,0,0,0.15
GCL,-0.2695645619990124,10,1,7,0.7
GCMG,-0.034391661275291,59,0,0,0.85
GCO,0.21176458584992058,90,0,0,0.4
GCT,-0.3290527588051342,7,1,31,1.0
GCTK,-0.42654432090136307,3,1,21,1.0
GCTS,0.8527622549706452,98,1,1,0.15
GCV,-0.011061245871196466,67,0,0,0.65
GD,-0.0790493852314213,40,0,0,0.9
GDC,-0.6710508909215219,1,1,23,1.0
GDDY,-0.12667572029958996,28,1,5,0.7
GDEV,-0.20722531445430348,16,1,16,0.9
GDHG,-0.10563284484760004,33,1,9,0.85
GDL,-0.04906148224168146,50,0,0,0.9
GDO,-0.06823598926940144,43,1,43,1.0
GDOT,0.003752139325956562,71,0,0,0.65
GDRX,0.003709255640766164,70,1,2,0.35
GDS,-0.23109061903429462,13,1,17,0.95
GDTC,0.30543815839820826,93,0,0,0.2
GDV,-0.039861734737772575,57,1,32,1.0
GDYN,-0.0424157706988101,56,1,3,0.2
GE,-0.00608888232733585,68,0,0,0.35
GECC,0.0710841714739816,81,0,0,0.25
GEF,-0.1305711534356207,27,1,40,1.0
GEG,0.04692626822648659,78,0,0,0.45
GEHC,-0.09053218067538057,36,0,0,0.9
GEL,-0.1446489713778405,25,1,47,1.0
GELS,-0.1965473881516504,17,1,1,0.9
GEMI,-0.11297858839729592,31,1,6,0.55
GEN,0.23548829308714214,91,0,0,0.0
GENC,-0.0727059297177714,41,0,0,0.85
GENI,0.3060607573954276,93,0,0,0.25
GENK,0.030139971733479196,75,0,0,0.45
GEO,0.4145182627176179,95,0,0,0.0
GEOS,-0.1974477917767199,17,1,44,1.0
GERN,-0.3271022700849566,7,1,23,1.0
GETY,-0.11820049110927804,30,1,5,0.45
GEV,-0.08086983705392797,39,1,22,1.0
GEVO,-0.2785294071576315,9,1,7,0.95
GF,-0.011643178026999906,67,0,0,0.6
GFAI,-0.1744523730215481,20,1,2,0.7
GFF,-0.0009020738257788999,69,0,0,0.8
GFI,-0.28963538809874434,8,1,35,1.0
GFL,-0.19117610862562107,18,1,41,1.0
GFR,-0.07103596456332475,42,1,13,0.9
GFS,0.30468296579022697,93,0,0,0.1
GGAL,0.05227633261957289,79,0,0,0.4
GGB,0.03955608379436658,77,1,3,0.45
GGG,-0.1583269269876656,23,1,49,1.0
GGN,-0.12698357501428348,28,1,40,1.0
GGR,-0.09972011796223004,34,1,1,0.9
GGRP,0.4164499793485575,95,0,0,0.2
GGT,0.013449679769935066,73,0,0,0.45
GGZ,-0.06356750617315629,44,1,38,1.0
GH,0.3024437142222421,93,0,0,0.0
GHC,-0.024195939872164625,63,0,0,0.9
GHG,-0.13710455765772966,26,1,4,0.8
GHI,-0.1067699740913593,32,1,4,0.95
GHM,-0.018390126026945383,65,1,1,0.4
GHRS,0.0814625388910611,82,1,2,0.1
GHY,-0.039728604727574904,57,1,69,1.0
GIB,-0.1079091629436921,32,1,1,0.85
GIBO,-0.0818685264992826,39,1,31,1.0
GIC,-0.061814736456527505,45,0,0,0.9
GIFT,-0.15392444914936387,23,1,27,1.0
GIGM,-0.04823554801174067,51,0,0,0.75
GIII,0.10569783172148793,85,0,0,0.45
GIL,-0.08481439800340074,38,1,6,0.8
GILD,-0.12683800406023554,28,1,46,1.0
GILT,-0.26626364920449835,10,1,7,0.8
GIPR,-0.3189473154737147,7,1,9,0.75
GIS,-0.1563037570193634,23,1,78,1.0
GITS,-0.04429073635509976,54,0,0,0.55
GIW,-0.0451393580102467,53,0,0,0.9
GIWWU,-0.044592320064694164,54,0,0,0.9
GKOS,-0.058235610590716344,46,0,0,0.45
GL,0.004154408251852551,71,0,0,0.8
GLAD,-0.04385129173668558,55,1,1,0.85
GLBE,-0.062293879106494324,45,0,0,0.7
GLBS,-0.034548203287752426,59,0,0,0.75
GLDG,-0.3160840489752893,7,1,35,1.0
GLE,-0.159446756413805,22,1,2,0.45
GLIBA,-0.38687172911065953,4,1,47,1.0
GLIBK,-0.38035196692759127,4,1,45,1.0
GLMD,-0.2985135566303843,8,1,1,0.55
GLNG,-0.0855664297677805,38,1,14,0.75
GLO,-0.027154642386026058,62,1,1,0.8
GLOB,-0.1846663451160921,19,1,4,0.85
GLOO,-0.2283059924730539,13,1,22,1.0
GLP,-0.011752069357193577,66,0,0,0.4
GLPI,-0.07027346377552778,42,1,1,0.95
GLQ,0.0017106760721986441,70,1,1,0.25
GLRE,-0.1527493564548803,23,1,28,1.0
GLSI,-0.15706383796936574,23,1,5,0.35
GLU,-0.08180653649695784,39,1,48,1.0
GLUE,-0.13234143999439352,27,1,5,0.85
GLV,0.002643945140307094,70,0,0,0.65
GLW,0.09542751463140457,84,0,0,0.35
GLXG,-0.30092983941411905,8,1,2,0.75
GLXY,0.2344249501516935,91,0,0,0.4
GM,0.03648913299851385,76,0,0,0.45
GMAB,-0.14954240809116331,24,1,37,1.0
GME,-0.11650533489710428,30,0,0,0.95
GMED,-0.15785431343895595,23,1,34,1.0
GMEX,-0.7536976148744057,1,1,61,1.0
GMHS,-0.04698599598414712,52,0,0,0.75
GMM,-0.9784599869128252,0,1,12,0.8
GNE,-0.07638741722691339,40,0,0,0.9
GNK,-0.037438446802203915,58,1,1,0.85
GNL,-0.023664290319709413,63,0,0,0.9
GNLN,-0.29318413992604286,8,1,19,0.95
GNLX,0.005849217865991095,71,0,0,0.2
GNPX,-0.44253716348853267,3,1,56,1.0
GNRC,0.09638627749958197,84,0,0,0.25
GNS,-0.3296729804137186,6,1,2,0.85
GNSS,-0.06359858729715208,44,1,3,0.6
GNT,-0.04570503640877918,53,0,0,0.85
GNTA,1.5371914972437912,98,0,0,0.55
GNTX,0.045441977025785646,78,0,0,0.45
GNW,-0.08346541241950207,38,1,11,0.8
GO,0.1663416188755923,88,0,0,0.4
GOCO,-0.7169857983969462,1,1,51,1.0
GOF,-0.05753194982552229,46,1,40,1.0
GOGO,-0.2946727770126957,8,1,6,0.75
GOLD,-0.15560190014034475,23,1,34,1.0
GOLF,-0.07866775031073422,40,0,0,0.9
GOOD,-0.027251015158941058,62,0,0,0.7
GOODN,-0.030537752380976897,61,0,0,0.85
GOOG,-0.014079169788553766,66,1,11,0.55
GOOGL,-0.014131550079511147,66,1,11,0.55
GOOS,-0.18604189891002515,19,1,21,1.0
GORO,-0.14763711001532626,24,1,6,0.95
GOSS,-0.6072256276661206,1,1,86,1.0
GOTU,-0.29752089604397636,8,1,5,0.95
GOVX,-0.19089718093826635,18,1,5,0.5
GP,0.027178147821726756,75,1,1,0.25
GPACU,-0.04704589260865036,52,0,0,0.9
GPAT,-0.0493372676616505,50,0,0,0.9
GPATU,-0.0509203560593937,49,1,1,0.65
GPC,-0.13612364841654379,26,1,1,0.95
GPCR,-0.2224161058891424,14,1,41,1.0
GPGI,-0.2657447212285048,10,1,22,1.0
GPI,-0.11336357126754144,31,1,20,1.0
GPK,-0.04482787241408149,54,0,0,0.55
GPMT,-0.08569222707231569,38,0,0,0.55
GPN,-0.12214811453460599,29,1,4,0.55
GPOR,-0.16884709653319346,21,1,43,1.0
GPRE,-0.11241107908493442,31,1,20,1.0
GPRK,0.16984061396942152,88,0,0,0.35
GPRO,-0.1802470284488525,19,1,6,0.8
GPUS,0.2956387177080035,93,0,0,0.35
GRAB,-0.16913795250420532,21,1,32,1.0
GRAF,-0.05005923167486906,50,0,0,0.9
GRAL,0.04745371988616895,78,1,2,0.25
GRAN,0.1659468170461249,88,0,0,0.9
GRBK,-0.03272909036944298,60,0,0,0.65
GRC,0.05994132758530375,80,0,0,0.6
GRCE,-0.23040358763950686,13,1,5,0.9
GRDN,0.06073309150160837,80,0,0,0.35
GRDX,1.5205406244215216,98,0,0,0.0
GREE,0.12009175618601227,85,0,0,0.3
GRF,-0.08551802017252107,38,1,43,1.0
GRFS,-0.16767641452922039,21,1,12,0.95
GRI,-0.12476809628865347,29,0,0,0.95
GRML,-0.3433770329067256,6,1,21,1.0
GRMN,-0.09182314972030667,36,1,32,1.0
GRND,-0.19767600105460115,17,1,17,0.85
GRNQ,-0.3880626544949678,4,1,34,1.0
GRNT,-0.16092382590746637,22,1,13,0.95
GRO,-0.2944215119831331,8,1,29,1.0
GROV,-0.11462573543830978,30,0,0,0.8
GROW,-0.019435223451619146,64,0,0,0.75
GROY,-0.2833588264128559,9,1,17,0.85
GRPN,0.14506209629645472,87,1,2,0.15
GRRR,0.24749794529731495,92,0,0,0.4
GRVY,-0.09826029583593701,34,1,5,0.95
GRWG,0.26081158522723985,92,0,0,0.05
GRX,-0.051954559051793914,49,0,0,0.9
GS,0.11492820005387445,85,0,0,0.25
GSAT,0.05811691705925966,79,1,7,0.6
GSBC,0.0450861402084177,78,0,0,0.45
GSBD,-0.10580449267806444,33,1,22,1.0
GSHD,-0.2259219442981913,14,1,27,1.0
GSHR,-0.04773488267896829,51,0,0,0.9
GSHRU,0.07015881961194427,81,0,0,0.9
GSIT,0.0676480884328317,81,1,3,0.2
GSIW,0.2109746283437376,90,0,0,0.35
GSK,-0.09453309332173537,35,1,1,0.95
GSL,-0.09662553798097048,35,1,12,0.85
GSM,-0.13028486684589335,27,1,4,0.75
GSRF,-0.0429854901509776,55,0,0,0.9
GSRFU,-0.03918219475992833,57,0,0,0.9
GSUN,-0.28016524347275207,9,1,22,1.0
GT,-0.22489644621185073,14,1,40,1.0
GTBP,0.011683250803357956,72,0,0,0.3
GTE,-0.12200905417808125,29,1,13,0.8
GTEC,-0.06279405525752567,45,0,0,0.55
GTEN,-0.03997720937173868,57,0,0,0.9
GTENU,-0.046195143582266715,53,0,0,0.9
GTERA,-0.046108625015130654,53,0,0,0.9
GTERU,-0.0442024543406755,54,0,0,0.9
GTES,-0.013163921477240284,66,0,0,0.6
GTIM,-0.0013748352367037447,69,0,0,0.65
GTLB,0.23751117733646349,91,0,0,0.2
GTLS,-0.053781859070974276,48,0,0,0.9
GTM,-0.597350919061862,1,1,21,1.0
GTN,-0.20005147915073124,17,1,28,1.0
GTX,0.4062033711233842,95,0,0,0.0
GTY,-0.05883968233444977,46,0,0,0.9
GUG,-0.026394696346274546,62,0,0,0.85
GURE,-0.16978782808371246,21,1,1,0.6
GUT,-0.008982736850480968,67,0,0,0.85
GUTS,0.10230733076225303,84,1,5,0.3
GV,0.011578447607451345,72,1,5,0.35
GVA,-0.0005091354751343632,69,0,0,0.55
GVH,0.6292684564906432,97,1,5,0.4
GWAV,-0.15474907093850349,23,1,21,1.0
GWH,-0.3036776357257208,8,1,2,0.9
GWRE,-0.16166603715771696,22,1,2,0.55
GWRS,-0.09284123943125261,36,1,1,0.8
GWW,0.05418400635371361,79,0,0,0.25
GXAI,-0.04551866916577613,53,0,0,0.75
GXO,-0.14115102583441,25,1,33,1.0
GYRE,-0.2196974402480807,14,1,22,1.0
GYRO,-0.2614431818657505,10,1,54,1.0
H,0.1492792568491897,87,0,0,0.25
HAE,0.24729269494078254,92,0,0,0.35
HAFC,0.027934181051008616,75,0,0,0.6
HAFN,-0.1454357111046074,25,1,12,0.85
HAIN,-0.18387944395355432,19,1,3,0.65
HAL,0.02555662397794979,75,0,0,0.6
HALO,0.022553645674120035,74,0,0,0.55
HAO,-1.0431329634996076,0,1,50,1.0
HAS,-0.17433318475310744,20,1,13,0.95
HASI,-0.11117270347709725,31,1,21,1.0
HAVA,-0.04325309371342475,55,0,0,0.9
HAVAU,-0.04062959199217649,57,0,0,0.9
HAYW,-0.08502140987658757,38,0,0,0.9
HBAN,-0.03333454759816575,60,0,0,0.85
HBANL,-0.04884246141872203,50,0,0,0.9
HBANM,-0.11264086824690943,31,1,48,1.0
HBANP,-0.10330380024583467,33,1,48,1.0
HBB,-0.08130841483601599,39,1,1,0.75
HBCP,-0.016371637800718916,65,0,0,0.8
HBIO,-0.039106735849904366,58,0,0,0.65
HBM,0.057094687849920875,79,1,2,0.4
HBNB,-0.24255597870927242,12,1,48,1.0
HBNC,0.018255983456751848,74,0,0,0.75
HBT,0.013009779793062712,73,0,0,0.75
HCA,-0.2833864606619304,9,1,58,1.0
HCACU,-0.047655039234981475,51,0,0,0.8
HCAI,-0.3443899346187983,6,1,11,0.75
HCAT,0.18787674749029598,89,0,0,0.65
HCC,0.09423208528625064,83,0,0,0.5
HCHL,1.3596412884642926,98,0,0,0.0
HCI,-0.059023544780439974,46,0,0,0.75
HCKT,-0.17462157108220588,20,1,5,0.9
HCM,-0.26937336363927644,10,1,35,1.0
HCMA,-0.03845269419814959,58,0,0,0.9
HCMAU,-0.04124346699521403,56,0,0,0.9
HCSG,-0.07201736980003848,41,1,18,0.9
HCTI,-0.12133475436718218,29,1,4,0.7
HCWB,3.0290431102381077,99,1,1,0.25
HCWC,-0.04500375699793857,54,1,2,0.6
HD,-0.11212057380468655,31,1,1,0.95
HDB,-0.19417727818264469,17,1,76,1.0
HDL,-0.1719432219712443,20,1,15,0.9
HDRN,-0.7028644860646986,1,1,45,1.0
HDSN,-0.08934856094399261,37,0,0,0.85
HE,-0.17834096677388162,19,1,40,1.0
HEI,0.046048020702947126,78,0,0,0.2
HELE,0.20943544863852326,90,0,0,0.2
HELP,-0.3019394307416374,8,1,22,1.0
HEPS,-0.06936714718696628,42,0,0,0.85
HEQ,-0.00404415822454221,68,0,0,0.8
HERE,-0.6192118590362826,1,1,30,1.0
HERZ,-0.03595485074571836,59,1,1,0.45
HESM,-0.04201079684806416,56,0,0,0.6
HFBL,0.01363946980732779,73,0,0,0.65
HFFG,-0.10275069940573092,33,1,9,0.75
HFRO,0.07447008927896322,81,0,0,0.55
HFWA,-0.011199973872225544,67,0,0,0.85
HG,-0.043747795183545386,55,0,0,0.75
HGBL,-0.10418398558457945,33,0,0,0.9
HGLB,-0.08896219957606295,37,1,65,1.0
HGTY,-0.07965830644852881,39,1,1,0.75
HGV,0.010572060743445556,72,1,1,0.45
HHH,-0.040583913703967286,57,0,0,0.85
HHS,-0.09745820047851306,34,1,24,1.0
HIFS,-0.05055317135910495,50,0,0,0.65
HIG,-0.10596907428759297,33,1,1,0.95
HIHO,-0.1943984489229405,17,1,33,1.0
HII,-0.2347944441354235,13,1,44,1.0
HIMS,0.1433772473801696,87,0,0,0.6
HIMX,0.7806631370602978,98,0,0,0.0
HIND,-0.05729938275812328,47,0,0,0.4
HIO,-0.06493039880495292,44,1,43,1.0
HIPO,-0.14102889325925075,25,1,28,1.0
HIT,-0.41425861153692495,3,1,21,1.0
HITI,-0.09581297720611068,35,1,7,0.95
HIVE,0.5945769434041238,97,0,0,0.05
HIW,0.17343638835853525,89,0,0,0.0
HIX,-0.041436308857095115,56,0,0,0.9
HKD,-0.0420579953164478,56,1,3,0.7
HKIT,-0.9556009558980946,0,1,5,0.95
HKPD,-0.22755319148199915,14,1,24,1.0
HL,-0.2697713343499012,10,1,17,0.85
HLF,-0.2988311911098785,8,1,26,1.0
HLI,-0.13573001524918815,26,1,28,1.0
HLIO,0.1785216107408134,89,0,0,0.05
HLIT,0.2580307452501784,92,0,0,0.05
HLLY,-0.13121445303251195,27,1,7,0.9
HLMN,-0.13807272149630995,26,1,31,1.0
HLN,-0.12724130675922607,28,1,1,0.95
HLNE,-0.2030031839005294,16,1,32,1.0
HLP,-0.4761740900652327,2,1,14,0.75
HLT,0.0270539428384306,75,0,0,0.7
HLX,-0.037729494431794894,58,0,0,0.8
HMC,0.03241979451283669,76,0,0,0.25
HMN,0.0006089350978183833,70,0,0,0.65
HMR,0.654711267588991,97,0,0,0.1
HMY,-0.16814323345548993,21,1,6,0.55
HNGE,0.28548254147752283,93,0,0,0.05
HNI,-0.16641552832735126,21,1,28,1.0
HNNA,-0.04194924944729125,56,0,0,0.7
HNRG,-0.10129163384639953,34,1,2,0.3
HNST,-0.009198441850456249,67,0,0,0.7
HNVR,0.010563578442453272,72,0,0,0.75
HOFT,-0.11519922855919774,30,1,1,0.75
HOG,0.09963551081081547,84,0,0,0.65
HOLO,-0.09513066670255545,35,1,4,0.6
HOMB,-0.0512808174249367,49,0,0,0.9
HON,-0.10492991736929697,33,1,4,0.6
HOOD,0.07509316587894958,82,0,0,0.6
HOPE,0.008486572241843737,72,0,0,0.75
HOUR,-0.23755213092798033,12,1,18,0.9
HOV,-0.06975352954081732,42,1,1,0.6
HOVR,0.12592476670667963,86,1,6,0.4
HOWL,-0.5230832182712742,2,1,32,1.0
HP,0.045282632882613263,78,0,0,0.7
HPAI,-0.413883056590031,3,1,63,1.0
HPE,0.8469030112118633,98,0,0,0.0
HPF,-0.041510207314463615,56,0,0,0.9
HPI,-0.03713789762500651,58,0,0,0.9
HPK,0.2984040029778797,93,0,0,0.25
HPP,0.7234432907106553,97,0,0,0.0
HPQ,0.22830010038719073,91,0,0,0.35
HPS,-0.04696897543880196,52,0,0,0.9
HQH,-0.04255383111472267,55,1,6,0.9
HQI,0.06519842870851089,80,0,0,0.2
HQL,-0.061469071996274535,45,1,6,0.95
HQY,0.012131216123228553,72,0,0,0.4
HR,-0.005175917532651647,68,1,1,0.4
HRB,0.07324582966512912,81,0,0,0.0
HRI,0.1730420371694371,89,0,0,0.35
HRL,0.05100036437442507,79,0,0,0.6
HRMY,0.031643652299686784,76,0,0,0.7
HROW,-0.1693378408678585,21,1,25,1.0
HRTG,-0.26619877502907435,10,1,23,1.0
HRTX,-0.6177381346387736,1,1,20,1.0
HRZN,-0.025108519506369685,63,0,0,0.65
HSAI,-0.19351965438702368,18,1,16,0.9
HSBC,-0.0073498378014728305,68,0,0,0.55
HSCS,-0.19372597914953626,18,1,1,0.75
HSDT,-0.3917318371045243,4,1,9,0.6
HSHP,-0.07231606502865968,41,1,1,0.6
HSIC,0.011587036326787398,72,0,0,0.65
HSPT,0.2952927497391358,93,0,0,0.2
HSPTU,0.39261588141865034,95,0,0,0.1
HST,0.1419014637065591,87,0,0,0.25
HSTM,0.10166621196557697,84,0,0,0.15
HSY,-0.16448674209935144,22,1,8,0.9
HTB,0.0038259684222642504,71,0,0,0.7
HTCO,-0.5774967425812857,1,1,18,0.95
HTCR,-0.17076955755543277,21,1,2,0.7
HTD,-0.05078142324098774,50,1,1,0.95
HTFL,-0.01670983346331048,65,1,5,0.75
HTGC,-0.04503375096221918,54,1,21,1.0
HTH,-0.060864365930495164,45,0,0,0.9
HTHT,-0.16324332581632897,22,1,34,1.0
HTLD,0.3310281525424138,94,0,0,0.15
HTLM,0.07652900203026809,82,0,0,0.6
HTO,-0.07137130737088851,42,1,1,0.95
HTOO,-0.13500534354443522,27,1,4,0.7
HTT,0.16208646174450198,88,0,0,0.45
HTZ,-0.1406638221224913,26,1,22,1.0
HUBB,-0.07865281837738221,40,0,0,0.95
HUBC,-0.8795735392394454,0,1,100,1.0
HUBG,0.04617849393811939,78,0,0,0.5
HUBS,-0.19333277963738926,18,1,3,0.8
HUDI,-0.36761337497848895,5,1,15,0.95
HUHU,-0.18006001504417313,19,1,11,0.8
HUIZ,-0.1568334397303116,23,1,10,0.7
HUM,0.607535916697363,97,0,0,0.0
HUMA,0.4520178242405214,95,0,0,0.1
HUN,-0.01790993496612983,65,1,4,0.55
HURA,-0.044836539936768866,54,1,10,0.7
HURC,0.27140027192818134,92,0,0,0.75
HURN,-0.20549062547037739,16,1,1,0.95
HUT,0.6140322881829469,97,0,0,0.0
HUYA,-0.2923405294376755,8,1,45,1.0
HVII,-0.04796903249713205,51,0,0,0.9
HVIIU,-0.042409886386252094,56,0,0,0.9
HVMC,-0.042435841338282786,56,0,0,0.9
HVMCU,-0.04645385687674396,52,0,0,0.9
HVT,-0.010299470335549107,67,0,0,0.4
HWBK,-0.04191190598639618,56,0,0,0.55
HWC,-0.009322568184919618,67,0,0,0.85
HWH,-0.0023076173376256823,69,0,0,0.95
HWKN,-0.05988569321209482,46,1,19,0.95
HWM,-0.10921947517819013,32,1,16,0.8
HXHX,-0.2493328985742379,11,1,29,1.0
HXL,-0.05874331032263057,46,0,0,0.85
HY,-0.0541433423462299,48,1,4,0.95
HYFM,-0.10547952927435382,33,1,22,1.0
HYFT,0.3343068318546814,94,0,0,0.2
HYI,-0.06219343670957997,45,0,0,0.9
HYLN,2.3595468705054445,99,0,0,0.0
HYMC,-0.37004345966770913,5,1,17,0.85
HYNE,-0.002468157373694553,69,0,0,0.75
HYPD,-0.19529145869046277,17,1,5,0.85
HYPR,-0.011415469620150137,67,1,7,0.65
HYT,-0.04005308888138895,57,0,0,0.9
HZO,0.05370090680772273,79,1,2,0.15
IAE,0.0765963304381831,82,0,0,0.35
IAF,-0.08926749506206891,37,1,38,1.0
IAG,-0.245822899316599,12,1,17,0.85
IART,0.4550883906424553,96,0,0,0.0
IAUX,-0.1767907918179144,20,1,4,0.75
IBAC,-0.04788267490352228,51,0,0,0.9
IBCP,-0.027915872871527712,62,0,0,0.9
IBEX,-0.05653971568195255,47,1,4,0.35
IBG,0.057999125633305906,79,0,0,0.7
IBIO,-0.15430487385550024,23,1,1,0.5
IBKR,0.09231027015380795,83,0,0,0.3
IBM,0.13404622663124466,86,0,0,0.4
IBN,-0.10758471285066865,32,1,1,0.95
IBO,-0.19337575417762387,18,0,0,0.9
IBOC,-0.018056821901224644,65,0,0,0.9
IBP,-0.2423337013531957,12,1,30,1.0
IBRX,-0.11198547375782368,31,1,12,0.75
IBTA,-0.03270384892622269,60,1,4,0.85
ICCC,0.2762643841298926,92,0,0,0.1
ICCM,-0.6618946251425913,1,1,53,1.0
ICE,-0.18959288684514558,18,1,42,1.0
ICFI,-0.0797082196938715,39,0,0,0.85
ICG,-0.5103598941152441,2,1,34,1.0
ICHR,0.11682341746559412,85,1,3,0.5
ICL,-0.05550381916218232,47,1,5,0.25
ICLR,0.26252829848255205,92,0,0,0.55
ICMB,-0.38415778308129306,4,1,33,1.0
ICON,-0.13168050002979034,27,1,6,0.35
ICU,-0.3256554743710372,7,1,17,0.85
ICUI,0.045740875870437556,78,0,0,0.5
IDA,-0.09000777936810148,37,1,1,0.95
IDAI,-0.17578223937088644,20,1,2,0.75
IDCC,-0.23027028432570368,13,1,30,1.0
IDE,-0.011131427785346114,67,1,1,0.85
IDN,-0.45033363852215086,3,1,25,1.0
IDR,-0.2647849118353161,10,1,17,0.85
IDT,0.01398199683963769,73,0,0,0.6
IDXX,-0.09317053287250818,35,0,0,0.9
IDYA,-0.009960667917446861,67,0,0,0.95
IE,-0.2131517433152304,15,1,4,0.7
IEP,-0.03892792641040394,58,1,23,1.0
IESC,0.24817777317587597,92,0,0,0.1
IEX,0.013290712443127892,73,0,0,0.8
IFBD,0.03275372353363572,76,0,0,0.9
IFF,-0.09311869856726229,36,1,7,0.75
IFN,-0.11737043348074905,30,1,74,1.0
IFRX,0.1704226520191066,89,1,6,0.3
IFS,-0.023314350750902275,63,1,3,0.45
IGA,-0.026994250693092612,62,0,0,0.9
IGACU,-0.040148362887449884,57,0,0,0.9
IGC,-0.05476516249163984,48,0,0,0.95
IGD,0.009742903784650175,72,0,0,0.5
IGI,-0.057498278509982056,46,1,1,0.95
IGIC,-0.052953002093023505,48,0,0,0.9
IGR,-0.07780747482762113,40,1,22,1.0
IH,-0.20538178334014728,16,1,4,0.95
IHD,0.04986026959324025,78,0,0,0.45
IHG,0.10259360249132175,84,0,0,0.2
IHRT,-0.09462215180104852,35,1,14,0.9
IHS,-0.04320080129103577,55,0,0,0.9
IHT,0.2378682710746114,91,0,0,0.25
IIF,-0.1052127183337737,33,1,35,1.0
III,-0.016831090912364594,65,1,4,0.55
IIIN,-0.1306686467291054,27,0,0,0.7
IIIV,-0.18451375051865498,19,1,5,0.95
IIM,-0.0361013004940515,59,0,0,0.9
IIPR,0.05666049192968653,79,0,0,0.45
IKT,-0.19406624785047805,18,1,19,0.95
ILAG,0.03794486133068635,77,1,13,0.7
ILLR,0.8851502882806023,98,0,0,0.8
ILMN,0.14257251345558575,87,0,0,0.0
ILPT,0.22778510211714742,91,0,0,0.0
IMA,-0.01574203880548268,65,0,0,0.7
IMAX,0.002332413319286339,70,0,0,0.45
IMCC,-0.15300388443393564,23,0,0,0.65
IMCR,-0.1699363326849313,21,1,11,0.95
IMDX,0.30483628093056453,93,0,0,0.05
IMKTA,0.006936639653803027,71,0,0,0.9
IMMP,-0.27765332252709124,9,1,15,0.95
IMMR,0.04084344500191671,77,0,0,0.6
IMMX,-0.21415792740610828,15,1,17,0.85
IMNM,-0.20073017703594465,16,1,11,0.95
IMNN,-0.3622105693221665,5,1,42,1.0
IMO,-0.0713365295189403,42,1,13,0.8
IMOS,0.15450583758853625,88,1,1,0.3
IMPP,0.06219309349578733,80,0,0,0.35
IMPPP,-0.06336846146022154,44,1,43,1.0
IMRN,0.4084764488828776,95,0,0,0.1
IMRX,-0.3211822407189522,7,1,6,0.9
IMSR,0.028588533679304293,75,1,2,0.45
IMTE,-0.12858905528066183,28,1,33,1.0
IMTX,-0.19093820135717043,18,1,6,0.75
IMUX,-0.04165519262510141,56,1,2,0.15
IMVT,0.12080036718176278,86,1,1,0.35
IMXI,-0.0985835860070882,34,1,45,1.0
INAB,-0.1411974200013026,25,1,5,0.5
INAC,-0.04711360493892816,52,0,0,0.9
INACU,-0.0485124386499838,51,0,0,0.9
INBK,0.015802813648995828,73,0,0,0.85
INBS,-0.13905155119322057,26,1,13,0.65
INBX,-0.047563651053933655,52,1,19,0.95
INCR,0.18394580042213282,89,0,0,0.35
INCY,-0.0150107897194066,66,0,0,0.85
INDB,-0.037221718063912085,58,0,0,0.9
INDI,0.2683304172091298,92,1,2,0.3
INDO,-0.2677314159514009,10,1,60,1.0
INDP,0.09127379621378227,83,1,1,0.7
INDV,0.000831858953519983,70,0,0,0.65
INEO,-0.04225283239142755,56,1,8,0.7
INFU,-0.08086663808593797,39,1,1,0.8
INFY,-0.12991389263665976,28,1,4,0.9
ING,-0.019968565302714195,64,1,4,0.4
INGM,0.09808831842955552,84,0,0,0.65
INGN,-0.16729196627841902,21,1,21,1.0
INGR,-0.1473501102490294,24,1,43,1.0
INHD,13.175672572128116,99,0,0,0.95
INKT,-0.022992279767077857,63,1,1,0.65
INLF,-0.09495702169304465,35,0,0,0.65
INLX,-0.22471701677987177,14,1,17,0.95
INM,1.116176181195342,98,0,0,0.3
INMB,-0.14058879692974618,26,1,14,0.8
INMD,-0.06986206372382098,42,1,33,1.0
INN,0.20879442916012414,90,0,0,0.0
INNV,-0.162720750540143,22,1,41,1.0
INO,-0.22801854738822358,13,1,10,0.7
INOD,1.2999062820602723,98,0,0,0.0
INR,-0.21616479386494475,15,1,24,1.0
INSE,-0.052332554087463054,49,0,0,0.5
INSG,-0.2863958362807038,8,1,4,0.95
INSM,-0.29545477719374796,8,1,41,1.0
INSP,-0.2204321651664703,14,1,70,1.0
INSW,-0.05913796585464082,46,0,0,0.75
INTA,-0.04284112624655036,55,0,0,0.65
INTC,0.49614741106915583,96,0,0,0.2
INTG,-0.15664638032392209,23,1,7,0.75
INTJ,-0.45314616161824917,3,1,13,0.75
INTR,-0.2957795267149311,8,1,41,1.0
INTS,-0.3784982256704763,4,1,61,1.0
INTT,-0.033589411369791544,60,1,9,0.6
INTU,-0.31089182478210864,7,1,14,0.95
INTZ,-0.19778994779186465,17,1,4,0.8
INUV,-0.3289871056503944,7,1,54,1.0
INV,0.2658505189238476,92,1,2,0.5
INVA,-0.07844216639979416,40,0,0,0.9
INVE,-0.09220970744598583,36,1,2,0.8
INVH,0.0257529547774049,75,0,0,0.4
INVX,0.04107650986325656,77,0,0,0.6
INVZ,-0.08846213060167965,37,1,4,0.7
IONQ,0.6067492980338982,97,0,0,0.1
IONR,0.007575370270443457,71,1,2,0.65
IONS,-0.0787435036116203,40,1,45,1.0
IOR,-0.0862243136120944,38,1,43,1.0
IOSP,0.04192686807120824,77,0,0,0.4
IOT,0.06190425066064792,80,0,0,0.35
IOTR,0.3227757503237104,93,0,0,0.6
IOVA,0.005235582737705469,71,0,0,0.45
IP,-0.1041158905571456,33,0,0,0.6
IPAR,-0.05371907661258743,48,0,0,0.8
IPCX,-0.04519117379776366,53,0,0,0.9
IPCXU,-0.03607121030436863,59,0,0,0.85
IPDN,-0.29819310533941445,8,1,7,0.95
IPEX,-0.044140830505071414,54,0,0,0.9
IPEXU,-0.024507638042486776,63,0,0,0.8
IPGP,-0.04379543013211325,55,1,2,0.5
IPHA,0.1746333329964891,89,0,0,0.45
IPI,-0.1883495936319286,18,1,13,0.7
IPM,-0.052400527020047105,49,1,2,0.25
IPSC,-0.17101897109751535,20,1,6,0.9
IPST,-0.593562072903529,1,1,14,0.85
IPW,-0.6602423335025284,1,1,112,1.0
IPWR,0.570365654606575,97,1,2,0.1
IPX,-0.10120590150128997,34,1,2,0.35
IQ,-0.22439758243404062,14,1,37,1.0
IQI,-0.0454090112544662,53,0,0,0.9
IQST,-0.4144460717529996,3,1,31,1.0
IQV,-0.012561443767029931,66,0,0,0.55
IR,-0.16014049416154413,22,1,38,1.0
IRD,-0.2721774490666178,10,1,2,0.95
IRDM,0.3444196201525634,94,0,0,0.0
IREN,0.2556631003079562,92,0,0,0.15
IRIX,-0.016266876826684498,65,0,0,0.7
IRM,0.013886454997840927,73,1,2,0.55
IRMD,-0.026002961321829984,63,0,0,0.55
IRON,-0.06188838137104544,45,1,2,0.75
IRS,-0.04715583295857437,52,0,0,0.55
IRT,-0.007122681641713799,68,0,0,0.7
IRTC,-0.18218795449074782,19,1,26,1.0
IRWD,-0.19588539514578457,17,1,22,1.0
ISBA,-0.09837598687486807,34,0,0,0.9
ISD,-0.08790248832950803,37,1,69,1.0
ISOU,-0.1445333702871183,25,1,4,0.75
ISPC,-0.5560156696849781,2,1,23,1.0
ISPR,-0.16975846814681117,21,1,8,0.5
ISRG,-0.14900880619811357,24,1,53,1.0
ISSC,-0.28782382366328335,8,1,40,1.0
ISTR,-0.022252398860343855,64,0,0,0.9
IT,-0.028968131988953504,61,0,0,0.25
ITGR,0.0011099311682635365,70,0,0,0.55
ITHAU,-0.046139959187466925,53,0,0,0.9
ITIC,-0.016349453082205555,65,0,0,0.75
ITOC,0.4614912564346123,96,0,0,0.95
ITP,-0.05572924807673315,47,1,13,0.85
ITRG,-0.24247306874016006,12,1,38,1.0
ITRI,-0.11377617396925918,31,1,35,1.0
ITRN,0.11308227700936334,85,0,0,0.35
ITT,-0.11280597016467969,31,1,30,1.0
ITUB,-0.16358274018410401,22,1,34,1.0
ITW,-0.09337926924410125,35,0,0,0.9
IVA,-0.3425284800258715,6,1,18,0.9
IVDA,-0.10960592355839065,32,1,3,0.45
IVF,-0.4442006515683805,3,1,6,0.95
IVR,-0.06383343132626135,44,1,39,1.0
IVT,0.04089630159082193,77,0,0,0.55
IVVD,-0.3605938121107909,5,1,34,1.0
IVZ,0.042184650919770236,77,0,0,0.35
IX,0.13624682650956038,87,0,0,0.0
IXHL,-0.1619171662590764,22,1,19,0.95
IZEA,-0.12987064931721248,28,1,19,0.95
IZM,-0.1475942365224629,24,0,0,0.75
J,-0.10768592588359564,32,0,0,0.75
JACK,-0.1609374830651487,22,1,4,0.75
JACS,-0.04558004719351646,53,0,0,0.9
JAGX,-0.5033681371698583,2,1,68,1.0
JAKK,-0.07260811261167377,41,1,7,0.9
JANX,-0.11504361149836084,30,1,33,1.0
JAZZ,0.06495402488124478,80,0,0,0.15
JBDI,-0.21271433855226413,15,1,5,0.9
JBGS,-0.04974244731801244,50,0,0,0.9
JBHT,0.19529459333968013,90,0,0,0.15
JBI,-0.11451354299991919,30,1,6,0.8
JBIO,-0.26683037624358813,10,1,17,0.85
JBL,0.14335154196876382,87,0,0,0.3
JBLU,-0.09394987739131522,35,1,6,0.7
JBS,-0.299490316663698,8,1,38,1.0
JBSS,-0.0881069916695077,37,1,26,1.0
JBTM,-0.15166528550128716,24,1,6,0.75
JCAP,-0.2651079702968431,10,1,34,1.0
JCE,-0.023535402156897253,63,1,27,1.0
JCI,-0.006568479268037081,68,0,0,0.8
JCSE,0.2845777919081959,93,0,0,0.1
JCTC,0.016571109274948828,73,1,6,0.55
JD,-0.05730202924009818,47,1,12,0.65
JDZG,1.9614217144984811,99,0,0,0.1
JEF,0.22115097271742873,91,0,0,0.0
JELD,0.12177392427558366,86,1,1,0.35
JEM,-0.12047741567390606,29,0,0,0.6
JENA,-0.05076440192797997,50,0,0,0.9
JF,-0.10185971590991916,34,1,25,1.0
JFB,-0.20256764565952684,16,1,2,0.8
JFIN,-0.27366822224505855,9,1,21,1.0
JFR,-0.019637517247613562,64,0,0,0.9
JFU,-0.23075023862217842,13,1,12,0.6
JG,-0.235504104289174,13,1,48,1.0
JGH,-0.024290776549636878,63,0,0,0.9
JHG,-0.04686395135730504,52,0,0,0.9
JHI,-0.05946496400418466,46,1,46,1.0
JHS,-0.06297597580540502,45,1,1,0.95
JHX,0.0414027244719643,77,0,0,0.45
JILL,0.0004832085370345546,70,0,0,0.6
JJSF,-0.08787639537060636,37,1,25,1.0
JKHY,-0.22820330530172617,13,1,48,1.0
JKS,-0.22065248151591793,14,1,17,0.85
JL,-0.020349047399961753,64,1,8,0.7
JLHL,3.7947020449600926,99,0,0,0.05
JLL,-0.12974825409850332,28,1,27,1.0
JLS,-0.07620091035560195,40,1,43,1.0
JMG,-0.05184034032683803,49,0,0,0.9
JMIA,-0.1834716953868677,19,1,8,0.85
JMM,-0.0627244749598387,45,0,0,0.9
JMSB,-0.013230668358658784,66,0,0,0.9
JNJ,-0.04435724214867326,54,0,0,0.9
JOB,-0.13353261876490302,27,1,20,1.0
JOBY,-0.03690197044572942,59,1,2,0.15
JOE,-0.08168270187289194,39,0,0,0.9
JOF,-0.03661625621767589,59,1,5,0.65
JOUT,-0.1434224759101693,25,0,0,0.95
JOYY,0.06632646999706883,81,0,0,0.5
JPC,-0.055353290313666315,47,1,1,0.95
JPM,-0.025163944562297785,63,0,0,0.85
JQC,-0.04304211083832052,55,0,0,0.9
JRI,-0.07399227302285591,41,1,40,1.0
JRS,-0.03149894470274442,61,0,0,0.9
JRSH,0.06112701524937737,80,0,0,0.6
JRVR,-0.2752587839730378,9,1,47,1.0
JSPR,-0.524095140153337,2,1,24,1.0
JTAI,-0.0349464617546975,59,1,2,0.6
JUNS,-0.4208319372421382,3,1,32,1.0
JVA,0.025605204962718356,75,1,2,0.85
JWEL,-0.07044004446714813,42,0,0,0.9
JXG,1.4008792040854303,98,0,0,0.05
JXN,-0.06826418760517448,43,0,0,0.9
JYD,-0.8535956094315708,0,1,14,0.7
JYNT,-0.11007317473201195,31,1,7,0.8
JZ,-0.767206774180701,1,1,5,0.75
JZXN,0.23247708657848742,91,0,0,0.25
KAI,-0.16300412630094296,22,1,8,0.8
KALA,-0.6636499392036401,1,1,97,1.0
KALU,0.1335942944242703,86,0,0,0.25
KALV,0.1854220014246919,89,0,0,0.0
KAPA,-0.27184545592649445,10,1,11,0.95
KARO,-0.12728270254583962,28,1,4,0.9
KB,-0.11737296578617719,30,1,1,0.9
KBDC,-0.047590064236875354,52,1,21,1.0
KBH,-0.04729499713518855,52,0,0,0.7
KBONU,-0.04576910532707404,53,0,0,0.9
KBR,-0.0661455949569216,43,0,0,0.65
KBSX,-0.0019616558861263733,69,0,0,0.65
KC,-0.3042434411821636,7,1,16,0.9
KCHV,-0.045020536458238655,54,0,0,0.9
KCHVU,-0.05375977004058384,48,0,0,0.9
KD,-0.1508288276648136,24,1,5,0.95
KDK,-0.3033212964707396,8,1,21,1.0
KDP,0.06434905532702505,80,0,0,0.35
KE,-0.04074117596557705,57,1,2,0.8
KEEL,0.9951275192260677,98,0,0,0.0
KELYA,0.2455594779786523,92,0,0,0.3
KELYB,0.2112346154400841,90,0,0,0.25
KEN,-0.14040490433124123,26,1,6,0.65
KEP,-0.2628106515080928,10,1,70,1.0
KEQU,-0.05942536259405181,46,1,4,0.35
KEX,-0.02676112018197669,62,1,12,0.95
KEY,-0.010949249835471034,67,0,0,0.85
KEYS,-0.037210448936183735,58,1,3,0.7
KF,0.16071630557792954,88,1,2,0.1
KFFB,0.016115660586961802,73,0,0,0.5
KFII,-0.04436969154951423,54,0,0,0.9
KFIIU,-0.05459776980704568,48,0,0,0.8
KFRC,0.35550027976375137,94,0,0,0.15
KFY,0.06443337136228171,80,0,0,0.45
KG,-0.06364826753674754,44,0,0,0.45
KGC,-0.2319588119572148,13,1,34,1.0
KGEI,0.018319541625998886,74,1,2,0.65
KGS,0.015360387250149765,73,1,9,0.45
KHC,-0.04371894881534274,55,0,0,0.65
KIDS,0.0026833506503488244,70,0,0,0.35
KIDZ,-0.8310850164327321,0,1,43,1.0
KIM,0.004426713309542571,71,0,0,0.7
KINS,-0.05198398134940456,49,0,0,0.8
KIO,-0.02578850878382187,63,0,0,0.9
KITT,-0.5141282146774849,2,1,62,1.0
KKR,-0.08287421060857662,39,1,24,1.0
KLAC,0.22074148909895291,91,0,0,0.2
KLAR,0.1111760514177358,85,0,0,0.15
KLC,0.09235005346261134,83,0,0,0.5
KLIC,0.2094742680809623,90,0,0,0.05
KLRS,-0.3662673591102718,5,1,62,1.0
KLTR,0.027551523487818363,75,1,4,0.3
KLXE,-0.016610593158016718,65,1,13,0.65
KMB,-0.05502192164812988,48,0,0,0.9
KMDA,-0.19101574008581385,18,1,45,1.0
KMI,-0.07839052712166036,40,1,10,0.7
KMPR,-0.23632736281658911,13,1,24,1.0
KMRK,-0.28376787101492473,9,1,27,1.0
KMT,-0.21174528619788263,15,1,21,1.0
KMTS,-0.12293235841013143,29,1,9,0.85
KMX,0.08888470240772216,83,0,0,0.45
KN,0.2375553640776663,91,0,0,0.0
KNDI,-0.0726204076608553,41,1,3,0.6
KNF,-0.20762829283378986,16,1,22,1.0
KNOP,-0.0351488838389647,59,1,10,0.75
KNRX,-0.5642428920292698,2,1,38,1.0
KNSA,-0.09847266986475373,34,1,15,0.75
KNSL,-0.15014560195668364,24,1,41,1.0
KNTK,-0.07085635199775653,42,1,10,0.7
KNX,0.25470747346246764,92,0,0,0.15
KO,-0.03015167256522538,61,0,0,0.6
KOD,-0.2701372135485677,10,1,22,1.0
KODK,-0.20476449424710164,16,1,21,1.0
KOF,-0.04826926864906129,51,1,1,0.65
KOP,-0.003868353068670824,68,0,0,0.6
KOPN,0.6185207052051084,97,0,0,0.05
KORE,-0.0427778208582206,55,0,0,0.9
KOS,-0.005873908013328946,68,1,2,0.65
KOSS,-0.03823325641354249,58,0,0,0.85
KOYN,-0.04572451994315388,53,0,0,0.9
KOYNU,-0.03158903370324187,61,0,0,0.9
KPLT,-0.1493328726982195,24,1,40,1.0
KPRX,-0.013558904969828228,66,1,3,0.3
KPTI,-0.01965465773640674,64,1,1,0.5
KR,-0.13521054697747842,26,1,13,0.9
KRC,0.15996078868148966,88,0,0,0.35
KREF,0.01611597821180344,73,0,0,0.6
KRG,0.02500722526003543,75,0,0,0.55
KRKR,-0.10137371701131827,34,1,11,0.8
KRMD,-0.1437338853289467,25,1,9,0.9
KRMN,-0.3779627647958854,4,1,51,1.0
KRNT,-0.0590477597255665,46,0,0,0.75
KRNY,0.011403054722437425,72,0,0,0.7
KRO,-0.03866003455702837,58,1,7,0.85
KROS,-0.20703181950144223,16,1,20,1.0
KRP,0.05588250645570042,79,0,0,0.5
KRRO,-0.2328289782628507,13,1,5,0.75
KRSP,-0.04729037060148867,52,0,0,0.85
KRT,-0.004564168193883951,68,0,0,0.85
KRUS,-0.28249949132601,9,1,7,0.85
KRYS,0.032645002896038236,76,0,0,0.25
KSCP,-0.38898780469893735,4,1,47,1.0
KSPI,-0.043600037446539286,55,1,7,0.45
KSS,0.09486377441384243,84,0,0,0.6
KT,-0.19430714772670932,17,1,40,1.0
KTB,-0.0811584221718395,39,0,0,0.75
KTCC,0.215153154620622,90,0,0,0.1
KTF,-0.0436613678944595,55,0,0,0.9
KTOS,-0.18798003804143043,18,1,2,0.75
KTTA,-0.3393957442127594,6,1,21,1.0
KULR,0.3832891588661599,95,1,2,0.1
KURA,-0.118141027714578,30,1,6,0.55
KUST,-0.6429549586327855,1,1,22,1.0
KVAC,-0.03820066980519817,58,0,0,0.9
KVACU,0.15685527867579452,88,0,0,0.6
KVHI,-0.17243046302424375,20,1,8,0.4
KVUE,-0.047767382799008724,51,0,0,0.9
KVYO,-0.1682464588483772,21,1,4,0.9
KW,-0.04296744872535761,55,0,0,0.9
KWM,-0.5104868256193904,2,1,41,1.0
KWR,0.0063242658823537,71,0,0,0.7
KWY,-0.13485725318792063,27,1,20,1.0
KXIN,0.02073509255195162,74,1,2,0.35
KYIV,0.10487388549309311,84,1,1,0.15
KYMR,-0.1864008576475445,18,1,37,1.0
KYN,-0.029190003045190732,61,0,0,0.65
KYNB,-0.13181921622034498,27,1,38,1.0
KYTX,-0.20288510699439638,16,1,16,0.8
KZIA,0.026411970673541826,75,1,10,0.6
L,-0.059972958655890814,46,0,0,0.9
LAB,-0.2349050185104986,13,1,1,0.15
LAC,-0.12440420823278446,29,1,4,0.75
LAD,0.004305883037666783,71,0,0,0.55
LADR,-0.05325781631199425,48,0,0,0.9
LAES,0.08186682550270054,82,1,2,0.4
LAFA,-0.04142395101952231,56,0,0,0.9
LAFAU,-0.03524295260658035,59,0,0,0.9
LAKE,-0.08033168282736543,39,1,6,0.45
LAMR,0.005818844889937461,71,0,0,0.2
LAND,-0.1562880100616834,23,1,56,1.0
LANDO,-0.02670816689515599,62,0,0,0.9
LANDP,-0.028453563104768195,62,0,0,0.9
LANV,-0.1732795296219793,20,1,10,0.65
LAR,-0.08442458142003532,38,1,4,0.6
LARK,-0.002601242551397119,69,0,0,0.5
LASE,2.7863825252523156,99,0,0,0.45
LASR,0.0035378614270430084,70,1,3,0.45
LATA,-0.04534078119572574,53,0,0,0.9
LATAU,-0.03696779120350201,58,0,0,0.9
LAUR,-0.03186309395233956,60,0,0,0.75
LAW,-0.12120734473800508,29,1,4,0.9
LAWR,-0.05184034032683803,49,0,0,0.9
LAZ,-0.030604751217181755,61,1,2,0.55
LB,-0.01127647535635333,67,1,2,0.5
LBGJ,-0.003948057015952924,68,0,0,0.9
LBRDA,-0.338767633654644,6,1,31,1.0
LBRDK,-0.33757278741847124,6,1,31,1.0
LBRDP,-0.09154719354841481,36,0,0,0.95
LBRT,-0.08151791112284587,39,1,13,0.65
LBRX,-0.011108487034906009,67,0,0,0.85
LBTYA,-0.10148704176473772,34,1,6,0.85
LBTYB,-0.10245115536238694,33,1,23,1.0
LBTYK,-0.10759674813724042,32,1,6,0.85
LC,0.034329211975284754,76,0,0,0.6
LCCC,-0.04466813367802792,54,0,0,0.9
LCCCU,0.014245048619827269,73,0,0,0.8
LCFY,-0.23004543245743758,13,1,29,1.0
LCID,-0.3594859033983603,5,1,5,0.9
LCII,-0.2822635810665503,9,1,49,1.0
LCNB,-0.02430372627099285,63,0,0,0.7
LCTX,-0.2377970199157005,12,1,35,1.0
LCUT,0.591235739816837,97,0,0,0.05
LDI,-0.2854909880866722,9,1,28,1.0
LDOS,-0.21760054791539385,15,1,59,1.0
LDP,-0.04272726147179298,55,0,0,0.9
LE,-0.11399638255857064,31,1,4,0.7
LEA,0.07874540191706154,82,0,0,0.2
LECO,-0.06658466604202648,43,0,0,0.9
LEDS,0.0982203054699138,84,1,6,0.35
LEE,0.23891897584562322,91,0,0,0.2
LEG,-0.07653204013843555,40,1,29,1.0
LEGH,0.09123399548345147,83,0,0,0.15
LEGN,0.3458712021958589,94,0,0,0.1
LEGT,-0.14405090720548583,25,1,3,0.95
LEN,-0.043422293436491205,55,0,0,0.8
LENZ,-0.38355972971471886,4,1,20,1.0
LEO,-0.056457872872023904,47,0,0,0.9
LESL,2.833148346714833,99,0,0,0.15
LEU,-0.22942141317657128,13,1,4,0.95
LEVI,0.018697825609212723,74,0,0,0.65
LEXX,-0.16665376530465859,21,0,0,0.95
LFACU,-0.049255654994831005,50,0,0,0.9
LFCR,0.08571978770549656,83,0,0,0.55
LFMD,0.2629803714260994,92,0,0,0.6
LFMDP,-0.03415818987593436,60,0,0,0.9
LFS,-0.1963679523701914,17,1,5,0.7
LFST,-0.08800808744169206,37,1,5,0.6
LFT,-0.21561953050400529,15,1,43,1.0
LFUS,0.15702214125363956,88,0,0,0.05
LFVN,1.2375718794755177,98,0,0,0.25
LFWD,0.018943477844017606,74,1,4,0.65
LGCL,0.08492749686320063,83,0,0,0.55
LGCY,-0.12075279483877878,29,1,16,0.95
LGHL,-0.14093366978370372,25,1,4,0.7
LGI,0.0018180166848395518,70,0,0,0.55
LGIH,0.11600466868835659,85,0,0,0.35
LGL,-0.08387773809866014,38,1,31,1.0
LGN,0.163566205860332,88,1,2,0.7
LGND,0.08453333806473577,83,0,0,0.5
LGO,-0.3829590853356285,4,1,34,1.0
LGPS,0.04509811683720957,78,0,0,0.9
LGVN,-0.12464675721599783,29,1,35,1.0
LH,-0.06381871520495276,44,0,0,0.9
LHAI,-0.39561576759344547,4,1,20,1.0
LHSW,-0.35631382622720215,5,1,15,0.9
LHX,-0.13348434261583014,27,1,44,1.0
LI,-0.24209507101421257,12,1,16,0.8
LICN,-0.663590505902056,1,1,15,0.75
LIDR,1.155305002991519e-05,70,1,4,0.7
LIEN,-0.005825754727413722,68,0,0,0.35
LIF,-0.007653829749764904,68,0,0,0.7
LII,-0.042914889133221265,55,0,0,0.75
LILA,-0.09101801939598635,36,1,11,0.95
LILAK,-0.1046696248758637,33,1,11,0.95
LIMN,-0.350689941601087,5,1,4,0.9
LIN,-0.031324596758384934,61,0,0,0.9
LINC,0.07604689417652781,82,1,1,0.15
LIND,0.033739095344419504,76,0,0,0.4
LINE,0.06633932401468688,81,0,0,0.1
LINK,0.4312394312160958,95,0,0,0.0
LIQT,-0.5881112149394712,1,1,17,0.85
LITB,0.4186836717275023,95,0,0,0.1
LITE,0.029042929664146344,75,1,2,0.5
LITS,-0.4005245492158145,4,1,18,0.9
LIVE,-0.332249451843038,6,1,17,0.95
LIVN,0.06358037530267378,80,0,0,0.05
LIXT,0.8524824046607836,98,0,0,0.0
LKFN,-0.06150381513331531,45,0,0,0.9
LKFT,-0.09268394661377731,36,0,0,0.9
LKQ,-0.18914923163644598,18,1,30,1.0
LKSP,-0.044576167777692494,54,0,0,0.9
LKSPU,-0.04701399919003019,52,0,0,0.9
LLY,0.1290719123636992,86,0,0,0.05
LLYVA,-0.126397414757149,28,1,5,0.8
LLYVK,-0.11678479455031977,30,1,5,0.75
LMAT,-0.18195825077083433,19,1,38,1.0
LMB,-0.007711550598555064,68,0,0,0.75
LMFA,-0.17160995272692148,20,1,5,0.75
LMND,-0.10337026259578175,33,1,31,1.0
LMNR,-0.1544923788871384,23,1,48,1.0
LMRI,-0.28828322897592834,8,1,1,0.9
LMT,-0.13353761144897036,27,1,1,0.95
LNAI,-0.08875280497986025,37,1,2,0.65
LNC,-0.05663066705436384,47,0,0,0.95
LND,-0.13260665141506317,27,1,44,1.0
LNG,-0.12369310627594429,29,1,24,1.0
LNKS,-0.1942706175409591,17,1,66,1.0
LNN,-0.05725154385348291,47,0,0,0.75
LNSR,-0.11847325108065425,30,1,7,0.7
LNT,-0.05297676495046868,48,1,1,0.95
LNTH,0.12255584274609706,86,0,0,0.05
LNZA,-0.6501087840169615,1,1,36,1.0
LOAN,-0.05479109338558508,48,0,0,0.9
LOAR,-0.04051781130377684,57,0,0,0.5
LOB,-0.008030739981343571,67,0,0,0.85
LOBO,0.34241875085895324,94,0,0,0.25
LOCL,-0.12326780687360855,29,1,10,0.7
LOCO,0.018708647081457017,74,0,0,0.65
LODE,0.16658604402103577,88,0,0,0.1
LOGI,0.10167468641254397,84,0,0,0.25
LOKV,-0.04040796166737773,57,0,0,0.9
LOKVU,0.5576030778211482,96,0,0,0.45
LOMA,-0.05222646358557865,49,1,5,0.7
LONA,-0.06879993511997479,42,1,10,0.55
LOOP,-0.22888307872884628,13,1,5,0.85
LOPE,-0.16214830212422635,22,1,43,1.0
LOT,-0.07257042554751339,41,1,11,0.6
LOVE,0.05032838771083005,79,0,0,0.75
LOW,-0.17714046852964233,20,1,41,1.0
LPA,-0.1497449674928678,24,1,18,0.95
LPAA,-0.04651878688190637,52,0,0,0.9
LPAAU,-0.05577572026479452,47,0,0,0.9
LPBB,-0.04419736359219662,54,0,0,0.9
LPBBU,-0.04244189816812459,56,0,0,0.9
LPCN,-0.2859615534842842,9,1,46,1.0
LPG,0.14183076881841616,87,0,0,0.3
LPL,0.1140251299091158,85,1,2,0.35
LPLA,-0.13724846422633386,26,1,1,0.95
LPRO,0.3563595324936842,94,0,0,0.05
LPSN,-0.27981238438883227,9,1,5,0.95
LPTH,0.23413622888048435,91,0,0,0.35
LPX,-0.12427609657942576,29,1,6,0.85
LQDA,0.5620866468040265,96,0,0,0.1
LQDT,0.02243183738455047,74,0,0,0.5
LRCX,0.21655181798493922,90,0,0,0.15
LRE,-0.09463962413407973,35,1,1,0.8
LRHC,-0.6975773022433022,1,1,102,1.0
LRMR,-0.3726660762196621,5,1,41,1.0
LRN,0.025668678458968266,75,0,0,0.7
LSAK,-0.06431668181835976,44,1,2,0.85
LSBK,-0.03881641322036807,58,0,0,0.9
LSCC,0.26163018464435234,92,0,0,0.1
LSE,-0.23264133652899738,13,1,25,1.0
LSF,0.18738766552404895,89,0,0,0.25
LSH,-0.1053865559351868,33,1,4,0.85
LSPD,-0.036942026628145615,59,0,0,0.65
LSTA,-0.16624540911113403,21,0,0,0.75
LSTR,0.2598778557757868,92,0,0,0.3
LTBR,-0.2859529831862883,9,1,18,0.9
LTC,-0.12521532337427738,29,1,40,1.0
LTH,0.05642329809094046,79,0,0,0.15
LTM,-0.13483170042803316,27,1,5,0.65
LTRN,0.7208968408159288,97,0,0,0.1
LTRX,0.106742092152377,85,1,2,0.55
LU,-0.3652738860377274,5,1,74,1.0
LUCD,-0.20780982459025438,16,1,9,0.95
LUCK,-0.028889912001706618,62,0,0,0.5
LUCY,-0.19686732706137516,17,1,46,1.0
LUD,-0.12732639132968776,28,1,4,0.65
LULU,-0.2513971912634509,11,1,41,1.0
LUMN,0.13370164121972522,86,1,3,0.25
LUNG,0.045021745903221985,78,0,0,0.3
LUNR,0.27512044695750176,92,1,4,0.2
LUV,-0.060224796620209874,46,0,0,0.5
LUXE,-0.21835437927081885,14,1,23,1.0
LVLU,-0.24932591870117327,11,1,53,1.0
LVO,0.20664951604538523,90,0,0,0.2
LVS,-0.10942757964988396,32,1,5,0.95
LVWR,-0.34997540440755,5,1,28,1.0
LW,-0.05498272454307885,48,0,0,0.8
LWAC,-0.04780099033226238,51,0,0,0.9
LWACU,-0.04743288918816867,52,0,0,0.9
LWAY,-0.0658737889660151,43,1,17,0.95
LWLG,0.14168255070750896,87,1,16,0.8
LX,-0.07747264183023726,40,1,2,0.6
LXEH,-0.25333770191909294,11,1,5,0.55
LXEO,-0.38086644329758645,4,1,35,1.0
LXFR,0.21407782855644197,90,0,0,0.0
LXP,-0.022509776497027262,64,0,0,0.85
LXRX,0.06921757419689266,81,1,6,0.35
LXU,-0.16854206500771657,21,1,18,0.95
LYB,-0.13861470792219954,26,1,23,1.0
LYEL,-0.4872657964797968,2,1,32,1.0
LYFT,-0.040523312855763445,57,0,0,0.9
LYG,-0.050530883066202764,50,1,8,0.8
LYTS,0.04192476863678392,77,0,0,0.45
LYV,-0.0856798235679975,38,1,5,0.7
LZ,-0.13223625247851917,27,1,4,0.7
LZB,0.010678471317908417,72,0,0,0.55
LZM,-0.14471419688799045,25,1,4,0.6
LZMH,-0.6984043923486477,1,1,42,1.0
M,0.14147357126536314,87,0,0,0.35
MA,-0.09133599138748791,36,1,1,0.95
MAA,0.014645128265759227,73,0,0,0.8
MAAS,0.39537547718401667,95,1,1,0.1
MAC,0.0803583120138963,82,0,0,0.5
MACI,-0.048030947752393166,51,0,0,0.9
MACIU,0.337692138796326,94,0,0,0.4
MAGH,-0.05184034032683803,49,0,0,0.9
MAGN,-0.0438887800942386,55,0,0,0.5
MAIA,-0.08937964946140448,37,1,1,0.8
MAIN,-0.12306553743551871,29,1,1,0.95
MAKO,-0.04259520217650656,55,1,4,0.35
MAMA,-0.008855099970067656,67,0,0,0.7
MAMK,-0.05184034032683803,49,0,0,0.9
MAMO,-0.07323194344287852,41,1,2,0.95
MAN,0.08403842739004151,83,0,0,0.55
MANH,-0.0149345647767051,66,0,0,0.6
MANU,0.1584873197741764,88,0,0,0.1
MAR,0.08122341291060446,82,0,0,0.4
MARA,0.24408203178739668,92,0,0,0.1
MARPS,-0.1026583852660553,33,1,7,0.95
MAS,-0.02043121553842102,64,0,0,0.75
MASI,-0.03992905317421203,57,0,0,0.9
MASK,0.19833085944624118,90,0,0,0.55
MASS,0.04957567903834713,78,0,0,0.35
MAT,-0.10564231500924731,33,1,82,1.0
MATH,-0.20469477534257957,16,1,4,0.75
MATV,-0.20572565779789398,16,1,7,0.9
MATW,-0.09870049152401733,34,1,23,1.0
MATX,0.06773255539797432,81,0,0,0.55
MAX,-0.0909748151716753,36,0,0,0.85
MAYS,-0.07190806915976822,42,0,0,0.9
MAZE,-0.23244896315858443,13,1,52,1.0
MB,-0.0792839082120339,40,1,1,0.7
MBAI,-0.13029765653609687,27,1,10,0.55
MBAV,-0.05322660146176784,48,0,0,0.9
MBAVU,0.037068669135268864,76,0,0,0.8
MBBC,-0.039804249084914395,57,0,0,0.8
MBC,0.005989972237693701,71,0,0,0.55
MBI,-0.10548837679671516,33,0,0,0.85
MBIN,0.005631317108336968,71,0,0,0.85
MBINL,-0.03079215563269194,61,0,0,0.9
MBINM,-0.040305906929735645,57,0,0,0.9
MBINN,-0.03665634290430266,59,0,0,0.9
MBIO,-0.13807032361878135,26,0,0,0.8
MBLY,0.13016471682773695,86,1,2,0.1
MBNKO,-0.03145827438173268,61,0,0,0.9
MBOT,-0.2436984324016921,12,1,6,0.95
MBRX,0.0011226803618403156,70,0,0,0.7
MBUU,0.018614482373797078,74,0,0,0.55
MBVI,-0.0449870019312314,54,0,0,0.9
MBVIU,-0.03736122950804855,58,0,0,0.9
MBWM,-0.022583337124020105,64,0,0,0.85
MBX,-0.15171090346878502,24,1,16,0.8
MC,0.08417439838975481,83,0,0,0.45
MCB,0.0015352087010882948,70,0,0,0.75
MCBS,0.04216963478558629,77,0,0,0.65
MCD,-0.11659188426200083,30,1,1,0.95
MCFT,-0.08108444963920781,39,1,9,0.8
MCGA,-0.044352077961508,54,0,0,0.9
MCGAU,-0.04880739055933561,51,0,0,0.9
MCHB,0.02049760066607441,74,0,0,0.75
MCHP,0.07219978211547115,81,1,2,0.35
MCHPP,0.052557237889207825,79,1,2,0.4
MCHX,-0.07312923632497392,41,1,12,0.95
MCI,-0.09095777539268594,36,1,4,0.8
MCK,-0.11619537826435906,30,0,0,0.9
MCN,-0.053771780968990435,48,0,0,0.95
MCO,-0.07487624682702118,41,1,1,0.9
MCR,-0.051555279430937316,49,0,0,0.9
MCRB,-0.29527211225942485,8,1,11,0.95
MCRI,0.09858819871916831,84,0,0,0.4
MCRP,-0.31575779840564394,7,1,14,0.8
MCS,0.07443859825197686,81,0,0,0.5
MCTA,-0.05184034032683803,49,0,0,0.9
MCY,0.015743829930732145,73,0,0,0.65
MD,-0.02299414038141557,63,0,0,0.75
MDAI,-0.04796070937712205,51,1,8,0.45
MDB,0.23095115317370163,91,0,0,0.05
MDBH,-0.17531779264036051,20,1,8,0.65
MDCX,-0.17126873177723187,20,0,0,0.65
MDGL,-0.12956738950307897,28,1,16,0.95
MDIA,-0.0724786564370232,41,1,12,0.65
MDLZ,-0.02172317726856817,64,0,0,0.75
MDRR,-0.005510335175781929,68,0,0,0.75
MDT,-0.083145641603152,38,0,0,0.85
MDU,-0.09817683309722405,34,1,24,1.0
MDV,0.08641254696127239,83,0,0,0.1
MDWD,-0.23109619754870453,13,1,23,1.0
MDXG,-0.10680853276766478,32,0,0,0.8
MDXH,-0.8038093103303688,0,1,57,1.0
MEC,0.45880280894083014,96,0,0,0.15
MED,0.004278037012882388,71,1,5,0.3
MEDP,-0.0625793315244037,45,0,0,0.65
MEGI,-0.04873063123565504,51,1,1,0.95
MEGL,0.08621840215201794,83,0,0,0.6
MEHA,-0.6446709202724125,1,1,10,0.95
MEI,0.5049969778751681,96,0,0,0.0
MELI,-0.16629863573122414,21,1,33,1.0
MENS,-0.16994208662835006,21,1,7,0.9
MEOH,-0.07198676618845079,42,1,3,0.85
MERC,-0.4242975069017763,3,1,74,1.0
MESHU,-0.04392912010314612,54,0,0,0.9
MESO,-0.10933800252028021,32,1,24,1.0
MET,0.07094732741223121,81,0,0,0.45
META,-0.1095499690169924,32,1,8,0.95
METC,0.003742423108578481,71,1,1,0.55
METCB,0.08342868997885462,82,0,0,0.5
MFA,-0.11868495365745835,30,1,25,1.0
MFC,0.0018081862366172013,70,0,0,0.8
MFG,0.06528480885846806,80,0,0,0.4
MFI,-0.22898354219910233,13,1,37,1.0
MFIC,-0.12670560428348066,28,1,23,1.0
MFIN,-0.0007974313540280234,69,0,0,0.55
MFM,-0.06262030240752794,45,0,0,0.9
MG,0.016821992602444574,73,0,0,0.75
MGA,0.08105807427885774,82,0,0,0.4
MGEE,-0.05660177248154734,47,0,0,0.9
MGF,-0.05894206087394069,46,0,0,0.9
MGIH,-0.03203210558072772,60,0,0,0.9
MGLD,-0.04469464043019707,54,0,0,0.75
MGM,0.21557082279318668,90,0,0,0.55
MGN,-0.4089028444789211,4,1,51,1.0
MGNI,0.04785733967429445,78,0,0,0.5
MGNX,0.2742285051438579,92,1,2,0.15
MGPI,-0.16362032993867112,22,1,28,1.0
MGRC,-0.0720093112227898,42,1,27,1.0
MGRX,0.014350488573888195,73,1,7,0.45
MGTX,-0.04522450382080219,53,1,6,0.75
MGX,-0.15794773427053838,23,1,7,0.95
MGY,-0.07372532130028267,41,1,13,0.9
MGYR,-0.08516136333161049,38,1,43,1.0
MH,-0.12159794078539907,29,1,1,0.9
MHD,-0.05953353146284611,46,0,0,0.9
MHF,-0.0572954958629503,47,1,43,1.0
MHH,-0.10868370202148174,32,1,15,0.8
MHK,-0.0689779833931625,42,1,1,0.8
MHO,-6.433152997850633e-05,70,0,0,0.55
MIAX,-0.19927374191630914,17,1,12,0.6
MICC,0.09876556410217437,84,0,0,0.15
MIDD,-0.01465374567714288,66,0,0,0.4
MIMI,0.0070443138330378505,71,1,5,0.55
MIN,-0.05282697989686384,48,0,0,0.9
MIND,-0.20950725996496217,15,1,9,0.9
MIR,-0.19662020208542152,17,1,22,1.0
MIRA,-0.09096499321999699,36,1,2,0.8
MIRM,-0.09977982357679965,34,1,16,0.8
MIST,-0.37183473479683576,5,1,22,1.0
MITK,-0.01565690721421456,65,1,3,0.5
MITQ,-0.03795059418168714,58,0,0,0.85
MITT,-0.07700251453549607,40,1,1,0.95
MIY,-0.024132950438854113,63,0,0,0.9
MKC,-0.11988478086069364,29,0,0,0.9
MKDW,0.7645587915086159,97,0,0,0.3
MKL,-0.09386544839714026,35,1,1,0.95
MKLY,-0.04297634913668987,55,0,0,0.9
MKLYU,-0.03589056067534063,59,0,0,0.9
MKSI,0.1193923660106833,85,0,0,0.15
MKTW,-0.013543727878299439,66,1,10,0.75
MKTX,-0.34489443857823276,6,1,43,1.0
MKZR,-0.23311109925731932,13,1,35,1.0
MLAB,0.05453267679500137,79,0,0,0.45
MLCO,-0.003114090718158838,69,0,0,0.7
MLEC,-0.257620632116673,11,1,2,0.85
MLGO,0.24410152952525194,92,0,0,0.3
MLI,0.005666698303628072,71,0,0,0.65
MLKN,-0.15642655073954137,23,1,6,0.85
MLM,-0.14220054996892117,25,1,1,0.95
MLP,0.026102396183761034,75,0,0,0.4
MLR,-0.025899297023059518,63,0,0,0.7
MLSS,0.04606574178812278,78,1,1,0.35
MLTX,-0.041755421400718806,56,0,0,0.35
MLYS,-0.26018154806872157,11,1,5,0.6
MMA,0.2939612128263586,93,0,0,0.8
MMD,-0.04871812526605426,51,0,0,0.9
MMI,0.023430747049277806,74,0,0,0.7
MMLP,-0.05302211904267836,48,0,0,0.85
MMM,0.0010476250896471195,70,0,0,0.55
MMS,-0.17020272476921935,21,1,64,1.0
MMSI,-0.05234490105633184,49,0,0,0.9
MMT,-0.05585213612902751,47,0,0,0.9
MMTX,-0.04574727877641781,53,0,0,0.9
MMTXU,-0.05272230749362369,49,0,0,0.9
MMU,-0.06084557782827105,45,1,1,0.95
MMYT,-0.17885635089260715,19,1,4,0.8
MNDO,-0.19479667887138158,17,1,48,1.0
MNDR,-0.33627269926260506,6,1,16,0.8
MNDY,0.08587608973178736,83,0,0,0.2
MNKD,0.0682647458811652,81,0,0,0.2
MNOV,-0.13805578230233437,26,1,40,1.0
MNPR,-0.0443306590096155,54,0,0,0.35
MNR,0.043366708949926336,77,0,0,0.35
MNRO,-0.1844417543041335,19,1,22,1.0
MNSB,-0.012924585434786903,66,0,0,0.9
MNSBP,-0.06204344199258059,45,1,1,0.95
MNSO,-0.2036385681315862,16,1,57,1.0
MNST,0.11729547766265426,85,0,0,0.0
MNTK,0.21965576465734044,91,0,0,0.15
MNTN,-0.07365512071206978,41,0,0,0.65
MNTS,1.9339940292918034,99,0,0,0.0
MNY,-0.10492381518462082,33,0,0,0.9
MO,0.0008619262806539019,70,0,0,0.5
MOB,0.026056848003093783,75,1,2,0.55
MOBX,-0.2271231975176939,14,1,7,0.9
MOD,0.083868645085396,83,0,0,0.3
MODD,0.012868275261273418,72,0,0,0.4
MOGU,-0.14416760222013608,25,1,32,1.0
MOH,0.1404040470038942,87,0,0,0.45
MOLN,-0.12942736709342778,28,1,1,0.85
MOMO,-0.14337798601711743,25,1,22,1.0
MORN,-0.03596038037467936,59,0,0,0.6
MOS,-0.17663611553688027,20,1,6,0.85
MOV,0.3989344538624878,95,0,0,0.45
MOVE,0.38886345353337753,95,1,2,0.2
MP,-0.1270966507290502,28,1,3,0.6
MPA,-0.050955208925256575,49,0,0,0.9
MPAA,0.23388576727360055,91,0,0,0.95
MPB,-0.04071367260382303,57,0,0,0.9
MPC,0.09287123146984445,83,0,0,0.35
MPLT,0.11494173939779308,85,0,0,0.5
MPLX,-0.034450311033831435,59,0,0,0.85
MPT,-0.09765984390828598,34,1,21,1.0
MPTI,0.23682678480487018,91,0,0,0.0
MPU,-0.7134420618927141,1,1,14,0.95
MPV,-0.09803146027715468,34,1,51,1.0
MPWR,0.09331849558437523,83,1,2,0.45
MQ,-0.12716573218261273,28,1,5,0.95
MQY,-0.06362972906280931,44,1,1,0.95
MRAM,0.7924341051710048,98,1,4,0.25
MRBK,-0.02875451762999811,62,0,0,0.85
MRCY,0.2382251239667273,91,0,0,0.0
MRDN,0.3271669902574805,94,0,0,0.15
MREO,0.02602246544146783,75,0,0,0.4
MRK,-0.022980503411472758,63,0,0,0.65
MRKR,-0.04625644567477011,53,0,0,0.8
MRLN,-0.12385319711319809,29,1,1,0.9
MRM,-0.03986303797939186,57,0,0,0.5
MRNA,-0.1166418534623545,30,1,2,0.8
MRNO,-0.04086250991849348,57,1,2,0.55
MRP,-0.016032179491067236,65,0,0,0.85
MRSH,-0.10212442974317479,34,1,1,0.95
MRT,-0.1802568999644027,19,1,33,1.0
MRTN,0.21984805017597497,91,0,0,0.15
MRVI,0.35161313988982323,94,0,0,0.0
MRVL,1.2321229694780387,98,0,0,0.0
MRX,0.18911953772847562,89,0,0,0.45
MS,0.13583994377452369,87,0,0,0.35
MSA,-0.13644476286230592,26,1,66,1.0
MSAI,-0.3478684657819828,6,1,9,0.95
MSB,-0.2476224739348365,11,1,17,0.95
MSBI,0.10329703236576583,84,0,0,0.1
MSBIP,-0.0371986135680605,58,0,0,0.9
MSC,-0.19994868711718772,17,1,21,1.0
MSCI,0.0027736318704828233,70,0,0,0.55
MSD,-0.06557765052409549,44,1,53,1.0
MSDL,-0.03514264499435984,59,1,23,1.0
MSEX,-0.04409974065446082,54,0,0,0.9
MSFT,-0.029240848591790037,61,1,4,0.7
MSGE,0.08930915788427439,83,0,0,0.15
MSGM,-0.09383457863052326,35,1,11,0.7
MSGS,0.1178562984626391,85,0,0,0.15
MSGY,0.13035194557350527,86,0,0,0.75
MSI,-0.13163668586250615,27,1,1,0.95
MSIF,-0.12708940462329776,28,1,23,1.0
MSLE,-0.22985234873529287,13,1,23,1.0
MSM,0.12395783168374515,86,0,0,0.05
MSN,-0.12168534495020211,29,1,8,0.85
MSS,-0.37162400754289254,5,1,2,0.85
MSTR,-0.2176773244820498,15,1,15,0.75
MSW,-0.12320473886067485,29,1,9,0.55
MT,0.07661996946109216,82,0,0,0.1
MTA,-0.051014126747272646,49,1,2,0.4
MTB,-0.00370161829877088,69,0,0,0.8
MTC,-0.5466285307275779,2,1,6,0.85
MTCH,-0.03987950259919569,57,1,22,1.0
MTD,-0.17949576496314518,19,1,1,0.8
MTDR,-0.07559202385760262,40,1,13,0.85
MTEK,-0.14865065952140094,24,1,2,0.8
MTEN,0.5728547173737398,97,0,0,0.85
MTEX,-0.023359468574162597,63,0,0,0.5
MTG,-0.10795723367397121,32,1,27,1.0
MTH,-0.005513565196784857,68,0,0,0.65
MTLS,0.19930749499166578,90,0,0,0.2
MTN,0.022107345000142442,74,0,0,0.55
MTNB,0.35738257870313384,94,0,0,0.3
MTR,-0.19979761061714318,17,1,48,1.0
MTRN,0.26716934039153906,92,0,0,0.0
MTRX,0.09687525018980174,84,0,0,0.45
MTSI,0.2437810401982462,92,0,0,0.15
MTUS,0.07056574375502309,81,0,0,0.45
MTVA,0.632542847935296,97,1,1,0.35
MTW,-0.14954138754569501,24,1,21,1.0
MTX,-0.0288486516243569,62,1,8,0.75
MTZ,-0.05855308008738337,46,1,15,0.75
MU,0.8702255668117137,98,0,0,0.0
MUA,-0.054859685258327816,48,0,0,0.9
MUC,-0.04985418983993384,50,0,0,0.9
MUFG,0.056302472079178906,79,0,0,0.35
MUJ,-0.03984418016429406,57,0,0,0.9
MUR,0.024878112837926333,75,0,0,0.65
MUSA,-0.0020152086677774003,69,0,0,0.7
MUX,-0.25313457916636084,11,1,16,0.8
MVBF,0.010618182980523388,72,0,0,0.65
MVIS,-0.4077237949948864,4,1,9,0.8
MVO,-0.35944880999352835,5,1,23,1.0
MVST,-0.37552264695421095,4,1,19,0.95
MWA,-0.134302156250708,27,1,38,1.0
MWG,-0.4411732104724301,3,1,30,1.0
MWYN,0.21294415447068038,90,0,0,0.05
MX,1.048014442926492,98,0,0,0.05
MXC,-0.1475047310499896,24,1,24,1.0
MXCT,0.36382429879270317,94,0,0,0.1
MXE,-0.06504195330466526,44,1,18,0.95
MXF,-0.06271239391088677,45,1,8,0.95
MXL,1.6664233205723158,99,1,2,0.15
MYE,0.06280885142122856,80,0,0,0.4
MYFW,0.03680513272513579,76,0,0,0.75
MYGN,-0.05652855925096007,47,0,0,0.65
MYI,-0.06354110966391915,44,1,1,0.95
MYN,-0.04368640231809063,55,0,0,0.9
MYND,0.14488033814929274,87,0,0,0.65
MYO,0.5624701552824486,97,0,0,0.2
MYPS,0.2369084872139532,91,0,0,0.3
MYRG,0.22240003687855947,91,1,1,0.2
MYSE,-0.1789610658902771,19,1,28,1.0
MYSZ,-0.17690686442587217,20,1,5,0.9
MZTI,-0.21891204207042309,14,1,63,1.0
NA,-0.19132135936123068,18,1,5,0.4
NAAS,0.31421035485050086,93,0,0,0.0
NABL,-0.35038518403957286,5,1,4,0.9
NAC,-0.03095788209992661,61,0,0,0.9
NAD,-0.06158250407636109,45,1,1,0.95
NAGE,-0.29801155150392733,8,1,24,1.0
NAII,-0.14262689535516498,25,1,40,1.0
NAK,0.07853273267647053,82,1,2,0.35
NAKA,-0.4697919567949982,2,1,35,1.0
NAMI,-0.45983890700514785,3,1,48,1.0
NAMM,-0.13858189775565116,26,0,0,0.7
NAMS,-0.1336164671294489,27,1,8,0.5
NAN,-0.0421358296069333,56,0,0,0.9
NAT,-0.13831994609912263,26,1,1,0.95
NATH,-0.04017549127857421,57,0,0,0.9
NATL,-0.060130777287760125,46,1,44,1.0
NATR,-0.2677586127834184,10,1,28,1.0
NAUT,-0.23834644738493227,12,1,5,0.85
NAVI,-0.13095738858185005,27,1,25,1.0
NAVN,0.4740171975319305,96,0,0,0.0
NAZ,0.009208499989988995,72,0,0,0.8
NB,-0.11844527026828283,30,1,2,0.65
NBB,-0.056652122419416216,47,1,1,0.95
NBBK,-0.09450589337167901,35,0,0,0.9
NBH,-0.058536347257037866,46,1,1,0.95
NBHC,-0.03518963572308695,59,0,0,0.9
NBIS,0.5205196538096467,96,0,0,0.0
NBIX,0.11199767568921394,85,0,0,0.05
NBN,-0.04708890937172834,52,1,9,0.9
NBP,-0.42045292325486366,3,1,63,1.0
NBR,0.06979643708221744,81,0,0,0.4
NBTB,0.0012978674025765913,70,0,0,0.65
NBTX,-0.10262646170599599,33,1,13,0.65
NBXG,0.07736877948345013,82,0,0,0.0
NC,-0.029506496724383754,61,0,0,0.8
NCA,-0.06227537561898433,45,1,43,1.0
NCDL,-0.12391867560199592,29,1,23,1.0
NCEL,0.14099401490512714,87,1,5,0.8
NCEW,0.5509907910706283,96,0,0,0.15
NCI,0.3413015849953277,94,0,0,0.6
NCL,0.032059986088385825,76,0,0,0.45
NCLH,-0.058040285039181405,46,0,0,0.55
NCMI,-0.03941905447994008,57,0,0,0.7
NCNA,-0.02746910230084385,62,1,5,0.75
NCNO,-0.1896726081420731,18,1,5,0.95
NCPL,1.4067079764996395,98,0,0,0.3
NCRA,-0.5203296231842514,2,1,7,0.8
NCSM,0.10152125278443304,84,0,0,0.75
NCT,-0.06308514943699531,45,1,1,0.45
NCTY,-0.22607781763581725,14,1,16,0.8
NCV,0.007990039817896366,71,0,0,0.45
NCZ,-0.011214096915527168,67,1,4,0.6
NDAQ,-0.07103411052918955,42,1,13,0.9
NDLS,0.37045004044440644,94,0,0,0.3
NDMO,-0.04855885860776915,51,0,0,0.9
NDRA,-0.12304397480410627,29,1,5,0.45
NDSN,-0.03833521225091667,58,1,1,0.75
NE,-0.07001266769279395,42,1,12,0.75
NEA,-0.05628690778367257,47,0,0,0.9
NECB,-0.025808352955851405,63,0,0,0.9
NEE,-0.14488416304437723,25,1,25,1.0
NEGG,-0.5019166215773141,2,1,32,1.0
NEM,-0.19310064548450862,18,1,17,0.85
NEN,-0.05057924583396101,50,0,0,0.9
NEO,0.19694874295973025,90,0,0,0.35
NEOG,-0.11140698798465541,31,0,0,0.8
NEON,-0.30164354066833066,8,1,2,0.55
NEOV,-0.3554778052764393,5,1,9,0.75
NEPH,-0.008510686425021563,67,1,2,0.25
NERV,-0.30185807899262995,8,1,31,1.0
NESR,0.04208084690530034,77,0,0,0.4
NET,0.028496520243822,75,0,0,0.45
NEU,0.17261499355952498,89,0,0,0.25
NEUP,-0.1107624273889465,31,1,5,0.65
NEWP,-0.22354410858611035,14,1,17,0.85
NEWT,-0.0019084306777290005,69,0,0,0.5
NEWTP,-0.017785609661793794,65,0,0,0.9
NEXA,-0.048016071489799125,51,1,3,0.6
NEXM,-0.12376641741245811,29,1,14,0.7
NEXN,0.09083410258187673,83,0,0,0.15
NEXR,-0.6011801873551821,1,1,2,0.95
NEXT,0.12170324728949801,86,0,0,0.3
NFBK,0.0009387616620367203,70,0,0,0.85
NFE,-0.36330397796026337,5,1,17,0.95
NFG,-0.17100026311186534,20,1,43,1.0
NFGC,-0.30570926298180634,7,1,17,0.9
NFJ,0.04498582535723465,78,0,0,0.5
NFLX,-0.16607930392783787,21,1,36,1.0
NG,-0.27378848699374597,9,1,19,0.95
NGEN,-0.5971438287124561,1,1,41,1.0
NGG,-0.11658772559231917,30,1,40,1.0
NGL,0.07490280896618247,82,1,6,0.4
NGNE,0.045024560165762256,78,0,0,0.7
NGS,0.007644141736123655,71,0,0,0.45
NGVC,0.07604600657998424,82,0,0,0.4
NGVT,-0.12390949886938611,29,1,22,1.0
NHC,0.057293848692773694,79,0,0,0.35
NHI,-0.17967022429071905,19,1,40,1.0
NHPAP,0.05633083897335932,79,0,0,0.35
NHPBP,0.07338583008495043,81,0,0,0.25
NHS,-0.08750591585612796,37,0,0,0.95
NHTC,-0.2819807845865637,9,1,19,0.95
NI,-0.08031974463946878,39,1,1,0.95
NIC,-0.08801008326231172,37,0,0,0.95
NICE,-0.17709579588296148,20,1,5,0.95
NIE,-0.0060084977910005305,68,1,1,0.75
NIM,-0.07037387817594852,42,1,48,1.0
NIO,-0.11069813337879919,31,1,4,0.9
NIPG,-0.474807927607284,2,1,63,1.0
NIU,-0.33375865661590604,6,1,24,1.0
NIVF,-0.7138392310682937,1,1,36,1.0
NIXX,0.29834241181838794,93,0,0,0.6
NJR,-0.07487126138658881,41,1,1,0.85
NKE,-0.10307037320799024,33,1,5,0.8
NKLR,0.06396157500823976,80,1,4,0.65
NKSH,-0.08906321523065851,37,0,0,0.9
NKTR,-0.322271164569674,7,1,24,1.0
NKTX,-0.173153099453428,20,1,5,0.5
NKX,-0.03171787723697702,60,0,0,0.9
NL,-0.029627482584050846,61,1,7,0.5
NLOP,-0.07554476980308078,40,1,23,1.0
NLY,-0.0997789227311276,34,1,28,1.0
NMAI,-0.020565898383348408,64,1,14,0.9
NMAX,0.37027413677575927,94,0,0,0.1
NMCO,-0.04501959855360792,54,0,0,0.9
NMFC,-0.09325444049838037,35,1,24,1.0
NMG,-0.34618615716630535,6,1,26,1.0
NMI,0.008366580567612553,72,0,0,0.6
NMIH,-0.1180989120422134,30,1,27,1.0
NML,-0.026910547764810708,62,0,0,0.75
NMM,-0.049681594062111756,50,1,1,0.75
NMP,-0.045247079479363427,53,0,0,0.9
NMPAU,-0.047635492396920553,51,0,0,0.9
NMR,0.013384257288400842,73,0,0,0.75
NMRA,-0.31075768715655183,7,1,25,1.0
NMRK,-0.12319322084006892,29,0,0,0.95
NMS,-0.03245374598104852,60,0,0,0.9
NMT,-0.00985875919774016,67,0,0,0.8
NMTC,-0.2843287032255329,9,1,32,1.0
NMZ,-0.05532918026598751,47,0,0,0.9
NN,0.1738595029497812,89,0,0,0.15
NNBR,0.4990154696924799,96,0,0,0.3
NNDM,-0.2083443189996501,16,1,4,0.85
NNE,-0.004610318338800878,68,1,4,0.45
NNI,-0.11935516045675022,30,1,1,0.95
NNN,-0.03099914037398116,61,0,0,0.8
NNNN,-0.3723262672631822,5,1,4,0.5
NNOX,-0.166142744549738,21,1,1,0.65
NNVC,0.13351747873342357,86,1,5,0.3
NNY,-0.03735764100951645,58,0,0,0.9
NOA,-0.0911152351564573,36,1,14,0.85
NOAH,-0.10562079108440281,33,1,22,1.0
NOC,-0.17765570075705417,20,1,45,1.0
NODK,0.09982689708418822,84,0,0,0.15
NOEM,-0.04741135703373073,52,0,0,0.9
NOEMU,-0.07272362203400183,41,1,13,0.95
NOG,-0.21854705981240635,14,1,27,1.0
NOK,0.3723484310118732,94,1,2,0.1
NOMA,-0.19660802614644923,17,1,1,0.85
NOMD,-0.04594075719278324,53,0,0,0.45
NOTV,-0.6790223746292954,1,1,5,0.85
NOV,0.05519726025128929,79,0,0,0.55
NOVT,0.21204636121564346,90,0,0,0.0
NOVTU,0.15369116525899285,88,0,0,0.0
NOW,0.09698037547042003,84,0,0,0.2
NP,-0.11501107165092853,30,1,8,0.6
NPAC,-0.04708635710267762,52,0,0,0.9
NPACU,-0.052675944134921,49,0,0,0.9
NPB,-0.08033429533539364,39,0,0,0.9
NPCE,-0.1073927393700644,32,1,7,0.85
NPCT,-0.0925900689787566,36,1,43,1.0
NPFD,-0.056414977668005815,47,1,50,1.0
NPK,-0.12305874225458517,29,1,12,0.85
NPKI,-0.05484977046451228,48,1,9,0.95
NPO,0.09827442676810193,84,0,0,0.25
NPT,0.7533275816304341,97,0,0,0.95
NPV,-0.04380506353912295,55,0,0,0.9
NPWR,-0.16199052772093525,22,1,4,0.6
NRC,0.06078591423974193,80,0,0,0.05
NRDS,-0.2705945876526546,10,1,28,1.0
NRDY,-0.13108345876614547,27,1,1,0.95
NREF,0.010637682446085192,72,0,0,0.4
NRG,-0.1971283463306721,17,1,36,1.0
NRGV,0.38551207898155976,95,1,1,0.15
NRIM,-0.025427813242044912,63,0,0,0.8
NRIX,-0.06892068363843194,42,1,5,0.65
NRK,-0.04633738644060875,52,0,0,0.9
NRO,-0.06115081326653535,45,1,1,0.95
NRP,-0.15088004546700232,24,1,43,1.0
NRSN,-0.1311596681706904,27,1,7,0.85
NRT,-0.13751272512971396,26,1,1,0.9
NRXP,0.7335873438101492,97,0,0,0.15
NRXS,-0.1590320759003468,22,1,16,0.85
NSA,0.03819381061933537,77,0,0,0.9
NSC,-0.03185945090678013,60,0,0,0.75
NSIT,0.45232210093519265,96,0,0,0.0
NSP,0.21807860600164747,91,0,0,0.3
NSPR,-0.41943607580985875,3,1,50,1.0
NSRX,-0.10795401436834756,32,1,2,0.65
NSSC,-0.22101404643314837,14,1,25,1.0
NSTS,0.057703064297697476,79,0,0,0.25
NSYS,0.31523056156685025,93,0,0,0.5
NTAP,0.55568499138116,96,0,0,0.0
NTB,0.02212462845218549,74,0,0,0.75
NTCL,5.210374646184869,99,0,0,0.4
NTCT,0.10927164163177124,85,0,0,0.0
NTES,-0.023030022526759685,63,0,0,0.45
NTGR,-0.0131244424138003,66,1,3,0.75
NTHI,-0.36279368888731245,5,1,13,0.85
NTIC,-0.06487890129810397,44,0,0,0.9
NTIP,-0.02362232195252697,63,0,0,0.85
NTLA,-0.07384241862914763,41,0,0,0.7
NTNX,0.16831412779846128,88,0,0,0.05
NTR,-0.11155143656060049,31,1,23,1.0
NTRA,-0.0544872572157766,48,0,0,0.6
NTRB,-0.14987043148119156,24,1,23,1.0
NTRP,-0.24532161798167867,12,1,1,0.95
NTRS,0.06037337545127354,80,0,0,0.45
NTRSO,-0.08669133720439909,37,1,43,1.0
NTSK,-0.18254210980731472,19,1,3,0.25
NTST,-0.05444654816190842,48,0,0,0.9
NTWK,0.07792619745361969,82,0,0,0.0
NTWO,-0.04567960315503031,53,0,0,0.9
NTWOU,-0.04807031552501316,51,0,0,0.9
NTZ,-0.2734726323437466,9,1,42,1.0
NU,-0.24712773441842223,12,1,36,1.0
NUAI,0.032551050882222446,76,0,0,0.4
NUE,0.2244433805403409,91,0,0,0.05
NUS,-0.31206562909751473,7,1,44,1.0
NUTR,-0.05184034032683803,49,0,0,0.9
NUTX,0.10398260156950208,84,0,0,0.35
NUV,-0.06392219264697964,44,0,0,0.9
NUVB,-0.03203918487975439,60,0,0,0.7
NUVL,-0.19406083672964353,18,1,6,0.85
NUW,-0.06363583235328871,44,1,43,1.0
NUWE,-0.9187360386815563,0,1,38,1.0
NVAX,-0.1143465427088193,31,1,2,0.3
NVCR,0.17828116865463717,89,0,0,0.2
NVCT,-0.04078154874557756,57,1,11,0.55
NVDA,0.014872372055570487,73,1,4,0.45
NVEC,0.3156012264314839,93,0,0,0.15
NVG,-0.056159269753227666,47,0,0,0.9
NVGS,-0.026561016916345635,62,1,11,0.55
NVMI,0.00660593378829466,71,0,0,0.65
NVNI,-0.16093129457277927,22,1,5,0.95
NVNO,-0.09999154984819247,34,1,6,0.65
NVO,-0.06302562509387058,45,1,6,0.5
NVR,-0.08155512160532662,39,0,0,0.9
NVRI,-0.010616559135143727,67,0,0,0.75
NVS,-0.07847676345231289,40,1,1,0.9
NVST,-0.12999078749679405,28,1,34,1.0
NVT,0.13002390604743136,86,1,2,0.2
NVTS,1.0765872048951406,98,0,0,0.0
NVVE,-0.32172902198313946,7,1,7,0.95
NVX,-0.2149714162371692,15,1,6,0.85
NWBI,0.022400953137865873,74,0,0,0.6
NWE,-0.06879400675908184,42,1,1,0.95
NWFL,-0.03026230231057908,61,0,0,0.8
NWG,-0.03297284906521394,60,0,0,0.75
NWGL,-0.27494290446768205,9,1,28,1.0
NWL,-0.030971576006297304,61,0,0,0.85
NWN,-0.1063933386011795,32,1,1,0.95
NWPX,0.26947679090254195,92,0,0,0.0
NWS,0.0002207132578662535,70,0,0,0.8
NWSA,-0.0038559719209946344,69,0,0,0.8
NWTG,-0.2979068028963561,8,1,47,1.0
NX,-0.2171031949123602,15,1,28,1.0
NXB,-0.22572066705975874,14,1,30,1.0
NXDR,0.15055547028342964,88,0,0,0.0
NXDT,0.04301048923384955,77,0,0,0.5
NXE,-0.19738119930385173,17,1,4,0.95
NXG,0.02626239793539402,75,0,0,0.55
NXGL,-0.24725984024239245,12,1,6,0.8
NXL,0.32875578278249434,94,0,0,0.4
NXP,-0.0637474048607678,44,1,1,0.95
NXPI,0.2042007419629583,90,1,2,0.1
NXPL,-0.0061638270097480255,68,1,2,0.55
NXRT,-0.004891577950201717,68,0,0,0.5
NXST,-0.15295069336235928,23,1,32,1.0
NXT,0.024193807381752794,74,1,2,0.25
NXTC,-0.7952026323664045,0,1,11,0.95
NXTS,-0.05431095126086097,48,0,0,0.5
NXTT,-0.1799010944590706,19,0,0,0.75
NXXT,0.44504331796345076,95,0,0,0.3
NYAX,-0.03350639389666085,60,1,5,0.7
NYC,-0.010679108301554815,67,1,8,0.55
NYT,-0.14441276609905565,25,1,1,0.95
NYXH,-0.6173729241179733,1,1,19,0.95
NZF,-0.04817982538663794,51,0,0,0.9
O,-0.08761989536233578,37,1,45,1.0
OABI,0.4075159841233578,95,1,1,0.05
OACC,-0.050889910946975155,50,0,0,0.9
OACCU,-0.04715876395681527,52,0,0,0.85
OBA,-0.04464616728449276,54,0,0,0.9
OBAWU,-0.047509318778803405,52,0,0,0.9
OBDC,-0.06418815223244995,44,1,23,1.0
OBE,0.054713209538430396,79,1,14,0.7
OBIO,-0.10261336303658293,33,1,37,1.0
OBK,0.038661707279422794,77,0,0,0.65
OBT,-0.02752207796993039,62,0,0,0.9
OC,-0.0240745363878594,63,1,1,0.8
OCC,1.1085937421453547,98,0,0,0.25
OCCI,0.023696593804359012,74,1,12,0.65
OCCIM,-0.032786837165030246,60,0,0,0.85
OCCIN,-0.038081453390465675,58,0,0,0.9
OCFC,-0.08567527842789889,38,1,28,1.0
OCG,-0.20342655919112979,16,1,5,0.9
OCGN,-0.2593073268533245,11,1,24,1.0
OCS,-0.6839601833474014,1,1,11,0.7
OCSL,-0.05036373700719676,50,1,24,1.0
OCUL,-0.17543130969402293,20,1,7,0.95
ODC,0.12289994079382423,86,0,0,0.45
ODD,-0.37583046236991974,4,1,5,0.95
ODFL,0.18085693385971985,89,0,0,0.4
ODV,-0.33749553492836204,6,1,18,0.9
ODYS,-0.32690277701677706,7,1,11,0.85
OEC,0.02819888407327016,75,1,4,0.8
OESX,-0.06746078820409582,43,0,0,0.7
OFAL,-0.6882355632437954,1,1,18,0.9
OFG,0.02429924698430906,74,0,0,0.8
OFIX,-0.25661550143005274,11,1,37,1.0
OFLX,-0.06331204423298137,44,0,0,0.8
OFS,-0.1643538124510293,22,1,24,1.0
OGC,-0.24301662372677174,12,1,17,0.9
OGCP,-0.0754289029547097,41,1,13,0.85
OGE,-0.07952007207369455,39,1,1,0.95
OGEN,-0.13503704586806803,26,0,0,0.95
OGI,-0.2846127825759353,9,1,32,1.0
OGN,0.5487873228641279,96,0,0,0.0
OGS,-0.16898070401283155,21,1,40,1.0
OHI,-0.09743539710978844,34,1,11,0.7
OI,-0.2522386839747014,11,1,81,1.0
OIA,-0.06782344749823174,43,1,46,1.0
OII,0.03154762547627245,76,0,0,0.7
OIO,-0.5323527949075696,2,1,45,1.0
OIS,-0.23538305772402018,13,1,27,1.0
OKE,-0.022587864307532596,64,0,0,0.6
OKLO,-0.09859909390727914,34,1,4,0.8
OKTA,0.4247213019228446,95,0,0,0.1
OKUR,0.06390861135166483,80,0,0,0.4
OKYO,-0.07513467869243087,41,1,4,0.65
OLB,-0.11918374224466874,30,1,6,0.95
OLED,-0.10687515755455362,32,1,39,1.0
OLLI,-0.17988649516938865,19,1,58,1.0
OLMA,-0.40775317540914063,4,1,41,1.0
OLN,-0.13608706692318445,26,1,23,1.0
OLOX,0.3157154886831996,93,0,0,0.65
OLP,0.00021145391580178197,70,0,0,0.85
OLPX,0.06289618419195488,80,0,0,0.9
OM,-0.013407399028661247,66,1,1,0.4
OMAB,-0.1499618462888767,24,1,42,1.0
OMC,-0.09034771182254066,37,0,0,0.9
OMCL,-0.0033100180161302895,69,1,1,0.3
OMDA,0.16988005411573437,88,0,0,0.1
OMER,-0.2842092440307811,9,1,18,0.9
OMEX,-0.31728509966204105,7,1,4,0.9
OMF,-0.05790527590641642,46,1,1,0.95
OMH,-0.4801871271988277,2,1,8,0.95
OMSE,-0.02775270073424133,62,1,13,0.95
ON,0.4876519259755576,96,0,0,0.0
ONB,-0.03427600732551883,59,0,0,0.9
ONBPO,-0.04796653233097835,51,0,0,0.9
ONBPP,-0.04375846637165227,55,0,0,0.9
ONC,-0.1853192028030205,19,1,21,1.0
ONCH,-0.048547869840029595,51,0,0,0.9
ONCHU,-0.043570887829175425,55,0,0,0.9
ONCO,-0.8923601477683607,0,1,50,1.0
ONCY,-0.14976004592650272,24,1,5,0.8
ONDS,0.06638052932500794,81,1,2,0.55
ONEG,-0.5081036150080739,2,1,22,1.0
ONEW,-0.08767301099506111,37,1,4,0.75
ONFO,-0.49257175255605506,2,1,23,1.0
ONIT,-0.14508200851874986,25,1,1,0.95
ONL,0.05469274443451218,79,1,5,0.25
ONMD,-0.25895995769806773,11,1,20,1.0
ONON,-0.021849101425440092,64,1,5,0.4
ONT,-0.22881120009625977,13,1,1,0.9
ONTO,0.05496028329736376,79,0,0,0.85
OOMA,-0.029126009822486275,61,1,9,0.45
OPAD,-0.2995642687385684,8,1,3,0.65
OPAL,-0.13699972659374443,26,1,2,0.75
OPBK,-0.04173270158001717,56,0,0,0.9
OPCH,-0.22604498087988611,14,1,73,1.0
OPEN,-0.19841633371738482,17,1,4,0.8
OPFI,-0.19408369199278253,17,1,21,1.0
OPHC,-0.020793014102783808,64,0,0,0.9
OPK,0.18342028204696076,89,0,0,0.35
OPLN,0.050092858203471244,78,0,0,0.1
OPP,-0.06309493827840268,45,1,43,1.0
OPRA,0.019449879596255312,74,0,0,0.5
OPRT,-0.1568897634110651,23,1,22,1.0
OPRX,-0.2902579340893489,8,1,24,1.0
OPTT,-0.23002563392762615,13,1,2,0.6
OPTU,-0.22213115445603204,14,0,0,0.7
OPTX,0.5579756719234483,96,0,0,0.35
OPXS,0.031143809289367927,76,0,0,0.5
OPY,-0.01539477396205323,66,0,0,0.85
OR,-0.1934588038047067,18,1,34,1.0
ORA,0.11567625811262534,85,0,0,0.0
ORBS,-0.06644109816323562,43,1,2,0.5
ORC,-0.11754546940462712,30,1,43,1.0
ORCL,0.21680916535461137,90,0,0,0.05
ORGN,-0.3632493861471395,5,1,25,1.0
ORGO,-0.1102760330344556,31,1,7,0.6
ORI,-0.11211887574804612,31,1,1,0.95
ORIC,-0.24560141521760004,12,1,47,1.0
ORIO,-0.16653176419799487,21,1,33,1.0
ORIQ,-0.04391483032527407,55,0,0,0.9
ORIQU,-0.0424153783096982,56,0,0,0.9
ORIS,-0.07427807077518038,41,0,0,0.4
ORKA,0.13874226541068524,87,0,0,0.85
ORKT,0.14037559849152914,87,0,0,0.5
ORLA,-0.3668052104188272,5,1,38,1.0
ORLY,-0.10607427340070298,33,1,1,0.95
ORMP,-0.049261190053231346,50,1,11,0.55
ORN,0.014054704651356484,73,1,12,0.6
ORRF,-0.020590277147667486,64,0,0,0.85
OSBC,-0.006428888447110655,68,0,0,0.85
OSCR,0.5580420308316828,96,0,0,0.1
OSG,0.006483533006479435,71,0,0,0.3
OSIS,-0.24723609691874626,12,1,34,1.0
OSK,-0.1969443873484269,17,1,25,1.0
OSPN,0.19358834690119914,89,0,0,0.1
OSRH,-0.3539444935695146,5,1,17,0.9
OSS,0.485450579463915,96,0,0,0.0
OST,-0.05184034032683803,49,0,0,0.9
OSTX,0.11358692878058242,85,0,0,0.25
OSUR,0.2746947484115443,92,0,0,0.35
OSW,-0.017378782830286328,65,0,0,0.9
OTEX,-0.07595997094407815,40,1,4,0.8
OTF,-0.031110248546189163,61,0,0,0.8
OTGA,-0.04300779421906259,55,0,0,0.9
OTGAU,-0.04114581120833406,57,0,0,0.9
OTIS,-0.17554653801051612,20,1,64,1.0
OTLK,1.8081773425732484,99,0,0,0.35
OTLY,-0.2972147022183556,8,1,30,1.0
OTTR,-0.054322020542322755,48,0,0,0.9
OUST,0.7852946179230693,98,0,0,0.0
OUT,-0.03646472528026837,59,1,9,0.5
OVBC,0.038030081827158876,77,0,0,0.45
OVID,-0.12673751308653897,28,1,6,0.9
OVLY,-0.021403621306111294,64,0,0,0.9
OVV,-0.032516516067274515,60,0,0,0.75
OWL,-0.04182510307878294,56,1,2,0.65
OWLS,-0.0863013430329343,38,1,3,0.95
OWLT,-0.1279493988070739,28,1,7,0.5
OXBR,-0.08903547971784448,37,1,6,0.5
OXLC,-0.02576448227221244,63,1,25,1.0
OXLCN,-0.023442129093840233,63,0,0,0.9
OXLCO,-0.025285731186515458,63,0,0,0.85
OXM,-0.0008183638618304567,69,0,0,0.5
OXSQ,-0.2969653380402184,8,1,23,1.0
OXY,-0.020585894689538524,64,1,3,0.8
OYSE,-0.04713263558884631,52,0,0,0.9
OYSEU,0.011223686640256844,72,0,0,0.75
OZ,-0.14528263166148703,25,1,39,1.0
OZK,0.008134351407638948,72,0,0,0.85
OZKAP,-0.053763861448877986,48,1,48,1.0
P,0.02336225511635913,74,1,3,0.35
PAA,-0.0004610463468301407,69,0,0,0.55
PAAS,-0.23687670232753916,12,1,16,0.8
PAC,-0.14801807126497923,24,1,30,1.0
PACB,-0.1534647185041501,23,1,1,0.65
PACH,-0.044667122189589736,54,0,0,0.9
PACHU,-0.04949957894131313,50,0,0,0.9
PACK,0.3926627168970919,95,0,0,0.0
PACS,-0.02731003693604763,62,1,1,0.3
PAG,0.01882094677992384,74,0,0,0.55
PAGP,0.0017991930404910872,70,0,0,0.55
PAGS,-0.21181708598918525,15,1,33,1.0
PAHC,-0.38847103777494774,4,1,22,1.0
PAI,-0.05713048651859802,47,0,0,0.9
PAII,-0.046716017067015836,52,0,0,0.9
PAL,-0.042634214143072266,55,0,0,0.75
PALI,-0.13551002453267313,26,1,5,0.75
PAM,-0.06241888812512409,45,1,4,0.85
PAMT,0.3665834207371414,94,0,0,0.05
PANL,-0.12321626886501687,29,1,9,0.6
PANW,0.40814029712988786,95,0,0,0.0
PAPL,0.23486080201928872,91,1,15,0.8
PAR,-0.14938740166901648,24,1,4,0.5
PARK,-0.025165104933507883,63,1,1,0.5
PARR,-0.06744559726123689,43,1,23,1.0
PASG,-0.08039606328165755,39,1,2,0.7
PASW,0.1539172297602865,88,0,0,0.75
PATH,-0.03170650021863626,61,0,0,0.4
PATK,-0.24444980446046088,12,1,41,1.0
PAVM,-0.4335246936880705,3,1,44,1.0
PAVS,-0.5136920233348203,2,1,59,1.0
PAX,-0.09561214180102004,35,1,33,1.0
PAXS,-0.06671435937247709,43,1,1,0.95
PAY,-0.27703520241061225,9,1,24,1.0
PAYC,-0.017076245247593325,65,1,1,0.45
PAYO,0.005936694291885536,71,0,0,0.7
PAYS,0.1333428525556528,86,1,1,0.35
PAYX,0.017860649296098166,74,0,0,0.4
PB,-0.03838422724833111,58,0,0,0.9
PBA,0.03021138139713743,75,0,0,0.3
PBF,-0.005184905303349224,68,0,0,0.7
PBFS,0.05861471076969017,79,0,0,0.55
PBH,-0.2129273612955816,15,1,53,1.0
PBHC,-0.02032673936824997,64,0,0,0.75
PBI,0.27852138007690863,92,0,0,0.1
PBK,0.38226297188869107,95,0,0,0.3
PBM,-0.03674915945693505,59,1,23,1.0
PBR,-0.1445093860943491,25,1,23,1.0
PBT,0.2621815976419239,92,0,0,0.05
PBYI,-0.08618489629865288,38,1,24,1.0
PC,-0.05184034032683803,49,0,0,0.9
PCAP,-0.04478225175977769,54,0,0,0.9
PCAPU,-0.044059160908470424,54,0,0,0.9
PCAR,-0.04706913320959065,52,0,0,0.85
PCB,0.01724722691620381,73,0,0,0.7
PCF,-0.03427855550427063,59,0,0,0.95
PCG,-0.09212420162370208,36,1,1,0.9
PCLA,2.488400807849423,99,0,0,0.4
PCM,-0.0773139361576426,40,1,43,1.0
PCN,-0.07248056835274036,41,1,1,0.95
PCOR,-0.1872199269889273,18,1,4,0.9
PCQ,-0.04789101870274378,51,0,0,0.9
PCRX,-0.06779447987934199,43,1,9,0.95
PCSA,-0.21698301142642068,15,1,2,0.75
PCSC,-0.06205684433766003,45,0,0,0.9
PCT,0.681802200648608,97,0,0,0.0
PCTTU,1.1567293158005132,98,0,0,0.65
PCTY,-0.02002747926804483,64,0,0,0.5
PCVX,-0.21439152123624983,15,1,36,1.0
PCYO,-0.13834517229736787,26,1,26,1.0
PD,0.2222031931715348,91,0,0,0.35
PDC,-0.3273431736076183,7,1,19,0.95
PDCC,-0.1192697224464521,30,1,14,0.7
PDD,-0.2449942689889844,12,1,42,1.0
PDEX,0.20189980971023147,90,0,0,0.0
PDFS,0.34133991488435633,94,0,0,0.35
PDI,-0.08485898093490263,38,1,1,0.95
PDLB,0.03034425533222171,75,0,0,0.4
PDM,0.11675459681040275,85,0,0,0.6
PDO,-0.05249401240268302,49,0,0,0.9
PDPA,-0.043807001462117606,55,0,0,0.9
PDS,0.014262153409682676,73,0,0,0.7
PDSB,-0.018242741580432167,65,1,2,0.55
PDT,-0.06480960214192498,44,1,1,0.95
PDX,-0.026586964920233457,62,1,11,0.8
PDYN,0.0479508286132328,78,1,2,0.5
PEB,0.1750682812410994,89,0,0,0.3
PEBK,0.025439898212454265,75,0,0,0.55
PEBO,0.004337394863183887,71,0,0,0.75
PECO,-0.01271628195763342,66,0,0,0.8
PED,-0.14834671286653012,24,1,23,1.0
PEG,-0.08391734276059759,38,1,1,0.95
PEGA,-0.1661063150111075,21,1,4,0.9
PEN,-0.08037779708500369,39,1,48,1.0
PENG,1.3543076608397457,98,0,0,0.0
PENN,0.15567910232245474,88,0,0,0.4
PEO,-0.027866010551866358,62,0,0,0.8
PEP,-0.14552337928089198,25,1,44,1.0
PEPG,-0.38229547368854866,4,1,60,1.0
PERF,-0.011472104948873282,67,1,24,1.0
PERI,-0.28113729941171656,9,1,13,0.9
PESI,-0.23386358208724534,13,1,23,1.0
PETS,-0.33117336690270605,6,1,78,1.0
PETZ,0.09736211869261278,84,0,0,0.35
PEW,-0.16762385411110142,21,1,18,0.9
PFAI,0.1341920865813454,87,0,0,0.6
PFBC,0.005781361821055167,71,0,0,0.9
PFD,-0.04405849818277088,54,0,0,0.9
PFE,-0.08140144057690382,39,1,1,0.95
PFG,0.05027846105635607,78,0,0,0.5
PFGC,0.027551635484385897,75,0,0,0.2
PFIS,0.027315320249908917,75,0,0,0.55
PFL,-0.09051968940876115,36,1,43,1.0
PFLT,-0.1050369663413932,33,1,22,1.0
PFN,-0.07598395271780654,40,1,43,1.0
PFO,-0.04940606714889066,50,0,0,0.9
PFS,-0.010548026536805699,67,0,0,0.9
PFSA,-0.6122095472613834,1,1,41,1.0
PFSI,-0.1566110651758882,23,1,39,1.0
PFX,0.03350222422129409,76,0,0,0.4
PG,-0.06408212799573765,44,0,0,0.9
PGAC,-0.04440140176933399,54,0,0,0.9
PGACU,0.13389906250526146,86,0,0,0.65
PGC,0.0927744319636954,83,0,0,0.4
PGEN,-0.1583496174883396,22,1,7,0.7
PGNY,0.36792665368804534,94,0,0,0.0
PGP,-0.08662517897229523,38,1,31,1.0
PGR,-0.043258923288060344,55,0,0,0.8
PGY,0.07554012174528903,82,0,0,0.6
PGZ,-0.05509987286995441,47,0,0,0.9
PH,-0.08802504393674787,37,0,0,0.9
PHAR,-0.13225851246917275,27,1,37,1.0
PHAT,-0.20896956737364203,15,1,16,0.95
PHG,-0.08871058226705077,37,1,1,0.8
PHGE,-0.3416555626703516,6,1,6,0.8
PHI,-0.20098334361876535,16,1,46,1.0
PHIN,0.03295243648004516,76,0,0,0.5
PHIO,-0.1420663766885666,25,1,37,1.0
PHK,-0.0773451650764733,40,1,1,0.95
PHM,-0.06856706613226997,43,0,0,0.9
PHOE,-0.10246326438493529,33,1,20,1.0
PHR,-0.10164325238864913,34,1,1,0.8
PHUN,-0.029217393296695315,61,1,16,0.95
PHVS,0.0625292989001237,80,0,0,0.7
PI,0.004591164378163842,71,1,6,0.5
PII,0.08709145184956575,83,0,0,0.3
PIII,2.844637294039874,99,0,0,0.0
PIM,-0.045841553602518036,53,0,0,0.9
PINE,-0.041108014373581456,57,0,0,0.9
PINS,0.04666041168596559,78,0,0,0.65
PIPR,-0.0751672604577632,41,1,28,1.0
PJT,0.008813720852862375,72,0,0,0.8
PK,0.23884292302554788,91,0,0,0.35
PKBK,0.011226394932728201,72,0,0,0.7
PKE,-0.025138025718877997,63,1,7,0.75
PKG,-0.050747893162598486,50,0,0,0.75
PKOH,0.1303199160477055,86,0,0,0.05
PKX,-0.2186832619106001,14,1,16,0.8
PL,-0.06498172966929698,44,1,4,0.2
PLAB,-0.37160559266156423,5,1,8,0.6
PLAG,-0.16077767736519916,22,1,13,0.85
PLAY,-0.11036151330497906,31,1,5,0.65
PLBC,0.020149823059752894,74,0,0,0.7
PLBL,-0.34141398958224217,6,1,8,0.95
PLBY,-0.261176339748025,10,1,20,1.0
PLCE,0.014211335557695687,73,0,0,0.45
PLD,-0.025403441317982632,63,0,0,0.7
PLG,-0.30110896156285233,8,1,17,0.95
PLGO,0.04708606469600227,78,0,0,0.5
PLMK,-0.04539966135579779,53,0,0,0.9
PLMKU,-0.03558646321241375,59,0,0,0.9
PLMR,-0.15817230797186066,23,1,33,1.0
PLNT,-0.1394878475317204,26,1,76,1.0
PLOW,-0.048168312606317994,51,0,0,0.9
PLPC,0.1649256949146733,88,0,0,0.2
PLRX,-0.16021179972052585,22,1,6,0.95
PLRZ,-0.0838230612443191,38,1,6,0.6
PLSE,0.2452771069822745,92,0,0,0.1
PLTK,-0.13427840262372476,27,1,6,0.75
PLTR,-0.08861896348575699,37,1,4,0.8
PLTS,-0.05184034032683803,49,0,0,0.9
PLUG,0.11153693041826564,85,1,4,0.3
PLUR,-0.36268996605210213,5,1,18,0.95
PLUS,-0.049685509048873665,50,0,0,0.75
PLUT,-0.03117516399936322,61,0,0,0.35
PLX,-0.159446393740921,22,1,8,0.85
PLXS,0.1707126363202386,89,0,0,0.2
PM,-0.004133346415723861,68,1,1,0.45
PMAX,-0.6022611043511912,1,1,11,0.9
PMCB,-0.10613466656471325,33,1,6,0.6
PMEC,-0.24131646793241235,12,1,1,0.35
PMI,-0.33139097564808573,6,1,2,0.9
PML,-0.06609597677359652,43,1,1,0.95
PMM,-0.05646448468338222,47,0,0,0.9
PMN,-0.20400148184526595,16,1,57,1.0
PMNT,-0.18503452538230625,19,1,32,1.0
PMO,-0.048649608112322246,51,0,0,0.9
PMT,-0.17826424914705397,20,1,25,1.0
PMTR,-0.03795485964910913,58,0,0,0.9
PMTRU,-0.05312926129659011,48,0,0,0.9
PMTS,0.025554928956449924,75,0,0,0.65
PMVP,-0.2726951562870944,10,1,32,1.0
PN,-0.49246243407354606,2,0,0,0.95
PNBK,-0.2585379742398283,11,1,51,1.0
PNC,3.212951597184044e-05,70,0,0,0.85
PNFP,-0.021236962376596943,64,0,0,0.9
PNI,-0.04250111976805799,56,0,0,0.9
PNNT,-0.2190253717996924,14,1,23,1.0
PNR,-0.19141221307644002,18,1,72,1.0
PNRG,-0.1995499874803197,17,1,10,0.5
PNTG,-0.12690411455316172,28,1,11,0.55
PNW,-0.04391654573322998,54,0,0,0.9
POAS,-0.8998337181488577,0,1,7,0.35
POCI,0.2244823187174932,91,0,0,0.1
PODC,0.5799826838023042,97,0,0,0.05
PODD,-0.23014828826809403,13,1,76,1.0
POET,0.5484762825519848,96,1,2,0.15
POLA,-0.03389812032869914,60,1,2,0.45
POLE,-0.045459893308203665,53,0,0,0.9
POLEU,-0.024419629724251476,63,0,0,0.45
POM,-0.783002798455833,0,1,21,1.0
PONY,-0.1716966175113463,20,1,3,0.7
POOL,-0.1411182819201824,25,1,1,0.95
POR,-0.06790154465990322,43,0,0,0.85
POST,-0.17778490704611055,20,1,33,1.0
POWI,0.2372323824789142,91,1,1,0.3
POWL,0.1710463735570782,89,0,0,0.3
POWW,-0.0770117427731191,40,1,5,0.8
POWWP,-0.06697032863978275,43,1,1,0.95
PPBT,-0.34271223550651375,6,1,29,1.0
PPC,-0.181441964895807,19,0,0,0.9
PPCB,-0.5630195748218939,2,1,34,1.0
PPG,-0.011873999875890738,66,0,0,0.5
PPIH,-0.06662949157550381,43,1,2,0.9
PPL,-0.114338089208565,31,1,1,0.95
PPLI,-0.026465807844331998,62,1,5,0.8
PPSI,0.09471019313769367,84,1,2,0.15
PPT,-0.05803694288659321,46,1,1,0.95
PPTA,-0.2796839656210372,9,1,16,0.8
PR,-0.071991002371048,42,1,13,0.95
PRA,-0.045405855285864834,53,0,0,0.9
PRAA,-0.2796594079746293,9,1,1,0.95
PRAX,-0.2707352426340882,10,1,6,0.55
PRCH,0.014396691829944186,73,1,4,0.45
PRCT,0.0861235884856152,83,0,0,0.3
PRDO,-0.07716392752503236,40,0,0,0.9
PRE,0.07729403661122002,82,0,0,0.5
PRFX,-0.36899991075584093,5,1,4,0.85
PRG,0.04339958953434554,77,0,0,0.5
PRGO,0.01784560297284772,74,0,0,0.9
PRGS,-0.03580741561481525,59,0,0,0.35
PRHI,0.054307366654605005,79,0,0,0.55
PRI,-0.059483097472934905,46,1,11,0.8
PRIM,-0.06937934352416306,42,1,23,1.0
PRK,-0.027330262065913578,62,0,0,0.9
PRKS,0.11894101084890522,85,0,0,0.45
PRLB,0.14852870415554953,87,0,0,0.0
PRLD,-0.1574953414533108,23,1,19,0.95
PRM,0.10723748504890508,85,0,0,0.5
PRMB,0.0444324147939741,77,0,0,0.05
PRME,-0.18183356024500213,19,1,2,0.75
PROF,-0.03810058484022631,58,1,16,0.8
PROK,-0.1766595638547576,20,1,1,0.8
PROP,-0.4261279679653534,3,1,42,1.0
PROV,-0.04770147602783428,51,1,1,0.95
PRPL,-0.3672989018255732,5,1,46,1.0
PRPO,-0.2469017959213633,12,1,21,1.0
PRQR,-0.1549387256802386,23,1,35,1.0
PRSO,-0.12827642904390157,28,1,2,0.6
PRSU,0.060073727520493156,80,0,0,0.4
PRT,-0.33397213948829785,6,1,44,1.0
PRTA,-0.22935364930810104,13,1,22,1.0
PRTH,0.06887247339423036,81,0,0,0.2
PRTS,-0.33290666755056586,6,1,23,1.0
PRU,0.022309404147020734,74,0,0,0.55
PRVA,-0.13900895780938194,26,1,24,1.0
PRZO,-0.20791597384962907,16,1,2,0.7
PSA,-0.02213657514742354,64,0,0,0.9
PSBD,-0.049323679829082576,50,1,1,0.95
PSEC,-0.19927971412108775,17,1,5,0.95
PSF,-0.05089568013618131,50,0,0,0.9
PSFE,-0.21802065423950323,15,1,17,0.95
PSHG,-0.10832036365306612,32,0,0,0.9
PSIG,0.3684713786861634,94,0,0,0.0
PSIX,-0.4500820115394401,3,1,20,1.0
PSKY,-0.09429426267466444,35,1,5,0.9
PSMT,0.09040732805980146,83,0,0,0.25
PSN,-0.0032859791822365675,69,0,0,0.45
PSNL,0.5081309504295198,96,0,0,0.1
PSNY,-0.029791331346828594,61,1,6,0.3
PSNYW,-0.2216674783434972,14,1,46,1.0
PSO,0.04408594136885566,77,0,0,0.6
PSQH,-0.2605878673405784,11,1,19,0.95
PSTL,0.04247385624470085,77,0,0,0.25
PSTV,0.0836761026559036,82,1,7,0.7
PSX,0.05360568132898853,79,0,0,0.45
PTA,-0.04104636447419443,57,1,1,0.95
PTC,-0.14167606854670692,25,1,10,0.8
PTCT,0.0032050859319125782,70,0,0,0.65
PTEN,0.08208482522978931,82,0,0,0.35
PTGX,-0.0650840120178224,44,1,2,0.9
PTHS,0.04627023410703217,78,0,0,0.35
PTLE,-0.23716919497906735,12,0,0,0.8
PTLO,-0.24156854306742037,12,1,25,1.0
PTN,-0.33694832469515984,6,1,29,1.0
PTNM,-0.05184034032683803,49,0,0,0.9
PTON,0.10737218496834029,85,1,1,0.45
PTRN,0.3909244785744661,95,0,0,0.0
PTY,-0.07348305474032577,41,0,0,0.9
PUBM,0.1533935681041652,88,0,0,0.35
PUK,-0.21788772031215914,15,1,21,1.0
PULM,-0.009166740999785664,67,0,0,0.65
PUMP,-0.005199315751459668,68,1,11,0.6
PURR,0.46085766615324586,96,0,0,0.1
PUSA,0.15485065959014732,88,0,0,0.5
PVH,-0.11693160337980997,30,1,3,0.6
PVL,-0.06431376424083828,44,1,10,0.75
PVLA,-0.17686161734057987,20,1,32,1.0
PW,0.28832611999171187,93,0,0,0.6
PWP,-0.20440109079656793,16,1,26,1.0
PWR,0.015788870190290835,73,1,9,0.7
PXED,-0.04345775663694725,55,0,0,0.55
PXLW,0.10064084720396503,84,1,2,0.25
PXS,-0.0035095263265379484,69,0,0,0.55
PYPD,0.017728674290930432,74,1,2,0.5
PYPL,-0.15380948688699128,23,1,24,1.0
PYXS,-0.10771521566856736,32,1,15,0.75
PZG,-0.33928047020362756,6,1,61,1.0
PZZA,-0.09547133205152772,35,1,7,0.95
Q,0.039617276467133575,77,1,7,0.45
QBTS,0.33864186335539503,94,0,0,0.25
QCLS,-0.049303961305828606,50,1,6,0.6
QCOM,0.318490431965012,93,0,0,0.05
QCRH,-9.444515187225638e-05,70,0,0,0.85
QDEL,0.04900822902121514,78,0,0,0.5
QETA,-0.016091229275766596,65,0,0,0.65
QETAU,-0.08871977760035958,37,1,3,0.65
QFIN,0.0310715744318366,76,0,0,0.5
QGEN,-0.08066396931806288,39,0,0,0.65
QLYS,0.13668770378704503,87,0,0,0.25
QMCO,0.7198276351929974,97,0,0,0.15
QNCX,-0.31637464053103304,7,1,42,1.0
QNRX,-0.3558238166417847,5,1,26,1.0
QNST,-0.1215531647435213,29,1,21,1.0
QNTM,-0.07641422250118535,40,1,6,0.3
QQQX,-0.009105446444424736,67,1,4,0.8
QRHC,0.042755609145635434,77,0,0,0.45
QRVO,0.1421373569199198,87,0,0,0.1
QS,0.05930408472075119,80,1,2,0.25
QSEA,-0.04094933464985816,57,0,0,0.9
QSEAU,-0.05375436158735916,48,1,39,1.0
QSI,0.14080173915727656,87,1,2,0.5
QSR,-0.12689873946900443,28,1,23,1.0
QTEX,1.9999306292818455,99,1,2,0.55
QTI,-0.48577597226409935,2,1,18,0.9
QTRX,-0.09171858151118698,36,0,0,0.6
QTTB,1.1854034893777745,98,0,0,0.25
QTWO,-0.16096070737310364,22,1,5,0.95
QUAD,-0.019823932833920165,64,0,0,0.85
QUBT,0.21703461691853443,91,1,2,0.25
QUCY,3.5552329722101055,99,1,2,0.25
QUIK,0.6475701000802448,97,0,0,0.0
QUMS,-0.04393898100137158,54,0,0,0.9
QUMSU,-0.04796139543483678,51,0,0,0.9
QURE,0.31708719441706334,93,0,0,0.0
QXL,0.826893319430811,98,0,0,0.0
QXO,-0.2671764294114838,10,1,34,1.0
R,0.15065606601571668,88,0,0,0.4
RA,-0.05451238458454089,48,0,0,0.9
RAAQ,-0.03323496369953047,60,1,3,0.5
RAAQU,0.07161089616380756,81,1,1,0.15
RAC,-0.05260737607673139,49,0,0,0.9
RACE,-0.02201752966111295,64,0,0,0.65
RADX,-0.09224644381329482,36,1,5,0.65
RAIL,-0.1474347393764539,24,0,0,0.95
RAIN,0.10102403272752498,84,0,0,0.35
RAL,0.29985032745489637,93,0,0,0.0
RAMP,0.2463553025698293,92,0,0,0.25
RAND,-0.1174772701698479,30,1,9,0.95
RANG,-0.04756004803900821,52,0,0,0.9
RANGU,-0.05091610472943607,50,1,7,0.75
RANI,-0.17572430624207896,20,1,10,0.6
RAPP,-0.02570187502868867,63,1,6,0.55
RARE,-0.16795218614800583,21,1,17,0.85
RAVE,0.07662677684495854,82,0,0,0.35
RAY,-0.1601020852428307,22,1,9,0.45
RAYA,-0.2810571032819704,9,0,0,0.8
RBA,-0.031711518057696175,60,0,0,0.9
RBB,0.009462994207411937,72,0,0,0.9
RBBN,0.13220365629616992,86,0,0,0.45
RBC,-0.05431779238177312,48,0,0,0.9
RBCAA,0.09903985211271195,84,0,0,0.35
RBKB,-0.015390727806425884,66,0,0,0.65
RBLX,-0.2155579682094425,15,1,33,1.0
RBNE,-0.42527739817234594,3,1,43,1.0
RBRK,0.19915364130621022,90,0,0,0.0
RC,-0.1346930754458749,27,1,11,0.95
RCAT,0.012967757208301386,73,0,0,0.55
RCEL,-0.08210051478243718,39,1,10,0.85
RCG,-0.1059544297317063,33,0,0,0.9
RCI,-0.008136922963523294,67,0,0,0.55
RCKT,-0.35331777422294,5,1,22,1.0
RCKY,-0.07692573942248357,40,0,0,0.65
RCL,-0.08320220232420267,38,1,1,0.6
RCMT,-0.13310320588021785,27,1,23,1.0
RCON,-0.4136176446451972,4,1,27,1.0
RCS,-0.035915210351411986,59,0,0,0.85
RCT,-0.29547209761943644,8,1,5,0.85
RCUS,-0.07336439983523217,41,1,5,0.9
RDAC,0.21466953205346917,90,1,6,0.3
RDACU,0.0054643258972732894,71,0,0,0.75
RDAG,-0.04142841240581166,56,0,0,0.9
RDAGU,-0.050004835791357255,50,0,0,0.9
RDCM,-0.10886071870499117,32,1,4,0.65
RDDT,0.07059715660997358,81,0,0,0.6
RDGT,-0.4119026893455334,4,1,53,1.0
RDHL,0.056389347922151986,79,0,0,0.55
RDI,0.030495784904012738,75,0,0,0.55
RDIB,-0.20022317826689867,17,1,13,0.95
RDN,-0.10725841007933701,32,1,12,0.75
RDNT,-0.11648922238437967,30,1,1,0.95
RDNW,-0.012770556810786746,66,1,4,0.25
RDVT,0.15199686293765757,88,0,0,0.0
RDW,0.9219779176766287,98,0,0,0.0
RDWR,-0.009783387042004973,67,1,3,0.35
RDY,-0.07563529414298067,40,1,28,1.0
RDZN,0.16324983833813572,88,1,2,0.1
REAL,-0.23994582557137284,12,1,21,1.0
REAX,-0.33679753475942675,6,1,32,1.0
REBN,-0.35456144316491195,5,1,25,1.0
RECT,-0.14420225888914373,25,1,3,0.85
REE,-0.24839644362997693,11,1,41,1.0
REED,-0.5255760089513334,2,1,33,1.0
REFI,-0.08149571263645874,39,1,28,1.0
REFR,-0.2187186502991607,14,1,31,1.0
REG,-0.05470166900012488,48,0,0,0.9
REGCO,-0.05733775066754393,47,1,12,0.95
REGCP,-0.05538280447850532,47,1,43,1.0
REGN,-0.22662304569156277,14,1,43,1.0
REI,-0.2293486616728847,13,1,18,0.95
REKR,-0.17883260292746228,19,1,4,0.85
RELL,0.22836261965603627,91,0,0,0.1
RELX,-0.028198933167784934,62,0,0,0.8
RELY,-0.09693882046629124,35,1,15,0.75
RENT,-0.35370551604747086,5,1,35,1.0
RENX,-0.37273752299078183,4,1,25,1.0
REPL,0.9561178259190223,98,0,0,0.0
REPX,-0.03336526139656999,60,1,10,0.7
RERE,-0.1760512347779084,20,1,11,0.85
RES,0.0008874193646250805,70,0,0,0.9
RETO,-0.34653736782044214,6,1,33,1.0
REVB,-0.14851658160929254,24,1,96,1.0
REX,-0.050204126023392165,50,1,13,0.75
REXR,-0.09067649914750688,36,1,33,1.0
REYN,-0.01909965110084623,64,0,0,0.85
REZI,-0.2627114927583294,10,1,22,1.0
RF,-0.007268573183294776,68,0,0,0.85
RFAI,-0.04275885409949188,55,0,0,0.9
RFAIU,0.10037364447982834,84,0,0,0.8
RFI,-0.06442577167758458,44,0,0,0.9
RFIL,0.2586724674987627,92,1,2,0.1
RFL,0.1998838940221575,90,0,0,0.25
RFM,-0.042345141217981185,56,0,0,0.9
RFMZ,-0.017696270242483755,65,0,0,0.9
RGA,-0.09428887577518183,35,1,1,0.85
RGC,-0.32462383495575614,7,1,21,1.0
RGCO,-0.08616623657489586,38,1,1,0.85
RGEN,-0.04626729805718571,53,0,0,0.6
RGLD,-0.2334800070780842,13,1,38,1.0
RGNT,-0.5710771430425062,1,1,94,1.0
RGNX,-0.4274719806569275,3,1,17,0.85
RGP,0.10999072247433687,85,0,0,0.2
RGR,-0.07814310969646446,40,1,26,1.0
RGS,0.03789814227938815,77,1,7,0.45
RGT,-0.06021185752341296,46,1,33,1.0
RGTI,0.23824489510407432,91,1,2,0.35
RH,0.07205202853521536,81,0,0,0.35
RHI,0.18304233799536884,89,0,0,0.4
RHLD,-0.13953863411039819,26,0,0,0.9
RHP,0.10952644427014606,85,0,0,0.2
RIBB,-0.03836856499318292,58,1,8,0.85
RIBBU,0.020099649600319083,74,0,0,0.8
RICK,-0.059249012077777496,46,0,0,0.8
RIG,-0.07557167232948725,40,1,12,0.75
RIGL,0.039183526199523824,77,0,0,0.6
RILY,0.021619363435689695,74,1,4,0.3
RILYL,0.19009705211834177,89,0,0,0.0
RILYP,0.26416535760414245,92,0,0,0.0
RIME,-0.33058302595743116,6,1,5,0.95
RIO,-0.03143439262951437,61,1,3,0.55
RIOT,0.3088484675838191,93,0,0,0.0
RITM,-0.12449040863175792,29,1,33,1.0
RITR,-0.1393670531116687,26,1,5,0.95
RIV,-0.04612262669709268,53,1,42,1.0
RIVN,0.0878636510259463,83,0,0,0.6
RJET,-0.2255599535182527,14,1,7,0.55
RJF,-0.05848687272308532,46,0,0,0.9
RKDA,-0.3370910402203612,6,1,1,0.95
RKLB,0.4828572590694483,96,1,6,0.3
RKT,-0.21325964727156027,15,1,20,1.0
RL,-0.009291258184362723,67,0,0,0.6
RLAY,0.045976774313171376,78,1,2,0.5
RLGT,0.09412504778697257,83,0,0,0.65
RLI,-0.04684693686021882,52,0,0,0.85
RLJ,0.2306939421716841,91,0,0,0.0
RLMD,-0.26256754570603436,10,1,22,1.0
RLTY,-0.035773044504405334,59,0,0,0.9
RLX,-0.1382023455708452,26,1,48,1.0
RLYB,0.367037124989363,94,0,0,0.0
RM,-0.012938792306613572,66,0,0,0.7
RMAX,0.16427361848179317,88,0,0,0.55
RMBI,-0.01643710450000048,65,0,0,0.9
RMBS,0.3417469664509962,94,0,0,0.1
RMCF,-0.35627975815303126,5,1,16,0.85
RMCO,-0.20356193706242903,16,0,0,0.75
RMD,-0.178602080032302,19,1,64,1.0
RMI,-0.06636309877567936,43,1,1,0.95
RMM,-0.03279009949088976,60,0,0,0.9
RMMZ,-0.044306275782897295,54,0,0,0.9
RMNI,0.06685032426204268,81,0,0,0.6
RMR,0.1299704304637863,86,0,0,0.05
RMSG,-0.08040414175380747,39,1,1,0.95
RMT,0.04191011408893017,77,0,0,0.45
RMTI,-0.2714584017633512,10,1,44,1.0
RNAC,-0.2769845598443495,9,1,6,0.75
RNAZ,-0.43123103481120456,3,1,56,1.0
RNG,-0.07764522032451313,40,1,2,0.55
RNGR,-0.06438544046716106,44,1,29,1.0
RNGT,-0.04593700897045197,53,0,0,0.9
RNGTU,-0.04236898643163634,56,0,0,0.85
RNP,-0.05925608595042564,46,1,1,0.95
RNR,-0.11689254168445662,30,1,1,0.95
RNST,0.001196179068808749,70,0,0,0.7
RNTX,-0.30678053520564263,7,1,30,1.0
RNW,0.09867815588541394,84,0,0,0.15
RNXT,-0.043864185997951416,55,1,2,0.75
ROAD,-0.19712442277693237,17,1,19,0.95
ROCK,-0.061072011320221664,45,0,0,0.85
ROG,0.10114737551288967,84,0,0,0.3
ROIV,-0.05176329827738924,49,1,10,0.85
ROK,0.042983384842698355,77,0,0,0.15
ROKU,0.04971967932265825,78,1,5,0.3
ROL,-0.20346586275126194,16,1,31,1.0
ROLR,0.1948910865494734,90,0,0,0.85
ROMA,0.3212854936275348,93,1,3,0.35
ROOT,0.028411354282780896,75,0,0,0.5
ROP,-0.11266435698142108,31,0,0,0.85
ROST,-0.026498137913580275,62,0,0,0.6
RPAY,0.06849532308492215,81,1,2,0.65
RPC,-0.015594296921180209,65,0,0,0.55
RPD,0.11728179397991174,85,0,0,0.15
RPGL,-1.00490220546688,0,1,21,1.0
RPID,-0.3077078497088122,7,1,18,0.9
RPM,-0.04093421435014511,57,0,0,0.7
RPRX,0.08251106669327012,82,0,0,0.05
RPT,-0.04772313000583217,51,0,0,0.9
RQI,-0.023674113199007824,63,0,0,0.9
RR,-0.04678812195321207,52,1,4,0.4
RRBI,-0.056614299269546316,47,0,0,0.9
RRC,-0.11409475479524504,31,1,13,0.95
RRGB,0.15380091647005767,88,0,0,0.25
RRR,-0.005102780049435013,68,0,0,0.45
RRX,-0.018082575862105557,65,0,0,0.75
RS,0.12200951191353017,86,0,0,0.35
RSF,-0.035251168156651,59,0,0,0.9
RSG,-0.08090332216976615,39,1,1,0.85
RSI,0.021897525438558357,74,0,0,0.45
RSKD,0.018662449167313536,74,0,0,0.5
RSSS,-0.1499142066838454,24,1,16,0.9
RSVR,-0.038026259811057714,58,0,0,0.8
RTAC,-0.04201938217208009,56,0,0,0.9
RTACU,-0.046179723946462525,53,0,0,0.9
RTB,-0.38501502884051936,4,1,17,0.85
RTO,-0.15768162389602441,23,1,37,1.0
RTX,-0.1076006394459435,32,0,0,0.9
RUBI,-0.9157122419176728,0,1,122,1.0
RUM,0.23158917414949298,91,1,4,0.35
RUN,-0.035427947416680095,59,1,3,0.3
RUSHA,-0.08341766490743059,38,1,28,1.0
RUSHB,-0.05803793563176007,46,0,0,0.9
RVLV,-0.17107770957987273,20,1,28,1.0
RVMD,0.22717978709549602,91,1,1,0.1
RVP,-0.04548053026738445,53,0,0,0.65
RVSB,-0.02009206111108458,64,0,0,0.7
RVSN,-0.45676034360875467,3,1,96,1.0
RVT,-0.05644880755301524,47,1,29,1.0
RVTY,0.006561950285510973,71,0,0,0.35
RWAY,-0.13393211057880094,27,1,24,1.0
RWT,-0.15945597951297114,22,1,37,1.0
RXO,0.47929829203424146,96,0,0,0.2
RXRX,-0.06121600701560803,45,1,2,0.7
RXST,-0.2903533457933063,8,1,24,1.0
RXT,1.431760093731586,98,1,1,0.05
RY,0.07545343275235523,82,0,0,0.25
RYAAY,-0.1351347025391631,26,1,6,0.75
RYAM,-0.2046294895744063,16,1,45,1.0
RYAN,-0.10960334066491736,32,1,1,0.85
RYDE,-0.2471460638672366,12,1,8,0.95
RYET,-0.16930864361219639,21,0,0,0.95
RYM,0.14150206858324577,87,0,0,0.9
RYN,-0.05016498724641881,50,0,0,0.9
RYOJ,0.3532257530832451,94,1,1,0.5
RYTM,-0.1190372130167059,30,1,7,0.8
RYZ,0.0595059786139288,80,0,0,0.45
RZLT,0.20248080875731167,90,0,0,0.6
RZLV,-0.13938677875652358,26,1,4,0.7
S,0.01233265060928554,72,1,4,0.25
SA,-0.15722644861106078,23,1,2,0.5
SABA,-0.04865440214585825,51,1,41,1.0
SABR,-0.12236966319871889,29,1,2,0.7
SABS,-0.18565062884395717,19,1,10,0.9
SACH,-0.09600315686194658,35,1,2,0.35
SAFE,-0.010634246599786276,67,0,0,0.85
SAFT,-0.08753794273316495,37,1,1,0.95
SAFX,-0.19023037529310455,18,1,4,0.65
SAGT,-0.46528582466794116,3,1,27,1.0
SAH,0.11206790285081399,85,0,0,0.35
SAIA,0.10442698693024259,84,0,0,0.1
SAIC,0.13847338516727298,87,0,0,0.45
SAIH,0.13140449811418137,86,0,0,0.5
SAIL,0.3308357638662831,94,0,0,0.15
SAM,-0.2819334403495124,9,1,40,1.0
SAMG,-0.253355657518798,11,1,48,1.0
SAN,-0.03013834110831622,61,0,0,0.6
SANA,-0.2545911776480169,11,1,19,0.95
SANG,-0.2063531090634615,16,1,29,1.0
SANM,0.4223816223849497,95,0,0,0.0
SAP,-0.018017040470546385,65,0,0,0.45
SAR,-0.03750164658141392,58,0,0,0.9
SARO,-0.124638137626713,29,1,5,0.5
SATA,-0.03481652720062732,59,0,0,0.95
SATL,0.22146884187750243,91,1,6,0.3
SATS,-0.07925958242441764,40,1,12,0.6
SB,-0.08467474961038599,38,1,16,0.8
SBAC,-0.10840790637384769,32,1,1,0.95
SBC,-0.23280497766656605,13,1,35,1.0
SBCF,-0.08560019786147331,38,1,1,0.95
SBET,-0.2781634529718296,9,1,19,0.95
SBEV,-0.018973564409618338,65,0,0,0.8
SBFG,-0.0401023160571619,57,0,0,0.85
SBFM,-0.8261279824052136,0,1,21,1.0
SBGI,-0.047028086188865545,52,0,0,0.95
SBH,-0.14719015985341347,24,1,32,1.0
SBI,-0.056654891412407635,47,1,1,0.95
SBLK,-0.0027669482667142947,69,0,0,0.3
SBR,0.0019081588616921483,70,0,0,0.7
SBRA,-0.15051162922382905,24,1,12,0.85
SBS,-0.19358038790580823,18,1,29,1.0
SBSI,-0.028053839273151044,62,0,0,0.9
SBSW,-0.32312061585402363,7,1,17,0.85
SBUX,-0.10891589850683692,32,1,12,0.7
SBXD,-0.04811941364283544,51,0,0,0.9
SCAG,-0.651965498828971,1,1,1,0.95
SCCO,-0.11079651899668119,31,1,2,0.45
SCD,-0.025030852820358516,63,0,0,0.85
SCHL,0.053222094585822374,79,0,0,0.55
SCHW,-0.09645012049402722,35,1,1,0.95
SCI,-0.16388086827694154,22,1,27,1.0
SCIIU,-0.05203659696313406,49,0,0,0.9
SCKT,-0.08523896295244919,38,1,3,0.8
SCL,-0.03508640719359859,59,0,0,0.75
SCLX,-0.17511069250155403,20,1,2,0.8
SCM,-0.11680709257367126,30,1,25,1.0
SCNI,-0.3549937869288209,5,1,25,1.0
SCNX,-0.1550315544719646,23,1,6,0.85
SCOR,0.07401914130946087,81,0,0,0.6
SCSC,0.1497373395542535,87,0,0,0.2
SCVL,-0.10420824507095837,33,1,6,0.9
SCWO,-0.014235914465337202,66,0,0,0.75
SCYX,-0.46431299108403773,3,1,31,1.0
SCZM,-0.32774577480568273,7,1,16,0.8
SD,-0.05436961819055858,48,0,0,0.75
SDA,-0.19967315987280915,17,0,0,0.7
SDEV,-0.28565861630607037,9,1,15,0.75
SDGR,0.08837431465069635,83,0,0,0.4
SDHC,-0.06961538934866987,42,0,0,0.7
SDHI,-0.048267618640069176,51,0,0,0.9
SDHIU,-0.05519820439161924,47,0,0,0.9
SDHY,-0.04102572133256729,57,0,0,0.9
SDM,-0.05184034032683803,49,0,0,0.9
SDOT,0.7550784195871315,97,0,0,0.85
SDRL,-0.0828214972693159,39,1,11,0.6
SDST,-0.29577214823463577,8,1,10,0.95
SE,-0.09058607687247258,36,1,2,0.65
SEAT,-0.015755919056326652,65,1,1,0.3
SEB,-0.020288083213525765,64,1,1,0.75
SEDG,0.5869048357443042,97,0,0,0.15
SEED,-0.2490333370977958,11,1,31,1.0
SEER,-0.06023500043150287,46,1,7,0.85
SEG,0.01992280330858444,74,0,0,0.3
SEGG,0.7830829514820554,98,0,0,0.05
SEI,0.09193417384584478,83,0,0,0.5
SEIC,0.0025991745182814274,70,0,0,0.65
SELF,-0.1082124124625698,32,1,23,1.0
SEM,-0.03602583791591035,59,0,0,0.9
SENEA,-0.062268982256120084,45,0,0,0.8
SENEB,-0.017348033023917103,65,0,0,0.7
SENS,0.1594716852464529,88,0,0,0.4
SEPN,0.16404024887472607,88,0,0,0.15
SER,-0.0058065322461967744,68,0,0,0.65
SERA,-0.003565009357000895,69,0,0,0.45
SERV,-0.2001092623152852,17,1,5,0.85
SES,0.0905045415204535,83,1,2,0.4
SEVN,-0.01763247475319739,65,0,0,0.7
SEZL,0.4125853580172024,95,0,0,0.0
SF,-0.11874152939365515,30,1,33,1.0
SFBC,-0.069615269706677,42,0,0,0.9
SFBS,-0.05097054845802491,49,0,0,0.9
SFD,-0.04718386056841764,52,0,0,0.9
SFHG,-0.13485709385136702,27,1,12,0.95
SFIX,0.03147339607065866,76,0,0,0.7
SFL,-0.06828194879977391,43,1,11,0.55
SFM,0.0492988633566077,78,0,0,0.3
SFNC,-0.0032170266747916995,69,0,0,0.9
SFST,0.010906049184257277,72,0,0,0.85
SFWL,0.015859784525567938,73,0,0,0.65
SG,0.13218575926298398,86,1,5,0.45
SGA,-0.23725389570741,12,1,45,1.0
SGC,0.12049386975088831,85,0,0,0.4
SGHC,0.03678013741916787,76,0,0,0.4
SGHT,0.01132162492622181,72,1,7,0.4
SGI,-0.13874721643219484,26,1,33,1.0
SGLY,-0.21990254317955782,14,1,23,1.0
SGML,-0.2817350729737143,9,1,20,1.0
SGMT,-0.0312861372960168,61,1,17,0.85
SGRP,0.10698317619464894,85,0,0,0.25
SGRY,-0.03081541502065409,61,0,0,0.9
SGU,-0.07453762725730802,41,0,0,0.9
SHAK,-0.39633414536299355,4,1,26,1.0
SHBI,0.05982715955963745,80,0,0,0.5
SHC,-0.015865473279208828,65,0,0,0.85
SHEL,-0.05205104326236848,49,0,0,0.9
SHEN,0.004945816649564644,71,0,0,0.85
SHFS,-0.4516684434346294,3,1,30,1.0
SHG,-0.08401138751725637,38,1,1,0.9
SHIM,-0.21984637330067774,14,1,20,1.0
SHIP,-0.014476383516374217,66,0,0,0.5
SHLS,0.49011229667501344,96,0,0,0.0
SHMD,-0.13443684197871336,27,1,7,0.5
SHO,0.12842768725342452,86,0,0,0.1
SHOO,0.16196249385044814,88,0,0,0.35
SHOP,-0.11345407677335129,31,1,2,0.75
SHPH,-0.41768634860735576,3,1,26,1.0
SHW,-0.1343152842002151,27,1,1,0.95
SIBN,0.06194952329235416,80,0,0,0.3
SID,-0.20136556728413535,16,1,4,0.75
SIDU,0.3769105966059237,94,1,2,0.25
SIEB,-0.04230098739299569,56,1,1,0.7
SIF,0.328884443173514,94,0,0,0.0
SIFY,0.014966696595903939,73,1,2,0.2
SIG,-0.10447406318039376,33,0,0,0.75
SIGA,-0.13568552672994577,26,1,7,0.75
SIGI,0.022097033986567677,74,0,0,0.45
SIGIP,-0.06566555177232619,44,1,48,1.0
SII,-0.22329504557568186,14,1,18,0.9
SILA,0.08087805211103725,82,0,0,0.5
SILC,0.4839882704630909,96,0,0,0.15
SILO,-0.026986712976268357,62,0,0,0.85
SIM,-0.09376540392582348,35,0,0,0.9
SIMA,-0.04250563074785781,55,0,0,0.75
SIMAU,0.516458686982301,96,0,0,0.5
SIMO,0.5739740595530471,97,0,0,0.05
SINT,-0.23824054178440596,12,1,38,1.0
SION,-0.21433073415872395,15,1,6,0.65
SIRI,0.0759419229254557,82,1,4,0.55
SITC,-0.1441398747620295,25,1,70,1.0
SITE,-0.26334407290942075,10,1,30,1.0
SITM,0.24218903047799656,91,1,3,0.3
SJ,-0.05355100970897441,48,1,1,0.6
SJM,-0.016430379264589803,65,0,0,0.45
SJT,-0.2178696667478069,15,1,48,1.0
SKBL,-0.09807007572628074,34,1,7,0.95
SKE,-0.1914421928487549,18,1,16,0.8
SKIL,0.2201310916712862,91,1,4,0.55
SKIN,-0.3919538093543058,4,1,7,0.85
SKK,0.2325651362643797,91,0,0,0.65
SKLZ,1.2066902457543662,98,0,0,0.0
SKM,0.10688875188883322,85,0,0,0.4
SKT,-0.02077078935372006,64,0,0,0.9
SKWD,-0.03891133137771062,58,0,0,0.6
SKY,-0.06349916205307293,44,0,0,0.8
SKYA,-0.3140999803782243,7,1,16,0.8
SKYE,-0.083669998591295,38,1,7,0.9
SKYH,-0.10494203244844602,33,1,33,1.0
SKYQ,-0.6255671155391673,1,1,32,1.0
SKYT,0.14532571283555284,87,0,0,0.05
SKYW,-0.13261948588219696,27,1,1,0.95
SKYX,-0.3136455605991828,7,1,4,0.95
SLAB,-0.02484148002763563,63,0,0,0.9
SLAI,-0.4514578949239309,3,1,11,0.95
SLB,0.054092475453789965,79,0,0,0.55
SLDB,-0.1988905554665445,17,1,2,0.9
SLDE,-0.1547171248316076,23,1,14,0.95
SLDP,-0.0656597310763829,44,1,2,0.6
SLE,-0.2589637629686501,11,1,11,0.75
SLF,0.05346159722531403,79,0,0,0.6
SLG,0.124499144136423,86,0,0,0.45
SLGB,-0.34853933915661134,6,1,44,1.0
SLGL,0.0337732629768443,76,0,0,0.65
SLGN,-0.1585384749769207,22,1,41,1.0
SLI,-0.16511507394498282,22,1,4,0.65
SLM,-0.017054305212436123,65,0,0,0.9
SLMBP,-0.029835919169164025,61,0,0,0.9
SLMT,-0.40483121004621325,4,1,34,1.0
SLN,-0.08285929626795996,39,1,2,0.9
SLND,-0.05241449570640537,49,1,4,0.4
SLNG,0.2051306737908103,90,0,0,0.7
SLNH,0.3271645821177422,93,1,7,0.4
SLNHP,0.16643172816063456,88,0,0,0.15
SLP,0.06663708169811854,81,0,0,0.4
SLQT,-0.07238662871912971,41,1,5,0.45
SLRC,-0.14535537129688667,25,1,24,1.0
SLS,0.5178681326543663,96,0,0,0.0
SLSN,-0.07786888622820527,40,1,1,0.65
SLSR,-0.1313546835818058,27,1,3,0.6
SLVM,-0.14816985559892598,24,1,22,1.0
SLXN,-0.3858624561594493,4,1,61,1.0
SM,0.09807838110340684,84,0,0,0.2
SMA,-0.07071388693633993,42,0,0,0.9
SMBC,-0.008930461611330716,67,0,0,0.8
SMBK,-0.021865507745713393,64,0,0,0.9
SMC,-0.07698427814368175,40,1,11,0.75
SMCI,0.44219117210201764,95,0,0,0.1
SMFG,0.040832572037991385,77,0,0,0.35
SMG,-0.1308546237645561,27,1,8,0.95
SMHI,-0.0819719129451989,39,1,5,0.9
SMID,-0.16373977664474976,22,1,7,0.95
SMJF,0.5629805562109054,97,0,0,0.15
SMMT,-0.23591367345052106,13,1,29,1.0
SMP,-0.0037299805044961054,69,0,0,0.75
SMPL,-0.16993463970534753,21,0,0,0.9
SMR,-0.11982029586234025,30,1,4,0.65
SMRT,-0.1938433511529255,18,1,7,0.9
SMSI,-0.12080892903015503,29,1,5,0.8
SMTC,0.5224921565100676,96,0,0,0.0
SMTI,0.12987993070479537,86,0,0,0.2
SMTK,1.6106138668196675,99,0,0,0.55
SMWB,0.34261039630623585,94,0,0,0.05
SMX,1.917249157623927,99,1,4,0.3
SMXT,-0.20039307761912578,17,1,46,1.0
SN,0.0004716453689899078,70,0,0,0.5
SNA,-0.02762128768404465,62,0,0,0.8
SNAL,0.36982807813572355,94,1,6,0.45
SNAP,-0.0008084478384638438,69,1,1,0.8
SNBR,-0.8540406954432956,0,1,20,1.0
SND,0.21215283393014028,90,0,0,0.8
SNDA,-0.10534026951802117,33,1,11,0.8
SNDL,-0.043675692827260484,55,0,0,0.85
SNDR,0.2907422733324658,93,0,0,0.15
SNDX,-0.2897777456871727,8,1,41,1.0
SNES,-0.18944910082086375,18,1,7,0.55
SNEX,0.1440462822724134,87,0,0,0.45
SNFCA,-0.08622779407825296,38,1,1,0.95
SNGX,-0.19485580057316865,17,1,4,0.75
SNN,-0.09069594300701106,36,0,0,0.9
SNOA,-0.3599811296263591,5,1,34,1.0
SNOW,0.47421235435184383,96,0,0,0.2
SNPS,-0.020324304891026997,64,1,8,0.55
SNSE,-0.5671461294335763,2,1,30,1.0
SNT,-0.15992429381828466,22,1,76,1.0
SNTG,0.10604799135945371,85,0,0,0.55
SNTI,-0.04834969004931767,51,1,2,0.8
SNWV,-0.2373860124735469,12,1,17,0.95
SNX,0.29055105864521674,93,0,0,0.1
SNY,-0.040131129439229266,57,0,0,0.8
SNYR,-0.6601104435737597,1,1,47,1.0
SO,-0.0805474528781791,39,1,1,0.95
SOAR,-0.02889597305324102,61,0,0,0.7
SOBO,0.010409139261409975,72,0,0,0.25
SOBR,-0.13075776667948952,27,1,10,0.55
SOC,-0.06847829152629573,43,1,6,0.6
SOCA,-0.042293873244434954,56,0,0,0.9
SOCAU,-0.05051759031570552,50,0,0,0.9
SOFI,-0.06040808365228546,45,1,2,0.75
SOGP,-0.20518540363921428,16,1,23,1.0
SOHU,-0.21959155126557645,14,1,50,1.0
SOLS,-0.026130178684846614,62,1,3,0.5
SOLV,0.08951180762705956,83,0,0,0.1
SOMN,-0.08251395590446663,39,1,1,0.95
SON,-0.14757540056224305,24,1,40,1.0
SONM,0.13091679725335076,86,0,0,0.5
SONO,-0.0008337361701433316,69,1,2,0.45
SONY,0.02067948900490474,74,0,0,0.3
SOPH,-0.00025420289040957444,70,0,0,0.75
SOR,-0.06912603906455977,42,1,1,0.95
SORA,-0.012469589468133799,66,1,5,0.55
SOS,-0.17579191119492932,20,1,25,1.0
SOTK,0.1705005367585682,89,0,0,0.2
SOUL,-0.0456067858248064,53,0,0,0.9
SOUN,-0.14978520981165855,24,1,4,0.8
SOWG,-0.40713150162103173,4,1,49,1.0
SPAI,0.25838009284081354,92,0,0,0.45
SPB,-0.0038463290069175385,69,0,0,0.85
SPCB,0.055303904691211214,79,1,3,0.15
SPCE,0.5094478167415388,96,0,0,0.15
SPE,-0.06237666612360991,45,1,48,1.0
SPEG,-0.04417024344229988,54,0,0,0.9
SPEGU,-0.045066784994079796,54,0,0,0.75
SPFI,-0.06161876930277976,45,0,0,0.9
SPG,0.0010005487917005423,70,0,0,0.9
SPGI,-0.08942718655065848,37,1,1,0.95
SPH,-0.08637894470645924,38,1,12,0.85
SPHL,0.7107202831456384,97,0,0,0.8
SPHR,-0.0004292900463195165,69,0,0,0.6
SPIR,0.053383219042257735,79,1,4,0.3
SPKL,-0.03917716353749808,57,1,11,0.65
SPKLU,0.05996445212001779,80,0,0,0.35
SPMA,-0.04401909471621174,54,0,0,0.9
SPMC,0.08243314552661975,82,0,0,0.1
SPME,-0.034183017557527916,60,0,0,0.9
SPNT,-0.09368280571615546,35,1,12,0.85
SPOK,-0.06921914494867065,42,0,0,0.85
SPOT,0.03378085991450061,76,0,0,0.45
SPPL,0.5645673553942739,97,0,0,0.2
SPRB,-0.22464648676203575,14,1,34,1.0
SPRC,1.0089718773948715,98,0,0,0.6
SPRO,0.03238918111114604,76,1,1,0.35
SPRU,-0.28683482368263336,8,1,34,1.0
SPRY,-0.024417846902177232,63,0,0,0.55
SPSC,-0.09317780903299468,35,0,0,0.75
SPT,0.09438675080436017,83,0,0,0.15
SPWH,-0.15916481474813948,22,1,2,0.85
SPWR,-0.22999354356154267,13,1,2,0.75
SPXC,0.05254795664186711,79,0,0,0.55
SPXX,0.002222947252433785,70,0,0,0.6
SQFT,-0.3076741017438398,7,1,10,0.9
SQFTP,-0.2552759156128781,11,1,32,1.0
SQM,-0.18627320501009342,18,1,18,0.9
SQNS,0.1329929065472848,86,1,2,0.2
SR,-0.14849938067995233,24,1,40,1.0
SRAD,-0.055174780556817925,47,0,0,0.85
SRBK,-0.0010390332887822151,69,0,0,0.85
SRCE,0.0037648487600887293,71,0,0,0.9
SRE,-0.10416798571391539,33,1,1,0.95
SRFM,-0.27217843824291876,10,1,7,0.75
SRG,-0.06811516109212788,43,0,0,0.6
SRI,0.037254598520362364,76,0,0,0.35
SRL,-0.2149576310872489,15,1,63,1.0
SRPT,-0.2887246770165895,8,1,22,1.0
SRRK,-0.11945747823198827,30,1,8,0.7
SRTA,0.18107009744063418,89,0,0,0.0
SRTS,-0.41833238320960453,3,1,37,1.0
SRV,0.03220490991711748,76,0,0,0.45
SRXH,-0.010701877061931646,67,0,0,0.65
SRZN,-0.3250204192091858,7,1,22,1.0
SSB,-0.06477061243752942,44,0,0,0.9
SSBI,-0.053916749579644284,48,1,40,1.0
SSD,-0.050299058868230995,50,0,0,0.8
SSEA,-0.04475034392892155,54,0,0,0.9
SSEAU,-0.05026955941267105,50,0,0,0.9
SSII,-0.20559717482482104,16,1,3,0.95
SSL,0.08345032954390212,82,0,0,0.8
SSM,-0.2990607995869795,8,1,58,1.0
SSNC,-0.0873707980592041,37,0,0,0.8
SSP,-0.2815805778305901,9,1,22,1.0
SSRM,-0.2409424318291803,12,1,16,0.8
SSSS,0.10834335533372479,85,0,0,0.35
SST,-0.14262206928455912,25,1,2,0.7
SSTI,0.0598566013604107,80,0,0,0.6
SSTK,-0.2522059722205141,11,1,32,1.0
SSYS,0.027361886009744263,75,1,2,0.55
ST,0.22294587477937905,91,0,0,0.0
STAA,0.2548138691993613,92,0,0,0.3
STAG,-0.08243731188089684,39,1,28,1.0
STBA,0.016341405993174934,73,0,0,0.7
STC,-0.08410034213354367,38,1,1,0.95
STE,-0.09311676723210485,36,1,1,0.95
STEL,-0.041007457591498916,57,0,0,0.9
STEM,-0.2270690245862313,14,1,5,0.8
STEP,-0.1940440349083251,18,1,11,0.85
STEW,-0.04267528817308775,55,0,0,0.9
STEX,-0.18794886833079544,18,1,5,0.55
STFS,0.8549647954043184,98,0,0,0.05
STG,-0.1822264283147238,19,1,1,0.8
STGW,-0.011721556330739138,66,1,4,0.65
STHO,0.004729841943024782,71,0,0,0.6
STI,4.501918210758499,99,0,0,0.7
STIM,-0.25577025387298163,11,1,4,0.8
STK,0.12142658367095575,86,1,2,0.15
STKE,-0.032224277588167746,60,1,11,0.55
STKH,-0.36393451692622514,5,1,27,1.0
STKS,-0.1028130943607003,33,1,5,0.45
STLA,-0.10458410695414844,33,1,6,0.8
STLD,0.24308412238941424,92,0,0,0.2
STM,0.6602817531079003,97,0,0,0.0
STN,-0.2364914254420381,13,1,53,1.0
STNE,-0.11562630904779242,30,1,5,0.7
STNG,-0.09980823426688262,34,1,18,0.9
STOK,-0.20873772206517555,15,1,34,1.0
STRA,-0.0458316512453208,53,0,0,0.8
STRC,-0.06725713398895175,43,1,43,1.0
STRD,-0.14263056415900283,25,1,45,1.0
STRF,-0.09772542407483743,34,1,45,1.0
STRK,-0.16534677898946917,22,1,25,1.0
STRL,0.5633299685311738,97,0,0,0.0
STRO,-0.24760546584337473,12,1,15,0.75
STRR,0.07564046604488513,82,1,1,0.35
STRRP,-0.05840700378626703,46,1,1,0.95
STRS,-0.12516273963563967,29,1,43,1.0
STRT,-0.040309639566131636,57,0,0,0.5
STRW,-0.036853047416788326,59,0,0,0.75
STRZ,0.5264015159180903,96,0,0,0.0
STT,0.11573002647544652,85,0,0,0.3
STTK,-0.44410396556864995,3,1,28,1.0
STUB,0.31612825138234896,93,0,0,0.15
STVN,0.06998127199600834,81,0,0,0.05
STWD,-0.10437445746723194,33,1,28,1.0
STX,0.5193839933687089,96,0,0,0.0
STXS,-0.11929818375883416,30,1,6,0.8
STZ,-0.10965943890257926,32,1,36,1.0
SU,-0.03459203249062526,59,1,13,0.85
SUGP,-0.84882757147767,0,1,12,0.9
SUI,-0.1001764700011799,34,1,1,0.95
SUIG,-0.17307564996337993,20,1,10,0.7
SUN,-0.04729125020694973,52,1,10,0.55
SUNC,0.00601161004604675,71,1,10,0.5
SUNE,2.670273886212021,99,0,0,0.75
SUNS,-0.00796166772642827,68,0,0,0.15
SUPN,-0.20366036961493938,16,1,21,1.0
SUPV,-0.009987230052642078,67,0,0,0.55
SUPX,-0.01699838108051173,65,1,2,0.25
SURG,-0.26388707328760713,10,1,5,0.9
SUZ,-0.17301199335375195,20,1,46,1.0
SVAC,-0.04516411929396884,53,1,47,1.0
SVACU,0.003413313505859529,70,0,0,0.75
SVC,-0.047813941375331404,51,1,5,0.25
SVCC,-0.04227819121431514,56,0,0,0.9
SVCCU,-0.04557523351660275,53,0,0,0.9
SVCO,0.5919876187388158,97,0,0,0.5
SVM,-0.18560341446440237,19,1,4,0.7
SVRA,-0.11960269249833438,30,1,2,0.95
SVRE,0.03881716305725216,77,1,16,0.85
SVRN,0.14115043141383782,87,0,0,0.35
SVV,0.04388343105453739,77,0,0,0.4
SW,-0.07455983744815825,41,0,0,0.6
SWAG,0.19928033242544246,90,0,0,0.05
SWBI,-0.048536049245274125,51,1,10,0.8
SWIM,-0.1288351719666173,28,0,0,0.9
SWK,-0.01170748497729078,67,0,0,0.65
SWKS,0.21104747858664036,90,0,0,0.05
SWVL,-0.15592057826293976,23,1,6,0.95
SWX,-0.064470817727468,44,0,0,0.9
SXC,0.3270533650688633,93,0,0,0.0
SXI,0.04566805511020727,78,0,0,0.5
SXT,0.03836658060402599,77,0,0,0.6
SXTC,-0.23276632130711122,13,1,4,0.95
SXTP,-0.21410562317335946,15,1,38,1.0
SY,-0.4391243801284252,3,1,22,1.0
SYBT,-0.012417695693793057,66,0,0,0.9
SYF,-0.06880362643029309,42,1,28,1.0
SYK,-0.10813459955060342,32,1,1,0.85
SYM,-0.23878517327465598,12,1,22,1.0
SYNA,0.49354294087113604,96,0,0,0.05
SYNX,-0.06407417818113532,44,1,16,0.85
SYPR,-0.17093787375589886,21,1,4,0.75
SYRE,0.2068010677401218,90,0,0,0.35
SYY,-0.03988100758302723,57,0,0,0.75
SZZL,-0.04405447859362609,54,0,0,0.9
SZZLU,-0.04837434956331209,51,0,0,0.9
T,-0.19191959602106956,18,1,45,1.0
TAC,-0.09248340672573675,36,1,3,0.55
TACH,-0.04457149390326554,54,0,0,0.9
TACHU,-0.0334558150172657,60,0,0,0.9
TACO,-0.040726222863422944,57,0,0,0.9
TACOU,-0.0021819032582809927,69,0,0,0.65
TACT,0.3497646535090142,94,0,0,0.2
TAK,-0.15161753779859502,24,1,43,1.0
TAL,-0.21755318567650794,15,1,34,1.0
TALK,-0.0425219481249195,55,0,0,0.9
TALO,-0.024059317057798384,63,1,10,0.75
TANH,0.1467752288985975,87,0,0,0.45
TAOP,-0.02427104265481251,63,0,0,0.8
TAOX,-0.34910268368784336,6,1,18,0.9
TAP,-0.13898350862293282,26,1,43,1.0
TARA,-0.3029708095022191,8,1,22,1.0
TARS,-0.1766023327973673,20,1,38,1.0
TASK,-0.18836890471501,18,1,4,0.9
TATT,0.025799664867953473,75,0,0,0.4
TAVI,-0.0473846134311246,52,0,0,0.9
TAVIU,0.01784323390573063,74,0,0,0.5
TAYD,-0.08214768162172968,39,0,0,0.9
TBBB,0.019929347092127653,74,0,0,0.65
TBBK,-0.10861570601020142,32,1,27,1.0
TBCH,0.04059770719398041,77,0,0,0.45
TBH,0.13877049955321918,87,1,8,0.7
TBI,0.3662749265845285,94,0,0,0.0
TBLA,0.06154464202681166,80,1,4,0.2
TBLD,-0.04664519956115115,52,1,8,0.8
TBN,-0.05643969645543696,47,1,1,0.9
TBPH,-0.04617378576903462,53,0,0,0.9
TBRG,0.18106353149532634,89,0,0,0.2
TC,-0.1984619890120351,17,1,20,1.0
TCBI,-0.03080627284268001,61,0,0,0.85
TCBIO,-0.09310703267157712,36,1,46,1.0
TCBK,-0.02811966456819695,62,0,0,0.9
TCBS,-0.04699282110837369,52,0,0,0.9
TCBX,-0.03330065336727334,60,0,0,0.85
TCI,-0.09010642587270726,37,1,1,0.7
TCMD,-0.07827711169039214,40,0,0,0.7
TCOM,-0.16080486390214563,22,1,33,1.0
TCPC,-0.14261214737879369,25,1,21,1.0
TCRT,-0.3615339166615191,5,1,4,0.75
TCRX,-0.19945318717855737,17,1,20,1.0
TCX,-0.2682886944914143,10,1,42,1.0
TD,0.06729964428678188,81,0,0,0.3
TDAC,-0.03702268994711924,58,0,0,0.9
TDACU,0.16463478608297166,88,0,0,0.7
TDAY,0.06170275186386065,80,0,0,0.25
TDC,0.146385064909478,87,0,0,0.05
TDF,-0.09753597278792224,34,1,17,0.95
TDG,-0.08077056835772356,39,1,1,0.8
TDIC,-0.5093457009129746,2,1,17,0.9
TDOC,0.1269861901331759,86,0,0,0.25
TDS,-0.18832192472106363,18,1,40,1.0
TDTH,-0.17040073628133617,21,1,2,0.65
TDUP,0.10897357828061043,85,0,0,0.55
TDW,-0.13699605543020227,26,1,26,1.0
TDWD,-0.04284857702034256,55,0,0,0.9
TDWDU,-0.06536715977083077,44,1,43,1.0
TDY,-0.10094661395677906,34,1,39,1.0
TE,0.7464298915421522,97,0,0,0.0
TEAD,0.36787637115097865,94,0,0,0.05
TEAM,0.17827928615193078,89,0,0,0.2
TECH,-0.05491180928995895,48,0,0,0.7
TECK,0.03774314743621275,77,1,2,0.3
TECX,-0.04874861436916207,51,0,0,0.7
TEI,-0.037767602984981746,58,0,0,0.95
TEL,-0.08274379588270726,39,1,1,0.8
TELA,-0.07244287696101567,41,1,6,0.65
TELO,-0.08578890434569762,38,0,0,0.95
TEM,-0.06810882689339073,43,1,2,0.8
TEN,-0.15435924867210707,23,1,11,0.7
TENB,0.3112526655357405,93,0,0,0.15
TENX,-0.1980915901745417,17,1,29,1.0
TEO,0.08637880902006799,83,0,0,0.45
TER,0.044157256215777485,77,0,0,0.6
TEVA,-0.051916450229549646,49,1,1,0.75
TEX,-0.04840114670233298,51,0,0,0.8
TFC,-0.04435663407557987,54,0,0,0.85
TFII,0.24106229483995273,91,0,0,0.15
TFIN,0.06361854492299603,80,0,0,0.45
TFPM,-0.2268222167905103,14,1,17,0.85
TFSL,0.07598034792311857,82,0,0,0.25
TFX,0.015087930573468758,73,0,0,0.7
TG,-0.19234229477353587,18,1,20,1.0
TGB,-0.11986212346335269,29,1,2,0.6
TGE,-0.24602897434941873,12,1,10,0.8
TGEN,0.6638140143694807,97,0,0,0.15
TGHL,0.7163170342209645,97,0,0,0.6
TGL,-0.054438618077438196,48,0,0,0.7
TGLS,-0.0635012828416814,44,0,0,0.65
TGS,-0.10645186243458546,32,1,4,0.85
TGT,-0.041523732581689954,56,1,7,0.85
TGTX,0.06372684505089914,80,0,0,0.4
TH,0.2672147233912443,92,1,8,0.4
THC,-0.25115973385783363,11,1,59,1.0
THCH,-0.1668428474690633,21,1,37,1.0
THFF,0.03513824270376302,76,0,0,0.6
THG,0.0010307079327487242,70,0,0,0.4
THH,-0.21784343854613308,15,1,5,0.8
THM,-0.23039530465791114,13,1,4,0.65
THO,-0.07407891534181275,41,0,0,0.8
THQ,-0.028183307622951632,62,0,0,0.85
THRM,0.17793037474066664,89,0,0,0.3
THRY,0.08232477651118571,82,0,0,0.45
THW,-0.042304338868602805,56,1,13,0.95
TIC,-0.08855466153827239,37,1,18,0.9
TIGO,0.024235824680506002,74,0,0,0.5
TIGR,-0.3527562543008903,5,1,35,1.0
TII,-0.2864635727601267,8,1,17,0.95
TIL,-0.08331321553756467,38,1,1,0.95
TILE,0.07276269108908966,81,0,0,0.45
TIMB,-0.19905514455535778,17,1,23,1.0
TIPT,0.003231573614687483,70,0,0,0.7
TISI,0.010343388083179826,72,0,0,0.8
TITN,0.1516823441485199,88,0,0,0.5
TJGC,0.8109484772916543,98,0,0,0.3
TJX,-0.03292834394183966,60,0,0,0.6
TK,-0.1135625403372496,31,1,12,0.95
TKC,-0.14536330273983156,25,1,19,0.95
TKLF,-0.1751955339310592,20,1,1,0.95
TKNO,0.46102183514403916,96,0,0,0.05
TKO,-0.00374260244581677,69,0,0,0.45
TKR,0.18023231620303198,89,0,0,0.15
TLF,-0.09732040710387545,34,1,13,0.95
TLIH,0.20700631570451056,90,0,0,0.2
TLK,-0.2678486866336911,10,1,46,1.0
TLN,-0.03414425523434142,60,1,2,0.5
TLNC,-0.04120288279834659,57,0,0,0.9
TLNCU,-0.03810151210442359,58,0,0,0.9
TLPH,-0.05508972391281388,47,0,0,0.85
TLRY,-0.2470676993960712,12,1,32,1.0
TLS,-0.048016674812009746,51,1,4,0.5
TLSA,-0.18286623194339985,19,1,8,0.6
TLSI,-0.3202545611730263,7,1,23,1.0
TLX,-0.09036549247045815,36,1,22,1.0
TLYS,0.5799513037514138,97,0,0,0.4
TM,-0.1681758162728057,21,1,68,1.0
TMC,-0.11303216658460521,31,1,2,0.4
TMCI,1.0517378748764925,98,0,0,0.0
TMDE,-0.4382884202418713,3,1,43,1.0
TMDX,-0.2631856144856847,10,1,40,1.0
TME,-0.13718921795659467,26,1,4,0.9
TMHC,0.1462208636570177,87,0,0,0.7
TMO,-0.09272727465535746,36,0,0,0.65
TMP,0.017978354730827026,74,0,0,0.6
TMQ,-0.12434227207268721,29,1,3,0.55
TMUS,-0.1526622200158842,23,1,47,1.0
TNC,0.06090968139065307,80,0,0,0.5
TNDM,-0.08856805812450858,37,0,0,0.6
TNET,0.1333503676648337,86,0,0,0.35
TNGX,0.4454162833179081,95,0,0,0.8
TNK,-0.12421012919357423,29,1,19,0.95
TNL,-0.02151663146746785,64,0,0,0.55
TNMG,-0.5328540144615753,2,1,70,1.0
TNON,-0.2566410615218444,11,1,18,0.95
TNXP,-0.1845502229748972,19,1,12,0.8
TNYA,-0.22028212588707569,14,1,5,0.65
TOI,0.43308355174803914,95,0,0,0.05
TOL,-0.06855361976671967,43,0,0,0.8
TOMZ,0.40551407714052945,95,0,0,0.05
TONX,0.15480114977091475,88,1,2,0.1
TOON,0.14077373374925728,87,0,0,0.5
TOP,0.23583310623818032,91,0,0,0.25
TOPP,0.07771389221846185,82,1,1,0.3
TOPS,-0.7222346094889602,1,1,72,1.0
TORO,0.17061930242886802,89,1,11,0.85
TOST,-0.20240320156907288,16,1,4,0.85
TOUR,-0.16578325614462197,21,1,10,0.7
TOVX,-0.14184040986558744,25,1,20,1.0
TOWN,-0.054444651298029986,48,0,0,0.9
TOYO,0.29139977184515925,93,1,1,0.05
TPB,-0.06264906604738966,45,1,1,0.4
TPC,-0.1420088636049265,25,1,22,1.0
TPCS,-0.034204440002802844,60,1,19,0.95
TPET,-0.42125532461380444,3,1,58,1.0
TPG,-0.059563159969190156,46,1,23,1.0
TPL,-0.14225285169856394,25,1,49,1.0
TPR,-0.03476996413432801,59,0,0,0.8
TPST,-0.3789984055805167,4,1,16,0.95
TPVG,-0.05934818642340214,46,1,14,0.75
TR,-0.170454884114169,21,1,40,1.0
TRAK,0.087001724935433,83,0,0,0.15
TRAW,-0.2213657636389626,14,1,14,0.75
TRC,-0.0740156933140897,41,1,1,0.95
TRDA,-0.3651780694523645,5,1,22,1.0
TREE,-0.19649364491675347,17,1,26,1.0
TREX,0.04895829650304526,78,0,0,0.65
TRGP,0.023865356751414935,74,0,0,0.4
TRI,-0.15392804690514722,23,1,5,0.95
TRIB,0.05871658749497709,80,0,0,0.45
TRIN,0.016700170338497314,73,0,0,0.5
TRIP,0.020757278973247723,74,0,0,0.6
TRMB,-0.22497174443764978,14,1,50,1.0
TRMD,-0.10405634753341894,33,1,18,0.9
TRMK,-0.04146738680100121,56,0,0,0.9
TRN,-0.07669648493401424,40,0,0,0.8
TRNO,-0.06822391077034182,43,1,34,1.0
TRNR,-0.39332366637617966,4,1,15,0.95
TRNS,0.12530908888780673,86,0,0,0.55
TRON,-0.13864581544556787,26,1,9,0.95
TROO,-0.33674747385188464,6,1,6,0.45
TROW,0.03808636343621501,77,0,0,0.75
TROX,-0.160335189226828,22,1,22,1.0
TRP,0.010421135851767835,72,0,0,0.35
TRS,-0.04536583401435679,53,0,0,0.6
TRSG,0.20581055097160822,90,0,0,0.45
TRST,0.0937805083904197,83,0,0,0.25
TRT,0.23752312499068717,91,1,8,0.5
TRTX,-0.04036796505047502,57,1,1,0.95
TRU,-0.10765389030327176,32,1,1,0.85
TRUG,-0.5554576960075288,2,1,69,1.0
TRUP,-0.1967105042348381,17,1,33,1.0
TRV,-0.06391968490092936,44,1,1,0.9
TRVG,0.363893912283032,94,0,0,0.15
TRVI,-0.03077412767896756,61,1,16,0.8
TRX,-0.39329867021225595,4,1,39,1.0
TS,0.05966690943651641,80,0,0,0.6
TSAT,-0.04677521877927329,52,1,2,0.35
TSBK,-0.03667973887660511,59,0,0,0.85
TSCO,-0.25194634111658365,11,1,72,1.0
TSEM,0.3002078274782419,93,1,2,0.2
TSHA,-0.05017063754960512,50,1,17,0.85
TSI,-0.055545293080371524,47,0,0,0.9
TSLA,0.007285031054515466,71,1,6,0.4
TSLX,-0.0931501441440421,35,1,23,1.0
TSM,0.05884828222402043,80,0,0,0.4
TSN,-0.17479401200410952,20,1,20,1.0
TSQ,-0.030033828691516305,61,0,0,0.6
TSSI,-0.06352658761812943,44,1,2,0.7
TT,-0.04014273260718641,57,0,0,0.9
TTAM,-0.11144473609910525,31,1,8,0.95
TTAN,0.03989769320722436,77,0,0,0.4
TTC,-0.12247445307685072,29,1,41,1.0
TTD,-0.21434379606284476,15,1,5,0.95
TTE,-0.03200524585231958,60,1,13,0.9
TTEC,-0.25139496281621654,11,1,10,0.95
TTEK,-0.17546677542491937,20,1,67,1.0
TTGT,-0.27733612837109467,9,1,19,0.95
TTI,0.051274385994855246,79,1,4,0.3
TTMI,0.4022999870186254,95,0,0,0.05
TTRX,0.4144611650382934,95,0,0,0.0
TTWO,-0.06280990719699678,45,1,11,0.6
TU,-0.1085522899865811,32,1,48,1.0
TULP,-0.11017196740140339,31,1,10,0.85
TURB,-0.2065217734885691,16,0,0,0.7
TUSK,0.43457847711625586,95,0,0,0.0
TUYA,-0.2471640938719818,12,1,20,1.0
TV,-0.1423168447867156,25,1,33,1.0
TVA,-0.04356526967317767,55,0,0,0.9
TVACU,-0.06128218224151252,45,0,0,0.9
TVAI,-0.04587246288676948,53,0,0,0.9
TVAIU,-0.05275496734168904,49,1,5,0.7
TVGN,0.6276543784671733,97,0,0,0.35
TVRD,-0.2898166059658269,8,1,12,0.65
TVTX,0.2707117503908658,92,0,0,0.05
TW,-0.21728448613662704,15,1,42,1.0
TWAV,-0.06544087142220362,44,0,0,0.8
TWFG,-0.03140956776458422,61,0,0,0.9
TWG,-0.24756019053082484,12,1,46,1.0
TWI,-0.14766986887284012,24,1,2,0.85
TWIN,0.06173924953245703,80,0,0,0.5
TWLO,0.31496951576057886,93,0,0,0.1
TWLVU,-0.05184034032683803,49,0,0,0.9
TWN,0.16093803504547882,88,1,2,0.35
TWO,0.058528210690875423,79,0,0,0.35
TWST,0.24685501587565473,92,0,0,0.4
TX,0.08515666948536431,83,0,0,0.25
TXG,0.2582968449663508,92,0,0,0.3
TXMD,-0.14557842698652296,25,1,6,0.85
TXN,0.17600434109207663,89,1,2,0.15
TXNM,-0.06595258039784502,43,1,1,0.95
TXO,0.07287113137388478,81,0,0,0.3
TXRH,-0.019057430220762527,64,1,6,0.3
TXT,-0.05823171428110619,46,0,0,0.9
TY,-0.015037398456174716,66,1,1,0.95
TYG,-0.13502460132922994,27,1,24,1.0
TYGO,-0.2268179668640427,14,1,23,1.0
TYL,-0.14975955865486873,24,1,5,0.95
TYRA,-0.27065438506688316,10,1,15,0.95
TZOO,0.2830918040925813,93,0,0,0.15
U,0.14642821203688577,87,0,0,0.3
UA,-0.15462454313825935,23,0,0,0.85
UAA,-0.14920504792985229,24,0,0,0.9
UAL,0.02729621875556737,75,0,0,0.35
UAMY,-0.2697310727366167,10,1,4,0.95
UAN,-0.092460300887937,36,1,18,0.9
UAVS,-0.14224327682962862,25,1,4,0.75
UBCP,-0.045664210939012045,53,0,0,0.65
UBER,-0.11515873658389882,30,1,22,1.0
UBS,0.08376799352307086,82,0,0,0.0
UBSI,-0.025244714162597465,63,0,0,0.9
UBXG,-0.8461194171575808,0,1,27,1.0
UCAR,-0.42867919512502356,3,1,64,1.0
UCB,-0.03883014352337639,58,0,0,0.9
UCFI,-0.05184034032683803,49,0,0,0.9
UCL,-0.2188943604940629,14,0,0,0.9
UCTT,0.1574678392065843,88,1,2,0.35
UDR,0.015934922073125274,73,0,0,0.4
UE,0.031620068717324826,76,0,0,0.65
UEC,-0.19043772091447708,18,1,4,0.85
UEIC,-0.12232603383146702,29,1,23,1.0
UFCS,0.030174366154407772,75,0,0,0.35
UFG,-0.2027597784834071,16,0,0,0.9
UFI,0.008515940361565943,72,0,0,0.2
UFPI,-0.1344776209651563,27,1,39,1.0
UFPT,0.010394089996195989,72,0,0,0.25
UG,-0.03201288692681796,60,1,1,0.8
UGI,-0.04867718183616122,51,0,0,0.85
UGP,-0.20986181450138452,15,1,20,1.0
UGRO,-0.5278301776600837,2,1,40,1.0
UHAL,0.12067951849413543,85,0,0,0.6
UHS,-0.25244391359686247,11,1,71,1.0
UHT,-0.1081950762925496,32,1,1,0.8
UI,-0.39891085873017745,4,1,22,1.0
UIS,0.5161537245878467,96,0,0,0.05
UK,-0.3383625109182532,6,1,24,1.0
UL,-0.10741642063689445,32,1,1,0.95
ULBI,-0.03748849922547201,58,1,4,0.7
ULCC,0.29079870765261173,93,0,0,0.05
ULH,0.08224459343258574,82,0,0,0.65
ULS,0.014419400543230085,73,1,8,0.4
ULTA,-0.20765838248606405,16,1,33,1.0
UMAC,0.8082588250657408,98,0,0,0.25
UMBF,-0.009713219858128085,67,0,0,0.65
UMBFO,-0.0582334046921371,46,1,45,1.0
UMC,0.6524696917722197,97,0,0,0.0
UMH,-0.056559674669351065,47,1,1,0.95
UNB,-0.0865727166146931,38,1,27,1.0
UNCY,-0.12947263039662044,28,1,10,0.65
UNF,-0.027771521487320924,62,0,0,0.65
UNFI,0.06213230649318817,80,0,0,0.4
UNH,0.1817312262061278,89,0,0,0.3
UNIT,0.07134141885627962,81,0,0,0.8
UNM,0.06853243362704196,81,0,0,0.5
UNP,-0.0038563411568367997,68,0,0,0.7
UNTY,-0.02810806718775348,62,0,0,0.6
UONE,-0.25206904138275615,11,1,2,0.85
UONEK,-0.22957030135315742,13,1,18,0.9
UP,-0.16386050509113234,22,1,3,0.5
UPB,-0.3362128373130552,6,1,38,1.0
UPBD,-0.04083654478211703,57,0,0,0.7
UPC,0.17047452250032624,89,0,0,0.65
UPLD,-0.09318902855786933,35,1,3,0.5
UPS,0.04142705047885495,77,0,0,0.55
UPST,0.04524006430524401,78,0,0,0.6
UPWK,-0.260158444522837,11,1,89,1.0
UPXI,-0.22207469481540348,14,1,11,0.7
URBN,-0.0025711098853705774,69,0,0,0.6
URG,-0.05804142933069931,46,1,2,0.6
URGN,0.1623125952622233,88,1,7,0.35
URI,0.21658991779648445,90,0,0,0.2
UROY,-0.227975939704674,13,1,4,0.8
USA,-0.03546869427829838,59,0,0,0.9
USAC,-0.03971875578475389,57,1,11,0.6
USAR,0.0036154805927000877,70,1,2,0.35
USAS,-0.27646514488753005,9,1,4,0.75
USAU,-0.18888414545478605,18,1,17,0.85
USB,-0.03698655548050753,58,0,0,0.9
USBC,-0.07997300205898711,39,1,15,0.75
USCB,-0.05309787251731093,48,0,0,0.9
USEA,0.11610499851441754,85,0,0,0.0
USFD,-0.07704469664507334,40,0,0,0.9
USGO,-0.41154890247935,4,1,22,1.0
USIO,0.12143312504722471,86,0,0,0.05
USLM,-0.15663237011677955,23,1,35,1.0
USNA,-0.049010160494481175,50,0,0,0.95
USPH,-0.13291289219961414,27,1,48,1.0
UTF,-0.024042310527122808,63,0,0,0.9
UTG,-0.07570342837606535,40,1,23,1.0
UTHR,-0.08657026887710655,38,1,22,1.0
UTI,0.1605374825925654,88,0,0,0.35
UTL,-0.07487524443596386,41,0,0,0.9
UTMD,-0.01709054039446179,65,0,0,0.85
UTSI,0.10768837284435707,85,0,0,0.25
UTZ,-0.1600620618909595,22,1,10,0.85
UUU,0.03660675844912291,76,1,1,0.35
UUUU,-0.32479031205956577,7,1,4,0.9
UVE,-0.06714198227170637,43,1,11,0.75
UVSP,0.06143047971958206,80,0,0,0.45
UVV,-0.05454059979928801,48,1,1,0.9
UWMC,-0.34143689315876635,6,1,34,1.0
UXIN,-0.3341367776191824,6,1,24,1.0
UYSC,-0.035270997292618275,59,0,0,0.9
UYSCU,0.007134929860082587,71,1,2,0.55
UZX,-0.5446792658730434,2,1,3,0.65
V,-0.039510150169440636,57,1,1,0.75
VABK,-0.019395696093910786,64,0,0,0.9
VAC,0.20081175066331852,90,0,0,0.4
VACH,-0.004513498338771578,68,0,0,0.9
VACHU,0.11608928371983303,85,1,1,0.5
VACI,-0.02933073932860387,61,0,0,0.85
VAL,-0.07843531599535009,40,1,12,0.75
VALE,-0.12469803270482253,29,1,32,1.0
VALN,-0.21437509473179428,15,1,6,0.75
VALU,-0.11995797936022468,29,1,48,1.0
VANI,-0.054580844938956846,48,1,2,0.65
VATE,1.1890355475432937,98,0,0,0.15
VBF,-0.05878721828691988,46,1,1,0.95
VBIO,-0.2803852790881327,9,1,18,0.9
VBNK,0.13792746223469848,87,0,0,0.75
VC,0.1226440112336082,86,0,0,0.25
VCEL,-0.017720147887956672,65,0,0,0.8
VCIG,2.8301224514849923,99,1,1,0.5
VCTR,0.1194790355458399,85,0,0,0.25
VCV,-0.04455215082870464,54,0,0,0.9
VCYT,0.24539374619401794,92,0,0,0.0
VECO,0.3540414947077152,94,0,0,0.1
VEEA,-0.21086613070914906,15,1,7,0.55
VEEE,-0.3115263017130344,7,1,102,1.0
VEEV,-0.08260683781848854,39,1,1,0.7
VEL,-0.11347780684323898,31,1,28,1.0
VELO,0.3386191350700472,94,1,4,0.2
VENU,-0.16337734681866822,22,1,8,0.95
VEON,-0.06809907227082543,43,1,6,0.4
VERA,-0.210270924314661,15,1,16,0.9
VERI,-0.2733049580490397,10,1,11,0.95
VERU,0.20289802308338867,90,0,0,0.55
VERX,-0.10512278445966655,33,1,1,0.65
VET,-0.0886180641794581,37,1,13,0.9
VFC,-0.14350881511466035,25,1,31,1.0
VFF,-0.2891162995847878,8,1,32,1.0
VFL,-0.0498760693103462,50,0,0,0.9
VFS,-0.27176002795844967,10,1,30,1.0
VG,-0.012476629019313283,66,1,10,0.65
VGAS,-0.14013185818829366,26,1,11,0.75
VGI,-0.06330262329958983,44,1,44,1.0
VGM,-0.07456851599424544,41,1,46,1.0
VGZ,-0.039776055924714046,57,1,2,0.5
VHC,-0.09592680570445014,35,1,1,0.55
VHI,-0.035874236951467395,59,0,0,0.65
VIA,-0.20404333261844,16,1,5,0.95
VIASP,-0.04167185261362472,56,0,0,0.9
VIAV,0.11225563022234418,85,1,2,0.5
VICI,-0.09076485752025207,36,1,43,1.0
VICR,0.2559826375303288,92,1,2,0.25
VIK,0.06654967098263018,81,0,0,0.35
VINP,-0.14383775914165392,25,1,30,1.0
VIOT,-0.19062342789303027,18,1,2,0.95
VIPS,-0.128078680632477,28,1,48,1.0
VIR,-0.15733860170179084,23,1,29,1.0
VIRC,-0.046034973160481774,53,0,0,0.95
VIRT,0.06648230690044822,81,0,0,0.45
VISN,0.12741787138879163,86,0,0,0.15
VIST,0.09390778708066345,83,0,0,0.4
VITL,-0.1818035208116341,19,1,25,1.0
VIV,-0.20986691698147425,15,1,39,1.0
VIVK,-0.7548873016860513,1,1,28,1.0
VIVO,0.8621283785538186,98,1,2,0.1
VIVS,-0.27663238955935715,9,1,68,1.0
VKI,-0.06041853235564495,45,0,0,0.9
VKQ,-0.04569554600137583,53,0,0,0.9
VKTX,-0.15436460516458916,23,1,6,0.9
VLGEA,-0.1393344396263882,26,1,7,0.5
VLN,0.26356514782700946,92,1,2,0.1
VLO,0.06283450676555309,80,0,0,0.5
VLRS,-0.08904250101258254,37,1,2,0.65
VLT,-0.04164797909829012,56,0,0,0.9
VLTO,-0.11098571701430811,31,1,1,0.95
VLY,0.012944754129860084,73,0,0,0.7
VLYPN,-0.04412145196189274,54,0,0,0.9
VLYPO,-0.043254308639620105,55,0,0,0.9
VLYPP,-0.048566371467911096,51,0,0,0.9
VMAR,-0.709895036128053,1,1,118,1.0
VMC,-0.10910769631704904,32,1,1,0.9
VMD,0.003941160571057881,71,0,0,0.7
VMI,0.09937161149412939,84,0,0,0.15
VMO,-0.050175075784346795,50,0,0,0.9
VNCE,0.3782360672337841,94,0,0,0.7
VNDA,-0.20574078971195203,16,1,23,1.0
VNET,-0.05659262209115047,47,1,3,0.25
VNME,-0.04235013460101103,56,0,0,0.9
VNMEU,-0.04743479524656547,52,0,0,0.85
VNO,0.1817684877986025,89,0,0,0.2
VNOM,-0.035751200194856454,59,1,13,0.85
VNRX,-0.5725032162859875,1,1,7,0.75
VNT,-0.20964169941861183,15,1,52,1.0
VNTG,-0.17394462632648022,20,1,25,1.0
VOC,-0.16046902170969174,22,1,27,1.0
VOD,-0.07568115553269654,40,1,19,0.95
VOR,-0.21344327024425636,15,1,8,0.85
VOXR,-0.16764854557170117,21,1,9,0.5
VOYA,0.15154429415235504,88,0,0,0.45
VOYG,0.5472183333662846,96,0,0,0.0
VPG,1.192821614667108,98,0,0,0.0
VPV,-0.015577733950127681,65,0,0,0.8
VRA,-0.1323343226401612,27,1,20,1.0
VRAX,0.34923372561874505,94,0,0,0.35
VRCA,-0.16869111336703949,21,1,17,0.85
VRDN,-0.15696574594813645,23,1,6,0.55
VREX,-0.15678321022274294,23,1,29,1.0
VRM,-0.36541850095480294,5,1,30,1.0
VRME,-0.21360561135773837,15,1,5,0.95
VRNS,0.23020437054971116,91,0,0,0.1
VRRM,-0.7728645400283268,0,1,96,1.0
VRSK,-0.0628848522357103,45,0,0,0.7
VRSN,0.00754995826475599,71,1,1,0.4
VRT,-0.061522460940896445,45,1,15,0.75
VRTS,0.00698823695698144,71,0,0,0.6
VRTX,-0.039131977477949775,57,0,0,0.85
VS,0.38400149107333065,95,0,0,0.65
VSA,-0.35187152114879433,5,1,1,0.85
VSAT,0.07530251903558856,82,1,6,0.3
VSEC,-0.2196636967647107,14,1,1,0.85
VSEE,-0.24763373721968462,11,1,6,0.9
VSH,1.3493242840514026,98,0,0,0.0
VSME,-0.28468474043646186,9,1,7,0.9
VSNT,0.008562092308178053,72,0,0,0.45
VST,-0.11223071545413132,31,1,4,0.7
VSTD,-0.12648970411396582,28,1,8,0.5
VSTM,-0.40910908255413847,4,1,24,1.0
VSTS,0.3860425990028275,95,0,0,0.05
VSXY,0.5107261209530128,96,0,0,0.4
VTAK,0.025912413135952647,75,0,0,0.65
VTEX,-0.1640053400544883,22,1,3,0.85
VTGN,-0.1254741693215976,28,1,5,0.6
VTMX,-0.06852153758710038,43,1,36,1.0
VTN,-0.056682994179960505,47,0,0,0.9
VTOL,-0.09409510223201101,35,0,0,0.95
VTR,-0.12179092534282572,29,1,13,0.9
VTRS,-0.009998446787075337,67,0,0,0.4
VTS,-0.07984025843638112,39,1,24,1.0
VTSI,-0.23755313782559634,12,1,29,1.0
VTVT,-0.10975686857904937,32,1,11,0.7
VUZI,0.23064627437834173,91,1,2,0.1
VVOS,-0.048392773159855976,51,0,0,0.9
VVR,-0.06631124737885313,43,1,1,0.95
VVV,-0.028466680653033337,62,0,0,0.75
VVX,0.10176294233960038,84,0,0,0.25
VWAV,-0.15209990299524057,23,1,4,0.8
VYGR,-0.20443690213911075,16,1,16,0.8
VYNE,-0.015479793502407246,65,1,7,0.65
VYX,-0.1065263665894253,32,1,3,0.7
VZ,-0.09848028754563495,34,1,47,1.0
VZLA,-0.06522425319967216,44,1,2,0.4
W,-0.0957319439737869,35,1,2,0.65
WAB,-0.06277234303323877,45,1,1,0.95
WABC,0.0095865170412213,72,0,0,0.7
WAFD,0.016934723759183673,73,0,0,0.85
WAFDP,-0.06361475216047108,44,0,0,0.95
WAFU,0.01947973236772628,74,0,0,0.7
WAI,-0.09113372573776633,36,0,0,0.85
WAL,-0.021961643039350782,64,0,0,0.85
WALD,0.18874159318956457,89,0,0,0.35
WASH,-0.024082308756645854,63,0,0,0.85
WAT,0.04642788231425278,78,0,0,0.3
WATT,0.4142192367352573,95,1,2,0.55
WAVE,0.16119930662963877,88,1,2,0.15
WAY,-0.20208298605634784,16,1,5,0.95
WB,-0.1534070332166135,23,1,59,1.0
WBD,-0.08480980913979524,38,1,46,1.0
WBI,0.061787172139099164,80,0,0,0.4
WBS,-0.034723620740361935,59,0,0,0.9
WBTN,-0.0412621137420182,56,1,5,0.85
WBUY,-0.27839064528960583,9,1,22,1.0
WBX,-0.07699658768233737,40,1,2,0.7
WCC,0.07799620255620472,82,1,1,0.2
WCN,-0.08845874932572664,37,0,0,0.9
WCT,-0.5206994881376243,2,1,2,0.85
WD,-0.01154119502014811,67,0,0,0.7
WDAY,0.053354820601831124,79,0,0,0.45
WDC,0.3852139638666736,95,0,0,0.0
WDFC,-0.09981285226143266,34,0,0,0.9
WDH,-0.20246069966981972,16,1,41,1.0
WDI,-0.06982383652140985,42,1,43,1.0
WDS,-0.08349257268444168,38,1,13,0.95
WEA,-0.05769625475936641,46,0,0,0.9
WEAV,-0.026490613737718584,62,1,1,0.55
WEC,-0.07324539268462193,41,1,1,0.95
WELL,-0.09326929398155004,35,1,12,0.85
WEN,-0.07740957967331752,40,1,5,0.45
WENN,-0.04390526146062824,55,0,0,0.9
WENNU,-0.04612570110892989,53,0,0,0.9
WERN,0.26826912424817917,92,0,0,0.15
WES,0.008070606288391083,72,0,0,0.35
WEST,0.4282024750550455,95,1,3,0.15
WETH,-0.0793573593705017,40,0,0,0.95
WETO,1.3158561410162364,98,0,0,0.2
WEX,-0.07866233534078264,40,0,0,0.9
WEYS,-0.00803793363162282,67,0,0,0.35
WF,-0.2042434468844428,16,1,34,1.0
WFC,-0.04244016492135738,56,0,0,0.75
WFCF,-0.2980896384904902,8,1,20,1.0
WFF,0.1774466422970165,89,0,0,0.15
WFG,-0.03636282337135438,59,0,0,0.5
WFRD,-0.01823016739553574,65,1,11,0.65
WGO,-0.18987785822525732,18,1,74,1.0
WGRX,-0.3117078920028775,7,1,12,0.85
WGS,-0.06578978069593255,43,0,0,0.65
WH,-0.07989345553566606,39,1,1,0.9
WHD,0.047498517573706614,78,0,0,0.35
WHF,-0.12577089254546414,28,1,39,1.0
WHG,0.006632599925155788,71,0,0,0.75
WHLR,-0.5463287309594538,2,1,93,1.0
WHLRD,-0.03419084056808536,60,1,2,0.55
WHLRP,0.14038508412561745,87,0,0,0.55
WHR,-0.2955319340261515,8,1,75,1.0
WHWK,0.00903643895671847,72,1,6,0.55
WIA,-0.05017646392878983,50,0,0,0.9
WILC,0.06416318918410678,80,1,5,0.25
WIMI,-0.13505162791068223,26,1,4,0.8
WINA,-0.12529485301962112,29,1,1,0.85
WING,-0.13448234048451124,27,1,5,0.8
WIT,-0.02192400349955663,64,0,0,0.6
WIW,-0.04872190036763921,51,0,0,0.9
WIX,-0.45255120961988216,3,1,21,1.0
WK,-0.18575738292905808,19,1,4,0.9
WKC,0.14563803495131328,87,0,0,0.05
WKEY,0.0075044686455166265,71,1,6,0.3
WKHS,-0.026822954549992888,62,1,3,0.45
WKSP,-0.39914478138118475,4,1,10,0.95
WLDN,0.2123881764610841,90,0,0,0.0
WLDS,-0.43962588071917974,3,1,36,1.0
WLFC,-0.14339963778835746,25,0,0,0.8
WLK,-0.23713206982076407,12,1,39,1.0
WLKP,-0.003403317785445212,69,0,0,0.8
WLTH,-0.23598388855975316,13,1,4,0.3
WLY,0.06334032989322001,80,0,0,0.4
WLYB,0.052775009826878314,79,0,0,0.75
WM,-0.10350045406730297,33,1,1,0.95
WMB,-0.06993488928984253,42,1,10,0.65
WMG,-0.017571676602095215,65,1,8,0.4
WMK,0.10025993620094957,84,0,0,0.4
WMS,-0.15792999072909758,23,1,31,1.0
WMT,-0.11425182861544617,31,1,13,0.9
WNC,-0.12791194976155112,28,0,0,0.65
WNEB,-0.06513858135678452,44,0,0,0.9
WNW,-0.35642412622707187,5,1,58,1.0
WOK,-0.9699531860173549,0,1,17,0.85
WOLF,0.9945123964915147,98,1,2,0.15
WOOF,-0.037171170640826985,58,1,1,0.6
WOR,0.01565486338624368,73,0,0,0.6
WPC,-0.03375666043254094,60,0,0,0.8
WPM,-0.21258370288419415,15,1,17,0.85
WPP,-0.0522693843164808,49,1,1,0.55
WPRT,-0.10113215690706392,34,1,12,0.9
WRAP,-0.1694709006984573,21,1,16,0.95
WRB,-0.0566514711736732,47,0,0,0.8
WRBY,-0.10254762274495452,33,1,14,0.7
WRD,-0.14678067198596234,24,1,3,0.85
WRLD,0.10329828636634496,84,0,0,0.2
WRN,-0.18236396583632725,19,1,4,0.7
WS,0.061143098304921664,80,0,0,0.2
WSBC,-0.01799689314668996,65,0,0,0.9
WSBCO,-0.044473563302938134,54,0,0,0.9
WSBF,-0.032049066980226096,60,0,0,0.9
WSBK,-0.04603696182032154,53,0,0,0.9
WSC,0.2294606077226103,91,0,0,0.15
WSFS,-0.002966967066962492,69,0,0,0.9
WSHP,-0.22192600951169006,14,1,29,1.0
WSM,0.041295729825605365,77,0,0,0.4
WSO,-0.14074916230585205,26,1,26,1.0
WSR,0.026301571716106545,75,0,0,0.9
WST,0.06363238223349449,80,0,0,0.35
WT,-0.029188777814924592,61,1,5,0.4
WTBA,-0.047166073000435044,52,0,0,0.9
WTF,-0.2655828168552256,10,1,17,0.85
WTFC,-0.012968292897614551,66,0,0,0.85
WTFCN,-0.052159495996956726,49,0,0,0.9
WTG,-0.04299194296381639,55,0,0,0.9
WTGUU,-0.09712917126248619,35,1,10,0.9
WTI,0.13015417597320045,86,1,10,0.5
WTM,-0.1132221537376053,31,1,39,1.0
WTO,-0.39358285790784503,4,1,49,1.0
WTRG,-0.10499119993311005,33,1,1,0.95
WTS,0.005251818866255933,71,0,0,0.65
WTTR,0.1278259506346417,86,0,0,0.2
WTW,-0.10970068829808825,32,0,0,0.9
WU,-0.24083594362201172,12,1,33,1.0
WULF,0.28969680151733546,93,0,0,0.2
WVE,-0.3315700882022175,6,1,60,1.0
WVVI,-0.08678874873074974,37,1,13,0.9
WVVIP,-0.19195442376886213,18,1,47,1.0
WW,0.49845559880113477,96,0,0,0.45
WWD,-0.1054007608017225,33,0,0,0.9
WWR,-0.2654442949005756,10,1,19,0.95
WWW,-0.05587478303719534,47,0,0,0.7
WXM,-0.09078980828604939,36,1,1,0.65
WY,-0.046893008328403804,52,0,0,0.7
WYFI,0.3430309596357199,94,1,2,0.1
WYHG,0.6859773667786793,97,0,0,0.0
WYNN,-0.05340614837108437,48,0,0,0.7
WYY,0.7923632492426669,98,0,0,0.0
XAIR,-0.3801240431048596,4,1,41,1.0
XBIO,0.014818861041177175,73,1,2,0.75
XBIT,-0.07229208679039545,41,1,24,1.0
XBP,-0.341479898305686,6,1,66,1.0
XCH,-0.4333613307718118,3,1,49,1.0
XCUR,-0.23678077123913366,12,1,5,0.95
XEL,-0.09296671248687575,36,1,1,0.95
XELB,-0.028070869479352438,62,1,4,0.75
XENE,-0.16441822484249885,22,1,35,1.0
XERS,-0.042178791396384516,56,0,0,0.8
XFLT,-0.0022574404929932013,69,1,13,0.65
XFOR,-0.1658294164842592,21,1,6,0.9
XGN,0.32005691862395536,93,1,1,0.05
XHG,-0.06639156038558364,43,1,2,0.95
XHLD,-0.1847563036532146,19,1,1,0.8
XHR,0.10158048684218966,84,0,0,0.35
XIFR,0.0355020923709085,76,0,0,0.15
XLO,-0.09185606790075551,36,1,7,0.75
XMAX,0.1037304124970518,84,0,0,0.2
XMTR,0.4026785884323951,95,0,0,0.15
XNCR,-0.1167180730093446,30,1,1,0.95
XNET,-0.2578485831463038,11,1,19,0.95
XOM,-0.03418667560665875,60,0,0,0.8
XOMA,0.12405561451755005,86,0,0,0.4
XOMAO,-0.05236487355319155,49,0,0,0.9
XOMAP,-0.05742195323791444,47,0,0,0.9
XOS,1.0556432004838268,98,0,0,0.0
XP,-0.25817195200805504,11,1,34,1.0
XPEL,-0.015469544727850323,66,0,0,0.7
XPER,0.08689172321637136,83,0,0,0.1
XPEV,-0.10444046256454975,33,1,3,0.8
XPL,-0.12886136258310932,28,1,14,0.8
XPO,0.04072388565314809,77,0,0,0.55
XPOF,-0.21890886054070735,14,1,34,1.0
XPON,-0.3432247398159129,6,1,29,1.0
XPRO,-0.011065151647706252,67,0,0,0.85
XRAY,-0.1667481979952944,21,1,34,1.0
XRN,0.03378745857590236,76,0,0,0.6
XRPN,-0.04766622915421321,51,0,0,0.9
XRPNU,-0.04940855486007353,50,0,0,0.75
XRTX,-0.21821413530073624,15,1,14,0.95
XRX,0.9567011250462597,98,0,0,0.0
XTIA,-0.14341133586916405,25,1,2,0.8
XTLB,-0.18905418524300743,18,1,22,1.0
XTNT,-0.22701232789863213,14,1,21,1.0
XWEL,-0.1122092490664732,31,1,1,0.3
XXI,-0.2562821628034632,11,1,19,0.95
XXII,-0.5919121023514337,1,1,106,1.0
XYF,-0.025780226039971425,63,0,0,0.65
XYL,-0.14066386817905974,26,1,39,1.0
XYZ,-0.006189529825781866,68,1,4,0.75
XZO,-0.1606584851629695,22,1,5,0.95
YAAS,-0.17346527785367288,20,1,1,0.9
YALA,-0.2702650148683444,10,1,20,1.0
YB,-0.19544780716380494,17,0,0,0.95
YCBD,-0.134881176796706,27,1,7,0.95
YCY,-0.04199449061226424,56,0,0,0.9
YDDL,-0.6420116939645805,1,1,41,1.0
YDES,-0.5413507144386766,2,1,47,1.0
YDKG,-0.05894108142067236,46,0,0,0.7
YELP,-0.188150060977943,18,1,23,1.0
YETI,0.1363097556591774,87,0,0,0.2
YEXT,-0.11969352106774521,30,1,4,0.75
YHC,-0.028669794721922146,62,0,0,0.6
YHGJ,0.09911023906098666,84,0,0,0.2
YHNA,-0.0435549701008063,55,0,0,0.9
YHNAU,-0.05073239340622347,50,1,7,0.75
YI,-0.271065323122039,10,1,37,1.0
YIBO,-0.1790192733187727,19,1,6,0.8
YJ,-0.02854616451837527,62,0,0,0.75
YMAT,1.6814248306142208,99,1,2,0.3
YMM,-0.09780907173052716,34,1,3,0.8
YMT,-0.7327309330756403,1,1,84,1.0
YOOV,-0.67217025812045,1,1,39,1.0
YORW,-0.07847046277880493,40,0,0,0.9
YOU,-0.012394265196002008,66,1,9,0.6
YOUL,-0.7009946642697191,1,1,16,0.95
YPF,0.23417470685708036,91,0,0,0.15
YQ,-0.04897139407101515,50,1,8,0.5
YRD,-0.48245536043686943,2,1,56,1.0
YSG,-0.12800410183737926,28,1,2,0.65
YSXT,-0.17147590684046035,20,1,53,1.0
YTRA,-0.1902221592963365,18,1,35,1.0
YUM,-0.11874782507697101,30,1,1,0.95
YUMC,-0.19283357624192415,18,1,52,1.0
YXT,-0.2254135634405131,14,1,1,0.85
YYAI,-0.8011407673912442,0,1,41,1.0
YYGH,-0.9548430420688696,0,1,90,1.0
Z,-0.247916289172319,11,1,32,1.0
ZBAO,-0.11065438458661517,31,1,6,0.45
ZBH,-0.05934265400401517,46,0,0,0.85
ZBIO,-0.20691659486374836,16,1,24,1.0
ZBRA,-0.008011518426953523,67,1,3,0.35
ZCMD,-1.037747976783589,0,1,22,1.0
ZD,0.039131235850311946,77,0,0,0.55
ZDAI,-0.027113972675762557,62,0,0,0.65
ZDGE,-0.053113999031152825,48,0,0,0.7
ZENA,-0.41180693771400206,4,1,24,1.0
ZEO,-0.07531363916618619,41,1,4,0.75
ZEPP,-0.618258716018341,1,1,22,1.0
ZETA,0.2211486902906481,91,0,0,0.25
ZG,-0.2520449962622881,11,1,29,1.0
ZGN,0.2030548806759092,90,0,0,0.05
ZH,-0.06544325660396715,44,0,0,0.9
ZIM,-0.09055680252402314,36,0,0,0.9
ZION,-0.001924299809922439,69,0,0,0.85
ZIONP,-0.04997769369252921,50,1,1,0.95
ZIP,0.1898552976387019,89,1,4,0.45
ZJK,-0.015090319957734716,66,1,6,0.7
ZJYL,-0.08563222223167367,38,1,1,0.4
ZKH,-0.12883653301652148,28,1,57,1.0
ZKIN,0.07727103869299116,82,0,0,0.85
ZLAB,-0.2314208110362609,13,1,30,1.0
ZM,0.042005737080915054,77,1,1,0.55
ZNB,-0.42449088809022495,3,1,88,1.0
ZNTL,0.049167594327164305,78,1,11,0.85
ZONE,0.7089514036070432,97,1,2,0.1
ZOOZ,-0.18331651008798755,19,1,4,0.95
ZS,-0.1886306247905159,18,1,9,0.45
ZSQR,-0.2264749187250129,14,1,4,0.95
ZSTK,-0.20010644303352632,17,1,2,0.95
ZTEK,-0.23023777204674878,13,1,11,0.55
ZTG,0.23224924220671234,91,1,2,0.2
ZTO,-0.15031708819374545,24,1,33,1.0
ZTS,-0.27274661040495257,10,1,47,1.0
ZUMZ,-0.2785469774460813,9,1,7,0.9
ZURA,-0.37700025135233317,4,1,49,1.0
ZVIA,0.04753349335069734,78,1,6,0.4
ZVRA,0.1410431705984112,87,0,0,0.45
ZWS,-0.08982395778888719,37,1,25,1.0
ZYBT,-0.10859280227496748,32,1,18,0.9
ZYME,-0.13589173164301402,26,1,27,1.0
