ticker,raw_score,rs_percentile,rs_below_ma,rs_days_below_ma,rs_frac_below_ma,rs_pct_off_high
A,0.005666180305709159,58,0,0,0.3,0.1813
AA,-0.3474543439691909,5,1,18,0.9,0.4083
AACB,-0.0238065670750918,47,1,6,0.5,0.1415
AACBU,-0.11191685298661178,26,1,5,0.8,0.1638
AACG,-0.082143904685993,31,1,3,0.95,0.247
AAL,0.3460209292176201,94,0,0,0.0,0.0616
AAME,-0.2274959052669859,12,1,45,1.0,0.4968
AAMI,0.10761689750467332,80,0,0,0.5,0.0646
AAOI,-0.34834314340274236,5,1,14,0.85,
AAON,-0.027896420825081245,44,1,7,0.7,0.2539
AAP,-0.027353112155841984,44,1,2,0.2,0.1353
AAPG,-0.13019829591167148,23,0,0,0.8,0.4018
AAPL,0.03425307462022943,65,0,0,0.8,0.0055
AARD,0.21881800879044488,90,0,0,0.45,
AAT,0.12036914308966029,82,0,0,0.0,0.032
AAUC,-0.1956663444093902,15,1,13,0.95,0.358
AB,-0.06225417753854813,35,0,0,0.85,0.1811
ABAT,-0.2452312412372259,11,1,16,0.9,0.5451
ABBV,0.15181303966126083,85,0,0,0.1,0.0284
ABCB,0.039482875463510606,66,0,0,0.0,0.0317
ABCL,0.5190321460244836,97,0,0,0.25,0.0615
ABEO,0.1416443652736191,84,0,0,0.25,0.0
ABEV,-0.08057036454238917,31,1,5,0.55,0.1483
ABG,0.04468238049566621,68,0,0,0.1,0.2499
ABLV,0.36418207049868195,95,0,0,0.05,0.0458
ABM,0.10759409415613008,80,0,0,0.0,0.1236
ABNB,0.07721134160241842,75,0,0,0.2,0.023
ABOS,0.019989374237829795,62,0,0,0.45,0.3151
ABR,-0.26271429414784864,10,1,6,0.95,0.4573
ABSI,1.1098909569446227,98,0,0,0.0,0.0288
ABT,0.012923521758049478,60,0,0,0.3,0.2954
ABTC,5.59709965979488,99,0,0,0.9,
ABTS,-0.3212296465335877,6,1,20,1.0,
ABUS,0.1475408299288108,85,0,0,0.3,0.0126
ABVC,0.5470556151092891,97,0,0,0.1,0.1765
ABVX,0.2266935552231233,90,0,0,0.75,0.0289
ABX,0.3087543650971507,93,0,0,0.1,0.012
ACA,0.1535209799059158,85,0,0,0.0,0.0233
ACAD,0.15624543652022987,86,0,0,0.25,0.1271
ACB,-0.26490695467147507,10,1,24,1.0,0.4474
ACCL,0.2708355108481009,92,0,0,0.0,0.474
ACCO,0.08677321652053671,77,1,1,0.25,0.0792
ACCS,-0.034088297622664875,41,0,0,0.55,0.385
ACDC,-0.3946618404027381,4,1,15,0.85,0.4266
ACEL,0.002945880873433712,57,1,5,0.25,0.1332
ACET,0.04672527634361526,68,0,0,0.3,0.089
ACFN,-0.06837530957571658,33,0,0,0.6,0.3192
ACGL,0.08907412556018389,77,0,0,0.4,0.0932
ACGLN,-0.05541135494677887,36,1,4,0.85,0.1725
ACGLO,-0.04978100003225701,37,1,6,0.95,0.1671
ACH,0.07053700449461228,73,1,1,0.2,0.2018
ACHC,0.23498186994764236,91,0,0,0.3,0.0036
ACHR,-0.2157348873166242,13,1,1,0.95,0.4985
ACHV,0.4155893838528304,96,0,0,0.15,0.0028
ACI,-0.1663282711424643,18,1,19,0.95,0.3071
ACIC,0.03606694427116765,65,0,0,0.4,0.1413
ACIU,-0.0628593240263349,35,0,0,0.65,0.3706
ACIW,0.27149807307285284,92,0,0,0.1,0.0008
ACLS,-0.07471419197893162,32,1,3,0.15,0.3087
ACM,-0.16506969972515537,18,1,6,0.95,0.3955
ACMR,0.48353614454696586,96,1,3,0.15,0.2549
ACN,-0.25366827485323223,10,1,23,1.0,0.5437
ACNB,0.09235013522783309,77,0,0,0.0,0.0441
ACNT,0.06603560685498114,72,0,0,0.25,0.2201
ACOG,0.29411708786238444,93,0,0,0.15,0.0
ACON,-0.15413843246157513,20,1,2,0.9,0.6643
ACP,-0.012679991811305913,52,1,2,0.65,0.1128
ACR,-0.1456156403005961,21,1,6,0.95,0.2494
ACRE,-0.12373105840941906,24,1,16,0.85,0.2377
ACRS,0.21400954108671816,90,0,0,0.35,
ACRV,0.07188168791320461,74,0,0,0.45,0.1885
ACT,0.06576377762719474,72,0,0,0.15,0.0619
ACTG,-0.12189298077760088,24,1,6,0.55,0.2372
ACTU,-0.34828157320877134,5,1,36,1.0,0.778
ACU,0.06187812131666652,72,0,0,0.0,0.0892
ACV,0.013093993166447604,60,1,1,0.1,0.0537
ACVA,0.30684790142290164,93,0,0,0.1,0.2524
ACXP,-0.32430479455560834,6,1,5,0.95,
AD,-0.15821071198638528,19,1,15,0.8,0.2209
ADACU,-0.013435593825948645,51,1,4,0.3,0.1408
ADAG,0.023187519556213176,63,1,2,0.4,0.2549
ADAM,0.06383580627990393,72,1,2,0.15,0.065
ADAML,0.001898309479530215,57,0,0,0.3,0.0944
ADAMM,-0.023005631913349464,47,1,3,0.5,0.1012
ADAMN,0.011239780558638182,60,0,0,0.3,0.0531
ADAMZ,0.0015114296198514565,56,1,1,0.1,0.1204
ADBE,-0.16336122878344858,18,0,0,0.9,0.4006
ADC,0.032948684675064496,65,0,0,0.3,0.1257
ADCT,-0.3406843716311094,5,1,53,1.0,
ADEA,-0.06640438284481405,34,1,3,0.3,0.1899
ADGM,-0.34006332473213685,6,1,49,1.0,0.6522
ADI,-0.07883286628954948,31,1,7,0.55,0.1529
ADIL,0.44610586764600285,96,0,0,0.0,0.5522
ADM,-0.05159157407478557,37,0,0,0.75,0.0782
ADMA,0.011789785856441283,60,0,0,0.4,0.5373
ADNT,-0.1436899447872477,21,1,14,0.75,0.3572
ADP,0.09630620067383894,78,0,0,0.3,0.1385
ADPT,0.29144832146856653,93,0,0,0.0,0.0717
ADSE,0.020712053613417755,62,0,0,0.5,0.1463
ADSK,-0.14470836454848582,21,0,0,0.9,0.2956
ADT,-0.009083087929647283,53,0,0,0.7,0.2188
ADTN,-0.2304230714233533,12,1,21,1.0,0.3529
ADUR,0.07315679855777919,74,0,0,0.45,0.1065
ADUS,0.10698275660405465,80,0,0,0.05,0.1822
ADV,0.14733013402293837,85,1,3,0.3,0.1529
ADVB,0.07065042579477598,73,0,0,0.35,0.312
ADX,0.030201199868995374,64,0,0,0.3,0.0
ADXN,-0.12788959287208246,23,1,8,0.85,0.3956
AEAQU,-0.024914807901250835,46,1,6,0.5,0.1469
AEBI,-0.010673266630655744,52,1,4,0.35,0.3241
AEC,-0.1764673356887107,17,1,1,0.85,0.5955
AEE,0.021687437822317558,62,0,0,0.2,0.1143
AEF,-0.0035608606756507323,55,1,4,0.4,0.0776
AEG,0.08310047677245633,76,0,0,0.05,0.0
AEHL,0.23116729413651432,90,1,31,1.0,
AEHR,-0.26933794621031804,9,1,10,0.65,0.4202
AEI,-0.18624091272512308,16,1,3,0.85,0.6524
AEIS,-0.16178271846593412,19,1,3,0.35,0.3128
AEM,-0.21070107896262158,14,1,12,0.9,0.4557
AEMD,-0.7007642561757588,1,1,24,1.0,0.796
AENT,-0.1239470060941548,24,0,0,0.6,0.3165
AEO,-0.04975384924204186,37,1,6,0.35,0.4477
AEON,-0.17731429779899097,17,1,5,0.85,0.5305
AEP,0.017359608442458485,61,0,0,0.3,0.1093
AER,0.04865151670365103,68,0,0,0.2,0.1043
AERO,0.06396641442197327,72,1,2,0.15,0.257
AERT,0.3127071577950491,94,0,0,0.15,0.018
AES,-0.025281535946195966,46,1,6,0.5,0.2184
AESI,-0.18156873281717475,16,1,6,0.95,0.3001
AEVA,0.17323697517013636,87,1,3,0.35,0.2628
AEXA,0.02058392917716506,62,0,0,0.45,0.08
AEYE,0.011065450722722643,60,0,0,0.85,0.3154
AFB,-0.010874002172503304,52,1,2,0.25,0.0782
AFBI,-0.02467175716650799,46,1,5,0.45,0.118
AFCG,-0.09348855690821238,29,1,16,0.8,0.1903
AFG,0.06886349745375565,73,0,0,0.15,0.0467
AFJK,-0.31512518391318683,7,1,18,0.95,
AFJKU,-0.3904553011253517,4,1,22,1.0,
AFL,0.03514412904050977,65,0,0,0.15,0.0579
AFRI,-0.012096632630844185,52,1,2,0.45,0.1397
AFRM,0.29592120685354323,93,0,0,0.2,0.0601
AFYA,-0.0024627553467755497,55,0,0,0.3,0.1654
AG,-0.20480754589131875,14,1,13,0.95,0.5306
AGCC,-0.09840633235983631,28,1,27,1.0,0.4021
AGCO,-0.06086836479158064,35,1,1,0.55,0.2638
AGD,-0.033760395167949826,41,1,9,0.85,0.1025
AGEN,-0.08114942892526064,31,0,0,0.75,0.3234
AGI,-0.2698695075373657,9,1,13,0.95,0.4953
AGIG,-0.2200399510174451,13,1,17,0.85,0.8077
AGIO,0.4691546393232368,96,0,0,0.05,0.0
AGL,2.276341818381472,99,0,0,0.0,
AGM,0.14067118077788532,84,0,0,0.05,0.0166
AGMH,0.022682902070999607,63,1,1,0.5,0.5456
AGNC,0.05665231285666805,70,0,0,0.3,0.0966
AGNCL,-0.005919595634775829,54,0,0,0.4,0.1196
AGNCM,-0.007414537943988841,54,0,0,0.35,0.1094
AGNCN,-0.016591394689717764,50,1,2,0.45,0.1106
AGNCO,-0.010642021514719213,52,0,0,0.45,0.1038
AGNCP,-0.00035697986161083856,56,0,0,0.4,0.0878
AGNCZ,-0.01707918750041638,50,0,0,0.35,0.1199
AGNT,-0.103929437343095,27,1,2,0.65,0.5166
AGO,0.051745773686639976,69,0,0,0.3,0.1393
AGPU,0.17498612054083815,87,0,0,0.2,
AGRO,-0.3057787990142191,7,1,42,1.0,0.4635
AGRZ,0.0655419562855471,72,0,0,0.35,
AGX,-0.044098760487786284,38,1,3,0.4,0.1706
AGYS,0.4021568741853905,95,0,0,0.05,0.14
AHCO,-0.08441299969395206,30,1,2,0.65,0.2798
AHG,-0.14768978321588172,20,0,0,0.65,0.4502
AHMA,1.0848173156723075,98,0,0,0.1,
AHR,0.12931387828402646,83,0,0,0.5,0.0712
AHRT,0.09830303093289539,79,0,0,0.2,0.0528
AHT,0.039863530786042184,66,1,1,0.25,0.3981
AI,-0.12296160099784037,24,1,13,0.65,0.4164
AIFA,-0.2337312256013928,12,1,25,1.0,0.5561
AIFC,-0.3389436300915297,6,1,34,1.0,0.7999
AIFF,-0.35967492249478167,5,1,43,1.0,
AIFU,0.010239414218705438,59,1,6,0.4,0.4775
AIG,0.047730730295863846,68,0,0,0.35,0.0761
AIHS,0.15152530926682983,85,0,0,0.1,0.289
AII,0.04146500021083456,67,0,0,0.35,0.1618
AIIA,-0.01775278973911395,50,1,5,0.4,0.1426
AIIO,2.487688717232133,99,0,0,0.2,
AIIR,-0.23060019155013076,12,1,34,1.0,0.5625
AIM,-0.49462259594133146,2,1,19,0.95,
AIMD,-0.033445040589171776,41,1,1,0.75,
AIN,0.15796064620773115,86,0,0,0.0,0.0598
AIO,0.014068116265134406,61,1,3,0.15,0.075
AIOS,-0.06992639178325281,33,0,0,0.65,
AIOT,0.1321161582677563,83,0,0,0.25,0.2975
AIP,0.04302041535089038,67,1,3,0.25,0.3562
AIR,0.16399009193732927,87,0,0,0.0,0.0694
AIRE,-0.3380641742343626,6,1,54,1.0,0.862
AIRG,-0.14831419996672354,20,1,19,0.95,0.2058
AIRI,-0.039312608007308916,39,0,0,0.45,0.2147
AIRJ,0.11796446950782935,81,1,1,0.3,0.2107
AIRO,-0.22263616297551503,13,1,16,0.8,0.5279
AIRS,-0.031885988047005195,41,1,14,0.7,
AIRT,0.22461543014576846,90,0,0,0.15,0.1205
AIRTP,-0.01489308879921324,51,0,0,0.35,0.1174
AISP,-0.23654970768661382,12,1,8,0.5,0.5421
AIT,0.013836414481094572,60,1,2,0.15,0.0986
AIV,-0.19986409723581763,15,1,67,1.0,0.4041
AIXC,-0.25868635470806756,10,1,10,0.55,0.6425
AIXI,-0.8648111475339839,0,1,28,1.0,
AIZ,0.13855529851484788,84,0,0,0.0,0.0017
AJG,0.17368117258849206,87,0,0,0.05,0.1142
AKA,0.12829669166372015,83,0,0,0.55,0.1728
AKAM,-0.1831131716761585,16,1,20,1.0,0.2972
AKAN,0.13544795090514833,84,1,12,0.85,
AKBA,0.15514057172543091,86,0,0,0.35,0.1984
AKR,-0.02304895602050897,47,1,6,0.55,0.0736
AKTS,0.4225580977836901,96,0,0,0.15,0.1454
AKTX,1.156216864294513,98,0,0,0.6,
ALAB,0.6829348220739568,98,1,1,0.05,0.2083
ALAR,-0.6982452433859128,1,1,11,0.55,
ALB,-0.29420678389668087,8,1,15,0.95,0.4385
ALBT,-0.3501279548446385,5,1,9,0.85,
ALC,-0.0816149213440743,31,1,1,0.55,0.2966
ALCO,-0.011651247592518375,52,0,0,0.4,0.153
ALDF,-0.027864489122622616,44,1,5,0.5,0.1498
ALDFU,-0.05198129109195815,37,1,5,0.6,0.1484
ALDX,0.2787563737169248,92,0,0,0.0,
ALEC,-0.11028370751044285,26,0,0,0.5,0.3332
ALF,-0.028620268810957285,43,1,5,0.55,0.1492
ALFUU,-0.02850830723840664,44,1,5,0.65,0.1516
ALG,0.011588311670289023,60,0,0,0.2,0.3042
ALGM,0.07289296811187393,74,1,3,0.25,0.2605
ALGN,0.06186291998115946,72,0,0,0.15,0.1367
ALGS,-0.02483273963313018,46,0,0,0.55,0.4592
ALGT,0.33918236654157546,94,0,0,0.1,0.1147
ALH,0.030144174241387378,64,1,4,0.2,0.0686
ALHC,0.4165075323268221,96,0,0,0.05,0.0738
ALIS,-0.02357302438403196,47,1,6,0.5,0.1418
ALISU,-0.010765669233913169,52,1,4,0.35,0.1378
ALIT,0.2827497422362098,93,0,0,0.8,0.4863
ALK,0.18255342860452634,88,1,1,0.05,0.2473
ALKS,0.38419230629409906,95,0,0,0.0,0.0226
ALKT,0.08884689349022752,77,0,0,0.55,0.2359
ALL,0.149607681601906,85,0,0,0.0,0.0
ALLE,0.02011727513963618,62,0,0,0.25,0.2905
ALLO,-0.04374977479320352,38,0,0,0.45,0.3569
ALLR,-0.2673090247670314,10,1,18,0.9,0.365
ALLT,0.06748035438781518,73,0,0,0.55,0.2976
ALLY,0.04385646380314946,67,1,1,0.05,0.0802
ALM,-0.2553647480782265,10,1,10,0.8,0.3862
ALMS,0.287292713241218,93,0,0,0.2,0.1047
ALMU,-0.22218715123929805,13,1,12,0.75,0.45
ALNT,0.018037119554704426,61,1,3,0.15,0.2074
ALNY,0.01133469378889343,60,0,0,0.45,0.2614
ALOT,1.1020350787853488,98,0,0,0.0,
ALOY,0.07771018423631582,75,1,3,0.3,0.571
ALP,-0.11663659836616933,25,1,9,0.95,0.8227
ALRM,0.08886705701909105,77,0,0,0.25,0.1021
ALRS,0.11693329046378206,81,0,0,0.0,0.019
ALSN,-0.0866530986579701,30,1,6,0.45,0.2047
ALT,-0.03874715657323459,40,0,0,0.45,0.5479
ALTG,-0.13975401488665654,21,1,6,0.3,0.2833
ALTI,0.17218240735134843,87,0,0,0.5,0.2413
ALTO,0.008141659886578514,59,0,0,0.35,
ALUB,-0.02943039068469483,43,1,5,0.5,0.1551
ALV,-0.04300830239141068,39,1,15,0.75,0.1415
ALVO,-0.08344098095284615,30,1,11,0.55,0.4055
ALX,0.06503048060748397,72,0,0,0.0,0.0483
ALXO,0.33073568667530345,94,0,0,0.5,0.1735
ALZN,0.02629590164762051,64,1,7,0.35,0.5754
AM,0.008724802664027448,59,0,0,0.35,0.1633
AMAL,0.06859343067672098,73,0,0,0.0,0.0489
AMAT,0.23960991813878968,91,1,2,0.1,0.234
AMBA,0.036473225218686664,66,1,1,0.8,0.2315
AMBO,-0.09100375907931071,29,1,12,0.65,0.3156
AMBP,0.19198554255340208,88,0,0,0.05,0.0697
AMBQ,0.5037237917031101,97,1,1,0.05,0.1669
AMBR,-0.2582230309699646,10,1,51,1.0,0.5208
AMC,0.0029894421609908545,57,1,6,0.45,0.393
AMCI,-0.07927611235428755,31,0,0,0.7,0.4901
AMCR,0.14434167386927643,85,0,0,0.05,0.1783
AMCX,0.11879779728498863,82,0,0,0.3,0.0522
AMD,0.36453152963066865,95,1,1,0.15,0.1127
AME,-0.01685515485863341,50,1,3,0.4,0.1211
AMG,0.12842293971047408,83,0,0,0.1,0.0107
AMGN,0.05333245864852364,69,0,0,0.1,0.128
AMH,0.04340889696621297,67,0,0,0.25,0.0276
AMIX,-0.23995443772728567,11,1,12,0.7,0.4579
AMKR,-0.05751756196196328,35,1,4,0.3,0.3048
AMLX,0.1630208367134145,86,0,0,0.15,0.0625
AMN,0.33684031361570527,94,0,0,0.0,0.066
AMOD,-0.6011590821348882,1,1,103,1.0,0.913
AMP,0.08244985317014869,76,0,0,0.4,0.1445
AMPG,0.9751652053788931,98,1,3,0.2,0.3631
AMPH,-0.043744996076370064,38,1,4,0.4,0.3695
AMPL,0.17191955473071965,87,0,0,0.65,0.2451
AMPX,-0.47556372494741106,2,1,20,1.0,0.51
AMPY,-0.28512159723782093,8,1,42,1.0,0.4868
AMR,-0.29210087146207564,8,1,15,0.85,0.4407
AMRC,-0.18299419343621315,16,1,22,1.0,0.3163
AMRN,0.0578789253941247,71,1,2,0.15,0.1632
AMRX,0.25476213486596905,92,0,0,0.0,0.0352
AMRZ,-0.08935886526836764,29,1,6,0.45,0.2857
AMS,-0.029318550254851767,43,1,1,0.5,0.4131
AMSC,-0.23841008683663775,11,1,10,0.95,0.4029
AMSF,0.1259591215250593,82,0,0,0.05,0.1749
AMST,-0.1376869697096382,22,1,3,0.9,
AMT,-0.13086413131785046,23,1,15,0.75,0.2073
AMTB,0.08897708909737409,77,0,0,0.1,0.0394
AMTD,-0.11622477117825625,25,1,8,0.8,0.2187
AMTM,-0.1608211898434853,19,1,1,0.95,0.4815
AMTX,-0.4146658273722743,3,1,24,1.0,0.5463
AMWL,0.22548603740179912,90,0,0,0.15,0.0771
AMX,-0.0226566206723266,47,1,5,0.5,0.1283
AMZE,-0.19567830798255187,15,1,7,0.9,0.8362
AMZN,-0.047757682676958554,37,0,0,0.95,0.134
AN,-0.04488027564953308,38,0,0,0.55,0.2078
ANAB,0.23321665703024247,91,0,0,0.2,0.0759
ANDE,-0.12487079790748892,24,1,6,0.7,0.2096
ANDG,0.09906093016288614,79,0,0,0.45,0.0
ANET,0.025097441854099435,63,0,0,0.25,0.1114
ANF,0.06274332551075064,72,0,0,0.0,0.3711
ANGH,-0.10527487344842446,27,1,7,0.35,0.4388
ANGI,-0.09067369479894141,29,0,0,0.6,0.5798
ANGO,0.13330088367019666,84,0,0,0.0,0.0604
ANGX,0.15745776138588696,86,0,0,0.05,0.2709
ANIK,0.03682888615820444,66,0,0,0.45,0.0741
ANIP,0.037128933933736924,66,0,0,0.1,0.0963
ANIX,0.056126724146122714,70,0,0,0.4,0.2061
ANL,-0.08804151033718917,30,1,1,0.8,
ANNA,-0.30131571135237717,7,1,16,0.9,
ANNX,0.11553990520407315,81,0,0,0.5,0.1532
ANPA,-0.3695663842038023,4,1,99,1.0,
ANRO,0.1392946555938336,84,0,0,0.2,0.1217
ANSC,-0.026532794079160392,45,1,6,0.55,0.1465
ANSCU,-0.020842270449607327,48,1,13,0.65,0.1442
ANTA,-0.3684361889791646,4,1,35,1.0,0.553
ANTX,0.012503508587806647,60,1,4,0.3,
ANVS,-0.13376945154020292,22,0,0,0.7,0.5507
ANY,0.07228123869998512,74,1,10,0.55,
AOD,-0.0011459609940552631,56,1,1,0.4,0.0771
AOMR,0.06300979055221126,72,0,0,0.1,0.043
AON,0.08937178996630937,77,0,0,0.25,0.0615
AORT,-0.09588575609885581,28,0,0,0.55,0.4997
AOS,0.007420888612654247,59,0,0,0.2,0.305
AOSL,-0.1490666018712739,20,1,4,0.45,0.3393
AOUT,0.40975208892439596,95,0,0,0.1,0.0206
AP,-0.2949877297399859,8,1,13,0.8,0.4048
APA,-0.1835112967612717,16,1,17,0.95,0.3478
APAC,-0.028567317436499994,43,1,6,0.55,0.1477
APACU,-0.028928475467084814,43,1,4,0.4,0.1441
APAM,-0.055347882385991184,36,0,0,0.85,0.2378
APD,0.020959816691756186,62,0,0,0.7,0.1069
APEI,0.03645178077585068,66,0,0,0.5,0.1231
APG,-0.07884362626896763,31,1,1,0.8,0.2025
APGE,0.500121755575289,97,0,0,0.0,0.0178
APH,0.10761916710859956,80,1,1,0.05,0.1142
API,-0.06813357369613572,34,1,9,0.75,0.2205
APLD,-0.21069370571484808,14,1,9,0.65,0.3774
APLE,0.14089371294616104,84,0,0,0.0,0.0606
APLM,0.26810727408321533,92,0,0,0.25,0.2289
APM,-0.2398732090170776,11,1,18,0.9,0.4434
APO,-0.06691825275099095,34,1,10,0.55,0.245
APOG,0.052857201155160696,69,1,3,0.15,0.2233
APP,0.02620421882959336,64,0,0,0.65,0.2712
APPF,0.05140920021355497,69,0,0,0.55,0.2723
APPN,-0.004070447363997323,55,0,0,0.4,0.347
APPS,1.0101832851761985,98,0,0,0.0,0.2218
APRE,-0.04234863382502041,39,1,4,0.65,0.2707
APT,0.014056395547368865,61,1,2,0.8,0.2351
APTV,-0.11281391842673241,26,1,15,0.75,0.3872
APUS,-0.616793002409197,1,1,70,1.0,
APVO,-0.12379949496695351,24,1,21,1.0,0.5864
APWC,0.06943400639343314,73,1,1,0.55,0.2664
APXT,-0.028336251544597124,44,1,6,0.55,0.1477
APXTU,-0.026413414788891754,45,1,5,0.45,0.144
APYX,0.13119735936724425,83,1,1,0.45,0.1503
AQB,-0.019099409788638,49,1,3,0.35,0.1989
AQMS,-0.3800719913793303,4,1,36,1.0,0.5947
AQN,-0.10385119149791074,27,1,6,0.7,0.2524
AQST,0.012118107872566897,60,1,6,0.4,0.3604
AR,-0.1135928988294255,25,1,2,0.9,0.3398
ARAI,-0.34420972426662416,5,1,55,1.0,
ARAY,-0.41563306032730957,3,1,23,1.0,0.7433
ARBB,-0.07768278244916867,32,1,14,0.7,0.3705
ARBE,-0.23893024999102722,11,1,3,0.95,0.6463
ARBK,-0.060625449013270556,35,1,3,0.5,0.4194
ARCB,0.11277911165896487,81,1,6,0.55,0.1761
ARCC,-0.03152430628944304,42,1,2,0.5,0.1543
ARCO,-0.04820122064527622,37,1,6,0.75,0.176
ARCT,-0.10467277322971033,27,0,0,0.8,0.2146
ARDC,0.007427934973179423,59,0,0,0.25,0.1083
ARDT,0.15796152347618764,86,0,0,0.25,0.0
ARDX,-0.12858011830764532,23,1,7,0.7,0.386
ARE,0.013276127988662893,60,1,2,0.15,0.2189
AREC,-0.23355136208955246,12,1,5,0.9,0.6038
AREN,-0.5586760429795876,1,1,38,1.0,0.8252
ARES,-0.03164554418688191,42,1,1,0.5,0.355
ARGX,0.10594657822016995,80,0,0,0.0,0.0248
ARHS,0.16683271550885476,87,0,0,0.05,0.2954
ARI,-0.0924964167358846,29,1,6,0.7,0.1619
ARIS,-0.1686737980533611,18,1,12,0.85,0.3884
ARKO,0.11377560976848508,81,1,1,0.2,0.1058
ARKR,-0.18416588479277773,16,1,7,0.8,0.3337
ARL,0.42937202333055774,96,0,0,0.1,0.1227
ARLO,-0.06591512251451545,34,0,0,0.7,0.234
ARLP,-0.12146421115602273,24,1,6,0.8,0.2874
ARM,0.18392353527105423,88,1,8,0.4,0.3173
ARMK,0.1313283327065054,83,0,0,0.0,0.0231
ARMP,-0.4172208608089551,3,1,6,0.95,0.663
AROC,0.018197201593242687,61,1,3,0.4,0.1185
AROW,0.09043949024142371,77,0,0,0.0,0.0322
ARQ,-0.15922249607966701,19,1,11,0.55,0.4715
ARQQ,0.3684565309732743,95,1,2,0.35,0.3333
ARQT,0.18535281475185708,88,0,0,0.0,0.1506
ARR,-0.026454454032550655,45,1,2,0.35,0.1245
ARRY,-0.23644961202767115,12,1,10,0.95,0.4947
ARTCU,-0.02526154301454514,46,1,6,0.55,0.145
ARTL,-0.5536335506734886,1,1,61,1.0,
ARTNA,0.037263961131479034,66,0,0,0.25,0.1055
ARTV,0.11224139460560933,81,0,0,0.15,0.3307
ARTW,-0.010141399311820107,53,1,2,0.6,0.2168
ARVN,-0.08241714743747466,31,0,0,0.5,0.4404
ARW,-0.02592240758285755,46,1,7,0.35,0.178
ARWR,0.17802815958051185,88,0,0,0.15,0.0
ARX,-0.06649103455239529,34,1,2,0.9,0.2233
AS,-0.045701178202634196,38,1,2,0.5,0.2562
ASA,-0.19895182446779888,15,1,13,0.95,0.4139
ASAN,-0.023102096888927635,47,0,0,0.55,0.4823
ASB,0.07777820658355583,75,0,0,0.0,0.0449
ASBP,8.838226569837621,99,1,2,0.2,
ASC,-0.09955536075526514,28,1,8,0.75,0.2051
ASG,0.0034881979453128195,57,1,1,0.1,0.0602
ASGI,-0.0105321551171474,53,0,0,0.6,0.1313
ASH,0.16385311193292376,87,0,0,0.0,0.0645
ASIC,0.23385508318185827,91,0,0,0.0,0.0391
ASIX,-0.14433354544922827,21,0,0,0.9,0.2701
ASLE,-0.10601249933007498,27,1,1,0.6,0.2875
ASM,-0.11492088858180854,25,1,1,0.75,0.5004
ASMB,0.05966965306837761,71,0,0,0.5,0.1697
ASML,0.09562174444741273,78,1,3,0.15,0.1228
ASND,0.1676910498535223,87,0,0,0.3,0.0312
ASO,-0.17090748868172412,17,1,8,0.8,0.3224
ASPC,-0.052492273746611334,36,1,4,0.75,0.5356
ASPCU,-0.13629126833114266,22,1,16,0.95,0.509
ASPI,-0.1796033752144556,17,1,8,0.65,0.4529
ASPN,0.02361124273415438,63,1,3,0.35,0.1967
ASPS,0.05380769456102773,69,0,0,0.15,0.2353
ASR,-0.07884442690500046,31,1,1,0.3,0.2938
ASRV,-0.02188427669361056,48,1,2,0.35,0.1225
ASST,-0.12880326018682944,23,1,14,0.95,0.4661
ASTC,0.641572140990956,97,1,16,0.8,
ASTE,-0.0184959977597136,49,1,1,0.25,0.1963
ASTH,0.3509392566947898,95,0,0,0.05,0.0581
ASTI,-0.27026076924888615,9,1,13,0.7,
ASTL,-0.2786908596360678,9,1,21,1.0,0.344
ASTS,-0.18237979771080937,16,1,2,0.75,0.4388
ASUR,-0.09852592981959143,28,1,1,0.8,0.2465
ASX,0.20262998413383232,89,1,1,0.15,0.1135
ASYS,-0.035249918201020844,40,1,4,0.6,0.2629
ATAI,0.20219682967974614,89,0,0,0.5,0.0435
ATAT,-0.12628791918595972,24,1,50,1.0,0.2959
ATCH,-0.29669687414514617,8,1,43,1.0,0.4752
ATEC,0.0049266496673320975,58,0,0,0.2,0.6206
ATEN,0.25263522469069616,92,0,0,0.0,0.0415
ATER,0.22167397591457333,90,1,1,0.05,
ATEX,0.8078167280642226,98,0,0,0.0,0.0699
ATGL,-0.24643651137699663,11,1,11,0.9,0.6671
ATHE,0.33909198270103047,94,0,0,0.1,0.0635
ATHM,0.055399587774306897,70,0,0,0.15,0.2337
ATHR,0.521506316155055,97,0,0,0.55,0.2682
ATI,0.07424648302982584,74,1,4,0.2,0.106
ATII,-0.03672429772273189,40,1,6,0.8,0.1213
ATIIU,-0.02908471535060284,43,1,6,0.85,0.2684
ATKR,-0.13071330300394382,23,1,7,0.75,0.1881
ATLC,0.28724892656351,93,1,3,0.15,0.1401
ATLCP,0.013005450775252385,60,1,2,0.45,0.1175
ATLO,-0.024901011521271832,46,1,3,0.3,0.1188
ATLX,-0.29658698879004974,8,1,37,1.0,0.5173
ATMU,-0.04034041296496339,39,1,1,0.5,0.2915
ATNI,-0.11444762108359999,25,1,5,0.6,0.2477
ATNM,-0.11769677515063791,25,0,0,0.95,0.3512
ATO,-0.028400452853996595,44,0,0,0.65,0.1863
ATOM,-0.14327380566125536,21,1,4,0.8,
ATOS,-0.5460592121480501,2,1,41,1.0,0.7783
ATPC,-0.15161283629077837,20,1,6,0.8,
ATR,0.05254977754955442,69,0,0,0.1,0.2014
ATRA,0.5341767812986797,97,1,1,0.1,
ATRC,0.12760544738187182,83,0,0,0.3,0.2906
ATRO,0.07392971222228259,74,1,4,0.2,0.2091
ATS,-0.11247994619718835,26,1,27,1.0,0.2381
ATXG,-0.302485239583383,7,1,10,0.7,0.5299
ATYR,-0.07952771634352422,31,0,0,0.5,0.4744
AU,-0.1501505693896928,20,1,12,0.85,0.3986
AUB,0.08107780491410439,76,0,0,0.0,0.0745
AUBN,0.005479260469088629,58,1,1,0.15,0.1557
AUC,0.1189659204869114,82,0,0,0.65,0.1743
AUDC,-0.0072940649491372266,54,0,0,0.35,0.0941
AUGO,-0.17754281872244987,17,1,1,0.9,0.4541
AUID,-0.0831023797810024,30,0,0,0.75,
AUNA,0.026518890816235263,64,0,0,0.05,0.2425
AUPH,-0.03179530008740842,41,1,4,0.2,0.1458
AUR,0.018296040475450893,61,1,1,0.6,0.2562
AURA,-0.06897311829311382,33,0,0,0.5,0.2374
AURE,-0.18284710875298557,16,1,16,0.85,0.4115
AUST,-0.25577143379932277,10,1,21,1.0,0.6489
AUTL,-0.02222359279272801,48,0,0,0.65,0.2268
AUUD,-0.34348696696715747,5,1,1,0.95,
AVA,-0.02823469744735424,44,1,2,0.45,0.1303
AVAH,0.431622853184639,96,0,0,0.1,0.0942
AVAL,0.029007027193643287,64,1,6,0.3,0.1431
AVAT,-0.9768416743390933,0,1,64,1.0,
AVAV,-0.1714857709148301,17,1,1,0.8,0.6193
AVB,0.044177654945277506,67,0,0,0.25,0.0063
AVBC,0.028749885557800683,64,0,0,0.1,0.0903
AVBH,0.044055397734358376,67,1,1,0.05,0.0374
AVBP,0.10065642897226365,79,0,0,0.0,0.0199
AVD,0.10681014615947959,80,0,0,0.45,0.5001
AVGO,-0.09316695702720601,29,1,11,0.95,0.2203
AVIR,-0.05359628998632724,36,0,0,0.55,0.2951
AVK,0.013019148336731338,60,1,2,0.2,0.0369
AVNS,0.12811780829004643,83,1,5,0.4,
AVNT,0.05996454133193094,71,0,0,0.05,0.1837
AVNW,0.10403159863983272,80,0,0,0.0,0.3036
AVO,0.08158500698942844,76,0,0,0.45,0.2131
AVPT,0.1458992867150128,85,0,0,0.25,0.1606
AVR,0.3459309965558645,94,0,0,0.0,0.0646
AVT,-0.013191151471469327,51,1,7,0.35,0.1226
AVTR,0.13814730288036672,84,0,0,0.0,0.2528
AVTX,0.26566823648664095,92,0,0,0.4,0.1786
AVX,-0.0905744189383757,29,1,6,0.7,0.797
AVXL,-0.12776136985803066,23,0,0,0.85,0.5338
AVY,0.001388409788440688,56,0,0,0.2,0.2374
AWF,-0.0278877663844753,44,1,3,0.65,0.1168
AWI,-0.053192377008904355,36,1,4,0.75,0.2936
AWK,0.03816630059201512,66,0,0,0.2,0.1754
AWP,0.024910165521004987,63,0,0,0.3,0.0922
AWR,0.05442852103322264,70,0,0,0.2,0.0799
AWRE,-0.025477255933445422,46,1,1,0.5,0.3667
AWX,-0.031709842903187936,42,0,0,0.6,0.1699
AX,0.09439085617285503,78,0,0,0.05,0.1042
AXG,-0.12680136229569136,23,1,16,0.9,0.3577
AXGN,0.07117657814920353,74,0,0,0.0,0.0363
AXIA,-0.09028202252514118,29,1,5,0.75,0.2881
AXIL,-0.08556051956764152,30,0,0,0.8,0.2423
AXIN,-0.024966709433795687,46,1,6,0.5,0.137
AXINU,-0.02774889600016143,44,1,6,0.4,0.1225
AXON,0.4055833030191642,95,0,0,0.3,0.0786
AXP,0.08962729593039917,77,0,0,0.0,0.1578
AXR,-0.08312313675410632,30,1,2,0.65,0.2335
AXS,0.14556722705063407,85,0,0,0.05,0.0331
AXSM,0.13634978255745678,84,0,0,0.2,0.0315
AXTA,0.14358200021414952,84,0,0,0.0,0.1209
AYA,0.009252931637657003,59,1,1,0.5,0.2076
AYI,0.12025005770811603,82,0,0,0.1,0.1005
AYTU,-0.07085099280189198,33,0,0,0.65,0.285
AZ,-0.18267977641602684,16,0,0,0.8,0.3594
AZI,0.3119315531367523,93,1,1,0.3,
AZN,0.007892832445295601,59,0,0,0.5,0.1697
AZO,-0.09510846024653641,28,1,2,0.75,0.2772
AZTA,0.05593225228845358,70,0,0,0.05,0.433
AZTR,-0.3708040404573482,4,1,8,0.75,
AZZ,0.013050292756314114,60,1,1,0.2,0.1168
B,-0.13561826570073465,22,1,12,0.85,0.3482
BA,0.02748079682627627,64,0,0,0.6,0.1613
BABA,-0.25355042807238315,11,1,36,1.0,0.4876
BAC,0.09640740388393892,78,0,0,0.0,0.0216
BACC,0.012698109652758624,60,0,0,0.25,0.1024
BACCU,0.032631653399648325,65,0,0,0.0,0.0915
BAER,-0.07528880028245813,32,0,0,0.75,0.4482
BAFN,-0.15645765353312857,19,0,0,0.85,0.3981
BAH,-0.2313822839977242,12,1,17,0.85,0.4235
BAK,-0.3826376733359924,4,1,28,1.0,0.5632
BALL,0.10013197256334322,79,0,0,0.1,0.1529
BALY,-0.05623799627807891,36,1,2,0.3,0.3332
BAM,-0.0305568005465376,42,1,1,0.7,0.1922
BANC,0.062156241642634696,72,0,0,0.0,0.0993
BAND,0.5964135486577593,97,0,0,0.4,
BANF,-0.002380798864133636,55,0,0,0.3,0.1155
BANL,-0.18327794282813042,16,1,1,0.9,0.6463
BANR,0.015066182371020406,61,0,0,0.2,0.0553
BANX,-0.010100427568409908,53,0,0,0.5,0.1296
BAOS,-0.016461033332371852,50,1,12,0.7,0.2894
BAP,0.17870339689504716,88,0,0,0.05,0.019
BARK,0.028686099651865957,64,0,0,0.3,0.5125
BATL,-0.15976320707009717,19,0,0,0.9,
BATRA,0.058376289257418834,71,0,0,0.05,0.0136
BATRK,0.06491290141663889,72,0,0,0.1,0.008
BAX,0.24175041872460334,91,0,0,0.05,0.0541
BAYA,-0.031140094912794992,42,1,2,0.65,0.1476
BAYAU,-0.047001149273081466,38,1,19,0.95,0.4277
BB,0.7234152774593352,98,0,0,0.05,0.1357
BBAI,-0.22979911712793055,12,1,21,1.0,0.4973
BBAR,0.20837821466921055,89,0,0,0.0,0.1063
BBCP,0.39986214122174885,95,0,0,0.0,0.0734
BBCQU,-0.0480009705244777,37,1,14,0.8,0.1582
BBD,-0.07900528783234849,31,1,1,0.7,0.2408
BBDC,-0.045479832209241886,38,0,0,0.65,0.1309
BBDO,-0.10170384748694604,27,1,5,0.9,0.2584
BBGI,1.5287733296346044,99,0,0,0.1,
BBIO,0.1006389757352801,79,0,0,0.2,0.1064
BBLG,0.13376066189707292,84,0,0,0.15,0.2401
BBN,-0.02485786720399724,46,1,4,0.35,0.125
BBNX,0.4298198289978538,96,0,0,0.0,0.5125
BBOT,-0.04287646975949709,39,0,0,0.85,0.4364
BBSI,0.18474822391538523,88,0,0,0.05,0.1061
BBT,0.013676386360774978,60,1,3,0.2,0.1403
BBUC,-0.13602649360390748,22,1,8,0.8,0.258
BBVA,0.14968103664290927,85,0,0,0.1,0.0473
BBW,-0.20538316074368243,14,1,26,1.0,0.6081
BBWI,0.10527834831772556,80,1,1,0.1,0.2344
BBY,0.19483940046602297,89,0,0,0.0,0.0124
BC,-0.05489348069436046,36,1,4,0.4,0.2002
BCAB,-0.024926222904900576,46,0,0,0.55,0.8133
BCAL,0.06318436172909492,72,0,0,0.05,0.0353
BCAR,-0.04903679528957914,37,1,9,0.85,0.1312
BCARU,0.028470477978537884,64,0,0,0.35,0.0904
BCAT,0.03658386173361042,66,0,0,0.05,0.0201
BCAX,0.39679181006395536,95,0,0,0.15,0.0
BCBP,-0.06173664559900924,35,1,8,0.5,0.1173
BCC,0.006925634223411581,58,1,2,0.15,0.2572
BCDA,-0.032847754451936495,41,1,1,0.4,0.3435
BCE,-0.13472787395792413,22,1,15,0.8,0.2757
BCG,-0.18447490156295654,16,1,38,1.0,0.466
BCH,0.06565783491446536,72,0,0,0.15,0.1494
BCHT,0.06151510210838075,71,0,0,0.0,0.5381
BCIC,-0.05209758271768894,37,0,0,0.8,0.4187
BCML,0.06659508874977188,73,0,0,0.0,0.0624
BCO,-0.017989019228881253,49,0,0,0.85,0.2955
BCPC,0.009858092052632564,59,0,0,0.15,0.1685
BCRX,0.21264769335675915,89,0,0,0.2,0.0198
BCS,0.12492575898821787,82,0,0,0.0,0.0754
BCSF,-0.049179368950918734,37,0,0,0.7,0.1121
BCSS,-0.02593555791574015,46,1,6,0.45,0.144
BCTX,-0.07923195505310326,31,0,0,0.75,
BCV,-0.012025353294786757,52,1,3,0.35,0.0497
BCX,-0.0733018226890541,33,0,0,0.95,0.2041
BCYC,-0.07314528818539315,33,0,0,0.75,0.444
BDC,-0.07418898828756419,32,1,4,0.3,0.3544
BDCI,-0.028333231774265576,44,1,5,0.5,0.1526
BDCIU,-0.024068548187393603,47,1,5,0.5,0.1461
BDJ,0.029944229973680653,64,0,0,0.05,0.0681
BDL,0.35280906086634717,95,0,0,0.0,0.0923
BDMD,-0.2807907387257834,9,1,70,1.0,
BDN,0.042096455372365296,67,0,0,0.2,0.0762
BDRX,-0.3246941018780278,6,1,22,1.0,0.7894
BDSX,0.2563109014718004,92,0,0,0.05,0.172
BDTX,-0.15190099183333158,20,0,0,0.85,0.4287
BDX,0.02310094261496251,63,0,0,0.35,0.2199
BE,0.10253013391708943,79,1,1,0.5,0.224
BEAG,-0.02283357178636215,47,1,5,0.5,0.145
BEAGU,-0.02983176419824274,43,1,4,0.45,0.1516
BEAM,0.2506480318171348,91,0,0,0.15,0.0165
BEAT,-0.3216176372562583,6,1,35,1.0,0.7619
BEEM,-0.2570459036115569,10,1,10,0.95,0.4173
BEEP,-0.2879666651445631,8,1,22,1.0,0.5633
BEKE,-0.13979132622455537,21,1,15,0.95,0.2774
BELFA,-0.12139998954252293,24,1,3,0.15,0.2531
BELFB,-0.08141106146115024,31,1,3,0.15,0.2457
BEN,0.14787214923739678,85,0,0,0.0,0.0
BENF,-0.016522343126163887,50,0,0,0.4,0.3661
BEP,-0.08811840132374421,30,1,6,0.6,0.133
BEPC,-0.11165276435372723,26,1,6,0.6,0.2609
BESS,0.6628002101848349,98,0,0,0.35,0.6038
BETA,-0.06366485386202222,34,1,1,0.7,0.4572
BETR,-0.19346078938201883,15,1,1,0.65,0.4534
BFAM,0.05257199549000631,69,0,0,0.4,0.3109
BFC,0.03058277452535564,64,0,0,0.2,0.0861
BFH,0.16304371503124943,86,0,0,0.0,0.067
BFLY,0.5357746342626584,97,0,0,0.0,
BFRG,-0.16697401000898401,18,0,0,0.55,
BFRI,0.08653642496126132,77,0,0,0.35,0.0261
BFS,0.014006219728350935,61,1,2,0.25,0.0633
BFST,0.05449299911620527,70,0,0,0.05,0.0701
BG,-0.17440575977551745,17,1,15,0.75,0.2668
BGB,-0.018020897343112664,49,1,5,0.5,0.1121
BGC,0.005922564132000707,58,1,7,0.35,0.1403
BGDE,0.4906021160416602,97,1,4,0.25,
BGH,-0.002819160434486389,55,0,0,0.4,0.1143
BGI,-0.19237503169214124,15,1,15,0.9,0.5189
BGIN,-0.45576910487461436,3,1,32,1.0,0.567
BGL,-0.7169079818721946,1,1,42,1.0,
BGLC,-0.16744881966604053,18,1,9,0.6,0.5518
BGM,0.019405298592683237,62,1,1,0.35,0.9227
BGMS,-0.18573179963874392,16,0,0,0.7,0.4917
BGR,-0.08899153818410875,29,0,0,0.9,0.242
BGS,-0.1392826921795175,22,1,2,0.8,0.3479
BGSF,0.018052516339111833,61,0,0,0.35,0.2412
BGSI,-0.16346580108766962,18,1,6,0.95,0.5037
BGT,-0.025456002320458516,46,1,6,0.7,0.1182
BGX,-0.024126918505167003,47,1,5,0.5,0.1328
BGY,-0.00895049442545114,53,0,0,0.3,0.125
BH,0.33013039332081157,94,0,0,0.0,0.2122
BHB,0.0485864042851713,68,0,0,0.0,0.065
BHC,-0.1239143217325295,24,1,7,0.95,0.4203
BHE,0.0035545533084289233,57,1,3,0.15,0.18
BHF,0.01917335923701466,62,0,0,0.2,0.0867
BHFAM,-0.059838592375738374,35,1,9,0.9,0.1866
BHFAN,-0.041797927963820335,39,1,6,0.7,0.1754
BHFAO,-0.055318277056396546,36,1,17,0.95,0.1834
BHFAP,-0.05316514893721733,36,1,12,0.9,0.1781
BHK,-0.020174702100969708,48,1,1,0.25,0.1291
BHM,-0.16232708995700598,19,1,38,1.0,0.3389
BHP,-0.057292456059060456,36,1,12,0.75,0.1319
BHR,-0.15575013832512144,19,1,2,0.75,0.3695
BHRB,0.07366202869521488,74,0,0,0.0,0.0802
BHST,-0.2474980265578459,11,1,66,1.0,0.5393
BHV,0.1368339314288594,84,0,0,0.0,0.0
BHVN,0.46901060464610905,96,0,0,0.0,0.0423
BIAF,-0.6496053250146572,1,1,61,1.0,
BIDU,-0.14973682215728673,20,1,3,0.95,0.3702
BIIB,0.05521030632753364,70,1,1,0.15,0.0755
BILI,-0.14745206012402481,20,0,0,0.9,0.5467
BILL,0.06215381588498553,72,0,0,0.65,0.3159
BIO,-0.006603539500101167,54,1,2,0.5,0.166
BIOA,0.4007022937528478,95,0,0,0.2,0.0317
BIOX,-0.3425840994908435,5,1,23,1.0,0.7762
BIP,-0.04688476855603831,38,1,16,0.8,0.1419
BIPC,-0.05815233548508343,35,1,17,0.85,0.2815
BIRD,-0.16004840170656426,19,1,8,0.75,
BIRK,0.12075688516450239,82,0,0,0.25,0.0753
BIT,-0.028050473555505995,44,1,2,0.45,0.1133
BIVI,0.2811815953388336,93,0,0,0.0,0.0118
BIXI,-0.028705645858574835,43,1,6,0.55,0.1476
BIXIU,-0.030127216606389874,42,1,5,0.5,0.1509
BIYA,-0.6412582095290469,1,1,2,0.85,
BJ,-0.07682076986872753,32,1,2,0.65,0.2568
BJDX,-0.5309548713318344,2,1,9,0.5,
BJRI,0.4678342661734895,96,0,0,0.0,0.0186
BKD,0.16686607356675937,87,0,0,0.05,0.1582
BKE,-0.13580719149994908,22,1,47,1.0,0.3004
BKH,-0.01595741705494894,50,1,4,0.55,0.1103
BKHA,-0.02247851487988476,48,1,5,0.4,0.1342
BKHAU,0.01736566985078082,61,1,10,0.5,0.168
BKKT,-0.09204457333537622,29,1,11,0.95,0.6441
BKNG,0.0420027280852721,67,0,0,0.3,0.2335
BKR,-0.20020353036773939,14,1,19,0.95,0.2688
BKSY,-0.3353194724165038,6,1,25,1.0,0.5036
BKT,-0.01167239734412008,52,0,0,0.3,0.1208
BKTI,-0.07418682598422675,33,1,1,0.65,0.2238
BKU,0.005247850169885965,58,0,0,0.15,0.1179
BKV,-0.09846759933920365,28,0,0,0.55,0.2448
BL,-0.09817593164241362,28,0,0,0.7,0.5333
BLBD,0.17370602633134397,87,0,0,0.0,0.0153
BLCO,0.053600344463333185,69,0,0,0.45,0.1522
BLDP,-0.27891584094863525,9,1,21,1.0,0.4807
BLDR,-0.0037312693295155214,55,1,2,0.2,0.44
BLFS,0.16087099491900336,86,0,0,0.1,0.0502
BLIN,0.2060376193575318,89,0,0,0.45,0.0469
BLIV,-0.0374908130827247,40,0,0,0.7,0.3588
BLK,-0.04061489774426567,39,1,10,0.8,0.197
BLKB,-0.10101349732548043,27,0,0,0.7,0.5529
BLLN,0.2502894285464608,91,0,0,0.0,0.0389
BLMN,0.21868349683222993,90,1,2,0.3,0.1366
BLND,0.03659865932691159,66,0,0,0.15,0.4961
BLNE,-0.34808322897822835,5,1,5,0.9,0.7266
BLNK,-0.19554537192243768,15,1,24,1.0,0.4071
BLRKU,-0.021029315806211757,48,1,6,0.5,0.1453
BLRX,0.028629735014192144,64,1,2,0.5,0.1572
BLSH,-0.29040310312582435,8,1,37,1.0,0.4512
BLTE,0.0031427153248146794,57,0,0,0.45,0.2438
BLUW,-0.025251322419952107,46,1,6,0.55,0.1496
BLUWU,-0.03140716256804806,42,1,5,0.65,0.1529
BLW,-0.012249782261919959,52,0,0,0.45,0.1374
BLX,0.018790804070932116,62,1,3,0.15,0.1095
BLZE,1.394080311263774,99,0,0,0.05,
BLZR,-0.027570273312013616,44,1,6,0.55,0.1452
BLZRU,-0.028031133763995564,44,1,5,0.5,0.1552
BMA,0.13873619922436833,84,0,0,0.15,0.1679
BMBL,-0.11253976906191025,26,0,0,0.65,0.3444
BME,0.09529232682191757,78,0,0,0.15,0.0338
BMEA,-0.06063510244314328,35,0,0,0.65,0.3999
BMEZ,0.08006970261580706,75,0,0,0.0,0.0479
BMGL,-0.10590833876295697,27,1,2,0.75,0.485
BMHL,0.5449558401821464,97,0,0,0.0,0.0162
BMI,0.09684160170169925,78,0,0,0.05,0.2205
BMN,-0.03585475583355778,40,1,6,0.55,0.1674
BMNR,-0.28379421194880194,8,1,38,1.0,0.5838
BMO,0.12187306610202989,82,0,0,0.0,0.0075
BMR,-0.21529069987701932,13,1,23,1.0,0.3557
BMRA,-0.24038896010126176,11,1,26,1.0,0.453
BMRC,0.06922428059141901,73,0,0,0.25,0.0506
BMRN,0.05581856807874644,70,0,0,0.15,0.1362
BMY,-0.009005323428198722,53,0,0,0.6,0.164
BN,-0.04433208788503429,38,1,13,0.8,0.1662
BNAI,-0.28933397922472753,8,1,9,0.7,
BNBX,-0.37568067226261237,4,1,12,0.8,0.8072
BNC,-0.04175485404260158,39,0,0,0.55,0.6079
BNED,0.0767034597554021,75,1,2,0.1,0.1932
BNGO,-0.10688197955079108,26,1,22,1.0,0.3743
BNKK,-0.39038376745836,4,1,50,1.0,0.8006
BNL,0.06704634378714991,73,0,0,0.2,0.0126
BNR,-0.12563307128663986,24,0,0,0.85,0.7601
BNRG,-0.5537282738016462,1,1,51,1.0,0.9542
BNS,0.07884791033736505,75,0,0,0.0,0.0246
BNT,-0.049807953486934425,37,1,16,0.85,0.1666
BNTC,0.1498923028438627,85,0,0,0.25,0.0957
BNTX,-0.004305561634348046,55,0,0,0.45,0.2714
BNY,0.09246010285111778,78,0,0,0.05,0.0
BNZI,-0.2695036908890228,9,1,68,1.0,0.9012
BOC,0.06554667189223733,72,0,0,0.2,0.064
BODI,-0.20685138996952254,14,1,2,0.75,0.4061
BOE,0.017853846670395815,61,0,0,0.15,0.0494
BOF,0.17290758823340324,87,0,0,0.15,0.1509
BOH,0.04030252199422485,67,0,0,0.15,0.0487
BOKF,0.04389947486480411,67,0,0,0.1,0.0569
BOLD,0.7184456954110385,98,0,0,0.5,
BOLT,-0.1828802284025749,16,1,23,1.0,0.4715
BON,-0.09793421247775733,28,1,15,0.75,0.3666
BOOM,-0.09301128446367037,29,1,10,0.65,0.3547
BOOT,-0.06835381842410332,33,1,6,0.4,0.2861
BORR,-0.2155642388430979,13,1,31,1.0,0.3764
BOSC,-0.07418273756703676,33,1,3,0.65,0.2853
BOTJ,0.08313805625872299,76,0,0,0.0,0.0284
BOW,0.28852111101556543,93,0,0,0.05,0.0
BOX,0.08756106616736933,77,0,0,0.45,0.105
BOXL,-0.18944862785290817,15,0,0,0.6,
BP,-0.17853506617505527,17,1,17,0.9,0.3047
BPOP,0.09902890231465047,79,0,0,0.0,0.0134
BPRE,-0.1662370971615173,18,1,68,1.0,0.3378
BPRN,0.057635043109458856,71,0,0,0.0,0.0633
BPYPM,-0.08034272591543613,31,1,17,0.85,0.2038
BPYPN,-0.029185435154621676,43,1,5,0.55,0.1283
BPYPO,-0.04073968519848149,39,1,6,0.65,0.141
BPYPP,-0.04471569769320758,38,1,5,0.75,0.1828
BQ,-0.011684556525357104,52,1,9,0.45,0.6523
BR,-0.06874913029788281,33,0,0,0.85,0.381
BRAG,-0.032893845103217766,41,0,0,0.8,0.3463
BRBI,-0.17595343608087965,17,1,11,0.95,0.3523
BRBR,0.339396902279477,94,0,0,0.4,0.5475
BRBS,-0.0020767930661011458,56,1,1,0.25,0.1698
BRC,0.04621087694412665,68,0,0,0.25,0.1362
BRCB,-0.13657012161923957,22,1,1,0.6,0.6787
BRCC,-0.017002864921832034,50,1,23,1.0,0.3432
BRFH,-0.1741296891135063,17,1,58,1.0,0.4527
BRIA,-0.13689151751466277,22,1,2,0.9,0.3997
BRID,-0.14727067846040423,20,1,31,1.0,0.2806
BRKR,0.23027374931470085,90,0,0,0.0,0.0676
BRKRP,0.1774715677592954,88,0,0,0.0,0.0615
BRLS,-0.34445418252198295,5,1,3,0.6,
BRLT,-0.1802449351268073,16,1,17,0.95,0.4208
BRN,-0.139832046904807,21,1,32,1.0,0.2922
BRNS,-0.07565648404717476,32,1,6,0.5,0.2389
BRO,0.14156111095783655,84,0,0,0.15,0.2074
BROS,0.15707860622740188,86,1,1,0.05,0.1006
BRR,-0.2074033376799574,14,1,1,0.9,0.5895
BRSL,-0.09098017758991815,29,1,2,0.7,0.3038
BRSP,-0.058672392586755925,35,1,3,0.8,0.1444
BRT,0.0274941235095732,64,1,1,0.15,0.0724
BRTX,0.15204121048485386,85,1,1,0.05,
BRUN,0.3769127253400117,95,1,4,0.2,0.2491
BRW,-0.01786511512799588,49,0,0,0.65,0.1034
BRX,0.022765758616382456,63,1,5,0.4,0.0599
BRZE,0.005785494074903551,58,0,0,0.75,0.2586
BSAA,0.04392102241526631,67,1,8,0.4,0.2111
BSAAU,0.006281389212274703,58,1,6,0.3,0.317
BSAC,0.0628140770065259,72,0,0,0.1,0.1282
BSBK,0.0031364801936247036,57,1,2,0.15,0.098
BSBR,-0.12332037857655674,24,1,57,1.0,0.3332
BSET,0.3078369831368099,93,0,0,0.0,0.0615
BSIN,0.050193871498426454,69,0,0,0.2,0.2848
BSL,-0.012998018612243534,52,0,0,0.55,0.1193
BSM,-0.017090024164378183,50,0,0,0.3,0.2088
BSRR,0.06294601134047201,72,0,0,0.0,0.0326
BST,0.04745708451158766,68,1,1,0.2,0.0647
BSTZ,0.007270190655165279,58,1,3,0.3,0.0941
BSVN,0.16544216735665798,87,0,0,0.0,0.0
BSX,-0.1821491356458612,16,1,68,1.0,0.5776
BSY,-0.06423657072724911,34,0,0,0.65,0.2709
BTAI,-0.17850991452532952,17,1,2,0.4,0.5318
BTBD,-0.29721092989764913,8,1,44,1.0,0.5504
BTBT,-0.06820094563081527,34,1,6,0.55,0.3606
BTCS,-0.34753313980014616,5,1,35,1.0,0.6644
BTCT,-0.10268762419353569,27,1,1,0.4,0.4165
BTDR,-0.12794304199149203,23,1,6,0.35,0.3428
BTE,-0.22356101498091036,13,1,21,1.0,0.2597
BTG,-0.15020434324328596,20,1,13,0.95,0.413
BTI,0.02345729460665194,63,1,2,0.55,0.1057
BTMD,0.023184794823337164,63,0,0,0.4,0.1947
BTO,0.04577194279593172,68,0,0,0.0,0.0639
BTOC,-0.14652361229366764,20,1,1,0.65,0.5423
BTOG,-0.4659295949759639,2,1,9,0.55,0.911
BTQ,0.1805040509865651,88,1,3,0.2,0.3221
BTSG,0.30968725909725386,93,0,0,0.0,0.0113
BTSGU,0.3103554855080691,93,0,0,0.0,0.0064
BTT,-0.024544291026491062,46,1,2,0.5,0.1344
BTU,-0.2595433596056508,10,1,15,0.9,0.513
BTX,-0.0027648397587382717,55,1,3,0.3,0.108
BTZ,-0.011040123347497321,52,0,0,0.3,0.107
BUD,0.0035616968698785403,57,1,5,0.45,0.0877
BUDA,0.11650328418602354,81,0,0,0.6,0.1383
BUI,0.026204909739129784,64,0,0,0.05,0.1292
BULL,0.15444772047570912,86,0,0,0.25,0.2089
BUR,-0.10464697900869875,27,1,11,0.95,0.5953
BURL,-0.052073693746570615,37,1,8,0.4,0.1778
BURU,-0.3804410187620781,4,1,42,1.0,0.8888
BUSE,0.05710841263006175,70,0,0,0.0,0.044
BUSEP,-0.027319340618665165,45,1,2,0.5,0.1456
BUUU,0.24048074535503056,91,0,0,0.2,0.1011
BV,0.16009730386248064,86,0,0,0.05,0.0655
BVC,-0.2061746775468004,14,1,10,0.55,0.3896
BVFL,0.012112185853139591,60,1,1,0.15,0.0902
BVN,-0.17628697362188428,17,1,12,0.8,0.3783
BVS,0.20453454137965094,89,0,0,0.4,0.02
BW,-0.4091742254814733,3,1,10,0.85,0.5158
BWA,-0.04027376459873076,39,1,9,0.45,0.1672
BWAY,0.0033934939140651266,57,1,1,0.7,0.1448
BWB,0.10396822051629792,80,0,0,0.05,0.0343
BWBBP,-0.01863268685800351,49,1,6,0.55,0.1475
BWEN,0.3282179043481714,94,1,1,0.05,
BWFG,0.06918940559336156,73,0,0,0.0,0.0637
BWG,-0.02282158034012708,47,1,5,0.35,0.1303
BWIN,0.30790245409421363,93,0,0,0.4,0.0629
BWLP,-0.031141923609487917,42,0,0,0.7,0.1323
BWMN,-0.15727114377266133,19,1,18,0.9,0.2932
BWMX,0.0016411519058011081,57,0,0,0.35,0.1142
BWXT,-0.10189832490857836,27,1,6,0.65,0.2756
BX,-0.010525209960594785,53,0,0,0.35,0.3054
BXC,0.042112728149698034,67,1,3,0.15,0.3802
BXMT,-0.08857536371663703,29,1,9,0.85,0.2096
BXP,0.14757331598348644,85,0,0,0.0,0.0485
BXSL,-0.04225801869152781,39,1,2,0.4,0.1489
BY,0.08680401742414992,77,0,0,0.0,0.0391
BYAH,-0.4029747944018733,4,1,9,0.65,
BYD,-0.0025248430245239477,55,0,0,0.1,0.0839
BYFC,0.05423600404268139,70,1,5,0.5,0.088
BYND,-0.1089643474795027,26,1,1,0.85,0.4212
BYRN,-0.07411267476591954,33,1,1,0.5,0.6787
BYSI,-0.007964799340526553,54,1,1,0.4,0.184
BZ,-0.02944949085166082,43,0,0,0.85,0.3469
BZAI,-0.37404160136377546,4,1,10,0.9,0.5169
BZFD,0.5674370540619107,97,0,0,0.4,
BZH,0.21325214146885524,90,0,0,0.0,0.1025
BZUN,0.010546180487011225,59,1,2,0.1,0.1613
C,0.05839458288415411,71,0,0,0.05,0.0473
CAAP,-0.049433181817479,37,1,8,0.5,0.2364
CAAS,-0.018135313088813478,49,1,6,0.8,0.146
CABA,-0.16165838342798483,19,1,2,0.95,0.2788
CABO,-0.2845322408608216,8,1,3,0.8,0.6677
CABR,0.17738076119914653,88,0,0,0.3,0.0518
CAC,0.0551811246178051,70,0,0,0.0,0.0381
CACC,0.2183618228104598,90,0,0,0.05,0.0199
CACI,-0.0900614566552389,29,0,0,0.6,0.3113
CADL,0.2756510400974095,92,0,0,0.15,0.0578
CAE,-0.0336087383021884,41,0,0,0.6,0.2971
CAF,0.048536204920712506,68,0,0,0.3,0.0452
CAG,0.0028499765482282793,57,0,0,0.45,0.3462
CAH,0.15387748514366648,85,0,0,0.0,0.0444
CAI,-0.06746471121316641,34,1,2,0.25,0.4342
CAKE,0.23278117380934665,91,0,0,0.0,0.0571
CAL,-0.1285179996180946,23,1,6,0.65,0.2156
CALC,0.31104346384083187,93,0,0,0.25,
CALM,0.09083643620746581,77,0,0,0.1,0.1471
CALX,-0.12175384781843074,24,0,0,0.85,0.4009
CALY,0.20222492428921976,89,0,0,0.0,0.0797
CAMP,0.005947051083328277,58,0,0,0.6,0.3673
CAMT,-0.29530942943909166,8,1,10,0.65,0.3748
CAN,-0.4152554701097588,3,1,41,1.0,0.7198
CANF,0.04303935436925929,67,0,0,0.75,
CANG,-0.5144827269263168,2,1,34,1.0,0.8674
CAPL,0.031803166078088696,65,0,0,0.3,0.0938
CAPN,-0.030607872125618007,42,1,5,0.45,0.1502
CAPNU,-0.026541131779577454,45,1,5,0.4,0.1543
CAPR,-0.29331182521266735,8,1,7,0.7,0.4112
CAPS,-0.3796061654942709,4,1,31,1.0,0.7278
CAR,-0.15595973267224778,19,1,9,0.5,0.7955
CARE,0.18329162457164683,88,0,0,0.0,0.0681
CARG,0.0836721241158696,76,0,0,0.3,0.1706
CARL,0.21305340894381644,89,0,0,0.3,0.2127
CARR,0.0365447213128246,66,1,3,0.15,0.1127
CARS,0.12049458096132862,82,0,0,0.3,0.1766
CART,0.11041523741258857,81,0,0,0.0,0.0123
CASH,0.05193511410107236,69,0,0,0.35,0.1438
CASS,0.09503049642634698,78,0,0,0.05,0.0056
CASY,-0.013140808159387937,52,1,9,0.6,0.1524
CAT,0.039453378814831686,66,1,3,0.2,0.1265
CATO,0.04675529000077458,68,0,0,0.05,0.1388
CATX,-0.06991611670392772,33,0,0,0.7,
CATY,0.06087807068833952,71,0,0,0.0,0.0343
CAVA,-0.14591714225397884,21,1,6,0.5,0.323
CB,0.09538722511709613,78,0,0,0.1,0.0661
CBAN,-0.021248856655688063,48,1,6,0.35,0.131
CBAT,-0.3865373570714512,4,1,26,1.0,0.568
CBC,0.12301292326009558,82,0,0,0.15,0.0148
CBFV,0.04048835593834357,67,1,1,0.15,0.0948
CBIO,-0.11348697727235835,25,1,6,0.95,0.4011
CBK,0.13055522475171188,83,0,0,0.0,0.017
CBL,0.17389839827754677,87,0,0,0.15,0.0342
CBLL,0.006836792215992274,58,0,0,0.35,0.2165
CBNA,0.12360552626041935,82,0,0,0.05,0.0526
CBNK,0.06808543811678416,73,0,0,0.0,0.0374
CBOE,-0.18007820928512214,17,1,28,1.0,0.3028
CBRE,0.02898063806241559,64,0,0,0.3,0.2304
CBRL,0.555593957744221,97,0,0,0.0,0.104
CBSH,0.10170119422796778,79,0,0,0.0,0.0212
CBT,0.06326200467320667,72,1,4,0.2,0.0876
CBU,0.03905636480223465,66,0,0,0.2,0.0719
CBUS,-0.04834008704207119,37,0,0,0.45,0.6668
CBZ,0.1376940313590269,84,0,0,0.4,0.376
CC,-0.2209302922927252,13,1,12,0.95,0.3463
CCAP,-0.1099646320773374,26,1,2,0.9,0.2673
CCAQ,-0.025328420596210065,46,1,6,0.55,0.1455
CCAQU,-0.04538987529664262,38,1,5,0.6,0.1409
CCB,0.03276267389863591,65,0,0,0.25,0.3987
CCBG,0.05712424647333479,70,0,0,0.1,0.0488
CCC,0.038246985847560325,66,0,0,0.65,0.3928
CCCC,0.23398442217687526,91,0,0,0.15,0.0697
CCD,0.0124366056895042,60,0,0,0.15,0.0184
CCEC,0.02481481481650042,63,0,0,0.6,0.1243
CCEL,-0.014758417389045184,51,0,0,0.35,0.1652
CCEP,0.12134604369840724,82,0,0,0.0,0.1105
CCG,-0.3588609654864913,5,1,2,0.85,0.5899
CCHH,-0.2389099364674575,11,1,3,0.65,
CCI,-0.17334761352342057,17,1,15,0.75,0.2178
CCID,-0.017566189188080318,50,1,2,0.3,0.1339
CCIF,-0.11479399249556758,25,1,33,1.0,0.4142
CCII,-0.02902899532340112,43,1,5,0.45,0.1517
CCIIU,-0.02937532308992753,43,1,5,0.6,0.1545
CCIX,-0.02208964311966647,48,1,2,0.45,0.1372
CCIXU,-0.0023277132632826374,55,1,5,0.6,0.121
CCJ,-0.1986740021024929,15,1,8,0.9,0.3468
CCK,0.1329390499024195,84,0,0,0.1,0.1094
CCL,-0.03511321401338509,41,1,5,0.3,0.2711
CCLD,-0.23628550417111305,12,1,3,0.95,0.5167
CCM,-0.016590387118496083,50,0,0,0.8,0.1772
CCNE,0.05327162897580229,69,0,0,0.0,0.042
CCNEP,-0.024420703446594583,46,1,2,0.55,0.1473
CCO,-0.0282987832730072,44,1,6,0.5,0.1391
CCOI,-0.3810185646573261,4,1,26,1.0,0.6145
CCRN,0.11723443877275938,81,1,2,0.15,0.0294
CCS,0.14749054267583,85,0,0,0.0,0.1987
CCSI,0.1976544507796041,89,0,0,0.0,0.0564
CCTG,0.9102691667864107,98,0,0,0.35,
CCU,-0.05347548893464086,36,1,6,0.7,0.3154
CCXIU,0.5800567965665944,97,0,0,0.1,0.1672
CD,-0.2586918518123993,10,1,22,1.0,0.5933
CDE,-0.1453616701076042,21,1,2,0.85,0.4602
CDIO,-0.0746795682508084,32,1,3,0.15,
CDLR,-0.16814912634016166,18,1,1,0.95,0.2596
CDLX,-0.45962230484439054,3,1,53,1.0,0.7429
CDNA,0.30693291981544385,93,0,0,0.0,0.0423
CDNL,0.34089715366548284,94,1,1,0.1,0.203
CDNS,-0.0022565244195717205,55,1,6,0.4,0.0971
CDP,0.14372089454870843,85,0,0,0.0,0.0264
CDRE,-0.07283330594471318,33,0,0,0.65,0.4167
CDRO,0.005991059276556757,58,1,6,0.35,0.064
CDT,-0.6887667050797024,1,1,9,0.9,0.9894
CDTG,-0.6865946873301172,1,1,27,1.0,0.8404
CDW,-0.00011399047069467899,56,0,0,0.1,0.0986
CDXS,-0.010275921379504976,53,0,0,0.75,0.1247
CDZI,-0.16018799023860478,19,1,1,0.85,0.4575
CDZIP,0.05214669923285388,69,0,0,0.05,0.0576
CE,-0.21802118581280192,13,1,42,1.0,0.361
CECO,-0.016498163054156613,50,1,6,0.3,0.2125
CEE,-0.005195662808024457,54,1,9,0.5,0.0658
CEG,-0.18106022680279132,16,1,7,0.75,0.3519
CELC,0.0400264710380072,66,0,0,0.65,0.2355
CELH,-0.0029704002381421082,55,0,0,0.6,0.4959
CELU,-0.3355782715161753,6,1,1,0.95,0.5517
CELZ,-0.5277488219089094,2,1,12,0.85,
CENN,-0.2557123085435521,10,1,19,0.95,0.671
CENT,0.09828316501796111,78,1,2,0.1,0.0711
CENTA,0.0805088338416006,75,1,2,0.1,0.0717
CENX,-0.3340925535518336,6,1,19,0.95,0.397
CEPF,-0.01634233978833496,50,1,5,0.5,0.1371
CEPO,-0.04230554093269536,39,1,2,0.55,0.1586
CEPU,-0.0479218455521798,37,1,10,0.55,0.238
CEPV,-0.013214440672484042,51,0,0,0.4,0.1286
CERS,0.264811793381128,92,0,0,0.45,0.0136
CERT,0.2164028072444215,90,0,0,0.4,0.35
CET,-0.027224507863888258,45,1,1,0.65,0.0855
CETX,-0.6456868662018513,1,1,24,1.0,
CETY,0.09624921530287595,78,0,0,0.2,0.326
CEV,0.010494796460577903,59,0,0,0.1,0.1061
CEVA,0.2139787109099733,90,1,1,0.2,0.1411
CF,-0.09767684613670653,28,0,0,0.85,0.2929
CFBK,0.08434036958989385,76,0,0,0.0,0.1248
CFFI,0.0717872033394097,74,0,0,0.05,0.095
CFFN,0.055519027982156216,70,0,0,0.0,0.0377
CFG,0.09837007216904195,79,0,0,0.0,0.0249
CFND,-0.07163068064745488,33,0,0,0.7,0.4017
CFR,0.10203956303505499,79,0,0,0.0,0.0126
CG,-0.07933337651445889,31,0,0,0.8,0.3785
CGAU,-0.08699860503601489,30,1,2,0.8,0.2933
CGBD,-0.07493746633763998,32,1,2,0.75,0.2125
CGC,-0.12643608060403905,23,1,2,0.9,0.3469
CGEM,0.20400463756688722,89,0,0,0.35,0.0378
CGEN,-0.012172933989747718,52,0,0,0.85,0.2657
CGNT,-0.05664599910379458,36,0,0,0.8,0.2477
CGNX,0.05058150156254532,69,1,1,0.25,0.1146
CGO,-0.007280149079517649,54,1,4,0.65,0.0479
CGON,0.09746424288533667,78,0,0,0.35,0.1283
CGTL,-0.4778376738623861,2,1,38,1.0,
CGTX,-0.11722450717831456,25,1,9,0.75,0.36
CHA,-0.035837076310121466,40,1,3,0.25,0.2225
CHAI,-0.4955943937110106,2,1,14,0.75,
CHAR,-0.02507225292118446,46,1,6,0.55,0.1386
CHARU,-0.04561146966487678,38,1,5,0.65,0.1523
CHCI,-0.0878657497253435,30,0,0,0.55,0.2858
CHCO,0.033286106766259815,65,0,0,0.1,0.0599
CHCT,0.03354975332550317,65,1,2,0.3,0.0533
CHD,0.02394183928988826,63,0,0,0.25,0.1438
CHDN,-0.061242894114916194,35,1,2,0.55,0.2907
CHE,0.1206314373762151,82,0,0,0.2,0.078
CHEC,-0.023867536118974863,47,1,6,0.5,0.1435
CHECU,-0.02422662358349469,47,1,5,0.45,0.1477
CHEF,0.3044420594935277,93,0,0,0.0,0.0018
CHGG,-0.1833148849112382,16,1,6,0.95,0.3976
CHH,0.012177686443770895,60,1,2,0.45,0.1385
CHI,0.03971500148576354,66,0,0,0.0,0.031
CHKP,0.016153793239557866,61,0,0,0.65,0.3351
CHMG,0.10861076450441878,80,0,0,0.05,0.0412
CHMI,-0.07258346537646243,33,1,2,0.75,0.2207
CHNR,-0.18834475027434897,16,1,8,0.7,0.3868
CHOW,-0.024138776854545338,47,1,12,0.7,
CHPG,-0.02984249358612475,42,1,5,0.45,0.1561
CHPGU,-0.014865758939634655,51,1,4,0.35,0.1455
CHPT,-0.16925289867637677,18,1,10,0.7,0.2993
CHR,-0.17804223593060892,17,1,3,0.9,0.6838
CHRD,-0.21341422204796467,13,1,17,0.9,0.3205
CHRN,0.09863380534781718,79,1,4,0.2,0.3343
CHRS,-0.023283279484909967,47,0,0,0.75,0.3844
CHRW,0.05261720803752634,69,0,0,0.25,0.1252
CHSCL,-0.030093662344809934,42,1,6,0.5,0.1444
CHSCM,-0.03685351297976307,40,1,8,0.6,0.1393
CHSCN,-0.028849175821977314,43,1,6,0.5,0.1424
CHSCO,-0.026507897561658954,45,1,6,0.5,0.1456
CHSCP,-0.04255137905526217,39,1,9,0.7,0.1687
CHSN,-0.46801384925588146,2,1,61,1.0,
CHT,-0.03893239482629116,40,1,6,0.4,0.1228
CHTR,-0.11140975413183354,26,1,3,0.8,0.488
CHW,0.01387076847630904,60,1,3,0.4,0.0233
CHWY,-0.12585164398643267,24,0,0,0.8,0.436
CHY,0.047206439825481866,68,0,0,0.05,0.0137
CHYM,0.07111130187621695,74,0,0,0.55,0.3007
CI,-0.002891879148576172,55,0,0,0.5,0.1031
CIA,0.026089452108075485,64,1,2,0.15,0.1881
CIB,0.1386672871018087,84,0,0,0.0,0.0836
CIEN,-0.2186570687186319,13,1,4,0.85,0.323
CIFR,-0.04820322755735036,37,1,6,0.35,0.2994
CIG,-0.07922636717762455,31,0,0,0.85,0.2726
CIGI,-0.020301231701276325,48,0,0,0.7,0.3713
CII,0.024545780931618688,63,0,0,0.45,0.0349
CIIT,-0.6355625828651328,1,1,14,0.8,
CIK,-0.042783467352508264,39,1,6,0.8,0.1872
CIM,-0.02233058222880595,48,1,2,0.4,0.0994
CINF,0.15149274107325714,85,0,0,0.0,0.0193
CING,-0.03230184633606104,41,1,1,0.2,0.6104
CINT,-0.2330857153676822,12,1,3,0.6,0.4636
CION,-0.1288926024347128,23,1,13,0.65,0.3448
CIRC,-0.6035260988002498,1,1,5,0.85,
CISO,-0.17224204055364586,17,1,3,0.85,0.4999
CISS,-0.42586178923065166,3,1,94,1.0,0.9506
CIVB,0.08206363951777254,76,0,0,0.0,0.0495
CIX,0.037816502470860436,66,1,3,0.25,0.0939
CJMB,-0.259040484265704,10,1,1,0.75,
CKX,-0.025738612083394438,46,1,1,0.3,0.1585
CL,0.08148631150109643,76,0,0,0.15,0.1198
CLAR,0.10298598731251266,79,0,0,0.05,0.2216
CLB,-0.27373499066684676,9,1,46,1.0,0.4924
CLBK,0.0735705511791726,74,0,0,0.35,0.0
CLBT,0.14726491507275466,85,0,0,0.65,0.1717
CLDI,-0.29872298874417186,8,1,4,0.95,
CLDT,0.2934398036807183,93,0,0,0.0,0.0755
CLDX,0.24208091382582447,91,0,0,0.2,0.0
CLF,-0.2103553901842627,14,1,13,0.65,0.4203
CLFD,-0.0987584645912648,28,1,21,1.0,0.3655
CLGN,-0.14436872470437526,21,1,1,0.9,
CLH,-0.0303302131275477,42,0,0,0.5,0.126
CLIK,-0.2795470936021178,9,1,22,1.0,
CLIR,-0.23944610728269972,11,1,1,0.85,0.5524
CLLS,-0.07809494929294493,32,0,0,0.85,0.3407
CLM,-0.012749477788681352,52,1,1,0.55,0.1107
CLMB,0.15413827636642052,85,0,0,0.05,0.2665
CLMT,-0.018841291146347517,49,0,0,0.45,0.1057
CLNE,-0.06208498752073941,35,0,0,0.75,0.3044
CLNN,-0.01602973513767908,50,0,0,0.7,0.2754
CLOV,0.7027081913477415,98,0,0,0.0,0.0989
CLPR,-0.13768331235909326,22,1,9,0.7,0.2831
CLPS,-0.10478676506396713,27,1,9,0.5,0.3656
CLPT,0.4221452242993626,96,0,0,0.0,0.1084
CLRB,-0.08844217370132007,29,0,0,0.7,0.3832
CLRO,3.050195398270318,99,0,0,0.4,
CLS,-0.14376864791786365,21,1,14,0.85,0.2599
CLSK,-0.10797868389161848,26,1,6,0.45,0.3286
CLST,-0.009949995004900139,53,0,0,0.2,0.1595
CLVT,-0.05505367789954143,36,0,0,0.8,0.3365
CLW,0.012179750117521912,60,1,6,0.4,0.297
CLWT,0.24976887605592607,91,1,1,0.2,0.2261
CLX,0.0374780317696015,66,0,0,0.25,0.2936
CLYM,0.3315371745976177,94,0,0,0.05,0.0045
CM,0.059447848025534475,71,0,0,0.1,0.004
CMBT,0.03134351280202176,64,0,0,0.6,0.1281
CMC,-0.16108650177990924,19,1,7,0.6,0.3158
CMCL,-0.17492450239839444,17,1,36,1.0,0.4655
CMCM,-0.38063984111319865,4,1,71,1.0,0.6424
CMCO,-0.11192267512725519,26,1,4,0.65,0.4705
CMCSA,-0.08416790344943323,30,1,2,0.8,0.3271
CMCT,-0.1661577183172781,18,1,111,1.0,
CMDB,0.0444817524102413,68,0,0,0.35,0.1444
CME,-0.15081810803325077,20,1,32,1.0,0.3187
CMG,0.1001606184645874,79,0,0,0.25,0.2308
CMI,-0.012266969442568717,52,1,4,0.35,0.109
CMMB,0.5796651057047768,97,0,0,0.65,0.0
CMND,-0.5287381489119962,2,1,20,1.0,
CMP,1.4999746143676274e-05,56,1,3,0.55,0.1285
CMPR,0.03787857184219884,66,0,0,0.6,0.0783
CMPS,0.3343300190136979,94,0,0,0.2,0.1458
CMPX,-0.04728898965568154,38,0,0,0.7,
CMRC,0.07272847944247174,74,0,0,0.6,0.2932
CMRE,-0.1463577194094167,20,1,15,0.9,0.2723
CMS,0.022943100317153596,63,0,0,0.2,0.1525
CMT,-0.060778301563058856,35,1,6,0.65,0.2237
CMTG,-0.15351832155036757,20,1,9,0.55,0.2961
CMTL,-0.6102884244985438,1,1,15,0.95,0.7131
CMTV,0.02843089878940517,64,1,6,0.4,0.1872
CNA,0.16033070012936212,86,0,0,0.05,0.041
CNC,0.2419072721123393,91,0,0,0.15,0.0351
CNCK,0.4118276313148334,96,0,0,0.4,0.1949
CNDT,-0.07452512196629403,32,0,0,0.75,0.3043
CNET,0.3124149272349194,93,0,0,0.05,
CNEY,-0.28718772695118866,8,1,26,1.0,
CNF,-0.13335177300921114,23,1,17,0.9,0.5607
CNH,-0.05027604364477037,37,1,1,0.55,0.2692
CNI,0.05487619941313569,70,0,0,0.3,0.0071
CNK,-0.03197703738579401,41,1,5,0.25,0.1487
CNL,-0.27232885117429173,9,1,48,1.0,0.4474
CNM,-0.1379847520885178,22,1,6,0.7,0.2903
CNMD,-0.06470914422469665,34,1,1,0.7,0.3207
CNNE,0.03236518012085687,65,0,0,0.3,0.1654
CNO,0.13506581195714995,84,0,0,0.0,0.0182
CNOB,0.05337606542850902,69,1,2,0.1,0.0553
CNOBP,-0.021617947685165107,48,1,6,0.45,0.1303
CNP,0.011517859373607754,60,0,0,0.2,0.123
CNQ,-0.17358622351134956,17,1,29,1.0,0.3055
CNR,-0.21185906810692054,13,1,15,0.8,0.408
CNS,0.10214188242912417,79,0,0,0.0,0.015
CNSP,0.104379789345181,80,0,0,0.75,
CNTB,-0.12992892899826697,23,1,1,0.7,0.4846
CNTN,-0.13708188030507604,22,1,9,0.55,0.5779
CNTX,-0.7231903690157315,1,1,24,1.0,
CNTY,-0.13414309714158973,22,1,15,0.75,0.3042
CNVS,0.10963967939464214,80,0,0,0.2,0.1672
CNX,-0.11488028712165378,25,1,6,0.8,0.3069
CNXC,-0.17744461359027625,17,1,18,0.9,0.5134
CNXN,0.07676745516652948,75,0,0,0.1,0.0298
COCH,0.05147153939838317,69,0,0,0.6,
COCO,-0.035529974687263405,40,1,7,0.35,0.2254
COCP,-0.18987682369674708,15,1,8,0.9,0.409
CODA,-0.26763742393901,10,1,21,1.0,0.5001
CODI,-0.09266911958522075,29,1,3,0.8,0.2076
CODX,0.0663280289910908,73,1,17,0.9,
COE,-0.3700631982367335,4,1,30,1.0,0.4943
COF,0.06390614975498456,72,0,0,0.2,0.2662
COFS,0.05895089912329851,71,0,0,0.05,0.0391
COGT,0.12726265931125935,83,0,0,0.35,0.0982
COHN,-0.030889030593462416,42,0,0,0.4,0.4681
COHR,-0.13224293664123038,23,1,4,0.4,0.265
COHU,0.05219473603350758,69,1,3,0.15,0.3112
COIN,-0.10007032368964117,28,0,0,0.85,0.4131
COKE,-0.08458399996920181,30,1,2,0.3,0.2775
COLA,-0.029046231271523382,43,1,6,0.7,0.1429
COLAU,-0.04134797282817935,39,1,5,0.75,0.2237
COLB,0.07150898245138103,74,0,0,0.0,0.0624
COLD,0.21596483439465086,90,0,0,0.4,0.0033
COLL,0.05716663014566538,71,0,0,0.25,0.3148
COLM,0.010438280290418572,59,1,6,0.5,0.1011
COMP,0.5607976944478377,97,0,0,0.05,0.1938
CON,0.32023833771508053,94,0,0,0.0,0.0127
COO,0.1029076962555211,79,0,0,0.0,0.2196
COOK,0.4829653587047396,96,1,2,0.1,0.1631
COOT,-0.21200903435957744,13,1,12,0.7,0.4791
COP,-0.1468402022952753,20,1,17,0.9,0.3094
COPL,-0.027733803831468718,44,1,6,0.55,0.1463
COR,0.019317068218306692,62,0,0,0.1,0.2564
CORT,0.6045602197689894,97,0,0,0.0,0.0
CORZ,-0.09177805096412707,29,1,6,0.3,0.2753
COSM,-0.17717149063615192,17,0,0,0.85,0.569
COSO,0.005102139647360761,58,1,2,0.1,0.0767
COST,-0.08013177110086009,31,1,17,0.95,0.1973
COTY,0.03718206131177543,66,0,0,0.7,0.4065
COUR,-0.02624899035720165,45,0,0,0.5,0.2732
COYA,0.246851799802914,91,0,0,0.15,0.0612
CP,0.00651962554037705,58,0,0,0.55,0.0898
CPA,0.19299293546733215,88,0,0,0.05,0.0882
CPAC,0.10397138119694088,80,0,0,0.2,0.0657
CPAY,0.05881004506416271,71,0,0,0.5,0.0774
CPB,0.05258044066882461,69,0,0,0.2,0.2711
CPBI,0.025502677702926677,63,0,0,0.1,0.0678
CPF,0.09085327801103707,77,0,0,0.0,0.0203
CPHC,-0.0038624210690947,55,1,2,0.4,0.1128
CPHI,-0.05079005518895649,37,1,2,0.75,
CPIX,0.325728849486791,94,0,0,0.0,0.1201
CPK,-0.024335418188027626,46,0,0,0.6,0.1703
CPNG,-0.01510573358981546,51,0,0,0.2,0.2476
CPOP,-0.6854429610289592,1,1,16,0.8,
CPRI,0.0027087156004066554,57,0,0,0.45,0.3193
CPRT,-0.11455954375668365,25,1,6,0.95,0.3539
CPRX,0.028111768746746743,64,1,5,0.35,0.0277
CPS,-0.12334298391091617,24,1,10,0.8,0.45
CPSH,-0.14600956269025,20,1,15,0.85,
CPSS,-0.04105403065877277,39,1,6,0.6,0.1448
CPT,0.07099422482264686,73,0,0,0.15,0.012
CPZ,-0.016017104518794192,50,0,0,0.45,0.1688
CQP,-0.04841921024784267,37,0,0,0.7,0.1997
CR,0.1717377095760551,87,0,0,0.0,0.051
CRAC,-0.029649204183751533,43,1,6,0.55,0.1468
CRACU,-0.02889724355904729,43,1,5,0.5,0.1585
CRAI,-0.009609110051719407,53,0,0,0.5,0.352
CRAN,-0.016811859898617124,50,1,5,0.45,0.134
CRANU,-0.02470684872788841,46,1,5,0.45,0.1485
CRAQ,-0.021588395436991925,48,1,6,0.55,0.1404
CRAQU,-0.022650668777204175,47,1,5,0.45,0.2247
CRBG,0.12815940562410277,83,0,0,0.0,0.0892
CRBP,0.0009277894937252187,56,0,0,0.6,0.2355
CRBU,-0.07307056400731139,33,0,0,0.85,0.2281
CRC,-0.24293872671532976,11,1,42,1.0,0.3709
CRCL,-0.36098252098689787,5,1,30,1.0,0.5684
CRCT,0.011816532380326858,60,1,2,0.15,0.1908
CRDF,-0.17540748327753233,17,1,25,1.0,0.6094
CRDL,-0.21757834818405244,13,1,51,1.0,0.418
CRDO,0.395952028889437,95,1,1,0.15,0.1891
CRE,0.007322718434581078,58,0,0,0.4,
CREG,-0.49521543325903356,2,1,33,1.0,
CRESY,-0.1084951525010521,26,1,12,0.65,0.3036
CREX,-0.007676224665505958,54,1,1,0.2,0.1015
CRF,-0.010571451935288578,52,0,0,0.3,0.1141
CRGO,-0.28995027047976457,8,1,28,1.0,0.5781
CRGY,-0.30228696551417816,7,1,31,1.0,0.4136
CRH,-0.05026179894167772,37,1,6,0.5,0.2482
CRI,0.07225315183411776,74,1,5,0.25,0.1653
CRK,-0.1286429846854609,23,0,0,0.65,0.4881
CRL,0.2240301342793493,90,0,0,0.0,0.0805
CRM,-0.12627038119282763,24,0,0,0.9,0.4001
CRMD,0.08079876602045238,76,0,0,0.25,0.0257
CRML,-0.2212458051819859,13,1,5,0.95,0.6109
CRMT,-0.7024706584699278,1,1,26,1.0,
CRNC,-0.0288012149371005,43,1,1,0.65,0.2506
CRNT,-0.20532182544972802,14,1,14,0.7,0.2615
CRNX,1.2307796621692169,98,0,0,0.45,
CRON,-0.015392309807656167,51,1,2,0.4,0.093
CROX,0.12197149382128414,82,0,0,0.1,0.0495
CRS,0.26304886769424135,92,0,0,0.0,0.0441
CRSP,0.09554444797238948,78,0,0,0.35,0.0974
CRSR,0.10402338888005486,80,1,1,0.6,0.261
CRT,-0.17265784394386993,17,1,15,0.75,0.2871
CRTO,0.2301136443895178,90,0,0,0.4,0.0
CRUS,-0.1622218332487619,19,1,21,1.0,0.1985
CRVL,0.08586919166671667,77,0,0,0.25,0.1804
CRVO,-0.0383269631397246,40,1,1,0.5,
CRVS,0.14464954133505245,85,0,0,0.45,
CRWD,0.3886552504047858,95,0,0,0.0,0.0192
CRWS,0.1101946940369049,81,0,0,0.1,0.0661
CRWV,-0.24438305949455927,11,1,10,0.8,0.4074
CSAI,-0.17080041098033183,17,0,0,0.9,0.611
CSAN,-0.1528234852768581,20,0,0,0.8,0.4826
CSBR,-0.02777573767133127,44,1,5,0.45,0.2925
CSCO,0.03419784513575233,65,1,7,0.4,0.1283
CSGP,-0.18779591013189953,16,1,17,0.9,0.5868
CSIQ,-0.18434578791065007,16,1,21,1.0,0.4134
CSL,-0.002962914068688323,55,1,1,0.3,0.2254
CSPI,-0.13138399655767005,23,1,8,0.8,0.3632
CSQ,0.019835981367669724,62,0,0,0.2,0.0077
CSR,-0.09587717663840353,28,1,37,1.0,0.2015
CSTE,0.6489769524741122,98,0,0,0.0,0.1161
CSTL,0.0016212565988071928,56,0,0,0.25,0.4898
CSTM,-0.13516111577344858,22,1,7,0.65,0.1712
CSV,-0.0968841304445535,28,1,6,0.95,0.2782
CSW,-0.02840720055729078,44,1,1,0.6,0.256
CSWC,-0.01997565929653683,49,1,1,0.3,0.0675
CSX,0.050117142018057975,69,0,0,0.15,0.0117
CTAS,0.007427971775018118,59,0,0,0.5,0.199
CTBI,0.06829456758223804,73,0,0,0.0,0.0286
CTEV,0.27053783462901243,92,0,0,0.0,0.1056
CTGO,-0.20067547702335484,14,1,1,0.9,0.5395
CTKB,-0.018808990482064414,49,0,0,0.4,0.2729
CTM,-0.08137639418435574,31,1,8,0.8,0.416
CTMX,0.027341698843870554,64,0,0,0.55,0.4937
CTNM,0.07683194949165492,75,0,0,0.55,0.1714
CTNT,-0.4420225302209584,3,1,57,1.0,
CTO,0.06440545094725035,72,0,0,0.0,0.0336
CTOR,-0.1579607667178101,19,1,34,1.0,0.4721
CTOS,0.022981355424170145,63,1,3,0.15,0.2186
CTRE,0.07783347063243416,75,0,0,0.5,0.061
CTRI,-0.23912405244377843,11,1,6,0.75,0.383
CTRM,0.035816769656017905,65,0,0,0.2,0.2166
CTRN,0.1976949421914295,89,0,0,0.1,0.1184
CTS,-0.03651955207787457,40,1,6,0.3,0.1419
CTSH,-0.22403960935920614,12,1,18,0.9,0.5289
CTSO,-0.2769096563153149,9,1,7,0.8,0.5468
CTVA,0.04276160968709561,67,0,0,0.4,0.1183
CTW,-0.0006521520198937703,56,1,1,0.55,0.1876
CTXR,-0.1483374832695365,20,1,1,0.8,0.4656
CUB,-0.038115180535607994,40,1,6,0.5,0.1526
CUBE,0.024650815756385266,63,0,0,0.35,0.0825
CUBI,-0.010049091598761203,53,1,3,0.35,0.1348
CUBWU,-0.019758525133327973,49,1,4,0.3,0.1392
CUE,1.074247450045169,98,0,0,0.3,
CULP,-0.025794460831255913,46,0,0,0.65,0.2368
CUPR,1.190453356076782,98,0,0,0.15,
CURB,0.06972242213453167,73,0,0,0.15,0.0561
CURI,-0.169651097378619,18,0,0,0.75,0.3167
CURR,-0.21123336905456233,14,1,21,1.0,0.3938
CURV,0.20013012725579893,89,0,0,0.2,0.2157
CURX,-0.4172239809890142,3,1,12,0.85,0.6223
CUZ,0.16472069274973833,87,0,0,0.0,0.0036
CV,-0.2471469571495179,11,1,2,0.4,0.4315
CVBF,0.07758764321593019,75,0,0,0.05,0.0255
CVCO,0.0922613271025503,77,1,2,0.1,0.2431
CVE,-0.16945532236930402,18,1,17,0.95,0.2197
CVEO,-0.05194769608790378,37,1,4,0.6,0.1154
CVGI,-0.015810357881091287,50,0,0,0.65,0.1505
CVI,-0.1876403135080827,16,1,22,1.0,0.3067
CVKD,-0.3808269255285855,4,1,39,1.0,0.6641
CVLG,0.19953709308767037,89,0,0,0.05,0.0619
CVLT,0.43700103372132754,96,0,0,0.0,0.0
CVM,-0.335080690220584,6,0,0,0.9,0.8181
CVNA,-0.04345968044923318,38,1,1,0.65,0.3535
CVR,-0.036644248227595586,40,1,6,0.5,0.3746
CVRX,-0.18878422592241392,15,0,0,0.7,0.4736
CVS,0.1919520466732203,88,0,0,0.0,0.0251
CVSA,0.086994345632043,77,0,0,0.3,0.0026
CVU,0.24198074844667722,91,0,0,0.1,0.0226
CVV,0.3113195628341336,93,0,0,0.1,0.0799
CVX,-0.12131788354745579,24,1,17,0.85,0.2974
CW,0.01733024544155616,61,0,0,0.2,0.0514
CWBC,0.0975218981072759,78,0,0,0.0,0.0294
CWCO,-0.11902780602886893,25,1,6,0.85,0.3139
CWD,-0.15921195285992812,19,1,1,0.9,
CWEN,-0.1918467808294741,15,1,20,1.0,0.2759
CWH,-0.07349491076784251,33,1,4,0.4,0.5831
CWK,-0.008990420792895158,53,0,0,0.3,0.2612
CWST,0.13048075343531607,83,0,0,0.2,0.1509
CWT,0.0841885136053384,76,0,0,0.1,0.0833
CX,-0.06760628525347118,34,1,13,0.8,0.1454
CXAI,-0.289724076652971,8,1,9,0.55,
CXDO,-0.058477140555862714,35,0,0,0.85,0.2394
CXM,-0.04341176400890666,38,0,0,0.55,0.3467
CXT,0.21794438022523488,90,0,0,0.15,0.1755
CXW,0.34686444593028437,94,0,0,0.0,0.0716
CYCN,0.03443662148205795,65,0,0,0.1,
CYCU,-0.4608343097320576,3,1,29,1.0,0.8301
CYD,-0.04630707727350029,38,1,19,0.95,0.2363
CYH,0.31487959562639756,94,0,0,0.05,0.0429
CYN,-0.21807424562128847,13,1,2,0.8,0.5889
CYPH,-0.298471605576809,8,1,22,1.0,0.4706
CYRX,0.1299479330282679,83,1,2,0.15,0.0832
CYTK,0.15491906071570752,86,0,0,0.3,0.0283
CZFS,0.1163443882389665,81,0,0,0.1,0.0382
CZNC,0.05123953122432773,69,0,0,0.1,0.1099
CZR,0.03665803861390571,66,0,0,0.0,0.0606
CZWI,0.09828745914336187,79,0,0,0.1,0.0354
D,0.05432327657233285,70,0,0,0.1,0.0385
DAAQ,-0.023247141853298868,47,1,6,0.5,0.1424
DAAQU,0.012821865444048473,60,0,0,0.5,0.1117
DAC,-0.041238307459778564,39,1,9,0.65,0.0808
DAIC,-0.5014843260946693,2,1,51,1.0,0.8461
DAIO,0.14651475955532411,85,1,3,0.15,0.1402
DAKT,0.014162213387650897,61,0,0,0.5,0.326
DAL,0.16639234302233308,87,0,0,0.0,0.0665
DAN,-0.3124912477096053,7,1,17,0.85,0.3757
DAO,0.14782202443609332,85,0,0,0.45,0.0644
DAR,-0.10213512567349273,27,0,0,0.8,0.212
DARE,-0.14855405586744982,20,1,6,0.9,
DASH,0.183867973346078,88,0,0,0.25,0.1989
DAVA,-0.20909672773308907,14,1,2,0.9,0.6262
DAVE,0.5781755075433455,97,0,0,0.0,0.0258
DB,0.1601131468546752,86,0,0,0.05,0.1288
DBD,0.012092309174906744,60,0,0,0.0,0.1083
DBGI,-0.2566108521589496,10,1,16,0.8,
DBI,-0.31479290680966626,7,1,19,0.95,0.3921
DBL,-0.028781385389885117,43,1,6,0.5,0.1332
DBRG,-0.02169037240045072,48,1,5,0.45,0.1356
DBVT,-0.1023794998958226,27,0,0,0.95,0.3517
DBX,0.08056193729787678,75,0,0,0.35,0.0367
DC,-0.26612777460908976,10,1,23,1.0,0.4501
DCBO,-0.011272240198024173,52,0,0,0.5,0.2501
DCGO,-0.040830256263015216,39,0,0,0.85,0.3964
DCH,-0.1728197020017285,17,1,13,0.8,0.4746
DCI,0.02393220575718328,63,0,0,0.0,0.2591
DCO,0.22147256544552563,90,0,0,0.0,0.0566
DCOM,0.05456831688102512,70,1,1,0.05,0.0479
DCOY,0.08875615123130604,77,0,0,0.7,
DCTH,0.2162784638173263,90,0,0,0.0,0.0
DCX,-0.5868654321446412,1,1,16,0.8,0.8309
DD,-0.05530482567870113,36,1,10,0.8,0.166
DDC,-0.47864132491572314,2,1,25,1.0,0.8022
DDD,0.07385243568021577,74,1,9,0.75,0.2505
DDI,0.02341318092464187,63,1,6,0.7,0.0822
DDL,-0.23239575489279252,12,1,17,0.95,0.418
DDOG,0.4633288563731515,96,0,0,0.2,0.0635
DDS,-0.14562078663600014,21,1,6,0.6,0.3119
DE,0.0037853228070486716,57,1,1,0.1,0.1651
DEA,0.05677340287581467,70,0,0,0.2,0.0343
DEC,-0.1151049696427999,25,0,0,0.85,0.346
DECK,-0.014854223059023307,51,1,14,0.7,0.1979
DEFT,-0.27039063363688326,9,1,35,1.0,0.5859
DEI,0.06633928945048925,73,0,0,0.35,0.0355
DELL,0.5231113105038108,97,0,0,0.05,0.0938
DEO,0.024022894337652777,63,0,0,0.5,0.2509
DERM,0.17708141061993954,88,0,0,0.1,0.3324
DFDV,-0.10559704646540594,27,0,0,0.8,0.6396
DFH,0.12192553848906892,82,0,0,0.2,0.2861
DFIN,0.05272952135433906,69,0,0,0.45,0.2493
DFLI,-0.18989234132036162,15,1,4,0.8,0.628
DFNS,-0.6952927113610439,1,1,122,1.0,0.9691
DFP,-0.01517516154175088,51,0,0,0.4,0.1152
DFSC,-0.4648582798956701,2,1,14,0.85,0.618
DFTX,0.9022547943960053,98,0,0,0.0,
DG,0.005692887095294183,58,0,0,0.1,0.3226
DGICA,0.11700459947152239,81,0,0,0.05,0.1075
DGICB,0.2613407971758898,92,0,0,0.2,0.0271
DGII,0.110936127483239,81,1,1,0.05,0.0651
DGNX,-0.32236969697623713,6,1,2,0.8,
DGX,0.05547497712147176,70,0,0,0.1,0.0879
DGXX,-0.07287992392192147,33,1,9,0.9,0.4826
DH,-0.09288751295564442,29,0,0,0.85,0.6788
DHC,0.10296556976015997,79,0,0,0.1,0.0548
DHF,-0.035383247335985656,40,1,5,0.7,0.1302
DHI,0.03879717819215121,66,1,2,0.2,0.1557
DHR,0.024843990956353736,63,0,0,0.25,0.2654
DHT,-0.026020712143424017,46,1,7,0.5,0.1675
DHX,0.24003296388935408,91,0,0,0.15,0.0095
DHY,-0.014688149466618262,51,0,0,0.35,0.1605
DIBS,-0.016526035422145688,50,1,1,0.5,0.2882
DIN,0.21705541411813273,90,0,0,0.0,0.1514
DINO,0.017498093002790684,61,0,0,0.35,0.0351
DIOD,-0.13340189188609114,22,1,7,0.45,0.2574
DIS,-0.04161506916702995,39,1,8,0.8,0.2173
DIT,-0.21225797131114982,13,1,16,0.95,0.3465
DJCO,0.06098361101208623,71,0,0,0.1,0.2213
DJT,-0.1329421790458014,23,1,1,0.9,0.4962
DK,0.06782372333380268,73,0,0,0.3,0.0618
DKL,0.0022503000136732676,57,0,0,0.35,0.1311
DKNG,0.06605147648029777,73,0,0,0.5,0.3139
DKS,0.019398667285583468,62,1,2,0.25,0.0904
DLB,-0.16319807198766376,18,1,6,0.95,0.3389
DLHC,-0.10130823145687906,27,1,7,0.8,0.2384
DLNG,-0.0991534770045076,28,1,16,0.9,0.2777
DLO,0.16744136223614825,87,0,0,0.1,0.0534
DLPN,-0.20309708407112473,14,1,8,0.9,0.4499
DLR,-0.10477290590005517,27,1,5,0.6,0.1837
DLTH,0.24067840441032223,91,1,1,0.1,0.119
DLTR,0.14143757413439065,84,0,0,0.05,0.2001
DLX,-0.08447451400601035,30,0,0,0.6,0.2572
DLXY,-0.06355061137360404,34,0,0,0.65,
DLY,-0.008848722741790306,53,0,0,0.4,0.1068
DMA,-0.006386163226421462,54,0,0,0.0,0.1767
DMAA,-0.025851124269599027,46,1,6,0.55,0.1425
DMAAU,-0.041449996901059036,39,1,12,0.6,0.1522
DMAC,0.27565477246695264,92,0,0,0.4,0.1657
DMB,-0.009638194605037377,53,1,2,0.3,0.0954
DMC,-0.16621204679608256,18,1,60,1.0,0.4093
DMII,-0.027236830142904643,45,1,6,0.55,0.1473
DMIIU,-0.02771153096657967,44,1,5,0.5,0.1504
DMLP,-0.09845350527932704,28,1,17,0.85,0.2076
DMO,-0.030665000870354165,42,1,2,0.7,0.1179
DMRA,0.24509602975320788,91,0,0,0.5,0.1435
DMRC,-0.3392596119877294,6,1,19,0.95,0.5926
DNA,0.04316719009288174,67,1,1,0.4,0.1999
DNLI,0.3085421291603831,93,0,0,0.05,0.0
DNMX,-0.029809590950355947,43,1,6,0.55,0.1467
DNMXU,-0.030456238256102008,42,1,5,0.5,0.1551
DNN,-0.13443815098208892,22,1,9,0.8,0.3418
DNOW,-0.07750007923673605,32,1,6,0.45,0.3072
DNP,0.009478992629635682,59,0,0,0.35,0.0762
DNTH,0.07814008809762404,75,0,0,0.45,0.0663
DNUT,-0.06183159794164873,35,1,3,0.5,0.299
DOC,0.1988601378459585,89,0,0,0.1,0.0078
DOCN,-0.0698264741985769,33,1,11,0.55,0.2388
DOCS,-0.022103857663207403,48,0,0,0.7,0.5231
DOCU,-0.08028979486611743,31,0,0,0.75,0.3793
DOGZ,-0.13312393672129022,23,1,6,0.6,
DOLE,-0.03957031288993673,39,0,0,0.7,0.2049
DOMH,-0.12056127970445213,25,1,11,0.85,0.3735
DOMO,-0.03285166413312593,41,0,0,0.7,0.5937
DOO,-0.06525369716841851,34,1,4,0.25,0.3294
DORM,0.14036068597310947,84,0,0,0.05,0.0389
DOUG,0.03284661732280471,65,0,0,0.55,0.3615
DOV,-0.03707359981199456,40,1,4,0.2,0.1624
DOW,-0.2663292380842396,10,1,42,1.0,0.4175
DOX,-0.1962648379942146,15,1,24,1.0,0.418
DOYU,-0.0678381300940086,34,0,0,0.75,0.3596
DPG,-0.006976670756882807,54,0,0,0.35,0.1159
DPRO,-0.21845601633645934,13,1,16,0.9,0.5432
DPZ,-0.07059540833714922,33,0,0,0.7,0.3128
DQ,-0.3726750391169735,4,1,49,1.0,0.5888
DRCT,-0.3019798665699808,7,1,34,1.0,
DRD,-0.2353971477310582,12,1,37,1.0,0.495
DRDB,-0.028857795071498292,43,1,6,0.55,0.1497
DRDBU,-0.030956068739841303,42,1,13,0.65,0.157
DRH,0.06566626717876879,72,1,2,0.1,0.0745
DRI,0.020297131784657432,62,1,6,0.35,0.1439
DRIO,-0.11612525794250263,25,0,0,0.8,0.4966
DRMA,0.06969070945769194,73,0,0,0.55,
DRS,-0.007261191564571872,54,0,0,0.55,0.1573
DRTS,0.4777398490858455,96,0,0,0.25,0.0559
DRUG,-0.20217243725521158,14,1,4,0.9,0.3445
DRVN,0.12672333679507494,83,0,0,0.35,0.1917
DSACU,-0.011717742260680019,52,1,2,0.3,0.1394
DSGN,0.21409919889603432,90,0,0,0.35,0.1157
DSGR,-0.054078280277816734,36,1,6,0.45,0.2085
DSGX,-0.06960927268243892,33,0,0,0.6,0.2503
DSL,-0.016005738267470992,50,0,0,0.35,0.1006
DSM,-0.025876498248013392,46,1,2,0.35,0.112
DSP,0.016045831665712648,61,0,0,0.5,0.1083
DSS,0.14467814695815473,85,0,0,0.25,0.5776
DSU,-0.02320614298142839,47,1,5,0.6,0.1054
DSWL,0.09353403668177468,78,0,0,0.3,0.0986
DSX,-0.16885324657817563,18,1,35,1.0,0.2634
DSY,1.23533035196453,99,0,0,0.45,
DT,0.07936624338930692,75,0,0,0.3,0.033
DTCX,-0.17464950206860683,17,1,9,0.95,0.4828
DTE,0.04406880792730748,67,0,0,0.0,0.105
DTF,-0.02774806583982877,44,1,2,0.4,0.1406
DTI,-0.3786638488943026,4,1,62,1.0,0.585
DTIL,0.36850215022336036,95,0,0,0.4,0.0
DTM,0.003606770976708619,57,0,0,0.5,0.0819
DTSQ,-0.023574993989187068,47,1,5,0.45,0.1482
DTSQU,-0.0455475080532195,38,1,14,0.8,0.2376
DTSS,-0.1771271145277597,17,1,15,0.75,0.4905
DTST,-0.11757621034829986,25,1,8,0.95,0.3873
DUK,-0.006120382016506963,54,0,0,0.4,0.1722
DUO,-0.4993097935255954,2,1,40,1.0,0.644
DUOL,0.21717477760467369,90,0,0,0.1,0.3103
DUOT,-0.09580909177182281,28,1,4,0.6,0.3475
DV,0.03473575655948881,65,0,0,0.15,0.0706
DVA,0.33608795377390793,94,0,0,0.0,0.0065
DVLT,-0.3788359597304232,4,1,24,1.0,0.6805
DVN,-0.14562705390676178,21,1,17,0.95,0.3062
DWSN,0.6326551934421223,97,0,0,0.05,0.0015
DWTX,-0.16358230907764373,18,1,5,0.9,0.6009
DX,-0.0041390549961144545,55,0,0,0.35,0.1204
DXC,-0.08290975378048618,31,0,0,0.8,0.3917
DXCM,0.07726554935104388,75,0,0,0.45,0.093
DXF,-0.08817113582585337,30,0,0,0.75,
DXLG,-0.09692194207306573,28,1,12,0.7,0.388
DXPE,-0.07450591170031817,32,1,3,0.2,0.1636
DXR,-0.036792271293339084,40,0,0,0.55,0.3181
DXST,-0.19320615268144098,15,1,12,0.7,
DXYZ,-0.38457103267907844,4,1,25,1.0,0.6603
DY,-0.1023698804799988,27,1,4,0.35,0.2229
DYAI,0.3594459425798064,95,0,0,0.3,0.0244
DYN,0.28281569116376254,93,0,0,0.1,0.0
DYNC,-0.027532783937889094,44,1,6,0.55,0.132
DYNCU,-0.03396177367003199,41,1,5,0.5,0.1656
DYOR,-0.029518374495913224,43,1,5,0.5,0.1493
DYORU,-0.03174556646146788,41,1,5,0.5,0.1916
E,-0.17553706101634167,17,1,16,0.85,0.2743
EA,-0.020822364426663173,48,1,2,0.35,0.1442
EAD,-0.02434805024018084,46,1,2,0.65,0.116
EAF,-0.4172576504484137,3,1,21,1.0,0.7256
EARN,-0.08903886939493427,29,1,5,0.75,0.2332
EAT,0.2059923856762985,89,0,0,0.0,0.0548
EBAY,0.055426721374894405,70,0,0,0.45,0.0439
EBC,0.08547527130669313,76,0,0,0.05,0.0517
EBF,-0.010294299931610629,53,1,2,0.4,0.1689
EBMT,0.02374357359086042,63,0,0,0.1,0.0789
EBON,-0.015527578017286891,50,1,3,0.45,0.4426
EBS,-0.0627185104438507,35,1,4,0.7,0.4308
EC,-0.04665212182266374,38,1,9,0.45,0.1322
ECAT,0.037241645990799904,66,0,0,0.05,0.0109
ECBK,0.08511236447768783,76,0,0,0.0,0.0305
ECC,-0.06943085180226893,33,0,0,0.8,0.3224
ECCC,0.0007582706442826742,56,1,2,0.4,0.1275
ECF,-0.031066628221465296,42,1,4,0.4,0.0671
ECG,-0.14322498821140783,21,1,4,0.35,0.2346
ECHO,-0.23598547278538226,12,1,16,0.95,0.3343
ECL,0.06781470803396283,73,0,0,0.0,0.1577
ECO,0.043516894269027676,67,0,0,0.3,0.0705
ECOR,-0.07124202475084047,33,1,2,0.6,0.2364
ECPG,0.09515042609586993,78,0,0,0.0,0.0411
ECVT,-0.15744213878615496,19,1,34,1.0,0.2504
ECX,-0.037697513263003454,40,0,0,0.3,0.4703
ED,0.02145354464419843,62,0,0,0.2,0.1529
EDBL,-0.7486566063051838,0,1,118,1.0,0.9904
EDD,0.07605564011682747,74,0,0,0.05,0.0916
EDF,0.06238342150529669,72,0,0,0.05,0.0066
EDHL,0.44359369911606544,96,0,0,0.4,
EDIT,0.23956113744032392,91,0,0,0.45,0.0069
EDN,-0.11429643521988178,25,1,11,0.55,0.3071
EDRY,-0.019558388935680193,49,1,1,0.45,0.1481
EDSA,-0.1260056583588956,24,1,3,0.65,
EDTK,-0.04703023824355847,38,1,2,0.8,0.1884
EDU,-0.07556805733724056,32,0,0,0.75,0.3014
EDUC,0.08550029980527853,77,0,0,0.3,0.0076
EE,0.12770676096529304,83,0,0,0.2,0.1656
EEA,0.041631967702142045,67,0,0,0.0,0.0596
EEFT,0.08719186879304733,77,0,0,0.55,0.0657
EEIQ,-0.3175120183853009,6,1,9,0.6,
EEX,0.029770224751521385,64,1,5,0.35,0.1263
EFC,0.01379736165345763,60,1,3,0.35,0.0729
EFOI,-0.18344454546618683,16,1,4,0.95,
EFOR,-0.2296004809465173,12,1,6,0.95,
EFR,-0.014612684844250455,51,1,5,0.45,0.1185
EFSC,0.06857359146050818,73,0,0,0.0,0.0516
EFSCP,-0.012384124721457612,52,1,1,0.65,0.1052
EFSI,0.021659211135746884,62,1,3,0.25,0.0807
EFT,-0.02337141741521285,47,1,6,0.65,0.13
EFTY,-0.0333302468976196,41,1,5,0.5,0.161
EFX,-0.02129204633338763,48,0,0,0.7,0.2854
EFXT,-0.11943805950397633,25,1,6,0.85,0.2075
EG,0.10498698324983444,80,0,0,0.25,0.0211
EGAN,-0.21262073589198366,13,1,11,0.75,0.4872
EGBN,-0.028179854914270386,44,1,3,0.15,0.1209
EGG,-0.16033060813483405,19,1,6,0.9,0.3382
EGHA,-0.028358522467077162,44,1,6,0.55,0.1466
EGHAU,-0.1013709590274173,27,1,17,0.85,0.2369
EGHT,-0.11611310954482872,25,0,0,0.9,0.3495
EGO,-0.026912734022069874,45,1,1,0.6,0.4031
EGP,0.06571768788574767,72,0,0,0.25,0.0
EGY,-0.15530737169786507,19,1,12,0.9,0.3175
EH,-0.469847030219983,2,1,23,1.0,0.6594
EHC,0.049648546981822986,68,0,0,0.65,0.1011
EHGO,-0.021974087281179305,48,1,3,0.55,
EHI,-0.022947622005667013,47,1,2,0.35,0.1263
EHLD,-0.08397245559546446,30,1,4,0.75,0.1304
EHTH,-0.03218048724267683,41,1,1,0.6,0.6384
EIC,-0.025894800815626125,46,0,0,0.8,0.1278
EICA,-0.025555457017784403,46,1,6,0.55,0.1443
EIG,0.16867821840457578,87,0,0,0.0,0.0099
EIIA,-0.01688420222172472,50,1,5,0.45,0.1256
EIM,-0.012048435275178168,52,1,2,0.4,0.1114
EIX,0.032288306961239216,65,0,0,0.2,0.1005
EJH,0.011944714276705057,60,0,0,0.6,
EL,0.02197957296792189,62,0,0,0.55,0.351
ELA,0.12638313965231818,82,1,3,0.15,0.1859
ELAB,-0.45700733338124994,3,1,64,1.0,
ELAN,0.0027353421291958224,57,0,0,0.15,0.1535
ELBM,-0.1788571173819205,17,1,4,0.95,0.5599
ELDN,0.07877682315618009,75,0,0,0.4,0.1025
ELE,-0.09576976823308317,28,1,1,0.6,0.4052
ELF,0.31769847507262206,94,0,0,0.05,0.2735
ELLO,-0.24073857054538259,11,1,27,1.0,0.4311
ELMD,0.5072600089785739,97,0,0,0.0,0.0085
ELME,-0.2832346232950175,8,1,8,0.7,0.5527
ELOG,-0.10414249078371235,27,1,12,0.6,0.5291
ELPC,-0.06595198910897962,34,1,5,0.7,0.2007
ELPW,-0.41048967650278284,3,1,38,1.0,
ELS,0.024105686753857963,63,0,0,0.2,0.1366
ELSE,0.12012308134404728,82,1,5,0.35,
ELTK,-0.07730011647799016,32,1,2,0.15,0.1801
ELTX,-0.8010240298211202,0,1,15,0.75,
ELUT,-0.11558817946833021,25,1,9,0.85,0.2878
ELV,0.10004291919510933,79,0,0,0.45,0.0258
ELVA,-0.1430179729453529,21,1,3,0.75,0.2602
ELVN,0.3129735699541512,94,0,0,0.15,0.0087
ELVR,-0.21507407488083197,13,1,11,0.75,0.3735
ELWT,-0.06930758906206688,33,0,0,0.65,0.2271
EMA,-0.008523598819398223,53,0,0,0.45,0.126
EMAT,-0.28992030946448455,8,1,11,0.9,0.6888
EMBC,-0.20346824895259152,14,1,6,0.95,
EMBJ,0.07149272681447397,74,0,0,0.2,0.2332
EMD,0.021798509584241885,62,0,0,0.15,0.0944
EME,-0.12893979512648296,23,1,7,0.8,0.2051
EMF,0.017895173841320125,61,1,4,0.4,0.0884
EMIS,-0.02649658494238206,45,1,6,0.55,0.1448
EML,0.17692989725267924,88,0,0,0.1,0.1154
EMN,-0.08182218361808805,31,1,14,0.85,0.1997
EMO,-0.027770387428298203,44,0,0,0.6,0.1873
EMPD,-0.05079135127885026,37,0,0,0.85,0.2813
EMPG,-0.0333302468976196,41,1,5,0.5,0.161
EMR,-0.03899209510796692,40,1,6,0.35,0.2085
ENB,-0.036142857113576884,40,1,6,0.55,0.136
ENGN,-0.34914825736394417,5,0,0,0.9,
ENGS,0.9792506571547017,98,0,0,0.0,0.0
ENIC,0.018587295913141844,62,1,4,0.4,0.0653
ENLT,-0.09078157921362268,29,1,8,0.75,0.2278
ENLV,-0.4272921214331676,3,1,22,1.0,0.6393
ENOV,0.06651598299453064,73,0,0,0.7,0.2061
ENPH,-0.10539020371977809,27,1,21,1.0,0.3978
ENR,0.11893888773231578,82,1,1,0.05,0.1758
ENS,-0.13258665383541063,23,1,4,0.7,0.1927
ENSC,-0.2644952719781618,10,1,1,0.7,
ENSG,-0.048948354353954074,37,0,0,0.65,0.2816
ENTA,0.085200213340594,76,0,0,0.35,0.1566
ENTG,-0.04534067645945366,38,1,3,0.3,0.2691
ENTX,0.355299518482817,95,0,0,0.4,0.1249
ENVA,0.4342017374201575,96,0,0,0.0,0.0239
ENVB,-0.39270363201337355,4,1,44,1.0,
ENVX,-0.3444237964094219,5,1,10,0.85,0.4433
EOD,-0.00454924934448012,55,1,1,0.25,0.0432
EOG,-0.07964798643734687,31,0,0,0.7,0.2374
EOI,-0.02381307538138001,47,0,0,0.7,0.1028
EOLS,0.1529257944892562,85,0,0,0.05,0.051
EONR,-0.3037587094019761,7,0,0,0.95,
EOS,-0.03431020110351287,41,1,2,0.9,0.095
EOSE,-0.31589528408252465,7,1,10,0.85,0.7615
EOT,0.006099557434433411,58,1,1,0.05,0.1264
EP,-0.058250971623232464,35,1,7,0.55,0.3494
EPAC,-0.029855662929356097,42,1,4,0.25,0.2767
EPAM,-0.19878291754987926,15,0,0,0.9,0.6285
EPC,0.24880778317725838,91,0,0,0.0,0.0641
EPD,-0.045245712196058885,38,0,0,0.85,0.1778
EPM,-0.23872812130971768,11,1,17,0.95,0.3308
EPOW,-0.13264493253606896,23,1,2,0.7,0.4834
EPR,0.06521426345106732,72,0,0,0.3,0.0747
EPRT,0.007483024689633938,59,0,0,0.5,0.1682
EPRX,-0.05608698899466289,36,0,0,0.6,0.3354
EPSM,-0.12627512783431596,24,1,1,0.6,
EPSN,-0.1445076309092,21,1,17,0.9,0.2788
EQ,0.12488694661919403,82,1,2,0.1,0.1011
EQBK,0.0358075686397744,65,0,0,0.15,0.0867
EQH,0.11524934150479738,81,0,0,0.05,0.1011
EQIX,-0.07542558199723143,32,1,6,0.6,0.1289
EQNR,-0.1711969263048511,17,0,0,0.9,0.3189
EQR,0.04559050948761144,68,0,0,0.25,0.0
EQS,-0.1523699702416983,20,1,23,1.0,0.4977
EQT,-0.12776895206871697,23,1,6,0.95,0.35
EQX,-0.2556957885783355,10,1,54,1.0,0.5218
ERAS,0.424293095893849,96,0,0,0.0,0.2305
ERC,-0.005140130458590575,54,0,0,0.35,0.097
ERH,-0.02231189553881776,48,0,0,0.5,0.1206
ERIC,-0.16847800455083656,18,1,21,1.0,0.2104
ERIE,0.10103614024424867,79,0,0,0.2,0.1898
ERII,-0.1002425816199477,28,1,1,0.35,0.503
ERNA,0.04753600636450131,68,1,7,0.95,
ERO,-0.16367379191117926,18,1,10,0.7,0.3955
ES,0.048699941929060006,68,0,0,0.2,0.0911
ESAB,-0.01394884682571583,51,1,4,0.4,0.3661
ESBA,0.008729526058339737,59,1,1,0.65,0.2591
ESCA,-0.03656005446280346,40,1,1,0.35,0.1292
ESE,0.05954152628156824,71,1,1,0.1,0.0775
ESEA,-0.01988358268145699,49,0,0,0.3,0.1396
ESI,-0.0839523743716036,30,1,3,0.25,0.2178
ESLA,-0.30982465768383155,7,1,45,1.0,0.5726
ESLT,-0.12518508097510983,24,1,1,0.65,0.314
ESNT,0.07029931774267667,73,0,0,0.35,0.1026
ESOA,0.05651422971995104,70,1,2,0.35,0.1329
ESP,-0.01178546071132814,52,1,1,0.3,0.1974
ESPR,0.023151402490585414,63,1,2,0.15,
ESQ,0.07652034702491892,75,0,0,0.0,0.0586
ESRT,0.014307180254563713,61,0,0,0.6,0.2441
ESS,0.07691520727351028,75,0,0,0.25,0.0065
ESTA,0.2483172303356762,91,0,0,0.0,0.0009
ESTC,0.014320552173447104,61,0,0,0.5,0.305
ET,-0.019417774361861383,49,0,0,0.75,0.1334
ETB,-0.00779735639070981,54,0,0,0.4,0.0598
ETD,0.004498746858585631,57,1,2,0.15,0.1892
ETG,0.02328941349297818,63,0,0,0.05,0.0534
ETJ,-0.015533422122829498,50,0,0,0.7,0.0976
ETN,-0.052930851124695706,36,1,3,0.3,0.1215
ETO,0.017860096068807133,61,0,0,0.2,0.0434
ETON,0.29421040186671094,93,0,0,0.0,0.0026
ETOR,0.05804916701182783,71,0,0,0.6,0.0303
ETR,-0.00965691096973471,53,0,0,0.3,0.1208
ETS,0.3792800165272842,95,0,0,0.1,0.1775
ETSY,0.20029472860868314,89,0,0,0.05,0.0347
ETV,0.00841929501233539,59,0,0,0.1,0.0437
ETW,0.004118980472743741,57,0,0,0.05,0.0521
ETX,-0.03822862796453672,40,1,6,0.65,0.143
ETY,-0.028746655278962793,43,1,2,0.9,0.1018
EU,-0.29983548725281156,7,1,11,0.8,0.6798
EUDA,-0.1092286516874506,26,1,6,0.85,
EURK,-0.0021319800877412365,56,0,0,0.35,0.1276
EURKU,0.061251911091267874,71,0,0,0.05,0.0902
EVAC,-0.029080089732654336,43,1,6,0.55,0.1478
EVAX,-0.20228173116098114,14,1,42,1.0,0.4091
EVC,1.3205077877271698,99,0,0,0.0,
EVCM,-0.06344083709476042,34,0,0,0.65,0.2793
EVER,0.2715707125459226,92,0,0,0.0,
EVEX,-0.15459068573697243,20,1,1,0.95,0.4961
EVF,-0.018562105298221075,49,1,5,0.45,0.1231
EVG,-0.008657785872204483,53,0,0,0.35,0.1082
EVGN,-0.4107039427168885,3,1,68,1.0,0.6519
EVGO,-0.21111161118313462,14,1,20,1.0,0.4944
EVH,0.4871597533433753,96,0,0,0.0,0.0588
EVI,-0.1873918094480698,16,1,1,0.85,0.4474
EVLV,-0.09115697227551031,29,0,0,0.8,0.2115
EVMN,-0.4367630599542676,3,1,6,0.75,
EVN,0.01729835734203658,61,1,1,0.05,0.0898
EVO,-0.06878754656750814,33,0,0,0.65,0.3203
EVOX,-0.026927824111772757,45,1,6,0.55,0.1477
EVOXU,-0.028270921572205888,44,1,5,0.5,0.1585
EVR,0.014685872756802588,61,1,1,0.35,0.1619
EVRG,0.03412375457590214,65,0,0,0.15,0.0923
EVT,0.014533280056733856,61,0,0,0.2,0.0272
EVTC,0.10216767689542722,79,0,0,0.15,0.1394
EVTL,-0.2822964400995381,8,1,24,1.0,0.7522
EVTV,0.019253178860708577,62,0,0,0.8,
EVV,-0.011500416575740822,52,0,0,0.35,0.1152
EW,0.08547859672025487,77,0,0,0.15,0.007
EWBC,0.04348715948439169,67,0,0,0.1,0.0265
EWTX,0.14906486957134127,85,0,0,0.2,0.0001
EXC,0.003038413897965428,57,0,0,0.25,0.1834
EXE,-0.10890641261556479,26,1,2,0.9,0.3285
EXEL,0.1554669653587274,86,0,0,0.05,0.0
EXFY,0.5746631513539922,97,0,0,0.0,0.0763
EXG,0.023956320787979643,63,0,0,0.0,0.0537
EXK,-0.15240930496215674,20,1,13,0.95,0.4792
EXLS,-0.11199074669079592,26,0,0,0.8,0.4028
EXOD,-0.3549316075390921,5,1,13,0.95,0.7609
EXOZ,-0.2456054407815541,11,1,2,0.75,0.4124
EXP,-0.008259235502568064,53,1,4,0.25,0.1779
EXPD,0.03686562998364146,66,0,0,0.1,0.0877
EXPE,0.12307313626867383,82,0,0,0.2,0.1749
EXPO,-0.04265672907347641,39,0,0,0.55,0.2823
EXR,0.021829340789615084,62,0,0,0.2,0.0963
EXTR,0.2417898930407429,91,1,1,0.1,0.0779
EYE,0.028817672958689533,64,0,0,0.4,0.3895
EYPT,0.05822136547152211,71,0,0,0.3,0.3074
EZGO,-0.5996216582840144,1,1,42,1.0,
EZPW,0.10273083469826949,79,0,0,0.45,0.0081
EZRA,-0.4349535942236414,3,1,55,1.0,
F,-0.0024361419990859973,55,1,15,0.8,0.2154
FA,0.4373294518874636,96,0,0,0.0,0.0267
FABC,-0.26739808860139835,10,1,5,0.95,0.5345
FAC,-0.1609450113155361,19,1,10,0.5,0.57
FACTU,-0.06708596925178731,34,1,8,0.45,0.1596
FAF,0.06131736473102324,71,0,0,0.25,0.0652
FAMI,-0.8715708983766364,0,1,6,0.7,
FANG,-0.13739484757272374,22,1,17,0.9,0.2392
FAST,-0.00854579914412773,53,0,0,0.2,0.127
FATE,0.5413889728687515,97,0,0,0.45,0.0026
FATN,0.252136393567622,92,1,1,0.35,
FAX,-0.011004440839544313,52,0,0,0.5,0.1403
FBGL,0.019570779481013344,62,0,0,0.7,0.6108
FBIN,0.2923360846805881,93,0,0,0.0,0.2618
FBIO,0.10926210534330894,80,0,0,0.1,0.3738
FBIOP,0.1486419838452903,85,1,1,0.05,0.0533
FBIZ,0.0818865832934358,76,0,0,0.0,0.0322
FBK,0.03337472120297445,65,0,0,0.15,0.1512
FBLA,0.04113442876865692,67,0,0,0.0,0.0816
FBLG,-0.3283699674766843,6,1,4,0.95,0.9136
FBNC,0.05399820983328968,70,0,0,0.0,0.0616
FBP,0.07830766704785885,75,0,0,0.0,0.0265
FBRT,-0.10875212992834164,26,1,44,1.0,0.2908
FBRX,0.04613721399470083,68,0,0,0.6,0.4253
FBYD,0.32011105452067246,94,0,0,0.1,0.0492
FC,-0.10494621032699732,27,1,3,0.35,0.1863
FCAP,0.053043126981642125,69,1,2,0.1,0.1005
FCBC,0.005099495381062524,58,1,1,0.15,0.0996
FCCO,0.048170051084774165,68,0,0,0.05,0.047
FCEL,0.9263826760861622,98,0,0,0.35,0.28
FCF,0.05609210060234057,70,0,0,0.0,0.0374
FCFS,0.0020315021506853853,57,0,0,0.5,0.0533
FCHL,-0.363543783572022,5,1,69,1.0,
FCN,-0.06863337823609492,33,0,0,0.6,0.2446
FCNCA,0.008826717115395608,59,1,1,0.2,0.1278
FCNCO,-0.044807836059299125,38,1,17,0.95,0.1663
FCNCP,-0.04325858905592574,39,1,11,0.85,0.1813
FCPT,0.02737684424917558,64,0,0,0.4,0.1048
FCRS,-0.02523294198074185,46,1,2,0.6,0.1385
FCT,-0.02392488490148026,47,1,6,0.7,0.1253
FCUV,-0.3429667878139076,5,1,3,0.65,
FCX,-0.10428430858598782,27,1,10,0.65,0.2051
FDBC,0.09565585794351189,78,0,0,0.0,0.0359
FDMT,0.26106355221112254,92,0,0,0.3,0.0373
FDS,0.05276798650506896,69,0,0,0.5,0.1885
FDSB,0.06744591965341733,73,0,0,0.0,0.058
FDUS,0.04161933880108362,67,0,0,0.2,0.0565
FDX,-0.015042805682193405,51,1,5,0.5,0.0856
FE,0.008119378660350514,59,0,0,0.25,0.1826
FEAM,-0.293399135955109,8,1,21,1.0,0.7003
FEBO,-0.1448074413111631,21,1,2,0.75,0.4061
FEDU,-0.1047978075047371,27,1,5,0.6,0.2383
FEED,-0.5530844485725357,1,1,65,1.0,
FEIM,-0.0423531947614718,39,1,9,0.45,0.2063
FELE,0.01809982667052136,61,1,2,0.1,0.1498
FEMY,-0.5271968574277002,2,1,28,1.0,0.7431
FENC,0.33566668193951227,94,0,0,0.25,0.071
FENG,-0.0830759965401188,31,0,0,0.85,0.2631
FER,-0.05038027377089268,37,1,6,0.45,0.1841
FERA,-0.027291872017956586,45,1,6,0.55,0.1463
FERAU,-0.0134061445345251,51,1,1,0.3,0.1443
FERG,-0.09615734821139715,28,1,4,0.45,0.227
FET,-0.189817438639899,15,1,45,1.0,0.3514
FF,-0.019231226516698827,49,0,0,0.4,0.1222
FFA,-0.008626918840210836,53,0,0,0.7,0.039
FFAI,-0.2741908560387468,9,1,23,1.0,
FFBC,0.10654670141665296,80,0,0,0.0,0.013
FFC,-0.0003495004980944849,56,0,0,0.35,0.0988
FFIN,0.06073460706968914,71,0,0,0.05,0.0747
FFIV,0.11632248186700334,81,0,0,0.15,0.0192
FG,0.018808561484708886,62,0,0,0.45,0.0868
FGBI,0.014147932872954419,61,1,5,0.3,0.1014
FGBIP,-0.0035927647781982402,55,1,7,0.6,0.0569
FGI,-0.3011899712769846,7,1,15,0.8,
FGL,-0.3403892732152039,6,1,27,1.0,
FGMC,-0.06432368738885905,34,1,5,0.6,0.3354
FGMCU,-0.11572528785548714,25,1,5,0.7,
FGNX,-0.2790624989840247,9,1,23,1.0,0.7421
FGNXP,-0.006949043686317047,54,1,2,0.3,0.1549
FHB,0.09373248561976455,78,0,0,0.0,0.0026
FHI,0.002958518750046747,57,0,0,0.3,0.1187
FHN,0.03826378381596186,66,0,0,0.0,0.0882
FHTX,0.4026414677130983,95,0,0,0.3,0.171
FIBK,0.08074126001048967,75,0,0,0.05,0.0509
FICO,0.12738924501136417,83,0,0,0.45,0.2791
FIEE,-0.40510697291193903,3,1,52,1.0,0.5885
FIG,0.009542298745810994,59,0,0,0.85,0.4539
FIGR,-0.09579960496960047,28,0,0,0.75,0.6135
FIGS,-0.2582280489807675,10,1,11,0.85,0.472
FIGX,-0.02585469273486366,46,1,5,0.5,0.1468
FIGXU,-0.02256209208997212,47,1,4,0.35,0.1549
FINS,-0.011913073717156119,52,0,0,0.3,0.1076
FINV,-0.09937245228208483,28,1,3,0.9,0.2767
FINW,-0.0663087246895778,34,1,3,0.45,0.3133
FIP,-0.11018025928506486,26,1,6,0.45,0.3672
FIRY,0.5985852860738348,97,0,0,0.25,
FIS,-0.052040984938311254,37,0,0,0.8,0.4098
FISI,0.06858353518326434,73,0,0,0.0,0.0414
FISK,-0.009174372234937743,53,1,1,0.5,0.2655
FITB,0.1229017854489739,82,0,0,0.0,0.0182
FIVE,-0.1907132224797179,15,1,50,1.0,0.3449
FIVN,0.115767109692341,81,0,0,0.6,0.0373
FIX,-0.10202109459336403,27,1,4,0.35,0.189
FIZZ,-0.0963541015825235,28,1,12,0.7,0.2146
FJET,-0.35114508787815696,5,1,17,0.85,0.6672
FKWL,-0.28593893243602986,8,1,62,1.0,0.4946
FLC,-0.01966317673930936,49,0,0,0.5,0.1202
FLD,-0.5186623157067899,2,1,35,1.0,0.8365
FLEX,0.17655248343486996,88,1,3,0.15,0.1991
FLG,0.0250853586330248,63,1,3,0.15,0.0589
FLGT,0.1848948574055566,88,0,0,0.2,0.3243
FLL,0.009920320539725636,59,1,2,0.4,0.2072
FLNA,-0.12473814025886662,24,0,0,0.85,0.5111
FLNC,-0.10655437255339999,27,1,10,0.5,0.5389
FLNG,-0.03614135225179086,40,0,0,0.7,0.1345
FLNT,0.39583773810743017,95,0,0,0.2,0.1325
FLO,0.08065925165091989,75,0,0,0.25,0.3202
FLOC,-0.20487984714307028,14,1,28,1.0,0.3203
FLR,-0.06904184901049297,33,1,4,0.2,0.1696
FLS,-0.06441045497599944,34,1,9,0.45,0.2807
FLUT,0.02556650231762391,63,0,0,0.35,0.5427
FLUX,-0.37147124826180183,4,1,3,0.95,0.5893
FLWS,-0.06810748085421664,34,1,15,0.8,0.2712
FLX,-0.15757996601732388,19,1,1,0.9,0.5295
FLXS,0.237552610460268,91,0,0,0.0,0.0897
FLY,-0.33141642889379785,6,1,25,1.0,0.5631
FLYE,0.030265552324422976,64,1,2,0.3,0.7553
FLYW,0.2975805175026422,93,0,0,0.25,0.0145
FLYX,-0.28260520168482334,8,1,19,0.95,0.7691
FLZH,-0.6641539928697753,1,1,59,1.0,
FMAO,0.08106241216226454,76,0,0,0.05,0.0623
FMBH,0.0685133675557648,73,0,0,0.0,0.0273
FMC,-0.18353377267795853,16,1,55,1.0,0.4248
FMFC,-0.3804518958843151,4,1,16,0.8,0.6445
FMN,-0.005177462617191528,54,1,2,0.15,0.0915
FMNB,0.004739669876381157,58,1,2,0.25,0.0656
FMS,0.11649014027920876,81,0,0,0.15,0.0706
FMST,0.0026191749991549274,57,0,0,0.9,0.3553
FMX,0.04672399878248032,68,0,0,0.0,0.0218
FMY,-0.027115422084107898,45,1,2,0.55,0.1393
FN,-0.3237591826190036,6,1,21,1.0,0.3805
FNB,0.03875094318803722,66,0,0,0.0,0.0784
FND,0.12578755583457185,82,0,0,0.1,0.3187
FNF,0.01460780001369573,61,0,0,0.5,0.2031
FNGR,-0.6071434503020989,1,1,22,1.0,0.7682
FNKO,0.16878227308734173,87,1,3,0.2,0.0923
FNLC,0.1341227577931938,84,0,0,0.0,0.0703
FNRN,0.01949300097006016,62,1,3,0.2,0.0615
FNUC,-0.3177632462614338,6,1,22,1.0,0.6164
FNV,-0.1445063109367396,21,1,12,0.9,0.3158
FNWB,0.08815770412661236,77,0,0,0.15,0.0641
FNWD,0.07722131690108808,75,0,0,0.05,0.1831
FOA,0.32107703493419026,94,0,0,0.2,0.0473
FOCL,0.3201400087007437,94,0,0,0.0,0.0
FOF,-0.018399644049942487,49,1,2,0.6,0.1273
FOFO,-0.33752180393263537,6,1,5,0.7,
FOR,0.07781939184572895,75,0,0,0.0,0.0957
FORM,-0.19208586063715413,15,1,3,0.35,0.3487
FORR,0.4599248090389077,96,0,0,0.15,0.0
FORTY,-0.16285921850386345,18,1,21,1.0,0.3414
FOSL,-0.07051593248693913,33,1,5,0.6,0.3064
FOUR,0.23457638262689734,91,0,0,0.5,0.2999
FOX,-0.1664745071184366,18,1,16,0.8,0.3283
FOXA,-0.1643620841331648,18,1,2,0.75,0.3312
FOXF,-0.05514246223303189,36,1,6,0.4,0.2187
FOXX,-0.4244405010220085,3,1,2,0.8,
FPF,-0.019958332672245872,49,0,0,0.55,0.1203
FPH,-0.010540046605288102,53,1,2,0.25,0.205
FPI,-0.1192002973426221,25,1,6,0.95,0.3178
FR,0.030943112530899985,64,0,0,0.35,0.0579
FRA,-0.02142851461663301,48,1,4,0.65,0.1284
FRAF,0.054954905289867254,70,1,1,0.05,0.048
FRBA,0.09361664945518544,78,0,0,0.0,0.082
FRD,0.46942304094558435,96,0,0,0.0,0.1355
FRGT,-0.058989072787881916,35,0,0,0.4,0.6391
FRHC,-0.02089911476584038,48,0,0,0.8,0.125
FRME,0.032083574601302664,65,0,0,0.1,0.0765
FRMEP,-0.03134923551442157,42,1,4,0.5,0.1643
FRMI,0.29965459328652616,93,1,1,0.2,0.4228
FRMM,0.41738154976501,96,0,0,0.0,
FRO,0.06683040055528763,73,0,0,0.35,0.1383
FROG,0.44553511799634543,96,0,0,0.05,0.0147
FRPH,0.058291274437340904,71,0,0,0.05,0.0849
FRPT,-0.02306365592954378,47,1,2,0.3,0.42
FRSH,0.09834144670672154,79,0,0,0.2,0.217
FRST,0.05456524252168837,70,1,1,0.05,0.0783
FRSX,-0.22394525048628633,13,1,1,0.7,0.6408
FRT,0.028227701119879503,64,1,5,0.35,0.0394
FSBC,0.1488515013436692,85,0,0,0.0,0.0151
FSBW,0.03874933764398168,66,1,1,0.1,0.0907
FSCO,-0.040908323679253525,39,1,2,0.7,0.2645
FSEA,0.03817118559115015,66,1,2,0.15,0.0285
FSHP,-0.012300175488743348,52,0,0,0.3,0.1354
FSHPU,-0.01047067920769379,53,0,0,0.65,0.1425
FSI,-0.053050422042236756,36,1,3,0.3,0.2425
FSK,-0.051383935830723315,37,1,3,0.6,0.2848
FSLR,-0.12752944890807927,23,1,14,0.8,0.2801
FSLY,-0.276254962492574,9,0,0,0.85,
FSM,-0.15047822543931227,20,1,12,0.9,0.4375
FSP,-0.14516275981660703,21,1,12,0.6,0.5006
FSS,0.09842793322497376,79,0,0,0.25,0.0499
FSTR,0.06901886642420425,73,1,1,0.1,0.0799
FSUN,0.04520595793152353,68,0,0,0.25,0.1385
FSV,0.03898587286589142,66,0,0,0.3,0.1952
FT,-0.015422134320866688,51,0,0,0.5,0.1139
FTAI,-0.11387241058770717,25,1,3,0.4,0.3247
FTAIM,-0.03810661480229168,40,1,4,0.5,0.1661
FTCI,0.13194092633795204,83,0,0,0.4,0.6269
FTDR,0.22509288680074502,90,0,0,0.0,0.0049
FTEK,0.20153869779675906,89,1,1,0.4,0.1956
FTF,-0.02308362768699307,47,1,2,0.6,0.1192
FTFT,-0.5558037726607659,1,1,42,1.0,0.8235
FTH,0.21245674977191153,89,0,0,0.35,
FTHM,0.5632877122235287,97,0,0,0.3,
FTHY,-0.006318058546014985,54,0,0,0.45,0.1155
FTI,-0.07692692209312593,32,0,0,0.8,0.1902
FTK,0.10740432811364398,80,1,1,0.2,0.1005
FTLF,0.09591180080072062,78,1,1,0.15,0.3918
FTNT,0.4117426113048776,96,0,0,0.0,0.018
FTRE,0.22225816744311594,90,0,0,0.1,0.1214
FTRK,-0.047755807686186584,37,1,7,0.75,0.5505
FTS,-0.004979022648053954,55,0,0,0.3,0.1279
FTV,0.00626684079588985,58,0,0,0.25,0.0679
FTW,0.005948062182810118,58,1,6,0.4,0.2196
FUBO,-0.14706506612805598,20,0,0,0.65,0.7171
FUFU,-0.3538628122671298,5,1,38,1.0,0.6286
FUL,-0.0674316939866573,34,1,6,0.4,0.2232
FULC,-0.21657564224274634,13,1,50,1.0,
FULT,0.09840748448939879,79,0,0,0.0,0.0165
FULTP,-0.040475345927895034,39,1,6,0.75,0.1634
FUN,-0.0528605164833051,36,1,7,0.35,0.2405
FUNC,0.10950956814557997,80,0,0,0.0,0.056
FUND,-0.07399993686918521,33,1,15,0.8,0.1251
FURY,-0.08410152511281321,30,1,1,0.85,0.4733
FUSB,0.005279819892526183,58,1,2,0.25,0.0917
FUSE,-0.237331505400469,12,1,34,1.0,
FUTU,-0.22760216003044664,12,1,41,1.0,0.5303
FVCB,0.06087448409778956,71,0,0,0.0,0.0406
FVN,-0.019620729451875818,49,1,5,0.4,0.1381
FVNNU,-0.012487009829969142,52,1,5,0.6,0.3276
FVR,0.15776604931141297,86,0,0,0.0,0.0116
FVRR,0.02160239336091948,62,0,0,0.65,0.4388
FWDI,-0.02356230451846526,47,1,1,0.65,0.5497
FWONA,0.11441820194265181,81,0,0,0.3,0.012
FWONK,0.1100006548733986,80,0,0,0.3,0.0159
FWRD,-0.019049472790964993,49,1,2,0.1,0.5999
FWRG,0.13775664145662772,84,0,0,0.15,0.3264
FXHO,0.20105458592573885,89,0,0,0.85,
FXNC,0.0216381647843214,62,1,2,0.1,0.0799
G,-0.15580329782392532,19,1,17,0.9,0.4246
GAB,0.005510132054967629,58,0,0,0.25,0.1415
GABC,0.06773144257035887,73,0,0,0.0,0.0248
GAIA,-0.1985879046547884,15,1,15,0.8,0.509
GAIN,-0.04016850192064583,39,0,0,0.65,0.1025
GALT,0.9154927828757997,98,0,0,0.0,0.0993
GAM,-0.006783621358616709,54,0,0,0.75,0.0633
GAMB,-0.3827209432314556,4,1,37,1.0,0.6636
GAME,-0.21543376924782626,13,1,13,0.7,0.5143
GANX,-0.06177315634158492,35,1,2,0.55,0.4692
GAP,-0.19754508012067104,15,1,26,1.0,0.3956
GASS,-0.1453316985568866,21,1,15,0.95,0.2511
GATX,-0.05738311419893635,35,1,5,0.45,0.1894
GAU,-0.20652763723439999,14,1,12,0.9,0.514
GAUZ,-0.2639635718709771,10,1,14,0.95,
GBAB,-0.015392668465488334,51,1,2,0.15,0.1336
GBCI,0.06358315589253825,72,0,0,0.05,0.1017
GBDC,-0.040854699256219006,39,1,2,0.55,0.1287
GBFH,0.06959091691879188,73,0,0,0.3,0.1814
GBLI,-0.09791579975044107,28,1,62,1.0,0.2383
GBR,-0.1483151902271707,20,1,12,0.9,0.4262
GBTG,0.09370941434764718,78,1,2,0.15,
GBX,-0.08022356861642853,31,1,6,0.45,0.2841
GCBC,0.3385422423532887,94,0,0,0.0,0.0157
GCL,-0.1668569112299351,18,1,3,0.95,
GCMG,0.22558014862550407,90,0,0,0.0,0.0137
GCO,-0.09735335857863192,28,1,6,0.65,0.2296
GCT,-0.1398250923994988,21,1,50,1.0,0.3839
GCTK,-0.527961352510703,2,1,40,1.0,0.9167
GCTS,0.20075324090867805,89,1,3,0.7,0.3361
GCV,0.002982936186217644,57,1,2,0.15,0.0663
GD,0.05608080180931152,70,0,0,0.25,0.0843
GDC,-1.003861862593153,0,1,42,1.0,
GDDY,0.015044115257508914,61,0,0,0.6,0.2912
GDEV,-0.15698109368470123,19,1,1,0.95,0.5124
GDHG,-0.16053613640917636,19,1,12,0.9,0.4072
GDL,-0.017480834338979612,50,1,5,0.45,0.1315
GDO,-0.029400835295119422,43,1,2,0.5,0.1197
GDOT,0.042751008939806684,67,0,0,0.15,0.0439
GDRX,0.1460804726885429,85,0,0,0.45,0.027
GDS,-0.25588267456332237,10,1,36,1.0,0.4116
GDTC,-0.1230838978092788,24,1,14,0.8,0.3215
GDV,0.014506599134918995,61,0,0,0.25,0.0517
GDYN,-0.11254244385177814,26,1,2,0.9,0.4511
GE,0.16645085709607388,87,0,0,0.0,0.0305
GECC,-0.10952339557144915,26,1,7,0.7,0.2792
GEF,0.10167814091137456,79,0,0,0.05,0.1177
GEG,-0.012462169576934235,52,1,6,0.35,0.2184
GEHC,-0.021599043464897664,48,0,0,0.35,0.3242
GEL,-0.11837239908538806,25,0,0,0.9,0.2892
GELS,0.00909480041010921,59,1,10,0.6,
GEMI,-0.1253483478236169,24,1,3,0.9,0.6534
GEN,0.1593584207694977,86,0,0,0.5,0.073
GENC,-0.010016210357292554,53,0,0,0.2,0.1406
GENI,0.21634558286613395,90,0,0,0.3,0.4417
GENK,-0.029850871771456775,42,1,9,0.55,0.3521
GEO,0.34488379700605404,94,0,0,0.0,0.0677
GEOS,-0.32506075600230583,6,1,63,1.0,0.7399
GERN,0.0235670289043326,63,0,0,0.45,0.3013
GETY,0.04558166845225185,68,1,1,0.6,
GEV,0.0613578449313283,71,0,0,0.3,0.1141
GEVO,-0.2767692503072977,9,1,26,1.0,0.5573
GF,-0.02060423151529639,48,1,9,0.8,0.1119
GFAI,-0.28317542337518486,8,1,21,1.0,0.4763
GFF,0.06642909554086764,73,1,2,0.25,0.1008
GFI,-0.21872889806204776,13,1,12,0.85,0.4801
GFL,0.06813206663935506,73,0,0,0.35,0.1867
GFR,-0.14432173316108537,21,1,5,0.85,0.3074
GFS,-0.0745609075553295,32,1,4,0.4,0.268
GGAL,0.10020912898624451,79,0,0,0.25,0.1433
GGB,-0.08000439849204966,31,1,15,0.85,0.1436
GGG,-0.06208464773371665,35,1,6,0.8,0.2771
GGN,-0.0838509581292061,30,1,12,0.95,0.2144
GGR,-0.08103137922396969,31,1,5,0.65,0.2667
GGRP,0.16122408416007228,86,1,1,0.3,0.4162
GGT,-0.004232083487742878,55,1,2,0.5,0.0689
GGZ,0.025224740853893687,63,0,0,0.05,0.075
GH,0.4882706798847631,96,0,0,0.0,0.0485
GHC,0.007339937538475366,59,1,1,0.2,0.1197
GHG,-0.10374924015670203,27,1,9,0.95,0.4096
GHI,0.05100654182275571,69,1,1,0.4,0.3382
GHM,0.03994891247860434,66,1,1,0.15,0.1515
GHRS,0.27925558443300114,92,0,0,0.35,0.071
GHY,0.0024415703387684756,57,0,0,0.35,0.1223
GIB,-0.04619171847944362,38,0,0,0.7,0.343
GIBO,-0.277864372464019,9,1,9,0.7,
GIC,0.017238078469583175,61,1,2,0.1,0.1094
GIFT,-0.008085319840610155,54,1,1,0.25,0.3058
GIGM,-0.029715942245037708,43,1,3,0.55,0.2075
GIII,0.06776520560895008,73,0,0,0.25,0.0614
GIL,-0.13140114482201037,23,1,14,0.8,0.3443
GILD,0.0023145775060331095,57,0,0,0.8,0.1924
GILT,-0.31846294149783655,6,1,26,1.0,0.4285
GIPR,-0.35645518849253277,5,1,28,1.0,
GIS,0.0651968918325433,72,0,0,0.25,0.2969
GITS,0.03944371032011973,66,0,0,0.3,
GIW,-0.027533217080360262,44,1,6,0.55,0.1477
GIWWU,-0.0235692239603425,47,1,5,0.5,0.1593
GKOS,0.18260838837944132,88,0,0,0.0,0.0
GL,0.1315713599097179,83,0,0,0.0,0.0376
GLAD,-0.014826823851815774,51,0,0,0.35,0.1204
GLAS,0.09014380353110199,77,1,2,0.2,0.15
GLBE,0.11378914556540926,81,0,0,0.1,0.1803
GLBS,0.2962907944950661,93,0,0,0.0,0.1156
GLDG,-0.2401623848107003,11,1,54,1.0,0.6128
GLE,0.027574062942898145,64,1,3,0.65,
GLIBA,-0.1548678465721448,19,0,0,0.8,0.48
GLIBK,-0.16382391987062772,18,0,0,0.85,0.4851
GLMD,-0.13585608184693182,22,1,3,0.95,0.3886
GLNG,-0.09573713741839353,28,1,9,0.95,0.2238
GLO,0.004627761585839184,57,1,1,0.35,0.0573
GLOB,-0.26094461390053425,10,1,23,1.0,0.5803
GLOO,-0.38559473918765697,4,1,41,1.0,0.5533
GLP,-0.02323406368307416,47,0,0,0.5,0.1086
GLPI,-0.06779048153036948,34,1,6,0.75,0.1697
GLQ,0.011807963821799404,60,1,1,0.35,0.0274
GLRE,-0.027524742305135044,44,1,5,0.7,0.207
GLSI,-0.22265264714220107,13,1,3,0.85,0.4881
GLU,-0.029522763831606347,43,0,0,0.6,0.1653
GLUE,0.33597496259577053,94,0,0,0.3,0.1157
GLV,0.03289099199849704,65,0,0,0.0,0.0307
GLW,0.03258816454961244,65,1,3,0.45,0.2815
GLXG,0.015839220903862583,61,1,10,0.65,
GLXY,-0.0828372959401282,31,1,9,0.45,0.3368
GM,-0.06992020308975103,33,1,13,0.65,0.1938
GMAB,0.08504370126554331,76,0,0,0.45,0.2417
GME,-0.06766162029773427,34,1,1,0.55,0.2055
GMED,-0.10001778770040035,28,1,5,0.65,0.2525
GMEX,-0.84077244684406,0,1,80,1.0,0.9893
GMHS,-0.048183128105368386,37,0,0,0.55,0.2226
GMM,-0.8197272880184006,0,1,31,1.0,
GNE,-0.012361642527355818,52,1,1,0.3,0.1336
GNK,0.0004520118733417483,56,0,0,0.6,0.0813
GNL,-0.06524482637983403,34,1,15,0.75,0.1685
GNLN,-0.3303231302793363,6,1,38,1.0,0.8343
GNLX,-0.011944299876014797,52,0,0,0.45,0.0905
GNPX,-0.3262941379687853,6,1,1,0.95,0.8351
GNRC,-0.09996032493630469,28,1,4,0.45,0.2154
GNS,-0.3763857497584161,4,1,21,1.0,0.7264
GNSS,-0.1653443624930103,18,1,22,1.0,0.3461
GNT,-0.04499600391418203,38,1,6,0.6,0.1539
GNTA,0.5753165781593743,97,1,2,0.1,
GNTX,-0.014076075573910007,51,1,5,0.25,0.1191
GNW,0.07524964183175073,74,0,0,0.1,0.0393
GO,0.2483920567236444,91,0,0,0.0,0.0992
GOF,-0.03286372191219593,41,1,2,0.7,0.1608
GOGO,-0.18300015694746527,16,1,1,0.9,0.3986
GOLD,0.004704114868529584,58,0,0,0.35,0.3707
GOLF,0.21842484504011134,90,0,0,0.0,0.0539
GOOD,-0.015516668348639896,50,0,0,0.5,0.0771
GOODN,-0.011116751046143191,52,0,0,0.4,0.1337
GOOG,-0.012168703664884904,52,0,0,0.9,0.1018
GOOGL,-0.011485461178692855,52,0,0,0.9,0.0995
GOOS,-0.11182953145487957,26,1,6,0.9,0.3491
GORO,-0.025538598844591483,46,0,0,0.5,0.3062
GOSS,-0.2736514676861175,9,1,1,0.95,
GOTU,-0.055840505433167195,36,0,0,0.5,0.3858
GOVX,-0.25911950964708924,10,1,24,1.0,
GP,0.41993507614509623,96,0,0,0.05,
GPACU,-0.030239436071291925,42,1,5,0.5,0.1526
GPAT,-0.029443074683340252,43,1,5,0.5,0.1571
GPATU,-0.04753493661857794,38,1,5,0.75,0.1525
GPC,0.23382352481619667,91,0,0,0.05,0.2027
GPCR,0.3237131776426441,94,0,0,0.05,0.4494
GPGI,0.09616437373321157,78,0,0,0.2,0.451
GPI,-0.10611425086127446,27,1,8,0.7,0.3333
GPK,-0.016175136561999603,50,1,2,0.3,0.3791
GPMT,-0.01749207723279109,50,0,0,0.45,0.4389
GPN,0.11683409186882093,81,0,0,0.55,0.1309
GPOR,-0.12840178203891936,23,1,2,0.9,0.3488
GPRE,-0.053336251267727175,36,0,0,0.65,0.2087
GPRK,-0.08577532839122372,30,1,15,0.75,0.1725
GPRO,-0.35927573847582556,5,1,25,1.0,0.6105
GPUS,-0.19455278814280047,15,1,9,0.5,
GRAB,0.07575579019846966,74,0,0,0.45,0.2613
GRAF,-0.03303823778285357,41,1,6,0.5,0.1507
GRAL,0.12876225014280673,83,0,0,0.4,
GRAN,0.3651910428347132,95,0,0,0.2,0.6964
GRBK,0.0738823543821239,74,1,1,0.05,0.1581
GRC,0.043220616668055545,67,1,3,0.15,0.1372
GRCE,-0.06170817674054367,35,0,0,0.6,0.5719
GRDN,-0.013548843244714656,51,1,2,0.3,0.1082
GRDX,0.2573162267288982,92,1,11,0.7,0.3527
GREE,0.40856466296262967,95,0,0,0.15,0.0
GRF,-0.017356908298652652,50,0,0,0.45,0.1694
GRFS,-0.10870001786462008,26,1,31,1.0,0.3136
GRI,-0.21727017832246984,13,1,12,0.65,0.7889
GRML,-0.3871378136451932,4,1,40,1.0,
GRMN,0.007951087814072333,59,0,0,0.6,0.126
GRND,0.2948178025397478,93,0,0,0.25,0.0331
GRNQ,-0.32064116270726645,6,1,6,0.9,0.5958
GRNT,-0.2070440363796711,14,1,17,0.95,0.3559
GRO,-0.21684952086875178,13,1,48,1.0,0.4865
GROV,-0.04916262428074582,37,1,2,0.25,0.2862
GROW,0.08988244801250227,77,1,2,0.1,0.2249
GROY,-0.22854822466117963,12,1,36,1.0,0.5415
GRPN,0.6705953726461733,98,0,0,0.55,0.0
GRRR,0.10824368673262466,80,1,1,0.25,0.178
GRVY,-0.005524564442688548,54,1,2,0.5,0.2188
GRWG,0.028159997445310482,64,1,3,0.85,0.1776
GRX,0.057199617740347986,71,0,0,0.15,0.0797
GS,0.025330148655927157,63,1,1,0.3,0.065
GSAT,-0.03463905073334522,41,1,5,0.85,0.0983
GSBC,0.08205158986187136,76,0,0,0.0,0.0475
GSBD,-0.04541719036759204,38,1,2,0.15,0.1156
GSHD,0.38555658361608947,95,0,0,0.4,0.3182
GSHR,-0.024861520181427166,46,1,5,0.5,0.1513
GSHRU,-0.024122859981865377,47,1,5,0.6,0.1521
GSIT,-0.21745672736643448,13,1,22,1.0,0.4798
GSIW,0.13032804939501222,83,0,0,0.55,
GSK,-0.0020269922029345286,56,0,0,0.25,0.1906
GSL,-0.030355303386883758,42,0,0,0.6,0.1262
GSM,-0.22409436019224444,12,1,23,1.0,0.4144
GSRF,-0.02717602468898993,45,1,5,0.5,0.1501
GSRFU,-0.030817964534032627,42,1,5,0.5,0.1503
GSUN,-0.2718225492233609,9,1,9,0.7,0.7733
GT,0.09134837945479767,77,0,0,0.25,0.3881
GTBP,0.018749543267362806,62,1,1,0.2,0.4326
GTE,-0.3109237512758688,7,1,32,1.0,0.4307
GTEC,-0.2002613231060458,14,1,3,0.8,0.6578
GTEN,-0.01485506016199821,51,0,0,0.45,0.1289
GTENU,-0.013427167170207543,51,0,0,0.35,0.1313
GTERA,-0.03069995324216318,42,1,5,0.5,0.1528
GTERU,-0.029270770761719033,43,1,5,0.45,0.1614
GTES,0.018366992325469025,61,1,4,0.2,0.1527
GTIM,0.09180467139461981,77,0,0,0.2,0.0176
GTLB,0.17502064186031835,88,0,0,0.4,0.2132
GTLS,-0.025208833634053275,46,1,5,0.55,0.1468
GTM,-0.3025196941994691,7,1,40,1.0,0.7408
GTN,-0.15344175896409573,20,1,2,0.85,0.3969
GTX,0.17958461047058355,88,1,4,0.2,0.111
GTY,0.04605361477735348,68,0,0,0.25,0.0706
GUG,-0.008743664762294323,53,1,2,0.4,0.0813
GURE,-0.22101754507166926,13,1,17,0.9,0.6064
GUT,0.08790535757681477,77,0,0,0.05,0.0011
GUTS,0.20135515932552922,89,1,1,0.55,
GV,-0.15682656190677802,19,1,24,1.0,
GVA,0.019163928569909602,62,1,3,0.15,0.1235
GVH,-0.09424547679804551,29,1,2,0.85,0.386
GWAV,-0.19857860430480284,15,1,12,0.95,0.5241
GWH,-0.33188832641252175,6,1,3,0.8,0.6351
GWRE,-0.10091232389004962,27,0,0,0.75,0.3166
GWRS,-0.06338114693140749,34,1,2,0.55,0.2966
GWW,0.09530635136224813,78,0,0,0.0,0.031
GXAI,-0.18917043267737152,15,1,17,0.9,0.4909
GXO,-0.0039612679629719046,55,0,0,0.45,0.2823
GYRE,0.00012423743383700725,56,0,0,0.45,0.2693
GYRO,-0.15035346705748215,20,1,72,1.0,0.3931
H,0.10019632019469354,79,1,5,0.25,0.0543
HAE,0.16273411691489528,86,0,0,0.0,0.1827
HAFC,0.056727281671651086,70,0,0,0.0,0.04
HAFN,-0.1338604242615569,22,1,9,0.95,0.2672
HAIN,-0.2475811980647352,11,1,22,1.0,0.5702
HAL,-0.2017908804825796,14,1,17,0.9,0.2929
HALO,0.16642109086395965,87,0,0,0.2,0.0793
HAO,-0.5653356927267259,1,1,69,1.0,
HAPN,0.12828957843767605,83,0,0,0.0,0.1722
HAS,-0.16650725801284583,18,1,6,0.9,0.3287
HASI,-0.09230129767317538,29,1,6,0.8,0.1446
HAVA,-0.030534023126349574,42,1,5,0.5,0.1534
HAVAU,-0.02672261799799368,45,1,5,0.45,0.151
HAYW,0.1273263829552313,83,0,0,0.0,0.1077
HBAN,0.07659261816040433,75,0,0,0.0,0.1299
HBANL,-0.022631392351214873,47,1,6,0.6,0.1326
HBANM,-0.06155863288811806,35,1,6,0.95,0.185
HBANP,-0.04765332817367031,38,1,6,0.95,0.173
HBB,0.0530266912640608,69,0,0,0.05,0.0745
HBCP,0.0362955069290361,66,0,0,0.05,0.0439
HBIO,0.018026831350841925,61,0,0,0.4,0.1036
HBM,-0.18785405800524527,16,1,10,0.65,0.3147
HBNB,-0.10513492750490276,27,0,0,0.9,0.4634
HBNC,0.05113994906909823,69,0,0,0.0,0.0488
HBT,0.1175335876149014,81,0,0,0.0,0.0181
HCA,0.02435970578267868,63,0,0,0.5,0.2981
HCACU,-0.04494364761424815,38,1,5,0.5,0.165
HCAI,0.15303021474575879,85,0,0,0.45,
HCAT,0.3704198669111153,95,0,0,0.0,0.1514
HCC,-0.2325810246544636,12,1,15,0.85,0.3363
HCHL,0.596164702002751,97,0,0,0.0,
HCI,0.15263423628756237,85,0,0,0.0,0.0696
HCKT,-0.1450005434499381,21,1,3,0.85,0.5079
HCM,-0.1440036736450473,21,0,0,0.85,0.3714
HCMA,-0.019841568815424017,49,1,6,0.5,0.1361
HCMAU,-0.020521175253672353,48,1,6,0.45,0.1422
HCSG,0.15933181112497752,86,0,0,0.05,0.034
HCTI,-0.2810638637111901,8,1,16,0.9,0.9498
HCWB,0.2608158367398857,92,1,20,1.0,
HCWC,-0.3356246573714155,6,1,21,1.0,0.4769
HD,0.06324733142223793,72,0,0,0.05,0.194
HDB,0.07033651920916727,73,0,0,0.2,0.2805
HDL,-0.13162286874231605,23,1,14,0.9,0.3635
HDRN,-0.5765560919012502,1,1,64,1.0,0.8407
HDSN,0.06081289359729569,71,0,0,0.05,0.2417
HE,-0.10289867242055863,27,1,2,0.8,0.2917
HEI,0.15071681159608966,85,0,0,0.0,0.0788
HELE,0.23825132934964294,91,0,0,0.2,0.0708
HELP,0.22308602527018123,90,0,0,0.35,0.3557
HEPS,0.0700702317484289,73,0,0,0.1,0.1037
HEQ,-0.02632576634562095,45,1,3,0.55,0.0782
HERE,-0.3374565939510954,6,1,5,0.95,0.6501
HERZ,-0.04732492759493645,38,1,1,0.85,0.2026
HESM,-0.019592938959139262,49,0,0,0.55,0.1504
HFBL,0.17900544081604847,88,0,0,0.2,0.0
HFFG,-0.040704170971464046,39,0,0,0.8,0.2292
HFRO,0.1660002109696671,87,0,0,0.0,0.0092
HFWA,0.047768009195875955,68,0,0,0.1,0.0494
HG,0.10698986248599979,80,0,0,0.0,0.0267
HGBL,-0.0877844866732175,30,1,16,0.8,0.235
HGLB,-0.07628065730520076,32,1,84,1.0,0.2109
HGTY,0.13854086345863692,84,0,0,0.1,0.157
HGV,0.06550734709787089,72,1,2,0.2,0.0867
HHH,0.11334828080861514,81,0,0,0.0,0.198
HHS,-0.13441897282701004,22,1,43,1.0,0.3283
HIFS,-0.008618595220391937,53,1,1,0.3,0.1931
HIG,0.032006736234961586,65,0,0,0.45,0.1244
HIHO,0.05798384947278476,71,0,0,0.3,0.395
HII,-0.1318953043367008,23,1,63,1.0,0.415
HIMS,0.3802762243217116,95,0,0,0.0,0.0506
HIMX,-0.05934660182480786,35,1,19,0.95,0.4053
HIND,-0.03252506012325157,41,1,1,0.6,0.4154
HIO,-0.013460028248872612,51,1,1,0.3,0.1045
HIPO,0.07076135236243097,73,0,0,0.35,0.1748
HIT,-0.16321513720875133,18,1,3,0.85,0.5436
HITI,-0.08609425887722227,30,1,3,0.85,0.2356
HIVE,-0.010727684294228587,52,1,6,0.5,0.3539
HIW,0.24245598681814157,91,0,0,0.0,0.0
HIX,-0.010255931660789627,53,1,2,0.2,0.1151
HKD,-0.1631678560428916,18,1,22,1.0,0.2088
HKIT,5.99702805316645,99,0,0,0.9,
HKPD,-0.26686396606079404,10,1,1,0.9,0.5419
HL,-0.13441499477120303,22,1,1,0.85,0.5513
HLF,-0.029910470710876234,42,0,0,0.55,0.3972
HLI,-0.06510088735640063,34,1,1,0.95,0.3357
HLIO,0.029649965936507483,64,1,4,0.2,0.154
HLIT,0.05427075730038561,70,1,3,0.25,0.2142
HLLY,-0.17677304736660648,17,1,5,0.9,0.4837
HLMN,-0.006873232316958654,54,1,2,0.15,0.3387
HLN,0.038713999091834636,66,0,0,0.35,0.1935
HLNE,-0.10821333838679945,26,1,1,0.9,0.5132
HLP,0.23178050763370384,90,0,0,0.7,0.3723
HLT,0.020824201768513392,62,0,0,0.3,0.059
HLX,-0.15163800732512583,20,1,16,0.85,0.2722
HMC,0.06985851807343398,73,0,0,0.25,0.2022
HMN,0.1646592416510262,87,0,0,0.0,0.0039
HMR,-0.0037600155463160534,55,1,4,0.7,0.3246
HMY,-0.09490120533733201,28,1,1,0.7,0.4423
HNGE,0.6698460207907231,98,0,0,0.0,0.0
HNI,0.22670818959123867,90,0,0,0.05,0.2825
HNNA,0.019482424413251792,62,0,0,0.4,0.0939
HNRG,-0.16659200359906404,18,1,6,0.65,0.3127
HNST,0.19151590360651394,88,0,0,0.05,0.0
HNVR,-0.028231410322914208,44,1,3,0.5,0.1174
HOFT,0.1934977729991586,89,1,1,0.2,0.1279
HOG,0.06259530533019743,72,0,0,0.25,0.0101
HOLO,-0.19504650192235462,15,1,23,1.0,0.5306
HOMB,0.03599605980163381,65,0,0,0.0,0.1281
HON,-0.04163445685560796,39,1,6,0.55,0.2057
HOOD,0.36903773085674185,95,0,0,0.0,0.1335
HOPE,0.050159234614727016,69,0,0,0.0,0.0462
HOUR,-0.1191654344975486,25,1,9,0.75,0.2993
HOV,0.12147533172309466,82,1,2,0.15,0.1602
HOVR,-0.21517498153062156,13,1,25,1.0,0.4456
HOWL,-0.4131465369994038,3,1,51,1.0,0.7093
HP,-0.21657801978600413,13,1,15,0.8,0.2593
HPAI,-0.4554866564543056,3,1,82,1.0,0.8428
HPE,0.1628064884785141,86,1,7,0.35,0.2133
HPF,-0.012420226068201711,52,0,0,0.45,0.0869
HPI,-0.006711980809456661,54,0,0,0.15,0.0822
HPK,-0.15424472118927837,20,1,12,0.7,0.2666
HPP,0.5705632188752001,97,0,0,0.0,0.0552
HPQ,-0.01647315279349225,50,1,15,0.75,0.1985
HPS,-0.023421282259776077,47,0,0,0.45,0.0971
HQH,0.13056581717437357,83,0,0,0.25,0.0043
HQI,0.004493667050264216,57,1,3,0.45,0.1567
HQL,0.17167949058478238,87,0,0,0.35,0.0
HQY,0.11486457618239906,81,0,0,0.4,0.097
HR,0.050751523700763274,69,0,0,0.3,0.0233
HRB,0.14010320830749082,84,0,0,0.45,0.1747
HRI,0.02323434834682441,63,1,5,0.25,0.3192
HRL,0.08017887220239123,75,0,0,0.05,0.1121
HRMY,0.17813251676426484,88,0,0,0.0,0.0836
HROW,0.23643735002915856,91,0,0,0.1,0.2227
HRTG,0.09304088982852102,78,0,0,0.3,0.1511
HRTX,-0.3809523459098317,4,1,39,1.0,0.7376
HRZN,0.03175725686851129,65,0,0,0.25,0.3181
HSAI,-0.2519878570882619,11,1,3,0.9,0.4885
HSBC,0.06007863011603955,71,0,0,0.2,0.0229
HSCS,0.36357074971510833,95,0,0,0.5,
HSDT,0.07305239986411963,74,0,0,0.7,0.5158
HSHP,0.023073978654348112,63,0,0,0.55,0.0614
HSIC,0.11804808292193308,81,0,0,0.0,0.0473
HST,0.055958023141727486,70,1,4,0.2,0.0567
HSTM,0.15940785064985846,86,0,0,0.0,0.0167
HSY,-0.09366377457817031,29,1,2,0.8,0.3152
HTB,0.03301267235166988,65,0,0,0.0,0.0379
HTCO,-0.1575622078690509,19,1,16,0.95,
HTCR,-0.18257494877636435,16,1,6,0.7,0.5563
HTD,-0.013418996023280484,51,0,0,0.45,0.1085
HTFL,-0.0761990339056807,32,1,5,0.35,0.3243
HTGC,-0.004396856142891446,55,0,0,0.4,0.1781
HTH,0.006839318450326759,58,1,2,0.2,0.1204
HTHT,-0.1371389370894116,22,1,53,1.0,0.2926
HTLD,0.06951286214387359,73,1,4,0.45,0.0953
HTLM,0.11762334521492696,81,0,0,0.4,0.3506
HTO,0.04669526595663025,68,0,0,0.4,0.1102
HTOO,-0.16163434752638328,19,1,23,1.0,0.5085
HTT,-0.055262698544818536,36,1,8,0.4,0.2695
HTZ,-0.6449035884259915,1,1,41,1.0,0.7458
HUBB,-0.0636992087127091,34,1,4,0.4,0.1878
HUBC,-0.800498577213659,0,1,118,1.0,
HUBG,0.0740915355875308,74,0,0,0.15,0.1963
HUBS,-0.15017254934380064,20,0,0,0.85,0.4952
HUDI,-0.17808652698309735,17,1,34,1.0,0.45
HUHU,-0.19634930225030378,15,1,6,0.65,0.3623
HUIZ,-0.2682829486133753,10,1,29,1.0,0.5453
HUM,0.46059923482698467,96,0,0,0.0,0.0387
HUMA,-0.28104206094886386,9,1,17,0.85,0.4775
HUN,-0.24980078969181735,11,1,14,0.75,0.3065
HURA,0.07670595740966027,75,1,2,0.6,
HURC,0.2843977088060241,93,0,0,0.0,0.0527
HURN,-0.1363054243608077,22,0,0,0.85,0.4743
HUT,0.09598515737379393,78,1,5,0.3,0.2631
HUYA,-0.15678202106689565,19,1,1,0.85,0.5296
HVII,-0.027744243537200675,44,1,6,0.55,0.148
HVIIU,-0.026697509334085167,45,1,5,0.5,0.1451
HVMC,-0.02718814295078059,45,1,6,0.55,0.1461
HVMCU,-0.03366882887014896,41,1,5,0.5,0.1602
HVT,0.12835044533084544,83,0,0,0.0,0.1433
HWBK,0.06589816462992931,72,1,2,0.15,0.0868
HWC,0.07575828083451476,74,0,0,0.0,0.0733
HWH,0.06953075941096887,73,1,3,0.35,0.4299
HWKN,-0.1591197565829147,19,1,6,0.45,0.2415
HWM,0.0925867609419973,78,0,0,0.15,0.0509
HXHX,0.055637112598478575,70,0,0,0.55,
HXL,0.10120686970426535,79,0,0,0.0,0.0331
HY,-0.16266351258316794,18,1,6,0.5,0.2732
HYFM,-0.19211322318101173,15,1,12,0.95,0.584
HYFT,0.004434487692674072,57,1,1,0.55,0.5018
HYI,-0.023013022336605304,47,1,2,0.3,0.1209
HYLN,0.23486246218860457,91,1,10,0.5,0.5006
HYMC,-0.37053203499779186,4,1,36,1.0,0.6444
HYNE,0.02471968068912095,63,0,0,0.05,0.061
HYPD,-0.2676996035087205,10,1,8,0.75,0.4087
HYPR,-0.19859338730588116,15,1,6,0.7,0.3728
HYT,-0.02476087304628206,46,1,5,0.45,0.1033
HZO,0.09507233974141582,78,0,0,0.25,0.0806
IAE,0.009210449468477211,59,1,4,0.25,0.0517
IAF,-0.030245938486991742,42,1,6,0.7,0.1671
IAG,-0.11192080003076878,26,1,2,0.8,0.4102
IART,0.23512070667065693,91,1,1,0.05,0.0926
IAUX,-0.12545050802431212,24,1,2,0.75,0.3814
IBAC,-0.03405930338620514,41,1,6,0.55,0.1515
IBCP,0.023026019014839902,63,0,0,0.25,0.1113
IBEX,0.11619622396178769,81,0,0,0.55,0.2196
IBG,-0.05736117627013927,36,1,5,0.4,
IBIO,-0.16848958129556643,18,1,3,0.75,0.5251
IBKR,0.12354710182246562,82,0,0,0.1,0.0276
IBM,0.12780230041463556,83,0,0,0.35,0.0884
IBN,0.10583411218504055,80,0,0,0.05,0.1392
IBO,-0.2809842369335589,9,1,12,0.75,
IBOC,0.02777034881230766,64,0,0,0.1,0.0669
IBP,-0.08152381836269193,31,1,1,0.5,0.4087
IBRX,0.1616523129769779,86,0,0,0.45,0.3065
IBTA,-0.03450494777989062,41,0,0,0.55,0.1236
ICCC,0.15226996834834472,85,0,0,0.2,0.0625
ICCM,-0.3940067254923583,4,1,6,0.65,
ICE,-0.12207070434053632,24,0,0,0.95,0.2777
ICFI,0.06356239965658077,72,0,0,0.25,0.2714
ICG,-0.07656750799827662,32,0,0,0.85,0.5802
ICHR,0.29713155482480336,93,1,1,0.1,0.2438
ICL,-0.1597350403784098,19,1,24,1.0,0.2813
ICLR,0.24380170684450064,91,0,0,0.0,0.1777
ICMB,-0.34703055715729697,5,1,8,0.95,0.7205
ICON,-0.2335034042284724,12,1,2,0.9,0.749
ICU,0.34208894813381613,94,0,0,0.65,0.027
ICUI,0.19341797645822126,88,0,0,0.05,0.1017
IDA,0.03826839269408727,66,0,0,0.15,0.0951
IDAI,-0.1645437073882371,18,0,0,0.75,0.5365
IDCC,-0.040279950089915785,39,1,1,0.35,0.3332
IDE,-0.015312233596404167,51,1,2,0.55,0.1054
IDN,-0.2738726588560627,9,1,6,0.95,0.5504
IDR,-0.2160876651651975,13,1,13,0.9,0.4084
IDT,0.11370389903417591,81,0,0,0.2,0.0
IDXX,-0.02706274892006798,45,0,0,0.55,0.2724
IDYA,0.3323641504480438,94,0,0,0.2,0.0
IE,-0.3299509388353151,6,1,23,1.0,0.578
IEP,-0.06431005190014763,34,1,42,1.0,0.1307
IESC,-0.09693296109901639,28,1,4,0.3,0.2192
IEX,0.022245044088635937,62,1,1,0.05,0.0577
IFBD,0.16122266071515506,86,0,0,0.25,0.0988
IFF,0.10610978335844104,80,0,0,0.05,0.0958
IFN,0.021452104947362084,62,0,0,0.25,0.1981
IFRX,0.26914115294572905,92,0,0,0.55,0.2253
IFS,0.20261937018625217,89,0,0,0.05,0.0083
IGA,-0.005837475536467861,54,0,0,0.3,0.0882
IGAC,-0.02689715918077239,45,1,6,0.55,0.145
IGACU,-0.0294158540967693,43,1,5,0.5,0.1581
IGC,-0.08746897444373825,30,1,2,0.9,0.2464
IGD,0.01118118213167,60,0,0,0.5,0.0438
IGI,-0.026765605428036708,45,1,5,0.55,0.1344
IGIC,0.09340590390360648,78,0,0,0.25,0.0178
IGR,0.0006476918348311267,56,0,0,0.4,0.1116
IH,-0.16028493851469575,19,1,1,0.95,0.3452
IHD,-0.024302202877432164,47,1,4,0.3,0.0567
IHG,0.08744983255510087,77,1,2,0.15,0.0602
IHRT,-0.11031696200800192,26,1,2,0.7,0.388
IHS,-0.04695163794111599,38,1,6,0.55,0.1652
IHT,0.28995020854839565,93,0,0,0.15,0.1
IIF,0.03348706090339376,65,0,0,0.1,0.1519
III,-0.067230251425343,34,1,6,0.9,0.3795
IIIN,-0.021175468871410034,48,1,2,0.1,0.2965
IIIV,-0.01873865525995071,49,0,0,0.35,0.2799
IIM,0.02892001441057264,64,0,0,0.05,0.1015
IIPR,0.08696370974004863,77,0,0,0.0,0.0283
IKT,0.13184276054592903,83,0,0,0.4,0.1167
ILAG,0.06341209293773344,72,0,0,0.5,0.128
ILLR,0.05674032250406852,70,0,0,0.5,
ILMN,0.2510772763395813,92,0,0,0.0,0.0085
ILPT,0.11786212448800734,81,1,2,0.3,0.0944
IMA,0.0792247887959786,75,0,0,0.35,0.256
IMAX,-0.04884846925949764,37,1,7,0.35,0.2014
IMCC,-0.500973381854442,2,1,19,0.95,0.9013
IMCR,0.10391364977551079,79,0,0,0.4,0.137
IMDX,-0.04148703264854943,39,1,2,0.65,0.397
IMKTA,0.0033930832624757684,57,0,0,0.45,0.1357
IMMP,0.0813445857266667,76,0,0,0.65,
IMMR,-0.005761840347001477,54,1,1,0.1,0.1087
IMMX,0.3375034548008676,94,0,0,0.35,0.0354
IMNM,0.130045500541553,83,0,0,0.5,0.1704
IMNN,-0.23364933727171247,12,1,1,0.95,0.5366
IMO,-0.13080891113949894,23,1,32,1.0,0.2459
IMOS,0.2185008086563513,90,0,0,0.25,0.0878
IMPP,-0.055159071016152736,36,1,9,0.7,0.1472
IMPPP,-0.018234292929828866,49,1,1,0.35,0.1541
IMRN,0.2400784936284161,91,0,0,0.65,0.1301
IMRX,0.011271891015431877,60,0,0,0.5,0.2137
IMSR,-0.25034847195607096,11,1,9,0.8,0.5876
IMTE,-0.015390656067543675,51,0,0,0.7,0.4956
IMTX,-0.0492750118654304,37,0,0,0.75,0.1596
IMUX,0.1699690019881248,87,0,0,0.15,0.0469
IMVT,0.33437135398543255,94,0,0,0.05,0.0
IMXI,-0.09147107159762494,29,1,5,0.95,0.2215
INAB,-0.1274610118580962,23,1,8,0.95,0.5062
INAC,-0.02448642156769222,46,1,6,0.55,0.1495
INACU,-0.033407420155415125,41,1,5,0.45,0.1536
INBK,0.10102960414184264,79,0,0,0.0,0.0521
INBS,-0.13275070850478,23,1,32,1.0,0.8851
INBX,0.07086344008160157,73,0,0,0.85,0.3047
INCR,0.018875602088122542,62,1,2,0.3,0.1886
INCY,0.16192600796370613,86,0,0,0.2,0.0004
INDB,0.05288144823764737,69,0,0,0.0,0.092
INDI,-0.055778730549618585,36,1,1,0.8,0.2234
INDO,-0.10896287678387084,26,0,0,0.8,0.6098
INDP,-0.06388112621833802,34,1,6,0.4,
INDV,0.08963475306823884,77,0,0,0.0,0.0483
INEO,0.17263205492273964,87,0,0,0.35,0.1822
INFU,-0.022837158118959464,47,0,0,0.45,0.151
INFY,-0.13005331558735192,23,1,23,1.0,0.4535
ING,0.08129922809192563,76,0,0,0.25,0.0172
INGM,-0.08761784987475385,30,1,14,0.7,0.1714
INGN,-0.03114697057190765,42,1,1,0.6,0.1691
INGR,-0.0809936447535643,31,1,17,0.95,0.2491
INHD,22.670068526397408,99,0,0,0.05,
INKT,-0.15511213583074956,19,1,8,0.5,0.2965
INLF,0.2870421281104025,93,0,0,0.7,
INLX,-0.1422837052067904,21,1,2,0.75,0.3547
INM,0.6595287023051211,98,0,0,0.0,
INMB,0.2330020653444878,91,0,0,0.4,0.1056
INMD,0.015468241305662031,61,0,0,0.5,0.1906
INN,0.18993112135759407,88,1,2,0.1,0.105
INNV,0.5071141578418752,97,0,0,0.05,0.0334
INO,0.02080187504714205,62,0,0,0.85,0.4146
INOD,0.06754145092552649,73,1,12,0.6,
INR,-0.18539257666822007,16,1,43,1.0,0.4409
INSE,-0.007985052639018452,54,1,4,0.3,0.2909
INSG,-0.4715613295273459,2,1,23,1.0,0.6124
INSM,-0.11504677590742154,25,0,0,0.5,0.4079
INSP,0.05655546980119136,70,0,0,0.55,0.53
INSW,0.08667961000097196,77,0,0,0.2,0.0707
INTA,0.12252023472258944,82,0,0,0.35,0.4142
INTC,0.2014432512501795,89,1,3,0.2,0.2202
INTG,0.17070934725376985,87,0,0,0.3,0.1202
INTJ,-0.5559079158782079,1,1,32,1.0,0.6883
INTR,-0.18579849675041704,16,1,60,1.0,0.4871
INTS,0.015200602934737725,61,0,0,0.65,0.5959
INTT,-0.14161399102159972,21,1,3,0.45,0.2521
INTU,-0.22086545041052136,13,1,33,1.0,0.6029
INTZ,0.06911761523515993,73,0,0,0.65,0.4651
INUV,-0.3848809551780895,4,1,73,1.0,0.7316
INV,-0.27354968396218715,9,1,11,0.9,0.3877
INVA,-0.043287404572090106,39,1,5,0.4,0.1813
INVE,-0.4231774886699512,3,1,21,1.0,0.5096
INVH,0.04314909884279666,67,0,0,0.25,0.0334
INVX,-0.14441144573304845,21,1,15,0.75,0.2419
INVZ,-0.06699199296741681,34,0,0,0.7,0.4745
IONQ,-0.0941545549246145,29,1,9,0.85,0.3649
IONR,-0.043189874371375704,39,1,1,0.6,0.4031
IONS,0.11766846208772938,81,0,0,0.3,0.083
IOR,-0.010967198282152278,52,0,0,0.45,0.1478
IOSP,0.018676380536667148,62,1,2,0.35,0.1398
IOT,0.07184287024366233,74,0,0,0.45,0.0807
IOTR,-0.17625239795013703,17,1,11,0.6,
IOVA,0.05477087184917698,70,0,0,0.25,0.2745
IP,0.10903942459445959,80,0,0,0.05,0.2835
IPAR,0.33475267574092443,94,0,0,0.0,0.0
IPCX,-0.027385025720075652,44,1,6,0.55,0.1454
IPCXU,-0.014651538511952236,51,1,4,0.4,0.141
IPDN,-0.21579603856343238,13,1,3,0.8,0.7355
IPEX,-0.026620522028777883,45,1,5,0.5,0.1513
IPEXU,-0.019663895755443972,49,1,5,0.5,0.1978
IPGP,-0.14505426996965812,21,1,3,0.65,0.4308
IPHA,0.17785640744952408,88,0,0,0.15,
IPI,-0.13248155613848964,23,1,32,1.0,0.3637
IPM,-0.1358388181346937,22,1,21,1.0,0.2962
IPSC,0.005248706971871665,58,1,1,0.25,0.291
IPST,-0.5074826437433723,2,1,33,1.0,
IPW,-0.6601771739064892,1,1,122,1.0,0.9748
IPWR,-0.14119653760015316,21,1,21,1.0,0.4855
IPX,-0.29096406053932344,8,1,21,1.0,0.6057
IQ,-0.1739627261056743,17,1,1,0.9,0.5677
IQI,0.02136831115268943,62,0,0,0.0,0.0857
IQMX,0.13302484492789435,84,0,0,0.75,0.0689
IQST,-0.18353090851870058,16,1,5,0.6,0.6851
IQV,0.12182773972853292,82,0,0,0.3,0.2146
IR,0.024794766277329405,63,1,1,0.15,0.2756
IRD,-0.187548941925039,16,1,2,0.9,0.3407
IRDM,0.16336804871154262,86,0,0,0.5,0.0855
IREN,-0.2666383024871801,10,1,11,0.7,0.4148
IRHOU,-0.022816681415485707,47,1,5,0.45,0.1399
IRIX,-0.002373696141429772,55,1,3,0.15,0.3454
IRM,-0.09713965218865185,28,1,5,0.35,0.1479
IRMD,0.06342320198815789,72,0,0,0.25,0.1351
IRON,0.12386587473263866,82,0,0,0.1,0.1083
IRS,-0.02505863382141359,46,1,1,0.25,0.2248
IRT,0.04848776149543893,68,0,0,0.25,0.0691
IRTC,0.080453624362466,75,0,0,0.3,0.3937
IRWD,0.16443244161214482,87,0,0,0.25,0.2399
ISBA,-0.07098734150367668,33,1,2,0.75,0.2945
ISD,-0.02787867776901327,44,1,2,0.6,0.1717
ISOU,-0.19986509036146274,15,1,11,0.8,0.3368
ISPC,-0.45612383764859654,3,1,42,1.0,0.8684
ISPR,-0.35261969030051515,5,1,8,0.7,0.7248
ISRG,-0.050382359763798554,37,0,0,0.8,0.3301
ISSC,-0.09550131170163921,28,0,0,0.5,0.4663
ISTR,0.002543035170273822,57,1,3,0.15,0.1119
IT,-0.14303347878757272,21,0,0,0.9,0.4767
ITGR,-0.0020730696911098606,56,1,1,0.4,0.094
ITHAU,0.006848374548098363,58,0,0,0.35,0.1189
ITIC,0.1543218367057464,86,0,0,0.0,0.0943
ITOC,0.00032976733584376416,56,1,13,0.75,
ITP,-0.041909221449537445,39,1,16,0.85,0.2955
ITRG,-0.19074854267864821,15,1,10,0.75,0.5525
ITRI,-0.02700813082867556,45,0,0,0.5,0.2635
ITRN,-0.10839291589763995,26,1,9,0.45,0.1734
ITT,-0.10319399592035913,27,1,4,0.65,0.2313
ITUB,-0.0013802922133533263,56,0,0,0.3,0.1928
ITW,0.04215559640862926,67,0,0,0.0,0.1692
IVA,-0.0810780899640258,31,0,0,0.9,0.4152
IVDA,-0.08106778007009684,31,1,7,0.6,
IVF,-0.3053506862793174,7,1,3,0.75,
IVR,-0.024274410791443757,47,1,5,0.4,0.1627
IVT,0.08360185769048681,76,0,0,0.0,0.0297
IVVD,-0.2609375173893466,10,1,53,1.0,0.6673
IVZ,0.003152145778263442,57,1,1,0.5,0.13
IX,0.08029284358206562,75,0,0,0.2,0.0298
IXHL,0.09115295188735384,77,0,0,0.35,0.715
IZEA,-0.11474270556639889,25,1,4,0.9,0.2527
IZM,-0.1980723256382957,15,1,12,0.65,
J,-0.014826929461456417,51,0,0,0.1,0.2018
JACK,0.30155653668310123,93,0,0,0.15,0.3861
JACS,-0.025772271150016558,46,1,6,0.55,0.1469
JAGX,-0.29507519283233996,8,1,6,0.95,
JAKK,0.010838591730931484,59,1,2,0.35,0.0806
JANX,0.10781566448726443,80,0,0,0.35,0.0498
JAZZ,0.09789575588974125,78,0,0,0.35,0.0
JBDI,0.10109146656776702,79,1,1,0.35,0.4929
JBGS,-0.016211196143455463,50,0,0,0.45,0.2115
JBHT,0.04558185440681746,68,1,2,0.35,0.064
JBI,-0.006388312378376459,54,1,3,0.3,0.3525
JBIO,0.14372242771869637,85,0,0,0.45,0.2023
JBL,-0.07805927680375775,32,1,3,0.2,0.1744
JBLU,0.16245244305719803,86,0,0,0.15,0.1916
JBS,-0.1436416520914165,21,1,57,1.0,0.3649
JBSS,0.09814585503104803,78,0,0,0.05,0.0473
JBTM,0.0895419950372529,77,0,0,0.3,0.2222
JCAP,-0.0074753272769614645,54,1,1,0.45,0.2624
JCE,0.006012091219541306,58,0,0,0.4,0.0264
JCI,-0.05204873687583872,37,1,3,0.3,0.1121
JCSE,-0.012752977743920726,52,1,4,0.6,
JCTC,0.22887022040811417,90,0,0,0.2,0.079
JD,-0.11936844842351264,25,1,31,1.0,0.2232
JDZG,1.1717219221148198,98,0,0,0.0,
JEF,0.017074813059180544,61,1,8,0.4,0.2315
JELD,-0.26590797366056773,10,1,11,0.8,0.638
JEM,-0.1665939414793154,18,1,3,0.3,
JENA,-0.018237448608158867,49,0,0,0.45,0.1388
JF,-0.04215358779115548,39,1,2,0.2,0.2542
JFB,-0.24311512023194493,11,1,1,0.95,0.7382
JFIN,-0.34476979562091425,5,1,40,1.0,0.6138
JFR,0.005976580480624737,58,0,0,0.15,0.0839
JFU,-0.1791584443393676,17,1,31,1.0,0.6754
JG,-0.2981003542415709,8,1,67,1.0,0.505
JGH,-0.020491239374620683,48,1,6,0.45,0.0877
JHI,-0.006780768269287293,54,0,0,0.2,0.0986
JHS,-0.02714470727068078,45,1,5,0.55,0.1342
JHX,0.13851477587413907,84,0,0,0.0,0.1221
JILL,0.21923216994411915,90,0,0,0.0,0.177
JJSF,-0.04036720900103578,39,0,0,0.55,0.2813
JKHY,0.00809630622791209,59,0,0,0.65,0.2979
JKS,-0.2962108771216895,8,1,36,1.0,0.4755
JL,-0.14973271170983599,20,1,13,0.9,0.3087
JLHL,-0.7649872311711086,0,1,11,0.8,
JLL,0.05320014630657288,69,0,0,0.25,0.1448
JLS,-0.05747607773144727,35,1,17,0.95,0.1474
JMIA,-0.020584832344184945,48,1,1,0.65,0.564
JMM,-0.013498699159263286,51,0,0,0.25,0.1311
JMSB,0.004007761660512074,57,1,1,0.2,0.0927
JNJ,0.1328601919207852,84,0,0,0.15,0.0656
JOB,-0.1301894027904943,23,1,17,0.95,0.3236
JOBY,-0.20156602397158555,14,1,21,1.0,0.5158
JOE,-0.11419192172526946,25,1,6,0.45,0.2552
JOF,0.011537974421431216,60,1,1,0.15,0.1379
JOUT,-0.12719681622101037,23,1,6,0.5,0.2322
JOYY,0.09926439861069297,79,0,0,0.05,0.0456
JPC,-0.013326540652800378,51,0,0,0.5,0.1144
JPM,0.07574979272929577,74,0,0,0.0,0.0474
JQC,-0.015422898184320445,50,1,3,0.4,0.1149
JRI,0.003440934969580811,57,0,0,0.25,0.0841
JRS,0.058110826923878034,71,0,0,0.1,0.0182
JRSH,0.32917917028735794,94,0,0,0.0,0.0777
JRVR,-0.015433682565366244,50,0,0,0.5,0.4136
JSPR,-0.2421583772631133,11,1,43,1.0,0.7338
JTAI,-0.32175047971764065,6,1,2,0.75,0.964
JUNS,-0.30428887884045036,7,1,6,0.9,0.812
JVA,-0.278009438636918,9,1,21,1.0,0.3606
JWEL,-0.14329017418900436,21,1,8,0.5,0.279
JXG,1.1525478882751812,98,0,0,0.0,0.0148
JXN,-0.0003712337487640355,56,0,0,0.3,0.1585
JYD,-0.41907810010053065,3,1,33,1.0,
JYNT,0.023435921485173032,63,1,1,0.3,0.2173
JZ,6.270292434606341,99,0,0,0.9,
JZXN,0.09438343874710142,78,1,11,0.55,
KAI,-0.00995986048208003,53,1,1,0.6,0.205
KALA,-0.5789590753837317,1,1,8,0.75,0.9588
KALU,-0.021619892601045285,48,1,3,0.25,0.1279
KAPA,-0.3363404936220963,6,1,30,1.0,0.6596
KARO,0.14509329268604707,85,0,0,0.4,0.0069
KAZR,-0.26804324136412316,10,1,12,0.9,0.4585
KB,0.05280848176224985,69,0,0,0.65,0.0998
KBDC,-0.07339382879386316,33,1,17,0.95,0.1253
KBH,0.1254082363866142,82,0,0,0.0,0.1939
KBONU,-0.031956573198772306,41,1,6,0.55,0.152
KBR,-0.02558203847484336,46,0,0,0.5,0.2423
KBSX,-0.2706641306376778,9,1,17,0.85,0.4476
KC,-0.332888519546001,6,1,35,1.0,0.5089
KCHV,-0.02749266322309113,44,1,6,0.5,0.1471
KCHVU,-0.030047287403599954,42,1,5,0.4,0.1835
KD,-0.07823231681478279,32,0,0,0.8,
KDK,-0.3458007843532645,5,1,40,1.0,0.5421
KDP,0.06997681968982075,73,1,2,0.15,0.0808
KE,-0.08735884553024814,30,1,1,0.7,0.2783
KEEL,0.12948560949991555,83,1,5,0.25,0.34
KELYA,0.26174621324145514,92,0,0,0.1,0.0
KELYB,0.36512918971265795,95,0,0,0.45,
KEN,-0.2288541686064593,12,1,25,1.0,0.3181
KEP,-0.12609901188505265,24,1,12,0.85,0.51
KEQU,-0.0625560939472477,35,1,23,1.0,0.2267
KEX,-0.08894650664891256,29,1,15,0.9,0.167
KEY,0.052704915035930736,69,0,0,0.0,0.0657
KEYS,-0.11125581307369967,26,1,7,0.5,0.1757
KF,0.038246025109029635,66,1,4,0.45,0.1516
KFFB,0.08830955764082338,77,1,2,0.15,0.1048
KFII,-0.02474777224440027,46,1,6,0.55,0.1449
KFIIU,-0.053902041286467695,36,1,5,0.7,0.1514
KFRC,0.2820377979751302,93,0,0,0.15,0.0
KFY,0.045302648189472716,68,0,0,0.3,0.0316
KG,-0.08714322399588731,30,1,9,0.65,0.4042
KGC,-0.2143270085744297,13,1,13,0.95,0.4182
KGEI,-0.16440544500026422,18,1,17,0.95,0.2994
KGS,-0.009161951788577705,53,1,3,0.5,0.1306
KHC,0.08105694992913523,76,0,0,0.35,0.0778
KIDS,0.11180974545445924,81,0,0,0.0,0.0885
KIDZ,-0.8624781666204464,0,1,62,1.0,
KIM,0.040828163875585466,67,0,0,0.2,0.0476
KINS,0.3031275955772455,93,0,0,0.0,0.0
KIO,-0.003011347924217943,55,0,0,0.25,0.0784
KITT,-0.5041958950910843,2,1,81,1.0,0.9073
KKR,-0.045239572493799084,38,0,0,0.45,0.3451
KLAC,0.13126236083817464,83,1,3,0.15,0.2834
KLAR,0.223952085647382,90,0,0,0.1,0.4298
KLC,0.3571718204508663,95,0,0,0.05,0.0627
KLIC,0.1264024191926677,83,1,2,0.1,0.2109
KLRS,-0.08762669882801384,30,0,0,0.75,0.5994
KLTR,-0.09458379052542784,29,1,14,0.9,0.2715
KLXE,-0.2818392334463654,8,1,32,1.0,0.4249
KMB,0.16468998852612973,87,0,0,0.05,0.0488
KMDA,-0.09438948009824003,29,1,2,0.9,0.254
KMI,-0.02141951849101588,48,0,0,0.65,0.1849
KMPR,0.05010638309100593,69,0,0,0.55,0.3038
KMRK,-0.4544718186847892,3,1,46,1.0,0.7598
KMT,-0.07336857946640223,33,1,6,0.5,0.2685
KMTS,0.3484937165596435,94,0,0,0.4,0.0808
KMX,0.16143688915873236,86,0,0,0.05,0.0566
KN,-0.01960130729095315,49,1,3,0.15,0.1975
KNDI,-0.11188743928763897,26,0,0,0.7,0.4216
KNF,-0.002544927580144761,55,1,1,0.4,0.2117
KNOP,-0.028069141285329155,44,0,0,0.9,0.099
KNRX,-0.5107447962368219,2,1,57,1.0,
KNSA,0.27747970623821044,92,0,0,0.15,0.0
KNSL,0.10148594531609292,79,0,0,0.3,0.2329
KNTK,0.00906806214277766,59,0,0,0.5,0.1334
KNX,0.05328174225307247,69,1,3,0.4,0.1126
KO,0.059721407493251305,71,0,0,0.25,0.065
KOD,-0.006983858556858832,54,0,0,0.4,
KODK,-0.30285852463960766,7,1,10,0.95,0.453
KOF,-0.022156583058771738,48,1,2,0.5,0.1502
KOP,0.12308801183302448,82,0,0,0.0,0.0025
KOPN,-0.20470084475628622,14,1,19,0.95,0.4018
KORE,-0.025253334543027462,46,1,5,0.45,
KOS,-0.3123555350647864,7,1,17,0.95,0.3734
KOSS,-0.07877529910222678,32,1,1,0.75,0.2529
KOYN,-0.029273092769369857,43,1,6,0.55,0.1467
KOYNU,-0.020201826255927292,48,1,6,0.5,0.142
KPLT,0.16133750346203157,86,0,0,0.2,0.101
KPRX,0.008716714607061762,59,1,2,0.45,0.196
KPTI,0.1591358471210762,86,0,0,0.2,0.0904
KR,-0.13807642902378006,22,1,15,0.9,0.327
KRC,0.130816365408448,83,0,0,0.05,0.0758
KREF,0.04798629951616598,68,0,0,0.1,0.1782
KRG,0.05948868230840955,71,0,0,0.25,0.0377
KRKR,-0.26901231993312325,9,1,17,0.95,0.5286
KRMD,0.07401058635843925,74,0,0,0.45,0.2793
KRMN,-0.19509080350427985,15,1,1,0.85,0.587
KRNT,-0.056118743891999355,36,1,3,0.25,0.17
KRNY,0.12440584667410759,82,0,0,0.0,0.0267
KRO,-0.17875859067539188,17,1,12,0.85,0.2717
KROS,0.0007584637504794434,56,0,0,0.5,0.4521
KRP,-0.053788828025684146,36,1,6,0.65,0.1352
KRRO,0.1701282244276692,87,0,0,0.35,0.0945
KRSP,-0.021853534479978898,48,1,5,0.5,0.1414
KRT,0.17335152667369447,87,0,0,0.0,0.0154
KRUS,-0.023867808588012254,47,1,1,0.55,0.387
KRYS,0.23562993373802238,91,0,0,0.0,0.0346
KSCP,-0.41579351560084815,3,1,66,1.0,0.7199
KSPI,0.04788379779885868,68,0,0,0.45,0.0918
KSS,0.1049021466857391,80,1,2,0.1,0.2809
KT,-0.10459478949265336,27,0,0,0.95,0.3175
KTB,0.24073897079602258,91,0,0,0.0,0.0
KTCC,0.18957040776649348,88,0,0,0.0,0.0626
KTF,-0.005007289105395218,55,1,2,0.3,0.1012
KTOS,-0.24581009017619612,11,1,2,0.95,0.6474
KTTA,-0.29958077052562904,7,1,40,1.0,0.4945
KULR,0.04782482630304413,68,1,1,0.7,0.32
KURA,0.3198905570354927,94,0,0,0.25,0.0
KUST,-0.6400122717507617,1,1,41,1.0,0.938
KVAC,-0.010519860627289303,53,0,0,0.3,0.1289
KVACU,-0.010739647699347377,52,1,14,0.7,0.1672
KVHI,-0.02793404622241176,44,1,4,0.55,0.2444
KVUE,0.12973612663980405,83,0,0,0.0,0.0445
KVYO,-0.08698963246087409,30,0,0,0.65,0.4437
KWM,-0.5543415176838666,1,1,60,1.0,0.8593
KWR,0.09614725588655315,78,1,1,0.1,0.2252
KWY,-0.05175228174549114,37,1,2,0.5,0.3138
KXIN,-0.22140316282033629,13,1,21,1.0,
KYIV,0.2102737237950862,89,0,0,0.2,0.0321
KYMR,0.47793374479822553,96,0,0,0.1,0.0
KYN,-0.022504278795629495,48,0,0,0.6,0.1535
KYNB,0.05490480101915082,70,0,0,0.4,0.272
KYTX,0.1063744914694981,80,0,0,0.55,0.1865
KZIA,0.1903727456274812,88,1,4,0.35,0.1251
L,0.07121940397662005,74,0,0,0.1,0.0678
LAB,-0.20225916198991564,14,0,0,0.8,0.5002
LAC,-0.30203657537494616,7,1,23,1.0,0.4846
LAD,0.07244956817691431,74,0,0,0.3,0.1648
LADR,-0.03717939845485075,40,1,6,0.65,0.1607
LAES,-0.1258147369051558,24,1,5,0.8,0.5045
LAFA,-0.031121134790858575,42,1,5,0.45,0.1517
LAFAU,-0.03359276356337073,41,1,6,0.55,0.1545
LAKE,0.21332888226509303,90,0,0,0.35,0.0458
LAMR,0.10522208112272313,80,0,0,0.05,0.0002
LAND,-0.1367391154017552,22,1,75,1.0,0.356
LANDO,-0.03655648650489882,40,1,5,0.6,0.1444
LANDP,-0.017568858372661342,50,0,0,0.45,0.1144
LANV,-0.1596901577096292,19,1,9,0.8,0.4316
LAR,-0.23662841767684342,12,1,14,0.9,0.376
LARK,0.07882559448069079,75,0,0,0.0,0.0695
LASE,-0.029957540474898854,42,1,9,0.45,
LASR,-0.17214770961773876,17,1,4,0.95,0.3149
LATA,-0.027651599188422492,44,1,6,0.55,0.1468
LATAU,-0.026787768069347784,45,1,5,0.4,0.1585
LAUR,0.16402467009809113,87,0,0,0.0,0.0313
LAW,-0.05665324329400891,36,0,0,0.65,0.508
LAWR,-0.0333302468976196,41,1,5,0.5,0.161
LAZ,-0.11967516191624404,25,1,18,0.95,0.3183
LB,0.0658641769909481,72,0,0,0.7,0.1226
LBGJ,0.3706213737128817,95,0,0,0.35,
LBRDA,-0.10957397492003793,26,1,3,0.8,0.4831
LBRDK,-0.10940637199597864,26,1,3,0.8,0.4838
LBRDP,-0.027224328175177805,45,0,0,0.4,0.2017
LBRT,-0.27684999336653693,9,1,32,1.0,0.3491
LBRX,0.1273530369311961,83,0,0,0.2,0.0
LBTYA,-0.13108363502190853,23,1,15,0.85,0.2516
LBTYB,-0.27319654265860893,9,1,42,1.0,0.4383
LBTYK,-0.1263395325953112,24,1,15,0.85,0.2502
LCCC,-0.027431305015842223,44,1,5,0.5,0.1508
LCCCU,-0.02913240307900109,43,1,5,0.6,0.153
LCFY,-0.27325869520115337,9,1,8,0.75,0.4353
LCID,-0.08933119247069804,29,0,0,0.65,0.5234
LCII,-0.021608875291451717,48,0,0,0.65,0.3771
LCNB,0.053975299491436105,69,0,0,0.05,0.0814
LCTX,-0.04521423407457674,38,0,0,0.5,0.383
LCUT,0.011513648994082082,60,1,2,0.6,0.1624
LDI,-0.1735354579643274,17,1,2,0.7,0.6664
LDOS,-0.2211134047199648,13,1,78,1.0,0.4915
LDP,-0.004054739876766952,55,0,0,0.05,0.0817
LE,0.0639258631134432,72,0,0,0.45,0.4178
LEA,-0.055830275408605315,36,1,14,0.7,0.1384
LECO,-0.04289258304433825,39,1,6,0.45,0.2122
LEDS,-0.15557714478684176,19,1,25,1.0,0.381
LEE,-0.04708735916429885,38,1,16,0.8,0.2005
LEG,0.06480296259831009,72,0,0,0.05,0.195
LEGH,0.1442336840203818,85,0,0,0.0,0.0292
LEGN,-0.041025924173025835,39,1,12,0.6,0.2491
LEN,-0.06251605658379726,35,1,5,0.6,0.3532
LENZ,-0.30567038706284183,7,1,39,1.0,0.7458
LEO,-0.022297129368697377,48,1,2,0.35,0.1109
LESL,2.35540759677388,99,1,2,0.1,
LEU,-0.1680261080362308,18,1,1,0.8,0.5463
LEVI,0.09819460203498007,78,0,0,0.0,0.0203
LEXX,-0.2868039840979521,8,1,17,0.85,0.5603
LFACU,-0.026981878887422463,45,1,6,0.55,0.1486
LFCR,-0.09226232247009654,29,1,7,0.4,0.4922
LFMD,0.025702298483390153,63,0,0,0.4,0.0935
LFMDP,-0.03069202789056212,42,1,2,0.45,0.1382
LFS,-0.01952108048686977,49,1,3,0.55,
LFST,0.46614957128774637,96,0,0,0.05,0.0489
LFT,-0.14793284126325928,20,1,7,0.85,0.3657
LFUS,-0.08582748457093616,30,1,7,0.4,0.1769
LFVN,-0.05865854832357585,35,1,15,0.75,0.4249
LFWD,0.16551116312884534,87,0,0,0.55,0.1196
LGCL,-0.33676916384881617,6,1,2,0.65,
LGCY,-0.05022891671897624,37,1,1,0.65,0.2832
LGHL,-0.6311525374517164,1,1,23,1.0,0.8593
LGI,0.028928465996156894,64,0,0,0.2,0.1069
LGIH,0.23844923705650384,91,0,0,0.0,0.1275
LGL,-0.04682282354766282,38,1,5,0.85,0.1893
LGN,-0.16928033916001373,18,1,4,0.75,0.3261
LGND,0.36997547745271175,95,0,0,0.0,0.0043
LGO,-0.40132289275659266,4,1,2,0.95,0.6725
LGPS,0.30208585307469354,93,0,0,0.35,0.2033
LGVN,-0.3016943786848358,7,1,9,0.75,
LH,0.05002716452735091,68,0,0,0.25,0.1015
LHAI,0.2812402671990843,93,0,0,0.8,
LHSW,0.2815247992849725,93,0,0,0.9,
LHX,-0.09903469428655717,28,1,2,0.85,0.2944
LI,-0.28593841310475937,8,1,35,1.0,0.4314
LICN,-0.4242244890695243,3,1,12,0.8,
LIDR,-0.3342897335592672,6,1,23,1.0,0.5459
LIEN,0.014002061984860703,61,1,2,0.2,0.1167
LIF,0.21539816169870468,90,0,0,0.0,0.2421
LII,0.0723249043422325,74,0,0,0.0,0.1038
LILA,0.3799117654117249,95,0,0,0.35,0.0505
LILAK,0.3416015461280753,94,0,0,0.35,0.0582
LIMN,-0.2792407591956233,9,1,1,0.9,
LIN,0.035269062884559166,65,0,0,0.2,0.0912
LINC,0.1484897159677588,85,0,0,0.3,0.0
LIND,0.21499964335701188,90,0,0,0.05,0.1536
LINE,0.12107160557062382,82,0,0,0.25,0.028
LINK,0.04305623579649233,67,1,3,0.75,0.3078
LIQT,-0.5337004149491462,2,1,36,1.0,0.7054
LITB,0.011384451806838669,60,1,14,0.7,0.1989
LITE,-0.271748961506456,9,1,14,0.9,0.3455
LITS,-0.04271418676807809,39,0,0,0.5,0.4245
LIVE,-0.12502947463982908,24,1,6,0.7,0.5701
LIVN,0.23217661386355232,90,0,0,0.0,0.0233
LKFN,-0.004325400066506592,55,1,2,0.3,0.1013
LKFT,0.0417734533990277,67,0,0,0.15,0.1939
LKQ,-0.05021504022644082,37,1,2,0.8,0.2973
LKSP,-0.029362021883134026,43,1,6,0.55,0.1486
LKSPU,-0.017516960588416376,50,1,1,0.4,0.1419
LLY,0.15817438970009517,86,0,0,0.05,0.0044
LLYVA,0.10659240038537904,80,0,0,0.2,0.0549
LLYVK,0.11275360009696772,81,0,0,0.2,0.0468
LMAT,0.009511643923653161,59,0,0,0.6,0.1735
LMB,-0.16995840332293738,18,1,6,0.55,0.3392
LMFA,-0.41158818311034867,3,1,24,1.0,0.7125
LMND,0.3766350415218679,95,0,0,0.15,0.2636
LMNR,0.05176797683040629,69,0,0,0.15,0.1653
LMRI,0.36629743977973656,95,0,0,0.05,0.3642
LMT,-0.03415099968818013,41,0,0,0.5,0.2871
LNAI,0.03848872349070809,66,1,2,0.4,
LNC,0.08057031485688428,75,0,0,0.15,0.1667
LND,-0.12410457492540783,24,1,63,1.0,0.2771
LNG,-0.03998084616484385,39,0,0,0.45,0.2719
LNKS,-0.18113956435247633,16,1,11,0.95,
LNN,0.012696332971707483,60,1,2,0.1,0.2276
LNSR,0.055776800949505545,70,0,0,0.5,0.5567
LNT,0.04527678238837367,68,0,0,0.15,0.0775
LNTH,0.10355407782399548,79,1,2,0.1,0.0818
LNZA,-0.4779550439572548,2,1,5,0.95,
LOAN,0.05469450801895889,70,0,0,0.05,0.1206
LOAR,0.23769298209089623,91,0,0,0.0,0.0605
LOB,0.08526077900031567,76,0,0,0.05,0.0991
LOBO,0.0661401095785068,73,1,1,0.45,0.1716
LOCL,-0.22760825134939777,12,1,29,1.0,
LOCO,0.15196997425885542,85,0,0,0.0,0.0592
LODE,-0.0007292001166726847,56,1,2,0.3,0.2272
LOGI,-0.13787463172470726,22,1,18,0.9,0.2243
LOMA,-0.03761259759452017,40,1,2,0.4,0.1611
LONA,-0.09445306149104972,29,1,2,0.75,0.342
LOOP,-0.4450960391115792,3,1,24,1.0,0.5365
LOPE,-0.07765750016793191,32,0,0,0.8,0.2324
LOT,0.008665956673862572,59,0,0,0.85,0.2352
LOVE,0.13216768968367076,83,0,0,0.3,0.0108
LOW,-0.01814368657592077,49,1,1,0.35,0.2995
LPA,0.10861850258829933,80,1,1,0.35,0.156
LPAA,-0.02570604526436654,46,1,6,0.55,0.1459
LPAAU,-0.018621504117564282,49,1,5,0.5,0.164
LPBB,-0.026375141199359096,45,1,6,0.5,0.1482
LPBBU,-0.01740534666368415,50,1,1,0.3,0.1436
LPCN,0.09815821520796622,78,0,0,0.25,
LPCVU,-0.02939094354620614,43,1,5,0.5,0.1543
LPG,-0.01819586559010834,49,0,0,0.65,0.1898
LPL,-0.27671824406746703,9,1,21,1.0,0.4084
LPLA,-0.015249233850873824,51,0,0,0.4,0.2767
LPRO,0.7332021994204847,98,0,0,0.05,0.0219
LPSN,-0.3172309052076998,6,1,24,1.0,0.604
LPTH,-0.13700653204108765,22,1,3,0.7,0.2956
LPX,0.022398485210679407,63,1,2,0.15,0.2941
LQDA,0.6548462449688786,98,0,0,0.0,0.0
LQDT,0.03141020925708937,64,1,1,0.05,0.0515
LRCX,0.1025450309781587,79,1,3,0.15,0.2483
LRE,-0.022305215853887603,48,1,2,0.45,0.2667
LRHC,-0.34958039758371356,5,1,121,1.0,0.9896
LRMR,-0.12493143121731133,24,1,6,0.65,
LRN,-0.09171317841120638,29,0,0,0.6,0.1532
LSAK,-0.06252073807676785,35,0,0,0.6,0.2026
LSBK,0.06062584197114762,71,0,0,0.05,0.0371
LSCC,-0.014446575851151569,51,1,3,0.25,0.1626
LSE,-0.0793317879789611,31,0,0,0.7,0.3049
LSF,0.5763959197117206,97,0,0,0.0,0.0581
LSH,-0.35839395553468745,5,1,23,1.0,0.6985
LSPD,0.10122654266982295,79,0,0,0.15,0.2077
LSTA,-0.11736702926715224,25,1,8,0.45,
LSTR,0.018561137283626912,62,1,6,0.45,0.1087
LTBR,-0.31536652212788724,7,1,37,1.0,0.5889
LTC,0.05252532715338867,69,0,0,0.45,0.1004
LTH,0.34099726671713565,94,0,0,0.0,0.0027
LTM,0.14260364059081526,84,0,0,0.15,0.2314
LTRN,0.3742200378946397,95,1,1,0.05,0.145
LTRX,-0.24493476210992682,11,1,16,0.95,0.3615
LU,-0.2441408779516365,11,1,1,0.9,0.6027
LUCD,-0.06264118805858979,35,1,1,0.4,0.3634
LUCK,-0.1070975130486922,26,1,14,0.75,0.2656
LUCY,0.24765992009867105,91,0,0,0.9,
LUD,-0.13260184576803263,23,1,8,0.65,0.5658
LULU,-0.16028197956343457,19,1,2,0.9,0.5025
LUMN,-0.304491775866982,7,1,22,1.0,0.4087
LUNG,0.02530928003455315,63,0,0,0.65,0.3317
LUNR,-0.3962556075418187,4,1,23,1.0,0.6068
LUV,0.20268875039852174,89,0,0,0.0,0.1693
LUXE,-0.07968692030047425,31,0,0,0.45,0.3338
LVLU,-0.1068155595180921,27,0,0,0.7,
LVO,-0.13779022870719798,22,1,4,0.55,0.2654
LVS,-0.14456330712072357,21,1,17,0.9,0.3099
LVWR,-0.4079645968260518,3,1,5,0.9,0.7344
LW,0.08061905387384577,75,0,0,0.15,0.1547
LWAC,-0.028328129684880753,44,1,6,0.55,0.1528
LWACU,-0.028922795758950237,43,1,5,0.5,0.1536
LWAY,0.18427232148782752,88,0,0,0.15,0.0562
LWLG,-0.4648528114483911,2,1,35,1.0,0.634
LX,-0.17767023845132696,17,1,16,0.9,0.4184
LXEH,-0.02377883701082069,47,1,1,0.45,
LXEO,-0.12514567362155954,24,0,0,0.65,0.5804
LXFR,0.043899832394282357,67,1,5,0.25,0.1227
LXP,0.0963474976871749,78,0,0,0.0,0.0001
LXRX,0.31937620456083604,94,0,0,0.35,0.1103
LXU,-0.24572461676604734,11,1,37,1.0,0.4402
LYB,-0.2712748446311313,9,1,42,1.0,0.4413
LYEL,-0.045573887429897715,38,0,0,0.8,0.4416
LYFT,0.06755718660020299,73,0,0,0.2,0.2748
LYG,0.10902393099274083,80,0,0,0.1,0.0903
LYTS,0.08501043219094298,76,1,3,0.15,0.0872
LYV,0.1184005849783013,81,0,0,0.1,0.0182
LZ,0.16740451492620445,87,0,0,0.6,0.3491
LZB,0.08563767993524757,77,1,2,0.15,0.0926
LZM,-0.3075088159291008,7,1,11,0.95,0.4554
LZMH,-0.24657007936143743,11,1,61,1.0,
M,0.09242431163690668,77,1,5,0.25,0.1313
MA,0.051639545609518764,69,0,0,0.3,0.1566
MAA,0.040818352612662034,67,0,0,0.15,0.0402
MAAS,0.8264574291397397,98,0,0,0.2,0.2332
MAC,0.13942592620971095,84,0,0,0.05,0.0379
MACI,-0.02731765239907321,45,1,5,0.6,0.1492
MACIU,-0.2280650920053075,12,1,18,0.9,0.4168
MAGH,-0.0333302468976196,41,1,5,0.5,0.161
MAGN,0.16140924978491702,86,0,0,0.15,0.2413
MAIA,0.0018429470488676575,57,0,0,0.35,0.5389
MAIN,-0.048266167831008594,37,0,0,0.45,0.2268
MAKO,-0.012027594700979825,52,1,1,0.75,0.1661
MAMA,0.18875100472071793,88,0,0,0.1,0.1179
MAMK,-0.0333302468976196,41,1,5,0.5,0.161
MAMO,-0.0743860323416104,32,1,12,0.85,
MAN,0.2544482977710445,92,0,0,0.05,0.0321
MANH,0.05993340464061833,71,0,0,0.55,0.1777
MANU,0.07350991573464793,74,1,2,0.2,0.0652
MAR,0.009338037297977275,59,1,8,0.45,0.0641
MARA,-0.029649864407592555,43,1,5,0.3,0.1958
MARPS,-0.08691838758302194,30,0,0,0.75,0.3165
MAS,0.1408938352462955,84,0,0,0.0,0.0642
MASK,-0.2868894914558816,8,1,17,0.85,
MASS,0.0012400116180081508,56,1,2,0.1,0.1177
MAT,-0.10231371838240039,27,1,16,0.9,0.4445
MATH,0.009586454659524235,59,0,0,0.6,0.62
MATV,-0.08314592161004518,30,1,6,0.9,0.5148
MATW,-0.0053359634482478685,54,0,0,0.55,0.1171
MATX,0.05344091545830798,69,0,0,0.1,0.029
MAX,0.4835309508463647,96,0,0,0.0,0.0189
MAYS,-0.08602533774299123,30,1,9,0.7,0.3527
MAZE,0.2105429625231413,89,0,0,0.4,0.4386
MB,-0.4090431406396996,3,1,20,1.0,0.5113
MBAI,-0.2808360780480597,9,1,29,1.0,
MBAV,-0.026740243617417413,45,1,4,0.35,0.154
MBAVU,-0.01981172352953614,49,1,14,0.75,0.1973
MBBC,0.015498087158373162,61,1,1,0.05,0.0878
MBC,0.04973357042089825,68,1,1,0.15,0.399
MBI,0.11076124414674743,81,0,0,0.1,0.1974
MBIN,-0.01475864012269924,51,1,3,0.15,0.0987
MBINL,-0.009152793342572164,53,0,0,0.3,0.1
MBINM,-0.016608957879427032,50,0,0,0.5,0.1181
MBINN,-0.03866227025580652,40,1,6,0.65,0.1363
MBIO,-0.05608834707774514,36,0,0,0.5,0.435
MBLY,0.0011609485719066628,56,0,0,0.75,0.2405
MBNKO,-0.010070697552554977,53,1,2,0.35,0.1171
MBOT,-0.11619085022378418,25,0,0,0.65,0.4002
MBRX,-0.09166080084205122,29,1,5,0.3,0.5596
MBUU,-0.04086063856725752,39,1,5,0.5,0.3237
MBVI,-0.026796907750757014,45,1,6,0.55,0.1461
MBVIU,-0.029400909647737637,43,1,5,0.5,0.154
MBWM,0.06617799856181547,73,0,0,0.05,0.0507
MBX,0.9941259512435745,98,0,0,0.1,0.0
MC,0.05436151950640042,70,0,0,0.45,0.1561
MCB,0.05495829063494949,70,0,0,0.0,0.0783
MCBS,0.08045933692390386,75,0,0,0.05,0.0286
MCD,-0.03683339872524457,40,0,0,0.6,0.2406
MCFT,0.04097574932788409,67,1,3,0.55,0.1386
MCGA,-0.03056713489022106,42,1,6,0.55,0.1478
MCGAU,-0.035164793014834626,40,1,5,0.45,0.159
MCHB,0.07130914155667648,74,0,0,0.1,0.0203
MCHP,-0.08715275777217255,30,1,7,0.6,0.1956
MCHPP,-0.09502384981119047,28,1,10,0.65,0.1956
MCHX,0.07775422429573403,75,0,0,0.65,0.0673
MCI,-0.027343987506508606,45,1,5,0.4,0.2322
MCK,-0.009225962631797612,53,0,0,0.3,0.2661
MCN,-0.06432276010511324,34,1,17,0.9,0.1458
MCO,0.08086346767913649,76,0,0,0.45,0.142
MCRB,0.07122039445220399,74,0,0,0.5,0.5351
MCRI,0.06372102970950363,72,1,2,0.1,0.0765
MCRP,-0.37066236166666083,4,1,33,1.0,0.6646
MCS,0.11297501802785476,81,1,2,0.1,0.1406
MCTA,-0.0333302468976196,41,1,5,0.5,0.161
MCY,0.12848105270892043,83,0,0,0.05,0.0007
MD,0.20108525366338714,89,0,0,0.0,0.015
MDAI,-0.160899911665808,19,1,1,0.95,0.3542
MDB,0.13170756218126303,83,0,0,0.35,0.201
MDBH,-0.050036198179731164,37,0,0,0.7,0.2111
MDCX,0.21413108027218491,90,0,0,0.25,
MDGL,0.04987206666440483,68,0,0,0.3,0.1276
MDIA,0.25430734487397305,92,0,0,0.55,0.0
MDLN,0.07165109721720914,74,0,0,0.5,0.2134
MDLZ,-0.030577484534399724,42,1,2,0.5,0.1135
MDRR,-0.03517758481033748,40,1,1,0.4,0.2041
MDT,0.005165464024524814,58,0,0,0.3,0.2533
MDU,-0.06575755442919057,34,1,6,0.75,0.1529
MDV,-0.016628465125886005,50,1,2,0.6,0.0774
MDWD,-0.07850817892638741,32,0,0,0.65,0.2899
MDXG,0.08487393723481398,76,0,0,0.25,0.3894
MDXH,-0.5267151077209018,2,1,76,1.0,0.8965
MEC,0.27312622626204824,92,1,1,0.1,0.1283
MED,-0.13160909216412925,23,1,17,0.95,0.1925
MEDP,0.16328638495883313,86,0,0,0.05,0.1973
MEGI,0.002355110044288823,57,0,0,0.5,0.0808
MEGL,0.010886208375521046,59,1,2,0.5,0.1947
MEI,0.6557992212839723,98,0,0,0.1,0.2011
MELI,0.03282660733105497,65,0,0,0.55,0.2688
MENS,-0.03574213773889365,40,0,0,0.6,0.507
MEOH,-0.2935064222126831,8,1,22,1.0,0.4021
MERC,-0.3606743455342222,5,1,14,0.95,0.7771
MESHU,-0.02623817634228226,45,1,4,0.35,0.15
MESO,-0.09106360424435157,29,1,8,0.85,0.3705
MET,0.1227427846979422,82,0,0,0.05,0.0
META,-0.0218252462968458,48,0,0,0.85,0.2288
METC,-0.2803024067080877,9,1,20,1.0,0.5978
METCB,-0.340902212627663,5,1,15,0.8,0.4929
MFA,-0.005182983807488953,54,0,0,0.5,0.1278
MFC,0.060677406667042605,71,0,0,0.0,0.0
MFG,0.09401750080515636,78,0,0,0.1,0.0783
MFI,-0.1379372552098444,22,1,2,0.55,0.5694
MFIC,-0.12742953712702698,23,1,42,1.0,0.2174
MFIN,0.044562053074664904,68,1,1,0.2,0.121
MFM,0.006154374240559146,58,1,1,0.1,0.0938
MG,-0.10511343880746417,27,1,6,0.3,0.1708
MGA,-0.0007311605327129378,56,1,1,0.5,0.1382
MGEE,0.04952285343685038,68,0,0,0.25,0.1024
MGF,-0.031583152177293204,42,1,2,0.55,0.1667
MGIH,0.007656364727367207,59,1,6,0.5,0.1916
MGLD,-0.05390549717295151,36,1,1,0.4,0.2294
MGM,0.07028092982406478,73,1,2,0.1,0.0756
MGN,-0.14929241271231747,20,1,6,0.8,
MGNI,0.4472609978024104,96,0,0,0.0,0.0107
MGNX,0.27661635329243167,92,0,0,0.3,0.0372
MGPI,-0.09613695451648893,28,1,3,0.75,0.4173
MGRC,-0.003027248212267776,55,1,3,0.2,0.1445
MGRX,-0.010486214861925917,53,1,1,0.7,
MGTX,0.49166507741041204,97,0,0,0.15,0.0
MGX,-0.062120907318439667,35,0,0,0.85,0.3243
MGY,-0.15683007505464364,19,1,17,0.95,0.3219
MGYR,-0.005116464982739842,54,0,0,0.5,0.1439
MH,-0.18023582025684456,16,1,16,0.85,0.3914
MHD,-0.012153653474922178,52,1,1,0.1,0.0998
MHF,-0.001665989562274782,56,0,0,0.3,0.1043
MHH,0.18694896102986197,88,0,0,0.1,0.022
MHK,0.08377333156321357,76,1,1,0.1,0.2408
MHO,0.10568369985561152,80,1,1,0.05,0.1011
MIAX,0.0035023676843872614,57,0,0,0.85,0.2324
MICC,0.15226948569337453,85,0,0,0.1,0.1272
MIDD,-0.08032939101237353,31,1,1,0.05,0.2474
MIMI,-0.2875786665068655,8,1,7,0.9,
MIN,-0.02701618471236065,45,1,2,0.4,0.1407
MIND,-0.3644007727823149,4,1,28,1.0,0.6148
MIR,-0.18388167673067377,16,1,6,0.65,0.4532
MIRA,-0.13197154683750684,23,1,6,0.95,0.4165
MIRM,0.2907517917690599,93,0,0,0.15,0.0
MIST,-0.15774234941715992,19,1,41,1.0,0.4597
MITK,0.23968709368471314,91,0,0,0.1,0.0378
MITQ,-0.05082262544366937,37,1,15,0.75,0.318
MITT,-0.004114289087612168,55,1,3,0.25,0.1795
MIY,-0.0029150533986941236,55,1,2,0.4,0.1229
MKC,0.06711220578825747,73,0,0,0.25,0.3275
MKDW,0.4972459195175916,97,0,0,0.0,
MKL,0.06164087484587369,72,0,0,0.15,0.1587
MKLY,-0.030171851935772487,42,1,6,0.55,0.1452
MKLYU,-0.022934528440500333,47,1,5,0.45,0.1444
MKSI,0.15555155230446535,86,1,3,0.15,0.2151
MKTW,0.08080196514353813,76,0,0,0.4,0.1573
MKTX,-0.1690505748924428,18,1,62,1.0,0.4425
MKZR,-0.3727672800550807,4,1,18,0.95,0.6866
MLAB,-0.11018918956893714,26,1,1,0.55,0.1328
MLCI,-0.004664047073038375,55,0,0,0.6,0.6203
MLCO,-0.10149929119859104,27,1,17,0.85,0.2987
MLEC,-0.17857818674009215,17,1,2,0.6,
MLGO,-0.1361122960534904,22,1,13,0.8,0.3891
MLI,-0.16842880493783438,18,1,7,0.4,0.2556
MLKN,0.33572253301030186,94,0,0,0.2,0.1621
MLM,-0.029218376453531147,43,1,1,0.35,0.2264
MLP,0.005590293015881764,58,1,5,0.25,0.1606
MLR,-0.04382468806277029,38,1,3,0.15,0.1195
MLSS,-0.15552525181576718,19,1,1,0.8,0.2996
MLTX,0.041456780877413835,67,1,5,0.4,0.1397
MLYS,0.10254272513746418,79,0,0,0.5,0.1856
MMA,0.037985481580494765,66,1,1,0.75,0.5615
MMD,-0.012437713192605393,52,1,2,0.25,0.104
MMI,0.08385336733102644,76,0,0,0.2,0.0058
MMLP,-0.11147810568529873,26,1,14,0.7,0.2936
MMM,0.03727350736985478,66,1,4,0.2,0.1719
MMS,-0.12131881903665254,24,1,15,0.8,0.468
MMSI,0.10969124768677826,80,0,0,0.0,0.2898
MMT,-0.04024909968777748,39,1,6,0.55,0.161
MMTX,-0.027359078090017287,44,1,6,0.55,0.146
MMTXU,-0.034315453576233966,41,1,5,0.5,0.1651
MMU,-0.0052140381741635836,54,1,2,0.25,0.1135
MMYT,0.27880933925367707,92,0,0,0.25,0.3474
MNDO,-0.026261630153292095,45,0,0,0.4,0.2629
MNDR,-0.3871364024074317,4,1,35,1.0,0.722
MNDY,0.028928269433390004,64,0,0,0.65,0.4776
MNKD,0.3384463725938202,94,0,0,0.0,0.3766
MNOV,0.022762628808431218,63,0,0,0.6,0.2941
MNPR,0.6223454407816675,97,0,0,0.2,0.0301
MNR,-0.08776240121292132,30,1,17,0.9,0.2238
MNRO,0.05607330301018487,70,0,0,0.35,0.332
MNSB,0.0036519848201658767,57,1,1,0.15,0.076
MNSBP,-0.014051515817261925,51,1,2,0.25,0.138
MNSO,-0.20616160019719965,14,1,76,1.0,0.4577
MNST,0.15896212907375876,86,0,0,0.0,0.0196
MNTK,0.058768686568060544,71,0,0,0.5,0.2178
MNTN,0.08619569258780768,77,0,0,0.6,0.1408
MNTS,-0.08828331650527335,29,1,16,0.85,
MNY,-0.3416980153296573,5,1,19,0.95,0.4564
MO,0.018851333330369688,62,0,0,0.35,0.0685
MOB,-0.30450369221452167,7,1,15,0.95,0.5194
MOBX,-0.1731023124481611,17,1,3,0.95,
MOD,-0.1818986868522366,16,1,7,0.6,0.2393
MODD,-0.12653414053673467,23,1,3,0.45,0.7448
MOGU,-0.09372563569215828,29,0,0,0.75,0.314
MOH,0.2591328000607964,92,0,0,0.0,0.0116
MOLN,-0.021792852112479486,48,0,0,0.7,0.2713
MOMO,-0.03110682158317933,42,0,0,0.65,0.1928
MORN,-0.06706565778049348,34,0,0,0.75,0.2842
MOS,-0.1360705802482195,22,1,5,0.75,0.3972
MOV,0.2139361205944541,90,0,0,0.0,0.0664
MOVE,0.16235256858263347,86,1,3,0.45,
MP,-0.2277790157845476,12,1,12,0.95,0.3347
MPA,-0.016088989150892616,50,1,2,0.4,0.1088
MPAA,0.2824605581690196,93,1,1,0.05,0.1035
MPB,0.0330373146202981,65,0,0,0.0,0.0753
MPC,-0.005308943117025511,54,0,0,0.4,0.1023
MPLT,0.30831312094548774,93,0,0,0.25,0.0047
MPLX,0.003934093401056715,57,0,0,0.3,0.1468
MPT,-0.09010201213409735,29,1,17,0.9,0.2838
MPTI,0.06548910595282395,72,1,3,0.2,0.143
MPU,-0.2967634155370175,8,1,16,0.9,
MPV,-0.0648707381067685,34,1,5,0.5,0.2256
MPWR,-0.19079129498245986,15,1,14,0.85,0.2561
MQ,-0.07341328775860162,33,1,1,0.6,0.2405
MQY,-0.0019617941869911476,56,0,0,0.2,0.0918
MRAM,-0.07164593946203296,33,1,11,0.9,0.6044
MRBK,0.03572419697828674,65,1,2,0.1,0.1297
MRCY,0.18287061189077575,88,0,0,0.1,0.0858
MRDN,0.27398631524998285,92,0,0,0.05,0.0746
MREO,0.06399946859063908,72,0,0,0.25,0.5715
MRK,0.06517759861404834,72,0,0,0.25,0.0823
MRKR,0.11017099223429427,80,0,0,0.6,0.3005
MRLN,-0.45787809914355887,3,1,20,1.0,0.7464
MRM,-0.16430432388200844,18,1,12,0.6,0.5152
MRNA,0.5792433736099527,97,0,0,0.15,0.0202
MRNO,-0.3071273374139773,7,1,21,1.0,
MRP,-0.03053325954027167,42,1,2,0.3,0.1527
MRSH,0.04250369162363102,67,0,0,0.3,0.1398
MRT,-0.35525745895017424,5,1,9,0.95,0.4818
MRTN,0.058797380990563114,71,1,2,0.35,0.0687
MRVI,0.42251081025965026,96,0,0,0.0,0.0819
MRVL,0.16288094946954018,86,1,4,0.2,0.2637
MRX,0.2563682685715263,92,0,0,0.1,0.0086
MS,0.09535220513346923,78,0,0,0.2,0.0362
MSA,0.003843144198260165,57,0,0,0.5,0.2354
MSAI,-0.18073914521622578,16,1,1,0.75,0.6646
MSB,-0.12302631608026085,24,1,1,0.85,0.4342
MSBI,0.1005857534977781,79,0,0,0.0,0.0544
MSBIP,-0.020948511876138453,48,1,6,0.4,0.1378
MSC,-0.24338854847108793,11,1,17,0.95,0.5299
MSCI,-0.0035949386039603806,55,0,0,0.7,0.0927
MSD,-0.0018284116693713867,56,0,0,0.45,0.1269
MSDL,0.006532314569509617,58,0,0,0.3,0.1042
MSEX,0.043522383866444816,67,0,0,0.25,0.1015
MSFT,-0.08594205449413546,30,1,2,0.95,0.2507
MSGE,0.08254636536470461,76,1,2,0.1,0.0896
MSGM,0.09782389418398779,78,0,0,0.75,0.1319
MSGS,0.06163580113519787,72,0,0,0.3,0.0392
MSGY,-0.04697627952813995,38,1,9,0.45,
MSI,-0.031142912340369464,42,0,0,0.45,0.2055
MSIF,-0.10076872546904878,27,1,6,0.95,0.2172
MSLE,0.24819248335555621,91,0,0,0.6,0.4238
MSM,0.09691795733516778,78,0,0,0.0,0.0291
MSN,-0.1597475811794681,19,1,27,1.0,0.2739
MSS,-0.5654395260967102,1,1,16,0.95,0.8376
MSTR,-0.3482747467401629,5,1,34,1.0,0.51
MSW,-0.07903515628317924,31,1,13,0.95,0.3578
MT,-0.028872120920799306,43,1,1,0.65,0.1401
MTA,-0.08224917900709958,31,1,2,0.45,0.3123
MTB,0.06725236060780841,73,0,0,0.0,0.0697
MTC,-0.5395840073687477,2,1,25,1.0,0.7537
MTCH,0.08777485137206897,77,0,0,0.4,0.026
MTD,0.01842485324437615,62,0,0,0.35,0.2028
MTDR,-0.15035408860610133,20,0,0,0.95,0.3216
MTEK,-0.2614570315663759,10,1,16,0.9,0.562
MTEN,0.12167676192029861,82,1,10,0.5,
MTEX,-0.05424971898509698,36,1,9,0.65,0.4704
MTG,0.06178352974653151,72,0,0,0.2,0.1006
MTH,0.16343305975075698,87,0,0,0.0,0.1063
MTLS,0.1490278123710581,85,0,0,0.0,0.0537
MTN,0.08682905801826167,77,0,0,0.1,0.086
MTNB,-0.13335695299591965,22,1,15,0.75,0.2795
MTR,-0.28701074514051156,8,1,67,1.0,0.4851
MTRN,0.21929668079969816,90,1,2,0.1,0.1698
MTRX,-0.11511756031609176,25,1,4,0.2,0.2025
MTSI,-0.07228409463665501,33,1,4,0.3,0.255
MTUS,-0.05151993770708565,37,1,6,0.45,0.2064
MTVA,-0.11806203436331632,25,1,20,1.0,
MTW,-0.06314083961276096,34,1,4,0.35,0.2543
MTX,-0.06471467286008376,34,1,6,0.4,0.1263
MTZ,-0.0956590165551125,28,1,4,0.55,0.2081
MU,0.3745015384241857,95,1,4,0.2,0.2405
MUA,0.002684878868907059,57,0,0,0.2,0.0978
MUC,-0.00035712420507579695,56,0,0,0.15,0.0936
MUFG,0.0994279435481091,79,0,0,0.1,0.0213
MUJ,-0.002843728315381655,55,1,2,0.35,0.1032
MUR,-0.22410422003103647,12,1,15,0.75,0.334
MUSA,0.012975858766720465,60,0,0,0.45,0.09
MUX,-0.18049444498515668,16,1,35,1.0,0.422
MVBF,0.049274410547412134,68,0,0,0.0,0.1031
MVIS,-0.3047344352124201,7,1,3,0.95,0.6434
MVO,-0.6095132799837777,1,1,2,0.8,
MVST,-0.3444538869855645,5,1,38,1.0,0.7212
MWA,-0.07769983976640865,32,1,5,0.45,0.2424
MWG,-0.18788698762272815,16,1,12,0.65,0.6027
MWYN,0.3319549893752179,94,0,0,0.05,0.2035
MX,-0.268904848046827,9,1,19,0.95,0.573
MXC,-0.13599206269412423,22,1,2,0.9,0.5176
MXCT,0.31147922962996133,93,0,0,0.0,0.195
MXE,-0.05562396002259649,36,1,10,0.8,0.1539
MXF,-0.022552790530801912,48,1,5,0.55,0.1187
MXL,0.6676453137973792,98,1,3,0.45,
MYE,0.3429210251271449,94,0,0,0.0,0.1452
MYFW,0.1366261557551638,84,0,0,0.0,0.0199
MYGN,0.1918698097345441,88,0,0,0.15,0.1806
MYI,-0.013189007826793851,52,1,2,0.25,0.1
MYN,-0.005564400438514215,54,1,1,0.15,0.0964
MYND,-0.001891231745935501,56,0,0,0.4,
MYO,0.14357376504782787,84,0,0,0.45,0.2711
MYPS,0.383530544455229,95,0,0,0.5,0.0611
MYRG,-0.009831437910617927,53,1,4,0.4,0.1712
MYSE,0.3364202849253286,94,0,0,0.15,
MYSZ,-0.2099731415155278,14,1,1,0.95,0.5978
MZTI,-0.053759780308682815,36,0,0,0.6,0.3919
NA,-0.20077242643581902,14,1,24,1.0,0.554
NAAS,0.21310079292973055,90,0,0,0.35,0.0287
NABL,-0.04105558846568455,39,0,0,0.65,0.4481
NAC,-0.007349971352323303,54,1,2,0.3,0.0933
NAD,0.0015727527985044051,56,1,2,0.2,0.1026
NAGE,-0.1713803859655187,17,1,43,1.0,0.5176
NAII,-0.15051914196081312,20,1,11,0.95,0.5745
NAK,-0.22282928672890429,13,1,12,0.85,0.3918
NAKA,-0.35788730403612995,5,1,54,1.0,0.8171
NAMI,-0.6420119928076171,1,1,67,1.0,0.8832
NAMM,-0.1872330248462452,16,1,3,0.55,
NAMS,0.12136731343879772,82,0,0,0.5,0.0786
NAN,-0.002199223806771698,56,1,2,0.2,0.0848
NAT,0.05933056572918975,71,0,0,0.25,0.1261
NATH,-0.029038294699720135,43,1,6,0.5,0.1514
NATL,-0.015216701891383078,51,0,0,0.75,0.1548
NATR,-0.05217341613121518,37,0,0,0.55,0.2856
NAUT,-0.4398634681596842,3,1,24,1.0,0.6272
NAVI,-0.008406712586301865,53,1,2,0.6,0.4051
NAVN,0.4515200511557983,96,0,0,0.15,0.0
NAZ,-0.039556006542090974,39,1,15,0.75,0.1154
NB,-0.25090042013905933,11,1,21,1.0,0.4713
NBB,-0.03395840941989088,41,1,5,0.5,0.1245
NBBK,-0.006532568851146607,54,1,1,0.15,0.1618
NBH,-0.00847586963923911,53,1,2,0.3,0.098
NBHC,0.03283815536090415,65,0,0,0.1,0.0459
NBIS,0.02225479979268727,62,1,4,0.3,0.32
NBIX,0.15916245426820935,86,0,0,0.15,0.0
NBN,0.05695099654683079,70,0,0,0.05,0.0377
NBP,-0.05065515020747814,37,0,0,0.65,0.5355
NBR,-0.23456937990121335,12,1,15,0.8,0.3045
NBTB,0.06126010900654841,71,0,0,0.1,0.0269
NBTX,0.06391815058339013,72,0,0,0.75,0.2968
NBXG,0.013989045668013234,60,1,3,0.25,0.0816
NC,-0.10353634301648094,27,1,6,0.55,0.2653
NCA,-0.007084857823143553,54,0,0,0.5,0.1314
NCDL,-0.0682762870732776,34,0,0,0.65,0.1589
NCEL,0.31304158500440454,94,0,0,0.35,0.2282
NCEW,0.009226859127708535,59,1,7,0.35,0.2205
NCI,0.38112950966326614,95,0,0,0.0,
NCL,-0.02338859335245399,47,1,8,0.55,0.4123
NCLH,-0.013275893714988486,51,1,3,0.15,0.3099
NCMI,0.07670881518922222,75,0,0,0.1,0.0787
NCNA,-0.3333836953401287,6,1,24,1.0,0.6458
NCNO,0.060870650189196226,71,0,0,0.65,0.3486
NCPL,-0.0034498294618242192,55,1,17,0.85,
NCRA,-0.6977658449051363,1,1,26,1.0,0.9384
NCSM,-0.1596125230209411,19,1,13,0.65,0.4988
NCT,-0.06983669379278092,33,1,2,0.5,
NCTY,-0.06384501143112664,34,1,2,0.6,0.3957
NCV,0.00044388986372050077,56,1,3,0.25,0.0321
NCZ,0.0057986566938082185,58,1,3,0.2,0.0265
NDAQ,-0.0532540581270041,36,0,0,0.8,0.2071
NDLS,0.11774580721626524,81,1,2,0.1,
NDMO,-0.020073993273330582,49,1,2,0.3,0.1109
NDRA,0.0005839824763051241,56,1,4,0.65,0.2673
NDSN,-0.010357565574136241,53,1,3,0.2,0.1249
NE,-0.23712994440593924,12,1,31,1.0,0.3486
NEA,-0.0072157819476747695,54,1,2,0.2,0.1027
NECB,0.06549115324590274,72,0,0,0.0,0.0612
NEE,-0.0505719631668192,37,0,0,0.65,0.1898
NEGG,-0.4101162852325238,3,1,51,1.0,0.7566
NEM,-0.1634637120074579,18,1,12,0.9,0.3306
NEN,-0.04896577073411094,37,1,6,0.6,0.1989
NEO,0.46026203333358146,96,0,0,0.0,0.0473
NEOG,-0.01820058558161216,49,0,0,0.25,0.2399
NEON,-0.48110174034719,2,1,21,1.0,0.5681
NEOV,-0.004512515205861829,55,0,0,0.55,0.6191
NEPH,0.005857867398490577,58,1,1,0.7,0.3778
NERV,-0.12300712038780484,24,1,1,0.75,0.4812
NESR,0.11823331921190072,81,0,0,0.25,0.0733
NET,0.05084720474794703,69,0,0,0.55,0.001
NEU,0.06669769732976966,73,0,0,0.3,0.0646
NEUP,-0.2966295234265464,8,1,6,0.95,0.3575
NEWP,-0.2356424885316465,12,1,13,0.9,0.3807
NEWT,0.10020269642540988,79,0,0,0.0,0.0736
NEWTP,0.012032556894135168,60,0,0,0.2,0.0952
NEXA,-0.12738778664192152,23,1,12,0.85,0.2453
NEXM,-0.14472643742624197,21,1,1,0.9,0.5232
NEXN,0.1617503658178975,86,0,0,0.0,0.0206
NEXR,-0.713915056842503,1,1,7,0.95,
NEXT,-0.09748198218562629,28,0,0,0.8,0.2142
NFBK,0.021726457466508503,62,0,0,0.15,0.0598
NFE,-0.438729949489759,3,1,36,1.0,0.8071
NFG,-0.04644102184746942,38,0,0,0.8,0.2805
NFGC,-0.2365061401490618,12,1,2,0.95,0.597
NFJ,0.038548546404447256,66,1,1,0.05,0.0205
NFLX,-0.15227461511242976,20,1,55,1.0,0.3396
NG,-0.29564625509983217,8,1,12,0.85,0.6077
NGEN,-0.2818115409083167,8,1,60,1.0,0.6912
NGG,-0.03478203672684628,41,0,0,0.65,0.1733
NGL,-0.028050444368049418,44,1,6,0.8,0.1531
NGNE,0.3772770985556319,95,0,0,0.0,0.0
NGS,-0.07495632737673383,32,1,4,0.35,0.1736
NGVC,0.15749306477831854,86,0,0,0.1,0.0
NGVT,0.015290546889819928,61,0,0,0.15,0.1311
NHC,0.198459821110739,89,0,0,0.0,0.0132
NHI,0.04888125183007623,68,0,0,0.45,0.2103
NHPAP,0.06271972049065158,72,0,0,0.1,0.0085
NHPBP,0.07521326152744298,74,0,0,0.0,0.0007
NHS,-0.05137023454617996,37,1,6,0.8,0.2276
NHTC,-0.34802852243127863,5,1,38,1.0,0.5593
NI,-0.01705614602771225,50,1,2,0.3,0.1336
NIC,0.1306789408164685,83,0,0,0.0,0.0592
NICE,-0.09582719736202489,28,0,0,0.65,0.3082
NIE,-0.00418909795397545,55,1,3,0.35,0.0243
NIM,-0.01877534291712374,49,1,2,0.35,0.1565
NIO,-0.19996188470350826,14,1,23,1.0,0.3351
NIPG,14.020451889853852,99,0,0,0.85,
NIU,-0.24192886340418954,11,1,43,1.0,0.549
NIVF,0.315056833824643,94,0,0,0.9,
NIXX,0.9624092966228484,98,0,0,0.0,0.1273
NJR,0.015693153856072187,61,0,0,0.55,0.1185
NKE,-0.04070961872923344,39,1,2,0.7,0.3963
NKLR,-0.21145888601156476,14,1,23,1.0,0.4283
NKSH,-0.008357263111579884,53,1,2,0.3,0.1332
NKTR,0.06557107925632608,72,0,0,0.55,
NKTX,0.19243958012943713,88,0,0,0.45,0.0844
NKX,-0.009862546546902228,53,1,2,0.45,0.1139
NL,-0.013272597297768952,51,1,2,0.9,0.2915
NLOP,-0.12683732315363735,23,1,17,0.95,0.2034
NLY,0.051199646803105736,69,0,0,0.05,0.0856
NMAI,0.005256044303930972,58,1,2,0.35,0.0468
NMAX,0.17580811659446333,88,0,0,0.5,0.1026
NMCO,-0.005611692392204791,54,0,0,0.25,0.1039
NMFC,-0.13851016113909587,22,1,17,0.95,0.2539
NMG,-0.2138010295594111,13,1,1,0.9,0.5334
NMI,0.005771350753344909,58,1,4,0.25,0.0932
NMIH,0.08372177063516131,76,0,0,0.2,0.0994
NML,-0.01897172953194972,49,0,0,0.45,0.1626
NMM,-0.0005184776219485515,56,0,0,0.5,0.0684
NMP,-0.028324287406490567,44,1,5,0.5,0.151
NMPAU,-0.03739601089040399,40,1,5,0.5,0.1478
NMR,0.10252168687249866,79,0,0,0.0,0.1044
NMRA,-0.15018478830381968,20,0,0,0.7,
NMRK,0.008354233545097164,59,0,0,0.25,0.1913
NMS,-0.018003674497414524,49,0,0,0.55,0.1259
NMT,-0.019988246932030537,49,1,2,0.45,0.0879
NMTC,-0.2736223873880671,9,1,51,1.0,0.4959
NMZ,0.005694912214217446,58,0,0,0.05,0.1046
NN,-0.20244686218988064,14,1,15,0.8,0.3117
NNBR,0.4337902357636561,96,0,0,0.25,0.1276
NNDM,-0.1851837049720811,16,1,3,0.95,0.3718
NNE,-0.2483873038030192,11,1,10,0.85,0.5206
NNI,-0.035702502765689835,40,1,1,0.45,0.135
NNN,0.05284209355640947,69,0,0,0.1,0.0584
NNNN,-0.6070374708898052,1,1,23,1.0,0.7373
NNOX,-0.4213507355759849,3,1,20,1.0,0.6555
NNVC,0.04981367247121864,68,0,0,0.9,0.2044
NNY,-0.002008753055449952,56,0,0,0.1,0.0961
NOA,-0.1133035112179173,26,1,6,0.9,0.2907
NOAH,-0.04436625142016052,38,0,0,0.75,0.236
NOC,-0.07709743180174455,32,0,0,0.8,0.3505
NODK,0.10337653827077642,79,1,1,0.05,0.0752
NOEM,-0.031597413618675685,42,1,6,0.55,0.1529
NOEMU,-0.04666666891312253,38,1,5,0.75,0.1542
NOG,-0.2549029618405857,10,1,46,1.0,0.4729
NOK,-0.14533724747120122,21,1,10,0.85,0.2874
NOMA,-0.153585234755592,20,1,2,0.6,0.4357
NOMD,0.16349295986587406,87,0,0,0.15,0.1856
NOV,-0.13667918020461972,22,1,15,0.75,0.2189
NOVT,0.002644440198684303,57,1,1,0.4,0.1128
NOVTU,-0.001805312558435232,56,1,1,0.45,0.0907
NOW,0.007782781543352421,59,0,0,0.75,0.3052
NP,0.33638733800732573,94,0,0,0.1,0.0105
NPAC,-0.02819125342845382,44,1,6,0.55,0.1463
NPACU,-0.028809559121348603,43,1,5,0.5,0.1553
NPB,0.018131008206028323,61,1,1,0.15,0.1112
NPCE,0.06922872821750557,73,0,0,0.6,0.0995
NPCT,-0.03926838439710375,39,1,2,0.55,0.1271
NPFD,-0.028135866847322874,44,1,2,0.55,0.1251
NPK,-0.11676588531459155,25,1,31,1.0,0.2383
NPKI,-0.11285015359932804,26,1,4,0.55,0.2057
NPO,0.054442373418304296,70,1,3,0.15,0.1693
NPT,0.5958022744376192,97,0,0,0.1,
NPV,-0.023968157199751018,47,1,2,0.35,0.1205
NPWR,-0.14686749791951498,20,1,7,0.9,0.4698
NRC,0.17987165851545533,88,0,0,0.3,0.0606
NRDS,-0.007818551940178487,54,0,0,0.5,0.3689
NRDY,0.04693690946268671,68,1,1,0.25,0.2749
NREF,0.07363840541555405,74,0,0,0.25,0.0
NRG,-0.06819626551064925,34,1,1,0.45,0.3122
NRGV,-0.27466392939706996,9,1,4,0.95,0.4266
NRIM,0.07964370903737623,75,0,0,0.05,0.1586
NRIX,0.515119273041537,97,0,0,0.15,0.0
NRK,-0.0035340847359088476,55,1,1,0.15,0.0803
NRO,0.03358381006120567,65,0,0,0.25,0.053
NRP,-0.16023605337491226,19,1,17,0.95,0.3311
NRSN,-0.16995640680968538,18,1,6,0.8,0.4004
NRT,-0.1886145474570678,16,1,20,1.0,0.3397
NRXP,0.26055402708816955,92,0,0,0.25,0.0889
NRXS,-0.10437118626076905,27,1,4,0.75,0.2093
NSA,0.07823722379714647,75,0,0,0.05,0.0141
NSC,0.027144385919546987,64,0,0,0.35,0.0753
NSIT,0.23560828840345788,91,1,2,0.1,0.085
NSLR,-0.16682662106945514,18,1,16,0.8,0.2226
NSP,0.4509675004555362,96,0,0,0.05,0.0924
NSPR,-0.3553036265800971,5,1,69,1.0,0.6569
NSRX,0.020274465102169757,62,1,1,0.2,0.6136
NSSC,-0.026099178680488243,46,0,0,0.25,0.2445
NSTS,0.028405903679516002,64,1,5,0.3,0.0281
NSYS,-0.1260505148496877,24,1,5,0.3,0.2321
NTAP,0.19440956400082804,89,0,0,0.2,0.0789
NTB,0.050431536103822505,69,0,0,0.0,0.0194
NTCL,4.73956970816484,99,0,0,0.75,
NTCT,0.0857423249753556,77,0,0,0.3,0.0283
NTES,0.07290185720052275,74,0,0,0.4,0.1618
NTGR,-0.18332698333593742,16,1,22,1.0,0.2614
NTHI,-0.14378800440550224,21,1,9,0.75,0.6275
NTIC,0.07109647805343555,74,0,0,0.15,0.1835
NTIP,-0.05812974441625701,35,1,2,0.5,0.1833
NTLA,0.2124849889469797,89,0,0,0.2,0.0183
NTNX,0.09908468056834896,79,0,0,0.5,0.0723
NTR,-0.12581014657308742,24,0,0,0.9,0.2992
NTRA,0.28255044377962796,93,0,0,0.05,0.0042
NTRB,-0.22488527905269198,12,1,42,1.0,0.4359
NTRP,-0.27437113425035187,9,1,20,1.0,0.5254
NTRS,0.08060126229593181,75,0,0,0.05,0.008
NTRSO,-0.01801602631852047,49,0,0,0.4,0.138
NTSK,0.1569738100995357,86,0,0,0.6,0.3393
NTST,0.08113165220199739,76,0,0,0.3,0.0503
NTWK,0.12737518025765698,83,0,0,0.15,0.0425
NTWO,-0.020855286170284527,48,1,2,0.5,0.1393
NTWOU,-0.031445234496707164,42,1,5,0.5,0.1578
NTZ,-0.3889569620679047,4,1,61,1.0,0.5344
NU,0.005548282250627104,58,0,0,0.35,0.3302
NUAI,-0.15604718038366622,19,1,4,0.3,0.5042
NUE,-0.035151809435541775,41,1,7,0.55,0.1531
NUS,-0.1948055897214454,15,1,63,1.0,0.5807
NUTR,-0.0333302468976196,41,1,5,0.5,0.161
NUTX,0.50132131659232,97,0,0,0.0,0.0681
NUV,-0.014393607030431743,51,1,2,0.35,0.1132
NUVB,0.12203105017926352,82,0,0,0.1,0.3845
NUVL,0.22949637011734325,90,0,0,0.05,0.029
NUW,-0.005109771995068159,55,1,2,0.2,0.1228
NUWE,-0.8878409949413855,0,1,57,1.0,
NVA,-0.3212210184675423,6,1,13,0.65,0.6165
NVAX,0.01861091906315515,62,0,0,0.7,0.2248
NVCR,0.12985041273262382,83,0,0,0.45,0.047
NVCT,1.0545946044434416,98,0,0,0.1,0.3331
NVDA,-0.060644734699923826,35,1,23,1.0,0.1663
NVEC,-0.016796153328011237,50,1,3,0.45,0.2203
NVG,-0.0027513440620154372,55,0,0,0.15,0.1098
NVGS,-0.10240670404390169,27,1,9,0.75,0.1826
NVMI,-0.14428715605545983,21,1,4,0.4,0.2578
NVNI,-0.11530808784558813,25,0,0,0.9,0.6834
NVNO,0.00699397614745606,58,0,0,0.5,0.2136
NVO,0.13661520240429695,84,0,0,0.25,0.2588
NVR,0.04226483597385615,67,0,0,0.0,0.2507
NVRI,0.11898834616513285,82,0,0,0.0,0.0322
NVS,0.025002644732881565,63,0,0,0.25,0.1243
NVST,0.08080086845307091,76,0,0,0.05,0.1747
NVT,-0.06027888791921274,35,1,4,0.4,0.1727
NVTS,-0.24941695336188507,11,1,10,0.85,0.5594
NVVE,12.194730269644614,99,0,0,0.75,
NVX,-0.37665846214961946,4,1,13,0.8,0.738
NWBI,0.056157174892361494,70,0,0,0.0,0.0321
NWE,-0.008741958654000879,53,1,2,0.45,0.0987
NWFL,0.016690270350452285,61,1,1,0.2,0.0959
NWG,0.11987901225102893,82,0,0,0.0,0.0975
NWGL,-0.6833656939431574,1,1,47,1.0,0.8157
NWL,0.38941106121237135,95,0,0,0.0,0.0989
NWN,-0.0560407397522463,36,1,5,0.6,0.2095
NWPX,0.22879549583862913,90,1,1,0.05,0.108
NWS,-0.010675927611764866,52,0,0,0.7,0.0983
NWSA,0.005637415680299018,58,0,0,0.7,0.0842
NWTG,-0.312573549667104,7,1,8,0.75,0.5861
NX,-0.12176161739107814,24,1,3,0.7,0.3185
NXB,-0.12903625979672426,23,1,4,0.85,0.4625
NXDR,0.20459851237156634,89,0,0,0.0,0.0454
NXDT,0.033659430053169015,65,0,0,0.45,0.03
NXE,-0.25190847576682673,11,1,23,1.0,0.3959
NXG,0.06187913192403305,72,0,0,0.15,0.0331
NXGL,-0.11676131227229979,25,1,2,0.7,0.709
NXL,-0.19328400970006204,15,1,16,0.9,0.5465
NXP,-0.013612634001844325,51,1,2,0.45,0.1383
NXPI,-0.04865035715758802,37,1,10,0.75,0.1751
NXPL,0.03549545495049296,65,0,0,0.45,0.1
NXRT,0.020822978883486006,62,0,0,0.5,0.1244
NXST,-0.0701282479698309,33,0,0,0.75,0.3527
NXT,-0.2050512172743165,14,1,10,0.95,0.2977
NXTC,-0.6647616406585093,1,1,30,1.0,0.8864
NXTS,-0.2183558541437529,13,1,8,0.55,
NXTT,-0.3274843670818451,6,1,12,0.6,
NXXT,-0.2895961459694718,8,1,19,0.95,
NYAX,-0.05103845054965064,37,1,1,0.7,0.1265
NYC,-0.044615761105409935,38,1,1,0.55,0.3225
NYT,-0.0840685478047846,30,0,0,0.9,0.2514
NYXH,-0.4759666411601958,2,1,38,1.0,0.7035
NZF,-0.015058416680752952,51,1,5,0.35,0.1002
O,0.019111400266847448,62,0,0,0.4,0.1196
OABI,0.20120150344291232,89,1,1,0.3,0.1414
OACC,-0.02701660400877922,45,1,6,0.55,0.1482
OACCU,-0.023516192551385207,47,1,1,0.35,0.1467
OBA,-0.02792064995096234,44,1,6,0.55,0.147
OBAWU,-0.02795147882479826,44,1,5,0.4,0.2163
OBDC,-0.05801878948575459,35,1,1,0.6,0.1681
OBE,-0.3482769678531615,5,1,33,1.0,0.4602
OBIO,-0.054037839521693956,36,1,2,0.4,0.2727
OBK,0.07214868796092354,74,0,0,0.0,0.0357
OBT,0.04287791006597014,67,1,1,0.1,0.0582
OC,0.17227362119358594,87,0,0,0.1,0.1064
OCC,0.270159839468115,92,1,4,0.25,
OCCI,-0.1974980324967237,15,1,31,1.0,0.4661
OCCIM,-0.02301751851358812,47,1,5,0.4,0.1393
OCCIN,-0.028675640531103507,43,1,6,0.5,0.1414
OCFC,0.005694606095630085,58,1,2,0.45,0.1223
OCG,-0.12691624127503043,23,1,15,0.8,0.8941
OCGN,-0.01438004519266313,51,0,0,0.5,0.4671
OCS,-0.21065515961526585,14,1,30,1.0,0.5912
OCSL,-0.0085300297747937,53,0,0,0.4,0.1063
OCUL,0.1287669814500917,83,0,0,0.1,0.1868
ODC,0.26985012431349786,92,0,0,0.0,0.0309
ODD,0.425302674513999,96,0,0,0.4,0.5827
ODFL,-0.05153152717597341,37,1,14,0.7,0.1481
ODV,-0.19991960783984092,14,1,13,0.95,0.5358
ODYS,-0.15930956626792753,19,0,0,0.85,0.4967
OEC,-0.25227849177198,11,1,12,0.65,0.3392
OESX,0.08924934540603714,77,1,1,0.2,0.4772
OFAL,-0.5391034921839397,2,1,37,1.0,0.8046
OFG,0.08477151603054116,76,0,0,0.05,0.0082
OFIX,0.015187949892549055,61,0,0,0.8,0.3364
OFLX,-0.03021961311595337,42,1,1,0.15,0.2451
OFS,0.08223468502075759,76,0,0,0.4,0.2542
OGC,-0.1942942243786691,15,1,13,0.95,0.471
OGCP,0.016842734396443695,61,1,4,0.25,0.2725
OGE,0.006941837019056277,58,0,0,0.35,0.1216
OGEN,-0.09096782554047478,29,1,3,0.55,0.474
OGI,-0.23621850711642792,12,1,6,0.95,0.4869
OGN,0.22210690380068154,90,1,2,0.1,0.0372
OGS,-0.08094776678693119,31,1,6,0.8,0.2321
OHI,0.0817832315610913,76,0,0,0.45,0.0784
OI,0.11166347270036098,81,0,0,0.15,0.4585
OIA,-0.008244794024130996,53,0,0,0.35,0.1294
OII,0.003594311073043699,57,0,0,0.45,0.0715
OIO,0.009703488624197038,59,1,2,0.5,
OIS,-0.2007919296784554,14,1,46,1.0,0.5024
OKE,-0.014136297182114586,51,0,0,0.5,0.174
OKLO,-0.2604445640402896,10,1,23,1.0,0.58
OKTA,0.5093296710205726,97,0,0,0.0,0.0
OKUR,-0.03194063715467259,41,1,1,0.1,0.2034
OKYO,0.03855802666533116,66,0,0,0.8,0.4807
OLB,-0.3275487199212482,6,1,18,0.95,
OLED,-0.16803843327933757,18,1,10,0.85,0.4385
OLLI,-0.1870443339245244,16,1,14,0.85,0.4736
OLMA,-0.016713796929699987,50,0,0,0.55,0.6015
OLN,-0.2561932851718881,10,1,42,1.0,0.391
OLOX,-0.27702615927198715,9,1,17,0.85,
OLP,0.0732467639623641,74,0,0,0.05,0.0194
OLPX,-0.01362583191398642,51,1,1,0.35,
OM,0.009074026272770527,59,0,0,0.35,0.2197
OMAB,0.0059776096345106056,58,1,1,0.25,0.2506
OMC,0.03765600697572283,66,0,0,0.35,0.1309
OMCL,0.040994687119433534,67,0,0,0.65,0.2077
OMDA,0.4047452861613607,95,0,0,0.1,0.0
OMER,-0.12989529483869874,23,0,0,0.75,0.3406
OMEX,-0.40084481751279927,4,1,23,1.0,0.7396
OMF,0.05808378438108577,71,0,0,0.05,0.2007
OMH,-0.5344117624801652,2,1,27,1.0,0.7904
OMSE,-0.1514204847222877,20,1,32,1.0,0.3292
ON,-0.13461634326807032,22,1,7,0.6,0.3156
ONB,0.08197342585399045,76,0,0,0.0,0.0621
ONBPO,-0.03015898461473012,42,1,6,0.55,0.1364
ONBPP,-0.020059218659367738,49,1,5,0.45,0.1343
ONC,0.0343666063310729,65,0,0,0.5,0.2433
ONCH,-0.018568984805046797,49,0,0,0.5,0.14
ONCHU,-0.022735952284152136,47,1,2,0.45,0.1438
ONCO,-0.44318942275128514,3,1,69,1.0,
ONCY,-0.08225756348476318,31,1,4,0.5,0.3824
ONDS,-0.33556655458221857,6,1,21,1.0,0.5188
ONEG,-0.26908570565479806,9,1,8,0.7,
ONEW,-0.015040612690359077,51,1,5,0.45,0.3132
ONFO,-0.42157415169143053,3,1,42,1.0,
ONIT,-0.04196078477562089,39,1,1,0.35,0.3444
ONL,-0.0032505690794924595,55,1,4,0.7,0.091
ONMD,-0.1828175553138303,16,0,0,0.7,0.4519
ONON,-0.00954342740693006,53,1,6,0.7,0.3365
ONT,0.06233421077210237,72,0,0,0.2,0.3282
ONTO,0.004554501397549017,57,1,3,0.15,0.2613
OOMA,0.15172620700845899,85,0,0,0.45,0.0
OPAD,6.846197088123775,99,0,0,0.0,
OPAL,-0.14220687394709552,21,1,2,0.65,0.3251
OPBK,0.019697882911770784,62,1,1,0.2,0.0826
OPCH,-0.03658663158152976,40,1,2,0.5,0.4597
OPEN,-0.0669217542398455,34,0,0,0.65,0.3933
OPFI,0.06301055899305327,72,0,0,0.4,0.1622
OPHC,0.011375487108797183,60,1,1,0.1,0.0948
OPK,0.1250613268022167,82,0,0,0.0,0.0505
OPLN,0.15701988861338415,86,0,0,0.0,0.0644
OPP,-0.016615110117270425,50,0,0,0.5,0.1104
OPRA,0.07859064234735308,75,0,0,0.2,0.0373
OPRT,0.10303411612994767,79,0,0,0.35,0.1395
OPRX,0.02085759949411249,62,0,0,0.65,0.5863
OPTT,-0.3508017965036114,5,1,21,1.0,0.6633
OPTU,-0.07788670803838091,32,1,4,0.2,
OPTX,-0.08227598923289084,31,1,3,0.45,0.3304
OPXS,0.14932453284196748,85,0,0,0.0,0.1973
OPY,0.1298047831001246,83,0,0,0.0,0.0654
OR,-0.21306897665332766,13,1,12,0.85,0.4219
ORA,-0.16114972949797998,19,1,14,0.7,0.2368
ORBS,-0.27581503140835273,9,1,11,0.75,0.6578
ORC,-0.020618749489844913,48,1,1,0.55,0.1807
ORCL,-0.3093084747300807,7,1,18,0.9,0.4226
ORGO,-0.016508408774018324,50,0,0,0.6,0.4553
ORI,0.0566799610427276,70,0,0,0.25,0.1166
ORIC,0.23025979041169264,90,0,0,0.3,0.2901
ORIO,-0.14048630215568292,21,1,52,1.0,0.4243
ORIQ,-0.027905787701924745,44,1,6,0.55,0.147
ORIQU,-0.023550083854360804,47,1,4,0.35,0.1486
ORKA,0.3125202975793883,93,0,0,0.0,0.1132
ORKT,-0.1371162705176277,22,1,9,0.45,
ORLA,-0.2716692328069322,9,1,57,1.0,0.5884
ORLY,-0.08149307766886008,31,1,2,0.55,0.2092
ORMP,0.10509487132001641,80,1,1,0.5,0.1554
ORN,0.0022922581113173773,57,1,4,0.35,0.1761
ORRF,0.05594077448533956,70,0,0,0.0,0.0591
OSBC,0.05461151798174106,70,0,0,0.0,0.0413
OSCR,0.6341674295341073,97,0,0,0.0,0.0367
OSG,0.2651658448679971,92,0,0,0.0,0.1306
OSIS,-0.07997733731205718,31,1,2,0.7,0.3386
OSK,-0.029294420817408216,43,1,1,0.15,0.2691
OSPN,0.12207313294612082,82,0,0,0.3,0.035
OSRH,-0.3530711780665981,5,1,36,1.0,
OSS,0.12214569844155737,82,1,3,0.45,
OST,-0.0333302468976196,41,1,5,0.5,0.161
OSTX,-0.07748425777945474,32,1,2,0.5,0.2965
OSUR,0.19717489150019477,89,0,0,0.0,0.0556
OSW,0.10919941758289181,80,0,0,0.0,0.0558
OTEX,-0.038711494229638224,40,0,0,0.75,0.3515
OTF,-0.1065922952551796,27,1,3,0.75,0.3005
OTGA,-0.026797324050910853,45,1,6,0.55,0.1452
OTGAU,-0.02766996072513489,44,1,5,0.5,0.1536
OTIS,-0.025470942092570316,46,0,0,0.4,0.2795
OTLK,3.1475624841755567,99,0,0,0.0,0.2057
OTLY,-0.026367935867364817,45,0,0,0.6,0.3306
OTTR,0.007652669532486479,59,0,0,0.2,0.1009
OUST,0.35300906094327006,95,1,1,0.1,0.2962
OUT,0.059910122369834826,71,0,0,0.5,0.0361
OVBC,-0.13398214733180625,22,1,9,0.65,0.1785
OVID,0.05570087612669969,70,0,0,0.55,0.1362
OVLY,-0.03048199173623136,42,1,3,0.55,0.1211
OVV,-0.11853252897750817,25,0,0,0.85,0.2471
OWL,-0.07688832061327479,32,0,0,0.9,0.4338
OWLS,-0.08375768427320635,30,1,6,0.9,0.2199
OWLT,0.07885889632296678,75,0,0,0.45,0.6716
OXBR,0.5721073691737957,97,0,0,0.35,0.0092
OXLC,-0.0985853846835377,28,1,44,1.0,0.3568
OXLCN,-0.023101361877676495,47,1,6,0.5,0.1229
OXLCO,-0.02567623281718081,46,1,5,0.5,0.119
OXM,-0.18904267131543415,15,1,17,0.9,0.2774
OXSQ,-0.09627673483780702,28,0,0,0.85,0.263
OXY,-0.16345954168442903,18,1,17,0.95,0.3392
OYSE,-0.026342681909166922,45,1,5,0.5,0.1486
OYSEU,-0.015839313445592695,50,1,2,0.15,0.1628
OZ,-0.1320267324535075,23,1,9,0.95,0.3065
OZK,-0.0011405061303234043,56,1,3,0.25,0.098
OZKAP,-0.051398884271039134,37,1,6,0.6,0.1543
P,0.035410075736171595,65,0,0,0.75,0.1164
PAA,-0.025703865724763263,46,0,0,0.75,0.1333
PAAS,-0.19568483903586414,15,1,35,1.0,0.4099
PAC,-0.06436775622373846,34,1,1,0.3,0.2759
PACB,-0.03888183451220226,40,0,0,0.5,0.4645
PACH,-0.026842204305987105,45,1,6,0.55,0.1461
PACHU,-0.03138854750742498,42,1,5,0.5,0.1593
PACK,0.13263569876434245,84,1,4,0.2,0.1682
PACS,0.21828800654418629,90,0,0,0.35,0.0444
PAG,0.08810125480079317,77,0,0,0.1,0.0376
PAGP,-0.020132859520886802,49,0,0,0.65,0.1342
PAGS,-0.08705484454916385,30,1,2,0.8,0.2988
PAHC,-0.23488033454539445,12,0,0,0.85,0.4916
PAI,-0.025010411149185154,46,1,5,0.55,0.1297
PAII,-0.027233859821979466,45,1,5,0.5,0.1535
PAL,-0.08564177366110086,30,1,6,0.3,0.4465
PALI,0.03782514382834948,66,0,0,0.5,0.3023
PAM,-0.04548794522044447,38,1,11,0.6,0.1999
PAMT,0.16380238659208696,87,1,3,0.3,0.1733
PANL,-0.12194075441446016,24,1,9,0.9,0.3382
PANW,0.5359521103413709,97,0,0,0.0,0.0528
PAPL,-0.006189591181399459,54,1,3,0.8,0.6081
PAR,0.25813972272199315,92,0,0,0.15,0.5769
PARK,0.12917510147248246,83,0,0,0.55,0.0479
PARR,-0.023969203128386875,47,0,0,0.6,0.2084
PASG,-0.15122027429681292,20,1,8,0.75,0.7674
PASW,-0.10574771958840536,27,1,10,0.55,
PATH,0.00141695478409979,56,0,0,0.6,0.3751
PATK,-0.07496251042910815,32,1,5,0.8,0.4411
PAVM,-0.2514450109129331,11,1,2,0.8,
PAVS,-0.9809597921958986,0,1,78,1.0,
PAX,-0.11372204041062776,25,1,12,0.8,0.408
PAXS,-0.0029015811954432036,55,0,0,0.35,0.1236
PAY,0.18918215623916718,88,0,0,0.6,0.1406
PAYC,0.05405245563712455,70,0,0,0.65,0.1596
PAYO,0.3811039650934139,95,0,0,0.0,0.0291
PAYS,0.24436515873392944,91,0,0,0.1,0.0073
PAYX,0.10238184889251986,79,0,0,0.3,0.1116
PB,0.02397125493731965,63,1,3,0.15,0.1127
PBA,-0.013714453976100514,51,0,0,0.55,0.1084
PBF,0.06062156670546351,71,0,0,0.35,0.1945
PBFS,0.09194846418956834,77,0,0,0.0,0.0353
PBH,-0.024301235000042033,47,0,0,0.55,0.343
PBHC,0.12034236690446878,82,0,0,0.0,0.0558
PBI,0.11707688173742839,81,1,3,0.15,0.0831
PBK,-0.18821387707593096,16,1,14,0.8,
PBM,-0.21337077418519204,13,1,42,1.0,
PBR,-0.18183973197640388,16,1,42,1.0,0.3211
PBT,-0.015295228050212425,51,1,15,0.8,0.1721
PBYI,0.09038755672580165,77,0,0,0.15,0.0744
PC,-0.0333302468976196,41,1,5,0.5,0.161
PCAP,-0.029121595147900303,43,1,6,0.55,0.1479
PCAPU,-0.02924597947974793,43,1,5,0.5,0.1553
PCAR,0.034985801364713354,65,0,0,0.0,0.1144
PCB,0.14676543698205502,85,0,0,0.0,0.0184
PCF,-0.034026887004024196,41,1,2,0.7,0.1349
PCG,-0.009590261340794517,53,0,0,0.45,0.1743
PCLA,0.4516155335609931,96,1,2,0.55,
PCM,-0.013105059783260986,52,0,0,0.6,0.1018
PCN,-0.01960447955094541,49,0,0,0.2,0.1244
PCOR,-0.1907402916667134,15,0,0,0.85,0.4439
PCQ,-0.010597857969008972,52,1,2,0.25,0.0981
PCRX,0.0804909572911504,75,0,0,0.35,0.0898
PCSA,-0.34153599833946324,5,1,21,1.0,0.5309
PCSC,-0.00497947663685093,55,0,0,0.7,0.2592
PCT,-0.23523970813975714,12,1,19,0.95,0.4824
PCTTU,0.2088343455009889,89,1,5,0.55,
PCTY,0.047736295081809196,68,0,0,0.6,0.2909
PCVX,0.11876117379380796,81,0,0,0.35,0.1209
PCYO,-0.03323468587691174,41,1,3,0.3,0.1849
PD,0.24744945336009844,91,0,0,0.1,0.2557
PDC,-0.15929843899294377,19,1,4,0.7,0.4469
PDCC,-0.07196661335113386,33,1,5,0.7,0.3112
PDD,-0.1333557336907944,23,0,0,0.8,0.3774
PDEX,-0.03601408386667354,40,1,7,0.55,0.1221
PDFS,0.061720377030238804,72,1,3,0.15,0.2716
PDI,-0.036902733961399536,40,0,0,0.55,0.1462
PDLB,0.07447116944971621,74,0,0,0.0,0.0226
PDM,0.13282553060477675,84,0,0,0.0,0.0168
PDO,-0.005778732044599368,54,0,0,0.3,0.1098
PDPA,-0.02141666597179056,48,1,2,0.45,0.1355
PDS,-0.22354104204747885,13,1,15,0.75,0.3419
PDSB,-0.2405988788354979,11,1,16,0.95,0.4267
PDT,-0.019305477281275595,49,0,0,0.4,0.1294
PDX,-0.04232660808780708,39,1,7,0.8,0.1775
PDYN,-0.27843796795341247,9,1,11,0.9,0.5113
PEB,0.18796637300182875,88,0,0,0.0,0.0588
PEBK,-0.008117170699035094,54,1,2,0.35,0.0909
PEBO,0.08404085032569868,76,0,0,0.0,0.0263
PECO,0.05598002999809984,70,0,0,0.2,0.0387
PED,-0.26219647776781724,10,1,4,0.8,0.4396
PEG,0.008987768136947655,59,0,0,0.2,0.1455
PEGA,-0.1648674897524167,18,0,0,0.95,0.5025
PEN,-0.04909805512989586,37,1,6,0.75,0.1965
PENG,0.5421750431216055,97,1,1,0.1,0.176
PENN,0.14401560970367627,85,1,1,0.05,0.0741
PEO,-0.084509821940746,30,1,17,0.9,0.2345
PEP,-0.05783584579565878,35,0,0,0.85,0.2206
PEPG,0.20316486016656812,89,0,0,0.3,
PERF,-0.015437427823570927,50,0,0,0.6,0.1352
PERI,-0.02445038030976123,46,0,0,0.5,0.2299
PESI,0.24940549815268825,91,0,0,0.2,0.1622
PETS,-0.09941550713178468,28,0,0,0.75,0.4947
PETZ,0.05750667683632987,71,1,7,0.35,0.2995
PEW,0.07660206185391806,75,0,0,0.9,0.2285
PFAI,-0.028937426140151636,43,1,5,0.85,0.139
PFBC,0.07459838848951542,74,0,0,0.0,0.0271
PFD,-0.01699056893133971,50,1,2,0.3,0.1099
PFE,-0.11151382421186815,26,1,12,0.75,0.2572
PFG,0.09543866124375061,78,0,0,0.1,0.0144
PFGC,0.24791493710560047,91,0,0,0.0,0.0
PFIS,0.1337380643752003,84,0,0,0.0,0.0247
PFL,-0.018660017246590964,49,0,0,0.45,0.122
PFLT,-0.17874178051352763,17,1,41,1.0,0.2687
PFN,0.006082726363500504,58,0,0,0.4,0.0923
PFO,-0.018020812345579874,49,1,2,0.35,0.1171
PFS,0.03261926776140506,65,0,0,0.05,0.0794
PFSA,-0.76320560196607,0,1,60,1.0,
PFSI,-0.07665652519799568,32,1,3,0.7,0.5288
PFX,-0.02187203394144197,48,1,5,0.55,0.1763
PG,0.04102730804035898,67,0,0,0.25,0.16
PGAC,-0.01870271233073316,49,1,6,0.5,0.1417
PGACU,-0.06329386856784414,34,1,15,0.75,0.3218
PGC,0.08730462423303069,77,0,0,0.0,0.0445
PGEN,0.3251627582228317,94,0,0,0.15,0.0833
PGNY,0.4240503667752588,96,0,0,0.0,0.0001
PGP,-0.03622738282444045,40,1,2,0.7,0.137
PGR,0.16139604708328212,86,0,0,0.0,0.0178
PGY,0.23958029574557488,91,0,0,0.0,0.3494
PGZ,0.027280570463829493,64,0,0,0.05,0.0652
PH,0.055889882772828484,70,0,0,0.0,0.1422
PHAR,-0.009991448447147899,53,0,0,0.5,0.3683
PHAT,0.032812086069023264,65,0,0,0.45,0.3209
PHG,0.058090596523958274,71,0,0,0.05,0.1794
PHGE,-0.7015467933552946,1,1,25,1.0,
PHI,-0.08928303791361361,29,0,0,0.8,0.2928
PHIN,-0.01598603283491371,50,1,4,0.25,0.1002
PHIO,-0.16188873784426555,19,1,56,1.0,0.4448
PHK,0.0032315288589829516,57,0,0,0.2,0.1001
PHM,0.06570951913077804,72,0,0,0.0,0.1699
PHOE,0.22035926296896896,90,0,0,0.45,
PHR,0.11144403100783595,81,0,0,0.6,0.4132
PHUN,-0.031140044254175978,42,1,1,0.8,0.171
PHVS,0.10297947136350602,79,0,0,0.0,0.0124
PI,0.021786897572697125,62,0,0,0.6,0.3922
PII,-0.038366668119533626,40,1,5,0.25,0.1911
PIII,1.3732312044654236,99,1,2,0.3,
PIM,-0.020083763995566672,49,0,0,0.35,0.1499
PINE,0.030018537332189316,64,1,1,0.2,0.087
PINS,0.03347533461266064,65,0,0,0.35,0.2495
PIPR,-0.07241801925928018,33,1,8,0.6,0.2561
PJT,0.06641092950785867,73,0,0,0.55,0.1949
PK,0.13726889477372167,84,0,0,0.0,0.0496
PKBK,0.05584561395964571,70,0,0,0.05,0.0263
PKE,0.11379423859367732,81,0,0,0.45,0.0368
PKG,0.030159266819129296,64,1,1,0.05,0.1335
PKOH,0.15244051178315027,85,1,1,0.05,0.1194
PKX,-0.29355684015704486,8,1,35,1.0,0.4502
PL,-0.308889325481196,7,1,4,0.95,0.4387
PLAB,-0.298164360587302,8,1,27,1.0,0.5056
PLAG,0.31778577169965483,94,0,0,0.35,0.5044
PLAY,-0.06879500633292743,33,1,6,0.7,0.5378
PLBC,0.08721934919681137,77,0,0,0.0,0.0328
PLBL,0.46314264116625875,96,0,0,0.15,0.1657
PLBY,-0.235078544185687,12,1,9,0.55,0.5992
PLCE,-0.06682031861531154,34,0,0,0.8,0.4125
PLD,-0.0023688556379174303,55,0,0,0.55,0.0671
PLG,-0.2590010970588534,10,1,36,1.0,0.6512
PLGO,0.15141381183625474,85,0,0,0.0,0.046
PLMK,-0.026907615103648176,45,1,6,0.55,0.1482
PLMKU,-0.03549717650625417,40,1,5,0.45,0.2018
PLMR,0.29868102601824537,93,0,0,0.25,0.0145
PLNT,-0.13755545104315828,22,1,2,0.7,0.548
PLOW,-0.062167606210953436,35,1,2,0.1,0.2007
PLPC,-0.10294152470732408,27,1,3,0.25,0.2084
PLRX,-0.06462166660610859,34,0,0,0.8,0.2647
PLRZ,0.13389054936349556,84,0,0,0.65,0.1304
PLSE,0.18216127035030474,88,0,0,0.1,0.05
PLTK,0.11142170085475714,81,0,0,0.35,0.0754
PLTR,-0.08092707646406402,31,0,0,0.85,0.3083
PLTS,-0.0333302468976196,41,1,5,0.5,0.161
PLUG,-0.2804027843114163,9,1,23,1.0,0.4003
PLUR,-0.2832806561142875,8,1,37,1.0,0.501
PLUS,-0.007035802299204273,54,0,0,0.7,0.1346
PLUT,-0.056134630959944684,36,1,10,0.7,0.1838
PLX,0.1285335205712499,83,0,0,0.25,0.3178
PLXS,-0.04433041575553145,38,1,3,0.15,0.1613
PM,0.07907977913761666,75,0,0,0.3,0.0837
PMAX,-0.291367512410519,8,1,6,0.75,
PMCB,-0.05118517245796661,37,1,4,0.45,0.3381
PMEC,-0.12816576488212672,23,1,7,0.8,0.4341
PMI,-0.495510294100926,2,1,18,0.95,
PML,-0.012833014696805499,52,1,2,0.35,0.1226
PMM,0.02455060414582811,63,0,0,0.1,0.0825
PMN,0.2777733531699106,92,0,0,0.35,0.5046
PMO,0.004585182598067228,57,1,1,0.15,0.0986
PMT,-0.06752918906040253,34,1,1,0.6,0.2694
PMTR,-0.024454909034579708,46,1,6,0.5,0.1414
PMTRU,-0.028632612105227728,43,1,5,0.45,0.1865
PMTS,0.09994428576676986,79,1,1,0.05,0.0824
PMVP,-0.050019777489250405,37,0,0,0.6,0.371
PN,-0.09891611333933105,28,1,1,0.7,
PNBK,-0.014108386082460157,51,0,0,0.5,0.3756
PNC,0.1099771634812246,80,0,0,0.0,0.0326
PNFP,0.024413613508790025,63,0,0,0.3,0.0899
PNI,-0.017085038193623937,50,1,2,0.3,0.1042
PNNT,-0.23219625708309405,12,1,42,1.0,0.443
PNR,-0.053213003956987984,36,1,2,0.55,0.3592
PNRG,-0.16228358810046192,19,1,29,1.0,0.3656
PNTG,0.2696506156449516,92,0,0,0.1,0.0005
PNW,0.04263772670342908,67,0,0,0.1,0.0813
POAS,-0.5168146653315475,2,1,26,1.0,
POCI,-0.03395236964846409,41,1,11,0.55,0.2624
PODC,0.20543784722214636,89,1,2,0.45,0.1738
PODD,-0.03356315217614978,41,0,0,0.55,0.494
POET,-0.22479074772097846,12,1,14,0.95,0.5987
POLA,-0.2115130404823613,14,1,21,1.0,0.379
POLE,-0.02855847604247975,44,1,6,0.55,0.1483
POLEU,-0.12022151059248692,25,1,17,0.85,0.2235
POM,-0.47941744499276856,2,1,40,1.0,
PONY,-0.34878359576772194,5,1,22,1.0,0.6509
POOL,0.08378874070476439,76,0,0,0.1,0.2857
POR,0.026159455649672272,64,0,0,0.2,0.1486
POST,-0.09955569991409574,28,1,2,0.9,0.2884
POWI,-0.1202967608741001,25,1,4,0.4,0.2383
POWL,-0.1541930654501147,20,1,7,0.45,0.2844
POWW,0.12926839175523738,83,0,0,0.25,0.0125
POWWP,-0.04616513942599465,38,0,0,0.8,0.1716
PPBT,-0.5862038993113716,1,1,48,1.0,0.7943
PPC,-0.10556764904365687,27,1,2,0.6,0.4032
PPCB,-0.14247921853307827,21,0,0,0.65,
PPG,0.07771533022157669,75,1,1,0.05,0.1616
PPIH,-0.26100237689694866,10,1,21,1.0,0.3416
PPL,-0.02756680231775125,44,1,2,0.45,0.1866
PPLI,0.09648787548083892,78,0,0,0.45,0.004
PPSI,-0.20198430995945554,14,1,11,0.95,0.4122
PPT,-0.029090416383248174,43,1,2,0.5,0.15
PPTA,-0.2777945679138535,9,1,13,0.9,0.5096
PR,-0.11585443428053652,25,0,0,0.85,0.2478
PRAA,0.01895397730761174,62,0,0,0.45,0.2279
PRAX,0.07898342728680025,75,0,0,0.45,0.1413
PRCH,0.5221989263222502,97,0,0,0.2,0.0837
PRCT,-0.21645846666529817,13,1,16,0.8,0.4405
PRDO,-0.029555746163438357,43,0,0,0.6,0.2028
PRE,-0.16021791283389694,19,1,7,0.35,0.3395
PRFX,-0.34480952973853013,5,1,12,0.85,
PRG,0.28687343014035566,93,0,0,0.0,0.0747
PRGO,0.003768158715588818,57,0,0,0.65,0.2988
PRGS,0.2689743283173026,92,0,0,0.35,0.1817
PRHI,-0.08277685786086009,31,0,0,0.6,0.2337
PRI,0.12129768898217042,82,0,0,0.05,0.0
PRIM,-0.44497229694406554,3,1,42,1.0,
PRK,0.040164115867589695,67,0,0,0.05,0.0373
PRKS,0.23713107126364158,91,0,0,0.0,0.0261
PRLB,0.05117084393583196,69,1,4,0.2,0.1015
PRLD,0.16511897549458587,87,0,0,0.2,0.1593
PRM,0.11597428711960589,81,1,4,0.25,0.116
PRMB,0.13635279680784151,84,0,0,0.05,0.027
PRME,0.1336172010762493,84,0,0,0.35,0.2182
PROF,0.048378672877790976,68,0,0,0.65,0.2046
PROK,0.013853925826058655,60,0,0,0.4,0.2916
PROP,-0.2996555554370815,7,0,0,0.9,0.7181
PROV,-0.014560598722972252,51,1,2,0.4,0.0938
PRPL,-0.3071553486526148,7,1,9,0.95,0.6091
PRPO,-0.03570558063538082,40,0,0,0.65,0.2245
PRQR,-0.0018997039125454931,56,1,1,0.45,0.2749
PRSO,-0.3082191294353023,7,1,21,1.0,
PRSU,0.25755180383524073,92,0,0,0.0,0.0284
PRT,-0.14298622540377254,21,1,2,0.45,0.4488
PRTA,-0.05774085090074624,35,0,0,0.45,0.2016
PRTH,0.22663260523499146,90,0,0,0.0,0.0704
PRTS,-0.2009564294165423,14,1,13,0.85,0.3972
PRU,0.11495790690665261,81,0,0,0.0,0.0834
PRVA,0.19233543804781517,88,0,0,0.05,0.0087
PRZO,-0.3321464146976394,6,1,21,1.0,0.6849
PSA,0.07682971005251124,75,0,0,0.05,0.0271
PSBD,-0.029939385521256745,42,1,3,0.5,0.1635
PSEC,-0.12109795349546694,25,1,3,0.7,0.2907
PSF,-0.002236509786922747,55,0,0,0.05,0.0946
PSFE,0.028540160896904962,64,0,0,0.65,0.1745
PSHG,-0.12230655851019365,24,1,14,0.75,0.3725
PSIG,-0.8598781123293118,0,1,7,0.35,
PSIX,-0.3432710767823169,5,1,39,1.0,0.6811
PSKY,-0.08186601185906604,31,1,2,0.8,0.3218
PSMT,0.1367217680766515,84,0,0,0.0,0.0464
PSN,-0.02703534092879172,45,0,0,0.6,0.2916
PSNL,0.7235961993846847,98,0,0,0.0,0.0204
PSNY,-0.04150144092974961,39,1,1,0.6,0.2462
PSNYW,-0.34279563736189406,5,1,65,1.0,0.6404
PSO,0.10447481638351655,80,0,0,0.2,0.0
PSQH,-0.3289754685490322,6,1,38,1.0,0.6548
PSTL,0.10775704310720846,80,0,0,0.2,0.0333
PSTV,-0.2679576954612226,10,1,26,1.0,0.7562
PSX,-0.044756487819091494,38,0,0,0.55,0.1907
PTA,-0.029373025085749127,43,1,2,0.75,0.0912
PTC,-0.13691653550120536,22,0,0,0.85,0.3392
PTCT,0.2684051249937955,92,0,0,0.0,0.0
PTEN,-0.2664725376507403,10,1,17,0.9,0.3187
PTGX,0.3515068197273073,95,0,0,0.05,0.0
PTHS,-0.06590708219123788,34,1,4,0.3,0.1958
PTLE,0.14609180417961815,85,0,0,0.15,
PTLO,0.06774428461309351,73,0,0,0.3,0.2994
PTN,-0.36337847502530213,5,1,48,1.0,0.5901
PTNM,-0.0333302468976196,41,1,5,0.5,0.161
PTON,0.027001410084014008,64,0,0,0.45,0.2326
PTRN,0.724397739409651,98,0,0,0.05,0.0
PTY,-0.00873440696729072,53,0,0,0.3,0.1205
PUBM,0.2249183275103812,90,0,0,0.0,0.0394
PUK,-0.04040961023555293,39,0,0,0.8,0.2386
PULM,0.26571161643836516,92,0,0,0.0,0.5249
PUMP,-0.2585989989283697,10,1,30,1.0,0.3585
PURR,0.08897544699792391,77,1,1,0.5,0.2444
PUSA,-0.31223891276676036,7,1,16,0.8,0.4205
PVH,-0.08806526780871703,30,1,22,1.0,0.2676
PVL,-0.14680051762987523,20,1,16,0.9,0.2431
PVLA,0.18186520885178842,88,0,0,0.35,0.0993
PW,0.05992043571176073,71,1,2,0.1,0.3102
PWP,-0.07364009591475344,33,1,1,0.85,0.3794
PWR,-0.08425065882218084,30,1,4,0.55,0.1811
PXED,0.10245049772321396,79,0,0,0.15,0.0496
PXLW,-0.0847447146188921,30,1,14,0.85,0.2559
PXS,-0.15057490887071223,20,1,9,0.7,0.2059
PYPD,0.12517802084820362,82,0,0,0.45,0.0402
PYPL,-0.0040850316420036475,55,0,0,0.7,0.2792
PYXS,0.7910574507783525,98,0,0,0.35,0.0
PZG,-0.23776421771407785,11,1,80,1.0,0.613
PZZA,0.011652027980221212,60,1,2,0.45,0.182
Q,-0.054811571890379586,36,1,4,0.4,0.2034
QBTS,-0.06116755107977444,35,1,9,0.85,0.3585
QCLS,-0.051068164191499454,37,1,3,0.8,0.4065
QCOM,-0.07088631503121508,33,1,10,0.8,0.2644
QCRH,0.0172870110108113,61,1,1,0.05,0.078
QDEL,0.17372389524737855,87,0,0,0.2,0.5575
QETA,-0.0017938203973853484,56,1,1,0.4,0.1347
QETAU,-0.11600360692494147,25,1,11,0.95,0.147
QFIN,0.003956560291972798,57,1,2,0.1,0.2225
QGEN,0.013655799640929007,60,0,0,0.1,0.3706
QLYS,0.5348220751990622,97,0,0,0.0,0.0
QMCO,-0.015450648993631952,50,1,7,0.35,0.361
QNCX,-0.22332471128002143,13,1,61,1.0,
QNRX,-0.096612129775211,28,0,0,0.8,0.6652
QNST,0.27422084223127063,92,0,0,0.05,0.0265
QNTM,-0.2914987939243153,8,1,25,1.0,
QQQX,-0.010879964234843064,52,0,0,0.55,0.0307
QRHC,-0.015564446088465567,50,1,7,0.35,0.517
QRVO,-0.14451620805942875,21,1,9,0.7,0.2124
QS,-0.1646574882300481,18,1,5,0.9,0.4397
QSEA,-0.02535765659062611,46,1,4,0.4,0.1472
QSEAU,-0.03657756023564808,40,1,5,0.75,0.1434
QSI,-0.1348424363280845,22,1,21,1.0,0.3566
QSR,-0.04663124952244482,38,0,0,0.6,0.1508
QTEX,1.3614218536478744,99,0,0,0.45,
QTI,-0.3027085357147034,7,1,37,1.0,0.5264
QTRX,0.07884414618032606,75,0,0,0.3,0.5418
QTTB,0.7310186994341583,98,0,0,0.05,
QTWO,0.09871230448894969,79,0,0,0.6,0.2936
QUAD,0.09577241634019659,78,0,0,0.1,0.0435
QUBT,-0.11898566008335282,25,1,9,0.8,0.3704
QUCY,0.9228296195294567,98,1,21,1.0,
QUIK,-0.1635233774780664,18,1,10,0.65,0.3593
QUMS,-0.02693206637698052,45,1,6,0.55,0.1461
QUMSU,-0.0259784274783054,46,1,5,0.5,0.1532
QURE,0.7697472653921968,98,0,0,0.0,
QXL,0.5985415436794117,97,1,1,0.05,0.221
QXO,-0.16071540351661595,19,1,5,0.75,0.4891
R,0.060392378687525214,71,0,0,0.2,0.0664
RA,-0.009630046105637835,53,0,0,0.3,0.1072
RAC,-0.02824219021868938,44,1,2,0.45,0.157
RACE,0.10781672207900972,80,0,0,0.1,0.0931
RADX,-0.10646756481606173,27,1,2,0.9,0.2511
RAIL,0.004883532712919136,58,1,3,0.15,0.4994
RAIN,-0.16670953281958933,18,1,5,0.7,0.5507
RAL,0.27085514707447733,92,1,1,0.05,0.0953
RAMP,0.11608127560622,81,0,0,0.05,0.0349
RAND,-0.08948299400755563,29,1,9,0.9,0.2761
RANG,-0.023787122363362057,47,1,5,0.5,0.1433
RANGU,-0.03194432021285448,41,1,5,0.75,0.1594
RANI,-0.22720804605054926,12,1,29,1.0,0.5598
RAPP,0.07656079561309502,75,0,0,0.3,0.0597
RARE,0.4800359240688494,96,0,0,0.1,0.0
RAVE,0.1525656702732649,85,0,0,0.0,0.1271
RAY,0.01601536858545983,61,0,0,0.85,0.4128
RAYA,-0.30263292690704063,7,1,19,0.95,
RBA,0.05558820867893212,70,0,0,0.0,0.1219
RBB,0.09656666191237914,78,0,0,0.0,0.0501
RBBN,-0.26580066303863414,10,1,19,0.95,0.3569
RBC,-0.010675607554979125,52,1,4,0.2,0.0915
RBCAA,0.11434908801417018,81,0,0,0.0,0.0301
RBKB,0.029964578606599818,64,1,1,0.05,0.06
RBLX,0.2053589396550658,89,0,0,0.3,0.4021
RBNE,-0.6331499495572965,1,1,62,1.0,
RBRK,0.3309313222610826,94,0,0,0.25,0.0
RC,-0.08013489413748102,31,1,2,0.55,0.3693
RCAT,-0.3134048606657992,7,1,16,0.9,0.5222
RCEL,0.15024808509953366,85,0,0,0.7,0.1729
RCG,0.015596286758608698,61,0,0,0.3,0.2207
RCI,-0.14280411839756507,21,1,13,0.65,0.2794
RCKT,0.24376296794396407,91,0,0,0.35,0.3082
RCKY,0.03286741873408337,65,1,3,0.15,0.2323
RCL,-0.026584642422810712,45,1,3,0.25,0.2508
RCMT,0.02411730449656868,63,0,0,0.05,0.1769
RCON,-0.5090427839947633,2,1,46,1.0,0.7876
RCS,-0.01566629021534096,50,0,0,0.45,0.1575
RCT,-0.6639469347599489,1,1,9,0.7,
RCUS,0.19953315934980553,89,0,0,0.35,0.0486
RDAC,-0.2196867284911124,13,1,25,1.0,
RDACU,0.027303334034900845,64,1,5,0.45,
RDAG,-0.028061508239353484,44,1,6,0.55,0.1487
RDAGU,-0.024746958394987938,46,1,5,0.5,0.1423
RDCM,-0.04794104384688891,37,0,0,0.65,0.1566
RDDT,0.14583496853008912,85,0,0,0.25,0.2891
RDGT,-0.2549307016388416,10,1,72,1.0,
RDHL,-0.2715033700880695,9,1,8,0.85,0.5039
RDI,0.10540101924271991,80,0,0,0.0,0.0862
RDIB,-0.11316237986176056,26,1,10,0.85,0.447
RDN,0.07715345472297319,75,0,0,0.35,0.0324
RDNT,0.2000448670567125,89,0,0,0.15,0.2062
RDNW,-0.2190236738749679,13,1,15,0.85,0.2756
RDVT,0.455177420419877,96,0,0,0.0,0.0167
RDW,-0.23658417636653217,12,1,19,0.95,0.6032
RDWR,0.04399537506095749,67,0,0,0.4,0.0383
RDY,0.07283652524453399,74,0,0,0.35,0.0966
RDZN,-0.26258171992842655,10,1,21,1.0,0.4822
REAL,0.058878249734213475,71,1,2,0.25,0.4031
REAX,0.169862169290875,87,0,0,0.5,0.5127
REBN,-0.3100422569282317,7,1,1,0.95,0.5109
RECT,-0.023422497358564998,47,0,0,0.75,
REE,-0.8709487046235254,0,1,59,1.0,
REED,-0.470540323553797,2,1,52,1.0,0.7638
REFI,-0.06261225630062986,35,1,6,0.8,0.1813
REFR,-0.3713727293738778,4,1,50,1.0,0.6349
REG,0.02076833865872668,62,0,0,0.3,0.0825
REGCO,-0.013324998751075921,51,0,0,0.6,0.1179
REGCP,-0.008184066946651358,54,0,0,0.7,0.1176
REGN,-0.028737136463477166,43,0,0,0.7,0.2396
REI,-0.31172961965815266,7,1,37,1.0,0.4587
REKR,-0.17997832004993436,17,0,0,0.9,0.6099
RELL,0.05350027045560264,69,1,3,0.2,0.1515
RELX,-0.08067215200142987,31,0,0,0.8,0.284
RELY,0.178351436879266,88,0,0,0.3,0.0281
RENT,-0.18905791946025463,15,1,2,0.95,0.6638
RENX,0.039521770992116956,66,0,0,0.55,
REPL,1.0224408140794452,98,0,0,0.0,
REPX,-0.12486166588815116,24,1,17,0.95,0.2632
RERE,-0.11792609812175844,25,1,3,0.95,0.4033
RES,-0.26854282202326435,9,1,15,0.8,0.3514
RETO,0.18272744717625883,88,0,0,0.35,0.6601
REVB,-0.11587616200105283,25,1,2,0.65,0.7611
REX,-0.057336495909686216,36,0,0,0.85,0.1846
REXR,-0.017742124231088174,50,0,0,0.7,0.2225
REYN,0.192015877647899,88,0,0,0.0,0.0476
REZI,-0.06970900734572316,33,0,0,0.65,0.2681
RF,0.0607360500151615,71,0,0,0.05,0.0872
RFAI,-0.027014712370826366,45,1,5,0.5,0.151
RFAIU,-0.061086720407239614,35,1,5,0.75,0.1432
RFI,-0.0011217399276142945,56,0,0,0.35,0.1019
RFIL,0.08164753050173558,76,1,3,0.35,0.2325
RFL,0.7479290762576118,98,1,1,0.05,0.3826
RFM,0.005736843758201618,58,0,0,0.1,0.0735
RFMZ,0.01374232713671869,60,0,0,0.1,0.0591
RGA,0.09473736864702903,78,0,0,0.1,0.0623
RGC,-0.7950240389997127,0,1,40,1.0,0.88
RGCO,0.023457443545435858,63,1,2,0.25,0.0927
RGEN,0.09222923538556271,77,0,0,0.0,0.2499
RGLD,-0.17277399651176042,17,1,12,0.9,0.4075
RGNT,0.7092121259662187,98,1,1,0.3,
RGNX,0.8883233492996538,98,0,0,0.3,0.1385
RGP,0.0897311551187845,77,0,0,0.5,0.0669
RGR,-0.08279735984437978,31,1,9,0.7,0.2273
RGS,0.00943767761969519,59,0,0,0.6,0.058
RGT,-0.01538719871604207,51,0,0,0.45,0.1036
RGTI,-0.18596643912660193,16,1,9,0.9,0.409
RH,0.17441819390429333,87,0,0,0.2,0.3532
RHI,0.19958442331164,89,0,0,0.15,0.0307
RHLD,0.07174497727065982,74,0,0,0.05,0.4208
RHP,0.14517788436565285,85,0,0,0.0,0.0523
RIBB,-0.035368045795556594,40,1,5,0.65,0.141
RIBBU,0.012806088978394622,60,1,4,0.3,0.3067
RICK,0.03620313766053568,65,1,2,0.1,0.0746
RIG,-0.2384182048870948,11,1,31,1.0,0.3873
RIGL,0.4357909584326964,96,0,0,0.0,0.1227
RILY,-0.16925153826065864,18,1,3,0.9,0.3155
RILYL,-0.08636724649654474,30,1,9,0.5,
RILYP,-0.08451322175601018,30,1,9,0.7,0.1829
RIME,-0.4690481079388104,2,1,12,0.95,
RIO,-0.13393915084069813,22,1,13,0.85,0.1935
RIOT,-0.022746667206063012,47,1,4,0.25,0.2776
RITM,-0.02729237210297264,45,0,0,0.45,0.2539
RITR,-0.31096926168265365,7,1,12,0.7,0.7248
RIV,-0.0011818679530828935,56,0,0,0.25,0.0708
RIVN,-0.023776065124046463,47,1,1,0.4,0.2395
RJET,0.09471655437270265,78,0,0,0.7,0.156
RJF,0.08037380229927565,75,0,0,0.2,0.1025
RKDA,-0.40016286792023614,4,1,15,0.9,0.7654
RKLB,-0.1214117514693577,24,1,25,1.0,0.4442
RKT,0.02575466152458595,63,1,1,0.45,0.4252
RKTO,-0.14950310337433004,20,1,16,0.8,
RL,0.05819890752277995,71,1,2,0.1,0.0668
RLAY,0.4181336945815201,96,0,0,0.1,0.009
RLGT,0.1371408822126773,84,0,0,0.0,0.0078
RLI,0.19560638640862252,89,0,0,0.0,0.0757
RLJ,0.22634891805586665,90,0,0,0.0,0.0651
RLMD,-0.07797657942685776,32,1,4,0.7,
RLTY,0.009442457009242344,59,0,0,0.35,0.0654
RLX,-0.12399525750982197,24,1,66,1.0,0.2835
RLYB,0.1654739948714136,87,1,2,0.1,
RM,0.1601822796672741,86,0,0,0.0,0.0358
RMAX,0.3415665639978577,94,0,0,0.1,0.0288
RMBI,-0.024433210855157872,46,1,3,0.35,0.1172
RMBS,-0.22152880283262055,13,1,15,0.8,0.3755
RMCF,-0.5011436642346518,2,1,35,1.0,0.6636
RMCO,-0.1633579016469439,18,1,2,0.45,0.5056
RMD,0.04615131170779187,68,0,0,0.6,0.261
RMI,0.00877969587116171,59,0,0,0.2,0.1194
RMM,0.024418822148266947,63,0,0,0.05,0.0728
RMMZ,-0.01584005031245604,50,1,2,0.2,0.1271
RMNI,0.18144558025776192,88,0,0,0.0,0.0
RMR,0.008210759290279528,59,1,5,0.3,0.0944
RMSG,-0.489803626162395,2,1,20,1.0,
RMT,0.03086231053976035,64,1,1,0.05,0.0434
RMTI,-0.25774195678971606,10,1,63,1.0,0.5636
RNAC,0.46394449733944787,96,0,0,0.05,0.0547
RNAZ,0.19980266808868735,89,0,0,0.75,0.3697
RNG,-0.1030515169272683,27,0,0,0.75,0.1783
RNGR,-0.0876563943729742,30,1,4,0.8,0.2431
RNGT,-0.028346148712910024,44,1,6,0.55,0.1485
RNGTU,-0.03162930261624606,42,1,5,0.5,0.1582
RNP,-0.02270468710209589,47,0,0,0.6,0.1143
RNR,0.08751948838487811,77,0,0,0.1,0.0756
RNST,0.0424435282700658,67,1,1,0.05,0.0603
RNTX,-0.09584963568879265,28,0,0,0.7,0.4927
RNW,0.0312702110556642,64,1,4,0.2,0.0752
RNXT,-0.05881651343529615,35,1,1,0.45,0.3119
ROAD,-0.14726363611355833,20,1,5,0.45,0.3172
ROCK,0.09327226287176432,78,0,0,0.0,0.3179
ROG,-0.034070250277246514,41,1,3,0.15,0.216
ROIV,0.22658159661789962,90,0,0,0.1,0.0
ROK,0.0537525898188589,69,1,1,0.05,0.0541
ROKU,0.1569642590870644,86,0,0,0.2,0.0274
ROL,-0.15991501944699926,19,1,50,1.0,0.3861
ROLR,0.10851378124727562,80,0,0,0.6,
ROMA,0.4080953911415086,95,0,0,0.25,
ROOT,0.20192609766572284,89,0,0,0.4,0.2611
ROP,0.022871519046343047,63,0,0,0.2,0.23
ROST,-0.09367697120047744,29,1,9,0.45,0.1453
RPAY,0.1789722067836942,88,0,0,0.65,0.0688
RPC,-0.061991452472404986,35,1,13,0.65,0.3618
RPD,0.5760773392423906,97,0,0,0.45,0.278
RPGL,-0.6942767816453825,1,1,40,1.0,
RPID,-0.22819438495235053,12,1,37,1.0,0.6567
RPM,0.03696943109892745,66,1,1,0.05,0.1792
RPRX,0.08260162003921973,76,0,0,0.25,0.0034
RPT,-0.017920420735415252,49,1,1,0.35,0.1856
RQI,-0.07456796221798083,32,1,17,0.9,0.1285
RR,-0.29120965943484955,8,1,23,1.0,0.6935
RRBI,0.047803189376330546,68,0,0,0.3,0.0851
RRC,-0.12637430792774845,24,1,32,1.0,0.3263
RRGB,0.6799046767753394,98,0,0,0.0,0.175
RRR,0.167173253225198,87,0,0,0.0,0.0663
RRX,-0.02259249614428369,47,1,3,0.2,0.1318
RS,0.0007516415557783512,56,1,7,0.35,0.0921
RSF,-0.01799531692548487,49,1,5,0.4,0.1414
RSG,0.0335549683869254,65,0,0,0.25,0.1491
RSI,0.2069948992607465,89,0,0,0.0,0.0019
RSKD,0.0984305262217385,79,0,0,0.05,0.031
RSSS,-0.05610562001519101,36,0,0,0.5,0.2819
RSVR,-0.021903474191960128,48,1,3,0.55,0.0988
RTAC,-0.01570071702577783,50,0,0,0.35,0.1324
RTACU,-0.02151351550446806,48,1,1,0.4,0.1392
RTB,2.597830199896074,99,0,0,0.2,0.0
RTO,-0.06975771574744172,33,0,0,0.9,0.1879
RTX,0.07973271323609639,75,0,0,0.05,0.1399
RUBI,-0.8344953064438076,0,1,118,1.0,0.9976
RUM,-0.15032554040959764,20,1,23,1.0,0.3644
RUN,-0.1653781906820979,18,1,6,0.8,0.4728
RUSHA,0.03416557513786804,65,0,0,0.15,0.1168
RUSHB,0.09438449806659208,78,0,0,0.0,0.0858
RVLV,0.030421377587826023,64,0,0,0.05,0.339
RVMD,0.36592806777681836,95,0,0,0.1,0.0201
RVP,0.0022745820086616728,57,0,0,0.25,0.1635
RVSB,-0.05812974200886657,35,1,8,0.55,0.2033
RVSN,-0.2407252222125137,11,1,1,0.85,
RVT,-0.0054873754669843774,54,1,2,0.5,0.0759
RVTY,0.1319167095305468,83,0,0,0.2,0.1271
RWAY,-0.2040234798300854,14,1,43,1.0,0.4368
RWT,-0.13897343941297835,22,1,56,1.0,0.3131
RXO,0.24685550479102114,91,0,0,0.3,0.0956
RXRX,0.05758218360136047,71,0,0,0.55,0.2904
RXST,-0.0900045054605419,29,0,0,0.65,0.4869
RXT,1.8252363988543316,99,0,0,0.1,
RY,0.11025412321603167,81,0,0,0.0,0.0
RYAAY,0.14087314250084382,84,0,0,0.1,0.1485
RYAM,-0.24350391348541728,11,1,11,0.8,0.4608
RYAN,0.27471392040701137,92,0,0,0.1,0.2764
RYDE,-0.350203428719353,5,1,27,1.0,
RYET,0.027067971162934135,64,1,8,0.45,0.2736
RYM,-0.09740860146136399,28,1,5,0.45,
RYN,0.025094474770234222,63,0,0,0.1,0.1693
RYOJ,0.0921423205511086,77,0,0,0.8,
RYTM,0.2551388532851285,92,0,0,0.1,0.0725
RYZ,-0.08104646505109345,31,1,6,0.45,0.236
RZLT,0.2757669235494114,92,0,0,0.0,0.0454
RZLV,0.04619849870594363,68,0,0,0.35,0.449
S,0.12831759113279095,83,0,0,0.65,0.0346
SA,-0.18581780411139057,16,1,12,0.9,0.3843
SABA,-0.03683806430539406,40,1,5,0.75,0.1153
SABR,0.14525720154740754,85,0,0,0.3,0.0702
SABS,0.049161613575140914,68,0,0,0.25,0.2471
SACH,-0.2094864838604758,14,1,21,1.0,0.3392
SAFE,0.07346993828675587,74,0,0,0.15,0.0791
SAFT,0.06866995950001832,73,0,0,0.3,0.1119
SAFX,0.035550601347390534,65,0,0,0.5,
SAGT,-0.25744531914387997,10,1,4,0.65,0.6826
SAH,0.0974927849119197,78,0,0,0.15,0.0
SAIA,-0.07297607921457092,33,1,15,0.75,0.1596
SAIC,0.04018743207709416,67,0,0,0.35,0.0738
SAIH,0.09043923370560553,77,1,1,0.2,0.0969
SAIL,0.04839110566409474,68,0,0,0.7,0.24
SAM,-0.04998050674318312,37,0,0,0.5,0.3612
SAMG,-0.138621474730685,22,1,6,0.95,0.3622
SAN,0.14336004079791428,84,0,0,0.05,0.0078
SANA,0.27267099947286355,92,0,0,0.35,0.2447
SANG,0.042138565322690696,67,0,0,0.5,0.2623
SANM,-0.06963490722280061,33,1,4,0.55,0.2678
SAP,-0.12163514788010493,24,1,18,0.9,0.3846
SAR,-0.09592882785343097,28,1,3,0.6,0.1703
SARO,0.14141520664477492,84,0,0,0.15,0.1646
SATA,-0.027975991981027803,44,0,0,0.55,0.1513
SATL,-0.39395242702060446,4,1,25,1.0,0.5506
SB,-0.009049081671111736,53,0,0,0.5,0.098
SBAC,-0.1645974127436315,18,1,17,0.9,0.2533
SBC,-0.14148577911776716,21,1,2,0.65,0.4434
SBCF,0.042819399020039436,67,0,0,0.1,0.1403
SBET,-0.17095368463891486,17,0,0,0.9,0.5441
SBEV,-0.5416533899640379,2,1,1,0.8,
SBFG,0.17556074286180978,88,0,0,0.05,0.0
SBFM,-0.5333703548093847,2,1,40,1.0,
SBGI,0.03166409324395272,65,0,0,0.35,0.157
SBH,0.09356313425375623,78,0,0,0.1,0.2217
SBI,-0.013413102939632417,51,1,3,0.35,0.1171
SBLK,-0.020136341396591248,48,0,0,0.55,0.0792
SBR,-0.0637400763086559,34,0,0,0.75,0.1624
SBRA,0.040195162033301424,67,0,0,0.55,0.1339
SBS,-0.06729769764542026,34,0,0,0.55,0.2414
SBSI,0.02716772786139386,64,0,0,0.1,0.0484
SBSW,-0.2972148326264371,8,1,36,1.0,0.616
SBUX,0.03481518926074663,65,0,0,0.4,0.0782
SBXD,-0.019770114835869556,49,0,0,0.5,0.1404
SCAG,-0.16612729069328117,18,1,4,0.8,
SCCO,-0.09861912456535744,28,1,10,0.65,0.2809
SCD,-0.0041296596107718644,55,1,1,0.1,0.0897
SCHL,0.06567084239597681,72,0,0,0.1,0.0464
SCHW,0.09796106547347844,78,0,0,0.15,0.1161
SCI,0.018432526341253364,62,0,0,0.45,0.1874
SCIIU,-0.0333302468976196,41,1,6,0.5,0.1634
SCKT,-0.41052874510839127,3,1,15,0.85,0.607
SCL,0.06782123560743458,73,0,0,0.05,0.2265
SCLX,0.9118366967659619,98,0,0,0.1,0.0
SCM,-0.12523571603484743,24,1,15,0.95,0.394
SCNI,-0.5312451164952572,2,1,44,1.0,
SCNX,-0.10232049651163862,27,1,9,0.9,0.4303
SCOR,-0.12238485483808344,24,1,4,0.65,0.2962
SCPQU,-0.019460255409286854,49,1,6,0.45,0.1325
SCSC,0.15513898584634633,86,0,0,0.0,0.0184
SCWO,-0.23561477093052177,12,1,18,0.9,0.5018
SCYX,-0.2519881061720523,11,0,0,0.85,0.5153
SCZM,-0.2117503374009007,13,1,13,0.95,0.6353
SD,-0.1585465981043877,19,1,17,0.9,0.3211
SDA,-0.34385173858992535,5,0,0,0.8,0.6489
SDEV,-0.12158484196396951,24,0,0,0.85,
SDGR,0.1575259971480767,86,0,0,0.0,0.1872
SDHC,0.1395784649970342,84,0,0,0.0,0.3564
SDHI,-0.0269894157825172,45,1,6,0.55,0.1464
SDHIU,-0.01865114125574042,49,1,3,0.45,0.1546
SDHY,-0.006856148251567627,54,1,2,0.2,0.105
SDOT,2.1864075948141863,99,0,0,0.25,
SDRL,-0.20780574160492404,14,1,30,1.0,0.3038
SDST,-0.34530341284513894,5,1,29,1.0,0.6831
SE,0.15604213118383348,86,0,0,0.35,0.2873
SEAT,-0.18070381218942433,16,1,16,0.9,0.3318
SEB,-0.2298994411482582,12,1,15,0.85,0.3404
SEDG,-0.08082277592825698,31,1,4,0.9,0.3168
SEED,-0.11065212626901477,26,1,3,0.85,0.3991
SEER,0.18438339145306573,88,0,0,0.9,0.0287
SEG,0.11471717357228836,81,0,0,0.05,0.0466
SEGG,-0.34107883634236574,5,1,18,0.9,
SEI,-0.10914426796338172,26,1,4,0.3,0.2125
SEIC,0.08430414403631423,76,0,0,0.35,0.0
SELF,-0.037357465140838,40,1,2,0.4,0.1303
SENEA,0.17916123194860825,88,0,0,0.0,0.0392
SENEB,0.23024858908694185,90,0,0,0.0,0.0077
SENS,-0.17401678700761575,17,1,13,0.65,0.4157
SEPN,0.2724037447238705,92,0,0,0.1,0.0645
SER,0.11353025468116396,81,0,0,0.25,
SERA,-0.0901414646357375,29,0,0,0.7,0.497
SERV,-0.3303652528365005,6,1,24,1.0,0.6399
SES,-0.32133063323797784,6,1,21,1.0,0.7117
SEVN,-0.02674277176160489,45,1,2,0.5,0.1142
SEZL,0.8426824951374166,98,0,0,0.0,0.0344
SF,-0.014227850313634716,51,0,0,0.5,0.2088
SFBC,0.021387028239630068,62,0,0,0.15,0.1529
SFBS,0.08040536043361396,75,0,0,0.0,0.0942
SFD,-0.09476024973110947,28,1,15,0.75,0.2231
SFHG,0.009835198335335804,59,0,0,0.7,0.4104
SFIX,0.007519197858221763,59,1,4,0.2,0.3897
SFL,-0.04580519399329763,38,1,9,0.85,0.1404
SFM,0.028597834846309345,64,1,1,0.45,0.1267
SFNC,0.053563663569624526,69,0,0,0.0,0.0327
SFST,0.03126602240124135,64,0,0,0.2,0.0789
SFWL,-0.11221512180466423,26,1,3,0.65,0.2733
SG,0.10239775838390158,79,1,2,0.35,0.2369
SGA,-0.13958224586593104,21,1,2,0.85,0.3508
SGC,0.05993062205208799,71,1,3,0.25,0.0725
SGHC,0.15417167650490798,85,0,0,0.05,0.0
SGHT,0.22026968918499962,90,0,0,0.05,0.3483
SGI,0.0077407562824766685,59,1,1,0.1,0.2937
SGLY,-0.33403661494438125,6,1,42,1.0,0.6659
SGML,-0.31301683524987844,7,1,15,0.95,0.5131
SGMT,0.10934333242673483,80,0,0,0.45,0.1656
SGRP,0.15478331908165852,86,0,0,0.0,0.1446
SGRY,0.23463540236522012,91,0,0,0.0,0.0246
SGU,-0.007028183408860453,54,0,0,0.4,0.105
SHAK,-0.22925817421089245,12,1,45,1.0,0.5049
SHBI,0.09278047113683552,78,0,0,0.0,0.0539
SHC,0.14035580163434136,84,0,0,0.15,0.1424
SHEL,-0.10728124356307399,26,0,0,0.75,0.2479
SHEN,-0.21721769961585524,13,1,5,0.65,0.2915
SHFS,-0.6256756471788558,1,1,49,1.0,0.8336
SHG,0.049139158219819096,68,0,0,0.5,0.0877
SHIM,-0.14195943430597394,21,1,3,0.75,0.4665
SHIP,-0.10161477868755843,27,1,14,0.7,0.1675
SHLS,0.03635584703856333,66,1,1,0.7,0.206
SHMD,-0.20425135220609267,14,1,4,0.6,0.5838
SHO,0.04438041933402667,67,1,5,0.25,0.0776
SHOE,-0.1372062826203684,22,1,15,0.85,0.3378
SHOO,-0.035669867711863125,40,1,6,0.55,0.1967
SHOP,0.03673805915761652,66,0,0,0.5,0.3356
SHPH,-0.49123027824039794,2,1,45,1.0,0.8804
SHW,0.08330996854858266,76,0,0,0.05,0.1635
SIBN,0.19293550873227996,88,0,0,0.0,0.24
SID,-0.3164999447912592,6,1,23,1.0,0.5959
SIDU,-0.427045923367321,3,1,16,0.95,0.6366
SIEB,-0.1335944416119455,22,1,7,0.5,0.5574
SIF,0.4305866546984547,96,0,0,0.1,0.0
SIFY,-0.08775624390246212,30,1,3,0.55,0.1855
SIG,-0.05777173866303827,35,1,5,0.45,0.2332
SIGA,-0.22225928473822607,13,1,26,1.0,0.4524
SIGI,0.14941955488175865,85,0,0,0.0,0.0254
SIGIP,-0.05348833102269309,36,1,5,0.8,0.1629
SII,-0.17371905479683264,17,1,12,0.85,0.3865
SILC,0.03775649163753965,66,1,3,0.4,0.2253
SILO,-0.10717235890948544,26,1,2,0.4,0.4644
SIM,-0.023458026740007278,47,1,5,0.5,0.2203
SIMA,-0.037177827551043284,40,1,6,0.5,0.1428
SIMAU,-0.10376933074572994,27,1,16,0.8,0.3598
SIMO,0.3458124160387782,94,1,1,0.2,0.1286
SINT,-0.24479991323481548,11,1,57,1.0,0.5569
SION,0.13068931081042004,83,0,0,0.45,0.0734
SIRI,0.13692913358533856,84,0,0,0.2,0.0
SITC,-0.2005026802886364,14,1,89,1.0,0.409
SITE,-0.05648393644481814,36,1,2,0.7,0.3798
SITM,0.008681649713804737,59,1,4,0.6,0.3521
SJ,-0.20918260219149334,14,1,1,0.95,0.4766
SJM,0.122337417969905,82,0,0,0.1,0.0988
SJT,-0.3134016529889033,7,1,67,1.0,0.5526
SKE,-0.12767763530723863,23,1,2,0.8,0.355
SKIL,0.1432943511393107,84,0,0,0.55,0.2685
SKIN,0.49551761207645867,97,0,0,0.7,0.3478
SKK,0.22942285866726214,90,0,0,0.0,
SKM,-0.20284241641358738,14,1,18,0.9,0.3161
SKT,0.07631490101536341,75,0,0,0.1,0.0464
SKWD,0.3828446764699686,95,0,0,0.0,0.0
SKY,0.08498323488053056,76,1,1,0.05,0.2236
SKYA,-0.23738889863279336,12,1,1,0.9,0.5927
SKYE,-0.14200395861782858,21,1,16,0.9,0.3918
SKYH,-0.004750592441279976,55,0,0,0.3,0.1448
SKYQ,0.05406573226315378,70,0,0,0.6,
SKYT,-0.06007242825710667,35,1,9,0.7,0.1525
SKYW,0.11699112137347961,81,0,0,0.05,0.1749
SKYX,-0.09976303886856339,28,1,1,0.85,0.6954
SLAB,-0.02878240616011113,43,1,6,0.45,0.108
SLAI,3.4230956671754953,99,0,0,0.9,
SLB,-0.19804765917240588,15,1,15,0.75,0.2661
SLBT,-0.5052765153839196,2,1,13,0.75,
SLDB,0.5095936545733466,97,0,0,0.15,0.0
SLDE,0.1801875763609714,88,0,0,0.5,0.0326
SLDP,-0.2987597657205946,7,1,21,1.0,0.6177
SLE,-0.22503329065804942,12,1,30,1.0,
SLF,0.09886315772896265,79,0,0,0.0,0.0008
SLG,0.13229375522612236,84,0,0,0.0,0.0627
SLGB,0.11191216395385165,81,0,0,0.45,
SLGL,0.02405483633186637,63,0,0,0.5,0.2753
SLGN,0.1619504565528816,86,0,0,0.05,0.1624
SLI,-0.3699845537701491,4,1,23,1.0,0.5975
SLM,0.08966670183427938,77,0,0,0.1,0.1724
SLMBP,-0.04701510007127015,38,1,6,0.55,0.1688
SLMT,-0.24497452714395074,11,1,3,0.8,0.7769
SLN,0.48401620349924473,96,0,0,0.15,0.0768
SLND,-0.4247597974423873,3,1,23,1.0,0.8089
SLNG,-0.13502438746368423,22,1,9,0.55,0.3845
SLNH,-0.08988396589419786,29,1,9,0.75,0.4803
SLNHP,0.05205149307244261,69,1,2,0.25,0.1445
SLP,0.15811471925193174,86,0,0,0.0,0.1957
SLQT,-0.25449087310193164,10,1,8,0.8,
SLRC,-0.12454818407008929,24,1,1,0.95,0.2527
SLS,1.1409998307773044,98,0,0,0.15,0.1341
SLSN,-0.49727910178061796,2,1,9,0.7,0.5984
SLSR,-0.19951083097082778,15,1,13,0.9,0.3257
SLVM,-0.08285284598444387,31,1,6,0.55,0.352
SLXN,-0.5731499928707173,1,1,80,1.0,
SM,-0.16462707909465513,18,1,17,0.9,0.2733
SMA,0.03234298158489696,65,1,2,0.1,0.1362
SMBC,0.08252745425687502,76,0,0,0.0,0.036
SMBK,0.09465707606481155,78,0,0,0.0,0.0513
SMC,-0.03790066133784118,40,0,0,0.55,0.2033
SMCI,-0.232416242502489,12,1,10,0.85,0.4698
SMFG,0.10916538233006098,80,0,0,0.05,0.0359
SMG,0.0981541625923433,78,0,0,0.05,0.1255
SMHI,-0.03409840208825425,41,0,0,0.4,0.1519
SMID,-0.09226112387671248,29,1,3,0.75,0.3249
SMJF,0.3045016905580465,93,0,0,0.05,
SMMT,-0.05675163533345059,36,0,0,0.85,0.4346
SMP,-0.05367035070920756,36,1,6,0.45,0.2288
SMPL,0.024358747012312346,63,0,0,0.1,0.435
SMR,-0.25733914282099424,10,1,10,0.9,0.6021
SMRT,-0.20498109709271511,14,1,4,0.85,0.4873
SMSI,-0.3798559083170959,4,1,16,0.95,0.4654
SMTC,-0.018598884528078258,49,1,4,0.35,0.2798
SMTI,0.1944978638785957,89,0,0,0.25,0.093
SMTK,-0.34404364959608325,5,1,16,0.8,
SMWB,0.7651340634548778,98,0,0,0.0,0.1875
SMX,1.324168663432016,99,0,0,0.65,
SMXT,-0.4153441343140322,3,1,65,1.0,0.6808
SN,0.24186718848652955,91,0,0,0.0,0.01
SNA,0.05668176564488776,70,0,0,0.0,0.0355
SNAL,4.483490079176365,99,0,0,0.9,
SNAP,-0.2245324779957883,12,1,20,1.0,0.4922
SND,-0.14971675962221864,20,1,5,0.65,0.249
SNDA,0.16521328301137522,87,0,0,0.3,0.0341
SNDL,-0.11202768082876381,26,1,9,0.7,0.2769
SNDR,0.07122967271631592,74,1,3,0.4,0.0876
SNDX,0.14972891747764877,85,0,0,0.35,0.1916
SNES,-0.14360238559084204,21,1,10,0.8,0.4688
SNEX,0.12039382245431873,82,1,6,0.3,0.1359
SNFCA,0.01163558886268027,60,0,0,0.35,0.1134
SNGX,-0.2020835098249013,14,1,23,1.0,
SNN,-0.06045781501979754,35,0,0,0.5,0.238
SNOA,-0.11948638799390558,25,0,0,0.6,0.7015
SNOW,0.4126688776493364,96,0,0,0.0,0.051
SNPS,-0.11123065202464862,26,1,27,1.0,0.243
SNT,-0.33674274034077206,6,1,99,1.0,0.6058
SNTG,0.0014653714438876211,56,1,9,0.55,0.1737
SNTI,0.010771035361099454,59,1,1,0.45,0.2019
SNWV,-0.3477828153693078,5,1,36,1.0,0.6775
SNX,-0.06294034651401863,35,1,7,0.35,0.2031
SNY,-0.06112562241223836,35,1,5,0.65,0.1832
SNYR,-0.3580716085799625,5,1,66,1.0,0.9082
SO,0.006865020698148726,58,0,0,0.3,0.1468
SOAR,-0.45312543461321597,3,1,19,0.95,0.7842
SOBO,-0.015236538658912287,51,0,0,0.55,0.0881
SOBR,-0.2308773384389679,12,1,29,1.0,
SOC,-0.7284747299309369,0,1,25,1.0,
SOCA,-0.0280305477573919,44,1,6,0.55,0.1453
SOCAU,-0.030555957162761417,42,1,5,0.5,0.1561
SOFI,0.034752457330672615,65,0,0,0.2,0.4126
SOGP,-0.3120828137096303,7,1,42,1.0,0.4689
SOHU,-0.1625995658971406,18,1,69,1.0,0.327
SOLS,-0.28179656124319485,8,1,4,0.55,0.3275
SOLV,0.0020831059022318396,57,1,2,0.5,0.1842
SOMN,-0.043000685059111844,39,0,0,0.55,0.18
SON,0.1070629977455454,80,0,0,0.05,0.0956
SONM,-0.11902105690050951,25,1,3,0.25,0.4989
SONO,-0.09005136116928872,29,1,15,0.85,0.256
SONY,-0.02694597777306509,45,0,0,0.8,0.2226
SOPH,0.056748325617734824,70,0,0,0.25,0.0985
SOR,-0.014531551538733544,51,0,0,0.35,0.1239
SORA,-0.30006196697896725,7,1,12,0.9,
SORNU,-0.03142294670619451,42,1,5,0.45,0.1576
SOS,-0.056952608803376326,36,1,2,0.7,0.4696
SOTK,0.006476458389918838,58,1,1,0.3,0.1596
SOUL,-0.028860962179772864,43,1,6,0.55,0.1471
SOUN,-0.202696317914365,14,1,23,1.0,0.4782
SOWG,1.4717184742675449,99,0,0,0.15,0.7319
SPAI,-0.27477807252926567,9,1,16,0.8,0.488
SPB,0.0014891994360432814,56,1,2,0.15,0.0716
SPCB,0.005106052425830142,58,1,2,0.45,0.164
SPCE,-0.2789639065146404,9,1,16,0.8,0.6542
SPE,-0.0672110851026569,34,1,67,1.0,0.1551
SPEG,-0.02676518632826782,45,1,6,0.55,0.1479
SPEGU,-0.012127086333869885,52,1,4,0.35,0.1432
SPFI,0.004662384167453466,58,0,0,0.2,0.1325
SPG,0.10562527275178907,80,0,0,0.0,0.0237
SPGI,0.07351441721260234,74,0,0,0.6,0.2069
SPH,-0.1132250802264906,26,1,17,0.95,0.2461
SPHL,0.28783020972002327,93,0,0,0.55,
SPHR,0.10835055043444272,80,1,2,0.1,0.1018
SPIR,-0.08853298259125979,29,1,2,0.75,0.3384
SPKL,0.04018269852239656,67,1,1,0.15,0.0979
SPKLU,0.03316580852424306,65,1,8,0.45,0.1694
SPMA,-0.023084848045433683,47,1,6,0.55,0.1348
SPMC,-0.07818602708798562,32,1,16,0.8,0.2875
SPME,-0.020906527897894277,48,1,5,0.45,0.1227
SPNT,0.07939194278308503,75,0,0,0.1,0.0591
SPOK,-0.061796468095991264,35,1,6,0.65,0.272
SPOT,0.02417064282245119,63,0,0,0.7,0.2182
SPPL,0.1709582959961684,87,1,3,0.15,0.1593
SPRB,-0.1380769052281933,22,1,4,0.55,0.4541
SPRC,-0.3239132820195713,6,1,15,0.75,
SPRO,-0.23762827558484909,11,1,14,0.9,0.2953
SPRU,-0.27863759162314183,9,1,17,0.9,0.6549
SPRY,-0.11451641254837717,25,1,8,0.4,0.421
SPSC,0.03223991630900515,65,0,0,0.35,0.4098
SPT,0.17459779785448132,87,0,0,0.35,0.2922
SPWH,-0.08835523959592836,29,1,4,0.85,0.2576
SPWR,-0.4919457313465064,2,1,21,1.0,0.7333
SPXC,-0.03179818338317161,41,1,4,0.2,0.1772
SPXX,0.036927284059250956,66,0,0,0.0,0.0285
SQFT,-0.051339995638944085,37,1,8,0.85,0.4035
SQFTP,-0.09214454100628772,29,1,6,0.8,
SQM,-0.13599374899111982,22,1,12,0.75,0.271
SQNS,-0.08285063959215944,31,1,4,0.85,0.4772
SR,-0.0775312124436801,32,0,0,0.85,0.2448
SRAD,0.06492262494800813,72,0,0,0.15,0.3147
SRBK,0.013256483698041457,60,1,2,0.2,0.06
SRCE,0.07687560458262985,75,0,0,0.0,0.028
SRE,-0.008817698759030546,53,0,0,0.35,0.1684
SRFM,-0.24119026847108813,11,1,4,0.9,0.7403
SRG,-0.06684314886332884,34,1,2,0.55,0.3651
SRI,0.05133098096754865,69,1,5,0.55,0.2851
SRL,-0.10403756871805427,27,1,5,0.75,0.4534
SRPT,0.006668300500166424,58,0,0,0.4,0.2705
SRRK,0.18228222423180745,88,0,0,0.35,0.0106
SRTA,-0.0391350661103547,40,1,11,0.75,0.191
SRTS,-0.10348077062075926,27,0,0,0.55,0.4635
SRV,-0.0008448620636575185,56,0,0,0.25,0.0687
SRXH,9.651519889704879,99,0,0,0.55,
SRZN,-0.18198184158028163,16,1,3,0.65,0.3417
SSB,0.015543708105428301,61,0,0,0.05,0.1454
SSBI,-0.04658407774037147,38,1,4,0.6,0.166
SSD,0.014727817031551335,61,1,2,0.1,0.1651
SSEA,-0.026358355455453827,45,1,6,0.5,0.1462
SSEAU,-0.03583836031314919,40,1,5,0.5,0.1585
SSII,-0.14294326284234085,21,1,2,0.8,0.4445
SSL,-0.28318199133650374,8,1,16,0.8,0.3537
SSM,-0.17572983561950956,17,1,2,0.65,0.5007
SSNC,-0.07544312337343502,32,0,0,0.8,0.3137
SSP,-0.2069094532902971,14,0,0,0.8,0.4229
SSRM,-0.020364416728917215,48,0,0,0.55,0.2311
SST,-0.3193871053467826,6,1,1,0.95,
SSTI,0.20194042547130575,89,0,0,0.1,0.0895
SSTK,-0.43906096777898934,3,1,6,0.85,0.5888
SSYS,-0.12456536955163533,24,1,21,1.0,0.3493
ST,-0.0464962818803759,38,1,7,0.5,0.1678
STAA,-0.04525197044588689,38,1,6,0.7,0.2057
STAG,0.029202719864256432,64,0,0,0.3,0.0862
STAK,1.383466304213981,99,1,2,0.35,
STBA,0.062849534119746,72,0,0,0.0,0.0349
STC,0.03590022182675695,65,0,0,0.35,0.1163
STE,-0.023669179360534177,47,0,0,0.55,0.2582
STEM,-0.27992043123692245,9,1,24,1.0,0.6784
STEP,-0.13769494324689402,22,1,13,0.95,0.4697
STEW,0.018366446541923417,61,0,0,0.1,0.0814
STEX,-0.05943704704364573,35,0,0,0.8,
STFS,1.5253862584409847,99,0,0,0.3,
STG,0.07224526518631327,74,1,1,0.45,
STGW,0.13104866227976855,83,0,0,0.25,0.0018
STHO,0.013123558262952723,60,1,1,0.15,0.0841
STI,-0.14719572671957432,20,1,11,0.55,
STIM,-0.11208629995708361,26,0,0,0.7,0.3598
STK,-0.026965163848589498,45,1,3,0.5,0.1192
STKE,0.08239799559607114,76,0,0,0.8,0.4888
STKH,-0.5943307720887971,1,1,46,1.0,0.7974
STKS,0.012314475752542353,60,1,2,0.55,0.3207
STLA,-0.26457069342611256,10,1,25,1.0,0.531
STLD,-0.06619712053609195,34,1,12,0.6,0.1947
STM,0.12995513912392054,83,1,4,0.25,0.1608
STN,-0.1946457319286737,15,1,72,1.0,0.3782
STNE,-0.06668737386074795,34,1,2,0.65,0.3366
STNG,-0.08405164010925473,30,1,8,0.65,0.1666
STOK,0.01675950859689724,61,0,0,0.35,0.2243
STRA,0.01095291617861701,60,0,0,0.5,0.1354
STRC,-0.12667437453395392,23,1,17,0.95,0.2439
STRD,-0.15353845656995807,20,1,64,1.0,0.269
STRF,-0.010122638608517375,53,0,0,0.8,0.127
STRK,-0.14710042799030673,20,1,1,0.95,0.3204
STRL,-0.10041532683985663,27,1,7,0.4,
STRO,0.05340494014926682,69,0,0,0.4,0.2266
STRR,0.01597842973414544,61,1,1,0.45,0.1064
STRRP,-0.02470484555838489,46,0,0,0.6,0.1691
STRS,-0.049032108452168044,37,1,6,0.6,0.2618
STRT,-0.05285635228582626,36,1,3,0.15,0.2413
STRW,0.043075828298805185,67,0,0,0.0,0.0671
STRZ,0.38443930783406977,95,0,0,0.05,0.0402
STT,0.16489608960064922,87,0,0,0.0,0.0
STTK,0.2701065744308926,92,0,0,0.45,0.129
STUB,0.660537755254605,98,0,0,0.0,0.2219
STVN,0.1067947202333821,80,0,0,0.55,0.1773
STWD,-0.053945544406526824,36,0,0,0.75,0.1463
STX,0.10156997027012604,79,1,4,0.25,0.2463
STXS,-0.07129563662879239,33,0,0,0.8,0.3993
STZ,-0.12043313231530958,25,1,6,0.6,0.2778
SU,-0.1850750726384499,16,1,32,1.0,0.281
SUGP,-0.41245444286191907,3,1,31,1.0,0.8965
SUI,-0.04161758239711859,39,0,0,0.65,0.1852
SUIG,-0.14405710645217235,21,1,29,1.0,0.4214
SUN,-0.004534528326688866,55,0,0,0.5,0.1184
SUNC,0.029863074798114647,64,0,0,0.5,0.0542
SUNE,0.45207070499169405,96,1,6,0.3,
SUNS,-0.020429510049379228,48,1,2,0.25,0.1986
SUPN,-0.015001050563536532,51,0,0,0.6,0.2151
SUPV,0.04687284880921583,68,1,1,0.4,0.2797
SUPX,-0.10426686071613882,27,1,16,0.95,0.6079
SURG,-0.31156250119042345,7,1,1,0.9,0.8141
SUZ,-0.08912750563652416,29,1,11,0.9,0.359
SVAC,-0.2439236023983573,11,1,6,0.9,0.3425
SVACU,-0.09356598796594313,29,1,1,0.75,0.2146
SVAQU,0.006834203955600401,58,1,2,0.15,0.119
SVC,0.10160309229109754,79,0,0,0.4,0.3215
SVCC,-0.027038612076221546,45,1,6,0.55,0.1457
SVCCU,-0.01207544623198148,52,1,4,0.3,0.1395
SVCO,-0.12796282120503485,23,1,3,0.15,
SVM,-0.25167745687743237,11,1,12,0.85,0.4094
SVRA,0.1291616566836239,83,0,0,0.1,0.1189
SVRE,-0.46250420476209275,2,1,14,0.9,0.671
SVRN,-0.2038501492934234,14,1,13,0.7,
SVV,0.08301364599762731,76,1,2,0.1,0.2326
SW,0.07137130339425861,74,0,0,0.05,0.1984
SWAG,0.03410970729826571,65,1,4,0.2,0.1672
SWBI,-0.0013596132780645392,56,0,0,0.55,0.1014
SWIM,0.03629159672141996,66,1,1,0.15,0.2518
SWK,0.15168174066129436,85,0,0,0.0,0.0904
SWKS,-0.19487945303079796,15,1,9,0.75,0.2827
SWVL,-0.08137694294485731,31,0,0,0.85,0.4888
SWX,-0.01094879588440294,52,0,0,0.4,0.1141
SXC,-0.02478114136606601,46,1,13,0.65,0.1839
SXI,0.09242120411079718,77,1,2,0.1,0.1332
SXT,0.10254465201740892,79,0,0,0.15,0.0528
SXTC,0.4269158785957914,96,0,0,0.2,
SXTP,-0.027350535693652513,45,1,1,0.35,
SY,-0.38996051934816495,4,1,41,1.0,0.6128
SYBT,0.051220271994871946,69,0,0,0.05,0.0239
SYF,0.026190463260338123,64,1,1,0.15,0.2039
SYK,0.05041830126213245,69,0,0,0.45,0.2198
SYM,-0.22908055590135407,12,1,1,0.85,0.4782
SYNA,0.051524053574332956,69,1,9,0.45,0.1901
SYNX,-0.12259776441574405,24,1,9,0.9,
SYPR,-0.32952770783294627,6,1,23,1.0,0.5062
SYRE,0.3498819579216908,95,0,0,0.0,0.0649
SYY,0.12294171618979605,82,0,0,0.0,0.1408
SZZL,-0.026235514031264773,45,1,6,0.55,0.1463
SZZLU,-0.031783262307034196,41,1,5,0.5,0.1673
T,-0.17543567378879998,17,1,64,1.0,0.3806
TAC,0.050028302652269596,68,0,0,0.3,0.0939
TACH,-0.024331587223246652,46,1,6,0.55,0.148
TACHU,-0.013964221865316394,51,1,5,0.3,0.1294
TACO,-0.020347627339303363,48,1,2,0.5,0.133
TACOU,-0.015942385451033467,50,1,6,0.65,0.1162
TACT,0.30631422589128093,93,0,0,0.1,0.1124
TAK,0.009138107883127668,59,0,0,0.55,0.2174
TAL,-0.07178800819004069,33,0,0,0.75,0.2773
TALK,-0.031407125888265386,42,1,6,0.55,0.1521
TALO,-0.16212271091909614,19,1,17,0.95,0.3063
TANH,-0.012494927936074731,52,1,9,0.5,0.6436
TAOP,0.07752546095195022,75,1,3,0.2,0.2949
TAOX,-0.2713203009749367,9,1,37,1.0,0.5011
TAP,-0.06105290024343095,35,1,6,0.65,0.3308
TARA,-0.14397770059504922,21,0,0,0.95,0.4783
TARS,0.07771461558171373,75,0,0,0.3,0.1726
TASK,-0.19906950247840466,15,1,23,1.0,0.3841
TATT,0.08304383556375304,76,0,0,0.0,0.3289
TAVI,-0.027660965988453433,44,1,6,0.5,0.149
TAVIU,-0.051070442744353364,37,1,13,0.65,0.1539
TAYD,0.04255658367128605,67,0,0,0.15,0.4193
TBBB,0.03947876840287887,66,1,1,0.05,0.0594
TBBK,0.1435433845082944,84,0,0,0.2,0.1563
TBCH,0.0309501434725208,64,1,3,0.5,0.1709
TBI,0.34413342848620926,94,0,0,0.05,0.0161
TBLA,0.2981111741987124,93,0,0,0.3,0.0134
TBLD,-0.016342055675162413,50,1,5,0.8,0.0956
TBN,-0.16011276665232008,19,1,12,0.8,0.4454
TBPH,0.002542965646501437,57,0,0,0.1,0.2491
TBRG,0.08220970396384286,76,1,2,0.25,0.0373
TC,-0.8124400874143882,0,1,10,0.7,
TCBI,0.0008698751980268718,56,0,0,0.25,0.0981
TCBIO,-0.06103356930928408,35,1,65,1.0,0.2035
TCBK,0.03671312639598295,66,0,0,0.15,0.061
TCBS,0.032156151735689614,65,0,0,0.05,0.1606
TCBX,0.014283545598441923,61,0,0,0.2,0.149
TCI,0.2095189455332558,89,0,0,0.2,0.264
TCMD,0.2413515519819064,91,0,0,0.0,0.1301
TCOM,-0.2121650547271964,13,1,17,0.95,0.522
TCPC,-0.18340250996467264,16,1,40,1.0,0.4527
TCRT,-0.2386544322161364,11,1,5,0.95,0.4957
TCRX,-0.03776189821305661,40,0,0,0.65,0.2926
TCX,-0.19750766570244127,15,1,5,0.9,0.5439
TD,0.09956698509828713,79,0,0,0.0,0.0103
TDAC,-0.032077341365035275,41,1,6,0.55,0.1474
TDACU,0.042404756357329265,67,1,5,0.4,
TDAY,0.09266579565654831,78,0,0,0.25,0.0341
TDC,0.13416777274968805,84,0,0,0.5,0.114
TDF,-0.05252710154397654,36,1,3,0.9,0.1686
TDG,0.06637187338998632,73,0,0,0.05,0.1726
TDIC,-0.7124983529174969,1,1,36,1.0,
TDOC,0.40455618198471005,95,0,0,0.0,0.0
TDS,-0.1998372883886816,15,1,17,0.95,0.3271
TDTH,-0.13720545058708317,22,0,0,0.9,0.8184
TDUP,0.46252106080952043,96,0,0,0.0,0.0377
TDW,-0.13652717412478185,22,0,0,0.95,0.2746
TDWD,-0.029509756085856174,43,1,6,0.55,0.1459
TDWDU,-0.0322806242462928,41,1,5,0.55,0.1684
TDY,-0.006917166501954498,54,0,0,0.4,0.1537
TE,-0.0016435396320361034,56,1,3,0.55,0.4151
TEAD,-0.1901364004719539,15,1,8,0.5,0.3861
TEAM,-0.05114865540048623,37,0,0,0.85,0.4574
TECH,0.2679452210531101,92,0,0,0.0,0.0951
TECK,-0.07442381621100425,32,1,12,0.75,0.1606
TECX,0.2108155907229439,89,0,0,0.15,0.0889
TEI,0.050175559822439944,69,0,0,0.0,0.0971
TEL,-0.10791427387780106,26,1,10,0.65,0.2478
TELA,-0.0050276709948290504,55,0,0,0.75,0.2478
TELO,-0.07467277895304342,32,1,3,0.8,0.2152
TEM,0.12906515750514394,83,0,0,0.25,0.2138
TEN,-0.053955109696115416,36,0,0,0.8,0.1694
TENB,0.6799006769111196,98,0,0,0.05,0.0115
TENX,0.4013146113629218,95,0,0,0.35,0.1263
TEO,0.01341346649999705,60,1,12,0.6,0.2025
TER,-0.10568550718761462,27,1,3,0.2,0.2918
TEVA,-0.007863653765316461,54,0,0,0.45,0.1232
TEX,0.05238235852798673,69,1,1,0.05,0.1248
TFC,0.018455698983828095,62,0,0,0.3,0.1429
TFII,-0.0012849766087262154,56,1,15,0.75,0.1208
TFIN,0.10983715066936572,80,0,0,0.0,0.0265
TFPM,-0.10681887635669526,26,1,2,0.65,0.3552
TFSL,0.1362714869929737,84,0,0,0.0,0.0089
TFX,0.03764376186886441,66,0,0,0.5,0.0849
TG,-0.15467695691710534,20,1,6,0.75,0.2927
TGB,-0.1261007040610274,24,1,3,0.75,0.3289
TGE,-0.07734782727244542,32,1,3,0.45,0.4563
TGEN,-0.1998083315018309,15,1,10,0.8,0.4145
TGHL,0.38543113951181657,95,0,0,0.5,
TGL,-0.13735859523604918,22,1,15,0.85,0.506
TGLS,-0.021058792084381807,48,1,2,0.1,0.2597
TGS,-0.08507993440044104,30,1,10,0.6,0.2846
TGT,-0.007832728171982696,54,1,5,0.3,0.1142
TGTX,0.5095646671349288,97,0,0,0.0,0.0
TH,0.10952250432311217,80,1,3,0.25,0.1408
THC,0.1683459100517616,87,0,0,0.25,0.2225
THCH,-0.10280294300999931,27,0,0,0.8,0.3228
THFF,0.08454676646726214,76,0,0,0.0,0.0428
THG,0.1608009571621115,86,0,0,0.0,0.0181
THH,-0.13022623106364173,23,1,6,0.9,
THM,-0.12066676199261786,25,1,1,0.9,0.4486
THO,-0.025636932480429964,46,1,2,0.65,0.4194
THQ,0.05427793515510902,70,0,0,0.1,0.0826
THRM,0.010050219118672273,59,1,6,0.3,0.1901
THRY,0.13382032490781975,84,0,0,0.15,0.3425
THW,0.08699958284057863,77,0,0,0.4,0.0126
TIC,-0.09260037354255554,29,1,6,0.95,0.3742
TIGO,0.06827846488935088,73,0,0,0.15,0.0192
TIGR,-0.21499866927703093,13,1,54,1.0,0.595
TII,-0.11333063831335805,26,1,1,0.8,0.5991
TIL,-0.07713604294046308,32,1,17,0.95,0.2571
TILE,0.17224495240485205,87,0,0,0.0,0.1083
TIMB,-0.11666887362980477,25,0,0,0.85,0.2848
TIPT,0.004461133280304855,57,1,1,0.3,0.1051
TISI,-0.06730952214793978,34,1,1,0.25,0.1335
TITN,-0.22469573996870967,12,1,4,0.65,0.2767
TJGC,-0.056203808057016774,36,1,1,0.65,
TJX,-0.057150887050653035,36,1,8,0.4,0.1659
TK,-0.13789095553739045,22,1,8,0.6,0.2094
TKC,-0.08531340635500226,30,1,6,0.5,0.2669
TKLF,-0.06084523276282409,35,0,0,0.6,0.455
TKNO,0.2503081603886767,91,0,0,0.1,0.0793
TKO,-0.04432553370044601,38,1,5,0.5,0.208
TKR,0.14211013001038855,84,1,1,0.05,0.0585
TLF,-0.06065989246131437,35,1,2,0.6,0.1622
TLIH,0.4193541168214827,96,0,0,0.0,
TLK,-0.1286220008834932,23,1,65,1.0,0.4031
TLN,-0.03637903564861199,40,1,5,0.5,0.1943
TLNC,-0.02089832500474237,48,1,2,0.5,0.1454
TLNCU,-0.012622280046104342,52,1,1,0.3,0.1415
TLPH,0.4331138784493075,96,0,0,0.0,0.0
TLRY,-0.261438478365765,10,1,51,1.0,0.6002
TLS,0.03514958239126473,65,0,0,0.5,0.2483
TLSA,-0.07605657613503314,32,0,0,0.75,0.3281
TLSI,0.047705276425412724,68,1,1,0.15,0.392
TLX,0.1593012820196563,86,0,0,0.35,0.044
TLYS,-0.1471499039998409,20,1,14,0.7,0.2545
TM,-0.07464950300077237,32,0,0,0.9,0.3446
TMC,-0.28876895395560276,8,1,21,1.0,0.6076
TMCI,0.8804540349297183,98,0,0,0.0,0.0364
TMDE,-0.1456803130976823,21,0,0,0.75,
TMDX,-0.17466183100920196,17,1,7,0.5,0.5651
TME,-0.09644418274321293,28,1,16,0.9,0.5386
TMHC,0.0757374543193432,74,0,0,0.0,0.0547
TMO,0.04732499458395811,68,0,0,0.3,0.2582
TMP,0.07236885120651548,74,0,0,0.0,0.0319
TMQ,-0.27130223317933955,9,1,22,1.0,0.5663
TMS,-0.29984644745314976,7,1,7,0.55,0.3941
TMUS,-0.0377642004766698,40,0,0,0.7,0.2681
TNC,0.04008121585549597,67,1,6,0.3,0.0726
TNDM,-0.2373289387219731,12,1,6,0.85,0.5043
TNET,0.2699902625586686,92,0,0,0.1,0.1837
TNGX,0.3168629357409121,94,0,0,0.05,
TNK,-0.10290788112823032,27,1,8,0.55,0.208
TNL,0.0824923847684816,76,0,0,0.0,0.1031
TNMG,-0.42831362446983673,3,1,3,0.85,
TNON,-0.6730286345006375,1,1,37,1.0,
TNXP,-0.029178709382475753,43,0,0,0.45,0.3872
TNYA,0.20736029561234504,89,0,0,0.8,0.1335
TOI,0.37704081478686385,95,0,0,0.0,0.0
TOL,0.060799397608398045,71,1,2,0.1,0.1706
TOMZ,0.05000308473133279,68,0,0,0.55,0.2051
TONX,0.09957758266954986,79,0,0,0.85,0.1891
TOON,-0.08785243641687722,30,1,11,0.55,0.4917
TOP,1.0984062257335478,98,0,0,0.0,0.0297
TOPP,-0.318710357345294,6,1,11,0.9,
TOPS,-0.5217982453604142,2,1,91,1.0,0.8748
TORO,-0.03224874263001032,41,1,9,0.85,
TOST,0.08412223490760921,76,0,0,0.5,0.2583
TOUR,-0.18988675202264255,15,1,29,1.0,0.358
TOVX,-0.2388109773930428,11,1,15,0.9,
TOWN,0.028512929286372182,64,0,0,0.15,0.0917
TOYO,-0.5431912250561701,2,1,20,1.0,0.6178
TPB,0.02672869656556883,64,0,0,0.55,0.4339
TPC,-0.09216503586891941,29,1,1,0.35,0.2566
TPCS,0.2590869120303428,92,0,0,0.5,0.15
TPET,-0.2953147170420144,8,0,0,0.9,
TPG,-0.020698482221201273,48,0,0,0.5,0.4039
TPL,-0.0780434335972739,32,0,0,0.55,0.3444
TPR,0.0014581805196678746,56,1,5,0.3,0.1618
TPST,-0.38930824429396804,4,1,35,1.0,0.7042
TPVG,-0.11897986993093443,25,1,3,0.8,0.2889
TR,-0.07767775247134932,32,1,2,0.65,0.2413
TRAK,-0.06637329746266589,34,1,2,0.75,0.2752
TRAW,-0.5838249989030697,1,1,33,1.0,0.771
TRC,-0.08628032530260271,30,1,6,0.85,0.1936
TRDA,-0.25193394557036897,11,0,0,0.4,
TREE,0.13941627488395728,84,0,0,0.45,0.3893
TREX,0.19104649740725518,88,0,0,0.0,0.0762
TRGP,0.01903473930311818,62,0,0,0.45,0.0698
TRI,-0.011731731266989152,52,0,0,0.7,0.3366
TRIB,-0.4123613596392545,3,1,14,0.75,0.6077
TRIN,0.03371061271875132,65,0,0,0.1,0.026
TRIP,0.15852520544167692,86,0,0,0.0,0.1519
TRLV,-0.03514342462153955,41,1,2,0.55,0.3226
TRMB,-0.1501077642383417,20,0,0,0.85,0.385
TRMD,-0.08315222576545081,30,1,10,0.85,0.1968
TRMK,0.01619866842053158,61,0,0,0.15,0.0754
TRN,-0.016016450181921944,50,1,1,0.2,0.1148
TRNO,0.045373663002136466,68,0,0,0.35,0.0408
TRNR,-0.4882525424552257,2,1,4,0.95,0.9569
TRNS,0.01476581130908182,61,1,1,0.1,0.0763
TRON,-0.29931132824489887,7,1,28,1.0,0.4869
TROO,-0.4137087212143911,3,1,25,1.0,0.6279
TROW,0.1577720623969307,86,0,0,0.0,0.0
TROX,-0.3321124689257213,6,1,15,0.95,0.4535
TRP,0.006140080867598756,58,0,0,0.5,0.0653
TRS,0.0073644368654330675,59,1,3,0.15,0.1086
TRSG,-0.02236047616360271,48,1,4,0.2,0.1417
TRST,0.07158038132591674,74,0,0,0.1,0.0319
TRT,-0.11382001547785346,25,1,9,0.75,
TRTX,0.005944316412147245,58,0,0,0.2,0.1155
TRU,0.10032624337237514,79,0,0,0.55,0.1678
TRUG,-0.3553269490723569,5,1,1,0.95,0.8793
TRUP,0.11147956168772322,81,0,0,0.1,0.3167
TRV,0.1320255948924996,83,0,0,0.05,0.0029
TRVG,0.5073657506540576,97,0,0,0.05,0.0396
TRVI,0.37009261361589957,95,0,0,0.2,0.0
TRX,-0.36105873934407884,5,1,58,1.0,0.6739
TS,-0.16076687414325597,19,1,15,0.8,0.1993
TSAT,-0.15312286359547267,20,1,4,0.9,0.244
TSBK,0.04635304972462563,68,0,0,0.05,0.0685
TSCO,-0.09850040645880581,28,1,2,0.6,0.4921
TSEM,-0.12304512338363507,24,1,7,0.5,0.3341
TSHA,0.07900215963494979,75,0,0,0.3,0.0957
TSI,-0.038374784094140045,40,1,5,0.55,0.1619
TSLA,-0.013097807518505054,52,1,1,0.8,0.1782
TSLX,-0.07854179088021981,32,0,0,0.6,0.2709
TSM,0.03746079428670468,66,1,1,0.1,0.0954
TSN,-0.07605755063931098,32,1,2,0.9,0.2223
TSQ,0.08079768315636096,76,0,0,0.3,0.1509
TSSI,-0.26526252605980305,10,1,10,0.9,0.3637
TT,-0.0006712105859822265,56,1,1,0.2,0.0793
TTAM,0.08617176291895004,77,1,1,0.1,0.1522
TTAN,0.1298587000251771,83,0,0,0.5,0.3263
TTC,0.008274857000582447,59,1,1,0.25,0.1416
TTD,-0.17079264177038753,18,1,24,1.0,0.5283
TTE,-0.18214492425019269,16,1,17,0.95,0.2744
TTEC,-0.1977220206067997,15,1,29,1.0,0.4685
TTEK,0.01240304158568948,60,0,0,0.4,0.3288
TTGT,-0.21582262491290136,13,1,1,0.85,0.4193
TTI,-0.062092326427805156,35,1,4,0.45,0.3105
TTMI,-0.07161910232135778,33,1,6,0.3,0.3523
TTRX,1.1822329429280047,98,0,0,0.0,0.0
TTWO,0.17037549902784346,87,0,0,0.3,0.063
TU,-0.1769617958780136,17,1,17,0.95,0.3086
TULP,-0.12068522704887799,25,1,2,0.75,0.3828
TURB,-0.18263976979819846,16,0,0,0.4,
TUSK,-0.028818329581653306,43,1,2,0.65,0.1926
TUYA,-0.1322215705217818,23,0,0,0.9,0.32
TV,-0.05713210538160195,36,1,11,0.6,0.2748
TVA,-0.031673640983464035,42,1,5,0.55,0.1464
TVACU,-0.01993951616850188,49,0,0,0.6,0.1564
TVAI,-0.02830315452981097,44,1,4,0.45,0.1519
TVAIU,-0.0391313873572667,40,1,5,0.95,0.1521
TVGN,-0.30943943950385994,7,1,7,0.45,0.7413
TVRD,-0.06999730446025466,33,0,0,0.95,
TVTX,0.3439050722373485,94,0,0,0.0,0.0416
TW,-0.0998192020776315,28,1,1,0.85,0.3069
TWAV,-0.2374665710087432,12,1,12,0.65,0.4554
TWFG,0.3408980819979655,94,0,0,0.0,0.1482
TWG,-0.31050542207323856,7,1,65,1.0,
TWI,-0.08030425856340295,31,1,4,0.6,0.4089
TWIN,0.24837480893716152,91,0,0,0.0,0.1181
TWLO,0.061999077240758815,72,0,0,0.45,0.0953
TWLV,-0.03029896514543464,42,1,6,0.55,0.1502
TWLVU,-0.028379827573648042,44,1,4,0.45,0.1568
TWN,0.0034180838685101897,57,1,1,0.45,0.0943
TWO,-0.0012101382013445794,56,1,5,0.45,0.1642
TWST,0.41968476578229136,96,0,0,0.0,0.1163
TX,-0.08587257747623721,30,1,13,0.65,0.1546
TXG,0.39256322878874544,95,0,0,0.0,0.0497
TXMD,-0.07623207220412434,32,1,2,0.55,0.3446
TXN,0.055686141712996365,70,1,7,0.5,0.1212
TXNM,-0.07589529285124277,32,1,6,0.85,0.1809
TXO,-0.039745508315580755,39,0,0,0.8,0.1492
TXRH,0.13057192336627368,83,0,0,0.35,0.1305
TXT,-0.023721920255134154,47,1,1,0.35,0.1691
TY,0.009343569119203476,59,0,0,0.15,0.0256
TYG,-0.0881724443302106,30,1,9,0.95,0.2587
TYGO,-0.5339063756235316,2,1,42,1.0,0.6314
TYL,-0.02692086826066329,45,0,0,0.75,0.3497
TYRA,0.0007284881321314024,56,0,0,0.5,0.2945
TZOO,0.29754781868542884,93,0,0,0.0,0.0594
U,0.05572541795349384,70,0,0,0.45,0.42
UA,0.1257859454206054,82,0,0,0.05,0.2353
UAA,0.12157498630722902,82,0,0,0.05,0.2406
UAL,0.27105472956044174,92,0,0,0.0,0.0809
UAMY,-0.29305576444246695,8,1,3,0.95,0.4721
UAN,-0.11055592647489396,26,0,0,0.95,0.2769
UAVS,-0.25150633408473844,11,1,23,1.0,0.5743
UBCP,0.01954603374833802,62,0,0,0.2,0.1442
UBER,-0.006989803142440923,54,0,0,0.65,0.2216
UBS,0.1220401365358515,82,0,0,0.0,0.0089
UBSI,0.039801632981962126,66,0,0,0.0,0.0528
UBXG,-0.18308447450587262,16,1,5,0.45,
UCAR,0.02116620227499505,62,1,8,0.95,
UCB,0.03959629987601737,66,0,0,0.2,0.1039
UCFI,-0.0333302468976196,41,1,5,0.5,0.161
UCL,-0.22083299970115383,13,1,11,0.8,0.5312
UCTT,0.06553239461393635,72,1,3,0.2,0.3641
UDR,0.07179035715829629,74,0,0,0.2,0.0335
UE,0.03410543243036884,65,0,0,0.35,0.0525
UEC,-0.3302283783019287,6,1,23,1.0,0.5452
UEIC,0.09579916319930404,78,0,0,0.35,0.0802
UFCS,0.2410201632097323,91,0,0,0.0,0.03
UFG,-0.11408010727828316,25,1,5,0.45,0.51
UFI,0.2585120605396342,92,0,0,0.2,0.0
UFPI,-0.0018322654136017635,56,1,2,0.15,0.3214
UFPT,0.20296039963453766,89,0,0,0.0,0.0923
UG,0.020389240075103822,62,0,0,0.3,0.0875
UGI,-0.01417077777279726,51,0,0,0.4,0.186
UGP,-0.012465162646513584,52,0,0,0.75,0.1796
UHAL,0.2217420514873693,90,0,0,0.0,0.031
UHS,0.0034048828713879598,57,0,0,0.8,0.3757
UHT,0.0816070985178404,76,0,0,0.45,0.0632
UI,-0.300082758474383,7,1,41,1.0,0.5401
UIS,0.12416395248878867,82,1,2,0.6,0.2294
UK,-0.43504743262703516,3,1,43,1.0,0.7614
UL,0.08789173119383384,77,0,0,0.1,0.2239
ULBI,-0.16238171813014415,18,1,23,1.0,0.2889
ULCC,0.5133177292830089,97,0,0,0.0,0.1032
ULH,-0.15088457778533007,20,1,15,0.75,0.4658
ULS,-0.12348746765194225,24,1,3,0.6,0.1838
ULTA,-0.11989627440044612,25,1,6,0.85,0.4168
UMAC,0.012133324002760557,60,1,3,0.5,
UMBF,0.12572367772508808,82,0,0,0.0,0.0177
UMBFO,-0.007934817810983496,54,0,0,0.5,0.1166
UMC,0.5985066767081131,97,1,1,0.05,0.1657
UMH,-0.00948452264852366,53,0,0,0.45,0.1238
UNB,0.014000229527247388,61,0,0,0.3,0.1237
UNCY,-0.3022625095864512,7,1,5,0.65,0.3682
UNF,0.011289488810780367,60,0,0,0.45,0.1166
UNFI,-0.10282755616518417,27,1,8,0.7,0.1627
UNH,0.1709132750511773,87,0,0,0.0,0.0244
UNIT,-0.08650447117301308,30,1,13,0.65,0.1642
UNM,0.059628824288975174,71,1,2,0.15,0.0482
UNP,0.05827979217659657,71,0,0,0.35,0.0311
UNTY,0.022125909161867838,62,1,2,0.15,0.0994
UONE,-0.3780944000458762,4,1,12,0.95,0.7079
UONEK,-0.22135445545003385,13,1,1,0.9,0.5661
UP,0.07050410144082014,73,0,0,0.4,0.6439
UPB,-0.08411245017709408,30,0,0,0.75,0.7775
UPBD,0.11257639455047663,81,0,0,0.1,0.1382
UPC,0.9660346311825196,98,0,0,0.45,
UPLD,-0.41443212838805477,3,1,22,1.0,0.709
UPS,0.057176493389689914,71,0,0,0.15,0.122
UPST,0.04280874530511844,67,1,1,0.15,0.4008
UPWK,-0.11121878757182357,26,0,0,0.8,0.6322
UPXI,-0.28077069334055926,9,1,30,1.0,0.6898
URBN,-0.06839154304746163,33,1,6,0.55,0.2344
URG,-0.30724700326674076,7,1,14,0.95,0.4033
URGN,0.531483698388415,97,0,0,0.05,0.011
URI,0.0807563755455466,76,1,1,0.05,0.0899
UROY,-0.30751482895768617,7,1,23,1.0,0.551
USA,-0.00937106872478509,53,0,0,0.6,0.1043
USAC,-0.09870950126364543,28,1,16,0.9,0.2023
USAR,-0.27803388480757973,9,1,10,0.9,0.4132
USAS,-0.260294612665555,10,1,12,0.85,0.6012
USAU,-0.030465740892457162,42,0,0,0.6,0.3602
USB,0.11812711113874685,81,0,0,0.0,0.0299
USBC,-0.0863128279054023,30,1,9,0.8,0.5501
USCB,0.06007254963387168,71,0,0,0.0,0.0923
USEA,0.1297060815941125,83,0,0,0.0,0.0077
USFD,0.16734406466045676,87,0,0,0.0,0.0758
USGO,-0.3027899725423043,7,1,2,0.95,0.5308
USIO,0.6491587166042414,98,0,0,0.05,0.0808
USLM,-0.13418797202400928,22,1,10,0.85,0.3569
USNA,0.18795635373403827,88,0,0,0.1,0.0892
USPH,0.04570194893807654,68,0,0,0.25,0.2467
UTF,0.002260985420311154,57,0,0,0.25,0.0724
UTG,-0.07500035401172495,32,1,7,0.65,0.1328
UTHR,-0.021723460599723052,48,0,0,0.8,0.1923
UTI,0.2115283802352358,89,0,0,0.25,0.0
UTL,0.011599432168907964,60,0,0,0.25,0.1538
UTMD,0.022390141561730525,62,1,1,0.3,0.0937
UTSI,-0.12202728698366168,24,1,12,0.6,0.291
UTZ,0.10782973337243035,80,0,0,0.5,0.3152
UUU,-0.4427266839284041,3,1,20,1.0,0.488
UUUU,-0.33553554121986967,6,1,23,1.0,0.5708
UVE,0.13225159603414072,83,0,0,0.2,0.0251
UVSP,0.09702567276648136,78,0,0,0.0,0.0406
UVV,-0.05899809979726737,35,1,6,0.7,0.1937
UWMC,-0.3188207525568251,6,1,53,1.0,0.666
UXIN,-0.3829834924441993,4,1,3,0.95,0.6081
UYSC,-0.024286176498838206,47,1,5,0.5,0.136
UYSCU,-0.0997940314743672,28,1,16,0.95,0.1784
UZX,-0.628172721841666,1,1,22,1.0,
V,0.07816297562350544,75,0,0,0.2,0.079
VABK,0.011862824913852724,60,1,3,0.25,0.093
VAC,0.24236718831581633,91,0,0,0.0,0.0445
VACI,-0.030435584044812457,42,1,6,0.7,0.134
VAL,-0.23771550513223455,11,1,31,1.0,0.3829
VALE,-0.10889246495943937,26,1,51,1.0,0.2303
VALN,-0.09467667023260809,28,1,25,1.0,0.5988
VALU,0.12156052220277783,82,0,0,0.1,0.0849
VANI,0.061256774328982286,71,0,0,0.55,0.1848
VATE,0.054074367418023433,70,1,4,0.2,0.3214
VBF,-0.01961722869093078,49,1,2,0.45,0.1317
VBIO,-0.433765769991337,3,1,37,1.0,0.6689
VBNK,0.19478822540479926,89,0,0,0.05,0.0863
VC,-0.07835088632526568,32,1,8,0.6,0.1359
VCEL,0.2825857946695685,93,0,0,0.0,0.0099
VCIG,0.0895435845491053,77,1,12,0.8,
VCTR,0.09225372355474201,77,0,0,0.35,0.0144
VCV,-1.6798153261068927e-05,56,0,0,0.2,0.1106
VCYT,0.3874792403154096,95,0,0,0.0,0.0948
VECO,0.01232109199356625,60,1,4,0.25,0.3531
VEEA,-0.6293484259272053,1,1,26,1.0,0.7377
VEEE,-0.178218699951556,17,1,17,0.95,
VEEV,0.06224205647987001,72,0,0,0.65,0.2686
VEL,-0.054852054588068674,36,1,1,0.45,0.2219
VELO,-0.10019347893613888,28,1,10,0.55,0.5634
VENU,-0.38256571916335497,4,1,8,0.95,0.7794
VEON,0.005160976000370007,58,1,1,0.8,0.1511
VERA,0.19595422989188746,89,0,0,0.3,0.1925
VERI,-0.39454029822148556,4,1,30,1.0,0.7602
VERU,-0.06195446795935364,35,1,2,0.1,
VERX,-0.008002732620472793,54,0,0,0.8,0.3866
VET,-0.31856995851895537,6,1,32,1.0,0.4448
VFC,-0.06781222496289387,34,1,6,0.65,0.2835
VFF,-0.27399844582878796,9,1,51,1.0,0.5026
VFL,-0.0029893015077069422,55,1,2,0.2,0.0901
VFS,-0.1990959341094044,15,1,49,1.0,0.4007
VG,-0.17933444360177528,17,1,15,0.9,0.44
VGAS,-0.37742692402831907,4,1,9,0.95,0.6281
VGI,-0.013354392112579369,51,0,0,0.3,0.1035
VGM,0.024562085896459,63,0,0,0.1,0.0723
VGZ,-0.20149615835452883,14,1,11,0.75,0.4447
VHC,-0.20104503279125863,14,1,6,0.95,0.5322
VHCPU,-0.028439480607790744,44,1,5,0.45,0.1534
VHI,-0.10933025414396583,26,1,2,0.4,0.2328
VIA,0.12296879001459429,82,0,0,0.45,0.3731
VIAV,-0.20757083489272507,14,1,7,0.7,0.3012
VICI,-0.0474766146829245,38,1,6,0.75,0.171
VICR,0.007754792517111669,59,1,3,0.3,0.3232
VIK,0.1618898657975686,86,0,0,0.0,0.0557
VINP,-0.0725163157434528,33,1,2,0.9,0.2985
VIOT,-0.23670794305590995,12,1,21,1.0,0.5052
VIPS,-0.0690645553811552,33,1,67,1.0,0.2995
VIR,0.06024117143350752,71,0,0,0.35,0.1262
VIRC,0.003929006423522709,57,1,1,0.15,0.1913
VIRT,0.22200601095864086,90,0,0,0.0,0.0217
VISN,0.011683645544729865,60,1,4,0.2,0.0956
VIST,-0.19531330136646124,15,1,17,0.9,0.3169
VITL,0.14435387465856142,85,0,0,0.15,0.6071
VIV,-0.0960634353582277,28,1,1,0.75,0.2655
VIVK,-0.7760002309066227,0,1,47,1.0,
VIVO,0.17087528527451296,87,1,5,0.5,0.3162
VIVS,-0.4018683655869798,4,1,87,1.0,
VKI,0.055807311528476816,70,0,0,0.0,0.0947
VKQ,0.013382632350728306,60,0,0,0.05,0.0819
VKTX,0.3260314596150423,94,0,0,0.35,0.0
VLGEA,-0.002431216569018655,55,1,1,0.6,0.1616
VLN,-0.12625943665789752,24,1,21,1.0,
VLO,0.015357641370488437,61,0,0,0.35,0.1104
VLRS,0.16980331094608334,87,0,0,0.1,0.2135
VLT,-0.008568746198529306,53,0,0,0.3,0.1119
VLTO,0.044351697330054174,67,0,0,0.45,0.1675
VLY,0.07758957286100351,75,0,0,0.0,0.0151
VLYPN,-0.021696027937874784,48,1,5,0.5,0.1256
VLYPO,-0.012474936975859698,52,0,0,0.4,0.1277
VLYPP,-0.017541610214603244,50,0,0,0.5,0.1338
VMAR,-0.814015923688455,0,1,122,1.0,0.9833
VMC,0.019061881073741724,62,0,0,0.15,0.1666
VMD,0.2006177567089293,89,0,0,0.0,0.0002
VMI,0.042959531216004626,67,1,1,0.1,0.0909
VMO,-0.0026857462676454294,55,1,2,0.2,0.0921
VNCE,0.5544214321567249,97,1,2,0.1,0.212
VNDA,-0.0793684104749024,31,0,0,0.75,0.3978
VNET,-0.17318704585093866,17,1,3,0.95,0.5019
VNME,-0.026823088564864116,45,1,6,0.5,0.1444
VNMEU,-0.02844064566902983,44,1,5,0.5,0.2051
VNO,0.2313701613032652,90,0,0,0.0,0.0319
VNOM,-0.1488065346893995,20,1,32,1.0,0.2538
VNRX,-0.4207198018317818,3,1,26,1.0,0.8165
VNT,-0.1247658496435613,24,1,6,0.65,0.3863
VNTG,-0.08932370515260538,29,1,7,0.55,0.3337
VOC,-0.0799408883863971,31,0,0,0.8,0.2943
VOD,-0.1800906711952953,16,1,15,0.85,0.2538
VOR,0.3040968616106965,93,0,0,0.3,0.0276
VOXR,-0.21635132845789504,13,1,28,1.0,0.3587
VOYA,0.17488677391171648,87,0,0,0.0,0.0
VOYG,-0.10724270480846529,26,1,16,0.85,0.3799
VPG,0.3685614120830833,95,1,3,0.15,0.2775
VPV,-0.006692577312310509,54,1,2,0.1,0.0682
VRA,0.044078374756431005,67,0,0,0.15,0.1448
VRAX,-0.26828889309289305,10,1,19,0.95,
VRCA,-0.08249464554504113,31,1,2,0.8,0.3109
VRDN,0.20640466391791437,89,0,0,0.35,0.4435
VREX,-0.04544031328892536,38,0,0,0.5,0.3202
VRM,-0.3623217018232425,5,1,11,0.9,0.6691
VRME,-0.14641824630257821,20,0,0,0.9,0.5689
VRNS,0.544869929255277,97,0,0,0.0,0.0
VRRM,-0.3990457956411159,4,1,122,1.0,
VRSK,0.03137569507490651,64,0,0,0.3,0.2082
VRSN,-0.09342114760040388,29,1,17,0.95,0.144
VRT,-0.056398222177677815,36,1,4,0.65,0.1892
VRTS,0.057571186984003375,71,0,0,0.4,0.1576
VRTX,0.1675030435017465,87,0,0,0.0,0.0575
VRXA,-0.7732313201699412,0,1,14,0.7,
VS,0.10415545919501495,80,0,0,0.55,0.0497
VSA,-0.4589864291154781,3,1,13,0.95,
VSAT,0.13817833983950112,84,0,0,0.65,0.1468
VSEC,0.17321036320046254,87,0,0,0.1,0.1111
VSEE,-0.42644872118319666,3,1,25,1.0,0.7713
VSH,0.14414791649544154,85,1,6,0.3,0.3508
VSME,0.9153062339978939,98,1,1,0.2,
VSNT,-0.08659039839977942,30,1,19,0.95,0.153
VST,-0.028557372555735216,44,1,5,0.5,0.2018
VSTD,-0.34504479366984114,5,1,27,1.0,0.6555
VSTM,0.016042905380823272,61,0,0,0.65,0.4347
VSTS,0.31795385893471445,94,0,0,0.05,0.0571
VSXY,0.2887975325412688,93,0,0,0.1,0.138
VTAK,-0.30402215451865194,7,1,6,0.55,0.7159
VTEX,0.046309820419586534,68,0,0,0.55,0.114
VTGN,-0.6229153674861101,1,1,5,0.55,
VTMX,-0.024557376396532424,46,0,0,0.65,0.1306
VTN,0.012575445108650933,60,0,0,0.0,0.1131
VTOL,-0.08331649940504984,30,0,0,0.65,0.2211
VTR,0.12002587022298283,82,0,0,0.35,0.0405
VTRS,0.08504889375328115,76,0,0,0.3,0.0412
VTS,-0.1449035700861878,21,1,17,0.95,0.3336
VTSI,-0.22001631740712274,13,1,48,1.0,0.4401
VTVT,-0.04213436103821723,39,1,2,0.45,0.2749
VUZI,-0.2703363339669653,9,1,21,1.0,0.522
VVOS,-0.41220726128986646,3,1,19,0.95,0.8021
VVR,-0.03224388299651565,41,1,6,0.7,0.166
VVV,0.10741343388794047,80,0,0,0.0,0.0934
VVX,-0.07283409097807703,33,1,9,0.5,0.1778
VWAV,-0.29129879584894114,8,1,12,0.9,0.7241
VYGR,-0.03003335659864974,42,0,0,0.6,0.3189
VYNE,-0.006221468442034982,54,0,0,0.45,0.0802
VYX,0.19099188683502832,88,0,0,0.15,0.2908
VZ,-0.1129255045134771,26,1,6,0.75,0.2754
VZLA,-0.15671687994539088,19,1,12,0.8,0.5833
W,0.31171213039013385,93,0,0,0.05,0.2771
WAB,-0.03984262901836834,39,1,6,0.35,0.1322
WABC,0.036812741374758956,66,0,0,0.0,0.028
WAFD,0.053177096630984924,69,0,0,0.0,0.0381
WAFDP,-0.017319543703145913,50,1,2,0.4,0.1463
WAFU,-0.07289388725674688,33,1,16,0.8,0.2146
WAI,-0.0936676562542797,29,1,12,0.7,0.3342
WAL,8.112398042478541e-05,56,1,1,0.2,0.2065
WALD,0.30313659194678055,93,0,0,0.3,0.2111
WASH,0.07143808752118863,74,0,0,0.0,0.0822
WAT,0.03938218940636114,66,0,0,0.25,0.1418
WATT,-0.27081973744270704,9,1,12,0.9,0.4977
WAVE,0.07299246365934753,74,0,0,0.5,0.1021
WAY,0.1033779705559226,79,0,0,0.55,0.3628
WB,-0.10796637737507056,26,1,78,1.0,0.3409
WBD,-0.07116256573496405,33,1,5,0.6,0.1872
WBI,0.10030197063140261,79,0,0,0.2,0.0225
WBS,0.03845008339036077,66,0,0,0.0,0.0379
WBTN,-0.0481967608899077,37,1,5,0.75,0.2355
WBUY,-0.3384844819158433,6,1,17,0.95,0.6145
WBX,0.7771654688463734,98,0,0,0.35,0.0381
WCC,-0.12855319256113856,23,1,7,0.6,0.1747
WCN,0.06754523548211128,73,0,0,0.15,0.0973
WCT,-0.5109904880443897,2,1,16,0.9,
WD,-0.0031742603813965757,55,1,2,0.2,0.2638
WDAY,0.0081268798437035,59,0,0,0.65,0.3719
WDC,0.12195498500270516,82,1,4,0.3,0.2879
WDFC,0.17756327431454438,88,0,0,0.0,0.1058
WDH,-0.23466173407625623,12,1,60,1.0,0.4021
WDI,-0.005462017892978385,54,0,0,0.35,0.0887
WDS,-0.173397655557463,17,1,15,0.9,0.3234
WEA,-0.019283643955553674,49,1,2,0.35,0.1199
WEAV,0.15927118056430198,86,0,0,0.6,0.1408
WEC,0.00804861488072161,59,0,0,0.25,0.1324
WELL,0.12919159244811726,83,0,0,0.2,0.0019
WEN,0.11553146394919767,81,0,0,0.55,0.1541
WENN,-0.027657073648175944,44,1,6,0.55,0.1462
WENNU,-0.030428874748057368,42,1,5,0.5,0.152
WERN,0.12710885232866187,83,0,0,0.15,0.0371
WES,0.0017162651269587367,57,0,0,0.7,0.0783
WEST,0.12515437242386884,82,1,6,0.35,0.2723
WETH,-0.18025220478122833,16,1,19,0.95,0.4069
WETO,-0.025957693102673596,46,1,5,0.45,
WEX,-0.0049838169334677565,55,0,0,0.6,0.2144
WEYS,0.09306949033108317,78,1,1,0.05,0.0569
WF,-0.07517279628632917,32,0,0,0.7,0.3268
WFC,0.04421854821977016,67,0,0,0.05,0.1546
WFCF,0.14058482710158646,84,0,0,0.3,0.2716
WFF,0.16061366481752282,86,1,1,0.05,0.407
WFG,0.011914487893238596,60,1,2,0.25,0.1958
WFRD,-0.2244556740898372,12,1,30,1.0,0.2848
WGO,0.025957095594169977,63,0,0,0.5,0.4215
WGRX,-0.3966905094231783,4,1,31,1.0,
WGS,0.3131058478283829,94,0,0,0.0,0.5635
WH,-0.015408241616943819,51,1,4,0.4,0.1373
WHD,-0.09808047112554155,28,1,15,0.75,0.1927
WHF,-0.1214014883882156,24,1,3,0.8,0.2334
WHG,0.19360242631895552,89,0,0,0.0,0.0045
WHLR,-0.920610267867709,0,1,111,1.0,0.9931
WHLRD,-0.006573747823179554,54,0,0,0.6,0.1275
WHLRP,0.5037646932963482,97,0,0,0.05,0.0
WHR,-0.23194266241534875,12,1,95,1.0,0.627
WHWK,-0.02887200492413247,43,1,4,0.7,0.1879
WIA,-0.031411481579771736,42,1,5,0.55,0.1363
WILC,-0.019889488351464785,49,1,2,0.85,0.1484
WIMI,-0.14163274855669014,21,1,16,0.9,0.5174
WINA,0.03634781014986657,66,0,0,0.05,0.2229
WING,0.11162596357637092,81,0,0,0.2,0.4486
WIT,-0.13862607927389625,22,1,4,0.35,0.4392
WIW,-0.03574479622616354,40,1,6,0.65,0.1379
WIX,-0.2487485985945,11,0,0,0.8,0.5259
WK,-0.029525073108622513,43,0,0,0.65,0.4607
WKC,0.1767236077546047,88,0,0,0.0,0.0358
WKEY,-0.14302708906913375,21,1,25,1.0,0.3602
WKHS,-0.17725340150002244,17,1,22,1.0,0.558
WKSP,0.017292228076645086,61,1,1,0.45,0.6514
WLDN,-0.14498678959366687,21,1,14,0.7,0.4728
WLDS,-0.5037803677544825,2,1,14,0.95,0.8673
WLFC,0.13227898449681363,83,0,0,0.0,0.0891
WLK,-0.23793244785119938,11,1,58,1.0,0.4532
WLKP,-0.040823449045767776,39,1,6,0.65,0.118
WLTH,-0.16840192729902156,18,0,0,0.85,0.3287
WLY,0.22645459942359114,90,0,0,0.05,0.006
WLYB,0.22179339142603738,90,0,0,0.0,0.009
WM,0.028135953548381734,64,0,0,0.35,0.1342
WMB,-0.00473508514841231,55,0,0,0.55,0.1305
WMG,-0.038426117641530394,40,1,27,1.0,0.1847
WMK,0.0746564457656023,74,0,0,0.15,0.0508
WMS,0.06014108142516372,71,0,0,0.3,0.2182
WMT,-0.12704565164572884,23,1,9,0.9,0.2414
WNC,0.5167558825651144,97,0,0,0.0,0.142
WNEB,0.024488801203761484,63,0,0,0.1,0.0886
WNW,-0.017529163289271378,50,1,1,0.85,
WOK,-0.9268748311557722,0,1,36,1.0,
WOLF,-0.07118162369036254,33,1,10,0.9,0.5096
WOOF,-0.12566842071963796,24,1,5,0.8,0.3842
WOR,-0.07485978717152636,32,1,9,0.45,0.1773
WPC,-0.043335794404881584,39,1,6,0.6,0.1057
WPM,-0.16216198188541925,19,1,12,0.9,0.3816
WPP,-0.04737944317460979,38,0,0,0.6,0.3061
WPRT,-0.007070644305145424,54,1,1,0.5,0.2066
WRAP,0.13225327736826814,83,0,0,0.7,0.5069
WRB,0.054879593753007605,70,0,0,0.15,0.1006
WRBY,0.20270910310211168,89,0,0,0.15,0.1104
WRD,-0.30357271011412096,7,1,22,1.0,0.4902
WRLD,0.2607941274620768,92,0,0,0.0,0.118
WRN,-0.2754958028953137,9,1,23,1.0,0.5089
WS,-0.20179608988246517,14,1,15,0.75,0.385
WSBC,0.10415344886863614,80,0,0,0.0,0.0407
WSBCO,-0.04686958769234858,38,1,6,0.75,0.1566
WSBF,0.057207699664859,71,0,0,0.05,0.063
WSBK,-0.0116134895495979,52,1,2,0.25,0.1443
WSC,0.07266415562985873,74,1,4,0.2,0.1328
WSFS,0.048617150304689744,68,0,0,0.0,0.0392
WSHP,-0.07871260515103912,32,1,1,0.7,
WSM,0.11616679801926266,81,1,2,0.1,0.0931
WSO,-0.020582434792783343,48,1,2,0.25,0.1868
WSR,0.001626817647092861,57,1,6,0.5,0.0842
WST,0.14984642161021666,85,0,0,0.0,0.0302
WSTN,-0.029037565359493745,43,1,5,0.5,0.1517
WT,0.006538964242589887,58,0,0,0.7,0.0685
WTBA,0.07584110720758983,74,0,0,0.0,0.0586
WTF,-0.17416431055299364,17,0,0,0.9,0.4757
WTFC,0.05012384013725135,69,0,0,0.0,0.0772
WTFCN,-0.011082277449624145,52,0,0,0.35,0.1112
WTG,-0.02199423666882242,48,1,6,0.55,0.1414
WTGUU,-0.09681485919747895,28,1,16,0.95,0.201
WTI,-0.19927677380973083,15,1,15,0.85,0.3343
WTM,0.0024763263336283203,57,0,0,0.75,0.1677
WTRG,0.006883376350063315,58,0,0,0.3,0.19
WTS,0.1493007658076931,85,0,0,0.0,0.0884
WTTR,0.023827728564602406,63,1,3,0.35,0.0891
WTW,0.08076476887807534,76,0,0,0.25,0.2048
WU,-0.044122990821660456,38,0,0,0.65,0.2478
WULF,-0.12810872096307782,23,1,8,0.45,0.31
WVE,-0.06297510889537906,35,0,0,0.8,0.6191
WVVI,-0.06851908861205266,33,1,1,0.6,0.2194
WVVIP,0.01194785910590436,60,0,0,0.75,0.2615
WW,0.08425981829312838,76,1,8,0.4,0.5796
WWD,0.07479733469441208,74,1,1,0.05,0.089
WWR,-0.20348259216465608,14,1,38,1.0,0.646
WWW,0.034238782844317264,65,0,0,0.4,0.2027
WXM,-0.48266408065228367,2,1,6,0.65,
WY,-0.07458328402665335,32,1,6,0.45,0.2145
WYFI,0.6433788533358746,98,1,1,0.35,0.2675
WYHG,0.48104539989813805,96,1,1,0.35,0.3777
WYNN,-0.10742478694014806,26,1,8,0.55,0.2491
WYY,0.5992542452948444,97,1,1,0.05,0.3121
XAIR,-0.19464707332593173,15,1,2,0.6,
XBIO,-0.14826362258035022,20,1,14,0.9,0.2402
XBIT,-0.04604804560512531,38,0,0,0.9,0.1874
XBP,-0.2073953381426833,14,1,1,0.7,0.7547
XCH,-0.26179642121420393,10,1,4,0.65,
XCUR,-0.45020989465132283,3,1,24,1.0,0.7292
XEL,-0.009195679726359075,53,0,0,0.5,0.1345
XELB,-0.26485467141311303,10,1,12,0.85,0.3815
XENE,0.11701248138676931,81,0,0,0.4,0.0889
XERS,0.4195337136738967,96,0,0,0.0,0.0
XFLT,-0.028758894956537072,43,0,0,0.85,0.2496
XFOR,-0.06701807080083769,34,1,2,0.4,0.2383
XGN,0.2454213990711543,91,0,0,0.15,0.3009
XHG,-0.17085667112457809,17,1,16,0.9,
XHLD,0.5830670405362066,97,0,0,0.5,
XHR,0.16546509485375582,87,0,0,0.0,0.0457
XIFR,0.06802788311159978,73,0,0,0.45,0.0058
XLO,0.1091896172339826,80,0,0,0.2,0.1575
XMAX,0.042191523494513355,67,0,0,0.3,0.0495
XMTR,0.4683822490807969,96,0,0,0.05,0.0382
XNCR,0.23680860329819803,91,0,0,0.05,0.0279
XNET,-0.003210064598922289,55,0,0,0.6,0.3745
XOM,-0.11641691860787884,25,1,17,0.9,0.2987
XOMA,0.06038793340111616,71,0,0,0.15,0.0023
XOMAO,-0.03404475572043185,41,1,6,0.5,0.1465
XOMAP,-0.041887141477259825,39,1,6,0.55,0.1618
XOS,-0.06685299899454705,34,1,12,0.65,
XP,-0.08856917343419815,29,1,1,0.8,0.3535
XPEL,0.03764876821234532,66,0,0,0.2,0.1697
XPER,0.08771297854900485,77,1,1,0.15,0.0892
XPEV,-0.24047264344540692,11,1,22,1.0,0.439
XPL,-0.14303525149449847,21,1,12,0.95,0.2886
XPO,-0.08004052730562114,31,1,15,0.75,0.1632
XPOF,0.11982970494535225,82,0,0,0.05,0.2897
XPON,-0.34331368812308377,5,1,48,1.0,0.6021
XPRO,-0.18684561464848456,16,1,15,0.75,0.3223
XRAY,0.11465859323347236,81,0,0,0.4,0.2422
XRN,0.045152753126202164,68,0,0,0.25,0.0533
XRPN,-0.02542028970716411,46,1,6,0.55,0.1455
XRPNU,-0.03125124894027943,42,1,6,0.7,0.1531
XRTX,-0.18319622575530703,16,1,6,0.9,0.3671
XRX,0.09565029210551274,78,1,5,0.35,0.2524
XTIA,-0.22759258181048347,12,1,4,0.9,0.5413
XTLB,0.11845090789296198,81,0,0,0.5,
XTNT,-0.17392479372808137,17,1,40,1.0,0.4503
XWEL,-0.352317924281437,5,1,20,1.0,
XXI,-0.23794267698272906,11,1,38,1.0,0.4809
XXII,-0.7251747557935457,0,1,122,1.0,0.9856
XYF,0.014644420444817036,61,0,0,0.3,0.2375
XYL,0.0219789373107181,62,0,0,0.35,0.2347
XYZ,0.09591898312945818,78,0,0,0.25,0.0283
XZO,0.28064107703966673,92,0,0,0.5,0.2455
YAAS,-0.3345019074703653,6,1,12,0.8,
YALA,-0.1395114360843357,21,1,3,0.85,0.3287
YB,-0.009691065250461407,53,0,0,0.4,0.3198
YCBD,-0.07879722429254526,31,0,0,0.95,0.4117
YCY,-0.021303484178629182,48,1,6,0.55,0.1427
YDDL,-0.5531969433548714,1,1,60,1.0,
YDES,-0.5427042560562869,2,1,66,1.0,0.8516
YDKG,-0.08220391297412795,31,1,11,0.6,0.3404
YELP,0.009278178036560246,59,0,0,0.5,0.2053
YETI,0.10589794515810688,80,1,2,0.1,0.1177
YEXT,0.2540070240261157,92,0,0,0.3,0.4198
YHC,-0.9877183607750535,0,1,5,0.65,
YHGJ,-0.13938974965264736,22,1,16,0.8,0.4402
YHNA,-0.029240480090903576,43,1,5,0.5,0.15
YHNAU,-0.03756040739719676,40,1,5,0.65,0.1339
YI,-0.2616127085409039,10,1,56,1.0,0.558
YIBO,0.049803268610270596,68,0,0,0.4,0.168
YJ,-0.206555440050383,14,1,15,0.75,0.4022
YMAT,0.17760490871860088,88,1,21,1.0,
YMM,-0.07676701368005814,32,0,0,0.8,0.2679
YMT,-0.6196116571092749,1,1,113,1.0,0.9834
YOOV,-0.20378525063046998,14,0,0,0.75,
YORW,2.1368901803181517e-06,56,0,0,0.3,0.1657
YOU,-0.01594252127867541,50,0,0,0.65,0.1059
YOUL,-0.16364247057168,18,0,0,0.7,
YPF,-0.06943517888206709,33,1,15,0.75,0.1769
YQ,0.05085218840860671,69,0,0,0.85,0.3744
YRD,-0.1261689992143344,24,0,0,0.85,
YSG,0.141352692459008,84,0,0,0.15,0.296
YSXT,-0.0769457386403142,32,1,1,0.4,0.4639
YTRA,-0.1132583599208984,26,1,4,0.65,0.5439
YUM,0.07423563813645707,74,0,0,0.15,0.0866
YUMC,-0.1014461145822187,27,1,15,0.9,0.3225
YXT,-0.20333698445065296,14,1,17,0.95,0.6346
YYAI,-0.45409521834326044,3,1,60,1.0,0.8942
YYGH,-0.8548985191371576,0,1,109,1.0,0.9962
Z,-0.19377026618102478,15,1,2,0.95,0.5701
ZBAO,-0.4018265910970249,4,1,25,1.0,
ZBH,0.004744183465225829,58,0,0,0.2,0.1838
ZBIO,0.3683593937307082,95,0,0,0.25,0.0672
ZBRA,0.1040552457339215,80,0,0,0.45,0.1251
ZCMD,-0.6987993897891802,1,1,41,1.0,
ZD,0.12021359404387089,82,0,0,0.15,0.0049
ZDAI,-0.3285092092736867,6,1,12,0.6,0.8445
ZDGE,-0.08841085767162096,29,1,2,0.55,0.2792
ZENA,-0.2822273260588757,8,1,5,0.9,0.754
ZEO,-0.2841053328903771,8,1,23,1.0,0.6258
ZEPP,-0.48670385284205114,2,1,41,1.0,0.838
ZETA,0.08324736696424771,76,0,0,0.65,0.1724
ZG,-0.19918016000308938,15,1,2,0.95,0.5625
ZGN,0.0253501166011868,63,0,0,0.6,0.0909
ZH,-0.023911312144527776,47,0,0,0.4,0.2936
ZIM,-0.13013953313949422,23,1,2,0.35,0.2335
ZION,0.10730817296093156,80,0,0,0.0,0.0032
ZIONP,-0.05898006347780157,35,1,17,0.9,0.1785
ZIP,0.30357769807351853,93,0,0,0.3,0.0278
ZJK,-0.25465402852337404,10,1,17,0.95,0.3886
ZJYL,-0.26368825215078895,10,1,8,0.8,0.6669
ZKH,-0.19825851171363612,15,1,1,0.85,0.3878
ZKIN,-0.08204303193003717,31,1,8,0.65,0.4132
ZKPU,-0.02698414766163585,45,1,5,0.45,0.1576
ZLAB,-0.009899172578138576,53,0,0,0.4,0.2755
ZM,-0.18328734836853802,16,1,20,1.0,0.2418
ZNB,-0.7416750368253944,0,1,107,1.0,
ZNTL,0.29024244976791075,93,0,0,0.55,
ZONE,0.7735196665635453,98,0,0,0.2,0.1815
ZOOZ,-0.11124568914322686,26,1,5,0.8,0.5289
ZS,0.05089036394919702,69,0,0,0.65,0.3776
ZSQR,-0.3139726356553984,7,1,6,0.45,0.507
ZSTK,-0.39931924194415885,4,1,14,0.9,
ZTEK,-0.04720540960837971,38,0,0,0.9,0.5517
ZTG,-0.009572500119725505,53,0,0,0.9,0.2496
ZTO,-0.05598740285783092,36,0,0,0.8,0.1886
ZTS,-0.22068989768528213,13,1,66,1.0,0.4666
ZUMZ,-0.2860620561331509,8,1,26,1.0,0.4027
ZURA,0.1206330852449157,82,0,0,0.45,0.3489
ZVIA,0.2727840670292075,92,0,0,0.3,0.232
ZVRA,0.3178472487062541,94,0,0,0.0,0.0
ZWS,-0.041229397606080076,39,1,4,0.3,0.1701
ZYBT,-0.1335022003319103,22,0,0,0.8,0.4144
ZYME,0.006201550599279661,58,0,0,0.5,0.1139
