ticker,raw_score,rs_percentile,rs_below_ma,rs_days_below_ma,rs_frac_below_ma,rs_pct_off_high
A,0.038019857299547447,64,0,0,0.2,0.1665
AA,-0.36254969473389415,5,1,15,0.75,0.4253
AACB,-0.030699305130129875,43,1,3,0.45,0.1417
AACBU,-0.039732540232854476,39,1,3,0.7,0.1576
AACG,-0.0651442331601538,33,0,0,0.95,0.208
AAL,0.4009285671129441,95,0,0,0.1,0.0072
AAME,-0.29373699233738143,7,1,42,1.0,0.4955
AAMI,0.04944866342728611,67,1,9,0.45,0.1377
AAOI,-0.07821714700578554,31,1,11,0.7,
AAON,0.04133876847887569,65,1,4,0.55,0.2073
AAP,0.054167632084779496,68,0,0,0.15,0.0219
AAPG,-0.1782199992048914,17,0,0,0.95,0.4234
AAPL,0.00359591037530356,56,1,16,0.8,0.0551
AARD,0.27800850097915114,91,0,0,0.6,
AAT,0.15973733064880324,84,0,0,0.0,0.0209
AAUC,-0.18023686045985926,16,1,10,0.95,0.3522
AB,-0.07989072695903052,31,1,14,0.95,0.1975
ABAT,-0.20659787053372985,13,1,13,0.8,0.5214
ABBV,0.14384638591563226,83,0,0,0.1,0.0313
ABCB,0.07596597340740567,72,0,0,0.1,0.0133
ABCL,0.5382703262100057,96,0,0,0.25,0.07
ABEO,0.10491446009228468,77,0,0,0.3,0.0235
ABEV,-0.019528281103892167,49,1,2,0.55,0.1147
ABG,-0.010028847318410895,52,1,1,0.2,0.2866
ABLV,0.4382148369233673,95,0,0,0.0,0.0
ABM,0.09517515874891737,75,0,0,0.1,0.1392
ABNB,0.047504140134441444,66,0,0,0.35,0.0302
ABOS,0.025639738016656824,61,0,0,0.6,0.308
ABR,-0.1940015376220065,15,1,3,0.95,0.4096
ABSI,1.2277176186570122,99,0,0,0.0,0.0401
ABT,-0.024544794973132895,47,0,0,0.35,0.3268
ABTC,-0.4481561741732677,3,1,38,1.0,0.7166
ABTS,-0.33185521076499525,6,1,17,0.85,
ABUS,0.04108856102864117,65,0,0,0.45,0.1085
ABVC,0.4963251013196223,96,0,0,0.1,0.3091
ABVX,0.053065384022055614,68,0,0,0.9,0.097
ABX,0.275700082312388,91,0,0,0.25,0.0
ACA,0.16127003054537664,85,0,0,0.15,0.0214
ACAD,0.11377268404727515,78,0,0,0.35,0.1582
ACB,-0.23198004379823867,11,1,21,1.0,0.4169
ACCL,0.12747650321717674,81,0,0,0.05,0.523
ACCO,0.2317539749020806,89,0,0,0.3,0.0108
ACCS,-0.09236172245579,28,0,0,0.7,0.4248
ACDC,-0.23148566210505717,11,1,12,0.75,0.3299
ACEL,0.030149998454323604,63,1,2,0.2,0.1064
ACET,0.05166944763774263,67,0,0,0.45,0.1094
ACFN,-0.06970525214940837,32,0,0,0.7,0.3061
ACGL,0.038704794872838524,65,0,0,0.55,0.1289
ACGLN,-0.05127585968241147,36,1,1,0.85,0.1626
ACGLO,-0.06054641448927485,34,1,3,0.95,0.168
ACH,0.21483971620181486,88,0,0,0.3,0.1103
ACHC,0.2645979113805739,91,0,0,0.4,0.0
ACHR,-0.227771795195843,11,1,19,0.95,0.4982
ACHV,0.4416127634467069,95,0,0,0.2,0.0186
ACI,-0.1789292717427569,17,1,16,0.9,0.3215
ACIC,-0.0027517651964862194,54,0,0,0.55,0.1495
ACIU,-0.14241825871590474,21,1,2,0.75,0.4087
ACIW,0.16918947456172073,85,0,0,0.2,0.0
ACLS,0.32563728265827124,93,0,0,0.05,0.0604
ACM,-0.17162803658829978,17,1,3,0.95,0.4009
ACMR,0.9545156528204792,98,0,0,0.0,0.0754
ACN,-0.34787118702107506,5,1,20,1.0,0.578
ACNB,0.17287011529774676,86,0,0,0.05,0.0091
ACNT,0.06623915670448825,70,0,0,0.4,0.2272
ACOG,0.2547067027627088,90,0,0,0.3,0.0132
ACON,-0.129220328134322,23,1,16,0.8,0.66
ACP,-0.02021362814462574,48,0,0,0.7,0.107
ACR,-0.13940245092499282,21,1,3,0.95,0.2265
ACRE,-0.09583745495797691,28,1,13,0.75,0.2184
ACRS,0.23423919169276536,89,0,0,0.45,
ACRV,0.049056007373066854,67,0,0,0.6,0.4696
ACT,0.06161609735542607,69,0,0,0.25,0.0617
ACTG,-0.05434800725125451,35,1,3,0.55,0.1922
ACTU,-0.4210352779791029,3,1,33,1.0,0.8005
ACU,0.10993430953018975,78,0,0,0.05,0.0687
ACV,0.023605632996769058,61,0,0,0.1,0.0414
ACVA,0.28770206035384943,92,0,0,0.25,0.2504
ACXP,-0.34353977728573976,5,1,2,0.95,
AD,-0.10434351532874928,27,1,12,0.75,0.1823
ADACU,-0.014997954127778317,50,1,2,0.3,0.1345
ADAG,0.230934037670615,89,0,0,0.45,0.0913
ADAM,0.07583223670729546,72,0,0,0.1,0.0461
ADAML,-0.002695430797043423,54,0,0,0.35,0.0929
ADAMM,-0.011297952953533266,52,0,0,0.45,0.0949
ADAMN,0.0029201304592346017,56,1,3,0.4,0.0662
ADAMZ,0.028166679665083558,62,0,0,0.2,0.0986
ADBE,-0.21915770154300873,12,1,17,0.85,0.4277
ADC,-0.0033600791484867873,54,0,0,0.45,0.1471
ADCT,-0.7159693659192619,1,1,50,1.0,
ADEA,0.09492041884576018,75,0,0,0.15,0.0831
ADGM,-0.27038193861171916,8,1,46,1.0,0.6233
ADI,-0.014498463099523885,51,1,4,0.45,0.1284
ADIL,0.39994583827662544,95,0,0,0.0,0.6034
ADM,-0.048724712252780356,37,1,12,0.65,0.0946
ADMA,-0.046834972478255986,37,0,0,0.55,0.5792
ADNT,-0.19729075248983274,14,1,11,0.65,0.3911
ADP,0.04319721207237992,66,0,0,0.3,0.171
ADPT,0.49780497566683485,96,0,0,0.0,0.0
ADSE,0.025839276325870242,61,0,0,0.65,0.109
ADSK,-0.2126657261396777,13,1,21,1.0,0.3746
ADT,-0.05604571616611097,35,0,0,0.85,0.2383
ADTN,-0.20507811987447877,14,1,18,0.9,0.2943
ADUR,0.044356751285301046,66,0,0,0.5,0.0925
ADUS,0.0716181590642422,71,0,0,0.2,0.2088
ADV,0.3607928232870174,94,0,0,0.2,0.0618
ADVB,-0.0005842827515653917,55,0,0,0.5,0.3759
ADX,0.025129765364223525,61,0,0,0.35,0.0006
ADXN,-0.17638973935658508,17,1,6,0.85,0.3985
AEAQU,-0.030431734854662065,43,1,3,0.45,0.1481
AEBI,0.03326851664315139,63,1,1,0.3,0.2738
AEC,-0.21440255578254913,13,1,7,0.9,0.6003
AEE,0.006453296475214171,57,0,0,0.25,0.1293
AEF,0.00667949537258708,57,1,1,0.35,0.0568
AEG,0.05351664571170882,68,0,0,0.2,0.0152
AEHL,0.18247580116724488,86,1,28,1.0,
AEHR,0.15111274050538515,84,1,7,0.5,0.2668
AEI,-0.10562430420961282,26,0,0,0.85,0.6427
AEIS,0.06927433795004426,71,0,0,0.35,0.1467
AEM,-0.19601222906487242,15,1,9,0.9,0.4365
AEMD,-0.7055677259272751,1,1,21,1.0,0.787
AENT,-0.14586464876789784,20,1,1,0.75,0.3413
AEO,0.006965848431306723,57,1,3,0.3,0.4276
AEON,-0.18543283352203443,16,1,2,0.85,0.5221
AEP,0.01578017138926089,59,0,0,0.4,0.1231
AER,-0.00794412527156279,52,1,1,0.35,0.1563
AERO,0.0856083078537941,74,0,0,0.15,0.2689
AERT,0.5901168060745569,97,0,0,0.15,0.0128
AES,-0.01887186215803325,49,1,3,0.45,0.2152
AESI,-0.07070439461603106,32,1,3,0.9,0.2159
AEVA,0.4089959699022057,95,0,0,0.2,0.0473
AEXA,0.019622196292253632,60,0,0,0.6,0.0792
AEYE,-0.1963712600116564,14,1,20,1.0,0.4194
AFB,0.012614567692102896,58,0,0,0.15,0.0543
AFBI,-0.027207000474509437,45,1,2,0.4,0.1169
AFCG,-0.03096584913110836,42,1,13,0.65,0.1362
AFG,0.05227790219762497,67,0,0,0.25,0.0581
AFJK,-0.30787143000446093,7,1,15,0.95,
AFJKU,-0.45205683682558967,3,1,20,1.0,
AFL,0.02502631870660335,61,0,0,0.25,0.0787
AFRI,-0.007479865813667511,53,0,0,0.5,0.1543
AFRM,0.2974635181068207,92,0,0,0.35,0.0714
AFYA,-0.004332069407507702,54,0,0,0.35,0.1502
AG,-0.20746881471549622,13,1,10,0.95,0.5125
AGCC,-0.123476685008793,24,1,24,1.0,0.3964
AGCO,-0.023457072192908726,47,0,0,0.5,0.2437
AGD,-0.023455536653589595,47,1,6,0.8,0.0986
AGEN,-0.0791216121772006,31,0,0,0.9,0.3391
AGI,-0.2866943051354802,8,1,10,0.95,0.4975
AGIG,-0.2451445771155224,10,1,14,0.85,0.8032
AGIO,0.24374973114203324,90,0,0,0.15,0.076
AGM,0.16952137040808196,85,0,0,0.1,0.0
AGMH,0.14554551688298983,83,0,0,0.55,0.51
AGNC,0.02115350335925243,60,0,0,0.45,0.1211
AGNCL,-0.019644657846727757,49,0,0,0.45,0.125
AGNCM,-0.017215128164163422,50,0,0,0.4,0.1117
AGNCN,-0.02479513293070018,47,1,3,0.45,0.1139
AGNCO,-0.02051962929261371,48,1,3,0.5,0.1093
AGNCP,-0.016834846988908716,50,1,3,0.45,0.0982
AGNCZ,-0.020392873235234223,48,0,0,0.4,0.1204
AGNT,0.030599022360435907,63,0,0,0.7,0.444
AGO,0.01515142187755951,59,0,0,0.45,0.1641
AGPU,0.7202079986445872,98,0,0,0.2,
AGRO,-0.32714611890020845,6,1,39,1.0,0.47
AGRZ,-0.0312745506177593,42,0,0,0.5,
AGX,0.17938950098407003,86,0,0,0.25,0.0413
AGYS,0.363168192497939,94,0,0,0.05,0.1679
AHCO,-0.08044223455356715,30,0,0,0.7,0.2459
AHG,-0.1888757547129868,15,0,0,0.8,0.4664
AHMA,0.8083728280511533,98,0,0,0.25,
AHR,0.08292570280107024,73,0,0,0.65,0.0904
AHRT,0.10094527701077559,76,0,0,0.25,0.065
AHT,0.06670117827854936,70,0,0,0.2,0.3754
AI,-0.08924043033774204,29,1,10,0.5,0.385
AIFA,-0.1820030617385242,16,1,22,1.0,0.4746
AIFC,-0.3379472692906466,5,1,31,1.0,0.7863
AIFF,-0.36658317628419684,4,1,40,1.0,
AIFU,0.31547701626619945,93,1,3,0.25,0.3882
AIG,0.0040818176064994355,56,0,0,0.45,0.1614
AIHS,0.09357681029301605,75,0,0,0.2,0.2972
AII,0.026982325536404297,62,0,0,0.5,0.1649
AIIA,-0.019523240886389327,49,1,3,0.4,0.1362
AIIO,2.2491937582473005,99,0,0,0.2,
AIIR,-0.2454319119518572,10,1,31,1.0,0.5452
AIM,-0.5934540693764158,1,1,16,0.8,
AIMD,0.0481249461065678,67,0,0,0.7,
AIN,0.22211045396672785,89,0,0,0.0,0.0464
AIO,0.0862077618089759,74,0,0,0.0,0.0272
AIOS,0.16726604069062556,85,0,0,0.75,
AIOT,0.2148494463814969,88,0,0,0.25,0.2842
AIP,0.5602119600442004,96,0,0,0.1,0.0972
AIR,0.2629598083013555,91,0,0,0.05,0.0251
AIRE,-0.3911330782652407,4,1,51,1.0,0.862
AIRG,-0.06795357377353328,33,1,16,0.9,0.1313
AIRI,-0.06441104247899831,34,1,3,0.45,0.223
AIRJ,0.3804787598381964,94,0,0,0.25,0.0941
AIRO,-0.11890693424516788,24,1,13,0.65,0.4721
AIRS,0.18646256132638422,87,1,11,0.55,
AIRT,0.1229800453358514,80,0,0,0.25,0.0507
AIRTP,-0.008475471948170804,52,0,0,0.45,0.1214
AISP,-0.0944879672364064,28,1,5,0.35,0.4853
AIT,0.09386306344183391,75,0,0,0.05,0.0482
AIV,-0.025853043163619673,46,0,0,0.6,0.1331
AIXC,-0.12335878556487163,24,1,7,0.55,0.5906
AIXI,-0.7537865309479284,0,1,25,1.0,
AIZ,0.11985575162953373,79,0,0,0.1,0.0
AJG,0.1200599508995021,79,0,0,0.1,0.1614
AKA,0.08114694038917601,73,0,0,0.7,0.1662
AKAM,-0.14356600099892664,21,1,17,0.85,0.305
AKAN,0.3162322035311706,93,1,9,0.85,
AKBA,-0.004611108339046439,54,0,0,0.5,0.2887
AKR,-0.028199917111314456,45,1,3,0.5,0.0872
AKTX,0.3142184031111008,93,1,10,0.5,
ALAB,1.0881241907621153,98,0,0,0.0,0.1068
ALAR,0.031435781366836404,63,1,8,0.4,0.2585
ALB,-0.27622809953624244,8,1,12,0.95,0.4062
ALBT,-0.2872983304712477,8,1,6,0.85,
ALC,-0.07908671166233608,31,1,2,0.6,0.2953
ALCO,-0.02201298965833997,48,0,0,0.5,0.1635
ALDF,-0.027164780279385185,45,1,3,0.5,0.142
ALDFU,-0.06049382163522031,34,1,3,0.55,0.1421
ALDX,0.4642143834812786,95,0,0,0.05,
ALEC,-0.10797822163805747,26,0,0,0.65,0.3038
ALF,-0.029337012823736332,44,1,2,0.5,0.1477
ALFUU,-0.0291540554940712,44,1,3,0.65,0.1454
ALG,0.009611250433072677,57,0,0,0.35,0.3018
ALGM,0.4274091548038243,95,0,0,0.15,0.091
ALGN,0.020701665344291943,60,0,0,0.25,0.1519
ALGS,-0.10588934034551524,26,1,1,0.7,0.5148
ALGT,0.4000283726782129,95,0,0,0.2,0.0483
ALH,0.04001124689217295,65,1,1,0.15,0.0604
ALHC,0.4598353790118424,95,0,0,0.2,0.073
ALIS,-0.02403356449672667,47,1,3,0.45,0.1395
ALISU,-0.010509398974315711,52,1,2,0.35,0.1314
ALIT,-0.23385348394532862,11,1,18,0.9,0.7139
ALK,0.21249742830442447,88,0,0,0.1,0.2121
ALKS,0.3297016167436029,93,0,0,0.0,0.0821
ALKT,0.05386016006049783,68,0,0,0.7,0.2745
ALL,0.12498425793063021,80,0,0,0.1,0.0082
ALLE,0.00470877738831621,56,0,0,0.4,0.2855
ALLO,-0.07406110407623166,32,0,0,0.6,0.3673
ALLR,-0.10867243665677628,26,1,15,0.8,0.2506
ALLT,0.08718096010040499,74,0,0,0.7,0.3042
ALLY,0.06308779154438716,70,0,0,0.1,0.0838
ALM,-0.17524322674525195,17,1,7,0.7,0.3542
ALMS,0.18584255119044768,87,0,0,0.35,
ALMU,-0.06654247300840116,33,1,9,0.65,0.3537
ALNT,0.2813868979202427,92,0,0,0.0,0.0503
ALNY,-0.0499077371579842,36,0,0,0.55,0.3433
ALOT,1.128485498756439,98,0,0,0.0,
ALOY,0.4717545237953303,96,0,0,0.15,0.4707
ALP,-0.18929531689090418,15,1,6,0.95,0.8156
ALRM,0.047148361597265875,66,0,0,0.35,0.1453
ALRS,0.14551775525869765,83,0,0,0.05,0.0
ALSN,-0.044849033691939516,37,1,3,0.45,0.1796
ALT,0.056370252855719824,68,0,0,0.6,0.5272
ALTG,-0.10104488715597905,27,1,3,0.2,0.2837
ALTI,0.052894114172706716,67,0,0,0.65,0.3311
ALTO,0.06085755619531867,69,0,0,0.35,
ALUB,-0.02999382281278913,43,1,3,0.5,0.148
ALV,-0.0784376492065693,31,1,12,0.6,0.18
ALVO,0.05131123194424085,67,1,8,0.45,0.3885
ALX,0.10474021409247326,77,0,0,0.0,0.0189
ALXO,0.10634527260996969,77,0,0,0.65,0.2766
ALZN,-0.05020249489041219,36,1,4,0.3,0.5817
AM,0.01013664753848699,58,0,0,0.4,0.1715
AMAL,0.12861998728679186,81,0,0,0.05,0.0206
AMAT,0.5524170952596442,96,0,0,0.0,0.0985
AMBA,0.27723084897868666,91,0,0,0.9,0.0522
AMBO,-0.04933455385284498,37,1,9,0.6,0.2829
AMBP,0.17538356888016088,86,0,0,0.2,0.079
AMBQ,0.9395332939933047,98,0,0,0.0,0.0217
AMBR,-0.2502828332192952,10,1,48,1.0,0.5029
AMC,0.19509466395594294,87,1,3,0.3,0.3171
AMCI,-0.11994475808219318,24,0,0,0.85,0.5026
AMCR,0.11655419001751845,79,0,0,0.15,0.1911
AMCX,0.15477091531445047,84,0,0,0.3,0.0003
AMD,0.48474640753649906,96,0,0,0.05,0.0676
AME,0.02083363211934295,60,0,0,0.35,0.0981
AMG,0.10861890966776223,78,1,2,0.1,0.071
AMGN,0.0363936229693857,64,0,0,0.15,0.1418
AMH,0.05750191341377926,69,0,0,0.3,0.0331
AMIX,-0.18060926233425512,16,1,9,0.55,0.4425
AMKR,0.21558951517746833,88,1,1,0.2,0.1465
AMLX,0.19782536589305327,87,0,0,0.3,0.0714
AMN,0.38120794062181423,94,0,0,0.0,0.0082
AMOD,-0.5567630536366064,1,1,100,1.0,0.9012
AMP,0.022344893181278566,61,0,0,0.5,0.1899
AMPG,1.4885308376481448,99,0,0,0.05,0.2746
AMPH,-0.0094930722198448,52,1,1,0.35,0.3672
AMPL,0.06350210064121055,70,0,0,0.65,0.3244
AMPX,-0.3676790995287757,4,1,17,0.85,0.4303
AMPY,-0.3072501800950042,7,1,39,1.0,0.4881
AMR,-0.26285773778169547,9,1,12,0.7,0.4194
AMRC,-0.17445662973952386,17,1,19,0.95,0.2866
AMRN,0.12107822823335275,80,0,0,0.2,0.1062
AMRX,0.2914794637712856,92,0,0,0.05,0.0372
AMRZ,-0.05985594884461464,34,1,3,0.3,0.2587
AMS,0.006486662322222211,57,0,0,0.55,0.3955
AMSC,-0.18512048823109228,16,1,7,0.95,0.3278
AMSF,0.09038328192576316,74,0,0,0.15,0.1981
AMST,-0.04456585094552672,38,0,0,0.9,
AMT,-0.11631319342667816,25,1,12,0.65,0.2012
AMTB,0.13912674171555756,82,0,0,0.2,0.0139
AMTD,-0.09148051612220903,29,1,5,0.75,0.1983
AMTM,-0.22934195100868515,11,1,98,1.0,0.5042
AMTX,-0.4826411585037795,2,1,21,1.0,0.5914
AMWL,0.28383914148230455,92,0,0,0.15,0.0356
AMX,-0.03690268406514387,40,1,2,0.5,0.1441
AMZE,-0.29057431225000474,7,1,4,0.9,0.8257
AMZN,-0.0666633503606092,33,1,23,1.0,0.1468
AN,-0.09811640847578494,28,1,3,0.6,0.2362
ANAB,0.23330686919130061,89,0,0,0.35,0.0995
ANDE,-0.12305805991439502,24,1,3,0.65,0.2149
ANDG,0.02561188716311183,61,1,1,0.45,0.0678
ANET,0.0140476282590766,59,0,0,0.25,0.1082
ANF,0.10186440828370975,76,0,0,0.15,0.3461
ANGH,-0.16188175521289866,18,1,4,0.25,0.4541
ANGI,-0.17247476522421357,17,0,0,0.6,0.6141
ANGO,0.1533203412629371,84,0,0,0.05,0.0931
ANGX,0.24487672372285957,90,0,0,0.15,0.3321
ANIK,0.059066851695064176,69,0,0,0.6,0.1121
ANIP,0.03602016859380261,64,0,0,0.2,0.1249
ANIX,0.10399976197307596,77,0,0,0.55,0.1556
ANL,-0.06512380836840824,33,1,1,0.85,
ANNA,-0.316327857121463,6,1,13,0.9,
ANNX,-0.05357406510099083,36,0,0,0.65,0.2672
ANPA,-0.4003628117456703,4,1,96,1.0,
ANRO,0.10837377774672614,78,0,0,0.35,0.1455
ANSC,-0.02418694321358073,47,1,3,0.5,0.1437
ANSCU,-0.02594114384550477,46,1,11,0.65,0.1378
ANTA,-0.37738973997157205,4,1,32,1.0,0.533
ANTX,0.10804600764461307,78,1,1,0.3,
ANVS,-0.042837026602822084,38,0,0,0.85,0.5661
ANY,0.10776479828323703,78,1,7,0.4,
AOD,-0.0020067805041854153,54,1,2,0.5,0.081
AOMR,0.05788393373603791,69,0,0,0.2,0.0319
AON,0.04625978786407574,66,0,0,0.35,0.1015
AORT,-0.14971082459756974,20,0,0,0.7,0.5209
AOS,0.013118370724024685,58,0,0,0.35,0.2937
AOSL,0.15440677067361996,84,1,1,0.35,0.1708
AOUT,0.21438776668563753,88,0,0,0.15,0.0941
AP,-0.19302548427447153,15,1,10,0.7,0.3313
APA,-0.22683861692470458,12,1,14,0.95,0.387
APAC,-0.033101208883561266,41,1,3,0.5,0.1489
APACU,-0.02951995340032715,44,1,2,0.4,0.1377
APAM,-0.11168333186706998,25,1,3,0.9,0.2795
APD,0.03968750405579036,65,0,0,0.85,0.1006
APEI,-0.005955057490225568,53,0,0,0.65,0.1724
APG,-0.03986773224023982,39,1,7,0.85,0.1911
APGE,0.5982538624247165,97,0,0,0.0,0.0209
APH,0.17879275486521728,86,0,0,0.0,0.0357
API,-0.03407786638894712,41,1,6,0.6,0.228
APLD,-0.05406362860671299,36,1,6,0.6,0.278
APLE,0.1920004565129037,87,0,0,0.0,0.0501
APLM,0.388142406787837,94,0,0,0.4,0.1767
APM,-0.18577009872301703,16,1,15,0.75,0.4205
APO,-0.08232754870377076,30,1,7,0.5,0.2783
APOG,0.16239631172306812,85,0,0,0.0,0.124
APP,0.08832056510167319,74,0,0,0.65,0.2186
APPF,-0.07047661033423765,32,0,0,0.65,0.3533
APPN,-0.06713905782201063,33,0,0,0.4,0.3837
APPS,1.7361658644181228,99,0,0,0.0,0.0
APRE,-0.10374071931842886,27,1,1,0.65,0.2924
APT,0.10488989672720182,77,0,0,0.85,0.1467
APTV,-0.12181693302208506,24,1,12,0.6,0.3706
APUS,-0.5036128313396672,2,1,67,1.0,
APVO,-0.12658565532194627,23,1,18,0.9,0.5909
APWC,0.07961042374092149,73,1,1,0.6,0.2263
APXT,-0.03117930942518541,42,1,3,0.5,0.1471
APXTU,-0.019204884922091808,49,1,2,0.4,0.138
APYX,0.22588553550025464,89,0,0,0.4,0.0548
AQB,0.07414125400920012,72,0,0,0.25,0.1138
AQMS,-0.35575670468141346,5,1,33,1.0,0.5643
AQN,-0.12206217123371793,24,1,3,0.65,0.2719
AQST,0.009688590769722769,57,1,3,0.4,0.401
AR,-0.1287811236525198,23,1,3,0.95,0.3443
ARAI,-0.44139277269720545,3,1,52,1.0,
ARAY,-0.40226849939062576,3,1,20,1.0,0.732
ARBB,-0.034603948313598976,41,1,11,0.55,0.3734
ARBE,-0.12982470249502873,22,0,0,0.85,0.5787
ARBK,0.06762811858169016,71,0,0,0.5,0.3566
ARCB,0.07534234107064983,72,1,3,0.4,0.2043
ARCC,-0.0211022352283749,48,0,0,0.5,0.1434
ARCO,-0.1041006124267475,27,1,3,0.75,0.1939
ARCT,-0.1732320787807155,17,1,8,0.9,0.2862
ARDC,-0.005794316254393306,53,0,0,0.4,0.108
ARDT,0.06251180497488862,69,0,0,0.4,0.0566
ARDX,-0.1677939364288097,18,1,4,0.7,0.4096
ARE,0.14640411600619851,83,0,0,0.05,0.1598
AREC,-0.22744327885292542,12,1,2,0.85,0.5818
AREN,-0.605847883701457,1,1,35,1.0,0.8285
ARES,-0.08543695418564429,30,1,8,0.45,0.3912
ARGX,0.10713895981792672,77,0,0,0.05,0.024
ARHS,0.21651603430705268,88,0,0,0.2,0.277
ARI,-0.06363958759996935,34,1,3,0.65,0.1342
ARIS,-0.22366126506263745,12,1,9,0.85,0.4102
ARKO,0.15682714606137316,84,0,0,0.15,0.0681
ARKR,-0.11203722366698866,25,1,4,0.8,0.2902
ARL,0.40945137961373884,95,0,0,0.25,0.0916
ARLO,-0.06275684340990731,34,0,0,0.75,0.2098
ARLP,-0.11598054277961907,25,1,3,0.7,0.2888
ARM,0.30533306820443157,92,1,5,0.25,0.2311
ARMK,0.12744831668565632,81,0,0,0.0,0.0218
ARMP,-0.3663722587937701,4,1,3,0.95,0.6259
AROC,0.07979548750936012,73,0,0,0.4,0.0968
AROW,0.14121836581036684,83,0,0,0.1,0.0
ARQ,-0.11957924124346724,24,1,8,0.45,0.4365
ARQQ,0.8538257140249325,98,0,0,0.4,0.0508
ARQT,0.12008231312416003,79,0,0,0.1,0.2151
ARR,-0.005161849303616874,53,0,0,0.35,0.1082
ARRY,-0.15218276530731994,20,1,7,0.85,0.4513
ARTCU,-0.028155917486617835,45,1,3,0.5,0.1437
ARTL,-0.5266975768005309,2,1,58,1.0,
ARTNA,0.0331006388743007,63,0,0,0.35,0.1081
ARTV,0.213401079663187,88,0,0,0.3,0.3062
ARTW,0.008636665294830745,57,1,3,0.6,0.2025
ARVN,-0.1538353119648424,20,0,0,0.65,0.4645
ARW,0.07405679925971435,72,1,4,0.2,0.109
ARWR,0.08495067323126089,74,0,0,0.3,0.0208
ARX,-0.1420602245664886,21,1,3,0.95,0.2577
AS,-0.05974441786587019,34,1,5,0.55,0.2525
ASA,-0.20038464116434374,14,1,10,0.95,0.4102
ASAN,-0.05648459649457434,35,0,0,0.55,0.5034
ASB,0.11826609901781941,79,0,0,0.1,0.0262
ASBP,8.549333556738263,99,0,0,0.1,
ASC,-0.162015335008163,18,1,5,0.75,0.2649
ASG,0.02681748832992814,62,0,0,0.15,0.0438
ASGI,-0.03318887375738477,41,0,0,0.75,0.1406
ASH,0.15991622512001774,84,0,0,0.1,0.0414
ASIC,0.2209835630174936,89,0,0,0.1,0.0525
ASIX,-0.18245224019746265,16,1,12,0.95,0.3073
ASLE,-0.029570299963022052,44,0,0,0.7,0.2316
ASM,-0.1011394869340334,27,1,9,0.85,0.4751
ASMB,-0.049698402340560756,36,0,0,0.65,0.2794
ASML,0.19487228235657944,87,0,0,0.0,0.0723
ASND,0.1613922523913794,85,0,0,0.45,0.0113
ASO,-0.15712526706387908,19,1,5,0.8,0.2929
ASPC,-0.07233261610407211,32,1,1,0.75,0.5463
ASPCU,-0.10062087888061878,27,1,14,0.95,0.6471
ASPI,-0.01866239418705576,49,1,5,0.5,0.3311
ASPN,0.2680939119171894,91,0,0,0.2,0.0708
ASPS,0.0765267860735018,72,0,0,0.3,0.2204
ASR,-0.01792744549439696,49,0,0,0.4,0.2427
ASRV,-0.03459087167911058,41,1,1,0.4,0.1156
ASST,-0.21078820769534062,13,1,11,0.95,0.4934
ASTC,0.7026761002798112,98,1,13,0.65,
ASTE,0.07135212802234593,71,0,0,0.35,0.1349
ASTH,0.46864614773394225,96,0,0,0.1,0.0
ASTI,-0.1892621293799988,15,1,10,0.55,
ASTL,-0.2732095297349816,8,1,18,0.9,0.3301
ASTS,-0.07009339506174503,32,0,0,0.7,0.3472
ASUR,-0.1555126189515183,19,1,14,0.85,0.2582
ASX,0.33543449530999275,93,0,0,0.15,0.0459
ASYS,0.16574809323957218,85,1,1,0.5,0.1523
ATAI,0.09896077524354303,76,0,0,0.55,0.0982
ATAT,-0.11465657660600795,25,1,47,1.0,0.2728
ATCH,-0.19815353042369865,14,1,40,1.0,0.4085
ATEC,-0.007442954685317034,53,0,0,0.35,0.6407
ATEN,0.3251448231024921,93,0,0,0.0,0.0
ATER,0.3554242752971786,94,0,0,0.15,
ATEX,1.03133830545435,98,0,0,0.0,0.0
ATGL,-0.25572231061083384,9,1,9,0.9,0.6537
ATHE,0.31879793939412565,93,0,0,0.25,0.0
ATHM,0.025261566898102175,61,0,0,0.25,0.2416
ATHR,0.4992120505779524,96,0,0,0.7,0.2819
ATI,0.13702027431070163,82,1,1,0.05,0.0601
ATII,-0.036374390917896175,40,1,3,0.7,0.1182
ATIIU,-0.06021859675814823,34,1,3,0.85,0.2783
ATKR,-0.06648744022666231,33,1,4,0.6,0.1487
ATLC,0.38047520141518903,94,0,0,0.05,0.0815
ATLCP,0.007879280230769468,57,1,2,0.35,0.1021
ATLN,-0.48605945802309863,2,1,2,0.85,
ATLO,0.047378089577269425,66,0,0,0.2,0.0637
ATLX,-0.22174831962912261,12,1,34,1.0,0.4586
ATMU,-0.08155266018807185,30,1,3,0.55,0.3061
ATNI,-0.07915024099518149,31,1,2,0.6,0.1776
ATNM,-0.1577885492515108,19,1,22,1.0,0.3929
ATO,-0.054121628910898584,36,1,2,0.75,0.2051
ATOM,0.1315487296019806,81,1,1,0.8,
ATOS,-0.6437509897370366,1,1,38,1.0,0.8179
ATPC,-0.04416291629510724,38,1,3,0.7,
ATR,0.02693937216543292,62,0,0,0.25,0.2146
ATRA,0.7139783936742514,98,0,0,0.05,
ATRC,0.0521758619526196,67,0,0,0.45,0.3553
ATRO,0.21112726177630792,88,1,1,0.05,0.1407
ATS,-0.09721632205312492,28,1,24,1.0,0.2195
ATXG,-0.3314074365807562,6,1,7,0.6,0.571
ATYR,-0.12497442016442496,23,0,0,0.65,0.487
AU,-0.16540284353601653,18,1,9,0.85,0.4058
AUB,0.14229967124796244,83,0,0,0.1,0.0359
AUBN,0.10461361339314633,77,0,0,0.1,0.0584
AUC,0.03542615271966078,64,0,0,0.8,0.1681
AUDC,0.0085761964201371,57,0,0,0.35,0.0615
AUGO,-0.25032800958463275,10,1,48,1.0,0.4774
AUID,-0.1259639039757423,23,0,0,0.8,
AUNA,0.021898532005289177,60,0,0,0.2,0.2449
AUPH,0.0024276724717146453,56,1,1,0.1,0.1657
AUR,0.14225184468189106,83,0,0,0.7,0.1644
AURA,-0.0793026977478258,31,1,1,0.65,0.268
AURE,-0.22085563136927283,12,1,13,0.8,0.4428
AUST,-0.2089201962798377,13,1,18,0.95,0.6349
AUTL,-0.040389033127141344,39,1,2,0.75,0.271
AUUD,-0.25426080266898465,10,1,30,1.0,
AVA,-0.030461753268174376,43,1,2,0.45,0.1428
AVAH,0.31085254687578073,92,0,0,0.25,0.1618
AVAL,0.03812697612563577,64,1,3,0.15,0.1129
AVAT,-0.9875698782522209,0,1,61,1.0,
AVAV,-0.15875927711591037,19,0,0,0.75,0.5951
AVB,0.0410557175373968,65,0,0,0.3,0.029
AVBC,0.057976968320021915,69,0,0,0.2,0.0559
AVBH,0.08591277669529097,74,0,0,0.05,0.0
AVBP,0.15935712840845806,84,0,0,0.0,0.0081
AVD,0.05404685135422724,68,0,0,0.6,0.5123
AVGO,-0.12787704930827049,23,1,8,0.9,0.2213
AVIR,-0.051281241646127164,36,0,0,0.7,0.3078
AVK,0.024907743802316765,61,0,0,0.1,0.0269
AVNS,0.10845196717820237,78,1,2,0.25,
AVNT,0.005558449327706702,56,0,0,0.2,0.2091
AVNW,0.08888482232816075,74,0,0,0.05,0.2365
AVO,-0.0136484257095878,51,0,0,0.6,0.2702
AVPT,0.05422395894722441,68,0,0,0.25,0.2484
AVR,0.3543373845631366,94,0,0,0.0,0.0603
AVT,0.07180116392579464,71,1,4,0.2,0.0577
AVTR,0.1358190161592242,82,0,0,0.0,0.2648
AVTX,0.1327001016372028,81,0,0,0.55,0.2603
AVX,-0.20330678620595788,14,1,3,0.7,0.8115
AVXL,-0.20219201610204562,14,1,3,0.95,0.555
AVY,-0.016392768021070682,50,0,0,0.35,0.2363
AWF,-0.02614298186373332,46,0,0,0.5,0.1023
AWI,-0.053923380073053556,36,1,1,0.75,0.279
AWK,0.01425075690176933,59,0,0,0.3,0.1918
AWP,0.009556815610891056,57,0,0,0.45,0.1066
AWR,0.06672211196130248,70,0,0,0.3,0.0757
AWRE,-0.004715581924441541,53,1,6,0.5,0.3809
AWX,-0.05804481141310818,35,0,0,0.7,0.1808
AX,0.07833903965343643,73,0,0,0.15,0.0977
AXG,-0.1351878960213693,22,1,13,0.9,0.3619
AXGN,0.10498292007938036,77,0,0,0.05,0.0457
AXIA,-0.0933060846967462,28,1,2,0.75,0.2828
AXIL,-0.08690731493504784,29,0,0,0.85,0.2536
AXIN,-0.02746416855419525,45,1,3,0.45,0.1364
AXINU,-0.03578049263652956,40,1,3,0.25,0.1194
AXON,0.3110968066648468,92,0,0,0.3,0.1432
AXP,0.07405557484336739,72,0,0,0.1,0.1617
AXR,-0.1142241310068619,25,1,4,0.7,0.2373
AXS,0.07925764951891949,73,0,0,0.15,0.0768
AXSM,0.12000776508620385,79,1,1,0.15,0.0643
AXTA,0.13548341202871567,82,0,0,0.0,0.1199
AYA,0.008525043694332476,57,0,0,0.5,0.1925
AYI,0.20669620772966968,88,0,0,0.1,0.1038
AYTU,-0.12316245659576137,24,1,6,0.65,0.3168
AZ,-0.12492029866872573,23,0,0,0.95,0.3289
AZI,0.7801674592058515,98,0,0,0.4,
AZN,-0.042514454352211496,38,1,1,0.6,0.2075
AZO,-0.051058475804824026,36,0,0,0.8,0.2415
AZTA,0.09746467911297395,76,0,0,0.05,0.4131
AZTR,-0.3157312047488222,6,1,5,0.7,
AZZ,0.07776983404820363,73,1,1,0.25,0.0785
B,-0.1456384406820061,21,1,9,0.8,0.3538
BA,-0.041686266357256606,38,1,5,0.75,0.2066
BABA,-0.2579965042425097,9,1,33,1.0,0.4871
BAC,0.10441115757047363,77,0,0,0.05,0.0491
BACC,0.01552075868429472,59,0,0,0.35,0.1026
BACCU,0.03023236881742765,63,0,0,0.1,0.0848
BAER,-0.12003678101181241,24,0,0,0.9,0.4525
BAFN,-0.23934244791854586,10,1,42,1.0,0.4133
BAH,-0.2870101377141195,8,1,14,0.8,0.4521
BAK,-0.4362982073331853,3,1,25,1.0,0.5712
BALL,0.054164825951074635,68,0,0,0.25,0.16
BALY,0.08852124943017577,74,0,0,0.2,0.2455
BAM,-0.0703360104635334,32,1,6,0.75,0.2244
BANC,0.08118830171092896,73,0,0,0.05,0.0974
BAND,0.6508528785837158,97,0,0,0.4,
BANF,0.01847352802598492,60,0,0,0.4,0.1099
BANL,-0.2646229641816937,9,1,9,0.95,0.6674
BANR,0.03634302376972835,64,0,0,0.3,0.0457
BANX,-0.01615543103568151,50,1,2,0.55,0.1466
BAOS,-0.0981301903966275,28,1,9,0.65,0.2875
BAP,0.14734623352288723,83,0,0,0.2,0.0151
BARK,0.06761325449434831,71,0,0,0.45,0.4757
BATL,-0.4733352739421635,2,1,14,0.95,
BATRA,0.0647509339185419,70,0,0,0.15,0.0145
BATRK,0.041924194550485336,65,0,0,0.2,0.0283
BAX,0.1831869929444237,86,0,0,0.1,0.1002
BAYA,-0.024804037206984354,46,0,0,0.65,0.1385
BAYAU,-0.12040023897280462,24,1,17,0.9,0.4234
BB,1.126465455292694,98,0,0,0.05,0.0
BBAI,-0.21287858229012313,13,1,18,0.9,0.476
BBAR,0.13347145731794707,81,0,0,0.0,0.1365
BBCP,0.5114077525401904,96,0,0,0.0,0.0153
BBCQU,-0.041782109593792895,38,1,11,0.65,0.1628
BBD,-0.06892381064225035,33,0,0,0.75,0.221
BBDC,-0.023779268543892697,47,0,0,0.65,0.0955
BBDO,-0.1336125068540388,22,1,2,0.9,0.2662
BBGI,1.6600409660778748,99,0,0,0.1,
BBIO,0.050267174209285434,67,0,0,0.3,0.143
BBLG,0.09210923983646453,75,0,0,0.3,0.2744
BBN,-0.023372330561496728,47,1,1,0.3,0.1178
BBNX,0.4419609984279109,95,0,0,0.0,0.5199
BBOT,-0.1262103692875235,23,1,22,1.0,0.4683
BBSI,0.14276404090991113,83,0,0,0.05,0.1113
BBT,0.04114250781728439,65,0,0,0.15,0.1201
BBUC,-0.1250164840044391,23,1,5,0.8,0.2626
BBVA,0.08081022421992394,73,0,0,0.25,0.0848
BBW,-0.1975800316705078,14,1,23,1.0,0.5976
BBWI,0.16369724433768373,85,0,0,0.15,0.1578
BBY,0.11887740403010653,79,0,0,0.0,0.0285
BC,-0.004964280617622066,53,1,1,0.25,0.154
BCAB,-0.06369738065646771,34,0,0,0.7,0.8606
BCAL,0.10882489086120876,78,0,0,0.1,0.0065
BCAR,-0.045840734250565486,37,1,6,0.75,0.1272
BCARU,0.02942069815096872,62,0,0,0.35,0.0837
BCAT,0.03032256581942623,63,0,0,0.1,0.0219
BCAX,0.35872454692653627,94,0,0,0.3,0.025
BCBP,-0.011140050189785113,52,1,5,0.35,0.0715
BCC,0.0036423201595205956,56,0,0,0.2,0.2317
BCDA,0.12169867445857525,80,0,0,0.45,0.2283
BCE,-0.17278370228668016,17,1,12,0.75,0.2867
BCG,-0.17977833043863128,16,1,35,1.0,0.4912
BCH,0.0019010253257324833,55,1,1,0.3,0.1826
BCHT,0.1721851820575262,86,0,0,0.0,0.5493
BCIC,-0.058579364831885264,35,0,0,0.9,0.4164
BCML,0.0926323838598561,75,0,0,0.05,0.0492
BCO,-0.0839627897547752,30,1,50,1.0,0.327
BCPC,0.018180874563670117,60,0,0,0.2,0.1624
BCRX,0.046896994723806124,66,0,0,0.35,0.137
BCS,0.12840059093109885,81,0,0,0.0,0.0777
BCSF,-0.04959585573462477,36,0,0,0.8,0.1288
BCSS,-0.02615839919936769,46,1,3,0.4,0.1422
BCTX,-0.09604787770680381,28,0,0,0.9,
BCV,0.024893117437606777,61,0,0,0.2,0.016
BCX,-0.09762808504725302,28,1,55,1.0,0.2267
BCYC,-0.12116242862203007,24,0,0,0.9,0.4641
BDC,0.046704328494665936,66,1,1,0.3,0.2957
BDCI,-0.02980188718765047,44,1,3,0.5,0.1463
BDCIU,-0.02314601207444871,47,1,2,0.45,0.1439
BDJ,0.02926784179304133,62,0,0,0.15,0.0695
BDL,0.3445880568070943,93,0,0,0.05,0.0686
BDMD,-0.33550717870985,5,1,67,1.0,
BDN,0.04830780584943735,67,0,0,0.25,0.0738
BDRX,-0.10228641227806472,27,1,19,0.95,0.7807
BDSX,0.7746639263269091,98,0,0,0.05,0.0
BDTX,-0.24674112210127752,10,1,27,1.0,0.4933
BDX,0.0006627833238597794,55,0,0,0.45,0.2349
BE,0.2281768547086137,89,1,1,0.45,0.1645
BEAG,-0.030415213225332798,43,1,2,0.45,0.1468
BEAGU,-0.027291972719096627,45,1,2,0.45,0.1454
BEAM,0.1148272620152903,78,0,0,0.25,0.1294
BEAT,-0.24815901723925338,10,1,32,1.0,0.7559
BEEM,-0.2313561066251777,11,1,7,0.95,0.3771
BEEP,-0.36534771140302597,4,1,19,0.95,0.6048
BEKE,-0.12852080338723898,23,1,12,0.95,0.2663
BELFA,0.21358562526190206,88,0,0,0.1,0.0315
BELFB,0.22173089714592226,89,0,0,0.05,0.0437
BEN,0.15670885924993122,84,0,0,0.05,0.0
BENF,-0.0027869621801293112,54,0,0,0.4,0.5381
BEP,-0.04110926828064877,38,1,3,0.45,0.0927
BEPC,-0.0693292648817086,33,1,3,0.55,0.2309
BESS,0.3869636995605208,94,1,5,0.45,0.6531
BETA,0.010851360732051188,58,0,0,0.65,0.4567
BETR,-0.12483904041872028,23,0,0,0.75,0.4064
BFAM,-0.029542151987496636,44,0,0,0.55,0.3509
BFC,0.06694053485962999,70,0,0,0.3,0.0628
BFH,0.21045514281745897,88,0,0,0.05,0.0371
BFLY,0.7162978673139564,98,0,0,0.05,
BFRG,-0.1427967434486462,21,0,0,0.6,
BFRI,0.02470400594598028,61,0,0,0.35,0.1498
BFS,0.06655120036186822,70,0,0,0.15,0.0393
BFST,0.1068487278686016,77,0,0,0.1,0.0335
BG,-0.2163391616704492,12,1,12,0.6,0.3048
BGB,-0.02079009526849143,48,1,2,0.45,0.1098
BGC,-0.001170682283774524,54,1,4,0.3,0.1551
BGDE,0.8719183904699405,98,1,1,0.1,
BGH,-0.015113949040477338,50,0,0,0.55,0.1176
BGI,-0.14315240811289326,21,1,12,0.9,0.4995
BGIN,-0.43306883149336706,3,1,29,1.0,0.5586
BGL,-0.6864175993083962,1,1,39,1.0,
BGLC,-0.1159211570380924,25,1,6,0.45,0.5492
BGM,0.14860052750195052,83,0,0,0.35,0.9158
BGMS,0.03933225800760817,65,0,0,0.7,0.3657
BGR,-0.12840727628479892,23,1,14,0.95,0.2693
BGS,-0.1139527143901507,25,0,0,0.85,0.3263
BGSF,0.027215390363104004,62,0,0,0.5,0.2273
BGSI,-0.206347586833729,13,1,3,0.95,0.5137
BGT,-0.03599609557614937,40,1,3,0.7,0.1159
BGX,-0.026060904444548696,46,1,2,0.45,0.1249
BGY,-0.015362559219196582,50,1,3,0.45,0.1303
BH,0.33268429669831495,93,0,0,0.0,0.1937
BHB,0.09962648312205001,76,0,0,0.05,0.0335
BHC,-0.15889856559148402,19,1,4,0.9,0.4446
BHE,0.2123647747581099,88,0,0,0.0,0.0358
BHF,-0.003991477644703204,54,0,0,0.3,0.1038
BHFAM,-0.06692551423797226,33,1,6,0.9,0.1921
BHFAN,-0.055202701358222445,35,1,3,0.7,0.1808
BHFAO,-0.05965502515707269,34,1,14,0.95,0.1872
BHFAP,-0.05193910122805562,36,1,9,0.9,0.1793
BHK,-0.019126972714259942,49,0,0,0.35,0.123
BHM,-0.16607435889415628,18,1,35,1.0,0.3386
BHP,-0.04711179408647771,37,1,9,0.65,0.1081
BHR,-0.15207312992541372,20,1,13,0.75,0.365
BHRB,0.12097972967307745,79,0,0,0.1,0.0381
BHST,-0.30018455103154945,7,1,63,1.0,0.5365
BHV,0.10738744470825139,77,0,0,0.0,0.0018
BHVN,0.5201115986630526,96,0,0,0.0,0.0268
BIAF,-0.647785298049969,1,1,58,1.0,
BIDU,-0.0981630589377722,28,0,0,0.95,0.3356
BIIB,0.07189141541836194,71,0,0,0.1,0.0549
BILI,-0.16833998435714093,18,1,96,1.0,0.5499
BILL,-0.03546635917703851,40,0,0,0.8,0.3666
BIO,-0.017260150553281742,50,0,0,0.4,0.1578
BIOA,0.3796843763335848,94,0,0,0.35,0.0339
BIOX,-0.29883401406976,7,1,20,1.0,0.7919
BIP,-0.06551435308875754,33,1,13,0.65,0.1597
BIPC,-0.06023420976873077,34,1,14,0.75,0.2945
BIRD,-0.10138325092554892,27,1,5,0.75,
BIRK,0.04215623307501938,65,1,3,0.25,0.104
BIT,-0.031115683581526502,42,1,2,0.45,0.1146
BIVI,0.4044432751786479,95,0,0,0.0,0.0
BIXI,-0.031772162056091194,42,1,3,0.5,0.1462
BIXIU,-0.03169566566206188,42,1,3,0.5,0.1455
BIYA,-0.5857414097714528,1,1,13,0.9,
BJ,-0.0908197213252093,29,1,2,0.7,0.263
BJDX,-0.42906508284011874,3,1,6,0.35,
BJRI,0.43456763506329804,95,0,0,0.1,0.0089
BKD,0.1757878718548015,86,0,0,0.2,0.1341
BKE,-0.16026920387191945,19,1,44,1.0,0.3104
BKH,-0.0015961199811776322,54,1,1,0.5,0.1033
BKHA,-0.021454371408144327,48,1,3,0.4,0.1314
BKHAU,-0.004713467001604979,53,1,8,0.4,0.1847
BKKT,-0.11209642716421958,25,1,8,0.95,0.6372
BKNG,0.049725197672265506,67,0,0,0.3,0.2266
BKR,-0.198117510531296,14,1,16,0.95,0.2756
BKSY,-0.2243495660896317,12,1,22,1.0,0.4382
BKT,-0.012939455501702862,51,0,0,0.35,0.1202
BKTI,0.009474053746242356,57,0,0,0.75,0.1605
BKU,0.026531343776254504,62,0,0,0.2,0.1189
BKV,-0.0732999060798008,32,0,0,0.7,0.2295
BL,-0.12283651879233898,24,0,0,0.85,0.5251
BLBD,0.16572184486242175,85,0,0,0.0,0.034
BLCO,0.023234405702341518,61,0,0,0.6,0.1774
BLDP,-0.08145919400265103,30,1,18,0.9,0.3933
BLDR,0.05307964813808312,68,0,0,0.25,0.3931
BLFS,0.2041231460488787,88,0,0,0.1,0.0286
BLIN,0.12024528720215956,79,0,0,0.45,0.0338
BLIV,-0.13903980551873624,21,1,9,0.8,0.4214
BLK,-0.06935682042632543,33,1,7,0.7,0.2137
BLKB,-0.17635425560249363,17,0,0,0.8,0.5524
BLLN,0.43529064489387964,95,0,0,0.0,0.0
BLMN,0.28060136682014797,92,0,0,0.35,0.0335
BLND,0.07008126654592348,71,0,0,0.2,0.4975
BLNE,-0.33490022720143814,5,1,2,0.9,0.7221
BLNK,-0.151122344869907,20,1,21,1.0,0.3452
BLRKU,-0.02761775965046529,45,1,3,0.45,0.148
BLRX,0.04203754778423581,65,1,3,0.4,0.1515
BLSH,-0.3003111954378838,7,1,34,1.0,0.4613
BLTE,-0.10409321258605889,27,1,1,0.55,0.3158
BLUW,-0.02895196278832082,44,1,3,0.5,0.1506
BLUWU,-0.03487799147279032,41,1,3,0.65,0.1483
BLW,-0.03308907384650661,41,0,0,0.6,0.1455
BLX,0.1061837774135058,77,0,0,0.1,0.0381
BLZE,1.9581566178478442,99,0,0,0.05,
BLZR,-0.03359803704670827,41,1,3,0.5,0.1463
BLZRU,-0.028898839954444158,44,1,3,0.5,0.1498
BMA,0.0726710275361044,72,1,1,0.1,0.1821
BMBL,-0.10168633079404729,27,0,0,0.8,0.3195
BME,0.06696806881557738,70,0,0,0.25,0.0517
BMEA,-0.06790618095345091,33,0,0,0.8,0.4155
BMEZ,0.04851442585174616,67,0,0,0.1,0.0648
BMGL,-0.028300430816314663,45,1,7,0.75,0.3889
BMHL,0.5238178503842686,96,0,0,0.0,0.012
BMI,0.11841087581517847,79,0,0,0.05,0.2535
BMN,-0.02858474604311983,44,1,3,0.5,0.1586
BMNR,-0.3181227726498814,6,1,35,1.0,0.6108
BMO,0.12584857273559336,80,0,0,0.0,0.0087
BMR,-0.21571988870097714,13,1,20,1.0,0.3408
BMRA,-0.23601893485302178,11,1,23,1.0,0.4252
BMRC,0.10421849982713095,77,0,0,0.35,0.0304
BMRN,0.016924487309372904,59,0,0,0.15,0.1703
BMY,-0.05384670110121678,36,1,1,0.65,0.1931
BN,-0.0657839054062563,33,1,10,0.8,0.1947
BNAI,-0.09860162798658938,28,1,6,0.65,
BNBX,-0.3734699934480757,4,1,9,0.65,0.7956
BNC,-0.15123799566773038,20,0,0,0.7,0.606
BNED,0.2813824823082167,92,0,0,0.0,0.0609
BNGO,-0.0643064198610172,34,1,19,0.95,0.3562
BNKK,-0.35299805764077935,5,1,47,1.0,0.7872
BNL,0.045555632647082345,66,0,0,0.3,0.0387
BNR,-0.25250462317955613,10,1,32,1.0,0.7995
BNRG,-0.5990226291520818,1,1,48,1.0,0.9625
BNS,0.10957942908495268,78,0,0,0.0,0.009
BNT,-0.07047809146937364,32,1,13,0.85,0.2016
BNTC,0.10576489233018359,77,0,0,0.4,0.144
BNTX,-0.03908331107900531,39,0,0,0.6,0.2724
BNY,0.050299590800755925,67,0,0,0.05,0.0248
BNZI,-0.442298748381961,3,1,65,1.0,0.9239
BOC,0.15805011793144091,84,0,0,0.2,0.0
BODI,-0.1779085966279665,17,0,0,0.8,0.4004
BOE,0.00902508433213256,57,0,0,0.3,0.0563
BOF,0.43759479854046585,95,0,0,0.15,0.0196
BOH,0.06390644896435431,70,0,0,0.25,0.0429
BOKF,0.07080799311340415,71,0,0,0.2,0.049
BOLD,0.7867165926212516,98,0,0,0.65,
BOLT,-0.21228664206435216,13,1,20,1.0,0.4779
BON,-0.08772531447971242,29,1,12,0.75,0.3655
BOOM,-0.029050063750483954,44,1,7,0.65,0.3541
BOOT,-0.05210638603392853,36,1,3,0.25,0.2655
BORR,-0.25664825746658465,9,1,28,1.0,0.3958
BOSC,-0.002979282303074593,54,0,0,0.65,0.2463
BOTJ,0.12995591977942178,81,0,0,0.1,0.0
BOW,0.23807037531795644,90,0,0,0.2,0.0
BOX,0.014358191373590484,59,0,0,0.45,0.1587
BOXL,-0.22003581448748022,12,0,0,0.75,
BP,-0.2268544060270799,12,1,14,0.9,0.3473
BPOP,0.12560359993561165,80,0,0,0.05,0.0077
BPRE,-0.1973960155374132,14,1,65,1.0,0.3559
BPRN,0.07565066765412286,72,0,0,0.1,0.0356
BPYPM,-0.10207508817106879,27,1,9,0.8,0.1972
BPYPN,-0.04835471799254916,37,1,2,0.3,0.1275
BPYPO,-0.04541665260021466,37,1,2,0.25,0.1258
BPYPP,-0.050937677062077774,36,1,2,0.5,0.1557
BQ,0.0373365691704467,64,1,6,0.45,0.6228
BR,-0.14030688693464483,21,1,17,0.95,0.4127
BRAG,-0.08428927721618276,30,1,3,0.95,0.3837
BRBI,-0.21070281064820412,13,1,9,0.95,0.3594
BRBR,0.09280394447878153,75,0,0,0.55,0.5655
BRBS,0.029318664542361025,62,0,0,0.3,0.1363
BRC,0.04839997285629792,67,0,0,0.25,0.1366
BRCB,-0.17113591735053485,17,0,0,0.7,0.6607
BRCC,-0.11673586309579433,25,1,20,1.0,0.4029
BRFH,-0.24279931782626485,10,1,55,1.0,0.478
BRIA,-0.14303319715122365,21,1,13,0.95,0.4162
BRID,-0.1593502308451666,19,1,28,1.0,0.2842
BRKR,0.3164402681162049,93,0,0,0.0,0.0268
BRKRP,0.2826601035684248,92,0,0,0.0,0.0162
BRLS,0.017216803000288126,59,0,0,0.45,
BRLT,-0.17793385218263474,17,1,14,0.95,0.4197
BRN,-0.11574782814599752,25,1,29,1.0,0.2761
BRNS,-0.043107501373107454,38,1,3,0.4,0.2223
BRO,0.10033668088600177,76,0,0,0.25,0.2273
BROS,0.2593791295142846,91,0,0,0.05,0.0026
BRR,-0.3319422789396388,5,1,20,1.0,0.6287
BRSL,-0.11540761801200884,25,1,3,0.75,0.3192
BRSP,-0.040035247506491733,39,0,0,0.8,0.1261
BRT,0.051730780490437986,67,0,0,0.15,0.0544
BRTX,0.23684699996241892,90,0,0,0.0,
BRUN,0.6004283369434597,97,1,1,0.05,0.1357
BRW,-0.05467503153889765,35,1,3,0.8,0.125
BRX,0.014976120080691643,59,1,2,0.35,0.0703
BRZE,-0.12284328254932836,24,0,0,0.9,0.3581
BSAA,0.017142770059900857,59,1,5,0.3,0.2371
BSAAU,0.08245054344878432,73,1,3,0.2,0.2916
BSAC,0.0010278535392880261,55,0,0,0.25,0.1552
BSBK,0.04127558040830072,65,0,0,0.05,0.0886
BSBR,-0.11318031392888117,25,1,54,1.0,0.3197
BSET,0.27352768819663725,91,0,0,0.15,0.0
BSIN,0.012482550980468243,58,0,0,0.2,0.3147
BSL,-0.0270422688474991,45,1,3,0.6,0.1238
BSM,-0.05588423994135501,35,1,2,0.3,0.2249
BSRR,0.11474637699937117,78,0,0,0.05,0.008
BST,0.11415334483549745,78,0,0,0.2,0.0135
BSTZ,0.09916408951714718,76,0,0,0.15,0.0319
BSVN,0.14209304417717505,83,0,0,0.05,0.0116
BSX,-0.2246890104506704,12,1,65,1.0,0.5985
BSY,-0.12345989331502252,24,0,0,0.75,0.2938
BTAI,0.07936156422950232,73,0,0,0.4,0.3823
BTBD,-0.26358624160426053,9,1,41,1.0,0.545
BTBT,0.006423332850482043,57,1,3,0.55,0.3123
BTCS,-0.3562043527477368,5,1,32,1.0,0.66
BTCT,-0.23438280267162143,11,1,6,0.45,0.4991
BTDR,0.14944802456537515,83,1,3,0.2,0.2098
BTE,-0.2304067504638283,11,1,18,0.9,0.2763
BTG,-0.1975353145924369,14,1,10,0.95,0.4294
BTI,-0.02237058481360865,48,1,2,0.6,0.1214
BTMD,0.0004051273111625314,55,1,7,0.4,0.2859
BTO,0.07734992034530296,72,0,0,0.1,0.0462
BTOC,0.02799286033984233,62,0,0,0.6,0.5006
BTOG,-0.3893830102863746,4,1,6,0.55,0.9084
BTQ,0.5037063830890189,96,0,0,0.05,0.1361
BTSG,0.31207761050773325,92,0,0,0.05,0.0132
BTSGU,0.3044180293520778,92,0,0,0.05,0.0168
BTT,-0.03151430968819152,42,1,3,0.5,0.1329
BTU,-0.26714748878528044,9,1,12,0.75,0.5219
BTX,0.08079471047340624,73,0,0,0.15,0.0432
BTZ,-0.019497861393604946,49,0,0,0.35,0.1073
BUD,0.024741736212683607,61,1,2,0.45,0.0795
BUDA,-0.08856293367688114,29,0,0,0.75,0.2714
BUI,0.028904047263599436,62,0,0,0.2,0.1263
BULL,0.12358677805917391,80,0,0,0.4,0.2341
BUR,-0.14002310319222483,21,1,8,0.95,0.6074
BURL,-0.04448754180603919,38,1,5,0.25,0.1787
BURU,-0.4234261550492632,3,1,39,1.0,0.8884
BUSE,0.10814744216630308,78,0,0,0.05,0.0104
BUSEP,-0.025720987656728058,46,0,0,0.5,0.1427
BUUU,0.1812249882458271,86,0,0,0.35,0.0783
BV,0.16160541590763194,85,0,0,0.15,0.0571
BVC,-0.04490461235308453,37,1,7,0.5,
BVFL,0.0642106717916802,70,0,0,0.2,0.0543
BVN,-0.1839877752006847,16,1,9,0.8,0.3704
BVS,0.10133099650728712,76,0,0,0.55,0.1268
BW,-0.2428943923110285,10,1,7,0.8,0.4236
BWA,-0.004525486307608677,54,1,6,0.3,0.1612
BWAY,-0.03265952807184665,41,0,0,0.8,0.1249
BWB,0.1485007035377537,83,0,0,0.1,0.0104
BWBBP,-0.022839381262868955,47,1,3,0.5,0.1448
BWEN,0.5616588950565709,97,0,0,0.0,
BWFG,0.1466074995042015,83,0,0,0.05,0.0148
BWG,-0.02035336958006602,48,1,2,0.35,0.1258
BWIN,0.23215747460198255,89,0,0,0.55,0.0739
BWLP,-0.09864899278299115,28,1,12,0.7,0.2083
BWMN,-0.10971556418669932,26,1,15,0.85,0.2841
BWMX,0.0022414425965557386,55,1,1,0.35,0.1295
BWXT,-0.07449958747056791,32,1,3,0.65,0.2535
BX,-0.02563409411114026,46,1,6,0.5,0.3113
BXC,0.13004080619225555,81,0,0,0.15,0.2977
BXMT,-0.09142878899576773,29,1,6,0.8,0.2163
BXP,0.1593892205533679,84,0,0,0.0,0.0674
BXSL,-0.01415581971347906,51,0,0,0.45,0.1349
BY,0.15215636544477634,84,0,0,0.1,0.0022
BYAH,-0.21354550584522902,13,1,6,0.55,
BYD,-0.008312111572747895,52,0,0,0.1,0.0887
BYFC,0.10762048986477919,77,1,2,0.45,0.0837
BYND,-0.11548199659086335,25,0,0,0.9,0.3912
BYRN,0.014819039752503732,59,0,0,0.45,0.6438
BYSI,0.08745794134807944,74,0,0,0.35,0.0882
BZ,-0.05437896160840078,35,1,11,0.85,0.4203
BZAI,-0.3280404525782672,6,1,7,0.8,0.495
BZFD,0.5317433147715569,96,0,0,0.4,
BZH,0.16654577111472857,85,0,0,0.0,0.0962
BZUN,0.06269352334493147,69,0,0,0.1,0.1228
C,0.08619318937898422,74,0,0,0.05,0.0492
CAAP,-0.057949839594033145,35,1,5,0.5,0.2289
CAAS,-0.022526511861061273,48,1,3,0.8,0.138
CABA,-0.1052308374456003,26,1,20,1.0,0.3026
CABO,-0.22476628117117142,12,0,0,0.8,0.5838
CABR,0.1373751857357644,82,0,0,0.3,0.0288
CAC,0.1191833211110662,79,0,0,0.05,0.0023
CACC,0.24813327514152245,90,0,0,0.15,0.0
CACI,-0.14889676640529825,20,1,12,0.6,0.3518
CADL,0.42847789323481006,95,0,0,0.15,0.0524
CAE,-0.062345777086041054,34,1,3,0.7,0.3164
CAF,0.08221940296441205,73,0,0,0.4,0.0
CAG,-0.004031170166902003,54,0,0,0.55,0.3319
CAH,0.1720837781137467,86,0,0,0.05,0.0499
CAI,0.04080036600552327,65,0,0,0.2,0.4008
CAKE,0.2438140947048147,90,0,0,0.0,0.0315
CAL,-0.07458030838437085,32,1,3,0.55,0.1839
CALC,0.49668328088401953,96,0,0,0.25,
CALM,0.01705116251725327,59,0,0,0.2,0.1945
CALX,-0.16614030458280998,18,1,64,1.0,0.4199
CALY,0.21073400318970714,88,0,0,0.15,0.0535
CAMP,0.01129176127629352,58,0,0,0.7,0.3743
CAMT,-0.11007932643503214,26,1,7,0.55,0.2687
CAN,-0.386516806524245,4,1,38,1.0,0.6969
CANF,0.4137464756338891,95,0,0,0.9,
CANG,-0.5392717706266502,2,1,31,1.0,0.8825
CAPL,0.017794923463479773,60,0,0,0.35,0.1015
CAPN,-0.02915103229266687,44,1,3,0.45,0.1439
CAPNU,-0.010873375226278806,52,1,3,0.3,0.148
CAPR,-0.2727002449425898,8,1,4,0.7,0.3871
CAPS,-0.34954443238503285,5,1,28,1.0,0.6992
CAR,-0.15559646924413384,19,1,6,0.45,0.8062
CARE,0.3070428515283634,92,0,0,0.0,0.0
CARG,0.051634063121559146,67,0,0,0.45,0.1632
CARL,0.14653247028286637,83,0,0,0.35,0.2646
CARR,0.0984742812089728,76,0,0,0.0,0.0663
CARS,0.11997828329241507,79,0,0,0.45,0.1726
CART,0.05318510757858806,68,0,0,0.05,0.0769
CASH,0.030895370958060386,63,0,0,0.5,0.1487
CASS,0.1067308769363481,77,0,0,0.15,0.0071
CASY,-0.006907233777612522,53,1,6,0.6,0.1689
CAT,0.15249048206606408,84,0,0,0.05,0.0765
CATO,0.06205964233256887,69,0,0,0.05,0.1444
CATX,-0.13011393386487569,22,0,0,0.85,
CATY,0.12170480237139993,80,0,0,0.05,0.0031
CAVA,-0.04721900741418744,37,1,3,0.5,0.2235
CB,0.07478798868993468,72,0,0,0.2,0.0834
CBAN,0.002826909144592757,56,1,3,0.3,0.1149
CBAT,-0.28834521467756125,8,1,23,1.0,0.4804
CBC,0.14056374979110203,82,0,0,0.25,0.0
CBFV,0.07116515189828225,71,0,0,0.25,0.0673
CBIO,-0.18681759820627608,16,1,3,0.95,0.3978
CBK,0.13451022930809714,82,0,0,0.1,0.0171
CBL,0.2095335537819879,88,0,0,0.25,0.0
CBLL,0.04880708964172943,67,0,0,0.45,0.2085
CBNA,0.1793240739269953,86,0,0,0.2,0.0
CBNK,0.12630367420464844,80,0,0,0.05,0.0
CBOE,-0.19858042933442543,14,1,25,1.0,0.3305
CBRE,0.014787067670420616,59,0,0,0.45,0.2575
CBRL,0.6740355946280365,97,0,0,0.0,0.0
CBSH,0.11947503269598543,79,0,0,0.1,0.0152
CBT,0.036289013792643085,64,1,1,0.15,0.0926
CBU,0.07637159298662202,72,0,0,0.3,0.0472
CBUS,-0.10417938592869423,27,0,0,0.6,0.6837
CBZ,0.051548197168629226,67,0,0,0.4,0.4205
CC,-0.1752472917912592,17,1,9,0.95,0.2997
CCAP,-0.10399285498932302,27,0,0,0.95,0.2614
CCAQ,-0.02543612206006223,46,1,3,0.5,0.1429
CCAQU,-0.03656725679921409,40,1,3,0.55,0.1345
CCB,0.05125201090212121,67,0,0,0.4,0.3828
CCBG,0.09009924731221676,74,0,0,0.15,0.0168
CCC,-0.02419765464131057,47,0,0,0.7,0.4213
CCCC,0.2506499072415695,90,0,0,0.1,0.0694
CCD,0.04806271606392405,66,0,0,0.15,0.0
CCEC,-0.02238709598612221,48,0,0,0.65,0.1472
CCEL,-0.10041275145585858,27,1,4,0.4,0.231
CCEP,0.13329606314260983,81,0,0,0.1,0.1115
CCG,-0.2837759141067076,8,0,0,0.9,0.5236
CCHH,-0.07815076263796869,31,0,0,0.65,
CCI,-0.1575693335433263,19,1,12,0.65,0.2227
CCID,-0.013186812436492647,51,0,0,0.3,0.1281
CCIF,-0.14379272045155472,21,1,30,1.0,0.4313
CCII,-0.024312768904446228,47,1,2,0.4,0.1453
CCIIU,-0.03190738315981323,42,1,3,0.6,0.1482
CCIX,-0.023832233157985664,47,1,2,0.45,0.1349
CCIXU,0.0028687661290840855,56,1,3,0.6,0.1145
CCJ,-0.18559587366436464,16,1,5,0.85,0.3263
CCK,0.11812530192283947,79,0,0,0.25,0.1159
CCL,0.029939122862394307,63,1,2,0.15,0.2187
CCLD,-0.22827190347996612,11,0,0,0.95,0.486
CCM,-0.006465074988604061,53,1,7,0.8,0.2249
CCNE,0.11358671709203326,78,0,0,0.05,0.0124
CCNEP,-0.025630716508703147,46,1,2,0.6,0.1448
CCO,-0.03026706395149883,43,1,3,0.45,0.1369
CCOI,-0.2901293102655831,7,1,23,1.0,0.5264
CCRN,0.14146447807588775,83,0,0,0.05,0.0283
CCS,0.23550035587949047,89,0,0,0.05,0.1423
CCSI,0.28671110803104055,92,0,0,0.0,0.0
CCTG,0.29681393383243254,92,1,4,0.5,
CCU,-0.09814296061334098,28,1,3,0.7,0.334
CCXIU,0.6762802076208392,97,0,0,0.2,0.0274
CD,-0.356490739161268,5,1,19,0.95,0.6092
CDE,-0.1539651628310999,20,1,10,0.9,0.442
CDIO,0.030454021112310117,63,0,0,0.0,
CDLR,-0.21630919253415148,12,1,30,1.0,0.295
CDLX,-0.4739089094904281,2,1,50,1.0,0.7314
CDNA,0.36520862142568067,94,0,0,0.0,0.0079
CDNL,0.6781383362531473,97,0,0,0.0,0.0939
CDNS,0.036820255716973296,64,1,3,0.25,0.0784
CDP,0.14790827071890017,83,0,0,0.1,0.0033
CDRE,-0.09012040727194948,29,1,12,0.8,0.4295
CDRO,0.0031736353440393605,56,1,3,0.2,0.0772
CDT,-0.6539932569342295,1,1,6,0.9,0.9874
CDTG,-0.7402799207903485,0,1,24,1.0,0.832
CDW,-0.008826859559261303,52,0,0,0.1,0.1015
CDXS,-0.03982017347251471,39,1,8,0.8,0.1933
CDZI,-0.15197961289600437,20,1,1,0.95,0.4561
CDZIP,0.06894414568694938,71,0,0,0.0,0.0594
CE,-0.28843457919545756,8,1,39,1.0,0.4051
CECO,0.1397039094805358,82,1,3,0.25,0.1432
CEE,-0.019455401266779006,49,1,6,0.45,0.0883
CEG,-0.19316688465030324,15,1,4,0.75,0.4099
CELC,-0.16858848977174135,18,0,0,0.8,0.3079
CELH,-0.05440439821037865,35,0,0,0.75,0.4919
CELU,-0.46781831212250913,2,1,18,0.9,0.6264
CELZ,-0.4600360859786646,2,1,9,0.85,
CENN,-0.2352175213803796,11,1,16,0.85,0.6593
CENT,0.139030619406511,82,0,0,0.05,0.0347
CENTA,0.11949588499407456,79,0,0,0.1,0.0362
CENX,-0.3344354890596373,5,1,16,0.85,0.4254
CEPF,-0.021042088057836143,48,1,2,0.45,0.1374
CEPO,-0.042951389896827334,38,0,0,0.55,0.1548
CEPT,-0.08245037896274643,30,1,1,0.85,0.1989
CEPU,-0.10144729134718698,27,1,7,0.55,0.2545
CEPV,-0.022913015865242328,47,1,3,0.45,0.133
CERS,0.26629650295973245,91,0,0,0.5,0.0031
CERT,0.080448144846066,73,0,0,0.5,0.3883
CET,-0.020818543051025564,48,0,0,0.7,0.0775
CETX,-0.7255773083799105,1,1,21,1.0,
CETY,0.06511442225034116,70,0,0,0.3,0.3191
CEV,0.007485908099650683,57,0,0,0.2,0.0995
CEVA,0.4083660188571906,95,0,0,0.1,0.0835
CF,-0.12796781513736977,23,1,29,1.0,0.3329
CFBK,0.11685770625357951,79,0,0,0.05,0.0874
CFFI,0.10922028654298556,78,0,0,0.15,0.0485
CFFN,0.11056398152516998,78,0,0,0.1,0.0063
CFG,0.12839178420746095,81,0,0,0.05,0.0218
CFND,-0.14860876865802136,20,1,6,0.75,0.4558
CFR,0.10538269551950467,77,0,0,0.1,0.0197
CG,-0.13387698077661958,22,1,9,0.85,0.4007
CGAU,-0.13735503396784604,21,1,9,0.85,0.3199
CGBD,-0.028922292758764713,44,0,0,0.8,0.1686
CGC,-0.13905428892558575,21,1,2,0.95,0.3459
CGEM,0.13856216844763253,82,0,0,0.5,0.082
CGEN,-0.16174019231891634,19,1,30,1.0,0.3439
CGNT,-0.15954207100422374,19,0,0,0.95,0.2573
CGNX,0.1941201118824994,87,0,0,0.3,0.014
CGO,0.018301183952086894,60,1,1,0.5,0.0318
CGON,0.09167754239401936,74,0,0,0.5,0.1047
CGTL,-0.39775423862530623,4,1,35,1.0,
CGTX,-0.016476565628847153,50,1,6,0.6,0.3286
CHA,-0.0004833786769388587,55,0,0,0.1,0.1765
CHAI,-0.3321309310403196,5,1,11,0.75,
CHAR,-0.026451073926587212,46,1,3,0.5,0.1372
CHARU,-0.04717382996670645,37,1,3,0.55,0.1461
CHCI,-0.00586854441965683,53,0,0,0.65,0.2529
CHCO,0.06982705436511243,71,0,0,0.2,0.0398
CHCT,0.064892602012422,70,0,0,0.3,0.0313
CHD,-0.014410012846917834,51,1,2,0.3,0.1567
CHDN,-0.07503161013454182,31,0,0,0.6,0.2854
CHE,0.12859631912007036,81,0,0,0.3,0.0841
CHEC,-0.030189512191076177,43,1,3,0.45,0.1455
CHECU,-0.026392420860063596,46,1,3,0.45,0.1414
CHEF,0.2740367175798479,91,0,0,0.1,0.0282
CHGG,-0.024395256554678543,47,1,3,0.95,0.2923
CHH,0.00036001706588799365,55,1,2,0.45,0.1494
CHI,0.06837780380337621,71,0,0,0.0,0.015
CHKP,-0.005791238420196278,53,0,0,0.65,0.3547
CHMG,0.15399727118418172,84,0,0,0.1,0.0134
CHMI,-0.07337224235938876,32,1,3,0.8,0.2119
CHNR,-0.09075818850859652,29,1,5,0.55,0.3632
CHOW,-0.053096503149396776,36,1,9,0.7,
CHPG,-0.030422610056371417,43,1,3,0.45,0.1498
CHPGU,-0.016428119241464326,50,1,2,0.35,0.1392
CHPT,-0.1329926652189971,22,1,7,0.55,0.2818
CHR,-0.17127992902045752,17,0,0,0.75,0.6538
CHRD,-0.24001134265887908,10,1,14,0.9,0.3491
CHRN,0.25674850315185527,90,1,1,0.05,0.328
CHRS,-0.16249938136758402,18,1,3,0.85,0.4678
CHRW,0.04638655547033897,66,0,0,0.2,0.1184
CHSCL,-0.03050343671070689,43,1,3,0.45,0.1412
CHSCM,-0.0402225559003649,39,1,5,0.55,0.1424
CHSCN,-0.030256630412179845,43,1,3,0.45,0.144
CHSCO,-0.0281059671803134,45,1,3,0.45,0.1443
CHSCP,-0.04361037467776954,38,1,6,0.7,0.1655
CHSN,-0.48738443547714844,2,1,58,1.0,
CHT,-0.03459514971513307,41,1,3,0.25,0.1143
CHTR,-0.16102375907119532,19,0,0,0.8,0.4799
CHW,0.027711624646123145,62,0,0,0.25,0.0163
CHWY,-0.17688633159786676,17,0,0,0.95,0.4395
CHY,0.06519981611240919,70,0,0,0.05,0.0089
CHYM,0.02435432552401521,61,0,0,0.7,0.3072
CI,-0.030061042068718735,43,1,3,0.5,0.1257
CIA,0.08728071318327382,74,0,0,0.15,0.1273
CIB,0.07471757606923012,72,0,0,0.0,0.1141
CIEN,-0.1277766576667294,23,1,1,0.8,0.2507
CIFR,0.18192228375510205,86,1,3,0.2,0.2162
CIG,-0.11331978761668589,25,1,3,0.95,0.2961
CIGI,-0.07801708792403975,31,0,0,0.8,0.3994
CII,0.039110959867716094,65,0,0,0.55,0.0132
CIIT,-0.6231305548639047,1,1,11,0.8,
CIK,-0.05304360794273182,36,1,3,0.8,0.1851
CIM,-0.006714168068980751,53,0,0,0.45,0.0784
CINF,0.14966863034956485,84,0,0,0.1,0.0059
CING,0.3159637698715598,93,0,0,0.2,0.548
CINT,-0.11742288657607212,25,0,0,0.45,0.3701
CION,-0.09279367904156766,28,1,10,0.65,0.3439
CISO,-0.1547513860634116,20,0,0,0.8,0.4658
CISS,-0.43328503012830605,3,1,91,1.0,0.952
CIVB,0.14116381146221196,83,0,0,0.05,0.0112
CIX,0.0916887285919993,74,0,0,0.05,0.0556
CJMB,-0.16890354597207435,18,0,0,0.85,
CKX,0.013458745318063958,58,0,0,0.3,0.1448
CL,0.03462014553366345,64,0,0,0.25,0.1386
CLAR,0.12724020247696072,80,0,0,0.2,0.2122
CLB,-0.24277129709820383,10,1,43,1.0,0.4593
CLBK,0.07430170269651862,72,0,0,0.4,0.0064
CLBT,0.03265136096242428,63,0,0,0.65,0.2433
CLDI,-0.27332717250364913,8,1,1,0.95,
CLDT,0.35555192585186507,94,0,0,0.0,0.0593
CLDX,0.14274808430962654,83,0,0,0.35,0.0239
CLF,-0.18804160597520014,15,1,10,0.5,0.4261
CLFD,0.0548414983128136,68,1,18,0.9,0.2461
CLGN,-0.21776822587859873,12,1,2,0.95,
CLH,-0.035814899716783026,40,1,1,0.55,0.1449
CLIK,-0.34309881920919827,5,1,19,0.95,
CLIR,-0.1378516787280551,21,0,0,0.95,0.5185
CLLS,-0.20083600502822935,14,1,32,1.0,0.4419
CLM,-0.015477254764236573,50,1,1,0.55,0.1107
CLMB,0.1968508307896054,87,0,0,0.05,0.2892
CLMT,0.010590719666807594,58,0,0,0.45,0.1212
CLNE,-0.0930790888639392,28,0,0,0.9,0.3222
CLNN,0.013964581306308156,59,0,0,0.8,0.2723
CLOV,0.8531073359716141,98,0,0,0.0,0.0261
CLPR,-0.17593673833550377,17,1,6,0.55,0.2914
CLPS,-0.1370601172726033,22,1,6,0.45,0.3563
CLPT,0.6193677629883872,97,0,0,0.0,0.0427
CLRB,-0.009088540480857867,52,0,0,0.85,0.3518
CLRO,-0.04012666667085847,39,1,2,0.5,0.5793
CLS,-0.08937894584356013,29,1,11,0.75,0.2223
CLSK,-0.026659766375515564,46,1,3,0.35,0.2654
CLST,-0.0054667397549629515,53,0,0,0.2,0.1548
CLVT,-0.22074936144157786,12,0,0,0.95,0.4116
CLW,0.007152820388552479,57,1,3,0.25,0.2893
CLWT,0.44688952012564614,95,0,0,0.25,0.0459
CLX,-0.005385839915660301,53,0,0,0.35,0.2989
CLYM,0.36525865608216584,94,0,0,0.2,0.0116
CM,0.07755066982225896,72,0,0,0.25,0.0
CMBT,-0.013149116766406291,51,1,5,0.5,0.1586
CMC,-0.16465054872539214,18,1,4,0.45,0.3204
CMCL,-0.1798388084490673,16,1,33,1.0,0.4545
CMCM,-0.3692720693028871,4,1,68,1.0,0.6135
CMCO,-0.08526877241959252,30,1,1,0.65,0.42
CMCSA,-0.1184135520647513,25,0,0,0.85,0.3161
CMCT,-0.2393999540100048,10,1,109,1.0,
CMDB,0.06385205523593526,70,0,0,0.5,0.1629
CME,-0.18521859520266498,16,1,29,1.0,0.3446
CMG,0.06553487577847894,70,0,0,0.4,0.2142
CMI,0.055722988996261005,68,1,1,0.25,0.0766
CMMB,-0.014404063701457165,51,0,0,0.8,0.2911
CMND,-0.5309757163708484,2,1,17,0.95,
CMP,0.028866248856115287,62,0,0,0.45,0.0724
CMPR,0.12736389176817464,80,0,0,0.7,0.0021
CMPS,0.3541121102114448,94,0,0,0.15,0.1237
CMPX,-0.0919904039269598,29,0,0,0.85,
CMRC,-0.006731238207364366,53,0,0,0.75,0.3414
CMRE,-0.16878911266430535,18,1,12,0.9,0.2971
CMS,-0.00072308773915402,55,0,0,0.3,0.1624
CMT,-0.05570153364133513,35,1,3,0.65,0.2106
CMTG,-0.04405037932851733,38,1,6,0.45,0.2834
CMTL,-0.5435140827040666,2,1,12,0.85,0.6755
CMTV,0.04586606972552515,66,1,3,0.35,0.1882
CNA,0.08826896480521132,74,0,0,0.15,0.0786
CNC,0.3157637947657841,93,0,0,0.15,0.0
CNCK,0.19276658325782636,87,0,0,0.55,0.3246
CNDT,-0.12731035331254983,23,0,0,0.9,0.3469
CNET,0.4625573225413275,95,0,0,0.15,
CNEY,-0.3507853331458663,5,1,23,1.0,
CNF,-0.10807932138472519,26,1,14,0.85,0.5641
CNH,0.028718908764292173,62,0,0,0.45,0.2329
CNI,0.02629970443238596,62,0,0,0.3,0.0285
CNK,0.02216685980239423,61,1,2,0.1,0.0803
CNL,-0.29282574494868424,7,1,45,1.0,0.4535
CNM,-0.11797580538379934,25,1,3,0.55,0.2938
CNMD,-0.10878618079142255,26,1,3,0.75,0.3484
CNNE,0.07044709527746261,71,0,0,0.25,0.1401
CNO,0.14085806943656876,82,0,0,0.05,0.0309
CNOB,0.12642698656541523,80,0,0,0.05,0.0157
CNOBP,-0.019977320061759188,49,1,3,0.4,0.1303
CNP,0.0006005445485941022,55,0,0,0.25,0.1355
CNQ,-0.1980615576206839,14,1,26,1.0,0.334
CNR,-0.20945228393296478,13,1,12,0.65,0.4175
CNS,0.09707658925907524,76,0,0,0.05,0.0346
CNSP,0.4404500566090917,95,0,0,0.75,
CNTB,-0.05148263111115284,36,0,0,0.8,0.4412
CNTN,-0.05794690085709148,35,1,6,0.55,0.5024
CNTX,-0.8022316849177193,0,1,21,1.0,
CNTY,-0.11981683867681038,24,1,12,0.65,0.3023
CNVS,0.08986093542834674,74,0,0,0.2,0.1723
CNX,-0.10109256241692043,27,1,3,0.8,0.2991
CNXC,-0.1401674871047214,21,1,15,0.75,0.4788
CNXN,0.08350048964478911,73,0,0,0.1,0.0334
COCH,0.1155165333375877,79,0,0,0.75,
COCO,0.026523676085774016,62,1,4,0.25,0.1827
COCP,-0.13371915884496405,22,1,5,0.9,0.3901
CODA,-0.24368622305445892,10,1,18,0.9,0.481
CODI,0.08172740337456101,73,0,0,0.8,0.0838
CODX,0.1408063118421055,82,1,14,0.75,
COE,-0.37783383921863867,4,1,27,1.0,0.5234
COF,0.0680860979709017,71,0,0,0.35,0.2613
COFS,0.11887351119423926,79,0,0,0.15,0.0
COGT,0.04031831465091251,65,0,0,0.5,0.1304
COHN,-0.08471681472422161,30,0,0,0.55,0.5537
COHR,0.12846935574151203,81,1,1,0.25,0.1352
COHU,0.4884153644054559,96,0,0,0.05,0.0637
COIN,-0.16206872319523774,18,1,32,1.0,0.427
COKE,0.014194767651259009,59,0,0,0.3,0.2095
COLA,-0.03281042531642314,41,1,3,0.65,0.1439
COLAU,-0.03835049567912823,39,1,3,0.65,0.218
COLB,0.0993190466928711,76,0,0,0.1,0.0486
COLD,0.17712479317335916,86,0,0,0.45,0.0052
COLL,0.06542327929310876,70,0,0,0.35,0.3237
COLM,-0.0036972837994482255,54,1,3,0.35,0.1036
COMP,0.5484342204833355,96,0,0,0.2,0.1461
CON,0.2738180311067101,91,0,0,0.1,0.0034
COO,0.10722048920275314,77,0,0,0.1,0.2169
COOK,0.5250544613594699,96,0,0,0.0,0.0968
COOT,-0.1035496523303994,27,1,9,0.7,0.4019
COP,-0.18278448528347585,16,1,14,0.9,0.3409
COPL,-0.0316906805777641,42,1,3,0.5,0.1458
COR,-0.02445204944495955,47,0,0,0.2,0.2938
CORT,0.6027507161486245,97,0,0,0.0,0.0095
CORZ,0.052972398028432524,68,1,3,0.15,0.2002
COSM,-0.34311567905620927,5,1,41,1.0,0.66
COSO,0.054764028291156105,68,0,0,0.1,0.0391
COST,-0.08653249859426439,29,1,14,0.95,0.2146
COTY,0.023419902038920276,61,0,0,0.85,0.3916
COUR,-0.012364489078545239,51,0,0,0.65,0.2557
COYA,0.23021020042788837,89,0,0,0.25,0.0872
CP,-0.03340825660193382,41,1,3,0.5,0.1163
CPA,0.18461453780427495,86,0,0,0.1,0.0631
CPAC,0.09253876844669408,75,0,0,0.35,0.0681
CPAY,0.001337745303006073,55,1,9,0.5,0.1168
CPB,0.07498360757529345,72,0,0,0.25,0.2635
CPBI,0.028859043706444668,62,0,0,0.1,0.0654
CPF,0.13913377694074697,82,0,0,0.1,0.0
CPHC,-0.01685298702579055,50,0,0,0.4,0.1104
CPHI,0.007394433469940884,57,1,9,0.7,
CPIX,0.5398164526104494,96,0,0,0.0,0.0
CPK,-0.03377187580337582,41,1,2,0.65,0.1787
CPNG,-0.025188163588850846,46,0,0,0.35,0.2931
CPOP,-0.735166832234724,0,1,13,0.8,
CPRI,-0.03556096215957719,40,1,3,0.45,0.3485
CPRT,-0.15521125048493126,19,1,3,0.95,0.3629
CPRX,0.0570840597699267,68,1,2,0.2,0.0267
CPS,-0.14535570419882854,21,1,7,0.75,0.4687
CPSH,-0.10504978842424216,26,1,12,0.75,
CPSS,0.023669234382410392,61,1,3,0.6,0.0835
CPT,0.08771204551877297,74,0,0,0.15,0.0256
CPZ,-0.04486097239027619,37,1,1,0.6,0.1749
CQP,-0.07253822553670475,32,1,3,0.65,0.2358
CR,0.1977598104067505,87,0,0,0.0,0.0416
CRAC,-0.031206810702882427,42,1,3,0.5,0.145
CRACU,-0.03125556337470101,42,1,3,0.5,0.1523
CRAI,-0.0774433503355608,31,1,3,0.6,0.3897
CRANU,-0.027900596538144078,45,1,3,0.45,0.1422
CRAQ,-0.027639280658469836,45,1,3,0.5,0.1423
CRAQU,-0.024213029079033846,47,1,3,0.45,0.219
CRBG,0.06929028087687007,71,0,0,0.1,0.1426
CRBP,0.018857734265774348,60,0,0,0.75,0.2589
CRBU,-0.2066384791790889,13,1,20,1.0,0.2906
CRC,-0.23536026790862102,11,1,39,1.0,0.3608
CRCL,-0.4054472501253909,3,1,27,1.0,0.5886
CRCT,0.019653773525674142,60,0,0,0.15,0.1681
CRDF,-0.2161231479277309,13,1,22,1.0,0.6304
CRDL,-0.2207483622491152,12,1,48,1.0,0.3934
CRDO,0.5367617725553446,96,0,0,0.05,0.1451
CRE,-0.15946468052563387,19,1,5,0.3,
CREG,-0.4477545176084315,3,1,30,1.0,
CRESY,-0.13148723731020895,22,1,9,0.65,0.2873
CREX,0.05939824669109771,69,0,0,0.2,0.0742
CRF,-0.015242171309864432,50,0,0,0.3,0.113
CRGO,-0.29551218626376,7,1,25,1.0,0.5237
CRGY,-0.2887822888837423,8,1,28,1.0,0.4083
CRH,-0.07388554211527515,32,1,3,0.5,0.2535
CRI,0.07657334499340714,72,1,2,0.1,0.1354
CRIS,-0.26831920140151533,9,1,1,0.9,
CRK,-0.09585593680615115,28,0,0,0.75,0.4686
CRL,0.27145796265788386,91,0,0,0.0,0.0764
CRM,-0.190613476486253,15,1,17,0.85,0.433
CRMD,0.050558009735741385,67,0,0,0.25,0.3653
CRML,-0.14996925981970394,20,1,2,0.95,0.5609
CRMT,-0.7191560116248522,1,1,23,1.0,
CRNC,0.16318068863892077,85,0,0,0.6,0.1597
CRNT,-0.04505697078810034,37,1,11,0.55,0.1931
CRNX,0.037584329799901325,64,0,0,0.6,0.3723
CRON,0.021436317145843375,60,0,0,0.35,0.0542
CROX,0.1500156131454648,84,0,0,0.1,0.05
CRS,0.3288801257489717,93,0,0,0.0,0.0095
CRSP,0.030946715255916926,63,0,0,0.45,0.1717
CRSR,0.13599681081910353,82,0,0,0.5,0.2116
CRT,-0.1741224724924475,17,1,12,0.7,0.2954
CRTO,-0.053058967838838705,36,0,0,0.5,0.2032
CRUS,-0.12657556865853814,23,1,18,0.9,0.1973
CRVL,0.055398378679532415,68,0,0,0.35,0.1762
CRVO,0.06741704719164616,70,0,0,0.6,
CRVS,0.06931931354263889,71,0,0,0.6,
CRWS,0.07190369897242309,71,0,0,0.25,0.073
CRWV,-0.2401141408765457,10,1,7,0.8,0.3905
CSAI,-0.2740165964161258,8,0,0,0.95,0.6188
CSAN,-0.22442571093729713,12,1,3,0.9,0.5123
CSBR,-0.0019481541115785386,54,1,2,0.45,0.2702
CSCO,0.1341894354540869,82,1,4,0.25,0.0886
CSGP,-0.20128705329643387,14,1,14,0.85,0.5968
CSIQ,-0.07424076989139936,32,1,18,0.9,0.4388
CSL,0.020510053605886286,60,1,2,0.35,0.2081
CSPI,-0.16766888300987925,18,1,5,0.8,0.3724
CSQ,0.032949083199154114,63,0,0,0.3,0.0003
CSR,-0.1572575464783899,19,1,34,1.0,0.2128
CSTE,0.4836067024821891,96,0,0,0.05,0.1947
CSTL,0.05828083245986754,69,0,0,0.3,0.4695
CSTM,-0.06295284673551874,34,1,4,0.5,0.1573
CSV,-0.15307077375203315,20,1,3,0.95,0.2839
CSW,-0.034167228404385845,41,1,1,0.65,0.2493
CSWC,0.01591353458371194,59,0,0,0.35,0.044
CSX,0.04835667854150112,67,0,0,0.2,0.0087
CTAS,-0.024478371461886805,47,0,0,0.5,0.2305
CTBI,0.12071085301175276,79,0,0,0.05,0.0
CTEV,0.3614093749244648,94,0,0,0.0,0.1288
CTGO,-0.24844278065586234,10,1,33,1.0,0.5561
CTKB,0.01612852679600542,59,0,0,0.5,0.2678
CTM,-0.04239411557540831,38,1,5,0.75,0.3666
CTMX,-0.10403782971648894,27,0,0,0.7,0.5241
CTNM,0.1372457729924847,82,0,0,0.7,0.1304
CTNT,-0.37302524463389425,4,1,54,1.0,
CTO,0.06412057349525672,70,0,0,0.1,0.0342
CTOR,-0.12335139153858747,24,1,31,1.0,0.4753
CTOS,0.22093359223046183,89,0,0,0.0,0.0962
CTRE,0.029409935873642698,62,0,0,0.65,0.0788
CTRI,-0.14113200529170403,21,1,3,0.75,0.3367
CTRM,0.05198354380038596,67,0,0,0.2,0.2549
CTRN,0.20794813139847496,88,0,0,0.15,0.1271
CTS,0.06795190151243144,71,1,3,0.15,0.0716
CTSH,-0.30625279208488065,7,1,15,0.85,0.5585
CTSO,-0.28669992941207034,8,1,4,0.8,0.5633
CTVA,0.012962316049328175,58,0,0,0.5,0.1468
CTW,0.05752759253803398,69,0,0,0.65,0.1273
CTXR,-0.15677531439387404,19,0,0,0.85,0.4408
CUB,-0.037288416204464304,40,1,3,0.45,0.1516
CUBE,0.008796505900571107,57,1,3,0.4,0.097
CUBI,0.057663881705210085,69,0,0,0.35,0.0962
CUBWU,-0.01210430468707269,51,1,2,0.2,0.1328
CUE,0.9521764330114801,98,0,0,0.3,
CULP,-0.0371060936174831,40,1,6,0.75,0.2634
CUPR,1.480845273550016,99,0,0,0.2,
CURB,0.05320141172730716,68,1,2,0.15,0.0737
CURI,-0.10331306581101288,27,0,0,0.8,0.2632
CURR,-0.2066212650535485,13,1,18,0.95,0.4252
CURV,0.04799400061295389,66,1,1,0.2,0.2644
CURX,-0.3153781239529335,6,1,9,0.85,0.5435
CUZ,0.18016072919880538,86,0,0,0.0,0.0
CV,0.01364826754839734,58,0,0,0.35,0.3442
CVBF,0.12119108633737795,80,0,0,0.15,0.0
CVCO,0.13245097186958926,81,0,0,0.0,0.211
CVE,-0.1601884161578575,19,1,14,0.85,0.2397
CVEO,0.023672340583182946,61,1,1,0.45,0.0558
CVGI,0.07036052172202904,71,1,9,0.6,0.1535
CVI,-0.19374823756263376,15,1,19,0.95,0.3049
CVKD,-0.43125169965095866,3,1,36,1.0,0.6621
CVLG,0.22870364127675336,89,0,0,0.0,0.045
CVLT,0.38929098381403354,94,0,0,0.0,0.0
CVM,-0.5121364803876856,2,1,51,1.0,0.8504
CVNA,-0.08383635880684381,30,0,0,0.75,0.3482
CVR,-0.023714704001546783,47,1,3,0.4,0.37
CVRX,-0.19246079913784925,15,0,0,0.85,0.4943
CVS,0.21534397145714612,88,0,0,0.05,0.0181
CVSA,0.046738052274056224,66,0,0,0.4,0.054
CVU,0.23989136918890236,90,0,0,0.1,0.0
CVV,0.3442305278421142,93,0,0,0.25,0.0553
CVX,-0.16795924073369567,18,1,14,0.8,0.3293
CW,0.029851931322960337,63,1,3,0.3,0.0598
CWBC,0.12550336292486047,80,0,0,0.05,0.0114
CWCO,-0.08482850394953734,30,1,3,0.85,0.2924
CWD,-0.3864981468728242,4,1,32,1.0,0.6084
CWEN,-0.19491282790592201,15,1,15,0.8,0.2648
CWH,-0.04055372533369375,39,1,1,0.4,0.5308
CWK,0.03844290706031163,65,0,0,0.4,0.2577
CWST,0.12682269062043433,80,0,0,0.3,0.1801
CWT,0.09316048011129581,75,0,0,0.15,0.0929
CX,-0.061674602029853365,34,1,10,0.8,0.1418
CXAI,-0.11606426070732158,25,1,6,0.45,
CXDO,-0.02277569384667897,47,0,0,0.95,0.2219
CXM,-0.09057334750216872,29,0,0,0.65,0.3694
CXT,0.2860838068694269,92,0,0,0.3,0.1391
CXW,0.4787972595467946,96,0,0,0.0,0.0149
CYCN,0.25246207951315086,90,0,0,0.25,
CYCU,-0.4531097881822092,3,1,26,1.0,0.8363
CYD,-0.056941922110282574,35,1,16,0.8,0.2425
CYH,0.2235037379933098,89,0,0,0.2,0.1107
CYN,-0.19393567297155168,15,0,0,0.85,0.5766
CYPH,-0.34889052299866924,5,1,19,0.95,0.5117
CYRX,0.30787680968944187,92,0,0,0.05,0.032
CYTK,0.2022505695066819,88,0,0,0.45,0.0292
CZFS,0.1384703917357858,82,0,0,0.2,0.0184
CZNC,0.09446766219663107,75,0,0,0.2,0.0769
CZR,0.045002509054468565,66,0,0,0.0,0.0563
CZWI,0.15498614760340884,84,0,0,0.2,0.0055
D,0.029686262726908927,63,1,2,0.15,0.0642
DAAQ,-0.024731245610157694,47,1,3,0.45,0.1407
DAAQU,-0.027804449713154503,45,1,3,0.5,0.1426
DAC,-0.026635048465776093,46,1,6,0.6,0.0911
DAIC,-0.6324112481316215,1,1,48,1.0,0.8691
DAIO,0.15674612472745608,84,0,0,0.0,0.0786
DAKT,-0.03922699592920843,39,1,2,0.55,0.3424
DAL,0.22865308375848326,89,0,0,0.0,0.0173
DAN,-0.2830539874979794,8,1,14,0.7,0.3546
DAO,0.006498823734490955,57,0,0,0.55,0.1374
DAR,-0.11959726689497953,24,0,0,0.95,0.2323
DARE,-0.04365780163382245,38,1,3,0.9,
DASH,0.12574792531080903,80,0,0,0.4,0.2464
DAVA,-0.20599462288432668,14,0,0,0.95,0.5857
DAVE,0.5058066803126366,96,0,0,0.05,0.0
DB,0.06582175461129441,70,0,0,0.1,0.1928
DBD,0.014204923495909044,59,0,0,0.0,0.1084
DBGI,-0.3003815454408892,7,1,13,0.8,
DBI,-0.24176532529981054,10,1,16,0.8,0.3524
DBL,-0.028992264185199203,44,1,3,0.45,0.1273
DBRG,-0.022472635777312157,48,1,2,0.4,0.1333
DBVT,-0.24122888694746636,10,1,55,1.0,0.4107
DBX,0.05743302313842867,69,0,0,0.4,0.0489
DC,-0.2724459481373223,8,1,20,1.0,0.4407
DCBO,-0.05219260405792482,36,0,0,0.65,0.249
DCGO,-0.19232532035102723,15,1,22,1.0,0.4607
DCH,-0.16925912233398488,17,1,10,0.65,0.4661
DCI,0.01994836667649593,60,0,0,0.15,0.2656
DCO,0.319182709962995,93,0,0,0.05,0.0
DCOM,0.11518755371188703,79,0,0,0.05,0.0059
DCOY,0.03204889006168733,63,0,0,0.8,
DCTH,0.22542376993647367,89,0,0,0.15,0.0248
DCX,-0.5511722331273334,1,1,13,0.65,0.8222
DD,-0.04312777765659714,38,1,7,0.8,0.1706
DDC,-0.3482966702715105,5,1,22,1.0,0.7464
DDD,0.038826087922300453,65,1,6,0.7,0.225
DDI,0.04158740419431768,65,1,3,0.65,0.0742
DDL,-0.2586062098315985,9,1,14,0.95,0.4337
DDOG,0.48997343157270906,96,0,0,0.2,0.033
DDS,-0.10332637000105374,27,1,3,0.45,0.2866
DE,0.08859197171371429,74,0,0,0.05,0.1296
DEA,0.06598011328574449,70,0,0,0.3,0.0252
DEC,-0.17172466147304044,17,1,1,0.95,0.3607
DECK,-0.08723124291565816,29,1,11,0.6,0.2394
DEFT,-0.2376002597778643,11,1,32,1.0,0.5799
DEI,0.10316197339286902,77,0,0,0.4,0.0362
DELL,0.5517662861961153,96,0,0,0.0,0.0741
DEO,-0.03591912769368946,40,1,2,0.6,0.2865
DERM,0.25341438300341973,90,0,0,0.1,0.3013
DFDV,-0.17475751078025936,17,0,0,0.95,0.6376
DFH,0.06236066568607922,69,0,0,0.3,0.292
DFIN,-0.043081819363876825,38,0,0,0.6,0.2629
DFLI,-0.09105927922783529,29,1,1,0.8,0.595
DFNS,-0.6776702002558401,1,1,119,1.0,0.9659
DFP,-0.017834933619546023,49,0,0,0.55,0.1124
DFSC,-0.29735092560924564,7,1,11,0.8,0.5333
DFTX,0.9213426452757107,98,0,0,0.0,
DG,-0.017709345843886164,50,0,0,0.25,0.3222
DGICA,0.10739278093443093,77,0,0,0.15,0.1052
DGICB,0.1476762560074461,83,0,0,0.2,0.1129
DGII,0.2108644203047933,88,0,0,0.0,0.0097
DGNX,-0.2055127988656988,14,0,0,0.85,
DGX,0.08219430823057378,73,0,0,0.2,0.0699
DGXX,0.23624330293592571,89,1,6,0.8,0.4027
DH,-0.24770649759301966,10,1,1,0.95,0.7137
DHC,0.17416639530042638,86,0,0,0.05,0.0482
DHF,-0.02755852930245031,45,0,0,0.45,0.1141
DHI,0.036173587745773325,64,1,1,0.2,0.1462
DHR,0.034929418736735024,64,0,0,0.3,0.2653
DHT,-0.07293547809111206,32,1,4,0.5,0.202
DHX,0.21787659301999818,88,0,0,0.2,0.0422
DHY,-0.02586701210357674,46,0,0,0.5,0.1677
DIBS,0.07244145901562965,71,0,0,0.6,0.2016
DIN,0.20672507565735643,88,0,0,0.1,0.1367
DINO,0.03781436576767498,64,0,0,0.35,0.0506
DIOD,0.08578994818213806,74,1,4,0.35,0.1431
DIS,-0.08703419701461382,29,1,5,0.8,0.2295
DIT,-0.17156205516887896,17,1,14,0.95,0.3103
DJCO,0.13429868385388805,82,0,0,0.1,0.1625
DJT,-0.17565445705991678,17,1,21,1.0,0.5017
DK,0.12438706422830105,80,0,0,0.3,0.0446
DKL,-0.019494505761957603,49,0,0,0.4,0.1594
DKNG,0.024381540188659165,61,1,3,0.5,0.3477
DKS,0.03607965900696619,64,0,0,0.3,0.0609
DLB,-0.14217390803504526,21,1,3,0.95,0.293
DLHC,-0.10635183295910845,26,1,4,0.75,0.2292
DLNG,-0.1481724249018294,20,1,13,0.9,0.3061
DLO,0.12776604677032816,81,0,0,0.25,0.0909
DLPN,-0.18872557955726327,15,1,5,0.9,0.4229
DLR,-0.09318935108969091,28,1,2,0.6,0.1749
DLTH,0.31190007300330047,92,0,0,0.2,0.0608
DLTR,0.10463742487950255,77,0,0,0.05,0.2078
DLX,-0.11103728146365496,25,0,0,0.75,0.2466
DLXY,-0.1285760404833416,23,1,3,0.75,
DLY,-0.020492438734912268,48,0,0,0.55,0.1107
DMA,-0.01376482212413286,51,0,0,0.0,0.1781
DMAA,-0.026818445475810006,45,1,3,0.5,0.1419
DMAAU,-0.03662096822977762,40,1,10,0.6,0.1459
DMAC,0.1908125010946164,87,0,0,0.55,0.2211
DMB,-0.0023888774705130636,54,0,0,0.3,0.0848
DMC,-0.24533515688739443,10,1,57,1.0,0.4357
DMII,-0.030942354672270113,42,1,3,0.5,0.1471
DMIIU,-0.02927389126840934,44,1,3,0.5,0.1441
DMLP,-0.10874111827646642,26,1,14,0.7,0.2194
DMO,-0.031407879327251836,42,0,0,0.75,0.1056
DMRA,0.03608563536960724,64,0,0,0.65,0.2246
DMRC,-0.10339948564051428,27,1,16,0.8,0.4869
DNA,0.22740925032232867,89,0,0,0.45,0.1171
DNLI,0.2885312518594642,92,0,0,0.15,0.0068
DNMX,-0.032574399321481276,41,1,3,0.5,0.1462
DNMXU,-0.03350256668808212,41,1,3,0.5,0.1506
DNN,-0.17015552630180497,17,1,6,0.8,0.3547
DNOW,-0.04031894107441403,39,1,3,0.35,0.2977
DNP,-0.003873795793410628,54,1,2,0.4,0.0882
DNTH,-0.007419331846504763,53,0,0,0.6,0.1181
DNUT,-0.00526266709894865,53,0,0,0.45,0.2251
DOC,0.21072988254848213,88,0,0,0.15,0.0184
DOCN,0.1687772626524633,85,1,8,0.4,0.1949
DOCS,-0.10584036017777203,26,0,0,0.85,0.5729
DOCU,-0.1370180423237809,22,0,0,0.85,0.3936
DOGZ,-0.07133893353283385,32,1,3,0.6,
DOLE,-0.08023350233289069,30,1,3,0.75,0.2292
DOMH,-0.01728703104944554,50,1,8,0.85,0.3633
DOMO,-0.1456774933694127,21,0,0,0.85,0.6338
DOO,-0.05144446737786504,36,1,1,0.1,0.3353
DORM,0.14036576590866473,82,0,0,0.05,0.0632
DOUG,-0.010898303739103478,52,0,0,0.7,0.3893
DOV,-0.01435204081922943,51,1,1,0.15,0.148
DOW,-0.31214265906608424,6,1,39,1.0,0.449
DOX,-0.23970434696804477,10,1,21,1.0,0.4288
DOYU,-0.11345340209781046,25,1,13,0.8,0.4018
DPG,-0.008855531379385544,52,0,0,0.5,0.1172
DPRO,-0.17781751157437192,17,1,13,0.8,0.5034
DPZ,-0.10596273215310034,26,1,10,0.8,0.3409
DQ,-0.32957667710898636,6,1,46,1.0,0.6112
DRCT,-0.08140595032154999,30,1,31,1.0,
DRD,-0.25241382055202044,10,1,34,1.0,0.4984
DRDB,-0.0319389290050163,42,1,3,0.5,0.1493
DRDBU,-0.032518429041670974,41,1,11,0.6,0.1507
DRH,0.12189031047127395,80,0,0,0.0,0.0579
DRI,-0.025098860410750427,46,1,3,0.3,0.1523
DRIO,-0.14483676431702192,21,1,3,0.95,0.5379
DRMA,0.010321695829498004,58,0,0,0.7,
DRS,-0.08177749896921413,30,1,6,0.5,0.2067
DRTS,0.43125670832215485,95,0,0,0.3,0.0
DRUG,-0.2149070374902396,13,1,1,0.9,0.3624
DRVN,0.020350115409411937,60,0,0,0.5,0.2442
DSACU,-9.216142410913009e-05,55,0,0,0.3,0.1262
DSGN,0.2661609319253171,91,0,0,0.5,0.1164
DSGR,-0.028057101195320146,45,1,3,0.4,0.2
DSGX,-0.09728504745486505,28,1,3,0.6,0.2605
DSL,-0.014730598833424514,51,0,0,0.4,0.095
DSM,-0.00981580796546087,52,0,0,0.35,0.0935
DSP,0.06309363718554432,70,0,0,0.5,0.0587
DSS,0.03402038222928411,63,0,0,0.4,0.603
DSU,-0.027734413411880723,45,1,2,0.6,0.1012
DSWL,0.15618255536648956,84,0,0,0.45,0.0539
DSX,-0.1940933947782933,15,1,32,1.0,0.2922
DSY,0.40210557115588824,95,1,7,0.6,
DT,0.0967424849230417,76,0,0,0.3,0.0479
DTCX,-0.28818505009779544,8,1,6,0.95,0.5446
DTE,0.015539385983315016,59,0,0,0.1,0.1217
DTF,-0.03102095776584537,42,1,2,0.4,0.1391
DTI,-0.4008071554848899,4,1,59,1.0,0.6016
DTIL,0.14353579345817374,83,0,0,0.55,0.0619
DTM,-0.003860768105378956,54,1,1,0.55,0.0943
DTSQ,-0.028479868594189186,45,1,3,0.45,0.1442
DTSQU,-0.0565387128983197,35,1,12,0.8,0.2319
DTSS,-0.12219910137436148,24,1,12,0.65,0.4623
DTST,-0.15354115684148364,20,1,5,0.95,0.3997
DUK,-0.02284350938908383,47,1,2,0.45,0.1859
DUO,-0.45322800385817263,3,1,37,1.0,0.6113
DUOL,0.05509400279770957,68,0,0,0.2,0.3995
DUOT,0.096221941574947,75,1,1,0.45,0.2072
DV,0.03902064452732569,65,0,0,0.15,0.0861
DVA,0.30347731825109037,92,0,0,0.05,0.0
DVLT,-0.3843339274620885,4,1,21,1.0,0.7452
DVN,-0.19938501443969775,14,1,14,0.95,0.3398
DWSN,0.6011331629230888,97,0,0,0.05,0.0
DWTX,-0.13685072090239087,22,1,2,0.9,0.6776
DX,-0.024416014086756803,47,1,1,0.45,0.1322
DXC,-0.16806645291340333,18,0,0,0.95,0.4273
DXCM,-0.008827717727232474,52,1,3,0.45,0.1488
DXF,0.5379302565518538,96,0,0,0.85,
DXLG,0.014714384470314701,59,1,9,0.6,0.35
DXPE,0.06745759110822287,71,0,0,0.05,0.1041
DXR,-0.018914963268028585,49,0,0,0.55,0.3432
DXST,0.05262474846990038,67,1,9,0.55,
DXYZ,-0.3679297123396018,4,1,22,1.0,0.6554
DY,0.060039582923756565,69,1,1,0.2,0.1127
DYAI,0.2600417430873704,91,0,0,0.45,0.0587
DYN,0.16277064533849261,85,0,0,0.2,0.0176
DYNC,-0.030088705758848915,43,1,3,0.5,0.1297
DYNCU,-0.035533269325150864,40,1,3,0.5,0.1594
DYOR,-0.03263297497986996,41,1,2,0.45,0.148
DYORU,-0.035046566828685656,40,1,3,0.5,0.1873
E,-0.20284004141571244,14,1,13,0.8,0.3015
EA,-0.019758526726847393,49,0,0,0.35,0.1419
EAD,-0.035407900146908394,40,1,2,0.7,0.1165
EAF,-0.345714690362547,5,1,18,0.9,0.6912
EARN,-0.061439954869299526,34,1,2,0.75,0.2205
EAT,0.15213498146764087,84,0,0,0.1,0.0697
EBAY,0.038024278444136875,64,0,0,0.55,0.07
EBC,0.12217694276703757,80,0,0,0.1,0.0373
EBF,0.008986674481140301,57,0,0,0.4,0.1467
EBMT,0.09665342057715827,76,0,0,0.1,0.0424
EBON,0.03319002644516332,63,0,0,0.45,0.4096
EBS,-0.045919432378685655,37,1,1,0.7,0.4521
EC,-0.08176266858709338,30,1,6,0.3,0.1442
ECAT,0.046886595642493686,66,0,0,0.05,0.0
ECBK,0.10590159519578075,77,0,0,0.1,0.0129
ECC,-0.0650195465127267,33,0,0,0.9,0.3351
ECCC,-0.00941759703011447,52,0,0,0.4,0.1247
ECF,0.00017616498374579959,55,1,1,0.3,0.0349
ECG,0.04854075572477727,67,1,1,0.25,0.1315
ECHO,-0.2209260208821826,12,1,13,0.95,0.3123
ECL,0.0535025501130755,68,0,0,0.1,0.1695
ECO,-0.034277562724407164,41,1,4,0.45,0.1336
ECOR,0.023852257752298503,61,1,1,0.5,0.1967
ECPG,0.16949455058944574,85,0,0,0.1,0.0
ECVT,-0.13391287642611008,22,1,31,1.0,0.2364
ECX,0.11907786139120298,79,0,0,0.3,0.4428
ED,-0.0006703123786603801,55,0,0,0.3,0.166
EDBL,-0.5627208935805199,1,1,115,1.0,0.9828
EDD,0.075217094364652,72,0,0,0.2,0.0876
EDF,0.06578809472691498,70,0,0,0.1,0.0058
EDHL,0.3817968742634304,94,1,6,0.35,
EDIT,0.04971240148797949,67,0,0,0.6,0.1291
EDN,-0.1443325468557129,21,1,8,0.4,0.3076
EDRY,-0.01851975948710181,49,1,4,0.45,0.1463
EDSA,-0.03211460091550433,42,0,0,0.65,
EDTK,-0.0557262626926252,35,1,2,0.85,0.1829
EDU,-0.09315399618533514,28,0,0,0.9,0.3012
EDUC,0.06694906391566964,70,0,0,0.45,0.024
EE,0.10225576980324648,76,0,0,0.35,0.1807
EEA,0.032334482858237965,63,0,0,0.1,0.0649
EEFT,0.012616074449672804,58,0,0,0.7,0.0986
EEIQ,-0.30412275457773874,7,1,6,0.45,
EEX,0.014860594664009193,59,1,2,0.3,0.1257
EFC,0.020246628165283012,60,0,0,0.3,0.0677
EFOI,-0.041058836405584984,38,1,1,0.85,
EFOR,-0.3160502109502705,6,1,3,0.95,
EFR,-0.020211745573094887,48,1,2,0.4,0.1187
EFSC,0.12613218828207334,80,0,0,0.05,0.0219
EFSCP,-0.033573324613670144,41,1,3,0.7,0.1139
EFSI,0.08211176770461874,73,0,0,0.1,0.0346
EFT,-0.03048019272598718,43,1,3,0.65,0.1253
EFTY,-0.03489260719944927,41,1,3,0.5,0.1548
EFX,-0.10638326718320781,26,0,0,0.8,0.3344
EFXT,-0.08084623827452456,30,1,3,0.85,0.1868
EG,0.04846970108561398,67,0,0,0.4,0.0535
EGAN,-0.18335957214361925,16,1,8,0.65,0.4631
EGBN,0.06246518978160444,69,0,0,0.05,0.0576
EGG,-0.1970962524744277,14,1,3,0.8,0.3691
EGHA,-0.03147174202681174,42,1,3,0.5,0.1461
EGHAU,-0.10293331932924697,27,1,15,0.75,0.2313
EGHT,-0.12890982198459014,23,1,21,1.0,0.3941
EGO,-0.06882598032237033,33,1,3,0.7,0.4069
EGP,0.02871459650411945,62,0,0,0.4,0.0383
EGY,-0.1919047452880186,15,1,9,0.9,0.351
EH,-0.3481104648318966,5,1,20,1.0,0.5843
EHC,-0.025299218346418188,46,1,3,0.75,0.1747
EHGO,0.2417527322253178,90,0,0,0.55,
EHI,-0.020141998642812457,49,0,0,0.4,0.1211
EHLD,-0.046657996570860436,37,1,1,0.7,0.0901
EHTH,0.000594303902927619,55,0,0,0.6,0.6394
EIC,-0.03819419972231123,39,1,15,0.85,0.1417
EICA,-0.029311430368399675,44,1,3,0.5,0.1431
EIG,0.17370161426808278,86,0,0,0.0,0.0132
EIIA,-0.01880228513913538,49,1,2,0.4,0.124
EIM,-0.011607697182767909,51,0,0,0.45,0.1019
EIX,0.017634289169879212,60,0,0,0.25,0.1248
EJH,-0.05498025066139317,35,1,5,0.6,
EL,0.0014168352758184566,55,1,10,0.6,0.3645
ELA,0.3079468344672461,92,0,0,0.0,0.0666
ELAB,-0.47447523824317844,2,1,61,1.0,
ELAN,-0.0016167864610046531,54,1,1,0.15,0.1702
ELBM,-0.12781235480903244,23,1,1,0.8,0.5536
ELDN,0.05839976381195659,69,0,0,0.55,0.1071
ELE,0.0040668014710696365,56,0,0,0.7,0.3323
ELF,0.3303981108056235,93,0,0,0.2,0.2387
ELLO,-0.2662625966864323,9,1,24,1.0,0.4281
ELMD,0.4574049599649144,95,0,0,0.0,0.0
ELME,-0.2931458108448019,7,1,5,0.7,0.5573
ELOG,-0.12163100580460844,24,1,9,0.55,0.5093
ELPC,-0.06436473161725603,34,1,2,0.7,0.2021
ELPW,-0.31730608737529503,6,1,35,1.0,
ELS,0.02559515998453847,61,0,0,0.3,0.1393
ELSE,0.11139924979230607,78,1,2,0.2,
ELTK,0.018809814252092827,60,0,0,0.05,0.0901
ELTX,-0.5814840270515838,1,1,12,0.6,
ELUT,-0.13215296283188743,22,1,6,0.85,0.2978
ELV,0.10254494583095668,76,0,0,0.45,0.0294
ELVA,0.03515183079315219,64,0,0,0.65,0.1344
ELVN,0.21863310000918107,89,0,0,0.3,
ELVR,-0.2323261008508118,11,1,8,0.75,0.3495
ELWT,0.0028785755748449715,56,0,0,0.8,0.1914
EMA,-0.020799619338640964,48,1,2,0.5,0.1389
EMAT,-0.23770681303465896,11,1,8,0.9,0.6965
EMBC,-0.33750465016244624,5,1,3,0.95,
EMBJ,0.032823619645093685,63,0,0,0.35,0.2678
EMD,0.0018648591231892747,55,0,0,0.25,0.0979
EME,-0.062303117274704944,34,1,4,0.8,0.1657
EMF,0.038723229320933375,65,1,1,0.25,0.0717
EMIS,-0.034982226890007795,40,1,3,0.5,0.1484
EML,0.34550035669279944,93,0,0,0.2,0.0
EMN,-0.1292301766071655,23,1,11,0.85,0.2267
EMO,-0.05242006699647267,36,1,1,0.6,0.2004
EMPD,-0.18517034380409575,16,1,32,1.0,0.3316
EMPG,-0.03489260719944927,41,1,3,0.5,0.1548
EMR,-0.029335971822804154,44,1,3,0.3,0.1971
ENB,-0.058309792302359546,35,1,3,0.45,0.1614
ENGN,-0.416194651197292,3,1,38,1.0,
ENGS,0.9601006470803478,98,0,0,0.0,0.0
ENIC,0.012352227799725807,58,1,1,0.4,0.065
ENLT,-0.07762385684503062,31,1,5,0.75,0.1797
ENLV,-0.4060199223110745,3,1,19,0.95,0.6032
ENOV,-0.14048097052870634,21,1,3,0.8,0.3749
ENPH,0.006637667441518155,57,1,18,0.9,0.3421
ENR,0.1760608971178308,86,0,0,0.0,0.1237
ENS,0.013956471958763629,59,1,1,0.55,0.0894
ENSC,-0.13999918040824755,21,0,0,0.75,
ENSG,-0.10660735914982981,26,0,0,0.8,0.3052
ENTA,0.10087439142500997,76,0,0,0.5,0.1241
ENTG,0.2061479803259917,88,0,0,0.3,0.1039
ENTX,0.3610166810267761,94,0,0,0.55,0.13
ENVA,0.48743593874994734,96,0,0,0.05,0.0
ENVB,-0.4344709787651509,3,1,41,1.0,
ENVX,-0.20499635566423163,14,1,7,0.7,0.3853
EOD,0.02022861045345916,60,0,0,0.2,0.0229
EOG,-0.11057376818782078,26,1,5,0.6,0.2692
EOI,-0.017121982759457158,50,0,0,0.85,0.0986
EOLS,0.1850981990129032,87,1,1,0.1,0.0861
EONR,-0.363938569007249,4,1,43,1.0,
EOS,-0.030102329265850006,43,0,0,0.95,0.0943
EOSE,-0.253230250430318,10,1,7,0.8,0.7201
EOT,0.013014482990143385,58,0,0,0.1,0.1116
EP,-0.0633298759373318,34,1,4,0.5,0.3453
EPAC,-0.014131341617316197,51,1,1,0.25,0.2615
EPAM,-0.2923626775405582,7,1,21,1.0,0.6455
EPC,0.37141465267379553,94,0,0,0.05,0.0299
EPD,-0.0652640384802874,33,1,6,0.9,0.2002
EPM,-0.2001181914196718,14,1,14,0.9,0.3216
EPOW,-0.11061164278100928,26,0,0,0.75,0.4525
EPR,0.030124188003562938,63,1,2,0.4,0.1048
EPRT,-0.038634810182930884,39,1,2,0.65,0.1999
EPRX,-0.10238951737500966,27,0,0,0.7,0.3277
EPSM,-0.04957648571243454,36,1,9,0.55,
EPSN,-0.12323959217828868,24,1,14,0.9,0.2675
EQ,0.20967271480352612,88,0,0,0.0,0.0487
EQBK,0.07725165173888374,72,0,0,0.25,0.0561
EQH,0.06310951839467716,70,0,0,0.2,0.1678
EQIX,-0.06252248980359802,34,1,3,0.55,0.1346
EQNR,-0.23520665882916114,11,1,14,0.95,0.3715
EQR,0.044597645783575654,66,0,0,0.3,0.0119
EQS,-0.15764061397585874,19,1,20,1.0,0.4482
EQT,-0.13186494919423292,22,1,3,0.95,0.3393
EQX,-0.30009419171609686,7,1,51,1.0,0.5234
ERAS,0.33973993917432677,93,0,0,0.05,0.247
ERC,-0.014596965243949957,51,0,0,0.5,0.0917
ERH,-0.02987249725985284,43,0,0,0.65,0.1321
ERIC,-0.15499836459167737,19,1,18,0.9,0.2046
ERIE,0.09519105724272726,75,0,0,0.3,0.2102
ERII,-0.0606875636550544,34,0,0,0.45,0.496
ERNA,0.1364319254682364,82,1,4,0.95,
ERO,-0.13423200707654376,22,1,7,0.6,0.3739
ES,0.027973480816596896,62,0,0,0.25,0.1198
ESAB,-0.036802600927931466,40,1,1,0.4,0.3675
ESBA,-0.07069062350920734,32,1,1,0.75,0.2766
ESCA,0.02427498029855364,61,0,0,0.45,0.0951
ESE,0.11226716786684841,78,0,0,0.2,0.057
ESEA,-0.03744765497239169,40,1,4,0.4,0.1592
ESI,0.10493884238389976,77,0,0,0.2,0.07
ESLA,-0.2307645564818825,11,1,42,1.0,0.5371
ESLT,-0.14005059580119122,21,1,12,0.7,0.328
ESNT,0.07829235325982263,73,0,0,0.5,0.0959
ESOA,0.21587823748864354,88,0,0,0.4,0.0215
ESP,0.05173601080073974,67,0,0,0.4,0.1293
ESPR,0.17455667296674748,86,0,0,0.05,
ESQ,0.11903990186180695,79,0,0,0.1,0.0317
ESRT,-0.03899083499546882,39,0,0,0.75,0.2421
ESS,0.08827698216766432,74,0,0,0.25,0.0144
ESTA,0.32478830516450025,93,0,0,0.0,0.0136
ESTC,0.006020012361642457,56,1,5,0.4,0.315
ET,-0.0518374644206631,36,1,3,0.85,0.1645
ETB,-0.008396980308516256,52,0,0,0.55,0.0561
ETD,0.009338384067929077,57,0,0,0.1,0.1692
ETG,0.023504558833241866,61,0,0,0.2,0.0509
ETJ,-0.028478195303500955,45,0,0,0.85,0.1006
ETN,-0.001969787595542248,54,0,0,0.2,0.0822
ETO,0.010844738167724174,58,0,0,0.3,0.0468
ETON,0.35614229452125146,94,0,0,0.15,0.0091
ETOR,0.059573729366635034,69,0,0,0.75,0.0304
ETR,-0.006605734463932665,53,1,1,0.35,0.1364
ETS,0.6716342730117422,97,0,0,0.25,0.0
ETSY,0.12388421308980714,80,1,1,0.05,0.0916
ETV,0.0024616000135774946,56,0,0,0.15,0.047
ETW,0.004639260010378551,56,0,0,0.2,0.0477
ETX,-0.03392228439837515,41,1,3,0.6,0.1394
ETY,-0.03136101814352388,42,0,0,0.95,0.0976
EU,-0.2609840727320707,9,1,8,0.8,0.6534
EUDA,-0.04466485676711962,38,1,3,0.7,
EURK,-0.030605220611688435,43,1,1,0.35,0.1466
EURKU,0.029386528447625834,62,0,0,0.1,0.113
EVAC,-0.031433575584732344,42,1,3,0.5,0.1464
EVAX,-0.23490610326287092,11,1,39,1.0,0.4539
EVC,1.6663932569351845,99,0,0,0.0,
EVCM,-0.09858423428701382,28,0,0,0.8,0.2358
EVER,0.4201528650500494,95,0,0,0.05,
EVEX,-0.20405587798908165,14,1,20,1.0,0.5027
EVF,-0.02038251366269011,48,1,2,0.4,0.1208
EVG,-0.024295143652529008,47,1,2,0.45,0.1108
EVGN,-0.42784670957234244,3,1,65,1.0,0.6469
EVGO,-0.1562362851781538,19,1,17,0.85,0.4735
EVH,0.6160654931042793,97,0,0,0.05,0.0115
EVI,-0.21301694853248415,13,1,14,0.95,0.4816
EVLV,-0.08982527713869057,29,0,0,0.95,0.2007
EVMN,-0.47263977165408516,2,1,3,0.75,
EVN,0.02775891968204673,62,0,0,0.1,0.0734
EVO,-0.0678036249382756,33,0,0,0.8,0.3185
EVOX,-0.03008837690980555,43,1,3,0.5,0.1471
EVOXU,-0.031164046335278698,42,1,3,0.5,0.1523
EVR,0.004904873831586498,56,1,5,0.3,0.1738
EVRG,0.028116207997266524,62,0,0,0.25,0.0996
EVT,0.035963952104481084,64,0,0,0.2,0.0115
EVTC,0.04561360552981435,66,0,0,0.3,0.1235
EVTL,-0.2917385802152554,7,1,21,1.0,0.7446
EVTV,-0.07605842484954517,31,0,0,0.9,
EVV,-0.02770155548491176,45,0,0,0.5,0.1186
EW,0.04707745883512435,66,0,0,0.15,0.0341
EWBC,0.06509992120062126,70,0,0,0.15,0.0224
EXC,-0.017580147934785687,50,1,1,0.25,0.1963
EXE,-0.11976181149991404,24,1,1,0.95,0.3267
EXEL,0.11742545342053441,79,0,0,0.05,0.0369
EXFY,0.6394889308878449,97,0,0,0.0,0.0154
EXG,0.02402248684622181,61,0,0,0.15,0.0542
EXK,-0.1578410391277475,19,1,10,0.95,0.457
EXLS,-0.16894215655533235,18,1,14,0.8,0.4238
EXOD,-0.28071928464344303,8,1,10,0.95,0.7398
EXOZ,-0.1135131174896285,25,0,0,0.8,0.3407
EXP,0.006370254166061372,56,1,1,0.1,0.1521
EXPD,0.06054096677951566,69,0,0,0.05,0.0747
EXPE,0.09414347599837265,75,0,0,0.3,0.1891
EXPO,-0.08109380712492784,30,0,0,0.65,0.3015
EXR,0.03438139637102845,64,0,0,0.2,0.0967
EXTR,0.36745188858191574,94,0,0,0.0,0.032
EYE,-0.051900392181923855,36,0,0,0.55,0.4121
EYPT,-0.028181537443676997,45,1,1,0.45,0.3462
EZGO,-0.647162774396711,1,1,39,1.0,
EZPW,0.14406432498481941,83,0,0,0.6,0.0
EZRA,-0.40626543703563867,3,1,52,1.0,
F,-0.04240384895482152,38,1,12,0.65,0.2087
FA,0.28414712593605146,92,0,0,0.0,0.0
FABC,0.0992526847406429,76,1,2,0.85,0.4187
FAC,-0.07448666203226831,32,1,7,0.35,0.5122
FACTU,-0.03917288535658613,39,1,6,0.45,0.1534
FAF,0.052855438775952265,67,0,0,0.35,0.0706
FAMI,-0.8471287297966339,0,1,3,0.7,
FANG,-0.1758020305488162,17,1,14,0.85,0.2735
FAST,0.03358933483626034,63,0,0,0.2,0.1128
FATE,0.7443355834889294,98,0,0,0.55,0.0
FATN,0.5211775546021234,96,0,0,0.3,
FAX,-0.02415270718128029,47,0,0,0.6,0.1386
FBGL,-0.12947651996781556,23,1,9,0.75,0.6552
FBIN,0.3404160484441453,93,0,0,0.0,0.2155
FBIO,0.19082355553414715,87,0,0,0.1,0.3512
FBIOP,0.17281777562959516,86,0,0,0.0,0.0336
FBIZ,0.12842392381838413,81,0,0,0.05,0.0079
FBK,0.043626068892143585,66,0,0,0.25,0.1546
FBLA,0.06290141377477752,70,0,0,0.1,0.0626
FBLG,-0.28724650370939486,8,1,1,0.95,0.9066
FBNC,0.10431778373793459,77,0,0,0.1,0.0265
FBP,0.11175348345510326,78,0,0,0.05,0.0102
FBRT,-0.07605913572563303,31,1,41,1.0,0.2708
FBRX,-0.0762953743501995,31,0,0,0.75,0.4479
FBYD,0.25446129397859324,90,0,0,0.15,0.0
FC,0.1524460500383774,84,0,0,0.2,0.06
FCAP,0.12902331583528376,81,0,0,0.0,0.0533
FCBC,0.04882014489507211,67,0,0,0.2,0.0687
FCCO,0.0868148046721398,74,0,0,0.1,0.0288
FCEL,1.4259934905455334,99,0,0,0.4,0.1132
FCF,0.10050441704229444,76,0,0,0.1,0.0115
FCFS,0.009581349108593568,57,1,6,0.6,0.0714
FCHL,-0.4957461359283892,2,1,66,1.0,
FCN,-0.13401211851679648,22,1,3,0.7,0.2861
FCNCA,0.058559590937490275,69,0,0,0.15,0.1133
FCNCO,-0.05661479963257604,35,1,14,0.95,0.1702
FCNCP,-0.0669764957296355,33,1,8,0.85,0.1942
FCPT,-0.01981446621083123,49,1,2,0.5,0.1291
FCRS,-0.030478450450803066,43,1,3,0.6,0.1388
FCT,-0.02034573831733144,48,1,3,0.55,0.1142
FCUV,-0.11289026386725158,25,0,0,0.65,
FCX,-0.06275951894898968,34,1,7,0.55,0.1869
FDBC,0.14937139689057838,83,0,0,0.05,0.0
FDMT,0.32036703587522597,93,0,0,0.35,0.0446
FDS,-0.028901623817558664,44,0,0,0.5,0.2265
FDSB,0.044721056879737084,66,0,0,0.1,0.0709
FDUS,0.036853089532785724,64,0,0,0.35,0.0594
FDX,-0.059094814712604395,34,1,2,0.35,0.0802
FE,-0.02830446565496643,45,1,1,0.3,0.2028
FEAM,-0.18287583944193309,16,1,18,0.95,0.6771
FEBO,-0.053539378267075804,36,0,0,0.75,0.3505
FEDU,-0.0714235474220954,32,1,3,0.55,0.1999
FEED,-0.5243141666870876,2,1,62,1.0,
FEIM,0.10916351466518807,78,1,6,0.3,0.1586
FELE,0.05053746433348595,67,0,0,0.1,0.1268
FEMY,-0.4648556529289675,2,1,25,1.0,0.7105
FENC,0.30261303464226347,92,0,0,0.3,0.0828
FENG,-0.12515101600748546,23,1,13,0.9,0.2978
FER,-0.02535530586968232,46,1,3,0.45,0.1645
FERA,-0.028124568980707344,45,1,3,0.5,0.1441
FERAU,-0.01496850483635477,50,1,2,0.35,0.1379
FERG,-0.06904199636675759,33,1,1,0.45,0.2041
FET,-0.15203073919247573,20,1,42,1.0,0.33
FF,0.04321323493607333,66,0,0,0.45,0.1023
FFA,-0.015624737967232686,50,0,0,0.85,0.0425
FFAI,-0.37542907582293666,4,1,20,1.0,
FFBC,0.1396110348325485,82,0,0,0.1,0.0
FFC,-0.00436562601332402,54,0,0,0.45,0.0964
FFIN,0.09385386767009583,75,0,0,0.15,0.0514
FFIV,0.18729852053769225,87,0,0,0.15,0.0
FG,-0.024293444146173772,47,1,3,0.55,0.156
FGBI,0.055781524584864975,68,1,2,0.25,0.0827
FGBIP,0.01933179103151003,60,1,4,0.45,0.0544
FGI,-0.22547591945618706,12,1,12,0.7,
FGL,-0.3156495797456203,6,1,24,1.0,
FGMC,-0.04787041733837186,37,1,2,0.55,0.3209
FGMCU,-0.11851278711626341,24,1,3,0.65,
FGNX,-0.31317124565526316,6,1,20,1.0,0.719
FGNXP,0.011923922290092266,58,0,0,0.3,0.1081
FHB,0.11635171823478412,79,0,0,0.1,0.0007
FHI,-0.05581357326708368,35,1,3,0.3,0.1618
FHN,0.06604755057773855,70,0,0,0.1,0.0755
FHTX,0.12134061438063772,80,0,0,0.45,0.306
FIBK,0.10469492808010054,77,0,0,0.1,0.0459
FICO,0.01394002783406402,59,0,0,0.6,0.3309
FIEE,-0.3510490249404775,5,1,49,1.0,0.4918
FIG,-0.16083496349026877,19,1,19,0.95,0.5278
FIGR,-0.07427691108215476,32,0,0,0.9,0.5922
FIGS,-0.26924464366216033,9,1,8,0.85,0.4626
FIGX,-0.0326096711453846,41,1,3,0.5,0.1447
FIGXU,-0.025509073881384972,46,1,2,0.35,0.1486
FINS,-0.023031845536933784,47,0,0,0.4,0.1108
FINV,-0.05246967160134334,36,0,0,0.85,0.2394
FINW,-0.03716082342154299,40,0,0,0.4,0.2721
FIP,-0.1360602719793058,22,1,3,0.45,0.3482
FIRY,0.5799171918824123,97,0,0,0.25,
FIS,-0.11966288543448438,24,0,0,0.95,0.4333
FISI,0.1413109788279261,83,0,0,0.05,0.0
FISK,0.02485935432116515,61,0,0,0.55,0.2341
FITB,0.15267874146594235,84,0,0,0.05,0.023
FIVE,-0.23883637177498118,10,1,47,1.0,0.3194
FIVN,0.11934849030496329,79,0,0,0.6,0.1022
FIX,0.06151075548701131,69,1,1,0.25,0.0991
FIZZ,-0.15972661327224122,19,1,9,0.65,0.2484
FJET,-0.3192108093363363,6,1,14,0.7,0.6462
FKWL,-0.2706895564614096,8,1,59,1.0,0.4621
FLC,-0.0255948297463699,46,0,0,0.6,0.1196
FLD,-0.5953059961179187,1,1,32,1.0,0.8349
FLEX,0.4559372630743927,95,0,0,0.0,0.0627
FLG,0.060059681058696565,69,0,0,0.1,0.0404
FLGT,0.2136418062123206,88,0,0,0.2,0.329
FLL,0.12214710411158468,80,0,0,0.45,0.1514
FLNA,-0.20887985241132978,13,1,15,0.9,0.5322
FLNC,0.022306177773000563,61,1,7,0.35,0.4761
FLNG,-0.09219883713323827,29,1,5,0.75,0.1822
FLNT,0.5184669266052888,96,0,0,0.35,0.0942
FLO,0.015757540817204332,59,0,0,0.4,0.3335
FLOC,-0.13243909353590383,22,1,25,1.0,0.2705
FLR,0.004916777656134463,56,1,1,0.05,0.1376
FLS,-0.05821562907085123,35,1,6,0.3,0.2686
FLUT,-0.03002744470226041,43,0,0,0.45,0.5634
FLUX,-0.17010547998036285,17,0,0,0.95,0.4675
FLWS,-0.0696086130752564,32,1,12,0.7,0.281
FLX,-0.17434756620089964,17,1,43,1.0,0.5149
FLXS,0.37913014248504345,94,0,0,0.0,0.0
FLY,-0.26897498375818785,9,1,22,1.0,0.5157
FLYE,0.12945836950778078,81,0,0,0.35,0.7504
FLYW,0.2548463971607963,90,0,0,0.4,0.0
FLYX,-0.1933131319619194,15,1,16,0.85,
FLZH,-0.7033986639219905,1,1,56,1.0,
FMAO,0.1385519980866049,82,0,0,0.15,0.0242
FMBH,0.12892078109367622,81,0,0,0.05,0.0
FMC,-0.2784621435222432,8,1,52,1.0,0.4551
FMFC,-0.2863939998206072,8,1,13,0.75,0.6026
FMN,-0.0017127529525110957,54,0,0,0.15,0.0811
FMNB,0.05041667869819608,67,0,0,0.25,0.0299
FMS,0.03529428372263971,64,1,3,0.2,0.1197
FMST,-0.2351198760905966,11,1,20,1.0,0.4932
FMX,0.06857812638176057,71,0,0,0.1,0.0298
FMY,-0.02507307099541938,46,1,2,0.45,0.1359
FN,-0.1452739355150333,21,1,18,0.9,0.2745
FNB,0.09639519313321863,76,0,0,0.1,0.0415
FND,0.14706774814509188,83,0,0,0.25,0.287
FNF,-0.026096068848507015,46,0,0,0.65,0.2235
FNGR,-0.5627156014348245,1,1,19,0.95,0.7552
FNKO,0.22571105019502558,89,0,0,0.05,0.0385
FNLC,0.2147954465726814,88,0,0,0.1,0.0219
FNRN,0.04157828523807225,65,0,0,0.15,0.0431
FNUC,-0.3572942732614265,5,1,19,0.95,0.6178
FNV,-0.1358149122838915,22,1,9,0.85,0.3176
FNWB,0.13180476634402782,81,0,0,0.15,0.0466
FNWD,0.07611776775441151,72,0,0,0.15,0.1653
FOA,0.440067342706791,95,0,0,0.25,0.0
FOCL,0.2584897937214425,90,0,0,0.0,0.0205
FOF,-0.013909138204890203,51,0,0,0.6,0.1174
FOFO,-0.04221933907046667,38,1,2,0.55,
FOR,0.11518206619698497,78,0,0,0.0,0.0637
FORM,0.23252467726121256,89,0,0,0.35,0.0941
FORR,0.36458371931071515,94,0,0,0.15,0.0
FORTY,-0.15297653328342775,20,1,18,0.9,0.3747
FOSL,-0.04004238071000158,39,1,2,0.6,0.286
FOUR,0.06758532193225653,71,0,0,0.65,0.3249
FOX,-0.1931881601598714,15,1,13,0.75,0.341
FOXA,-0.18863928602221436,15,1,13,0.75,0.3406
FOXF,-0.06092443840422036,34,1,3,0.25,0.2148
FOXX,-0.037853612812041595,39,1,14,0.75,
FPF,-0.0195029089679172,49,0,0,0.55,0.1133
FPH,0.010093635022983855,57,0,0,0.25,0.1825
FPI,-0.11439167645212636,25,1,3,0.95,0.3103
FR,0.0004232959538782652,55,1,2,0.4,0.0968
FRA,-0.03506002500703505,40,1,1,0.65,0.1261
FRAF,0.11832809631990736,79,0,0,0.1,0.0127
FRBA,0.1359457844463789,82,0,0,0.1,0.0528
FRD,0.6085303691753657,97,0,0,0.0,0.0626
FRGT,0.09032098214777852,74,0,0,0.4,0.6157
FRHC,0.018631038007382084,60,0,0,0.8,0.0994
FRME,0.09299421121157851,75,0,0,0.15,0.0339
FRMEP,-0.027098909561164543,45,1,1,0.45,0.1605
FRMI,0.4005884419216525,95,0,0,0.25,0.3319
FRMM,0.2654681868047427,91,0,0,0.0,
FRO,-0.00989007135090807,52,1,4,0.4,0.204
FROG,0.446010854023654,95,0,0,0.05,0.004
FRPH,0.09846423303707778,76,0,0,0.05,0.062
FRPT,-0.029028894659703798,44,0,0,0.35,0.4026
FRSH,0.09446522548911414,75,0,0,0.2,0.2126
FRST,0.11630317581696085,79,0,0,0.05,0.0389
FRSX,-0.08739684373531245,29,0,0,0.8,0.5873
FRT,0.03676810265140394,64,1,2,0.2,0.0503
FSBC,0.18734915299483862,87,0,0,0.05,0.0
FSBW,0.07060361482549075,71,0,0,0.15,0.0573
FSCO,-0.03320956141963624,41,0,0,0.75,0.2475
FSEA,0.16727438984417575,85,0,0,0.05,0.0268
FSHP,-0.014123107494311362,51,0,0,0.35,0.1339
FSHPU,-0.032614899067740136,41,1,3,0.7,0.1584
FSI,0.02928495330604941,62,0,0,0.3,0.1641
FSK,-0.014284572577435619,51,0,0,0.6,0.2911
FSLR,-0.07175757187663986,32,1,11,0.65,0.2644
FSLY,-0.20031254095243095,14,0,0,0.85,
FSM,-0.18455898503842177,16,1,9,0.9,0.4407
FSP,-0.15583541697654124,19,1,9,0.55,0.4904
FSS,0.11740879543020534,79,0,0,0.4,0.0345
FSTR,0.2461196883290379,90,0,0,0.0,0.0376
FSUN,0.09501333023063786,75,0,0,0.35,0.1069
FSV,0.026869126549602336,62,0,0,0.3,0.2034
FT,-0.0230544192311147,47,0,0,0.6,0.1182
FTAI,0.0226184994529208,61,0,0,0.4,0.2209
FTAIM,-0.013753600810462376,51,1,1,0.35,0.1367
FTCI,-0.029127013364168577,44,0,0,0.45,0.6345
FTDR,0.25357417585928305,90,0,0,0.1,0.0
FTEK,0.4062458481683943,95,0,0,0.5,0.0575
FTF,-0.02671720922766521,45,1,2,0.65,0.1169
FTFT,-0.5368833628736288,2,1,39,1.0,0.8176
FTH,-0.020347470713933544,48,0,0,0.5,
FTHM,0.685440116662451,97,0,0,0.45,
FTHY,-0.01409434601772968,51,0,0,0.3,0.1058
FTI,-0.11200128774031748,25,1,12,0.85,0.2238
FTK,0.24473811389650796,90,0,0,0.1,0.0478
FTLF,0.03275842470702188,63,0,0,0.25,0.394
FTNT,0.4601238549885598,95,0,0,0.0,0.0
FTRE,0.3547055956936626,94,0,0,0.1,0.1141
FTRK,-0.0016083993397370613,54,1,4,0.6,0.5981
FTS,-0.010466766574890853,52,1,2,0.35,0.1387
FTV,0.026050856959172947,62,0,0,0.25,0.0767
FTW,0.024011557489800453,61,1,3,0.25,0.2156
FUBO,-0.13883025828084952,21,0,0,0.8,0.7098
FUFU,-0.3948531020499736,4,1,35,1.0,0.6414
FUL,-0.10125151042826266,27,1,3,0.4,0.2251
FULC,-0.5033325676163766,2,1,47,1.0,
FULT,0.1302887942505585,81,0,0,0.05,0.0046
FULTP,-0.04448544958478201,38,1,3,0.7,0.1645
FUN,0.009622463224770728,57,1,4,0.25,0.1847
FUNC,0.18579084758617898,87,0,0,0.05,0.0057
FUND,-0.07915995519473076,31,1,12,0.7,0.1346
FURY,-0.12378162813068534,24,1,2,0.9,0.4886
FUSB,-0.004894305861142728,53,0,0,0.25,0.0899
FUSE,-0.2384377408179516,11,1,31,1.0,
FUTU,-0.206661707417308,13,1,38,1.0,0.4996
FVCB,0.11490491321650746,78,0,0,0.05,0.003
FVN,-0.02053949889995528,48,1,2,0.35,0.135
FVNNU,-0.03183059649841098,42,1,3,0.6,0.3226
FVR,0.1613473272674168,85,0,0,0.05,0.0
FVRR,-0.05952337910496394,34,0,0,0.8,0.4948
FWDI,-0.012554338092960339,51,0,0,0.75,0.5071
FWONA,0.07652525082233393,72,0,0,0.45,0.0783
FWONK,0.07999562045943169,73,0,0,0.45,0.0856
FWRD,0.007979363132592059,57,0,0,0.15,0.5686
FWRG,0.1239992760744855,80,0,0,0.3,0.2994
FXNC,0.10214971932313847,76,0,0,0.05,0.0259
G,-0.22436025007797566,12,1,14,0.85,0.4518
GAB,-0.005017970042118593,53,0,0,0.4,0.1408
GABC,0.09025072750989784,74,0,0,0.1,0.0141
GAIA,-0.25593899504650464,9,1,12,0.8,0.5125
GAIN,-0.029349928516024616,44,0,0,0.8,0.0984
GALT,0.6772502820023926,97,0,0,0.15,0.1518
GAM,-0.018709760428674917,49,0,0,0.9,0.0709
GAMB,-0.3372252540244514,5,1,34,1.0,0.6544
GAME,-0.08909127247645426,29,1,10,0.7,0.4212
GANX,-0.006211899537484272,53,0,0,0.6,0.4298
GAP,-0.1996910142703981,14,1,23,1.0,0.402
GASS,-0.19580369320883872,15,1,12,0.9,0.2977
GATX,-0.045119309528179434,37,1,2,0.45,0.1986
GAU,-0.21127417578277452,13,1,9,0.9,0.5102
GAUZ,-0.31903358623685507,6,1,11,0.95,
GBAB,-0.017271618356512433,50,0,0,0.15,0.1252
GBCI,0.09464691919422015,75,0,0,0.15,0.0858
GBDC,-0.045781846654818215,37,0,0,0.55,0.1202
GBFH,0.04585667106961479,66,0,0,0.4,0.1855
GBLI,-0.10651312609621809,26,1,59,1.0,0.2369
GBR,-0.13272262415957362,22,1,9,0.9,0.4081
GBTG,0.2864655476992977,92,0,0,0.05,
GBX,-0.039817020836782055,39,1,3,0.45,0.2493
GCBC,0.3539936301288719,94,0,0,0.0,0.0
GCL,-0.16173109671243563,19,0,0,0.95,
GCMG,0.17849291236102516,86,0,0,0.1,0.019
GCO,-0.05954777751851535,34,1,3,0.5,0.217
GCT,-0.1975331366034745,14,1,47,1.0,0.3927
GCTK,-0.5403235517947816,2,1,37,1.0,0.9196
GCTS,0.4466288431302423,95,0,0,0.55,0.2532
GCV,0.022402281359415348,61,0,0,0.05,0.0497
GD,0.02858215746998996,62,0,0,0.35,0.1147
GDC,8.26903764639059,99,0,0,0.85,
GDDY,-0.056911795813039616,35,0,0,0.75,0.3318
GDEV,-0.21802008281840068,12,1,32,1.0,0.5123
GDHG,-0.2227328506118304,12,1,9,0.9,0.4337
GDL,-0.01699508381905226,50,1,2,0.4,0.1282
GDO,-0.027897129040669457,45,0,0,0.55,0.1162
GDOT,0.057040853302553526,68,0,0,0.2,0.0344
GDRX,0.16308858947726412,85,0,0,0.5,0.0263
GDS,-0.20860384613646843,13,1,33,1.0,0.3868
GDTC,-0.10516894955265962,26,1,11,0.65,0.351
GDV,-0.001137322272940347,55,0,0,0.4,0.0613
GDYN,-0.09000046874538,29,0,0,0.9,0.4214
GE,0.19486787516938142,87,0,0,0.0,0.0068
GECC,-0.05896021903228789,35,1,4,0.55,0.2426
GEF,0.14195087276869855,83,0,0,0.2,0.0991
GEG,-0.004715472033242352,53,1,3,0.25,0.2287
GEHC,-0.015431847429359241,50,0,0,0.4,0.3228
GEL,-0.16892673736000058,18,1,14,0.95,0.3292
GELS,0.15219396840560556,84,1,7,0.5,
GEMI,-0.0743948895647387,32,0,0,0.9,0.6412
GEN,0.12243945171705982,80,0,0,0.5,0.0938
GENC,0.007688355663675157,57,0,0,0.25,0.1361
GENI,0.21547509665791786,88,0,0,0.3,0.4819
GENK,0.09109661655214683,74,1,6,0.55,0.3025
GEO,0.4672790768846817,96,0,0,0.0,0.0235
GEOS,-0.30256952573530194,7,1,60,1.0,0.7349
GERN,-0.09222684837440015,28,1,2,0.6,0.4029
GETY,-0.15569337396323696,19,1,2,0.7,
GEV,0.1363874331020597,82,0,0,0.45,0.0645
GEVO,-0.30689505071186707,7,1,23,1.0,0.5591
GF,-0.039436035610862986,39,1,6,0.65,0.1316
GFAI,-0.3120915460877511,6,1,18,0.9,0.4614
GFF,0.06684140693132502,70,1,1,0.25,0.0983
GFI,-0.20439705167323596,14,1,9,0.85,0.4765
GFL,-0.030391955973915367,43,0,0,0.5,0.2649
GFR,-0.12615456956017096,23,1,2,0.85,0.2968
GFS,0.15584162389157447,84,1,1,0.3,0.1391
GGAL,0.021341863966128347,60,1,2,0.2,0.1755
GGB,-0.10374555278355697,27,1,12,0.8,0.1935
GGG,-0.07207519348677933,32,1,3,0.8,0.2789
GGN,-0.10473893459084457,27,1,9,0.95,0.2316
GGR,-0.015998998955799527,50,1,2,0.6,0.234
GGRP,0.3011923166232803,92,0,0,0.25,0.3615
GGT,0.00691952273987248,57,0,0,0.5,0.062
GGZ,0.022078092624628606,60,0,0,0.2,0.0748
GH,0.5843622444538206,97,0,0,0.0,0.0
GHC,0.026380390297022126,62,0,0,0.25,0.1062
GHG,-0.11087977467838105,25,1,6,0.95,0.3922
GHI,0.10158508591673361,76,0,0,0.5,0.2983
GHM,0.24492462702424134,90,0,0,0.1,0.0425
GHRS,0.25901218480139515,91,0,0,0.4,0.0848
GHY,-0.008506286193070103,52,0,0,0.5,0.1215
GIB,-0.09465529206315937,28,1,3,0.8,0.3609
GIC,0.026011844574005252,62,0,0,0.1,0.0978
GIFT,0.011963367515536678,58,0,0,0.35,0.2628
GIGM,-0.02304819627127166,47,0,0,0.5,0.1717
GIII,0.054626956066489374,68,1,3,0.15,0.0687
GIL,-0.16095779923113374,19,1,11,0.8,0.3473
GILD,-0.07860978877410559,31,1,3,0.95,0.252
GILT,-0.23074755894621374,11,1,23,1.0,0.3839
GIPR,-0.3244999235618574,6,1,25,1.0,
GIS,0.05394119567969635,68,0,0,0.4,0.2823
GITS,0.10529096661039496,77,0,0,0.3,
GIW,-0.03089263575197463,42,1,3,0.5,0.1463
GIWWU,-0.027680533631061002,45,1,3,0.5,0.1531
GKOS,0.17497212478653795,86,0,0,0.1,0.0796
GL,0.16646599222599612,85,0,0,0.1,0.0183
GLAD,0.02351912839054466,61,0,0,0.4,0.1027
GLBE,0.07085971879258383,71,0,0,0.1,0.2024
GLBS,0.44047564536077816,95,0,0,0.0,0.0323
GLDG,-0.26655010418074215,9,1,51,1.0,0.62
GLE,0.05383039250833056,68,0,0,0.55,
GLIBA,-0.22334408857242277,12,1,3,0.95,0.4944
GLIBK,-0.23082391514458717,11,1,61,1.0,0.4985
GLMD,0.01631694886517366,59,0,0,0.8,0.3019
GLNG,-0.08655154623278252,29,1,6,0.95,0.2302
GLO,0.018612023182498348,60,0,0,0.3,0.0423
GLOB,-0.3171654645635816,6,1,20,1.0,0.5897
GLOO,-0.20997663513128761,13,1,38,1.0,0.455
GLP,-0.012683387766382115,51,0,0,0.5,0.1258
GLPI,-0.08443266830750967,30,1,3,0.7,0.1747
GLQ,0.03252433757855355,63,0,0,0.3,0.01
GLRE,-0.03958840739334956,39,1,2,0.7,0.2078
GLSI,-0.12089731999049956,24,0,0,0.85,0.345
GLU,-0.036717302642205886,40,0,0,0.75,0.1713
GLUE,0.2440107900209348,90,0,0,0.45,0.1272
GLV,0.04630503290514691,66,0,0,0.0,0.0163
GLW,0.31805833351073654,93,0,0,0.35,0.1426
GLXG,0.006009589848753924,56,1,7,0.55,
GLXY,-0.052172504395017416,36,1,6,0.45,0.3047
GM,-0.0787310412254206,31,1,10,0.5,0.1953
GMAB,0.02684058894318843,62,0,0,0.6,0.2798
GME,-0.03617789190875,40,0,0,0.65,0.1876
GMED,-0.12981572592048524,23,1,2,0.65,0.2779
GMEX,-0.7848081402175403,0,1,77,1.0,0.9883
GMHS,-0.04136638002579498,38,0,0,0.6,0.2325
GMM,-0.8540291070107695,0,1,28,1.0,
GNE,0.01705235075539613,59,0,0,0.35,0.1124
GNK,0.006708182240593996,57,0,0,0.7,0.0925
GNL,-0.0767970430192155,31,1,12,0.7,0.17
GNLN,-0.3949436977818405,4,1,35,1.0,0.8377
GNLX,0.01883501221529499,60,1,1,0.45,0.4192
GNPX,-0.4555794144262425,2,1,72,1.0,0.8506
GNRC,0.056288952075154636,68,1,1,0.35,0.0986
GNS,-0.2704828373052135,8,1,18,0.9,0.7112
GNSS,-0.1369986089740144,22,1,19,0.95,0.3051
GNT,-0.0368040261356338,40,1,3,0.5,0.166
GNTA,0.7546403693478608,98,0,0,0.0,
GNTX,0.024697325926394842,61,1,2,0.1,0.0936
GNW,0.08803236726963422,74,0,0,0.25,0.0358
GO,0.2360157594666567,89,0,0,0.0,0.1172
GOF,-0.030127104784210646,43,0,0,0.75,0.1556
GOGO,-0.21436212780930708,13,1,22,1.0,0.4106
GOLD,-0.0005541764816087008,55,0,0,0.5,0.381
GOLF,0.25595508892974544,90,0,0,0.1,0.0206
GOOD,-0.011184726674460178,52,0,0,0.6,0.0821
GOODN,-0.029777240172611977,44,1,3,0.4,0.1487
GOOG,-0.023365999126333983,47,1,27,1.0,0.1136
GOOGL,-0.021594764520563525,48,1,27,1.0,0.1114
GOOS,-0.13389954524052838,22,1,3,0.9,0.3829
GORO,-0.10768721218243855,26,1,2,0.55,0.3468
GOSS,-0.3715660073696366,4,1,102,1.0,
GOTU,-0.11177392197690993,25,0,0,0.65,0.3807
GOVX,-0.2204270684921541,12,1,21,1.0,
GP,0.442454926051523,95,0,0,0.05,
GPACU,-0.03200359919672176,42,1,3,0.5,0.1463
GPAT,-0.03082727628022859,42,1,3,0.5,0.1509
GPATU,-0.025237263439509453,46,1,3,0.65,0.1462
GPC,0.13170340790582996,81,0,0,0.15,0.2627
GPCR,0.23460369100944595,89,0,0,0.2,0.492
GPGI,0.18005223281824262,86,0,0,0.35,0.4217
GPI,-0.15985965699402635,19,1,5,0.7,0.3527
GPK,-0.003573306276722671,54,1,2,0.25,0.3715
GPMT,0.0002332526181624897,55,0,0,0.45,0.4257
GPN,0.002266355842897881,56,0,0,0.7,0.1572
GPOR,-0.1298234356662873,23,1,1,0.95,0.3518
GPRE,-0.07728124659286459,31,0,0,0.8,0.2036
GPRK,-0.16379345658063277,18,1,12,0.6,0.2195
GPRO,-0.3807367465290937,4,1,22,1.0,0.5933
GPUS,-0.09679735770026132,28,1,6,0.4,
GRAB,0.021954288956477663,60,0,0,0.6,0.3189
GRAF,-0.03106551492203803,42,1,3,0.45,0.1461
GRAL,0.13255039756447612,81,0,0,0.5,
GRAN,0.435074712280924,95,0,0,0.25,0.6936
GRBK,0.13487227311854588,82,0,0,0.0,0.1124
GRC,0.20552781931917208,88,0,0,0.0,0.0385
GRCE,-0.2217754797603832,12,1,3,0.75,0.617
GRDN,0.06607122498155135,70,0,0,0.2,0.0575
GRDX,0.2647797858165359,91,1,8,0.55,0.3361
GREE,0.2154371707959417,88,0,0,0.15,0.0827
GRF,-0.02091068062788313,48,0,0,0.5,0.1672
GRFS,-0.14320267133321696,21,1,28,1.0,0.3332
GRI,-0.20452827704617033,14,1,9,0.65,0.8107
GRML,-0.4048649650497746,3,1,37,1.0,
GRMN,-0.04000482635252567,39,1,4,0.75,0.1626
GRND,0.19834988838447637,87,0,0,0.4,0.0
GRNQ,-0.23387375423089374,11,1,3,0.9,0.5687
GRNT,-0.22941877872925853,11,1,14,0.95,0.3686
GRO,-0.2196240598603798,12,1,45,1.0,0.4759
GROV,0.06502292263295918,70,0,0,0.25,0.2548
GROW,0.19257090524174764,87,0,0,0.05,0.1785
GROY,-0.2012080256170023,14,1,33,1.0,0.5212
GRPN,0.6178632990733942,97,0,0,0.65,0.0
GRRR,0.2398720271992283,90,0,0,0.2,0.0601
GRVY,-0.008325887799460488,52,0,0,0.55,0.1877
GRWG,0.028785999320611336,62,0,0,0.75,0.1532
GRX,0.032452964208767976,63,0,0,0.25,0.0983
GS,0.02598516656276497,62,1,4,0.2,0.0836
GSAT,-0.005269037008894476,53,1,2,0.85,0.0864
GSBC,0.15700358775502288,84,0,0,0.05,0.0
GSBD,0.04235722330824017,65,0,0,0.2,0.0453
GSHD,0.23181094215903186,89,0,0,0.55,0.3777
GSHR,-0.02872818450187409,44,1,3,0.5,0.1474
GSHRU,-0.02568522028369505,46,1,3,0.6,0.1458
GSIT,-0.1260809665107032,23,1,19,0.95,0.4113
GSIW,0.028575642701425888,62,1,8,0.55,
GSK,-0.030220434618086614,43,1,1,0.35,0.2192
GSL,-0.0458751641770941,37,1,5,0.7,0.1504
GSM,-0.2857306613114979,8,1,20,1.0,0.4384
GSRF,-0.0295623463193095,44,1,3,0.5,0.1442
GSRFU,-0.0323803248358623,42,1,3,0.5,0.1441
GSUN,-0.3027127096561885,7,1,6,0.7,0.764
GT,-0.024345687958841837,47,0,0,0.4,0.4354
GTBP,0.24725658959277713,90,0,0,0.15,0.449
GTE,-0.3537319269916285,5,1,29,1.0,0.4548
GTEC,-0.1530968836539035,20,0,0,0.65,0.6275
GTEN,-0.020205260087260892,49,1,3,0.5,0.1333
GTENU,-0.024521277583958216,47,1,2,0.45,0.1331
GTERA,-0.029815982737524862,44,1,3,0.5,0.1465
GTERU,-0.030943840166097084,42,1,3,0.45,0.1535
GTES,0.04845147324048833,67,1,1,0.05,0.1173
GTIM,0.10624958355601448,77,0,0,0.2,0.0
GTLB,0.15030615753949272,84,0,0,0.4,0.2368
GTLS,-0.029806839229054853,44,1,2,0.5,0.1471
GTM,-0.43186159294797277,3,1,37,1.0,0.7531
GTN,-0.13015152781140166,22,0,0,0.9,0.3814
GTX,0.26831395941432334,91,1,1,0.05,0.0716
GTY,0.017590508449688277,60,0,0,0.35,0.0948
GUG,-0.01806663627526388,49,1,1,0.45,0.0807
GURE,-0.20371519626758877,14,1,14,0.75,0.5931
GUT,0.03744626849756201,64,0,0,0.15,0.0437
GUTS,0.12676768910469205,80,1,2,0.6,
GV,-0.25815864786714343,9,1,21,1.0,
GVA,0.09255556890992554,75,0,0,0.0,0.0862
GVH,0.539010484795694,96,0,0,0.9,0.0287
GWAV,-0.16468938480456863,18,1,9,0.95,0.4909
GWH,-0.18414291742148892,16,0,0,0.75,0.587
GWRE,-0.21514277979071655,13,0,0,0.8,0.3801
GWRS,-0.039431485667727244,39,0,0,0.55,0.2717
GWW,0.0956608157477437,75,0,0,0.0,0.0415
GXAI,-0.07352964688280267,32,1,14,0.75,0.462
GXO,-0.05501069155815298,35,0,0,0.6,0.2882
GYRE,-0.03201602629546433,42,0,0,0.6,0.3186
GYRO,-0.1913841168578681,15,1,70,1.0,0.3984
H,0.09239507786772493,75,1,2,0.1,0.0631
HAE,0.16116467313725508,85,0,0,0.0,0.1809
HAFC,0.11239910274903765,78,0,0,0.05,0.0072
HAFN,-0.1885002475071766,15,1,6,0.95,0.303
HAIN,-0.2655850376155587,9,1,19,0.95,0.5869
HAL,-0.20851206370044295,13,1,14,0.85,0.3045
HALO,0.13141675667031977,81,0,0,0.2,0.1285
HAO,-0.600185364437612,1,1,66,1.0,
HAPN,0.17141885126411122,86,0,0,0.05,0.1253
HAS,-0.12354923566066293,24,1,3,0.9,0.2796
HASI,-0.06552581339765542,33,1,3,0.8,0.1298
HAVA,-0.030609773208866622,43,1,3,0.5,0.1472
HAVAU,-0.030966583248760008,42,1,3,0.45,0.1447
HAYW,0.1635822229181803,85,0,0,0.1,0.0765
HBAN,0.10290739613127252,76,0,0,0.05,0.1228
HBANL,-0.026801052565328054,45,1,3,0.55,0.1338
HBANM,-0.07354129067637852,32,1,3,0.95,0.1852
HBANP,-0.054780046004672865,35,1,3,0.95,0.1718
HBB,0.11859211527306705,79,0,0,0.15,0.0034
HBCP,0.093586008841113,75,0,0,0.1,0.0119
HBIO,-0.029293614251003047,44,1,1,0.4,0.1909
HBM,-0.1559967364047622,19,1,7,0.55,0.2797
HBNB,-0.1651857544204573,18,1,64,1.0,0.5133
HBNC,0.11430480150866527,78,0,0,0.05,0.0133
HBT,0.1486834151761527,83,0,0,0.1,0.0
HCA,-0.06518903442303003,33,0,0,0.65,0.3459
HCACU,-0.035534274751855756,40,1,3,0.4,0.1588
HCAI,0.1370289940964458,82,0,0,0.6,
HCAT,0.5324959233266111,96,0,0,0.05,0.2384
HCC,-0.23689538804627935,11,1,12,0.7,0.3301
HCHL,0.6144114937088798,97,0,0,0.0,
HCI,0.1374332223854327,82,0,0,0.1,0.1102
HCKT,-0.14303166902475334,21,0,0,0.85,0.4942
HCM,-0.1773429408725556,17,1,51,1.0,0.3868
HCMA,-0.028893228023617337,44,1,3,0.45,0.1397
HCMAU,-0.025666736878017373,46,1,3,0.4,0.1424
HCSG,0.21731903184484802,88,0,0,0.2,0.0
HCTI,-0.2582979984278115,9,1,13,0.9,0.9517
HCWB,6.026716154217889,99,0,0,0.7,
HCWC,-0.3991536752515205,4,1,18,0.9,0.4828
HD,0.0714152646321791,71,0,0,0.15,0.1726
HDB,0.013459665459705047,58,0,0,0.35,0.3618
HDL,-0.1313309346941962,22,1,12,0.9,0.3557
HDRN,-0.5824740215912592,1,1,61,1.0,0.8316
HDSN,-0.02927966689973345,44,0,0,0.1,0.319
HE,-0.07809902370323166,31,1,2,0.85,0.2866
HEI,0.16737944408403338,85,0,0,0.0,0.0721
HELE,0.3025207681405074,92,0,0,0.25,0.0252
HELP,0.2510859424574491,90,0,0,0.5,0.3272
HEPS,0.02465491889565756,61,0,0,0.25,0.1105
HEQ,-0.014973322787860004,50,0,0,0.45,0.0627
HERE,-0.312423742329106,6,1,2,0.95,0.6522
HERZ,-0.030059873325009236,43,0,0,0.85,0.2678
HESM,-0.042136526000637546,38,1,3,0.6,0.1778
HFBL,0.09730046482876263,76,0,0,0.3,0.0225
HFFG,-0.20393332465403474,14,1,14,0.95,0.3575
HFRO,0.14703271944172758,83,0,0,0.0,0.0137
HFWA,0.0898820360282742,74,0,0,0.15,0.0213
HG,0.08264892141071042,73,0,0,0.1,0.0299
HGBL,-0.12139256787616155,24,1,13,0.75,0.2579
HGLB,-0.07333721578949168,32,1,81,1.0,0.2015
HGTY,0.13627546904786952,82,0,0,0.2,0.1643
HGV,0.04184896316626596,65,1,1,0.15,0.0799
HHH,0.12048665930116122,79,0,0,0.05,0.2106
HHS,-0.15583810996847808,19,1,40,1.0,0.3382
HIFS,0.07624091407878471,72,0,0,0.3,0.1337
HIG,-0.012029445128334051,51,0,0,0.55,0.1542
HIHO,0.05784127689569697,69,0,0,0.45,0.4634
HII,-0.18608252590599567,16,1,60,1.0,0.4347
HIMS,0.418579039814487,95,0,0,0.0,0.0255
HIMX,0.0340158583044364,63,1,16,0.8,0.3957
HIND,-0.008164163888121096,52,0,0,0.6,0.4225
HIO,-0.018630219411883787,49,0,0,0.4,0.0997
HIPO,0.09098483786568777,74,0,0,0.5,0.1458
HIT,-0.15481230425930897,20,0,0,0.85,0.5336
HITI,-0.06549992751004832,33,0,0,0.85,0.2417
HIVE,0.12346867598443319,80,1,3,0.35,0.2952
HIW,0.23435737678990703,89,0,0,0.0,0.007
HIX,-0.015445455617640262,50,0,0,0.2,0.1083
HKD,-0.09893127003624232,28,1,19,0.95,0.1497
HKIT,-0.9871722515547349,0,1,21,1.0,
HKPD,-0.3299557875670394,6,1,40,1.0,0.5734
HL,-0.163471722297461,18,1,10,0.95,0.5493
HLF,-0.07784069447308913,31,0,0,0.7,0.4026
HLI,-0.08159099513217316,30,1,6,0.95,0.3362
HLIO,0.1043023564796416,77,1,1,0.05,0.1056
HLIT,0.22977948822447258,89,0,0,0.15,0.0743
HLLY,-0.18854105771281077,15,1,2,0.9,0.4844
HLMN,0.010045225363800585,57,0,0,0.2,0.3063
HLN,-0.0077209877351863965,52,0,0,0.45,0.2275
HLNE,-0.16880159487728985,18,1,10,0.95,0.5237
HLP,-0.23341201025173608,11,0,0,0.85,0.5756
HLT,-0.009550114341097087,52,1,4,0.2,0.0815
HLX,-0.17104924663647386,17,1,13,0.85,0.2854
HMC,0.04480337231414659,66,0,0,0.25,0.2349
HMN,0.14718706873895682,83,0,0,0.1,0.0032
HMR,0.10289491606403837,76,1,1,0.55,0.2421
HMY,-0.11378368250584382,25,1,8,0.8,0.4489
HNGE,0.6767723505052653,97,0,0,0.0,0.0
HNI,0.20221209229726006,88,0,0,0.2,0.2742
HNNA,0.007715273026660259,57,0,0,0.45,0.0924
HNRG,-0.06267754012296,34,1,3,0.6,0.255
HNST,0.09373766664395204,75,0,0,0.2,0.0032
HNVR,0.016989439112307658,59,0,0,0.4,0.0925
HOFT,0.4069633141794112,95,0,0,0.25,0.0071
HOG,0.011168164286805435,58,1,3,0.3,0.0742
HOLO,-0.2274040971763529,12,1,20,1.0,0.5122
HOMB,0.05511768241435942,68,0,0,0.1,0.1185
HON,-0.056636339775170255,35,1,2,0.5,0.1768
HOOD,0.3246068229180646,93,0,0,0.0,0.1913
HOPE,0.12463732007277127,80,0,0,0.05,0.0
HOUR,-0.0754146970980042,31,1,6,0.75,0.3195
HOV,0.16733948631136103,85,0,0,0.1,0.1056
HOVR,-0.09518316245931342,28,1,22,1.0,0.368
HOWL,-0.4243000317910429,3,1,48,1.0,0.7009
HP,-0.23689762360517164,11,1,12,0.8,0.2786
HPAI,-0.42562687011064815,3,1,79,1.0,0.847
HPE,0.26391195762103675,91,1,4,0.2,0.2025
HPF,-0.023584980423579885,47,1,2,0.5,0.0913
HPI,-0.013066601464843397,51,0,0,0.25,0.0843
HPK,-0.10077820187245214,27,1,9,0.55,0.2603
HPP,0.6899110920549605,98,0,0,0.0,0.0
HPQ,-0.10248287449790679,27,1,12,0.6,0.2293
HPS,-0.02592585004998901,46,0,0,0.5,0.0985
HQH,0.10735491714286648,77,0,0,0.4,0.018
HQI,0.09478773153862362,75,0,0,0.35,0.0655
HQL,0.14010073561213215,82,0,0,0.5,0.0001
HQY,0.03260094468527781,63,0,0,0.5,0.1384
HR,0.05705524829489737,68,1,2,0.35,0.0378
HRB,0.09433442178697483,75,0,0,0.4,0.1738
HRI,0.12182629815174405,80,1,2,0.15,0.2782
HRL,0.06833672173058557,71,0,0,0.0,0.1033
HRMY,0.1335076867621388,81,0,0,0.0,0.1355
HROW,0.15760628625855172,84,0,0,0.25,0.2802
HRTG,0.07067977577247433,71,0,0,0.45,0.1611
HRTX,-0.5718805741120838,1,1,36,1.0,0.7404
HRZN,0.08106824615851381,73,0,0,0.25,0.3031
HSAI,-0.14799731507629,20,0,0,0.9,0.4211
HSBC,0.02743622174233408,62,0,0,0.3,0.0363
HSCS,0.3754432632126996,94,0,0,0.5,
HSDT,-0.0792868432082735,31,0,0,0.85,0.5409
HSHP,-0.05671473577360486,35,1,6,0.65,0.1514
HSIC,0.08754933366240622,74,0,0,0.05,0.0703
HST,0.08538922364763109,74,1,1,0.05,0.0543
HSTM,0.20049513559312604,88,0,0,0.0,0.0
HSY,-0.09161773128545671,29,1,2,0.85,0.3028
HTB,0.08762126371143095,74,0,0,0.05,0.0
HTCO,0.03980311676529187,65,1,13,0.95,
HTCR,-0.11055801955693241,26,1,3,0.6,0.5568
HTD,-0.029628288887968292,44,1,2,0.5,0.1198
HTFL,0.022452093723034743,61,1,2,0.35,0.2376
HTGC,0.0012501378429885107,55,0,0,0.55,0.1818
HTH,0.028030257344677387,62,0,0,0.2,0.0977
HTHT,-0.13042603492559085,22,1,50,1.0,0.2857
HTLD,0.08648496469802817,74,1,1,0.3,0.0765
HTLM,0.011461369500067667,58,1,1,0.4,0.3994
HTO,0.0337014586082649,63,0,0,0.5,0.1227
HTOO,-0.23190388508689352,11,1,20,1.0,0.5072
HTT,-0.014861831580028226,50,1,5,0.25,0.3396
HTZ,-0.6229083785336448,1,1,38,1.0,0.733
HUBB,-0.014964057252966314,50,1,1,0.4,0.1665
HUBC,-0.9324286226243717,0,1,116,1.0,
HUBG,0.036833954898048304,64,0,0,0.1,0.2147
HUBS,-0.26916556821013116,9,1,19,0.95,0.5664
HUDI,-0.17936611994467766,16,1,31,1.0,0.4425
HUHU,-0.01971806687292964,49,1,3,0.65,0.2368
HUIZ,-0.24241531765839341,10,1,26,1.0,0.6254
HUM,0.5841788058585247,97,0,0,0.0,0.0
HUMA,-0.34129115513041675,5,1,14,0.7,0.5426
HUN,-0.3003412085188502,7,1,11,0.75,0.3313
HURA,0.11385043402650573,78,0,0,0.65,
HURC,0.31497005297525926,93,0,0,0.05,0.0412
HURN,-0.22666778566221607,12,1,14,0.85,0.5205
HUT,0.2345151472039148,89,1,2,0.15,0.1921
HUYA,-0.15318067960330023,20,0,0,0.95,0.5143
HVII,-0.03055918896130672,43,1,3,0.5,0.1458
HVIIU,-0.028259869635914838,45,1,3,0.5,0.1388
HVMC,-0.031864511091495865,42,1,3,0.5,0.1463
HVMCU,-0.03523118917197863,40,1,3,0.5,0.1539
HVT,0.11687807058789608,79,0,0,0.0,0.1176
HWBK,0.1138559115823111,78,0,0,0.15,0.0283
HWC,0.10933224816185881,78,0,0,0.05,0.0583
HWH,0.2906024341180455,92,0,0,0.35,0.3014
HWKN,-0.17003583485614576,17,1,3,0.45,0.2294
HWM,0.05076907330164586,67,1,2,0.3,0.0761
HXHX,-0.002361802657251,54,0,0,0.7,
HXL,0.07558093352891293,72,0,0,0.1,0.0502
HY,-0.08663336583876018,29,1,3,0.5,0.2204
HYFM,-0.30724746879715586,7,1,9,0.95,0.6868
HYFT,0.12575364167814418,80,0,0,0.45,0.4641
HYI,-0.021611297994366365,48,0,0,0.3,0.1144
HYLN,0.5853618184534861,97,1,7,0.35,0.4289
HYMC,-0.36274012770903075,4,1,33,1.0,0.6211
HYNE,0.035219124340696406,64,0,0,0.05,0.0563
HYPD,-0.21267057649013366,13,1,5,0.75,0.3491
HYPR,-0.103786286934906,27,1,3,0.7,0.3093
HYT,-0.02814429723829776,45,1,2,0.4,0.103
HZO,0.11689681013411933,79,0,0,0.2,0.074
IAE,0.06424059556788242,70,0,0,0.05,0.0296
IAF,-0.05154692244630349,36,1,3,0.7,0.1774
IAG,-0.13292271211968149,22,1,9,0.85,0.4127
IART,0.4249765159968221,95,0,0,0.0,0.0678
IAUX,-0.10097810716115754,27,1,8,0.8,0.3621
IBAC,-0.032826073491383834,41,1,3,0.5,0.1492
IBCP,0.06507303714057355,70,0,0,0.35,0.0856
IBEX,0.03290497597826807,63,0,0,0.7,0.2559
IBG,-0.008053314742653236,52,1,2,0.25,
IBIO,-0.07706823504919857,31,0,0,0.6,0.4759
IBKR,0.12140745273364108,80,0,0,0.1,0.0386
IBM,0.02423647739887415,61,0,0,0.35,0.1453
IBN,0.07819040346397176,73,0,0,0.15,0.1579
IBO,-0.22320678625448825,12,1,9,0.7,
IBOC,0.05911290387830022,69,0,0,0.15,0.0516
IBP,-0.07614703930927873,31,0,0,0.6,0.4022
IBRX,0.22909459742776056,89,0,0,0.6,0.2697
IBTA,0.011076800868679994,58,0,0,0.65,0.0573
ICCC,0.2714990454065677,91,0,0,0.2,0.0
ICCM,-0.29552273646927824,7,1,3,0.65,
ICE,-0.19301516408916125,15,1,58,1.0,0.3274
ICFI,0.003463462864636349,56,0,0,0.35,0.3111
ICG,-0.37558493223134926,4,1,50,1.0,0.6891
ICHR,0.7512235496329533,98,0,0,0.15,0.0032
ICL,-0.1706346053720431,17,1,21,1.0,0.2617
ICLR,0.3593844019362575,94,0,0,0.0,0.2065
ICMB,-0.3869536766883145,4,1,5,0.95,0.7315
ICON,-0.0982145883744592,28,0,0,0.95,0.7118
ICU,0.24615407130851769,90,0,0,0.8,0.0648
ICUI,0.13253797828682723,81,0,0,0.1,0.1394
IDA,0.03900995977729703,65,0,0,0.25,0.1018
IDAI,-0.19285286221418413,15,0,0,0.85,0.5768
IDCC,-0.015719936242940595,50,0,0,0.45,0.3164
IDE,0.0005441598594078528,55,0,0,0.45,0.0847
IDN,-0.27748430893024084,8,1,3,0.95,0.5588
IDR,-0.1657016498812507,18,1,10,0.9,0.3877
IDT,0.06690434190021256,70,0,0,0.25,0.0121
IDXX,-0.0817349581855299,30,1,3,0.65,0.3122
IDYA,0.18001437191561542,86,0,0,0.35,0.1213
IE,-0.3111899690740928,6,1,20,1.0,0.564
IEP,-0.07434388516763119,32,1,39,1.0,0.1439
IESC,0.10160740976065909,76,1,1,0.15,0.1009
IEX,0.056047538137976124,68,0,0,0.0,0.0418
IFBD,0.22206349051552715,89,0,0,0.4,0.0476
IFF,0.08790672854661555,74,0,0,0.2,0.101
IFN,0.012876440102903078,58,0,0,0.4,0.1884
IFRX,0.33500623698213966,93,0,0,0.7,0.1463
IFS,0.18025861350970507,86,0,0,0.15,0.0
IGA,-0.005063401327130193,53,0,0,0.3,0.076
IGAC,-0.031466762908856485,42,1,3,0.5,0.1454
IGACU,-0.03733372755926743,40,1,3,0.5,0.1518
IGC,-0.1240752679200129,24,1,16,0.95,0.2662
IGD,-0.007354865972078406,53,1,5,0.5,0.0492
IGI,-0.02507204884066494,46,1,2,0.5,0.1278
IGIC,0.06476745805678381,70,0,0,0.35,0.0592
IGR,-0.017112851119851048,50,1,1,0.55,0.1228
IH,-0.1930973570817594,15,1,20,1.0,0.3505
IHD,0.031417008767919904,63,1,1,0.1,0.0289
IHG,0.11409194781419511,78,1,1,0.05,0.0477
IHRT,-0.017779061132628962,49,0,0,0.75,0.3376
IHS,-0.04438036304989112,38,1,3,0.5,0.1578
IHT,0.3576594574671948,94,0,0,0.15,0.044
IIF,0.02757553306338567,62,0,0,0.25,0.1728
III,-0.03367061918520069,41,1,3,0.85,0.3512
IIIN,0.04688174857586681,66,0,0,0.0,0.2666
IIIV,-0.02424444210144623,47,0,0,0.5,0.2638
IIM,0.02138707512043063,60,0,0,0.15,0.1005
IIPR,0.14417816269065348,83,0,0,0.05,0.0
IKT,0.0712477731905004,71,0,0,0.55,0.1619
ILAG,0.05426286023693146,68,0,0,0.65,0.1879
ILLR,0.10186505910813128,76,0,0,0.6,
ILMN,0.2580379256799995,90,0,0,0.0,0.0
ILPT,0.16279372402607267,85,0,0,0.2,0.052
IMA,0.010871242197279654,58,1,1,0.4,0.2909
IMAX,-0.004648741267487093,54,1,4,0.2,0.1369
IMCC,-0.5446103568181312,2,1,16,0.85,0.9052
IMCR,0.05851267040677592,69,0,0,0.55,0.1801
IMDX,0.19959504978348558,87,0,0,0.6,0.3023
IMKTA,-0.03676183076032377,40,1,3,0.5,0.1572
IMMP,0.028756469903991597,62,0,0,0.8,
IMMR,0.07671667058829046,72,0,0,0.1,0.0473
IMMX,0.044229594219263396,66,0,0,0.5,0.2091
IMNM,-0.040246505519788284,39,0,0,0.65,0.2672
IMNN,-0.2704988806406196,8,1,58,1.0,0.5663
IMO,-0.15299333025851586,20,1,29,1.0,0.2766
IMOS,0.25706192449562715,90,0,0,0.25,0.0676
IMPP,-0.10391747335917789,27,1,6,0.7,0.1871
IMPPP,-0.00528685658678292,53,0,0,0.45,0.1452
IMRN,0.030249434798173214,63,1,7,0.55,0.2394
IMRX,0.007615712495389712,57,0,0,0.65,0.4424
IMSR,-0.16533163780255966,18,1,6,0.7,0.527
IMTE,-0.17811750955877997,17,1,11,0.8,0.5677
IMTX,-0.12370799168087629,24,1,1,0.85,0.191
IMUX,0.18322956210938518,86,0,0,0.2,0.0786
IMVT,0.27404762921517495,91,0,0,0.1,0.0404
IMXI,-0.09585467643846197,28,1,2,0.95,0.2222
INAB,-0.14280021226163125,21,1,5,0.95,0.4942
INAC,-0.031357591647199604,42,1,3,0.5,0.1506
INACU,-0.034969780457244797,40,1,3,0.45,0.1473
INBK,0.21847841729532763,89,0,0,0.1,0.0
INBS,-0.1789012777741153,17,1,29,1.0,0.8848
INBX,-0.05393284862316812,36,1,3,0.95,0.3431
INCR,0.19668966355649908,87,0,0,0.2,0.0473
INCY,0.1606318976906969,84,0,0,0.25,0.0533
INDB,0.07447391884097114,72,0,0,0.1,0.0832
INDI,0.015209616658018031,59,0,0,0.8,0.1419
INDO,-0.15935315943803252,19,1,2,0.9,0.6237
INDP,0.3688093563638109,94,1,3,0.25,
INDV,0.13449663832726977,82,0,0,0.05,0.0594
INEO,0.13586572920617396,82,0,0,0.5,0.2038
INFU,0.03874444013912837,65,0,0,0.55,0.1198
INFY,-0.20618380304644884,14,1,20,1.0,0.4822
ING,0.051115232488408394,67,0,0,0.4,0.0343
INGM,-0.07539186026814346,31,1,11,0.55,0.168
INGN,0.006885479550662071,57,0,0,0.65,0.1644
INGR,-0.12946096344856098,23,1,14,0.95,0.2697
INHD,21.244711370791904,99,0,0,0.15,
INKT,-0.07258220635884256,32,1,5,0.35,0.2389
INLF,-1.025816982437424,0,1,13,0.75,
INLX,-0.11139128107130299,25,0,0,0.8,0.3176
INM,0.6302460751323982,97,0,0,0.0,
INMB,0.21921660600063758,89,0,0,0.55,0.1342
INMD,0.024184133835562192,61,0,0,0.65,0.1807
INN,0.25508098224144116,90,0,0,0.0,0.0764
INNV,0.4902250697508062,96,0,0,0.2,0.0105
INO,-0.11451719546501875,25,0,0,0.95,0.4228
INOD,0.16545303821232538,85,1,9,0.45,
INR,-0.2035294397644964,14,1,40,1.0,0.4567
INSE,0.0023459799021502276,56,1,1,0.2,0.2682
INSG,-0.3388731808603491,5,1,20,1.0,0.533
INSM,-0.16398950970562098,18,0,0,0.65,0.4495
INSP,-0.059132173272862326,34,0,0,0.7,0.5778
INSW,0.009308423420531842,57,1,4,0.3,0.1497
INTA,0.028508131340870352,62,0,0,0.35,0.4668
INTC,0.5249954394580199,96,0,0,0.15,0.1004
INTG,0.16688840658867748,85,0,0,0.45,0.0657
INTJ,-0.6108564814479363,1,1,29,1.0,0.687
INTR,-0.2350622536066802,11,1,57,1.0,0.4949
INTS,-0.18210743540532048,16,0,0,0.8,0.6482
INTT,0.049792678327826675,67,0,0,0.45,0.0892
INTU,-0.32724445858560486,6,1,30,1.0,0.6218
INTZ,-0.001751574127313818,54,0,0,0.8,0.4941
INUV,-0.3921667315510694,4,1,70,1.0,0.7133
INV,-0.1184451085928694,24,1,8,0.8,0.3269
INVA,-0.05206781267837271,36,1,2,0.35,0.192
INVE,-0.39676733733189434,4,1,18,0.95,0.5083
INVH,0.05839178591757317,69,0,0,0.3,0.026
INVX,-0.12353420336111198,24,1,12,0.75,0.2326
INVZ,0.012362715615810392,58,0,0,0.85,0.4332
IONQ,0.03439420304535605,64,1,6,0.75,0.2784
IONR,0.010011211672349737,57,0,0,0.65,0.3655
IONS,0.01907651615899092,60,0,0,0.45,0.1567
IOR,-0.01252955858398195,51,0,0,0.55,0.1415
IOSP,0.01619785178530614,59,1,3,0.35,0.1364
IOT,-0.01907252179053052,49,0,0,0.45,0.1342
IOTR,-0.18755094437145664,15,1,8,0.45,
IOVA,0.04704514563820876,66,1,1,0.3,0.3361
IP,0.13586002219687127,82,0,0,0.05,0.2737
IPAR,0.2359850576806926,89,0,0,0.1,0.0
IPCX,-0.03128273507488229,42,1,3,0.5,0.1448
IPCXU,-0.016213898813781907,50,1,2,0.4,0.1346
IPDN,-0.18210709054504448,16,0,0,0.8,0.7061
IPEX,-0.029906145956403334,43,1,3,0.5,0.1466
IPEXU,-0.025320894567840882,46,1,3,0.5,0.1918
IPGP,-0.04984047975544007,36,0,0,0.55,0.324
IPHA,0.13343015500066735,81,1,1,0.2,
IPI,-0.1854104944995144,16,1,29,1.0,0.3904
IPM,-0.08719572240981358,29,1,18,0.9,0.2778
IPSC,-0.003931739668010546,54,0,0,0.35,0.2646
IPST,-0.5412549707635665,2,1,30,1.0,
IPW,-0.6460689953860833,1,1,119,1.0,0.9687
IPWR,0.16027244658821665,84,1,18,0.9,0.3871
IPX,-0.22892093096354676,11,1,18,0.9,0.5575
IQ,-0.15537261340369735,19,0,0,0.95,0.5423
IQI,0.011495546314486252,58,0,0,0.1,0.0869
IQST,-0.20035931275658647,14,1,2,0.6,0.6773
IQV,0.13216961589430737,81,0,0,0.3,0.2349
IR,0.04061048393922072,65,0,0,0.25,0.2539
IRD,-0.09847365437635838,28,0,0,0.9,0.3178
IRDM,0.3818995972587823,94,0,0,0.5,0.0
IREN,-0.16503933907253043,18,1,8,0.6,0.3616
IRHOU,-0.02140696939426559,48,1,3,0.45,0.131
IRIX,0.0645942517058954,70,0,0,0.0,0.3143
IRM,-0.016750250707545426,50,1,2,0.25,0.1003
IRMD,0.055118311539640155,68,0,0,0.3,0.1519
IRON,0.06118907314370205,69,0,0,0.15,0.1598
IRS,-0.017612061357464563,50,1,3,0.25,0.2223
IRT,0.06401798857513243,70,0,0,0.35,0.0916
IRTC,0.035734311682755385,64,0,0,0.45,0.3948
IRWD,0.09451451225943995,75,0,0,0.4,0.2976
ISBA,-0.05160333633492891,36,1,13,0.75,0.2906
ISD,-0.03797072840504884,39,0,0,0.65,0.1701
ISOU,-0.20711619093077477,13,1,8,0.8,0.3154
ISPC,-0.38267072740895935,4,1,39,1.0,0.85
ISPR,-0.3447177258405674,5,1,5,0.7,0.7141
ISRG,-0.10851089595860855,26,1,15,0.95,0.3751
ISSC,-0.09426370408174764,28,0,0,0.65,0.4783
ISTR,0.0564277007327163,68,0,0,0.1,0.0784
IT,-0.223295523925363,12,1,16,0.8,0.5016
ITGR,0.02503575223395367,61,0,0,0.35,0.0653
ITHAU,-0.0189899081452265,49,1,2,0.35,0.1374
ITIC,0.17420189630513389,86,0,0,0.1,0.0833
ITOC,-0.07172861399599925,32,1,10,0.75,
ITP,-0.023781507126234884,47,1,13,0.85,0.2796
ITRG,-0.19442022146897509,15,1,7,0.75,0.5533
ITRI,-0.04566092639965863,37,0,0,0.65,0.2612
ITRN,-0.00010302398985703731,55,1,6,0.3,0.0844
ITT,-0.07228965638758661,32,1,1,0.65,0.2116
ITUB,-0.028771800339863988,44,0,0,0.45,0.2005
ITW,0.038088743018429655,64,0,0,0.1,0.1735
IVA,-0.2993377041429625,7,1,34,1.0,0.5256
IVDA,0.0569334508169279,68,1,4,0.55,
IVF,0.014136484329090482,59,0,0,0.75,
IVR,-0.021385280011002088,48,1,2,0.4,0.1552
IVT,0.06885951489125577,71,0,0,0.1,0.0494
IVVD,-0.37050801360296887,4,1,50,1.0,0.6975
IVZ,-0.017057547666705353,50,1,7,0.45,0.1458
IX,0.058665764890087305,69,1,3,0.2,0.0503
IXHL,0.03674072734100241,64,0,0,0.5,0.7189
IZEA,-0.10328059015022768,27,1,1,0.9,0.2922
IZM,-0.2662160885030147,9,1,9,0.6,
J,-0.042058957909793596,38,0,0,0.1,0.2345
JACK,0.38548543986056377,94,0,0,0.3,0.3165
JACS,-0.030131495124883424,43,1,3,0.5,0.1463
JAGX,-0.3922030673881221,4,1,3,0.95,
JAKK,0.061956887669672486,69,0,0,0.4,0.0547
JANX,-0.009228541139062931,52,0,0,0.5,0.1352
JAZZ,0.07780645538880805,73,0,0,0.4,0.0184
JBDI,1.4161061790409688,99,0,0,0.5,
JBGS,0.010177040648971028,58,0,0,0.55,0.1978
JBHT,0.10499092938229358,77,0,0,0.25,0.0101
JBI,0.004475635778801716,56,0,0,0.3,0.322
JBIO,0.13033143257789398,81,0,0,0.6,0.223
JBL,0.10284461327234119,76,0,0,0.1,0.0324
JBLU,0.18885387033293943,87,0,0,0.3,0.1611
JBS,-0.14741921679115516,20,1,54,1.0,0.3695
JBSS,0.1122958626306209,78,0,0,0.2,0.046
JBTM,0.11906279208171393,79,0,0,0.45,0.2064
JCAP,0.04811347680013538,66,0,0,0.55,0.2028
JCE,0.006361534121307397,56,0,0,0.55,0.0215
JCI,0.02732634702037358,62,0,0,0.15,0.0833
JCSE,0.00013192712144659974,55,1,1,0.45,
JCTC,0.2590683999018923,91,0,0,0.35,0.0918
JD,-0.1380574690377152,21,1,28,1.0,0.2265
JDZG,1.2406582907778818,99,0,0,0.0,
JEF,0.019491563000044204,60,1,5,0.25,0.2747
JELD,-0.09392079375038888,28,1,8,0.65,0.5674
JEM,1.0576206052077137,98,0,0,0.2,
JENA,-0.02164685335284531,48,1,2,0.45,0.1382
JF,-0.008922719949165724,52,1,1,0.25,0.228
JFB,-0.25812092043281365,9,1,18,0.95,0.7441
JFIN,-0.3516642633865294,5,1,37,1.0,0.6076
JFR,-0.002276745039858759,54,0,0,0.2,0.0827
JFU,-0.2620897706683743,9,1,28,1.0,0.6606
JG,-0.30991328601394724,7,1,64,1.0,0.4916
JGH,-0.01981356142156292,49,1,3,0.4,0.0824
JHI,-0.005019639941418453,53,0,0,0.3,0.0963
JHS,-0.029172859646697406,44,1,2,0.5,0.1343
JHX,0.1646762229562166,85,0,0,0.0,0.0966
JILL,0.27406781115616663,91,0,0,0.0,0.139
JJSF,-0.08003883058274588,30,0,0,0.65,0.2891
JKHY,-0.06679060751027976,33,0,0,0.8,0.3135
JKS,-0.2698840635623911,8,1,33,1.0,0.4584
JL,-0.1356522178023347,22,1,10,0.9,0.296
JLHL,-0.08524255707486468,30,1,8,0.65,
JLL,0.03331871399148846,63,0,0,0.4,0.1792
JLS,-0.056800954860952484,35,1,14,0.95,0.1427
JMIA,-0.013809163833479167,51,0,0,0.75,0.5439
JMM,-0.017853264150825023,49,0,0,0.3,0.1289
JMSB,0.051320582466789944,67,0,0,0.25,0.0633
JNJ,0.07567146234050548,72,0,0,0.25,0.1096
JOB,-0.14847958267480565,20,1,14,0.95,0.3253
JOBY,-0.1630179975465687,18,1,18,0.9,0.4996
JOE,-0.0622714841775923,34,1,3,0.4,0.2306
JOF,0.0025167143463088043,56,0,0,0.25,0.1335
JOUT,-0.08778762496002726,29,1,3,0.5,0.2126
JOYY,0.05363610569441733,68,0,0,0.05,0.0802
JPC,-0.022113051678494824,48,1,1,0.55,0.1177
JPM,0.07656837211320089,72,0,0,0.05,0.074
JQC,-0.016445540678406492,50,0,0,0.35,0.107
JRI,0.003765607861143813,56,0,0,0.4,0.0929
JRS,0.059591500504944855,69,0,0,0.2,0.0248
JRSH,0.3978244567319424,95,0,0,0.0,0.0409
JRVR,-0.12370062550371087,24,0,0,0.65,0.434
JSPR,-0.3591479937861658,5,1,40,1.0,0.7959
JTAI,-0.1477187821375454,20,0,0,0.7,0.9493
JUNS,-0.34004084456885136,5,1,3,0.9,0.8122
JVA,-0.257482074354789,9,1,18,0.9,0.3571
JWEL,-0.10180080387061276,27,1,5,0.5,0.2391
JXG,1.1450692350329286,98,0,0,0.0,0.0
JXN,-0.05831545753307843,35,1,3,0.35,0.1929
JYD,-0.5244170128274096,2,1,30,1.0,
JYNT,-0.004313733494217868,54,0,0,0.4,0.2126
JZ,-0.936214021450139,0,1,21,1.0,
JZXN,0.01208405245542802,58,1,8,0.45,
KAI,-0.024311869519311982,47,1,1,0.65,0.1924
KALA,-0.4874768133275315,2,1,5,0.75,0.9513
KALU,0.10195827120381527,76,0,0,0.1,0.0544
KAPA,-0.3353610485731715,5,1,27,1.0,0.6511
KARO,-0.01957880899570015,49,0,0,0.55,0.1271
KAZR,-0.21673932923202882,12,1,9,0.9,0.3895
KB,-0.048552277591920406,37,1,9,0.7,0.1983
KBDC,-0.07247645980583131,32,1,14,0.95,0.1191
KBH,0.1385402602584272,82,0,0,0.0,0.1651
KBONU,-0.027545812713437104,45,1,3,0.5,0.1456
KBR,-0.07868403291819515,31,0,0,0.5,0.2818
KBSX,-0.29245411028135276,7,1,14,0.85,0.4471
KC,-0.3703841623566989,4,1,32,1.0,0.5212
KCHV,-0.027312750165304593,45,1,3,0.45,0.1436
KCHVU,-0.03160964770542962,42,1,3,0.4,0.1774
KD,-0.12599662841833914,23,0,0,0.95,
KDK,-0.279165150448587,8,1,37,1.0,0.5347
KDP,0.1197423292460034,79,0,0,0.05,0.0234
KE,-0.03324863902224401,41,0,0,0.7,0.2447
KEEL,0.49055916935911764,96,1,2,0.1,0.1982
KELYA,0.2156508388392298,88,0,0,0.1,0.0
KELYB,0.3279080534657656,93,0,0,0.45,
KEN,-0.24726204534167595,10,1,22,1.0,0.2986
KEP,-0.16409750367452763,18,1,9,0.85,0.5276
KEQU,-0.07632473299270096,31,1,20,1.0,0.2221
KEX,-0.11635072884068907,25,1,12,0.9,0.1831
KEY,0.079647894695676,73,0,0,0.05,0.0589
KEYS,-0.0009743024638713613,55,1,4,0.45,0.1027
KF,0.07879323550404055,73,1,1,0.35,0.1219
KFFB,0.07059650943015482,71,0,0,0.15,0.0713
KFII,-0.030590899721506994,43,1,3,0.5,0.1467
KFIIU,-0.03910129910490985,39,1,3,0.6,0.1451
KFRC,0.18210376973644293,86,0,0,0.15,0.0006
KFY,-0.04535592382063589,37,1,3,0.25,0.1035
KG,-0.1545705996547594,20,1,6,0.6,0.4565
KGC,-0.245002359703076,10,1,10,0.95,0.4267
KGEI,-0.1929225687264089,15,1,14,0.9,0.3308
KGS,0.09218287456195141,75,0,0,0.5,0.0721
KHC,0.06745310270826196,71,0,0,0.35,0.0694
KIDS,0.17237529335153967,86,0,0,0.05,0.1101
KIDZ,-0.9139706933915213,0,1,59,1.0,0.9935
KIM,0.048804491243003637,67,1,1,0.2,0.0531
KINS,0.24721747518918502,90,0,0,0.1,0.0017
KIO,-0.009843146592876599,52,0,0,0.35,0.0784
KITT,-0.5169031376317461,2,1,78,1.0,0.896
KKR,-0.08061139262442452,30,1,7,0.55,0.3688
KLAC,0.4699986871954605,96,0,0,0.0,0.1165
KLAR,0.28887386079110067,92,0,0,0.1,0.3983
KLC,0.36489821105108095,94,0,0,0.1,0.1138
KLIC,0.49194105664558146,96,0,0,0.05,0.0
KLRS,-0.16943296048435563,17,0,0,0.9,0.6233
KLTR,-0.12571396570220994,23,1,11,0.9,0.2639
KLXE,-0.23269942311709463,11,1,29,1.0,0.4234
KMB,0.12030933033776454,79,0,0,0.1,0.061
KMDA,-0.08909531561487627,29,0,0,0.95,0.2306
KMI,-0.03765846976960832,40,1,3,0.7,0.2022
KMPR,-0.029468768994091482,44,0,0,0.7,0.335
KMRK,-0.6219549598761847,1,1,43,1.0,0.7916
KMT,-0.05619557948457524,35,1,3,0.5,0.2606
KMTS,0.2601496153582978,91,0,0,0.55,0.1304
KMX,0.18535568455556106,87,0,0,0.0,0.0399
KN,0.205954710570792,88,0,0,0.0,0.0552
KNDI,-0.1069255448101655,26,0,0,0.8,0.3896
KNF,-0.03571628994012603,40,1,2,0.5,0.1968
KNOP,-0.11078518592050242,26,1,14,0.95,0.1826
KNRX,-0.3647750688920359,4,1,54,1.0,
KNSA,0.2263381911237068,89,0,0,0.3,0.0153
KNSL,0.05648483235873296,68,0,0,0.45,0.2386
KNTK,-0.029591365097499614,44,1,1,0.55,0.158
KNX,0.09082530080108416,74,0,0,0.25,0.0741
KO,0.012089847716225254,58,0,0,0.35,0.0933
KOD,-0.07809349734625556,31,0,0,0.55,
KODK,-0.14460526893308462,21,1,7,0.95,0.3711
KOF,-0.007254170662317198,53,1,2,0.5,0.1498
KOP,0.06504354214630063,70,0,0,0.05,0.0346
KOPN,-0.01024047061854845,52,1,16,0.8,0.3313
KORE,-0.020725063121645973,48,1,2,0.4,
KOS,-0.3423249317932437,5,1,14,0.85,0.4229
KOSS,-0.08581472169841696,30,1,3,0.8,0.2548
KOYN,-0.029832376711201005,44,1,3,0.5,0.1453
KOYNU,-0.033428673722629754,41,1,3,0.45,0.144
KPLT,0.07852894753358948,73,0,0,0.35,0.1377
KPRX,0.054482872100591856,68,0,0,0.45,0.1591
KPTI,0.13903373022678883,82,0,0,0.2,0.1334
KR,-0.17237336170662937,17,1,12,0.9,0.3518
KRC,0.18905063906279834,87,0,0,0.05,0.0648
KREF,0.097616942934152,76,0,0,0.1,0.1749
KRG,0.04890341183449866,67,1,2,0.25,0.0533
KRKR,-0.2927673030668142,7,1,14,0.95,0.5431
KRMD,0.040178696331814354,65,0,0,0.6,0.3073
KRMN,-0.14331470575922398,21,0,0,0.95,0.5581
KRNT,-0.011920505409282935,51,0,0,0.25,0.1286
KRNY,0.17030409790666606,85,0,0,0.1,0.0
KRO,-0.15641311080304526,19,1,9,0.8,0.2449
KROS,-0.045183377682052106,37,0,0,0.65,0.487
KRP,-0.06184669761061885,34,1,3,0.5,0.1511
KRRO,0.037673858389345546,64,0,0,0.5,0.1448
KRSP,-0.022159635653414327,48,1,2,0.45,0.1384
KRT,0.18636233166300442,87,0,0,0.05,0.0
KRUS,0.005332711035484869,56,0,0,0.65,0.3259
KRYS,0.3010957030938219,92,0,0,0.05,0.0242
KSCP,-0.3746834538494081,4,1,63,1.0,0.677
KSPI,0.007452351762599799,57,0,0,0.6,0.0879
KSS,0.2937172769388116,92,0,0,0.0,0.2026
KT,-0.1586809704018377,19,1,56,1.0,0.3532
KTB,0.1408787471184091,82,0,0,0.1,0.0189
KTCC,0.22104182231387898,89,0,0,0.0,0.0368
KTF,-0.006653070140622781,53,0,0,0.3,0.0959
KTOS,-0.2143711510539586,13,1,18,0.95,0.6275
KTTA,-0.24081073957682864,10,1,37,1.0,0.5658
KULR,0.16234184758867626,85,1,2,0.65,0.2483
KURA,0.19311833815079082,87,0,0,0.4,0.0495
KUST,-0.5834764241932722,1,1,37,1.0,0.9139
KVAC,-0.011571542047005702,51,0,0,0.35,0.1266
KVACU,-0.012302008001177048,51,1,12,0.6,0.1611
KVHI,-0.043888995308227534,38,1,1,0.55,0.245
KVUE,0.08390630316511988,73,0,0,0.1,0.0638
KVYO,-0.17691839390030834,17,0,0,0.8,0.4939
KWM,-0.5975982125350429,1,1,57,1.0,0.8466
KWR,0.14746198400823252,83,0,0,0.15,0.1835
KWY,-0.021622838506482014,48,1,3,0.55,0.293
KXIN,-0.3476641386446765,5,1,18,0.9,
KYIV,0.2376470195367303,90,0,0,0.3,0.0147
KYMR,0.3895943169547291,94,0,0,0.25,0.0345
KYN,-0.04568903354846893,37,1,3,0.65,0.1723
KYNB,0.046477052939833285,66,0,0,0.55,0.2848
KYTX,-0.038186658895589545,39,1,1,0.7,0.2889
KZIA,0.1525964993673647,84,1,1,0.35,0.1034
L,0.03280953036263656,63,0,0,0.2,0.088
LAB,-0.18685613466053402,16,0,0,0.8,0.515
LAC,-0.2928951193273719,7,1,20,1.0,0.4533
LAD,-0.006646151067521339,53,1,3,0.3,0.22
LADR,-0.022482776825583164,48,1,3,0.6,0.1474
LAES,-0.040942037265580544,39,1,2,0.7,0.45
LAFA,-0.02973859971886206,44,1,3,0.45,0.1437
LAFAU,-0.035648588995612455,40,1,3,0.5,0.1527
LAKE,0.1403256407583537,82,0,0,0.5,0.0163
LAMR,0.08547014096405905,74,0,0,0.15,0.0191
LAND,-0.118162014226523,25,1,72,1.0,0.349
LANDO,-0.04660789132543411,37,1,2,0.55,0.1534
LANDP,-0.038609167723629906,39,1,2,0.45,0.1295
LANV,-0.15709858334759402,19,1,6,0.8,0.4243
LAR,-0.1583697681965821,19,1,11,0.9,0.3148
LARK,0.14168881993582738,83,0,0,0.0,0.0384
LASE,0.7196130667726635,98,1,6,0.3,
LASR,-0.038084639715461666,39,1,1,0.9,0.2206
LATA,-0.02891050067394865,44,1,3,0.5,0.1446
LATAU,-0.028350128371177456,45,1,3,0.4,0.1523
LAUR,0.11572838896757724,79,0,0,0.0,0.0902
LAW,-0.11896453437644243,24,0,0,0.8,0.5228
LAWR,-0.03489260719944927,41,1,3,0.5,0.1548
LAZ,-0.15458313056444245,20,1,15,0.9,0.3234
LB,0.0055343470208703005,56,0,0,0.75,0.1774
LBGJ,0.2587226726787761,91,0,0,0.45,
LBRDA,-0.158190808882463,19,0,0,0.8,0.4743
LBRDK,-0.1599969676735929,19,0,0,0.8,0.4757
LBRDP,-0.03535221525672828,40,0,0,0.5,0.1978
LBRT,-0.23406190072545924,11,1,29,1.0,0.3275
LBRX,0.09430256840992722,75,0,0,0.35,0.0611
LBTYA,-0.08981151824600472,29,1,12,0.85,0.2113
LBTYB,-0.08772193548177715,29,1,39,1.0,0.3249
LBTYK,-0.09889546772897338,28,1,12,0.85,0.2173
LCCC,-0.028797320206738156,44,1,3,0.5,0.1445
LCCCU,-0.037678843101047424,39,1,3,0.6,0.1507
LCFY,-0.23848232792734547,11,1,5,0.75,0.4056
LCID,-0.08501189059692177,30,0,0,0.8,0.4798
LCII,-0.13006620747073422,22,0,0,0.8,0.3978
LCNB,0.08942561404101478,74,0,0,0.1,0.0422
LCTX,-0.09618451697121763,28,0,0,0.65,0.3908
LCUT,0.0957386804679861,75,1,2,0.5,0.1008
LDI,-0.1135568410484195,25,0,0,0.75,0.6367
LDOS,-0.28900085842385764,8,1,75,1.0,0.516
LDP,0.008268922644386431,57,0,0,0.15,0.0758
LE,-0.12109968235849092,24,1,3,0.5,0.4914
LEA,-0.053762942564313326,36,1,11,0.55,0.138
LECO,-0.021180918852652178,48,1,3,0.4,0.2035
LEDS,-0.03739061238660886,40,1,22,1.0,0.3008
LEE,-0.09993413370612066,28,1,13,0.65,0.2456
LEG,0.11057928523211154,78,0,0,0.2,0.162
LEGH,0.13053406096802023,81,0,0,0.05,0.0199
LEGN,0.26266485465605766,91,1,9,0.45,0.1871
LEN,-0.06101081776620524,34,1,2,0.5,0.3491
LENZ,-0.32579247535442973,6,1,36,1.0,0.7498
LEO,-0.0017271293133990229,54,0,0,0.35,0.089
LESL,3.59646071484387,99,0,0,0.0,
LEU,-0.1666455227318031,18,1,6,0.85,0.5432
LEVI,0.09007839929970878,74,0,0,0.1,0.0241
LEXX,-0.16354563239477843,18,1,14,0.85,0.5244
LFACU,-0.032307921867442246,42,1,3,0.5,0.1514
LFCR,0.1035740085581096,77,1,4,0.25,0.4479
LFMD,-0.0020626457424429007,54,0,0,0.4,0.1545
LFMDP,-0.042282023577265994,38,1,2,0.45,0.1421
LFS,0.02421688388543626,61,0,0,0.55,
LFST,0.4967226850740583,96,0,0,0.2,0.0
LFT,-0.16598506174792899,18,1,4,0.85,0.3753
LFUS,0.02765084325793414,62,1,4,0.25,0.1012
LFVN,-0.038640417520465015,39,1,12,0.6,0.4225
LFWD,-0.0023733306423015937,54,0,0,0.7,0.1967
LGCL,-0.04146980401029481,38,0,0,0.55,
LGCY,0.010189477497771188,58,0,0,0.75,0.2449
LGHL,-0.6593434933926056,1,1,20,1.0,0.8687
LGI,0.03426202751412695,64,0,0,0.25,0.1055
LGIH,0.2662841773469286,91,0,0,0.0,0.097
LGL,-0.05183501984036433,36,1,2,0.85,0.1896
LGN,-0.013356586447849136,51,1,1,0.65,0.2322
LGND,0.36454153790452304,94,0,0,0.0,0.0128
LGO,-0.31676468047541795,6,1,50,1.0,0.6348
LGPS,0.22939739974800932,89,0,0,0.4,0.2673
LGVN,-0.16402958187074956,18,1,6,0.75,
LH,0.06360980822538505,70,0,0,0.35,0.0991
LHAI,1.6140788413456553,99,0,0,0.95,
LHSW,-0.45706378197114494,2,1,31,1.0,
LHX,-0.11639274124785963,25,1,9,0.8,0.2973
LI,-0.2713673705436202,8,1,32,1.0,0.4214
LICN,-0.46971995172942776,2,1,9,0.8,
LIDR,-0.3160972546337905,6,1,20,1.0,0.5141
LIEN,0.04361666496171565,66,0,0,0.2,0.0908
LIF,0.24047999792074987,90,0,0,0.0,0.2261
LII,0.10901940883959448,78,0,0,0.0,0.0787
LILA,0.3916150750878105,94,0,0,0.5,0.0
LILAK,0.3664392057439054,94,0,0,0.5,0.0
LIMN,-0.41260958824750493,3,1,20,1.0,
LIN,0.03946923626553708,65,0,0,0.2,0.0939
LINC,0.13999923437785405,82,0,0,0.3,0.0
LIND,0.28997230121427,92,0,0,0.0,0.1157
LINE,0.09415377415310623,75,0,0,0.25,0.0345
LINK,0.22641729592052734,89,0,0,0.6,0.2101
LIQT,-0.4682523136071615,2,1,33,1.0,0.69
LITB,0.03397470238002896,63,1,11,0.55,0.226
LITE,-0.09789224005563445,28,1,11,0.8,0.2478
LITS,-0.10939936764669336,26,0,0,0.65,0.426
LIVE,-0.14505135963897103,21,1,3,0.7,0.5615
LIVN,0.19508745395339555,87,0,0,0.05,0.0336
LIXT,0.6541103948781934,97,0,0,0.05,0.0521
LKFN,0.03285311672940512,63,0,0,0.3,0.0763
LKFT,0.018920997324636327,60,0,0,0.25,0.2177
LKQ,-0.10186297128652229,27,1,3,0.85,0.297
LKSP,-0.03013149793670649,43,1,3,0.5,0.1463
LKSPU,-0.018084487402159004,49,1,2,0.45,0.1356
LLY,0.1585006971168048,84,0,0,0.05,0.0372
LLYVA,0.06333630817595884,70,0,0,0.35,0.0488
LLYVK,0.06834930977148265,71,0,0,0.35,0.0427
LMAT,-0.042947239971191854,38,0,0,0.75,0.2259
LMB,-0.12866917604760048,23,1,3,0.4,0.3415
LMFA,-0.46775391249899945,2,1,21,1.0,0.7547
LMND,0.1438842926389164,83,0,0,0.3,0.3402
LMNR,0.011062891807238795,58,0,0,0.3,0.1606
LMRI,0.386400563255946,94,0,0,0.15,0.3988
LMT,-0.05172711486109461,36,0,0,0.6,0.2988
LNAI,0.02754140454022133,62,1,1,0.35,
LNC,-0.01754800733395439,50,1,3,0.3,0.2645
LND,-0.11134689172728565,25,1,60,1.0,0.265
LNG,-0.06062090230858197,34,0,0,0.6,0.3017
LNKS,-0.18059988374215785,16,1,8,0.95,
LNN,0.04475676914897175,66,0,0,0.0,0.1864
LNSR,0.011062186514548551,58,1,4,0.65,0.5766
LNT,0.03226562235664529,63,0,0,0.25,0.0972
LNTH,0.1996007034846683,87,0,0,0.0,0.03
LNZA,-0.310617543898814,6,1,2,0.95,
LOAN,0.0355254616206722,64,0,0,0.15,0.1371
LOAR,0.3153951795059985,93,0,0,0.0,0.0283
LOB,0.11148342027321616,78,0,0,0.15,0.0811
LOBO,-0.06768077557953239,33,1,6,0.35,0.2539
LOCL,-0.2384674984825743,11,1,26,1.0,
LOCO,0.17801134021464055,86,0,0,0.15,0.0004
LODE,0.07946081431727463,73,1,2,0.2,0.2011
LOGI,-0.16761836887678178,18,1,15,0.75,0.242
LOMA,-0.06147211938293238,34,1,3,0.45,0.2086
LONA,-0.14457123986425657,21,1,1,0.8,0.3674
LOOP,-0.34997956039311995,5,1,21,1.0,0.436
LOPE,-0.11075877495687664,26,0,0,0.95,0.2539
LOT,-0.10025993625869484,27,0,0,0.95,0.2697
LOVE,0.04765894819137448,66,0,0,0.35,0.1062
LOW,-0.03310826842424629,41,0,0,0.45,0.2944
LPA,0.1657828245549875,85,0,0,0.45,0.0584
LPAA,-0.026888709658725453,45,1,3,0.5,0.1445
LPAAU,-0.032054990465901795,42,1,3,0.5,0.1648
LPBB,-0.02920840378499754,44,1,3,0.45,0.1468
LPBBU,-0.018967706965513823,49,0,0,0.35,0.1373
LPCN,-0.11710372121318031,25,0,0,0.4,
LPCVU,-0.03095330384803581,42,1,3,0.5,0.148
LPG,-0.11833793218995166,25,1,11,0.65,0.2697
LPL,-0.25969119644014077,9,1,18,0.9,0.3986
LPLA,-0.042979519546361936,38,0,0,0.5,0.3085
LPRO,0.6964408709936531,98,0,0,0.05,0.0256
LPSN,-0.2511122445608741,10,1,21,1.0,0.5707
LPTH,0.1338585603579857,81,0,0,0.6,0.1164
LPX,0.03827892194817974,65,0,0,0.2,0.2555
LQDA,0.6674069715099155,97,0,0,0.05,0.0081
LQDT,0.0666534347755983,70,0,0,0.0,0.0322
LRCX,0.40446243246440905,95,0,0,0.05,0.0959
LRE,0.0030073006674558866,56,0,0,0.45,0.3023
LRHC,-0.34216888479910273,5,1,117,1.0,0.9884
LRMR,-0.1977688505077046,14,1,3,0.65,
LRN,-0.10159662195641973,27,1,12,0.6,0.1743
LSAK,-0.018763590155428035,49,0,0,0.7,0.1874
LSBK,0.07406206762344286,72,0,0,0.15,0.0228
LSCC,0.14486438038533628,83,0,0,0.15,0.0595
LSE,-0.14785672745521516,20,1,1,0.85,0.3504
LSF,0.599888527103012,97,0,0,0.05,0.0497
LSH,-0.3270576525924996,6,1,20,1.0,0.6581
LSPD,0.10245515848212745,76,0,0,0.2,0.1898
LSTA,-0.10841021778162245,26,1,5,0.35,
LSTR,0.04889595934255096,67,1,3,0.3,0.0915
LTBR,-0.2775174463532821,8,1,34,1.0,0.5538
LTC,0.0242444222917763,61,0,0,0.6,0.1068
LTH,0.34920261025181026,93,0,0,0.05,0.0456
LTM,0.10272170585729555,76,0,0,0.3,0.227
LTRN,0.677694546821451,97,0,0,0.0,0.0347
LTRX,-0.15375748310160992,20,1,13,0.85,0.2929
LU,-0.22662122677090024,12,0,0,0.95,0.5812
LUCD,-0.04818269161554996,37,0,0,0.5,0.3494
LUCK,-0.06479518892704467,33,1,11,0.75,0.22
LUCY,-0.2711893387544181,8,1,62,1.0,0.5824
LUD,-0.04339416744795578,38,1,5,0.65,0.5174
LULU,-0.1886316584153141,15,1,3,0.95,0.5025
LUMN,-0.24922600194875816,10,1,19,0.95,0.3418
LUNG,-0.00019020463757651873,55,0,0,0.65,0.4178
LUNR,-0.3138381929733555,6,1,20,1.0,0.5539
LUV,0.2287155133867993,89,0,0,0.1,0.1496
LUXE,-0.04078145496701939,39,0,0,0.6,0.3269
LVLU,-0.1827388613269879,16,0,0,0.85,
LVO,-0.028697567205813283,44,1,1,0.45,0.1548
LVS,-0.17255398643285436,17,1,14,0.9,0.3466
LVWR,-0.3354320199405638,5,1,2,0.9,0.7777
LW,0.010467634123893128,58,0,0,0.3,0.1884
LWAC,-0.028909977674626934,44,1,3,0.5,0.1498
LWACU,-0.030485156060779908,43,1,3,0.5,0.1473
LWAY,0.22729822081724815,89,0,0,0.3,0.0439
LWLG,-0.2579106134385459,9,1,32,1.0,0.5575
LX,-0.08685817225632923,29,1,13,0.8,0.3816
LXEH,0.06150010946032919,69,0,0,0.5,
LXEO,-0.18284625719212394,16,1,3,0.7,0.6091
LXFR,0.13437850835496806,82,1,2,0.1,0.0585
LXP,0.07987366046568815,73,0,0,0.1,0.0285
LXRX,0.2663496064540763,91,0,0,0.5,0.1193
LXU,-0.26955702027978445,9,1,34,1.0,0.4562
LYB,-0.29776127310327166,7,1,39,1.0,0.4549
LYEL,-0.3302340347130145,6,1,1,0.95,0.5922
LYFT,0.0015224629380452825,55,0,0,0.35,0.3172
LYG,0.07509900843061894,72,0,0,0.25,0.1105
LYTS,0.12332776573246486,80,0,0,0.15,0.0304
LYV,0.09552768377562927,75,0,0,0.25,0.0
LZ,-0.008931370582232503,52,0,0,0.75,0.4188
LZB,0.09531010564207652,75,0,0,0.15,0.0684
LZM,-0.25916412833763763,9,1,8,0.95,0.4216
LZMH,-0.32670075890791134,6,1,58,1.0,
M,0.12988558990502969,81,1,2,0.1,0.1178
MA,0.013679733070958176,59,0,0,0.4,0.169
MAA,0.06817569937820543,71,0,0,0.15,0.0617
MAAS,0.697561155125812,98,0,0,0.2,0.2766
MAC,0.1624881679793595,85,0,0,0.1,0.038
MACI,-0.029062248608475706,44,1,2,0.55,0.1477
MACIU,-0.1127249618769803,25,1,16,0.8,0.4125
MAGH,-0.03489260719944927,41,1,3,0.5,0.1548
MAGN,0.0915652676627642,74,1,3,0.15,0.2786
MAIA,0.0419494718102372,65,0,0,0.35,0.5503
MAIN,-0.041034096914917585,38,0,0,0.55,0.2305
MAKO,-0.05866916907056444,35,1,7,0.8,0.1899
MAMA,0.2347747692439756,89,0,0,0.15,0.118
MAMK,-0.03489260719944927,41,1,3,0.5,0.1548
MAMO,-0.061892074781299856,34,1,9,0.8,
MAN,0.16338104715641366,85,0,0,0.05,0.0628
MANH,-0.04203830295047363,38,0,0,0.55,0.2369
MANU,0.13160384769348032,81,0,0,0.1,0.0351
MAR,-0.014581965184071243,51,1,5,0.3,0.0923
MARA,0.07750058680671608,72,1,2,0.2,0.1053
MARPS,-0.1464859066472954,20,1,2,0.9,0.3525
MAS,0.17128571636379986,86,0,0,0.1,0.0346
MASK,-0.26213848313298477,9,1,14,0.7,
MASS,0.15983177034976348,84,0,0,0.0,0.0267
MAT,-0.11010954624568102,26,1,13,0.9,0.4298
MATH,-0.18261075399363574,16,1,6,0.65,0.6574
MATV,-0.1485175701827567,20,1,3,0.9,0.5336
MATW,-0.039528127143803785,39,0,0,0.65,0.1263
MATX,0.10780107074692562,78,0,0,0.1,0.0
MAX,0.3761020064698643,94,0,0,0.1,0.024
MAYS,-0.0936421951109328,28,1,7,0.7,0.3479
MAZE,0.08672348995760629,74,0,0,0.55,0.4891
MB,-0.3313757617069592,6,1,17,0.9,0.4568
MBAI,-0.2652210246764734,9,1,26,1.0,
MBAV,-0.03061885943511742,43,1,2,0.35,0.1493
MBAVU,-0.020911110280197945,48,1,12,0.75,0.1913
MBBC,0.07290240910854338,72,0,0,0.1,0.0665
MBC,0.11558609454741832,79,0,0,0.15,0.3333
MBI,0.13342622490234657,81,0,0,0.2,0.1832
MBIN,0.057554111008504716,69,0,0,0.05,0.0525
MBINL,-0.0062383162310515605,53,1,2,0.4,0.1042
MBINM,-0.011050507308208384,52,0,0,0.5,0.1179
MBINN,-0.032199932558576075,42,1,3,0.6,0.1375
MBIO,-0.1027178096897436,27,1,3,0.5,0.4405
MBLY,0.0331685839384772,63,0,0,0.8,0.2733
MBNKO,-0.011070277647857223,52,0,0,0.35,0.112
MBOT,-0.11990048640635693,24,0,0,0.8,0.3954
MBRX,0.02474597584207814,61,1,2,0.3,0.4881
MBUU,-0.07889070175531293,31,1,2,0.5,0.322
MBVI,-0.03240601693870592,42,1,3,0.5,0.1472
MBVIU,-0.029179436220054457,44,1,3,0.5,0.1478
MBWM,0.11730977099728786,79,0,0,0.1,0.0162
MBX,0.8071446823818313,98,0,0,0.25,0.0
MC,-0.010569022674623462,52,1,6,0.45,0.1953
MCB,0.11800566899234859,79,0,0,0.1,0.0426
MCBS,0.13944783314045123,82,0,0,0.1,0.0
MCD,-0.09194059110179531,29,1,9,0.65,0.2682
MCFT,0.04238092834052834,65,0,0,0.55,0.1205
MCGA,-0.03124159987865816,42,1,3,0.5,0.1456
MCGAU,-0.03394879542234344,41,1,3,0.45,0.1511
MCHB,0.11448982362014755,78,0,0,0.15,0.0
MCHP,0.013375030257163682,58,1,4,0.5,0.15
MCHPP,0.006258740759783235,56,1,4,0.5,0.1403
MCHX,-0.02546924276986228,46,0,0,0.8,0.1223
MCI,-0.04479400274879711,38,1,2,0.4,0.2333
MCK,-0.051601667724488764,36,1,3,0.4,0.2992
MCN,-0.07769338727051395,31,1,14,0.9,0.1527
MCO,-0.010180171437754782,52,0,0,0.55,0.1949
MCRB,-0.013026464924682745,51,0,0,0.65,0.5453
MCRI,0.10328216572191491,77,0,0,0.0,0.0501
MCRP,-0.34726652923894075,5,1,30,1.0,0.6392
MCS,0.2111553039980419,88,0,0,0.0,0.0889
MCTA,-0.03489260719944927,41,1,3,0.5,0.1548
MCY,0.09984412522155907,76,0,0,0.15,0.0128
MD,0.1624319604497585,85,0,0,0.1,0.0
MDAI,-0.09380429385454266,28,1,24,1.0,0.3376
MDB,0.13349283915820948,81,0,0,0.35,0.2498
MDBH,-0.049185618038932406,37,0,0,0.8,0.1883
MDCX,0.13814029273502715,82,1,1,0.25,
MDGL,-0.0056478655747364236,53,0,0,0.45,0.2107
MDIA,0.12425768159770449,80,0,0,0.7,0.1068
MDLN,0.017809927472874763,60,0,0,0.65,0.2348
MDLZ,-0.044857625412100414,37,1,3,0.5,0.1241
MDRR,-0.04271088762621711,38,0,0,0.45,0.1776
MDT,-0.014239904241710483,51,1,2,0.35,0.2927
MDU,-0.052961990871790154,36,1,3,0.75,0.1519
MDV,0.03175784533919997,63,1,5,0.55,0.0787
MDWD,-0.04527352476061962,37,0,0,0.75,0.2963
MDXG,0.05548281713453322,68,0,0,0.3,0.4516
MDXH,-0.5321559021690889,2,1,73,1.0,0.8877
MEC,0.39061581236827686,94,0,0,0.0,0.0698
MED,-0.07973806809321096,31,1,14,0.95,0.1799
MEDP,0.18301241861420536,86,0,0,0.05,0.1993
MEGI,-0.020098496869525907,49,1,2,0.55,0.0963
MEGL,0.09864329774606538,76,0,0,0.4,0.1058
MEI,1.1170349118125273,98,0,0,0.1,0.0608
MELI,-0.0385724104648259,39,0,0,0.7,0.2958
MENS,-0.07569702178722876,31,0,0,0.75,0.5435
MEOH,-0.3163634327440929,6,1,19,0.95,0.4201
MERC,-0.39693167814587677,4,1,11,0.95,0.7785
MESHU,-0.021403498215841935,48,1,2,0.35,0.1386
MESO,-0.10782498374786585,26,1,5,0.85,0.3777
MET,0.07544461601660303,72,0,0,0.1,0.0262
META,-0.008838193654516126,52,0,0,0.95,0.2301
METC,-0.2200657148181167,12,1,17,0.85,0.5742
METCB,-0.29907361498333573,7,1,12,0.65,0.4864
MFA,-0.007452857439947162,53,0,0,0.6,0.105
MFC,0.05791400847070159,69,0,0,0.1,0.0121
MFG,0.09645492334470486,76,0,0,0.1,0.1113
MFI,-0.1744845003935136,17,1,1,0.6,0.5914
MFIC,-0.10793907357966287,26,1,39,1.0,0.2044
MFIN,0.07874840554726176,73,0,0,0.25,0.0832
MFM,0.014888752058285298,59,0,0,0.15,0.0816
MG,-0.039769661303264835,39,1,3,0.2,0.1431
MGA,-0.02354444438057486,47,1,3,0.4,0.1524
MGEE,0.039947940524184405,65,0,0,0.35,0.1157
MGF,-0.03542477116535528,40,1,3,0.55,0.1616
MGIH,-0.041297539718225404,38,1,3,0.5,0.2085
MGLD,0.02194253178175118,60,0,0,0.45,0.2139
MGM,0.05673610140191966,68,0,0,0.0,0.0557
MGN,-0.2275543544200374,12,1,3,0.8,
MGNI,0.44039035944369037,95,0,0,0.0,0.0
MGNX,0.29280157533200096,92,0,0,0.35,0.0611
MGPI,-0.07343465812544886,32,0,0,0.75,0.3901
MGRC,0.06639647894865015,70,0,0,0.2,0.0946
MGRX,0.0847992695203854,74,0,0,0.8,
MGTX,0.33026652752364866,93,0,0,0.3,0.0513
MGX,-0.12942000781514604,23,1,3,0.95,0.3817
MGY,-0.17569476324697175,17,1,14,0.95,0.3415
MGYR,-0.019417005306589165,49,1,2,0.55,0.1489
MH,-0.21917243449698964,12,1,13,0.8,0.4301
MHD,0.00019794347307056093,55,0,0,0.15,0.0883
MHF,-0.005674890046629803,53,0,0,0.45,0.1058
MHH,0.2322001839161541,89,0,0,0.25,0.0361
MHK,0.11652128687789091,79,0,0,0.15,0.1917
MHO,0.14666554458058473,83,0,0,0.0,0.0611
MIAX,-0.15869910600137882,19,1,28,1.0,0.3126
MICC,0.12791171299022092,81,0,0,0.1,0.1597
MIDD,0.14015030915272847,82,0,0,0.0,0.0693
MIMI,-0.27008917255111986,8,1,4,0.9,
MIN,-0.023524893109715443,47,0,0,0.4,0.1314
MIND,-0.3290589846578684,6,1,25,1.0,0.613
MIR,-0.06735031863079424,33,1,3,0.65,0.3886
MIRA,-0.13635940245550573,22,1,3,0.9,0.4208
MIRM,0.2225161649928704,89,0,0,0.3,0.0486
MIST,-0.10774972315925281,26,1,38,1.0,0.4457
MITK,0.25979998893597317,91,0,0,0.2,0.0
MITQ,-0.08495459306064959,30,1,12,0.75,0.3379
MITT,0.019497268611840576,60,0,0,0.2,0.1624
MIY,-0.011906551172810857,51,1,1,0.4,0.1234
MKC,0.0569336264806171,68,0,0,0.35,0.323
MKDW,0.5338712522215491,96,0,0,0.05,
MKL,0.02525049797709899,61,0,0,0.25,0.1816
MKLY,-0.031897706076356384,42,1,3,0.5,0.143
MKLYU,-0.025297448476637088,46,1,3,0.45,0.1381
MKSI,0.40559302333160147,95,0,0,0.05,0.0746
MKTW,0.08036051979645235,73,0,0,0.55,0.1455
MKTX,-0.23285414009196392,11,1,59,1.0,0.4604
MKZR,-0.4044197277141324,3,1,15,0.95,0.6821
MLAB,0.01112156633924407,58,0,0,0.5,0.0562
MLCI,-0.07413753646434093,32,0,0,0.75,0.6237
MLCO,-0.12931179858343889,23,1,14,0.7,0.3642
MLEC,-0.0032436080601516426,54,1,2,0.55,
MLGO,-0.14055734473503428,21,1,10,0.75,0.3585
MLI,-0.05530805633265978,35,1,2,0.35,0.1738
MLKN,0.3496995252835893,93,0,0,0.35,0.1269
MLM,-0.04946805497057816,37,1,3,0.4,0.2428
MLP,0.07170700432478191,71,1,2,0.1,0.1319
MLR,0.04992347363900056,67,0,0,0.05,0.0594
MLSS,-0.006085667438302168,53,0,0,0.7,0.2714
MLTX,0.02896710937317419,62,1,2,0.35,0.1383
MLYS,-0.10149135556268025,27,0,0,0.65,0.3138
MMA,-0.07178160143979995,32,1,14,0.8,0.5906
MMD,-0.0004721364479476353,55,1,2,0.25,0.0905
MMI,0.09324800501224338,75,0,0,0.25,0.0135
MMLP,-0.10964244233720914,26,1,11,0.65,0.2978
MMM,0.04565856449445958,66,1,1,0.15,0.1595
MMS,-0.1874220950676651,15,1,12,0.8,0.4949
MMSI,0.03183360776967088,63,0,0,0.1,0.3145
MMT,-0.059696762808187975,34,1,3,0.5,0.1626
MMTX,-0.02991550381184347,43,1,3,0.5,0.1446
MMTXU,-0.03587781387806364,40,1,3,0.5,0.1589
MMU,-0.00378395846689792,54,0,0,0.25,0.1026
MMYT,0.2618314116035173,91,0,0,0.4,0.3566
MNDO,-0.030114126029045743,43,0,0,0.55,0.2467
MNDR,2.992067245409953,99,0,0,0.85,
MNDY,-0.06748799160122537,33,0,0,0.65,0.5322
MNKD,0.29870272313623475,92,0,0,0.05,0.4002
MNOV,-0.002870372361186216,54,0,0,0.75,0.3021
MNPR,0.5964790683326875,97,0,0,0.35,0.0014
MNR,-0.07982401796447208,31,1,14,0.8,0.226
MNRO,0.037242493597260076,64,0,0,0.5,0.3248
MNSB,0.06122347950396398,69,0,0,0.2,0.0337
MNSBP,-0.027066341550468435,45,1,1,0.25,0.1439
MNSO,-0.18374071417774868,16,1,73,1.0,0.4339
MNST,0.1590448792980107,84,0,0,0.0,0.0126
MNTK,0.03882442677733107,65,0,0,0.5,0.2205
MNTN,0.06199435102513495,69,0,0,0.6,0.2057
MNTS,-0.06687878582236904,33,1,13,0.7,
MNY,-0.34478612616393484,5,1,16,0.9,0.4532
MO,0.013845928424063375,59,1,1,0.4,0.0843
MOB,-0.24030059411059157,10,1,12,0.85,0.4831
MOBX,-0.17625905131889585,17,0,0,0.95,
MOD,-0.09750458199595843,28,1,4,0.45,0.1907
MODD,-0.08238016242754853,30,0,0,0.3,0.7202
MOGU,-0.20866117163113268,13,1,9,0.9,0.4015
MOH,0.30700311179515366,92,0,0,0.0,0.0105
MOLN,-0.06066607480768792,34,1,2,0.8,0.298
MOMO,-0.045438160457075064,37,0,0,0.8,0.1811
MORN,-0.14111907504439875,21,1,14,0.75,0.3201
MOS,-0.13224745491925594,22,1,2,0.75,0.3905
MOV,0.21681366632399746,88,0,0,0.0,0.0622
MOVE,0.2828447405985181,92,0,0,0.35,
MP,-0.1716794863629355,17,1,9,0.9,0.2828
MPA,-0.016682677401309957,50,0,0,0.4,0.1041
MPAA,0.3479828124191495,93,0,0,0.15,0.0533
MPB,0.07087952850808353,71,0,0,0.1,0.0527
MPC,0.01614049031231768,59,0,0,0.4,0.1049
MPLT,0.2658634214313053,91,0,0,0.35,0.0
MPLX,-0.02269109934995928,47,1,3,0.35,0.1682
MPT,-0.07982133763160144,31,1,14,0.9,0.2772
MPTI,0.2666884183071969,91,0,0,0.05,0.0
MPU,-0.41427855867075875,3,1,13,0.9,
MPV,-0.07712819709164602,31,1,2,0.5,0.2188
MPWR,-0.11069868621278194,26,1,11,0.75,0.2197
MQ,-0.006636126927099653,53,0,0,0.75,0.2141
MQY,0.0006984442594461585,55,0,0,0.25,0.0894
MRAM,0.21101556972237773,88,1,8,0.9,0.4988
MRBK,0.07416918386007032,72,0,0,0.05,0.0985
MRCY,0.3233428721918233,93,0,0,0.1,0.0
MRDN,0.3151964950740868,93,0,0,0.05,0.0557
MREO,0.04678281445269128,66,0,0,0.25,0.5852
MRK,0.0702125165600782,71,0,0,0.3,0.1048
MRKR,-0.03689675523022162,40,0,0,0.75,0.3947
MRLN,-0.299363714453503,7,1,17,0.95,0.6705
MRM,-0.09399153426423071,28,1,9,0.45,0.5072
MRNA,0.5110010151902205,96,0,0,0.2,0.0
MRNO,-0.3754111035889629,4,1,18,0.9,
MRP,0.0076872611110322675,57,0,0,0.25,0.1333
MRSH,0.0020411746368959663,55,0,0,0.4,0.166
MRT,-0.283406965776011,8,1,6,0.95,0.4305
MRTN,0.07897146465478147,73,0,0,0.25,0.0549
MRVI,0.5484635119455574,96,0,0,0.0,0.0437
MRVL,0.6287895259326854,97,1,1,0.05,0.1294
MRX,0.23689453721345594,90,0,0,0.15,0.0354
MS,0.05945640185313926,69,1,3,0.15,0.078
MSA,0.003354006394325995,56,0,0,0.65,0.2337
MSAI,-0.19034657769682561,15,1,8,0.8,0.6766
MSB,-0.09348740925710317,28,0,0,0.95,0.4147
MSBI,0.18642118482781916,87,0,0,0.0,0.0178
MSBIP,-0.011597231385774398,51,1,3,0.35,0.1297
MSC,-0.2594297328378177,9,1,14,0.95,0.5419
MSCI,-0.0698359348415221,32,1,14,0.7,0.1293
MSD,-0.008650917673041672,52,0,0,0.55,0.1294
MSDL,-0.0019975857715915715,54,0,0,0.45,0.1165
MSEX,0.0661248219032271,70,0,0,0.35,0.087
MSFT,-0.1262718035820421,23,1,20,1.0,0.2657
MSGE,0.14052320433083315,82,0,0,0.0,0.0325
MSGM,-0.07099064392371651,32,1,12,0.9,0.2391
MSGS,0.08038368303802508,73,0,0,0.25,0.0258
MSGY,0.017699640447845666,60,1,6,0.4,
MSI,-0.04364416612791697,38,0,0,0.55,0.2134
MSIF,-0.09085218995096037,29,1,3,0.95,0.2083
MSLE,0.05497257827228888,68,0,0,0.75,0.4666
MSM,0.14806472459194592,83,0,0,0.0,0.0
MSN,-0.15523170506353973,19,1,24,1.0,0.282
MSS,-0.3937392555932794,4,1,13,0.85,0.809
MSTR,-0.40413373518996865,3,1,31,1.0,0.5287
MSW,0.049746287525864116,67,1,10,0.95,0.3359
MT,-0.07268546840013473,32,1,10,0.55,0.191
MTA,0.031277137009427525,63,0,0,0.4,0.2235
MTB,0.10680947093349964,77,0,0,0.05,0.0521
MTC,-0.5798792791981707,1,1,22,1.0,0.7365
MTCH,0.04269258006920787,65,0,0,0.55,0.0466
MTD,0.026252919915478415,62,0,0,0.4,0.1977
MTDR,-0.20780863582066583,13,1,29,1.0,0.3602
MTEK,-0.21249943823086365,13,1,13,0.85,0.5565
MTEN,0.3323341952214763,93,1,7,0.5,
MTEX,-0.03336072792562143,41,1,6,0.5,0.4842
MTG,0.06244201033208523,69,0,0,0.35,0.1171
MTH,0.19446726813995252,87,0,0,0.0,0.0669
MTLS,0.15970783353093715,84,0,0,0.0,0.0418
MTN,0.02594948536187429,61,0,0,0.1,0.1272
MTNB,-0.12944991729197186,23,1,12,0.6,0.2659
MTR,-0.3092942973844846,7,1,64,1.0,0.4904
MTRN,0.4560661916505874,95,0,0,0.0,0.0452
MTRX,-0.007580035497693715,52,1,1,0.05,0.1426
MTSI,0.1499520102944587,84,1,1,0.2,0.1408
MTUS,-0.07218449546693084,32,1,3,0.3,0.2274
MTVA,-0.22557483847911497,12,1,17,0.85,
MTW,0.043015031304827506,65,1,1,0.35,0.2024
MTX,-0.034666287967055065,41,1,3,0.4,0.1144
MTZ,0.044681856713651394,66,1,1,0.55,0.1357
MU,0.6734751372995185,97,1,1,0.05,0.1625
MUA,0.010808171900242448,58,0,0,0.3,0.0864
MUC,0.0021326660060959624,55,0,0,0.25,0.0888
MUFG,0.07930122956655523,73,0,0,0.1,0.0658
MUJ,-0.005315395807519874,53,1,2,0.35,0.1038
MUR,-0.23018544862629642,11,1,12,0.6,0.36
MUSA,0.018850171063697588,60,0,0,0.55,0.1143
MUX,-0.19638054610868033,14,1,32,1.0,0.4256
MVBF,0.11951708552535807,79,0,0,0.0,0.0564
MVIS,-0.36273355583628886,4,0,0,0.95,0.6026
MVO,-0.16463328464553956,18,0,0,0.85,0.4506
MVST,-0.27740518124891783,8,1,35,1.0,0.6865
MWA,-0.07198831240200095,32,1,2,0.45,0.2402
MWG,-0.13430757526065917,22,1,9,0.65,0.5743
MWYN,0.47332578548229504,96,0,0,0.0,0.1865
MX,-0.026813633852704202,45,1,16,0.8,0.4905
MXC,-0.17930926601330915,16,1,14,0.95,0.5223
MXCT,0.23845281720557493,90,0,0,0.0,0.2769
MXE,-0.0545767393875307,35,1,7,0.8,0.1568
MXF,-0.02394078341314625,47,1,2,0.55,0.1185
MYE,0.5419248511827415,96,0,0,0.0,0.0335
MYFW,0.1718731830142196,86,0,0,0.1,0.0
MYGN,0.31165597296726066,92,0,0,0.15,0.1676
MYI,0.002434058687285856,56,0,0,0.25,0.0853
MYN,-0.0008954769234326143,55,0,0,0.2,0.0905
MYND,0.014905903283872708,59,1,3,0.3,
MYO,0.08386622649886843,73,1,7,0.35,0.3448
MYPS,0.0377568409419409,64,0,0,0.5,0.2802
MYRG,0.15112556771486935,84,1,1,0.3,0.0818
MYSE,0.39442407119014916,95,0,0,0.3,
MYSZ,-0.22024033715069974,12,1,21,1.0,0.595
MZTI,-0.060855071413525544,34,0,0,0.65,0.3708
NA,-0.2566964325509346,9,1,21,1.0,0.5455
NAAS,0.1298257397659881,81,1,3,0.25,0.1629
NABL,-0.17772129715842855,17,0,0,0.8,0.5154
NAC,-0.0034684451020560864,54,0,0,0.3,0.0849
NAD,0.004046126348352663,56,0,0,0.2,0.0943
NAGE,-0.21144828956491935,13,1,40,1.0,0.5454
NAII,-0.11039785413468749,26,1,8,0.95,0.5528
NAK,-0.11751264524220992,25,1,9,0.75,0.3274
NAKA,-0.3899227079407263,4,1,51,1.0,0.819
NAMI,-0.6626374365931732,1,1,64,1.0,0.8791
NAMM,-0.14204436227902728,21,0,0,0.4,
NAMS,0.10744531048987711,77,0,0,0.65,0.1216
NAN,0.000520152682445249,55,0,0,0.2,0.0761
NAT,0.025143521317843073,61,1,2,0.35,0.1729
NATH,-0.02260880984797449,48,1,3,0.45,0.1459
NATL,-0.03878499564288351,39,1,14,0.9,0.1675
NATR,-0.08180327163337898,30,0,0,0.7,0.2771
NAUT,-0.39803134900726184,4,1,21,1.0,0.5931
NAVI,-0.0026126220359894772,54,0,0,0.55,0.3633
NAVN,0.27963870534805485,91,0,0,0.15,0.0
NAZ,-0.027577550521945583,45,1,12,0.6,0.1103
NB,-0.18338957427093588,16,1,18,0.95,0.4245
NBB,-0.0292588269865415,44,1,2,0.45,0.1137
NBBK,0.051617663005990785,67,0,0,0.2,0.1286
NBH,0.0045995190464633365,56,0,0,0.3,0.0782
NBHC,0.060920104083885276,69,0,0,0.2,0.0283
NBIS,0.33746207809506007,93,1,1,0.15,0.1995
NBIX,0.12308199281068312,80,0,0,0.15,0.0268
NBN,0.10678875035228257,77,0,0,0.2,0.0
NBP,-0.049532252992518185,37,0,0,0.8,0.5823
NBR,-0.21033284763123516,13,1,12,0.75,0.309
NBTB,0.10294191203973578,77,0,0,0.1,0.0095
NBTX,0.08247776533062397,73,0,0,0.9,0.2826
NBXG,0.07303787805519572,72,0,0,0.1,0.0387
NC,-0.06116514393230297,34,1,3,0.4,0.2406
NCA,-0.027971440078659572,45,0,0,0.65,0.1374
NCDL,-0.07465791547608114,32,0,0,0.8,0.152
NCEL,0.143380617865346,83,0,0,0.5,0.257
NCEW,-0.011767365347102827,51,1,4,0.2,0.2113
NCI,0.12821230314070164,81,0,0,0.0,
NCL,-0.0574934581099273,35,1,6,0.5,0.517
NCLH,0.09952516300524562,76,0,0,0.0,0.2404
NCMI,0.07253414453364722,71,0,0,0.1,0.128
NCNA,-0.2945641746948353,7,1,21,1.0,0.643
NCNO,-0.01274775080380295,51,0,0,0.8,0.3798
NCPL,0.008624906515036418,57,1,14,0.7,
NCRA,-0.5455157163792808,2,1,23,1.0,0.9065
NCSM,-0.19564944746436358,15,1,10,0.5,0.5188
NCT,0.12527822294080865,80,0,0,0.4,
NCTY,-0.049411883738056356,37,0,0,0.65,0.3768
NCV,0.0368889954948111,64,0,0,0.2,0.0075
NCZ,0.029277944256686547,62,0,0,0.2,0.0102
NDAQ,-0.12098386588135171,24,1,11,0.9,0.2391
NDLS,0.328227877684718,93,0,0,0.0,
NDMO,-0.017665261074661223,50,1,2,0.3,0.1017
NDRA,-0.057646131273463845,35,1,1,0.65,0.252
NDSN,0.02328086920716934,61,0,0,0.1,0.0931
NE,-0.26404661704702415,9,1,28,1.0,0.3618
NEA,-0.003650779487595228,54,0,0,0.2,0.0949
NECB,0.14346015490949665,83,0,0,0.1,0.0035
NEE,-0.06090997817029599,34,1,2,0.75,0.2011
NEGG,-0.40626837520508746,3,1,48,1.0,0.7424
NEM,-0.17837925796580434,17,1,9,0.9,0.3413
NEN,-0.09781266902500779,28,1,3,0.55,0.2103
NEO,0.5705547010971331,97,0,0,0.0,0.0
NEOG,-0.015473336207637793,50,0,0,0.35,0.2444
NEON,-0.42081445430666214,3,1,18,0.9,0.5428
NEOV,0.17216068773336546,86,0,0,0.7,0.5595
NEPH,-0.03214188656956132,42,1,1,0.65,0.4252
NERV,-0.09311901540224087,28,0,0,0.85,0.4384
NESR,0.16998406391780396,85,0,0,0.4,0.0365
NET,0.0191042115148956,60,0,0,0.55,0.0823
NEU,0.05556202235071213,68,1,2,0.25,0.074
NEUP,-0.3234525140822707,6,1,3,0.95,0.363
NEWP,-0.21521668068996286,13,1,10,0.9,0.3566
NEWT,0.1569914313099457,84,0,0,0.1,0.0219
NEWTP,0.018031080312221844,60,0,0,0.25,0.0908
NEXA,-0.19662684066231495,14,1,9,0.8,0.2932
NEXM,-0.10025442491527742,27,0,0,0.95,0.4875
NEXN,0.195939547658873,87,0,0,0.0,0.0
NEXR,-0.6343752749209141,1,1,4,0.9,
NEXT,-0.0900785156795377,29,1,12,0.7,0.2363
NFBK,0.036733962865958134,64,0,0,0.25,0.0529
NFE,-0.3828946559552252,4,1,33,1.0,0.7939
NFG,-0.08403458137090365,30,1,2,0.9,0.3016
NFGC,-0.23297758390388718,11,1,33,1.0,0.5801
NFJ,0.06134944991343179,69,0,0,0.0,0.0082
NFLX,-0.21071728789578142,13,1,52,1.0,0.3552
NG,-0.30942701925299504,7,1,9,0.85,0.6087
NGEN,-0.21263026363320287,13,1,57,1.0,0.678
NGG,-0.0635301838328847,34,1,2,0.75,0.2003
NGL,-0.02833670633711864,45,1,3,0.8,0.1343
NGNE,0.3058983770149474,92,0,0,0.15,0.0
NGS,0.004339215723137849,56,1,1,0.35,0.125
NGVC,0.10069963827114316,76,0,0,0.2,0.0415
NGVT,-1.2268510318401427e-05,55,1,1,0.25,0.138
NHC,0.1965745198196619,87,0,0,0.1,0.0
NHI,-0.0013285170554428877,54,0,0,0.6,0.2161
NHPAP,0.08279081898553878,73,0,0,0.1,0.0064
NHPBP,0.06756777332643234,71,0,0,0.0,0.0176
NHS,-0.04121501267763429,38,1,3,0.8,0.2231
NHTC,-0.369834810066153,4,1,35,1.0,0.5558
NI,-0.021872037625736498,48,1,2,0.3,0.1427
NIC,0.15628040931493836,84,0,0,0.15,0.0335
NICE,-0.10725162568377956,26,0,0,0.8,0.3331
NIE,0.02372163955037996,61,0,0,0.2,0.0035
NIM,-0.01893027120071909,49,0,0,0.4,0.1452
NIO,-0.22116501654365267,12,1,20,1.0,0.3211
NIPG,-0.52150574538365,2,1,13,0.9,0.8019
NIU,-0.25089190593156374,10,1,40,1.0,0.5543
NIVF,-0.6000268925962328,1,1,52,1.0,
NIXX,1.2329031481806791,99,0,0,0.0,0.0
NJR,0.0018133527525539817,55,1,2,0.6,0.1357
NKE,-0.10781851745397662,26,1,8,0.65,0.3914
NKLR,-0.20812768185946273,13,1,20,1.0,0.4023
NKSH,0.03105860209305386,63,0,0,0.3,0.1065
NKTR,-0.1246055779896388,23,1,1,0.7,
NKTX,-0.002264545285483803,54,0,0,0.6,0.2259
NKX,-0.012316803250396417,51,0,0,0.45,0.1116
NL,0.005213378033271661,56,1,2,0.95,0.2883
NLOP,-0.09913402867195202,28,1,14,0.95,0.1769
NLY,0.01594978110898955,59,0,0,0.2,0.103
NMAI,0.005043065104425891,56,0,0,0.4,0.0382
NMAX,0.30880744385062253,92,0,0,0.5,0.0354
NMCO,-0.005342557629458549,53,0,0,0.3,0.0974
NMFC,-0.12390672524369051,24,1,14,0.95,0.2383
NMG,-0.29006960753555083,7,1,42,1.0,0.5441
NMI,0.014465417286682755,59,1,1,0.1,0.0756
NMIH,0.07844035549150596,73,0,0,0.35,0.1019
NML,-0.02678061822969644,45,0,0,0.55,0.1727
NMM,-0.03471131467807016,41,1,6,0.6,0.1174
NMP,-0.029886647708320238,43,1,3,0.5,0.1448
NMPAU,-0.03478933500327247,41,1,3,0.5,0.1415
NMR,0.07520998643975342,72,0,0,0.0,0.144
NMRA,-0.2269226991777083,12,1,1,0.85,
NMRK,0.014584805582073798,59,0,0,0.4,0.1985
NMS,-0.02322788229939317,47,0,0,0.6,0.1278
NMT,-0.013470707080973355,51,1,1,0.45,0.0891
NMTC,-0.3114773106252961,6,1,48,1.0,0.5297
NMZ,0.0036701116652947813,56,0,0,0.15,0.0997
NN,-0.08061421900633983,30,1,12,0.65,0.2748
NNBR,0.6687806654578676,97,0,0,0.25,0.0
NNDM,-0.165544483962688,18,0,0,0.95,0.3572
NNE,-0.2166760761399084,12,1,7,0.85,0.4716
NNI,-0.01826356106229551,49,0,0,0.45,0.1179
NNN,0.047609557161215385,66,0,0,0.2,0.0732
NNNN,-0.6042471442125568,1,1,20,1.0,0.7221
NNOX,-0.3277543841122721,6,1,17,0.9,0.6211
NNVC,-0.009790673399227415,52,1,21,1.0,0.2675
NNY,-0.006737736315347756,53,0,0,0.15,0.0947
NOA,-0.10406083287283656,27,1,3,0.9,0.2963
NOAH,-0.07808340932345015,31,1,6,0.85,0.2592
NOC,-0.12930002168666022,23,1,13,0.9,0.3806
NODK,0.16187790137749114,85,0,0,0.0,0.0398
NOEM,-0.033159773920505356,41,1,3,0.5,0.1507
NOEMU,-0.0482290292149522,37,1,3,0.75,0.1479
NOG,-0.31130486547254527,6,1,43,1.0,0.4979
NOK,-0.01651756632872889,50,1,7,0.75,0.2216
NOMA,0.1413609413465034,83,0,0,0.6,0.2839
NOMD,0.10800665848289866,78,0,0,0.25,0.1949
NOV,-0.1185672505130497,24,1,12,0.65,0.221
NOVT,0.1221806660003051,80,0,0,0.35,0.0152
NOVTU,0.08473712158559822,74,0,0,0.4,0.0115
NOW,-0.08371427064189352,30,0,0,0.75,0.3551
NP,0.3020789780294047,92,0,0,0.25,0.0
NPAC,-0.029359967490688813,44,1,3,0.5,0.144
NPACU,-0.0322943994202795,42,1,3,0.5,0.1507
NPB,0.07376850666986758,72,0,0,0.2,0.0622
NPCE,-0.03685035730444228,40,1,2,0.75,0.2001
NPCT,-0.03468563278845987,41,0,0,0.6,0.116
NPFD,-0.02568550978072518,46,0,0,0.6,0.1181
NPK,-0.10776041681806843,26,1,28,1.0,0.2416
NPKI,-0.07547919524173992,31,1,1,0.55,0.1699
NPO,0.2158825210266554,88,0,0,0.0,0.071
NPT,0.405776729346684,95,0,0,0.25,
NPV,-0.024337425452693153,47,1,1,0.35,0.1144
NPWR,-0.15116930580292715,20,1,4,0.9,0.452
NRC,0.19660735786299566,87,0,0,0.35,0.0759
NRDS,-0.06168887861650965,34,0,0,0.65,0.3773
NRDY,0.10911425899158779,78,0,0,0.3,0.2297
NREF,0.05549892886371606,68,0,0,0.3,0.011
NRG,-0.025523600913914785,46,0,0,0.5,0.2964
NRGV,-0.05533717905256966,35,1,1,0.8,0.3219
NRIM,0.13030456274318314,81,0,0,0.1,0.1374
NRIX,0.3906085351297661,94,0,0,0.3,0.0131
NRK,0.0010070680836876192,55,0,0,0.2,0.0736
NRO,0.021697835535938473,60,0,0,0.35,0.0658
NRP,-0.15327382400146317,20,1,14,0.95,0.3201
NRSN,-0.13452998731156854,22,1,3,0.8,0.3862
NRT,-0.16655839213334955,18,1,17,0.9,0.3333
NRXP,0.13388818575355138,82,1,1,0.25,0.1524
NRXS,-0.0761517718936302,31,1,1,0.75,0.2128
NSA,0.08266213825635692,73,0,0,0.15,0.0272
NSC,0.015334526214073274,59,0,0,0.45,0.0837
NSIT,0.3244019943176153,93,0,0,0.0,0.0199
NSP,0.2856045538224548,92,0,0,0.05,0.1036
NSPR,-0.43514131408186413,3,1,66,1.0,0.6768
NSRX,0.19852725916788494,87,0,0,0.2,0.5758
NSSC,-0.05897406480550529,35,0,0,0.4,0.2532
NSTS,0.03461011848151871,64,1,2,0.25,0.0255
NSYS,0.02985640073262183,63,1,2,0.15,0.0938
NTAP,0.13077187568081072,81,0,0,0.15,0.1288
NTB,0.06282651485007991,70,0,0,0.05,0.0238
NTCL,-0.8720162671570644,0,1,14,0.7,
NTCT,0.11847858746870675,79,0,0,0.25,0.0124
NTES,0.0604663325854871,69,0,0,0.35,0.1863
NTGR,-0.112718678579151,25,1,19,0.95,0.199
NTHI,-0.11374145483438756,25,1,6,0.75,0.6171
NTIC,0.05336723998005244,68,0,0,0.25,0.1823
NTIP,-0.026588017719826752,46,1,2,0.5,0.1524
NTLA,0.24556398654016948,90,0,0,0.25,0.0103
NTNX,0.06835874141623717,71,0,0,0.5,0.1158
NTR,-0.15064453772738107,20,1,39,1.0,0.3162
NTRA,0.27471497687450286,91,0,0,0.05,0.0011
NTRB,-0.18476577433238167,16,1,39,1.0,0.4232
NTRP,-0.1989548338773306,14,1,17,0.95,0.4961
NTRS,0.06006331122379811,69,0,0,0.0,0.0327
NTRSO,-0.019569898722770887,49,0,0,0.55,0.1355
NTSK,0.04433200703398221,66,0,0,0.7,0.3924
NTST,0.03567726981139059,64,0,0,0.35,0.0759
NTWK,0.16236457356431128,85,0,0,0.15,0.0
NTWO,-0.03023837559165018,43,1,3,0.5,0.1427
NTWOU,-0.0311225823976244,42,1,3,0.5,0.1516
NTZ,-0.25565122642099747,9,1,58,1.0,0.454
NU,-0.055718503663336895,35,0,0,0.5,0.3393
NUAI,0.07958959987182776,73,1,1,0.2,0.4077
NUE,-0.0463332120368024,37,1,4,0.4,0.1822
NUS,-0.20502000671125414,14,1,60,1.0,0.5731
NUTR,-0.03489260719944927,41,1,3,0.5,0.1548
NUTX,0.5912525789413702,97,0,0,0.0,0.0517
NUV,-0.011827716955013105,51,0,0,0.35,0.1089
NUVB,0.12955230174742527,81,1,1,0.15,0.4361
NUVL,0.24060514918636627,90,0,0,0.2,0.0278
NUW,-0.009007093018553895,52,0,0,0.25,0.1144
NUWE,-0.9299045832456913,0,1,54,1.0,
NVA,-0.2669221912145522,9,1,10,0.5,0.5853
NVAX,0.00546885410978723,56,0,0,0.7,0.2227
NVCR,0.04234056260587893,65,1,9,0.5,0.1491
NVCT,1.1552904780762339,98,0,0,0.25,0.3202
NVDA,-0.06985891022360972,32,1,20,1.0,0.1603
NVEC,0.2055128937180868,88,0,0,0.3,0.1008
NVG,-0.002343477021262433,54,0,0,0.2,0.104
NVGS,-0.15878950364579714,19,1,6,0.75,0.2405
NVMI,0.019435925437011135,60,1,1,0.3,0.1622
NVNI,-0.24483812681709605,10,1,21,1.0,0.7008
NVNO,-0.002510380184596289,54,0,0,0.65,0.239
NVO,0.13038854365979696,81,0,0,0.4,0.2698
NVR,0.02498862018121148,61,0,0,0.1,0.2543
NVRI,0.22091771397656101,89,0,0,0.05,0.0
NVS,0.008726548850916171,57,0,0,0.35,0.1381
NVST,0.07482329759694559,72,0,0,0.2,0.1713
NVT,0.03821896456729261,64,1,1,0.3,0.1337
NVTS,-0.024918419812335016,46,1,7,0.7,0.478
NVVE,-0.06881535295094783,33,1,1,0.85,
NVX,-0.40689571191714197,3,1,10,0.8,0.7411
NWBI,0.09767734605013285,76,0,0,0.05,0.0089
NWE,0.01159361050882448,58,0,0,0.45,0.0874
NWFL,0.066129656408855,70,0,0,0.25,0.0648
NWG,0.10975436370914667,78,0,0,0.05,0.0951
NWGL,-0.7020961518505066,1,1,44,1.0,0.8218
NWL,0.641550777866513,97,0,0,0.05,0.0394
NWN,-0.06491845723367905,33,1,2,0.55,0.2246
NWPX,0.3857156526529076,94,0,0,0.0,0.047
NWS,-0.06511283222695186,33,1,14,0.75,0.1322
NWSA,-0.05325833896839717,36,1,14,0.75,0.1207
NWTG,-0.2901478696626962,7,1,5,0.75,0.5539
NX,-0.0649390797819806,33,0,0,0.7,0.2599
NXB,-0.14311052338933605,21,1,1,0.85,0.4804
NXDR,0.2717058326043624,91,0,0,0.0,0.0
NXDT,0.010127710352172525,57,0,0,0.45,0.0329
NXE,-0.2319508978855132,11,1,20,1.0,0.3703
NXG,0.10784401840591394,78,0,0,0.15,0.001
NXGL,-0.09103064502753998,29,0,0,0.75,0.7151
NXL,-0.16608562139281907,18,1,13,0.75,0.5398
NXP,-0.022633404774992653,47,1,2,0.45,0.1361
NXPI,-0.01423905110578455,51,1,7,0.65,0.1547
NXPL,0.1939435696412969,87,0,0,0.5,0.1192
NXRT,-0.0032045025544225406,54,0,0,0.6,0.1409
NXST,-0.07669885533893253,31,0,0,0.9,0.344
NXT,-0.14923488277723523,20,1,7,0.85,0.2486
NXTC,-0.6463963010692495,1,1,27,1.0,0.8752
NXTS,-0.13081391106640616,22,1,5,0.45,
NXTT,-0.2288185076642339,11,1,9,0.45,
NXXT,-0.23727098564034205,11,1,16,0.85,
NYAX,-0.04437268889257172,38,0,0,0.8,0.1012
NYC,0.03223166786510767,63,0,0,0.65,0.2671
NYT,-0.11942254311612982,24,1,17,0.95,0.2691
NYXH,-0.43725587692884693,3,1,35,1.0,0.6851
NZF,-0.009058763389055716,52,1,2,0.3,0.0936
O,-0.017630703291572285,50,1,2,0.55,0.1475
OABI,0.24324780542737695,90,0,0,0.25,0.1132
OACC,-0.030079404861977358,43,1,3,0.5,0.1452
OACCU,-0.00732977957446708,53,0,0,0.4,0.1294
OBA,-0.028398226960933304,45,1,3,0.5,0.1447
OBAWU,-0.02951383912662793,44,1,3,0.4,0.2105
OBDC,-0.06327550378561461,34,0,0,0.7,0.1683
OBE,-0.3567129401485186,5,1,30,1.0,0.472
OBIO,0.05212636562995843,67,0,0,0.45,0.2082
OBK,0.10712531427094267,77,0,0,0.05,0.0198
OBT,0.0950333590529902,75,0,0,0.1,0.0207
OC,0.22365902016320433,89,0,0,0.2,0.0514
OCC,0.5729633754744703,97,1,1,0.15,
OCCI,-0.21090681026156205,13,1,28,1.0,0.483
OCCIM,-0.021648516239807104,48,1,2,0.35,0.1336
OCCIN,-0.02303067432647226,47,1,3,0.45,0.1344
OCFC,0.03111484129792548,63,0,0,0.5,0.0894
OCG,-0.09218958334512635,29,1,12,0.8,
OCGN,-0.07456329851525392,32,0,0,0.65,0.4728
OCS,-0.3191874353454522,6,1,27,1.0,0.5911
OCSL,0.0013380873877886779,55,0,0,0.55,0.0951
OCUL,0.022157021976495828,61,0,0,0.25,0.2699
ODC,0.3538914429212406,94,0,0,0.05,0.0199
ODD,0.184091371544919,86,0,0,0.55,0.6071
ODFL,-0.025840502768654405,46,1,11,0.55,0.1362
ODV,-0.17410847612820723,17,1,10,0.95,0.5231
ODYS,-0.18229791460609207,16,1,2,0.9,0.5074
OEC,-0.14201173013263074,21,1,9,0.65,0.2581
OESX,0.2545333014090675,90,0,0,0.25,0.3932
OFAL,-0.5077263718142285,2,1,34,1.0,0.7821
OFG,0.10908185166045435,78,0,0,0.1,0.0
OFIX,-0.12902319906924342,23,1,3,0.95,0.4692
OFLX,0.010375830159059116,58,0,0,0.2,0.2103
OFS,0.0017514933446988457,55,0,0,0.55,0.3136
OGC,-0.19407874660319596,15,1,10,0.95,0.4597
OGCP,-0.03272724651972149,41,1,1,0.25,0.2638
OGE,-0.006294290215694512,53,1,1,0.4,0.1404
OGEN,-0.00686594757432657,53,0,0,0.55,0.4378
OGI,-0.21430510309998319,13,1,3,0.95,0.4627
OGN,0.23069961749806034,89,0,0,0.0,0.0333
OGS,-0.09570962665436192,28,1,3,0.8,0.2453
OHI,0.030998133229690514,63,0,0,0.6,0.103
OI,0.04603166433008152,66,0,0,0.3,0.4724
OIA,-0.010298823720813102,52,0,0,0.45,0.1215
OII,0.028036462916768423,62,0,0,0.45,0.0805
OIO,0.0413884830786861,65,0,0,0.55,
OIS,-0.22255968852745256,12,1,43,1.0,0.496
OKE,-0.05684245877880913,35,1,2,0.5,0.2169
OKLO,-0.21426193233071533,13,1,20,1.0,0.5389
OKTA,0.39654751699274565,95,0,0,0.0,0.0
OKUR,-0.0345913054396991,41,0,0,0.05,0.1867
OKYO,-0.12149917464233205,24,1,6,0.95,0.5537
OLB,-0.26696855274593867,9,1,15,0.95,
OLED,-0.12716772852748334,23,1,7,0.85,0.4139
OLLI,-0.14203950813052835,21,1,11,0.85,0.4142
OLMA,-0.14614532535256847,20,0,0,0.7,0.6179
OLN,-0.31381603261276936,6,1,39,1.0,0.4232
OLOX,-0.42487551960795794,3,1,14,0.7,
OLP,0.07778212661180466,73,0,0,0.15,0.0255
OLPX,-0.029966503453540974,43,1,3,0.4,
OM,0.10839448126845859,78,0,0,0.35,0.1671
OMAB,0.05256614747358114,67,0,0,0.35,0.2134
OMC,-0.023533965299921,47,0,0,0.45,0.1796
OMCL,0.00578025067079245,56,0,0,0.75,0.2492
OMDA,0.4057868827671143,95,0,0,0.1,0.0
OMER,-0.2244175283236639,12,1,4,0.85,0.4765
OMEX,-0.2573082648429115,9,1,20,1.0,0.6822
OMF,0.060770713764329215,69,0,0,0.15,0.1894
OMH,-0.49617957125015394,2,1,24,1.0,0.7654
OMSE,-0.189780235655637,15,1,29,1.0,0.3532
ON,-0.05633942852377162,35,1,4,0.45,0.2872
ONB,0.09881591546154476,76,0,0,0.1,0.0611
ONBPO,-0.02382703247333862,47,1,3,0.5,0.1352
ONBPP,-0.027429665388899807,45,1,2,0.4,0.1406
ONC,-0.02391829725129524,47,0,0,0.65,0.286
ONCH,-0.02488171354019371,46,1,3,0.5,0.1419
ONCHU,-0.022942202258481474,47,1,2,0.45,0.1412
ONCO,-0.5000930184963407,2,1,66,1.0,
ONCY,-0.0917814239566472,29,1,1,0.5,0.3488
ONDS,-0.32881292219479524,6,1,18,0.9,0.4801
ONEG,-0.23404795916428006,11,1,5,0.7,
ONEW,0.049668778754416484,67,1,2,0.45,0.2993
ONFO,-0.5844187313934901,1,1,39,1.0,
ONIT,0.028219527196895036,62,0,0,0.4,0.3025
ONL,0.01703426207444489,59,1,1,0.7,0.0624
ONMD,-0.19295565696955153,15,0,0,0.8,0.4555
ONON,-0.07761030970247951,31,1,3,0.7,0.3541
ONT,0.07950326594406253,73,0,0,0.25,0.3543
ONTO,0.3520514101299456,94,0,0,0.1,0.0703
OOMA,0.1350599200443205,82,0,0,0.6,0.0136
OPAD,5.724482395863578,99,0,0,0.05,
OPAL,-0.07015236508166753,32,0,0,0.65,0.2809
OPBK,0.07426381457272056,72,0,0,0.25,0.0425
OPCH,-0.053926407911726426,36,1,3,0.55,0.4716
OPEN,-0.08315671882335388,30,0,0,0.8,0.3727
OPFI,0.13779841878046883,82,0,0,0.55,0.1255
OPHC,0.05041812379898612,67,0,0,0.1,0.0605
OPK,0.1861516986811969,87,0,0,0.0,0.0225
OPLN,0.15055026612776584,84,0,0,0.05,0.084
OPP,-0.021593775360283653,48,0,0,0.6,0.1081
OPRA,0.1043478262873316,77,0,0,0.2,0.0
OPRT,0.07361784485818347,72,0,0,0.5,0.1038
OPRX,0.01657058158697114,59,0,0,0.8,0.599
OPTT,-0.3094530115498888,7,1,18,0.9,0.6422
OPTU,-0.1981581813584779,14,1,1,0.05,
OPTX,0.3486951131881419,93,0,0,0.3,0.1489
OPXS,0.13944328416003587,82,0,0,0.0,0.2119
OPY,0.09560938320567357,75,0,0,0.05,0.0805
OR,-0.17603769114869106,17,1,9,0.85,0.3955
ORA,-0.14048841355595904,21,1,11,0.55,0.2287
ORBS,-0.2597597394620158,9,1,8,0.65,0.6703
ORC,-0.00758541062008904,52,0,0,0.65,0.1603
ORCL,-0.2884723645638435,8,1,15,0.75,0.4174
ORGN,-0.49917832052779487,2,1,41,1.0,0.8845
ORGO,-0.0005468501403214088,55,1,3,0.7,0.5203
ORI,0.04738871169072571,66,0,0,0.2,0.1304
ORIC,0.07402503976985379,72,0,0,0.45,0.2876
ORIO,-0.19800942668214944,14,1,49,1.0,0.4536
ORIQ,-0.030199484156538527,43,1,3,0.5,0.1456
ORIQU,-0.025112444156190475,46,1,2,0.35,0.1423
ORKA,0.6025383730931723,97,0,0,0.05,0.0184
ORKT,-0.08512517173654716,30,1,6,0.3,
ORLA,-0.29155144737768596,7,1,54,1.0,0.5864
ORLY,-0.019406182866266854,49,0,0,0.55,0.1519
ORMP,0.18527215074352155,87,0,0,0.6,0.0922
ORN,0.14747033236011103,83,1,1,0.35,0.1044
ORRF,0.11001137448431293,78,0,0,0.05,0.0256
OSBC,0.10572937688525406,77,0,0,0.1,0.0125
OSCR,0.7341432387926154,98,0,0,0.05,0.0
OSG,0.2812488916562781,92,0,0,0.1,0.2205
OSIS,-0.14473339446001698,21,1,3,0.75,0.3485
OSK,0.015214362212721197,59,0,0,0.25,0.2523
OSPN,0.1084065050522358,78,0,0,0.3,0.0377
OSRH,-0.43847781018944815,3,1,33,1.0,
OSS,0.47930823907427506,96,0,0,0.3,
OST,-0.03489260719944927,41,1,3,0.5,0.1548
OSTX,0.02521392778093226,61,1,1,0.5,0.1971
OSUR,0.2075405767040877,88,0,0,0.0,0.0532
OSW,0.14468719801534657,83,0,0,0.1,0.0249
OTEX,-0.06546145265755807,33,0,0,0.85,0.3546
OTF,-0.07781397915200992,31,0,0,0.65,0.2854
OTGA,-0.03013439935538658,43,1,3,0.5,0.1447
OTGAU,-0.02990977390164467,43,1,3,0.5,0.1482
OTIS,-0.06735819534644347,33,1,2,0.55,0.305
OTLK,3.0281780626680583,99,0,0,0.0,0.1982
OTLY,-0.10959075926105914,26,0,0,0.75,0.3386
OTTR,0.010204094442182572,58,0,0,0.3,0.1103
OUST,0.9543703452850044,98,0,0,0.05,0.0387
OUT,0.061937090546037396,69,0,0,0.6,0.0345
OVBC,-0.07868819988524137,31,1,6,0.55,0.1354
OVID,0.020239078692689247,60,0,0,0.7,0.159
OVLY,0.014777350977932327,59,0,0,0.5,0.0927
OVV,-0.15478258500772699,20,1,14,0.85,0.2862
OWL,-0.15645883523090975,19,1,18,0.95,0.4812
OWLS,-0.0680836446188184,33,1,3,0.85,0.2186
OWLT,0.1399052101912555,82,0,0,0.6,0.658
OXBR,0.2610179862169498,91,0,0,0.5,0.1527
OXLC,-0.12844845893416829,23,1,41,1.0,0.3657
OXLCN,-0.02672286778044797,45,1,3,0.45,0.1306
OXLCO,-0.03093288075800822,42,1,2,0.45,0.1222
OXM,-0.19062813395590084,15,1,14,0.75,0.2771
OXSQ,-0.17308286147178736,17,1,4,0.95,0.325
OXY,-0.23950005108346223,10,1,14,0.9,0.3854
OYSE,-0.02741580352172584,45,1,3,0.5,0.1423
OYSEU,0.03106271033939771,63,0,0,0.05,0.1482
OZ,-0.12565051054225276,23,1,6,0.95,0.2945
OZK,0.0813845901607766,73,0,0,0.15,0.0435
OZKAP,-0.04587512510093768,37,1,3,0.6,0.1548
P,0.007032559371281402,57,0,0,0.8,0.1267
PAA,-0.05186549189993842,36,1,3,0.8,0.1479
PAAS,-0.21753658252234398,12,1,32,1.0,0.4061
PAC,0.015654398037977232,59,0,0,0.4,0.2273
PACB,0.10767852856004594,77,0,0,0.5,0.4011
PACH,-0.030270360600509652,43,1,3,0.5,0.1456
PACHU,-0.03295090780925465,41,1,3,0.5,0.1531
PACK,0.26094274888707975,91,1,1,0.05,0.1107
PACS,0.26089933183066233,91,0,0,0.4,0.0265
PAG,0.03592847205925735,64,1,1,0.1,0.0762
PAGP,-0.04415269388133861,38,1,1,0.7,0.1499
PAGS,-0.09910762597059994,28,0,0,0.85,0.2851
PAHC,-0.19688212034000957,14,1,38,1.0,0.5039
PAI,-0.029447585614821196,44,1,2,0.5,0.1292
PAII,-0.02819779772946316,45,1,3,0.5,0.1481
PAL,0.01214853919512223,58,1,3,0.15,0.4258
PALI,-0.04069202594017235,39,0,0,0.65,0.3375
PAM,-0.10855401984549261,26,1,8,0.6,0.2219
PAMT,0.2705020213592812,91,0,0,0.15,0.0917
PANL,-0.16573533168229587,18,1,6,0.9,0.3577
PANW,0.5790333696232988,97,0,0,0.0,0.0
PAPL,-0.06950712296987828,32,0,0,0.8,
PAR,0.21497338231991536,88,0,0,0.3,0.5744
PARK,0.06471163722416244,70,0,0,0.6,0.0782
PARR,-0.06365116219393029,34,0,0,0.75,0.2406
PASG,-0.2578671897099185,9,1,5,0.65,0.7864
PASW,0.07231747650509675,71,1,7,0.4,
PATH,-0.049537047391289654,37,0,0,0.6,0.4045
PATK,-0.13148987141433988,22,1,2,0.8,0.4554
PAVM,-0.1708486931908732,17,0,0,0.85,
PAVS,4.621644836225958,99,0,0,0.85,
PAX,-0.12630772969576254,23,1,9,0.8,0.4102
PAXS,-0.00854664761971671,52,0,0,0.45,0.1261
PAY,-0.039347595317709705,39,0,0,0.75,0.232
PAYC,-0.04514722006172581,37,0,0,0.75,0.215
PAYO,0.33865217224572447,93,0,0,0.1,0.028
PAYS,0.19899842268667756,87,0,0,0.1,0.0
PAYX,0.02920963373589862,62,0,0,0.3,0.1539
PB,0.05274566148639742,67,0,0,0.1,0.0936
PBA,-0.04240059546203645,38,1,3,0.45,0.1419
PBF,0.07709354544763228,72,0,0,0.35,0.1994
PBFS,0.10514128433717128,77,0,0,0.0,0.0145
PBH,-0.09180010475248106,29,0,0,0.7,0.3708
PBHC,0.16968274404985006,85,0,0,0.05,0.0367
PBI,0.14680643294672113,83,0,0,0.0,0.0527
PBK,-0.15035440341363565,20,1,11,0.65,
PBM,-0.2693472497469239,9,1,39,1.0,
PBR,-0.232074196535198,11,1,39,1.0,0.3417
PBT,-0.03966959884497319,39,1,12,0.65,0.2063
PBYI,0.09545555190408304,75,0,0,0.3,0.0685
PC,-0.03489260719944927,41,1,3,0.5,0.1548
PCAP,-0.0313649297245209,42,1,3,0.5,0.1465
PCAPU,-0.03021496053445543,43,1,3,0.5,0.149
PCAR,0.03657047651968888,64,0,0,0.05,0.1351
PCB,0.19001093393562468,87,0,0,0.05,0.0
PCF,-0.02215056683877289,48,0,0,0.75,0.1169
PCG,-0.03126433231889299,42,1,2,0.45,0.2016
PCLA,0.6694433654824608,97,0,0,0.45,
PCM,-0.034152476551202994,41,1,3,0.75,0.126
PCN,-0.015075024787633166,50,0,0,0.25,0.1206
PCOR,-0.2821015659897656,8,1,20,1.0,0.4806
PCQ,-0.006868360827645192,53,0,0,0.25,0.0927
PCRX,0.026276376744955574,62,0,0,0.5,0.1153
PCSA,-0.27451551654340295,8,1,18,0.9,0.5122
PCSC,-0.058949242301410784,35,1,12,0.7,0.2986
PCT,-0.07749194108249233,31,1,16,0.8,0.4186
PCTTU,0.20727198519915924,88,1,3,0.45,
PCTY,-0.05774877147883088,35,0,0,0.7,0.334
PCVX,0.025338898812789397,61,0,0,0.5,0.1853
PCYO,-0.0069317500035178115,53,0,0,0.3,0.1559
PD,0.20974597587847504,88,0,0,0.1,0.2764
PDC,-0.13022680275272153,22,1,1,0.7,0.3574
PDCC,-0.05648650694272583,35,1,2,0.7,0.3167
PDD,-0.15256811912292356,20,0,0,0.95,0.3792
PDEX,0.06465100768197793,70,1,4,0.4,0.0619
PDFS,0.4943784312161366,96,0,0,0.0,0.054
PDI,-0.02779638831963114,45,0,0,0.6,0.144
PDLB,0.10508761066044857,77,0,0,0.05,0.0
PDM,0.16254563277129186,85,0,0,0.0,0.0256
PDO,-0.006800296796609699,53,0,0,0.4,0.1115
PDPA,-0.027215041426628363,45,1,3,0.45,0.1367
PDS,-0.2323611762455473,11,1,12,0.7,0.3669
PDSB,-0.09315779379120372,28,1,13,0.9,0.3984
PDT,-0.025931543449543917,46,0,0,0.45,0.1345
PDX,-0.05653916953674958,35,1,4,0.8,0.1789
PDYN,-0.18577784502332984,16,1,8,0.8,0.448
PEB,0.24687239445119424,90,0,0,0.0,0.0461
PEBK,0.05564943695834619,68,0,0,0.3,0.0456
PEBO,0.12102968885890424,79,0,0,0.05,0.0065
PECO,0.03136369437348148,63,1,2,0.25,0.0528
PED,-0.13810045613040894,21,1,1,0.8,0.3792
PEG,-0.009363491973492177,52,1,2,0.25,0.1591
PEGA,-0.22285850338596125,12,1,20,1.0,0.5293
PEN,-0.05535027144911867,35,1,3,0.75,0.1992
PENG,1.0020635309419923,98,0,0,0.0,0.0935
PENN,0.15119225402039355,84,0,0,0.0,0.0399
PEO,-0.10316052467103975,27,1,14,0.85,0.2529
PEP,-0.07719489874648787,31,1,14,0.95,0.2312
PEPG,0.11637094300515415,79,0,0,0.45,
PERF,-0.029404219712078045,44,0,0,0.75,0.143
PERI,0.008864396934111188,57,0,0,0.65,0.196
PESI,0.3937319790106196,94,0,0,0.35,0.1038
PETS,-0.1352880116797943,22,0,0,0.9,0.4856
PETZ,0.10988874505359252,78,1,4,0.2,0.2454
PEW,-0.19006221542937657,15,1,34,1.0,0.4223
PFAI,0.014686395390133167,59,1,2,0.8,0.1333
PFBC,0.11767414058588897,79,0,0,0.1,0.0
PFD,-0.013317822271065573,51,0,0,0.3,0.1025
PFE,-0.12339568347090245,24,1,9,0.7,0.2612
PFG,0.06453357086859744,70,0,0,0.15,0.0464
PFGC,0.17727673789766712,86,0,0,0.05,0.0074
PFIS,0.17105512424373098,86,0,0,0.05,0.0079
PFL,-0.022047165596200815,48,0,0,0.6,0.1164
PFLT,-0.1291501973622495,23,1,38,1.0,0.2342
PFN,0.006406954411614339,56,0,0,0.55,0.0886
PFO,-0.013667797831298036,51,0,0,0.35,0.1109
PFS,0.06348448172570888,70,0,0,0.15,0.0605
PFSA,-0.7281158549366082,0,1,57,1.0,
PFSI,-0.043059336305629387,38,0,0,0.7,0.5059
PFX,-0.029723904017988835,44,1,3,0.45,0.1702
PG,-0.0030371366336732486,54,1,3,0.3,0.1871
PGAC,-0.02576645353391665,46,1,3,0.45,0.1443
PGACU,-0.04378903549534155,38,1,13,0.65,0.3168
PGC,0.1521047586591726,84,0,0,0.05,0.0156
PGEN,0.25216695342685425,90,0,0,0.3,0.1242
PGNY,0.3495203076436512,93,0,0,0.0,0.0392
PGP,-0.04257189981959561,38,0,0,0.75,0.1337
PGR,0.11300460566115607,78,0,0,0.1,0.0539
PGY,0.2928026788490789,92,0,0,0.05,0.3324
PGZ,0.025443283645429873,61,0,0,0.15,0.07
PH,0.08490713875695642,74,0,0,0.1,0.1343
PHAR,-0.10169633745596564,27,0,0,0.65,0.4019
PHAT,0.007019624969238955,57,1,1,0.6,0.4641
PHG,0.014722741201228934,59,0,0,0.15,0.2073
PHGE,-0.7519437743994837,0,1,22,1.0,
PHI,-0.11516806222327856,25,1,2,0.85,0.3081
PHIN,0.034807906221508395,64,1,1,0.1,0.0995
PHIO,-0.1825786732633854,16,1,53,1.0,0.4489
PHK,-0.006662580161735047,53,0,0,0.3,0.1074
PHM,0.08127962190055674,73,0,0,0.1,0.1507
PHOE,0.13195015057808457,81,0,0,0.6,
PHR,0.0729546046876129,72,0,0,0.7,0.4372
PHUN,0.010957129781676248,58,0,0,0.9,0.1231
PHVS,0.11723716217811493,79,0,0,0.05,0.0281
PI,0.04535882911164134,66,0,0,0.75,0.3665
PII,-0.02144835264816897,48,1,2,0.1,0.174
PIII,1.3115929084403202,99,1,2,0.2,
PIM,-0.026395836567922243,46,0,0,0.4,0.1477
PINE,0.09705745933831196,76,0,0,0.25,0.0422
PINS,0.050495403440895884,67,0,0,0.35,0.2676
PIPR,-0.1301353072108557,22,1,5,0.6,0.2834
PJT,-0.004871004780168844,53,0,0,0.6,0.2521
PK,0.17490250171370458,86,0,0,0.0,0.0464
PKBK,0.0937218692978704,75,0,0,0.15,0.0
PKE,0.16088614671000057,85,0,0,0.6,0.0
PKG,0.06766561041058049,71,0,0,0.0,0.1106
PKOH,0.2596501879172626,91,0,0,0.0,0.0513
PKX,-0.31828056289107354,6,1,32,1.0,0.4621
PL,-0.2120125949075527,13,1,1,0.95,0.3793
PLAB,-0.22558346520574352,12,1,24,1.0,0.4547
PLAG,0.11528409498438362,79,0,0,0.5,0.5751
PLAY,-0.06479112671995088,33,1,3,0.7,0.5025
PLBC,0.1360847642102574,82,0,0,0.05,0.0067
PLBL,0.23462224727571068,89,0,0,0.3,0.2747
PLBY,-0.1975643358444492,14,1,6,0.55,0.5743
PLCE,-0.22759602415511443,11,1,13,0.85,0.4525
PLD,-0.039742784715629545,39,1,6,0.55,0.109
PLG,-0.239164547720763,10,1,33,1.0,0.6317
PLGO,0.16067205966764259,84,0,0,0.1,0.013
PLMK,-0.031300580686377644,42,1,3,0.5,0.1468
PLMKU,-0.040762067952798756,39,1,3,0.45,0.2063
PLMR,0.1453478719547332,83,0,0,0.4,0.0987
PLNT,-0.15791813306201902,19,1,3,0.75,0.5624
PLOW,0.15593298810415424,84,0,0,0.1,0.0519
PLPC,0.13489307646042137,82,0,0,0.1,0.0428
PLRX,-0.12325132303358498,24,1,9,0.9,0.3006
PLRZ,-0.16710285638897587,18,1,2,0.8,0.275
PLSE,0.20318719879966524,88,0,0,0.1,0.0373
PLTK,0.08548175875583414,74,0,0,0.5,0.1347
PLTR,-0.20052770691392108,14,1,20,1.0,0.3635
PLTS,-0.03489260719944927,41,1,3,0.5,0.1548
PLUG,-0.21320374461508634,13,1,20,1.0,0.3599
PLUR,-0.2981691085634576,7,1,34,1.0,0.4949
PLUS,-0.0187253569721466,49,1,1,0.8,0.1477
PLUT,-0.06024711842168494,34,1,7,0.65,0.1735
PLX,0.056271590559457976,68,0,0,0.4,0.3334
PLXS,0.1336165137894233,81,0,0,0.0,0.0467
PM,0.0262735538020457,62,1,1,0.4,0.1307
PMAX,-0.1720886497779286,17,1,3,0.75,
PMCB,-0.04120761136448098,38,1,1,0.45,0.3083
PMEC,-0.13123396023829403,22,1,4,0.7,0.4583
PMI,-0.3765043016053898,4,1,15,0.85,
PML,-0.009167485179939705,52,0,0,0.35,0.1122
PMM,0.029123294536642835,62,0,0,0.2,0.0702
PMN,0.18842099202976154,87,0,0,0.5,0.507
PMO,0.005571723498632664,56,0,0,0.2,0.0895
PMT,-0.01703664899888964,50,0,0,0.7,0.2239
PMTR,-0.026819990910868223,45,1,3,0.45,0.1391
PMTRU,-0.029561642302729667,44,1,3,0.45,0.1804
PMTS,0.22101492717780075,89,0,0,0.05,0.0038
PMVP,-0.06320166639567987,34,0,0,0.7,0.3693
PN,0.18078064675109234,86,0,0,0.8,
PNBK,-0.0344239867726876,41,0,0,0.65,0.3452
PNC,0.1295700354586306,81,0,0,0.05,0.0392
PNFP,0.03487966076447448,64,0,0,0.4,0.0872
PNI,-0.009602935478663602,52,0,0,0.3,0.0955
PNNT,-0.18361049948084474,16,1,39,1.0,0.42
PNR,-0.03568087737523377,40,0,0,0.6,0.3473
PNRG,-0.1922088859314357,15,1,26,1.0,0.4002
PNTG,0.15185618244271398,84,0,0,0.25,0.0264
PNW,0.03342448760343594,63,0,0,0.2,0.0985
POAS,-0.3698090814831992,4,1,23,1.0,
POCI,0.03108766987440688,63,1,8,0.4,0.2179
PODC,0.18495570810759265,87,1,1,0.4,0.1515
PODD,-0.06476153144947673,33,0,0,0.7,0.5087
POET,0.049586624271077406,67,1,11,0.85,0.5281
POLA,-0.14922328674788082,20,1,18,0.9,0.347
POLE,-0.02866875427677778,44,1,3,0.5,0.1452
POLEU,-0.1217838708943166,24,1,15,0.75,0.2178
POM,-0.45402500684159425,2,1,37,1.0,
PONY,-0.3210501110310786,6,1,19,0.95,0.6122
POOL,0.07783132349943345,73,0,0,0.2,0.2631
POR,-0.0007882758215749935,55,0,0,0.3,0.1646
POST,-0.08031282987468033,30,1,14,0.95,0.2691
POWI,0.1014394357355742,76,1,1,0.25,0.0827
POWL,0.005216091422517263,56,1,4,0.3,0.1881
POWW,0.0863374525193593,74,0,0,0.4,0.035
POWWP,-0.04841397792004576,37,1,1,0.75,0.1618
PPBT,-0.5284981629348765,2,1,45,1.0,0.773
PPC,-0.12908119280680824,23,1,2,0.6,0.4063
PPCB,-0.3583445284079761,5,1,10,0.8,
PPG,0.08428645044615077,73,0,0,0.0,0.1427
PPIH,-0.20117355492162947,14,1,18,0.95,0.3136
PPL,-0.03911267489016789,39,1,2,0.45,0.2018
PPLI,0.010096164026805708,57,0,0,0.6,0.0366
PPSI,-0.10124911987109635,27,1,8,0.85,0.3727
PPT,-0.03148837897490733,42,0,0,0.5,0.1454
PPTA,-0.24980316143242853,10,1,10,0.9,0.4837
PR,-0.1546745705501243,20,1,6,0.9,0.2916
PRAA,0.09514882008232355,75,0,0,0.55,0.1787
PRAX,-0.05898859944002226,34,0,0,0.6,0.1506
PRCH,0.6330608637528152,97,0,0,0.35,0.0
PRCT,-0.13310766550947692,22,1,13,0.75,0.3761
PRDO,-0.05414235482925,35,1,3,0.7,0.2406
PRE,-0.08981556026659722,29,1,4,0.2,0.2944
PRFX,-0.35253898267291334,5,1,9,0.85,
PRG,0.272477039454675,91,0,0,0.1,0.0424
PRGO,-0.09078974322814912,29,1,12,0.75,0.3522
PRGS,0.2466398966437951,90,0,0,0.35,0.1806
PRHI,0.06273458406370504,69,0,0,0.55,0.2392
PRI,0.058309919369579966,69,0,0,0.2,0.0207
PRIM,-0.3678193581016927,4,1,39,1.0,
PRK,0.07606882383298974,72,0,0,0.15,0.0197
PRKS,0.22513738455116056,89,0,0,0.0,0.0225
PRLB,0.12489118138847748,80,1,1,0.05,0.0461
PRLD,0.17655637840759103,86,0,0,0.35,0.1673
PRM,0.13866296352173918,82,1,1,0.25,0.0816
PRMB,0.0926911367283431,75,0,0,0.1,0.0393
PRME,0.0899254914742563,74,0,0,0.45,0.2358
PROF,-0.018323464193613706,49,0,0,0.8,0.2764
PROK,-0.014487565460837674,51,0,0,0.45,0.3116
PROP,-0.4045692322037951,3,1,58,1.0,0.7478
PROV,-0.007361246230949026,53,0,0,0.4,0.0851
PRPL,-0.2855108215341859,8,1,6,0.95,0.5891
PRPO,-0.040151457033977184,39,0,0,0.8,0.2545
PRQR,0.13174886988882933,81,0,0,0.55,0.2548
PRSO,-0.18923878695917318,15,1,18,0.95,
PRSU,0.28031661034634286,91,0,0,0.1,0.0098
PRT,-0.08719921256727267,29,0,0,0.5,0.4114
PRTA,-0.07843933836912353,31,0,0,0.6,0.2077
PRTH,0.22807008950531982,89,0,0,0.1,0.0425
PRTS,-0.17269282941453468,17,1,10,0.85,0.3788
PRU,0.09249932181485031,75,0,0,0.05,0.116
PRVA,0.18165571150269189,86,0,0,0.2,0.0079
PRZO,-0.40900877440159783,3,1,18,0.9,0.6906
PSA,0.08035166171249407,73,0,0,0.15,0.0414
PSBD,-0.004240577437507866,54,0,0,0.45,0.1484
PSEC,-0.10474225158109733,26,0,0,0.7,0.25
PSF,-0.0030761663569173203,54,0,0,0.15,0.0918
PSFE,-0.05373576578609939,36,0,0,0.8,0.1929
PSHG,-0.08155747342742622,30,1,11,0.7,0.3556
PSIG,-0.8631320762493148,0,1,4,0.2,
PSIX,-0.2976873027898786,7,1,36,1.0,0.6619
PSKY,-0.04359575916242939,38,0,0,0.85,0.3043
PSMT,0.16834111916850986,85,0,0,0.0,0.0273
PSN,-0.08407578230784292,30,1,12,0.6,0.3315
PSNL,0.7598755230561631,98,0,0,0.0,0.0035
PSNY,0.04706406743594567,66,0,0,0.7,0.201
PSNYW,-0.3216351730173279,6,1,62,1.0,0.6278
PSO,0.08638331877962764,74,0,0,0.25,0.0
PSQH,-0.2985940752067384,7,1,35,1.0,0.6461
PSTL,0.12433083276189487,80,0,0,0.3,0.0288
PSTV,-0.2587230093465761,9,1,23,1.0,0.7491
PSX,-0.06352154271899219,34,1,3,0.55,0.2083
PTA,-0.023932358674905844,47,0,0,0.75,0.0855
PTC,-0.19032279564729887,15,1,26,1.0,0.3689
PTCT,0.13018257245112375,81,0,0,0.1,0.0581
PTEN,-0.29127830556283574,7,1,14,0.8,0.3545
PTGX,0.24138432702241358,90,0,0,0.15,0.0
PTHS,0.10199826235437025,76,1,1,0.3,0.1336
PTLE,0.22829286098753782,89,0,0,0.15,
PTLO,-0.008393475953205675,52,0,0,0.45,0.2698
PTN,-0.40942837233197776,3,1,45,1.0,0.6137
PTNM,-0.03489260719944927,41,1,3,0.5,0.1548
PTON,0.020183253167039603,60,0,0,0.4,0.22
PTRN,0.6567833447803606,97,0,0,0.05,0.0
PTY,-0.009678038839277116,52,0,0,0.4,0.1204
PUBM,0.2933579239488881,92,0,0,0.0,0.0
PUK,-0.08474278995782748,30,0,0,0.95,0.2355
PULM,0.275059854256419,91,0,0,0.1,0.5209
PUMP,-0.18002750926554728,16,1,27,1.0,0.3014
PURR,0.0744818206212185,72,1,3,0.4,0.2397
PUSA,-0.06956934869601347,32,1,13,0.65,0.3619
PVH,-0.1627224425247345,18,1,19,0.95,0.2773
PVL,-0.12435777163005428,24,1,13,0.9,0.2228
PVLA,0.12418095834974317,80,0,0,0.5,0.1431
PW,0.1947635951534893,87,0,0,0.0,0.2753
PWP,-0.1596299439447538,19,1,3,0.95,0.3821
PWR,0.005041360249956925,56,1,1,0.55,0.1357
PXED,0.09840999827987877,76,0,0,0.15,0.0664
PXLW,-0.0678214365626118,33,1,11,0.8,0.2231
PXS,-0.06944781863185329,33,1,6,0.6,0.2038
PYPD,0.03039529753322577,63,0,0,0.55,0.0382
PYPL,-0.08561344072075848,30,0,0,0.8,0.3158
PYXS,0.6545488497753684,97,0,0,0.5,0.0519
PZG,-0.20237870178258494,14,1,77,1.0,0.5948
PZZA,0.019083077288818376,60,0,0,0.5,0.1654
Q,0.06313805643201995,70,1,1,0.4,0.1284
QBTS,0.04112389547792554,65,1,6,0.75,0.3065
QCLS,-0.01709879033897938,50,0,0,0.8,0.3579
QCOM,-0.04759947897505598,37,1,7,0.7,0.264
QCRH,0.07325793865206057,72,0,0,0.05,0.0472
QDEL,0.31482827831996213,93,0,0,0.2,0.5255
QETA,-0.0033561806992150195,54,1,2,0.45,0.1283
QETAU,-0.10206840749739873,27,1,9,0.9,0.1399
QFIN,0.09333576692173533,75,0,0,0.0,0.1823
QGEN,0.040804005143047675,65,0,0,0.1,0.3622
QLYS,0.4156955053084484,95,0,0,0.0,0.018
QMCO,0.4055340313915833,95,1,4,0.2,0.3087
QNRX,-0.18039907677736583,16,0,0,0.85,0.6952
QNST,0.18787059542470536,87,0,0,0.2,0.0809
QNTM,-0.39984596026533586,4,1,22,1.0,
QQQX,0.0012277227416576109,55,0,0,0.7,0.0178
QRHC,-0.041403358876843,38,1,4,0.2,0.5272
QRVO,-0.056158933235883134,35,1,6,0.55,0.157
QS,-0.0668639211178929,33,1,2,0.8,0.3839
QSEA,-0.024526570031458285,47,1,2,0.4,0.1393
QSEAU,-0.04505884945856811,37,1,3,0.75,0.137
QSI,-0.12203864271102272,24,1,18,0.9,0.3518
QSR,-0.07671898031668883,31,1,3,0.7,0.1771
QTEX,0.9084258632387241,98,1,5,0.45,
QTI,-0.2887040986520476,8,1,34,1.0,0.5015
QTRX,0.2476727740061767,90,0,0,0.3,0.5015
QTTB,0.5729395677214042,97,0,0,0.05,
QTWO,-0.04842303449740839,37,0,0,0.75,0.3542
QUAD,0.14960510119269,83,0,0,0.15,0.0086
QUBT,-0.06537893796149674,33,1,6,0.7,0.315
QUCY,1.0421550864292948,98,1,18,0.9,
QUIK,0.11515356698462935,78,1,7,0.5,0.2374
QUMS,-0.030654921921401602,43,1,3,0.5,0.1464
QUMSU,-0.02754078778013507,45,1,3,0.5,0.147
QURE,0.9972125603809674,98,0,0,0.0,
QXL,0.6822773814809363,97,0,0,0.0,0.1709
QXO,-0.12388127180113907,24,1,2,0.75,0.4444
R,0.06569029862654731,70,0,0,0.1,0.0637
RA,-0.014251887893684548,51,0,0,0.4,0.109
RAAQ,0.16506283212337564,85,0,0,0.85,0.0
RAAQU,-0.015242487590980361,50,1,3,0.6,0.125
RAC,-0.030667738610491883,43,1,3,0.45,0.1556
RACE,0.04908719243248458,67,0,0,0.15,0.1197
RADX,-0.08456350253942949,30,1,6,0.95,0.2495
RAIL,0.18379767037620137,86,0,0,0.15,0.4036
RAIN,-0.16805239649919568,18,1,2,0.55,0.6392
RAL,0.3671582351970108,94,0,0,0.0,0.0404
RAMP,0.13732673636359333,82,0,0,0.0,0.0295
RAND,-0.09715375663829173,28,1,6,0.9,0.2604
RANG,-0.024871308966172137,46,1,2,0.45,0.1407
RANGU,-0.03350668051468415,41,1,3,0.75,0.1532
RANI,-0.13788214017438147,21,1,26,1.0,0.5221
RAPP,0.10428634307704733,77,0,0,0.4,0.0651
RARE,0.37619690883348283,94,0,0,0.25,0.0289
RAVE,0.12525596695397573,80,0,0,0.1,0.1248
RAY,-0.04944038261441618,37,1,9,0.9,0.4687
RAYA,-0.2986401415603517,7,1,16,0.9,
RBA,0.0648727744249042,70,0,0,0.1,0.1214
RBB,0.16198988910300494,85,0,0,0.1,0.0
RBBN,-0.16589016311723026,18,1,16,0.85,0.2852
RBC,0.052279960684093366,67,1,1,0.15,0.0585
RBCAA,0.1847364576438495,87,0,0,0.0,0.0
RBKB,0.03304742392478752,63,0,0,0.0,0.0476
RBLX,0.10111560004925087,76,0,0,0.45,0.3875
RBNE,-0.5259305175824631,2,1,59,1.0,
RBRK,0.24469831667207625,90,0,0,0.25,0.022
RC,0.006249847967411515,56,0,0,0.6,0.33
RCAT,-0.24819143967275425,10,1,13,0.75,0.4525
RCEL,0.07495039168216402,72,0,0,0.85,0.2254
RCG,0.03970173991859714,65,0,0,0.4,0.2017
RCI,-0.18692568397452358,16,1,10,0.5,0.2855
RCKT,0.0479851706496324,66,0,0,0.5,0.4001
RCKY,0.059251008009891346,69,0,0,0.1,0.188
RCL,0.07165710588439793,71,0,0,0.05,0.1807
RCMT,0.18766810929269445,87,0,0,0.2,0.1348
RCON,-0.4318737866708718,3,1,43,1.0,0.7658
RCS,-0.013882978160497897,51,0,0,0.5,0.143
RCT,-0.6621827383943141,1,1,6,0.7,
RCUS,0.1364239284649037,82,0,0,0.5,0.0881
RDAC,-0.3477681334336247,5,1,22,1.0,
RDACU,0.010708483617772657,58,1,3,0.45,
RDAG,-0.03107967431421194,42,1,3,0.5,0.1473
RDAGU,-0.02301188041708229,47,1,3,0.5,0.136
RDCM,-0.06873825150146005,33,0,0,0.8,0.1467
RDDT,0.2177821765997084,88,0,0,0.25,0.2932
RDGT,-0.26120901293597426,9,1,69,1.0,
RDHL,-0.16863347412063046,18,1,5,0.8,0.4562
RDI,0.07422291578936645,72,0,0,0.0,0.0696
RDIB,-0.11538935408566843,25,1,8,0.85,0.443
RDN,0.07551845624205356,72,0,0,0.45,0.0324
RDNT,0.16838667215024994,85,0,0,0.25,0.23
RDNW,-0.1707816242728986,17,1,12,0.85,0.1946
RDVT,0.42075433394983547,95,0,0,0.0,0.0
RDW,-0.07308463921730299,32,1,16,0.8,0.5336
RDWR,0.02850096653083757,62,0,0,0.5,0.0272
RDY,0.002353356453364673,56,1,1,0.5,0.1339
RDZN,-0.25571253679547046,9,1,18,0.9,0.4617
REAL,0.17051752493883082,86,0,0,0.3,0.332
REAX,-0.04967941372694066,36,0,0,0.65,0.57
REBN,-0.25662342686426964,9,1,41,1.0,0.4771
RECT,-0.06806416352244013,33,1,2,0.75,
REE,-0.6000363808457201,1,1,57,1.0,0.7554
REED,-0.5005585619222787,2,1,49,1.0,0.772
REFI,-0.0479450768656557,37,1,3,0.8,0.1716
REFR,-0.4026933156101073,3,1,47,1.0,0.6412
REG,0.011776243862279615,58,1,1,0.35,0.0957
REGCO,-0.04608309652278858,37,1,6,0.65,0.1401
REGCP,-0.030256249336017785,43,1,6,0.75,0.1349
REGN,-0.08745294381318328,29,1,2,0.85,0.2957
REI,-0.3055939799449685,7,1,34,1.0,0.4671
REKR,-0.18963140823890373,15,0,0,0.95,0.6054
RELL,0.2609189459304336,91,0,0,0.15,0.0113
RELX,-0.12607533891868974,23,1,14,0.75,0.3134
RELY,0.11820007554165023,79,0,0,0.45,0.0732
RENT,-0.2664321956775987,9,1,51,1.0,0.6738
RENX,-0.01601609009655032,50,0,0,0.7,
REPL,1.191501769277245,98,0,0,0.0,
REPX,-0.13380421407125875,22,1,14,0.95,0.2795
RERE,-0.14582586785793228,20,0,0,0.95,0.3928
RES,-0.23271131117526622,11,1,12,0.75,0.3334
RETO,-0.009891154263897445,52,1,3,0.5,0.7072
REVB,-0.10838891330778556,26,0,0,0.7,0.7484
REX,-0.09313696224777437,28,0,0,0.95,0.1927
REXR,-0.0484155317552799,37,1,3,0.8,0.2345
REYN,0.25140062122429296,90,0,0,0.1,0.0112
REZI,-0.11692093905001588,25,1,4,0.75,0.2958
RF,0.09320757757691318,75,0,0,0.1,0.0697
RFAI,-0.028577072672656037,45,1,3,0.5,0.1447
RFAIU,-0.022470537432742924,48,1,3,0.7,0.1368
RFI,-0.00948201095122098,52,0,0,0.4,0.1112
RFIL,0.32425320433458377,93,0,0,0.25,0.0946
RFL,1.822533014619365,99,0,0,0.05,0.0
RFM,0.003478426918950235,56,0,0,0.2,0.073
RFMZ,0.02132075826163743,60,0,0,0.15,0.0539
RGA,0.02717921610193963,62,0,0,0.2,0.1194
RGC,-0.7231803110573438,1,1,37,1.0,
RGCO,0.03759839869563508,64,0,0,0.25,0.0692
RGEN,0.11802315963209194,79,0,0,0.0,0.2555
RGLD,-0.16661585490435388,18,1,9,0.9,0.4008
RGNT,1.1372636388701909,98,0,0,0.4,
RGNX,0.6319772220735196,97,0,0,0.45,0.2472
RGP,0.011169998259227959,58,0,0,0.55,0.1892
RGR,-0.10273880795631869,27,1,6,0.7,0.2387
RGS,-0.014213740324568104,51,1,1,0.65,0.0691
RGT,-0.018415515364020786,49,0,0,0.6,0.1059
RGTI,-0.0832328959549405,30,1,6,0.8,0.3312
RH,0.122006963278193,80,0,0,0.2,0.3502
RHI,0.1423698697775337,83,0,0,0.15,0.0782
RHLD,0.09370225077710577,75,0,0,0.15,0.414
RHP,0.1450861891645684,83,0,0,0.0,0.068
RIBB,-0.03635797287371504,40,1,3,0.65,0.1347
RIBBU,-0.05376689538051302,36,1,2,0.3,0.324
RICK,0.08815566907303264,74,0,0,0.1,0.0357
RIG,-0.28416176490172573,8,1,28,1.0,0.404
RIGL,0.2869502553630859,92,0,0,0.0,0.2512
RILY,-0.03792448354941183,39,0,0,0.9,0.1896
RILYL,-0.07399354143326453,32,1,6,0.35,
RILYP,-0.08739331756816107,29,1,6,0.55,0.2104
RIME,-0.3698266462465699,4,1,9,0.95,
RIO,-0.12768360850894234,23,1,10,0.8,0.1728
RIOT,0.19381777897598523,87,1,1,0.1,0.1802
RITM,-0.030758993701191055,42,1,1,0.55,0.2608
RITR,-0.10526037088468296,26,1,9,0.7,0.651
RIV,-0.016769651118316267,50,0,0,0.4,0.0763
RIVN,0.014465994336787372,59,0,0,0.35,0.2123
RJET,0.18276854145049837,86,0,0,0.85,0.127
RJF,0.030387727362977082,63,0,0,0.3,0.1507
RKDA,-0.3034990689674259,7,1,12,0.85,0.7495
RKLB,0.0494177242311864,67,1,22,1.0,0.3314
RKT,0.0716887029705788,71,0,0,0.55,0.3757
RKTO,-0.07421371784205315,32,1,13,0.65,
RL,0.07545258729538364,72,0,0,0.05,0.0579
RLAY,0.3559243397126524,94,0,0,0.15,0.106
RLGT,0.13149922288747645,81,0,0,0.05,0.0015
RLI,0.15330717120000015,84,0,0,0.1,0.095
RLJ,0.31632795110222844,93,0,0,0.0,0.0379
RLMD,-0.129928359888825,22,1,1,0.7,
RLTY,0.006863801194985419,57,0,0,0.4,0.0723
RLX,-0.12430673656947945,24,1,64,1.0,0.2665
RLYB,0.32546724318282777,93,0,0,0.0,
RM,0.15056627443114617,84,0,0,0.1,0.0225
RMAX,0.1640675941909931,85,0,0,0.25,0.1198
RMBI,0.049375289448083406,67,0,0,0.2,0.0587
RMBS,-0.004470530563405253,54,1,12,0.65,0.268
RMCF,-0.5226648094103885,2,1,32,1.0,0.6659
RMCO,-0.05743795121731922,35,0,0,0.4,0.4511
RMD,-0.03286907209469401,41,0,0,0.75,0.3219
RMI,-0.0014015173635300929,54,0,0,0.3,0.1165
RMM,0.020183721857315956,60,0,0,0.15,0.0741
RMMZ,-0.012595141417435212,51,1,1,0.2,0.1236
RMNI,0.16232414394697464,85,0,0,0.0,0.0
RMR,0.10278222247790834,76,1,2,0.15,0.0533
RMSG,-0.516773508791709,2,1,17,0.95,
RMT,0.1004640210611933,76,0,0,0.0,0.0
RMTI,-0.3122261488594427,6,1,58,1.0,0.5741
RNAC,0.5227102708960659,96,0,0,0.2,0.0217
RNAZ,0.13309646515987705,81,0,0,0.9,0.4272
RNG,-0.08985655384664544,29,0,0,0.75,0.1678
RNGR,-0.06947780628318707,33,1,1,0.8,0.2329
RNGT,-0.030706569596400106,43,1,3,0.5,0.1455
RNGTU,-0.04789114069267029,37,1,3,0.5,0.1519
RNP,-0.026952100798185098,45,1,2,0.65,0.1214
RNR,0.05989145958626223,69,0,0,0.2,0.0928
RNST,0.09171225711714275,75,0,0,0.1,0.0316
RNTX,-0.2108903900161928,13,1,1,0.8,0.5075
RNW,0.05351240254833513,68,1,1,0.05,0.0465
RNXT,0.009733296760742305,57,0,0,0.45,0.2897
ROAD,-0.09842829739579743,28,1,2,0.45,0.2798
ROCK,0.14095813600521517,83,0,0,0.15,0.2819
ROG,0.13916328213909235,82,0,0,0.05,0.0744
ROIV,0.18847756563860696,87,0,0,0.25,0.0088
ROK,0.11891010344768897,79,0,0,0.0,0.0234
ROKU,0.16823372152051186,85,0,0,0.35,0.0297
ROL,-0.1940595448872599,15,1,47,1.0,0.4054
ROLR,0.09166705121128758,74,1,2,0.6,
ROMA,0.23506246372329864,89,0,0,0.35,
ROOT,0.0898349401160413,74,0,0,0.55,0.301
ROP,-0.01887917182028052,49,0,0,0.3,0.2543
ROST,-0.08548566088276824,30,1,6,0.3,0.1541
RPAY,0.14172988778306073,83,0,0,0.75,0.0294
RPC,-0.049010162265974905,37,1,10,0.65,0.346
RPD,0.25995685020106196,91,0,0,0.45,0.4353
RPGL,-0.9103313844088248,0,1,37,1.0,
RPID,-0.236471657683191,11,1,34,1.0,0.6618
RPM,0.04379003517603591,66,0,0,0.1,0.1588
RPRX,0.039689434033597926,65,0,0,0.25,0.0303
RPT,0.012154411431998802,58,0,0,0.4,0.167
RQI,-0.07027491375192839,32,1,14,0.85,0.1332
RR,-0.2542858511467663,9,1,20,1.0,0.6532
RRBI,0.011045889202685677,58,0,0,0.4,0.1089
RRC,-0.14925915886223412,20,1,29,1.0,0.3403
RRGB,0.9043548952314167,98,0,0,0.0,0.0312
RRR,0.1133245975142005,78,0,0,0.0,0.0917
RRX,0.0993396027018238,76,0,0,0.1,0.0566
RS,0.006659350511296375,57,1,4,0.2,0.1064
RSF,-0.015063576891979683,50,1,2,0.35,0.1379
RSG,0.004157319438024151,56,0,0,0.35,0.179
RSI,0.20188903440106376,88,0,0,0.1,0.0318
RSKD,0.04592682799533976,66,0,0,0.15,0.0784
RSSS,0.013255737005048403,58,0,0,0.6,0.2553
RSVR,-0.01388739520991742,51,0,0,0.5,0.084
RTAC,-0.011354872139395351,51,0,0,0.45,0.126
RTACU,-0.00640897076143921,53,0,0,0.45,0.1218
RTB,1.9731685773758,99,0,0,0.35,0.0186
RTO,-0.10380548650955933,27,1,53,1.0,0.2192
RTX,0.04269977127244032,65,0,0,0.15,0.1766
RUBI,-0.8188986436386366,0,1,121,1.0,0.9975
RUM,-0.2103101856266652,13,1,20,1.0,0.3535
RUN,-0.11184286112956715,25,1,3,0.75,0.432
RUSHA,0.013557741263622525,58,0,0,0.3,0.116
RUSHB,0.09522707473591098,75,0,0,0.1,0.0806
RVLV,0.04267793864331283,65,0,0,0.2,0.3161
RVMD,0.3138471140302966,92,0,0,0.1,0.0327
RVP,0.05536716426743729,68,0,0,0.35,0.1393
RVSB,-0.03040880388634515,43,1,5,0.5,0.1862
RVSN,-0.23242607905213036,11,0,0,0.95,
RVT,0.011715490629556943,58,0,0,0.55,0.0561
RVTY,0.1749968520393827,86,0,0,0.2,0.1187
RWAY,-0.1725549403781082,17,1,40,1.0,0.4079
RWT,-0.14536442060028237,21,1,53,1.0,0.3186
RXO,0.27750169336852254,91,0,0,0.25,0.0638
RXRX,0.006572326818651386,57,0,0,0.6,0.32
RXST,-0.15433716823044247,20,1,3,0.8,0.5466
RXT,2.171300543688342,99,0,0,0.05,
RY,0.12400569768047313,80,0,0,0.0,0.0
RYAAY,0.06793695095248468,71,0,0,0.25,0.206
RYAM,-0.2209512320666006,12,1,8,0.8,0.4114
RYAN,0.15470746017478115,84,0,0,0.2,0.3016
RYDE,-0.2979600389748641,7,1,24,1.0,
RYET,0.044946074569472916,66,1,5,0.45,0.242
RYM,0.00872852018239259,57,1,2,0.45,
RYN,0.0035288517322927815,56,1,2,0.2,0.1878
RYOJ,-0.02217175763843783,48,0,0,0.75,
RYTM,0.2543852267687306,90,0,0,0.25,0.103
RYZ,-0.13157913897120707,22,1,3,0.3,0.2828
RZLT,0.43935558587836526,95,0,0,0.0,0.0468
RZLV,0.09266270001167447,75,0,0,0.5,0.3858
S,0.1047372511252767,77,0,0,0.8,0.0624
SA,-0.17821982515909518,17,1,9,0.8,0.3929
SABA,-0.041574470647253225,38,1,2,0.75,0.1098
SABR,0.16590865201463517,85,0,0,0.35,0.0265
SABS,0.04290181940547701,65,0,0,0.4,0.249
SACH,-0.17012562651377144,17,1,18,0.9,0.3061
SAFE,0.03382520841334792,63,0,0,0.2,0.0991
SAFT,0.037389511182074314,64,0,0,0.35,0.121
SAFX,-0.029377039398922146,44,0,0,0.6,
SAGT,-0.18087162444461752,16,1,1,0.65,0.6204
SAH,0.023965000937204384,61,0,0,0.15,0.0394
SAIA,-0.0837531899136319,30,1,12,0.6,0.153
SAIC,-0.026577111310092428,46,1,1,0.35,0.1384
SAIH,0.09713077293678606,76,0,0,0.25,0.0838
SAIL,-0.0037722159334690336,54,0,0,0.7,0.3005
SAM,-0.1252073453435698,23,1,2,0.6,0.3789
SAMG,-0.1807093094798966,16,1,3,0.95,0.3785
SAN,0.11660589945303097,79,0,0,0.1,0.0215
SANA,0.09146677901569321,74,0,0,0.5,0.3457
SANG,-0.12137728379819443,24,1,1,0.6,0.3376
SANM,0.149667940329074,84,1,1,0.4,0.1209
SAP,-0.1533866026988871,20,1,15,0.75,0.3967
SAR,-0.023206857077276957,47,0,0,0.4,0.1042
SARO,0.10766837674693851,77,0,0,0.3,0.1635
SATA,-0.04395790921489148,38,0,0,0.55,0.1436
SATL,-0.2544481037790375,9,1,22,1.0,0.4822
SB,-0.06896532932193253,33,1,5,0.6,0.1521
SBAC,-0.13405515208362218,22,1,14,0.85,0.2615
SBC,-0.10126665046915581,27,0,0,0.7,0.4024
SBCF,0.09174099957670535,75,0,0,0.2,0.1027
SBET,-0.2415567978695642,10,1,35,1.0,0.5664
SBEV,-0.2776067777688784,8,1,14,0.7,
SBFG,0.180167359073455,86,0,0,0.1,0.0
SBFM,-0.46891921702640865,2,1,37,1.0,
SBGI,0.03268753458274025,63,0,0,0.5,0.1371
SBH,0.025034934380492868,61,0,0,0.25,0.2267
SBI,-0.011655304483399825,51,0,0,0.3,0.1069
SBLK,-0.06509412813623545,33,1,6,0.55,0.1258
SBR,-0.06685863684172416,33,1,3,0.7,0.1794
SBRA,-0.020867405669232134,48,0,0,0.7,0.1481
SBS,-0.0634055963579807,34,0,0,0.7,0.2354
SBSI,0.07041484173893507,71,0,0,0.15,0.0173
SBSW,-0.32375402092435646,6,1,33,1.0,0.6154
SBUX,0.02911165965592155,62,0,0,0.5,0.0778
SBXD,-0.029489698009507938,44,1,3,0.5,0.1469
SCAG,-0.3597031786562255,5,1,1,0.75,
SCCO,-0.10255414206225351,27,1,7,0.55,0.2831
SCD,-0.003820048451264116,54,0,0,0.1,0.085
SCHL,0.11402311331167368,78,0,0,0.1,0.0
SCHW,0.024013975017965115,61,0,0,0.25,0.1673
SCI,-0.03527166148137391,40,0,0,0.6,0.2021
SCIIU,-0.035021634446729046,40,1,3,0.45,0.1571
SCKT,-0.3145221994856596,6,1,12,0.8,0.5438
SCL,0.05720662742207558,69,0,0,0.1,0.2283
SCLX,0.4979828844943714,96,0,0,0.2,0.1281
SCM,-0.0995413968414229,28,1,12,0.95,0.3755
SCNI,-0.5571837147001766,1,1,41,1.0,
SCNX,-0.06242729557828324,34,1,6,0.9,0.4115
SCOR,-0.08216266648714915,30,1,1,0.5,0.2545
SCPQU,-0.02155827771900394,48,1,3,0.4,0.1345
SCSC,0.17953963679811202,86,0,0,0.0,0.0
SCWO,-0.18424261367499378,16,1,15,0.85,0.4579
SCYX,-0.35219587531802843,5,1,47,1.0,0.5541
SCZM,-0.2247824332459662,12,1,10,0.95,0.6217
SD,-0.16380546626506076,18,1,14,0.8,0.3234
SDA,-0.31174839671493176,6,1,15,0.75,0.6782
SDEV,-0.21393036891158818,13,1,31,1.0,
SDGR,0.1834549740202695,86,0,0,0.0,0.1968
SDHC,0.12532322950957886,80,0,0,0.0,0.3505
SDHI,-0.030367811129498847,43,1,3,0.5,0.1482
SDHIU,-0.03419697564054998,41,1,1,0.45,0.1483
SDHY,-0.007890270125463953,52,0,0,0.2,0.0966
SDOT,12.153235762668652,99,0,0,0.3,
SDRL,-0.22344331867167422,12,1,27,1.0,0.2996
SDST,-0.3229273025427408,6,1,26,1.0,0.6605
SE,0.11109215766790685,78,0,0,0.45,0.3392
SEAT,-0.16043694414411946,19,1,13,0.75,0.3429
SEB,-0.23452396083171628,11,1,12,0.7,0.3552
SEDG,-0.05413286392040122,35,1,1,0.75,0.2754
SEED,-0.10356871340941612,27,0,0,0.85,0.3683
SEER,-0.1565651206282802,19,1,23,1.0,0.285
SEG,0.11297064802465563,78,0,0,0.15,0.0391
SEGG,-0.24728784442057855,10,1,15,0.75,
SEI,0.05951271385483871,69,1,1,0.2,0.113
SEIC,0.008398571598794508,57,0,0,0.45,0.0578
SELF,-0.024183293641806047,47,0,0,0.45,0.1145
SENEA,0.22217990598481763,89,0,0,0.1,0.0134
SENEB,0.06500497370274684,70,0,0,0.0,0.1269
SENS,-0.23885099478223365,10,1,10,0.5,0.4109
SEPN,0.2673771029860809,91,0,0,0.05,0.094
SER,0.009915772400355058,57,0,0,0.3,
SERA,-0.057504794116432535,35,0,0,0.7,0.4907
SERV,-0.3258090260359407,6,1,21,1.0,0.6103
SES,-0.203598682524755,14,1,18,0.9,0.6582
SEVN,9.887296735548723e-05,55,0,0,0.5,0.096
SEZL,0.8936992148694854,98,0,0,0.0,0.0
SF,-0.04653456688178617,37,1,5,0.6,0.2489
SFBC,0.03521177634752386,64,0,0,0.25,0.1425
SFBS,0.12895267261149762,81,0,0,0.1,0.0624
SFD,-0.10670344273108912,26,1,12,0.7,0.2417
SFHG,-0.17552812654565092,17,1,11,0.8,0.4994
SFIX,0.0932997080505754,75,1,1,0.15,0.3404
SFL,-0.10801602870158067,26,1,6,0.85,0.1947
SFM,0.05134088629353023,67,0,0,0.5,0.0972
SFNC,0.09385596535278405,75,0,0,0.1,0.0101
SFST,0.07308143699356791,72,0,0,0.25,0.0558
SFWL,-0.052611933686642354,36,0,0,0.65,0.2112
SG,0.18802824427074855,87,0,0,0.4,0.1005
SGA,-0.12516861557308384,23,0,0,0.9,0.3244
SGC,0.07262992369770195,71,0,0,0.1,0.0608
SGHC,0.08816036626465737,74,0,0,0.15,0.0085
SGHT,0.2518425100201096,90,0,0,0.2,0.3528
SGI,0.041569555031963176,65,0,0,0.2,0.2696
SGLY,-0.2919652963165516,7,1,39,1.0,0.6454
SGML,-0.28578885009673777,8,1,12,0.95,0.4866
SGMT,0.04813858259745042,67,0,0,0.6,0.1885
SGRP,0.205793192779811,88,0,0,0.0,0.1482
SGRY,0.22642118591080823,89,0,0,0.1,0.0546
SGU,-0.009783926909061158,52,0,0,0.45,0.115
SHAK,-0.2838660650529225,8,1,42,1.0,0.4867
SHBI,0.1612154281549355,85,0,0,0.05,0.0179
SHC,0.1259971285876565,80,0,0,0.25,0.153
SHEL,-0.16483846838644312,18,1,13,0.75,0.2958
SHEN,-0.11618369068443025,25,1,2,0.6,0.191
SHFS,-0.6256197319417319,1,1,46,1.0,0.8229
SHG,-0.05699668593314264,35,1,9,0.55,0.1984
SHIM,0.04310082124319731,65,0,0,0.75,0.3791
SHIP,-0.1398629999550361,21,1,11,0.65,0.2147
SHLS,0.07050905265628586,71,1,6,0.6,0.1975
SHMD,-0.036244975579414127,40,1,1,0.6,0.4607
SHO,0.07102197097211434,71,1,2,0.1,0.0769
SHOE,-0.16183319146298858,18,1,12,0.85,0.3435
SHOO,0.02892795897154786,62,1,3,0.4,0.1605
SHOP,-0.038609885509855696,39,0,0,0.6,0.3353
SHPH,-0.5167668444139438,2,1,42,1.0,0.875
SHW,0.09201604401632617,75,0,0,0.15,0.152
SIBN,0.24354388939276522,90,0,0,0.05,0.2779
SID,-0.33691753932641066,5,1,20,1.0,0.6062
SIDU,-0.2424202147049505,10,1,13,0.9,0.5694
SIEB,-0.10939142872265589,26,1,4,0.4,0.5774
SIF,0.3943848021091412,95,0,0,0.1,0.0
SIFY,0.03189554164359931,63,0,0,0.5,0.0703
SIG,-0.04973303004465991,36,1,2,0.4,0.2202
SIGA,-0.2161605960475288,13,1,23,1.0,0.4435
SIGI,0.14758011503248886,83,0,0,0.1,0.0051
SIGIP,-0.040714979007198976,39,1,2,0.8,0.1565
SII,-0.19098206286354386,15,1,9,0.85,0.3862
SILC,0.29982915428732265,92,0,0,0.3,0.1328
SILO,0.09042906850909797,74,1,1,0.45,0.4146
SIM,-0.02502038704183695,46,1,3,0.5,0.2146
SIMA,-0.023801921652597473,47,1,3,0.45,0.1421
SIMAU,-0.20693450564095894,13,1,14,0.7,0.3643
SIMO,0.5576512758260753,96,0,0,0.15,0.0609
SINT,-0.18267925421053166,16,1,54,1.0,0.5623
SION,0.004677105505672706,56,0,0,0.6,0.139
SIRI,0.07979452000870223,73,0,0,0.35,0.0
SITC,-0.17088952842759736,17,1,86,1.0,0.3925
SITE,-0.09309842391563444,28,1,1,0.75,0.3792
SITM,0.2775271819992943,91,1,1,0.55,0.228
SJ,-0.24192005415884793,10,1,17,0.9,0.5034
SJM,0.13217563264042703,81,0,0,0.15,0.0835
SJT,-0.28314825657011206,8,1,64,1.0,0.535
SKE,-0.1278419374371302,23,1,9,0.85,0.3507
SKIL,-0.04544926743068935,37,0,0,0.7,0.3788
SKIN,-0.11005883806219162,26,0,0,0.85,0.577
SKK,0.8517968041400336,98,0,0,0.1,
SKM,-0.20278725282336152,14,1,15,0.8,0.2959
SKT,0.06888802197903106,71,1,1,0.15,0.0604
SKWD,0.30343210026252293,92,0,0,0.1,0.0176
SKY,0.11973691675609992,79,0,0,0.05,0.2034
SKYA,-0.379831470927625,4,1,32,1.0,0.6058
SKYE,-0.14092602225594264,21,1,13,0.9,0.4407
SKYH,0.00452504582611761,56,0,0,0.45,0.1476
SKYQ,-0.03783373229259117,39,0,0,0.7,
SKYT,2.1461203999498246e-05,55,1,6,0.6,0.1137
SKYW,0.13902613104807937,82,0,0,0.15,0.1682
SKYX,-0.04514900889985525,37,0,0,0.9,0.6712
SLAB,-0.02297864555752909,47,1,3,0.4,0.1033
SLAI,-0.43532003617643333,3,1,2,0.95,0.6216
SLB,-0.2054877797939066,14,1,12,0.65,0.2815
SLBT,-0.5457994214156356,1,1,10,0.6,
SLDB,0.37924678948252005,94,0,0,0.25,0.0
SLDE,0.06934552957536858,71,0,0,0.65,0.067
SLDP,-0.25724319177635213,9,1,18,0.9,0.5881
SLE,-0.21573359429717343,13,1,27,1.0,
SLF,0.10622072816938659,77,0,0,0.05,0.0104
SLG,0.21542268060847813,88,0,0,0.0,0.0098
SLGB,0.11038203094326642,78,0,0,0.55,
SLGL,-0.05015932760368457,36,1,2,0.5,0.3332
SLGN,0.17882041651309355,86,0,0,0.2,0.1381
SLI,-0.32532184544417236,6,1,20,1.0,0.5525
SLM,0.12737842691541018,80,0,0,0.2,0.1481
SLMBP,-0.02206909136132878,48,1,3,0.35,0.1433
SLMT,-0.2513141118104403,10,0,0,0.8,0.7655
SLN,0.5984875211632785,97,0,0,0.25,0.0424
SLND,-0.46245018202079996,2,1,20,1.0,0.8089
SLNG,-0.03053627283873245,43,1,6,0.4,0.372
SLNH,-0.07500665964454876,31,1,6,0.75,0.4389
SLNHP,0.1729922128507832,86,1,2,0.15,0.0911
SLP,0.18157944495641837,86,0,0,0.0,0.1905
SLQT,-0.041685179499902636,38,1,5,0.8,
SLRC,-0.13629356736963133,22,1,40,1.0,0.2597
SLS,1.128305637094569,98,0,0,0.15,0.1466
SLSN,-0.4370063063053737,3,1,6,0.6,0.5906
SLSR,-0.23999675667141518,10,1,10,0.85,0.3273
SLVM,-0.11443437324760597,25,1,3,0.55,0.3716
SLXN,-0.6082481362448675,1,1,77,1.0,
SM,-0.22175142741951115,12,1,14,0.75,0.3285
SMA,0.052066165092512204,67,0,0,0.1,0.1143
SMBC,0.12308039687605231,80,0,0,0.1,0.0094
SMBK,0.14684592426343335,83,0,0,0.1,0.0186
SMC,-0.06569727218574534,33,0,0,0.7,0.22
SMCI,-0.19439010599514478,15,1,7,0.7,0.4401
SMFG,0.09188098580132519,75,0,0,0.05,0.0815
SMG,0.10871655526003625,78,0,0,0.2,0.0998
SMHI,-0.01718482866734422,50,0,0,0.5,0.1339
SMID,-0.10351920902817006,27,0,0,0.75,0.2967
SMJF,0.32037499037801626,93,0,0,0.05,
SMMT,-0.22450938544249976,12,1,45,1.0,0.4867
SMP,-0.0012307389544648703,54,1,3,0.35,0.2041
SMPL,0.0350799162272238,64,0,0,0.2,0.4193
SMR,-0.20952519796416375,13,1,7,0.9,0.5481
SMRT,-0.1490302171932555,20,1,1,0.85,0.4476
SMSI,-0.43345322703443845,3,1,13,0.95,0.4862
SMTC,0.25891171898854143,91,1,1,0.2,0.1601
SMTI,0.18466158504332686,86,0,0,0.3,0.1097
SMTK,-0.08283056606102118,30,1,13,0.65,
SMWB,0.9311183156932876,98,0,0,0.0,0.1742
SMX,0.6472194414745267,97,0,0,0.8,
SMXT,-0.4354954561081095,3,1,62,1.0,0.6839
SN,0.26510231839033344,91,0,0,0.0,0.0015
SNA,0.05664281647229839,68,0,0,0.0,0.0459
SNAL,-0.16615475234908833,18,1,22,1.0,
SNAP,-0.1883196570079792,15,1,17,0.9,0.5014
SND,-0.09304789988915102,28,1,2,0.5,0.2518
SNDA,0.1907918421728556,87,0,0,0.45,0.0
SNDL,-0.05593290535741466,35,1,6,0.7,0.2825
SNDR,0.09590139013440553,75,0,0,0.25,0.0691
SNES,-0.11014967740902666,26,1,7,0.8,0.4408
SNEX,0.15751180856919506,84,1,3,0.2,0.1176
SNFCA,-0.011216786730062094,52,0,0,0.45,0.128
SNGX,-0.3832749753436218,4,1,20,1.0,
SNN,-0.08814607807083413,29,1,3,0.6,0.2798
SNOA,-0.0828742300701582,30,0,0,0.75,0.7062
SNOW,0.35178177030359076,93,0,0,0.0,0.0542
SNPS,-0.06141055167458634,34,1,24,1.0,0.2099
SNT,-0.32103665425854466,6,1,96,1.0,0.6063
SNTG,-0.01024310432787787,52,1,6,0.4,0.2001
SNTI,0.11079117766782108,78,0,0,0.5,0.1602
SNWV,-0.38363573370221277,4,1,33,1.0,0.6832
SNX,0.1023543531326636,76,1,4,0.2,0.1139
SNY,-0.08498114683191586,30,1,2,0.6,0.2067
SNYR,-0.4117479228270185,3,1,63,1.0,0.9063
SO,-0.004418015215468651,54,1,1,0.35,0.1637
SOAR,-0.30394413518854385,7,1,16,0.8,0.7758
SOBO,-0.03865214360434652,39,1,3,0.5,0.1253
SOBR,-0.030178543415433703,43,1,26,1.0,
SOC,-0.7206669682678545,1,1,22,1.0,
SOCA,-0.02959290805922157,44,1,3,0.5,0.1431
SOCAU,-0.03211831746459109,42,1,3,0.5,0.1498
SOFI,0.03718422221993982,64,0,0,0.3,0.4223
SOGP,-0.30001566945937497,7,1,39,1.0,0.4414
SOHU,-0.16223756365951975,18,1,66,1.0,0.3182
SOLS,-0.017891938543027,49,1,1,0.5,0.0994
SOLV,0.07057071174202127,71,0,0,0.4,0.1599
SOMN,-0.05226839352950259,36,1,2,0.6,0.1893
SON,0.10066095365825768,76,0,0,0.2,0.0987
SONM,0.0885827407725811,74,0,0,0.15,0.336
SONO,-0.14947291902246557,20,1,12,0.75,0.3209
SONY,-0.09011680665071724,29,1,16,0.9,0.2884
SOPH,0.0723506644872842,71,0,0,0.25,0.0712
SOR,-0.019556562379242998,49,0,0,0.45,0.1206
SORA,-0.3099646907694219,6,1,9,0.9,
SORNU,-0.03598193711455161,40,1,3,0.45,0.1548
SOS,-0.08597486831777162,29,1,3,0.75,0.4734
SOTK,0.12929196216898314,81,0,0,0.2,0.0379
SOUL,-0.0302737568085973,43,1,3,0.5,0.1457
SOUN,-0.22758404634924895,12,1,20,1.0,0.4737
SOWG,1.1385596184789288,98,0,0,0.3,0.7381
SPAI,-0.16362549871132626,18,1,13,0.65,0.4089
SPB,0.06903372819545409,71,0,0,0.1,0.0381
SPCB,0.16785875105932763,85,0,0,0.45,0.0
SPCE,-0.27082545976824934,8,1,13,0.65,0.625
SPE,-0.06285800374545428,34,1,64,1.0,0.1447
SPEG,-0.030681083348267538,43,1,3,0.5,0.1473
SPEGU,-0.016230243552649064,50,1,2,0.35,0.1368
SPFI,0.04187627338164937,65,0,0,0.25,0.1064
SPG,0.09495383170973094,75,0,0,0.1,0.0392
SPGI,-0.010571990360597666,52,0,0,0.7,0.2559
SPH,-0.13717136114138523,22,1,14,0.95,0.264
SPHL,0.026132094572736464,62,1,10,0.6,
SPHR,0.18943560467420123,87,0,0,0.0,0.0267
SPIR,0.013555718528375435,58,0,0,0.8,0.276
SPKL,0.05562189834319868,68,0,0,0.25,0.0697
SPKLU,0.06276893645190028,70,1,6,0.35,0.1652
SPMA,-0.026322066109586564,46,1,3,0.5,0.1356
SPMC,-0.04854454033906069,37,1,13,0.65,0.3
SPME,-0.016858653505945266,50,1,2,0.4,0.1204
SPNT,0.0576230818732445,69,0,0,0.25,0.0852
SPOK,-0.040541492427059345,39,1,3,0.55,0.2638
SPOT,-0.057339911494682906,35,1,14,0.75,0.2696
SPPL,0.3557851599861986,94,0,0,0.0,0.1395
SPRB,-0.08087763619465364,30,1,1,0.55,0.4721
SPRC,-0.33414917257644233,5,1,12,0.6,
SPRO,-0.18758419416603045,15,1,11,0.75,0.2738
SPRU,-0.23800464158153023,11,1,14,0.9,0.6324
SPRY,-0.12775966708873665,23,1,5,0.25,0.4372
SPSC,-0.025197728390827547,46,0,0,0.45,0.4339
SPT,0.12686415904832588,80,0,0,0.35,0.3325
SPWH,-0.10288522828974196,27,1,1,0.75,0.244
SPWR,-0.3694263345838355,4,1,18,0.95,0.7017
SPXC,0.038895328548092536,65,1,1,0.05,0.1264
SPXX,0.047090894975375996,66,0,0,0.0,0.0196
SQFT,-0.12547429979401672,23,1,5,0.85,0.4113
SQFTP,-0.14428842029222988,21,1,3,0.8,
SQM,-0.16023184063909435,19,1,9,0.75,0.2609
SQNS,-0.09206321650237353,29,1,1,0.8,0.4838
SR,-0.11333342708308043,25,1,3,0.9,0.2712
SRAD,0.04235833981535948,65,0,0,0.2,0.4092
SRBK,0.05633712110194526,68,0,0,0.2,0.0046
SRCE,0.12035682856766498,79,0,0,0.1,0.0064
SRE,-0.02717548698401622,45,1,1,0.4,0.1946
SRFM,-0.12211083925623709,24,1,1,0.9,0.703
SRG,-0.036120735975416235,40,1,3,0.45,0.3706
SRI,0.054193136085859114,68,1,2,0.45,0.2731
SRL,-0.1092554659635691,26,1,3,0.75,0.4494
SRPT,-0.08936706654221578,29,0,0,0.55,0.3274
SRRK,0.07767919484989556,72,0,0,0.5,0.0732
SRTA,-0.03535057126842841,40,1,8,0.6,0.1827
SRTS,-0.12208509210125726,24,0,0,0.7,0.4726
SRV,0.03767356656750963,64,0,0,0.2,0.056
SRXH,-0.2719807274887409,8,1,9,0.6,0.6516
SRZN,-0.11406633919089579,25,0,0,0.65,0.2679
SSB,0.04656605305175275,66,0,0,0.15,0.1301
SSBI,-0.03766819516278187,39,1,2,0.6,0.1434
SSD,0.06495318681170735,70,0,0,0.1,0.115
SSEA,-0.029784697655929795,44,1,3,0.45,0.1456
SSEAU,-0.036241301473565815,40,1,3,0.5,0.1523
SSII,-0.08326274849911049,30,0,0,0.8,0.387
SSL,-0.3038199400144434,7,1,13,0.75,0.3817
SSM,-0.14758232653716213,20,0,0,0.7,0.4778
SSNC,-0.10460930244423572,27,1,13,0.7,0.334
SSP,-0.21825523873270208,12,0,0,0.95,0.4269
SSRM,-0.05516148432075592,35,1,3,0.7,0.2569
SST,-0.269672149800351,9,1,18,0.9,
SSTI,0.2950025976529432,92,0,0,0.1,0.0135
SSTK,-0.35255815262365275,5,1,3,0.75,0.5191
SSYS,-0.13429330773589304,22,1,18,0.9,0.3262
ST,0.03864698665436812,65,1,4,0.35,0.1231
STAA,0.06286000137220456,70,1,3,0.65,0.1556
STAG,0.008137823628872692,57,1,2,0.45,0.102
STAK,3.4179978652880187,99,1,2,0.25,
STBA,0.11100525624014503,78,0,0,0.05,0.0094
STC,0.01131537442753397,58,0,0,0.45,0.124
STE,-0.043358745368092644,38,0,0,0.6,0.2669
STEM,-0.2435032056679789,10,1,21,1.0,0.6443
STEP,-0.19787062783636056,14,1,10,0.95,0.4959
STEW,0.005378522121002954,56,0,0,0.2,0.0901
STEX,-0.03539322790112923,40,0,0,0.95,
STFS,1.7313453497422102,99,0,0,0.3,
STG,0.04402491627012224,66,0,0,0.5,
STGW,0.08165951704948142,73,0,0,0.4,0.0148
STHO,0.03882522384889257,65,0,0,0.1,0.0767
STI,0.7308522848867086,98,1,8,0.45,
STIM,-0.23573119506373347,11,0,0,0.85,0.4409
STK,0.05244455519857978,67,0,0,0.4,0.0655
STKE,0.24850585602961922,90,0,0,0.95,0.4305
STKH,-0.6237254836186017,1,1,43,1.0,0.8104
STKS,0.011606644894400449,58,0,0,0.6,0.2937
STLA,-0.2600933737599036,9,1,22,1.0,0.5364
STLD,-0.07149597926480272,32,1,9,0.45,0.2202
STM,0.27303959662669375,91,1,1,0.1,0.1156
STN,-0.21140868744052693,13,1,69,1.0,0.3869
STNE,-0.07612886209587583,31,0,0,0.7,0.3155
STNG,-0.13437564143932942,22,1,5,0.65,0.2183
STOK,0.002694511432209952,56,0,0,0.5,0.2296
STRA,-0.038428656477506276,39,0,0,0.55,0.1822
STRC,-0.13086130267162915,22,1,14,0.95,0.234
STRD,-0.18579318194976702,16,1,61,1.0,0.2838
STRF,-0.05007913123712598,36,0,0,0.95,0.1427
STRK,-0.1804822389928613,16,1,41,1.0,0.3294
STRL,0.25755180462018706,90,1,4,0.25,
STRO,-0.009143829727862922,52,1,1,0.55,0.2702
STRR,-0.0361266827214644,40,1,3,0.35,0.1237
STRRP,-0.026524653059407814,46,0,0,0.45,0.1531
STRS,-0.05549341905594101,35,1,3,0.6,0.2329
STRT,0.02964876057364005,62,0,0,0.0,0.1683
STRW,0.0758179200753505,72,0,0,0.1,0.0502
STRZ,0.5674190302987241,97,0,0,0.05,0.0
STT,0.1046186142677573,77,0,0,0.0,0.0345
STTK,0.01684880557902209,59,0,0,0.6,0.2169
STUB,0.5444017929264839,96,0,0,0.0,0.2585
STVN,0.045357288220390576,66,0,0,0.55,0.2277
STWD,-0.06493583921789906,33,1,3,0.85,0.159
STX,0.3375829230722463,93,1,1,0.1,0.1644
STXS,-0.10235854430833097,27,1,7,0.9,0.4142
STZ,-0.08660046466526324,29,1,3,0.6,0.2478
SU,-0.2125679395496809,13,1,29,1.0,0.3139
SUGP,-0.5191404849642177,2,1,28,1.0,0.8839
SUI,-0.04878829309513824,37,1,3,0.7,0.1931
SUIG,-0.1767104771303517,17,1,26,1.0,0.4163
SUN,-0.013951771417933946,51,0,0,0.65,0.1294
SUNC,0.009931001270086212,57,0,0,0.65,0.0777
SUNE,0.670618424872801,97,1,3,0.3,
SUNS,0.016417545810110096,59,0,0,0.15,0.1579
SUPN,-0.025538025318597262,46,0,0,0.75,0.2217
SUPV,-0.03246219977736572,41,1,6,0.3,0.3177
SUPX,-0.19149329877079174,15,1,13,0.9,0.6049
SURG,-0.3690642195627197,4,1,21,1.0,0.8114
SUZ,-0.13374025333462772,22,1,8,0.9,0.3734
SVAC,-0.05762052875403765,35,1,3,0.9,0.1809
SVACU,-0.08944426474066354,29,1,13,0.75,0.211
SVAQU,0.00888235234026695,57,0,0,0.15,0.1142
SVC,0.018952859242869075,60,1,1,0.55,0.344
SVCC,-0.029357634643202228,44,1,3,0.5,0.1442
SVCCU,-0.01884062264359561,49,1,2,0.3,0.1331
SVCO,0.3015588084023751,92,0,0,0.0,
SVM,-0.2041398997696618,14,1,9,0.85,0.3636
SVRA,0.12238148600845698,80,0,0,0.2,0.1379
SVRE,-0.4309565469009635,3,1,11,0.9,0.6566
SVRN,-0.12404999867989468,24,1,10,0.6,
SVV,0.14445608322951864,83,0,0,0.0,0.2003
SW,0.12202024445875297,80,0,0,0.05,0.1768
SWAG,0.09400973862126154,75,1,1,0.05,0.1102
SWBI,-0.03192052022178035,42,1,2,0.65,0.1247
SWIM,0.1375407808380234,82,0,0,0.25,0.1763
SWK,0.16975415588305753,85,0,0,0.05,0.0679
SWKS,-0.06551355806764678,33,1,6,0.6,0.2066
SWVL,-0.16895559940441168,17,1,8,0.95,0.518
SWX,-0.021542298455988908,48,1,2,0.45,0.1369
SXC,-0.03086342900685736,42,1,10,0.5,0.1952
SXI,0.23929818631018235,90,0,0,0.0,0.0248
SXT,0.12265888710723148,80,0,0,0.3,0.0562
SXTC,0.3483598833881423,93,0,0,0.35,
SXTP,0.09670091762219955,76,0,0,0.45,
SY,-0.3227570725766305,6,1,38,1.0,0.577
SYBT,0.08416269123091026,73,0,0,0.15,0.001
SYF,0.03722926859947061,64,0,0,0.25,0.1928
SYK,-0.019839573486700315,49,1,2,0.55,0.2566
SYM,-0.17318391935880684,17,0,0,0.9,0.4307
SYNA,0.2023412002661722,88,1,6,0.35,0.1382
SYNX,-0.10513319897200052,26,1,6,0.9,
SYPR,-0.3085833962724984,7,1,20,1.0,0.4897
SYRE,0.30582051505482705,92,0,0,0.0,0.1156
SYY,0.10303268173397227,77,0,0,0.1,0.1553
SZZL,-0.029652141348832185,44,1,3,0.5,0.1449
SZZLU,-0.03334562260886387,41,1,3,0.5,0.1612
T,-0.2398837788827725,10,1,61,1.0,0.3969
TAC,-0.020109914205540893,49,1,1,0.3,0.1213
TACH,-0.02859647376145067,44,1,3,0.5,0.1466
TACHU,-0.012917481656270227,51,1,2,0.25,0.1263
TACO,-0.027091232330539998,45,1,2,0.5,0.1316
TACOU,-0.03518431598576846,40,1,3,0.6,0.1196
TACT,0.43487961670299574,95,0,0,0.0,0.0381
TAK,-0.0507594318750032,36,1,1,0.7,0.2621
TAL,-0.09218906291509905,29,0,0,0.9,0.2733
TALK,-0.03621650694129276,40,1,3,0.5,0.1515
TALO,-0.15750088465831746,19,1,14,0.95,0.3106
TANH,-0.21295335142364624,13,1,6,0.4,0.6707
TAOP,0.07302606532637156,72,0,0,0.2,0.2832
TAOX,-0.26815115616552226,9,1,34,1.0,0.5026
TAP,-0.07395507606869879,32,1,3,0.65,0.333
TARA,-0.20551146372236295,14,1,38,1.0,0.5051
TARS,-0.057491468200345015,35,1,3,0.45,0.3131
TASK,-0.27103611058683785,8,1,20,1.0,0.4015
TATT,0.16255887203980113,85,0,0,0.0,0.2956
TAVI,-0.03111635910795936,42,1,3,0.45,0.1467
TAVIU,-0.064141602445018,34,1,11,0.6,0.1476
TAYD,0.02389131861098974,61,0,0,0.2,0.4096
TBBB,0.06962716264627203,71,0,0,0.0,0.0326
TBBK,0.12118128160467222,80,0,0,0.35,0.168
TBCH,0.04299758775701133,65,0,0,0.35,0.1642
TBI,0.2629759960261137,91,0,0,0.05,0.0
TBLA,0.24073739086449392,90,0,0,0.45,0.0234
TBLD,-0.03014526390522953,43,1,2,0.8,0.0994
TBN,-0.1822304102604561,16,1,9,0.75,0.4589
TBPH,0.011272941878235687,58,0,0,0.15,0.2485
TBRG,0.13482778463842543,82,1,2,0.15,0.0352
TC,-0.519381859542938,2,1,7,0.7,
TCBI,0.03123963125746343,63,0,0,0.3,0.091
TCBIO,-0.07050333478022858,32,1,3,0.9,0.1936
TCBK,0.08507072182132096,74,0,0,0.15,0.0299
TCBS,0.019494770801830638,60,0,0,0.15,0.1549
TCBX,0.04905273490996247,67,0,0,0.25,0.1362
TCI,0.29197863390570017,92,0,0,0.3,0.2498
TCMD,0.238213140467194,90,0,0,0.05,0.1511
TCOM,-0.2171945309800356,12,1,14,0.95,0.5176
TCPC,-0.12447263254758763,24,1,37,1.0,0.4084
TCRT,-0.25341933253216037,10,1,2,0.95,0.4646
TCRX,-0.016584245969528545,50,0,0,0.8,0.2907
TCX,-0.15699114447263518,19,1,2,0.9,0.4926
TD,0.12175939149444538,80,0,0,0.0,0.001
TDAC,-0.03578332829723311,40,1,3,0.5,0.1476
TDACU,0.034785323526171294,64,1,3,0.4,
TDAY,0.1269818795250804,80,0,0,0.25,0.0
TDC,0.09417007962194986,75,0,0,0.5,0.1604
TDF,-0.03205847148940603,42,0,0,0.9,0.143
TDG,0.05819047827757309,69,0,0,0.15,0.1832
TDIC,-0.6752072475946728,1,1,33,1.0,
TDOC,0.3247687194058283,93,0,0,0.0,0.0
TDS,-0.14053029813715218,21,1,14,0.95,0.2899
TDTH,-0.4469001338002083,3,1,12,0.85,0.9082
TDUP,0.6207525829370206,97,0,0,0.0,0.0253
TDW,-0.19982489946045612,14,1,42,1.0,0.3148
TDWD,-0.029665183550463395,44,1,3,0.5,0.1428
TDWDU,-0.03384298454812247,41,1,3,0.55,0.1622
TDY,0.033250996992553544,63,0,0,0.55,0.1257
TE,0.3980028616446875,95,0,0,0.4,0.2254
TEAD,-0.16496156319608107,18,1,5,0.35,0.3858
TEAM,-0.0687547909005212,33,1,15,0.75,0.5245
TECH,0.3220303833651203,93,0,0,0.0,0.0878
TECK,-0.06209993044350226,34,1,9,0.65,0.1443
TECX,0.0947423124170186,75,0,0,0.25,0.1814
TEI,0.03740475949765369,64,0,0,0.15,0.0961
TEL,-0.07763985503587369,31,1,7,0.5,0.2321
TELA,-0.15577735608317428,19,1,10,0.8,0.4245
TELO,-0.03632120317540305,40,0,0,0.8,0.1997
TEM,0.15397952742954618,84,0,0,0.35,0.192
TEN,-0.12840517262389578,23,1,5,0.85,0.2343
TENB,0.6036940902172105,97,0,0,0.05,0.0
TENX,-0.009406881378727763,52,0,0,0.5,0.3302
TEO,-0.06348965468739932,34,1,9,0.45,0.2177
TER,0.2052226576352515,88,0,0,0.1,0.1156
TEVA,-0.04411204801331414,38,1,3,0.55,0.1516
TEX,0.12220421149629555,80,0,0,0.0,0.0949
TFC,0.03131482836798849,63,0,0,0.35,0.1485
TFII,-0.020796086225697855,48,1,12,0.6,0.1398
TFIN,0.1370698665009718,82,0,0,0.05,0.0
TFPM,-0.08003809484851854,31,0,0,0.7,0.3302
TFSL,0.16620103407201747,85,0,0,0.0,0.0018
TFX,0.006118656235778411,56,0,0,0.55,0.1086
TG,-0.09531809377080883,28,1,3,0.75,0.2594
TGB,-0.08150427224376067,30,0,0,0.65,0.2787
TGE,-0.04130503640306467,38,0,0,0.45,0.3924
TGEN,0.01900726614385158,60,1,7,0.7,0.2765
TGHL,0.03724422160655798,64,0,0,0.5,
TGL,-0.07473864872022706,31,1,12,0.75,0.5748
TGLS,0.045585695564234155,66,0,0,0.1,0.1939
TGS,-0.13398549323972325,22,1,7,0.6,0.3015
TGT,0.012827874562584628,58,1,2,0.3,0.0928
TGTX,0.4779505418434305,96,0,0,0.0,0.0629
TH,0.3719554259502039,94,0,0,0.25,0.0542
THC,0.05364998002077931,68,0,0,0.4,0.2862
THCH,-0.11505103867523654,25,0,0,0.9,0.3357
THFF,0.15228420884298238,84,0,0,0.05,0.0088
THG,0.15293249683543292,84,0,0,0.1,0.0034
THH,-0.24096674114567634,10,1,3,0.9,
THM,-0.1955991154677631,15,1,20,1.0,0.475
THO,-0.07081050043659808,32,1,2,0.65,0.4209
THQ,0.014135917280721028,59,0,0,0.2,0.1019
THRM,0.03498387707116034,64,1,3,0.15,0.1929
THRY,0.11265665655969813,78,0,0,0.2,0.3627
THW,0.05298774141232045,68,0,0,0.55,0.0026
TIC,-0.03774899245104277,39,1,3,0.95,0.3654
TIGO,0.0597372115875459,69,0,0,0.2,0.0426
TIGR,-0.23141745779672157,11,1,51,1.0,0.6189
TII,-0.14197577615450807,21,0,0,0.85,0.5945
TIL,-0.08503830384629746,30,1,14,0.9,0.426
TILE,0.25572965787539753,90,0,0,0.05,0.0439
TIMB,-0.13197849054921418,22,1,3,0.9,0.3016
TIPT,0.026226762896306335,62,0,0,0.35,0.0694
TISI,0.04406737859116218,66,0,0,0.2,0.0991
TITN,-0.0505840573271388,36,1,1,0.5,0.1675
TJGC,0.8217517052646119,98,0,0,0.55,
TJX,-0.058697683025670994,35,1,5,0.25,0.1787
TK,-0.18695883557448967,15,1,5,0.6,0.2621
TKC,-0.04250361423898711,38,1,3,0.5,0.2484
TKLF,-0.06606033897841643,33,1,2,0.6,0.4669
TKNO,0.4164152818132956,95,0,0,0.1,0.0004
TKO,-0.0183142885905123,49,1,2,0.35,0.1696
TKR,0.1927200044100979,87,0,0,0.0,0.0308
TLF,-0.023733014369389818,47,0,0,0.65,0.1382
TLIH,0.4340950447554827,95,0,0,0.0,
TLK,-0.1570623925782341,19,1,62,1.0,0.411
TLN,-0.03997580524054008,39,1,2,0.4,0.2051
TLNC,-0.025410601597829353,46,1,2,0.5,0.1448
TLNCU,-0.01948079578678892,49,1,2,0.35,0.1397
TLPH,0.25581811433805296,90,0,0,0.15,0.2335
TLRY,-0.2815112784087488,8,1,48,1.0,0.588
TLS,0.010817193706874367,58,0,0,0.65,0.2209
TLSA,-0.09706919647785273,28,0,0,0.85,0.3424
TLSI,0.1054590276302836,77,0,0,0.25,0.3338
TLX,0.16390652452235321,85,0,0,0.5,0.0334
TLYS,0.005256176413312524,56,1,11,0.55,0.2332
TM,-0.14225093969519348,21,1,84,1.0,0.3786
TMC,-0.2557831977392341,9,1,18,0.9,0.5754
TMCI,0.8850556794170098,98,0,0,0.0,0.0733
TMDE,-0.18259902015220608,16,0,0,0.8,
TMDX,-0.19406336581410022,15,1,4,0.5,0.584
TME,-0.10414523723605298,27,1,13,0.9,0.5586
TMHC,0.06697135719085234,70,0,0,0.0,0.0528
TMO,0.016080766329090744,59,0,0,0.35,0.261
TMP,0.11775606999941472,79,0,0,0.05,0.0045
TMQ,-0.25527921829437855,9,1,19,0.95,0.5409
TMS,-0.2798610333784116,8,1,4,0.5,0.3767
TMUS,-0.13882531528028313,21,1,3,0.75,0.3126
TNC,0.0396043578428453,65,1,3,0.25,0.077
TNDM,-0.21670354825962163,12,1,3,0.7,0.4927
TNET,0.15865762028811248,84,0,0,0.1,0.2206
TNGX,0.2602928586476345,91,1,1,0.2,
TNK,-0.16135688624982092,19,1,5,0.55,0.2632
TNL,0.08705065479918127,74,0,0,0.0,0.1058
TNMG,-0.22746200273330447,12,0,0,0.85,
TNON,-0.5741539554698746,1,1,34,1.0,
TNXP,-0.059213577943131195,34,0,0,0.55,0.3986
TNYA,-0.06667159850490952,33,0,0,0.95,0.2955
TOI,0.3286632729155419,93,0,0,0.05,0.0224
TOL,0.0969249679325443,76,0,0,0.05,0.137
TOMZ,0.042907728083451585,65,0,0,0.55,0.2124
TONX,-0.025244152985303435,46,1,11,0.85,0.3021
TOON,-0.0008478274620369458,55,1,8,0.4,0.438
TOP,1.1515360322539285,98,0,0,0.0,0.0
TOPP,-0.1822473443726485,16,1,8,0.75,
TOPS,-0.454293376455919,2,1,88,1.0,0.8691
TORO,0.00015599395364682134,55,1,6,0.85,
TOST,0.0011872431005251552,55,0,0,0.65,0.2797
TOUR,-0.25465802714750785,9,1,26,1.0,0.383
TOVX,-0.13013071634191564,22,1,12,0.9,
TOWN,0.06003574077425397,69,0,0,0.25,0.0734
TOYO,-0.4340654392329147,3,1,17,0.85,0.5903
TPB,0.024674990171125837,61,0,0,0.65,0.4339
TPC,-0.036467088131912954,40,0,0,0.4,0.2084
TPCS,0.3490830890220731,93,0,0,0.65,0.0941
TPET,-0.39081562242986134,4,1,14,0.95,
TPG,-0.08210467160332888,30,1,9,0.65,0.4493
TPL,-0.015127679811891719,50,0,0,0.7,0.3216
TPR,-0.011409337809682722,51,1,2,0.25,0.1705
TPST,-0.3494314528086244,5,1,32,1.0,0.6677
TPVG,-0.05591414978091921,35,0,0,0.8,0.24
TR,-0.025907879698323553,46,0,0,0.7,0.2079
TRAK,-0.03351488305524412,41,0,0,0.65,0.2675
TRAW,-0.5009277426572957,2,1,30,1.0,0.7335
TRC,-0.04347252555767134,38,1,3,0.8,0.1627
TRDA,-0.19673659687615158,14,0,0,0.55,
TREE,0.006629231720802063,57,0,0,0.6,0.3923
TREX,0.19089505197907491,87,0,0,0.15,0.0427
TRGP,-0.03328164776052981,41,1,2,0.4,0.1218
TRI,-0.11760040770430041,25,0,0,0.85,0.3808
TRIB,-0.4715592738661159,2,1,11,0.6,0.6447
TRIN,0.07252667043516761,71,0,0,0.15,0.0
TRIP,0.16188287262662504,85,0,0,0.0,0.1479
TRLV,0.10037120133290929,76,0,0,0.5,0.2745
TRMB,-0.18725808521928217,15,0,0,0.95,0.405
TRMD,-0.1263571887375359,23,1,7,0.85,0.2543
TRMK,0.05446959574792154,68,0,0,0.25,0.0504
TRN,0.01995912030275484,60,1,2,0.25,0.1138
TRNO,0.01303144841510026,58,0,0,0.5,0.0768
TRNR,3.5537839935501143,99,0,0,0.9,
TRNS,0.10925407344254918,78,0,0,0.0,0.0174
TRON,-0.25577570315600945,9,1,25,1.0,0.4722
TROO,-0.25054518017444016,10,1,22,1.0,0.5235
TROW,0.13381607102670467,81,0,0,0.05,0.0
TROX,-0.30731535400927273,7,1,12,0.95,0.4234
TRP,-0.025868511125510186,46,1,3,0.45,0.1061
TRS,0.0983870487699167,76,0,0,0.15,0.051
TRSG,0.07943816473773481,73,1,1,0.05,0.0917
TRST,0.12621771110614544,80,0,0,0.1,0.0111
TRT,0.04078227982843867,65,1,6,0.75,
TRTX,0.017338956679169293,59,0,0,0.25,0.1068
TRU,0.002501711125808076,56,0,0,0.65,0.2116
TRUG,-0.4237965288204945,3,1,85,1.0,0.8867
TRUP,0.08371218609768875,73,0,0,0.25,0.3594
TRV,0.1073570450786034,77,0,0,0.15,0.0267
TRVG,0.6274829788407663,97,0,0,0.05,0.0078
TRVI,0.27545131118156224,91,0,0,0.35,0.0608
TRX,-0.3200185585505067,6,1,55,1.0,0.6433
TS,-0.15281975940787676,20,1,12,0.65,0.196
TSAT,-0.017741187791361815,50,1,1,0.85,0.1914
TSBK,0.10618325312741535,77,0,0,0.1,0.0416
TSCO,-0.1057909455586434,26,0,0,0.65,0.4602
TSEM,0.06399571913766096,70,1,4,0.4,0.2267
TSHA,0.13180459603810757,81,0,0,0.4,0.0724
TSI,-0.03119111363880881,42,1,2,0.5,0.1522
TSLA,0.03957148010989997,65,0,0,0.85,0.1363
TSLX,-0.07528618078508295,31,0,0,0.75,0.2596
TSM,0.07695965363866687,72,0,0,0.0,0.0686
TSN,-0.08757834935109406,29,1,2,0.9,0.2189
TSQ,0.09882904907259275,76,0,0,0.4,0.1267
TSSI,-0.24700480390167,10,1,7,0.8,0.3278
TT,0.035499062231326026,64,0,0,0.2,0.0576
TTAM,0.12266439283565002,80,0,0,0.2,0.1164
TTAN,0.04851072831312321,67,0,0,0.5,0.3725
TTC,0.021926940849524595,60,0,0,0.35,0.118
TTD,-0.21020035937824272,13,1,21,1.0,0.562
TTE,-0.20681727575584297,13,1,14,0.95,0.302
TTEC,-0.26718612558973737,9,1,26,1.0,0.4649
TTEK,-0.05349311780703302,36,0,0,0.55,0.3651
TTGT,-0.18664878577424598,16,0,0,0.95,0.3845
TTI,0.023413030745528314,61,1,1,0.45,0.2348
TTMI,0.19580435585568812,87,1,3,0.2,0.1901
TTRX,0.49121718177033086,96,0,0,0.0,0.0604
TTWO,0.12132015538964495,80,0,0,0.45,0.1076
TU,-0.17895840049669431,16,1,14,0.95,0.3008
TULP,-0.0714619427376946,32,1,5,0.8,0.3618
TURB,-0.16174566608450464,19,0,0,0.3,
TUSK,0.01864618495808272,60,0,0,0.55,0.1694
TUYA,-0.22116549702917399,12,1,13,0.95,0.3704
TV,-0.06672223122009291,33,1,8,0.6,0.2836
TVA,-0.027814314973982904,45,1,2,0.5,0.1393
TVACU,-0.038637921872674744,39,1,3,0.6,0.1774
TVAI,-0.02840460380805676,45,1,2,0.45,0.144
TVAIU,-0.10493642953555159,26,1,3,0.95,0.1458
TVGN,-0.16505125463223413,18,1,4,0.3,0.7293
TVRD,-0.42374177693826065,3,1,28,1.0,0.629
TVTX,0.37109974709713117,94,0,0,0.0,0.0642
TW,-0.08642603039548113,29,0,0,0.95,0.2956
TWAV,-0.15229324379235165,20,1,9,0.55,0.4375
TWFG,0.2964715149522341,92,0,0,0.1,0.1885
TWG,-0.3123207502905519,6,1,62,1.0,
TWI,0.014415474283619244,59,1,1,0.5,0.379
TWIN,0.34917308042746725,93,0,0,0.0,0.0847
TWLO,0.18169261313851964,86,0,0,0.45,0.1045
TWLVU,-0.029942187875477713,43,1,2,0.45,0.1506
TWN,0.01540338778447365,59,1,4,0.4,0.0688
TWO,0.007918367738849283,57,1,2,0.4,0.1669
TWST,0.6736493516507713,97,0,0,0.0,0.0048
TX,-0.10647001494424316,26,1,10,0.5,0.1762
TXG,0.524126851044088,96,0,0,0.0,0.0
TXMD,0.00604987684941323,56,0,0,0.6,0.2795
TXN,0.10308625582545271,77,1,4,0.4,0.1036
TXNM,-0.0713849737558756,32,1,3,0.8,0.1765
TXO,-0.05181735214682764,36,1,14,0.7,0.1775
TXRH,0.10453498985437386,77,0,0,0.5,0.1037
TXT,-0.02423476383219312,47,0,0,0.4,0.1637
TY,0.009082369956300476,57,0,0,0.2,0.0259
TYG,-0.10329269997376654,27,1,4,0.85,0.256
TYGO,-0.4889515420312793,2,1,39,1.0,0.5798
TYL,-0.13607190463225158,22,0,0,0.9,0.3881
TYRA,-0.14354001988190873,21,1,1,0.65,0.3487
TZOO,0.31068139955040613,92,0,0,0.1,0.0
U,0.052347001253381056,67,0,0,0.45,0.4081
UA,0.09773031096002709,76,0,0,0.2,0.2543
UAA,0.09547512071374005,75,0,0,0.2,0.2567
UAL,0.3136326923651979,92,0,0,0.0,0.0295
UAMY,-0.2503829684301428,10,0,0,0.95,0.4007
UAN,-0.11904785116477902,24,1,34,1.0,0.2957
UAVS,-0.20859811235197856,13,1,20,1.0,0.5373
UBCP,-0.01570193621631233,50,0,0,0.15,0.174
UBER,-0.04822694266446127,37,1,2,0.75,0.2371
UBS,0.08398752418655563,73,0,0,0.0,0.0393
UBSI,0.07297620566984972,72,0,0,0.1,0.0339
UBXG,-0.1828229370803227,16,1,2,0.45,
UCAR,0.20760197293141763,88,1,5,0.95,
UCB,0.08450937969278469,74,0,0,0.3,0.0825
UCFI,-0.03489260719944927,41,1,3,0.5,0.1548
UCL,-0.23376346499844392,11,1,8,0.8,0.5121
UCTT,0.6443899980123556,97,0,0,0.1,0.0899
UDR,0.09887191985474587,76,0,0,0.25,0.0455
UE,0.020997663033740732,60,1,2,0.4,0.0673
UEC,-0.2778844884890006,8,1,20,1.0,0.5141
UEIC,0.10314864029398378,77,0,0,0.5,0.0875
UFCS,0.2680304068386608,91,0,0,0.1,0.0063
UFG,-0.10022299814071473,28,1,2,0.45,
UFI,0.22075240820955533,89,0,0,0.2,0.0267
UFPI,0.020691844007214397,60,0,0,0.2,0.287
UFPT,0.27911484597797226,91,0,0,0.05,0.0743
UG,-0.02208447745073975,48,1,1,0.4,0.1164
UGI,-0.03799490290876395,39,1,2,0.45,0.2049
UGP,-0.11544046138661684,25,1,2,0.9,0.2499
UHAL,0.2179807886504,88,0,0,0.0,0.0311
UHS,-0.07648293081188363,31,0,0,0.95,0.4155
UHT,0.09513349518004734,75,0,0,0.55,0.0464
UI,-0.27371419968522503,8,1,38,1.0,0.5296
UIS,0.13175035625808618,81,1,2,0.5,0.2168
UK,-0.4337223383108653,3,1,40,1.0,0.7584
UL,0.03941237718261055,65,0,0,0.2,0.2448
ULBI,-0.13956466175117832,21,1,20,1.0,0.2536
ULCC,0.6936813721651581,98,0,0,0.0,0.0557
ULH,-0.22401996247655598,12,1,11,0.55,0.4113
ULS,0.006266957048596464,56,0,0,0.6,0.096
ULTA,-0.15296320665239682,20,1,3,0.85,0.414
UMAC,0.2190821216411168,89,0,0,0.35,
UMBF,0.14181123716678168,83,0,0,0.1,0.0175
UMBFO,-0.01789360473673112,49,0,0,0.6,0.1173
UMC,0.6898940282788064,98,0,0,0.0,0.0975
UMH,-0.006577451915553371,53,1,2,0.5,0.1289
UNB,0.0007783524771757533,55,0,0,0.45,0.126
UNCY,-0.32024931347269264,6,1,2,0.65,0.384
UNF,-0.004701767889602949,53,0,0,0.5,0.1373
UNFI,-0.11961425939290712,24,1,5,0.55,0.1884
UNH,0.19419292272024197,87,0,0,0.05,0.0256
UNIT,-0.011666459000059082,51,1,10,0.55,0.1309
UNM,0.10579929985383084,77,0,0,0.1,0.0222
UNP,0.033031849309695535,63,0,0,0.45,0.047
UNTY,0.07885722423323438,73,0,0,0.15,0.0522
UONE,-0.14898969513660082,20,1,9,0.9,0.6728
UONEK,-0.13710623208399436,22,1,34,1.0,0.5411
UP,0.1092280742667681,78,0,0,0.5,0.6195
UPB,-0.18471126233781932,16,0,0,0.9,0.7934
UPBD,0.08162334500714617,73,0,0,0.2,0.1267
UPC,0.710965437676419,98,0,0,0.45,
UPLD,-0.4257176762768393,3,1,19,0.95,0.7245
UPS,0.0010655238867429695,55,0,0,0.15,0.1387
UPST,0.11498758667753121,78,0,0,0.2,0.3534
UPWK,-0.127521377507337,23,0,0,0.95,0.625
UPXI,-0.25392425834357363,10,1,27,1.0,0.665
URBN,-0.017759115034813214,49,1,3,0.5,0.2058
URG,-0.23269071913917294,11,1,11,0.85,0.3739
URGN,0.5665778369232767,97,0,0,0.2,0.0
URI,0.17622664329342724,86,0,0,0.0,0.0393
UROY,-0.27494999468631776,8,1,20,1.0,0.5277
USA,-0.022951942054344913,47,0,0,0.65,0.1111
USAC,-0.08505148533369383,30,1,13,0.9,0.199
USAR,-0.2006145257727449,14,1,7,0.8,0.3388
USAS,-0.22548203586191568,12,1,9,0.85,0.5673
USAU,-0.04575854245957969,37,0,0,0.75,0.3622
USB,0.11975401564641751,79,0,0,0.1,0.0417
USBC,-0.09809425028523254,28,1,6,0.8,0.5548
USCB,0.10292828312309317,76,0,0,0.1,0.0648
USEA,0.16733475241934875,85,0,0,0.0,0.0064
USFD,0.1403427993839041,82,0,0,0.1,0.092
USGO,-0.2681176220682384,9,1,38,1.0,0.5122
USIO,0.8892662833695539,98,0,0,0.05,0.0
USLM,-0.10017349190954962,28,1,7,0.85,0.3154
USNA,0.14828082072073334,83,0,0,0.25,0.1137
USPH,0.029571750215890466,62,0,0,0.4,0.2499
UTF,-0.002985980730369625,54,1,1,0.3,0.0824
UTG,-0.06467858039879815,34,1,4,0.65,0.1288
UTHR,-0.060734087269300276,34,1,3,0.9,0.214
UTI,0.1694769606503277,85,0,0,0.25,0.0
UTL,0.009732765996850135,57,0,0,0.3,0.1579
UTMD,0.05550497739204531,68,0,0,0.3,0.0743
UTSI,-0.10481659843658374,26,1,9,0.5,0.2682
UTZ,0.058494884339286665,69,0,0,0.65,0.3109
UUU,-0.34494446677870055,5,1,17,0.85,0.4414
UUUU,-0.27840332619236224,8,1,20,1.0,0.5242
UVE,0.11720086160220787,79,0,0,0.35,0.0217
UVSP,0.16643356048016822,85,0,0,0.05,0.006
UVV,-0.061445877335284116,34,1,3,0.65,0.185
UWMC,-0.32416188749756963,6,1,50,1.0,0.6391
UXIN,-0.29014745939809156,7,0,0,0.95,0.5584
UYSC,-0.02646702499716396,46,1,3,0.5,0.1304
UYSCU,-0.10135639177619687,27,1,14,0.85,0.1723
UZX,-0.5679167502193945,1,1,19,0.95,
V,0.06174287555853199,69,0,0,0.3,0.0902
VABK,0.07573424095701657,72,0,0,0.2,0.0437
VAC,0.24608447578318932,90,0,0,0.0,0.0369
VACI,-0.0334763440472409,41,1,3,0.65,0.1318
VAL,-0.28634644489185407,8,1,28,1.0,0.3989
VALE,-0.11730643645615972,25,1,48,1.0,0.2172
VALN,-0.16045248459201716,19,1,22,1.0,0.6108
VALU,0.15045322874591643,84,0,0,0.25,0.0405
VANI,-0.03677526410831068,40,0,0,0.6,0.2553
VATE,0.48603877446032734,96,1,1,0.05,0.1719
VBF,-0.02192977884658232,48,1,1,0.45,0.1277
VBIO,-0.38494000258869915,4,1,34,1.0,0.6674
VBNK,0.36052055711102454,94,0,0,0.05,0.0
VC,-0.13102777178028058,22,1,5,0.45,0.1889
VCEL,0.323655183986813,93,0,0,0.05,0.0453
VCIG,0.20312939584096112,88,1,9,0.65,
VCTR,0.06698884836759589,70,0,0,0.4,0.0532
VCV,-0.00433591994482754,54,0,0,0.25,0.1075
VCYT,0.5032525763254965,96,0,0,0.0,0.0328
VECO,0.42193439369725416,95,1,1,0.1,0.1427
VEEA,-0.5898391954534565,1,1,23,1.0,0.6979
VEEE,-0.1867253796094191,16,1,14,0.95,
VEEV,0.01742365588891831,60,0,0,0.65,0.2975
VEL,0.00011906520769796453,55,0,0,0.55,0.1826
VELO,0.025827429892692308,61,1,7,0.55,0.4817
VENU,-0.43136133103617386,3,1,5,0.95,0.793
VEON,-0.01866230197475052,49,1,3,0.85,0.1454
VERA,0.1650433676658628,85,0,0,0.45,0.2005
VERI,-0.331814116914299,6,1,27,1.0,0.741
VERU,0.3362791234165496,93,0,0,0.05,
VERX,-0.10220840565379273,27,0,0,0.9,0.4254
VET,-0.3048294440436924,7,1,29,1.0,0.4415
VFC,-0.061011588206374305,34,1,3,0.65,0.265
VFF,-0.29199742625505126,7,1,48,1.0,0.5086
VFL,0.0016037523016487962,55,0,0,0.2,0.0819
VFS,-0.20997925733400502,13,1,46,1.0,0.403
VG,-0.20948577591201184,13,1,12,0.9,0.4656
VGAS,-0.44635875009430115,3,1,6,0.95,0.6487
VGI,-0.015516839924023043,50,0,0,0.4,0.1
VGM,0.01554704761001182,59,0,0,0.25,0.0716
VGZ,-0.19435828075415396,15,1,8,0.7,0.4371
VHC,-0.22176690417739936,12,1,3,0.8,0.5023
VHCPU,-0.031485510185041345,42,1,3,0.45,0.1472
VHI,-0.04148300485169544,38,0,0,0.35,0.1613
VIA,0.14820983005324068,83,0,0,0.6,0.382
VIAV,0.013042716421957562,58,1,4,0.6,0.18
VICI,-0.08397484135414954,30,1,3,0.75,0.1843
VICR,0.32280480272352396,93,0,0,0.2,0.0766
VIK,0.1716282988297782,86,0,0,0.0,0.0344
VINP,-0.08745556925829215,29,1,9,0.95,0.3031
VIOT,-0.18003809656745995,16,1,18,0.95,0.5598
VIPS,-0.10492675318690171,26,1,64,1.0,0.2966
VIR,-0.011389489244898875,51,0,0,0.5,0.1829
VIRC,0.047362861076339954,66,0,0,0.25,0.1359
VIRT,0.220623924682269,89,0,0,0.1,0.0424
VISN,0.03778960888182313,64,1,1,0.1,0.0707
VIST,-0.20338030759103914,14,1,14,0.75,0.3078
VITL,0.02124096293168809,60,0,0,0.3,0.6312
VIV,-0.1145395243471146,25,1,3,0.8,0.2796
VIVK,-0.8364068223277079,0,1,44,1.0,
VIVO,0.22036212050606846,89,1,2,0.4,0.2376
VIVS,-0.2534105398333588,10,1,84,1.0,
VKI,0.05324228896061978,68,0,0,0.1,0.0866
VKQ,0.01564675611185462,59,0,0,0.15,0.0767
VKTX,0.15538221970507665,84,0,0,0.5,0.0712
VLGEA,-0.07735860810530007,31,0,0,0.7,0.153
VLN,0.0009284192193496771,55,1,18,0.9,
VLO,0.03929113379212332,65,0,0,0.35,0.0972
VLRS,0.19460401118566262,87,0,0,0.15,0.201
VLT,-0.011922865476569913,51,0,0,0.35,0.1156
VLTO,0.018590857115350592,60,0,0,0.55,0.1901
VLY,0.08913065538803566,74,0,0,0.05,0.0172
VLYPN,-0.03257483698036832,41,1,2,0.45,0.1315
VLYPO,-0.01596696979267345,50,0,0,0.4,0.129
VLYPP,-0.02667066329320749,46,1,3,0.5,0.1381
VMAR,-0.8388847369825978,0,1,121,1.0,0.9825
VMC,6.51998660168851e-05,55,1,2,0.2,0.178
VMD,0.17757155531527136,86,0,0,0.05,0.0132
VMI,0.10516061636990805,77,0,0,0.0,0.0555
VMO,-5.704115886806527e-05,55,0,0,0.2,0.0851
VNCE,0.6760006165982316,97,0,0,0.05,0.158
VNDA,-0.12926796105267008,23,1,2,0.9,0.4284
VNET,-0.09126410366072617,29,0,0,0.9,0.4294
VNME,-0.028573772670162347,45,1,3,0.45,0.143
VNMEU,-0.03138227109623113,42,1,3,0.5,0.1992
VNO,0.2755140303620867,91,0,0,0.0,0.0
VNOM,-0.1510775432949079,20,1,29,1.0,0.259
VNRX,-0.5545636401550705,1,1,23,1.0,0.8213
VNT,-0.1318779804113664,22,1,3,0.65,0.3822
VNTG,-0.19693027218205378,14,1,4,0.55,0.4097
VOC,-0.1194175700937988,24,1,2,0.95,0.3127
VOD,-0.16412214391612373,18,1,12,0.85,0.2402
VOR,0.18736107929782614,87,0,0,0.45,0.1063
VOXR,-0.15619873205094947,19,1,25,1.0,0.3227
VOYA,0.14764410622770052,83,0,0,0.0,0.0093
VOYG,-0.005765916767692544,53,1,13,0.7,0.3409
VPG,0.9138687460959865,98,0,0,0.0,0.0381
VPV,0.011445500577749193,58,0,0,0.0,0.0599
VRA,0.10587607663709679,77,0,0,0.3,0.1336
VRAX,-0.3837378420621285,4,1,16,0.85,
VRCA,-0.02717927668196679,45,1,2,0.85,0.3857
VRDN,0.11015175333344086,78,0,0,0.5,0.4962
VREX,-0.026148787932272446,46,0,0,0.65,0.3165
VRM,-0.40781450054063517,3,1,8,0.9,0.6534
VRME,-0.22872772791464224,11,1,14,0.95,
VRNS,0.4131922297573934,95,0,0,0.0,0.0003
VRRM,-0.45897000128919485,2,1,115,1.0,
VRSK,-0.040474749769996515,39,0,0,0.3,0.2413
VRSN,-0.11035735810860496,26,1,14,0.9,0.1768
VRT,-0.020218766200918566,48,1,1,0.65,0.1715
VRTS,-0.017444278365058,50,0,0,0.45,0.2092
VRTX,0.10572490764153329,77,0,0,0.1,0.0989
VRXA,-0.8759865936856686,0,1,11,0.65,
VS,-0.08585723753171699,30,0,0,0.5,0.1825
VSA,-0.25049157300766484,10,1,10,0.8,
VSAT,0.27524175296561953,91,0,0,0.8,0.0744
VSEC,0.24733625199988596,90,0,0,0.15,0.0778
VSEE,-0.45450183556876134,2,1,22,1.0,0.7603
VSH,0.5243128852323186,96,1,3,0.15,0.2099
VSME,1.1140315630721236,98,0,0,0.3,
VSNT,-0.12894251548522573,23,1,16,0.95,0.2749
VST,-0.043805870065634675,38,1,2,0.5,0.213
VSTD,-0.36546214979512565,4,1,24,1.0,0.6293
VSTM,-0.16564079163702755,18,0,0,0.8,0.5209
VSTS,0.3611643728020703,94,0,0,0.0,0.0164
VSXY,0.46571237542629,96,0,0,0.0,0.1417
VTAK,-0.1150524488764848,25,1,3,0.4,0.6523
VTEX,0.01737409814863937,59,0,0,0.65,0.0987
VTGN,-0.6480339129696279,1,1,2,0.55,
VTMX,-0.03842490639968982,39,0,0,0.8,0.1369
VTN,0.022255598379315567,61,0,0,0.1,0.1038
VTOL,-0.12499880367774129,23,1,6,0.7,0.2574
VTR,0.04534294579542286,66,0,0,0.5,0.0832
VTRS,0.04537986206953211,66,0,0,0.4,0.0829
VTS,-0.1443177961927251,21,1,14,0.95,0.3332
VTSI,-0.1666587310719495,18,1,45,1.0,0.411
VTVT,-0.021059651555837364,48,0,0,0.5,0.2532
VUZI,-0.180641759171833,16,1,18,0.9,0.4626
VVOS,-0.40023218336479166,4,1,16,0.9,0.8206
VVR,-0.061219990391795556,34,1,3,0.65,0.1666
VVV,0.10666434749536922,77,0,0,0.0,0.1074
VVX,-0.07694037648409463,31,1,6,0.35,0.2143
VWAV,-0.3346520522995902,5,1,9,0.9,0.7345
VYGR,-0.08388585374992621,30,1,3,0.7,0.3497
VYNE,0.012124558526529106,58,0,0,0.6,0.0623
VYX,0.17119464930394535,86,0,0,0.25,0.2906
VZ,-0.16294186314260578,18,1,3,0.75,0.2838
VZLA,-0.14549862989326218,21,1,9,0.7,0.5592
W,0.3197968925278789,93,0,0,0.15,0.2605
WAB,-0.013944904190231568,51,1,3,0.3,0.1138
WABC,0.07390092986021292,72,0,0,0.05,0.0038
WAFD,0.10677919461646919,77,0,0,0.1,0.0
WAFDP,-0.014739648228654614,50,1,2,0.45,0.1441
WAFU,-0.07184471410594057,32,1,13,0.75,0.2275
WAI,-0.09519863039444214,28,1,9,0.6,0.3134
WAL,0.04348285478642004,66,0,0,0.2,0.1882
WALD,0.3933498829754273,94,0,0,0.3,0.1998
WASH,0.12168506408754783,80,0,0,0.05,0.0618
WAT,0.08586014294987959,74,0,0,0.25,0.1322
WATT,-0.12477774444214525,23,1,9,0.8,0.3501
WAVE,0.08371970632245941,73,1,1,0.55,0.1543
WAY,-0.06752911633680653,33,0,0,0.7,0.425
WB,-0.12187651148928393,24,1,75,1.0,0.3418
WBD,-0.0503619027097069,36,1,2,0.6,0.1635
WBI,0.06192034361278388,69,0,0,0.25,0.0775
WBS,0.03591205302692814,64,0,0,0.1,0.0411
WBTN,-0.05270262686079762,36,1,2,0.75,0.2463
WBUY,-0.24866727458492488,10,1,14,0.95,0.5641
WBX,0.14805152391887783,83,1,1,0.45,0.1701
WCC,-0.07265970046189277,32,1,4,0.45,0.1362
WCN,0.019835473833607863,60,0,0,0.25,0.138
WCT,-0.25340706875785635,10,1,13,0.8,
WD,0.11598040778939604,79,0,0,0.15,0.2086
WDAY,-0.10079883230086263,27,0,0,0.65,0.4325
WDC,0.36878943456253127,94,1,1,0.15,0.1971
WDFC,0.16126406106491686,85,0,0,0.1,0.133
WDH,-0.2900598775192951,8,1,57,1.0,0.4336
WDI,-0.01858625371611651,49,0,0,0.5,0.0863
WDS,-0.19429861078377608,15,1,12,0.9,0.3384
WEA,-0.02236032197769649,48,1,1,0.35,0.1168
WEAV,0.12884502010954307,81,0,0,0.7,0.2201
WEC,0.0008450235065284445,55,0,0,0.3,0.1409
WELL,0.10075335124798261,76,0,0,0.35,0.0305
WEN,0.1890453023703757,87,0,0,0.7,0.0073
WENN,-0.029804435899083128,44,1,3,0.5,0.1448
WENNU,-0.03053679643227445,43,1,3,0.5,0.1457
WERN,0.1362330563261578,82,0,0,0.15,0.0266
WES,-0.017974331422337224,49,1,3,0.65,0.1103
WEST,0.14750108372925108,83,1,3,0.3,0.237
WETH,-0.22952218325730878,11,1,16,0.95,0.4479
WETO,0.2821225619301781,92,1,2,0.3,
WEX,-0.08685023961285265,29,0,0,0.7,0.2666
WEYS,0.14009633543734107,82,0,0,0.05,0.0
WF,-0.13723658021097146,22,1,9,0.8,0.3759
WFC,0.05439465889626409,68,0,0,0.05,0.1733
WFCF,0.15487173111787383,84,0,0,0.45,0.2031
WFF,0.6795776975754999,97,0,0,0.0,0.177
WFG,-0.02605003225880367,46,1,3,0.15,0.2032
WFRD,-0.2557664810053081,9,1,27,1.0,0.3101
WGO,0.0007917402895343678,55,0,0,0.65,0.4166
WGRX,-0.34082010667637347,5,1,28,1.0,
WGS,0.22002613486848682,89,0,0,0.0,0.5203
WH,0.013114173447534426,58,1,1,0.35,0.1138
WHD,-0.1449095659689586,21,1,12,0.75,0.2384
WHF,-0.08098297600225773,30,0,0,0.8,0.1883
WHG,0.15485325430939106,84,0,0,0.0,0.0568
WHLR,-0.8495181866578174,0,1,108,1.0,0.9876
WHLRD,-0.08724933783374975,29,1,4,0.65,0.1848
WHLRP,0.3088405684627,92,0,0,0.05,0.0197
WHR,-0.19767164426965683,14,1,91,1.0,0.5953
WHWK,0.014920435710847078,59,1,1,0.7,0.1563
WIA,-0.026628592643002172,46,1,2,0.5,0.1298
WILC,-0.009384268357973395,52,1,12,0.9,0.1215
WIMI,-0.1941363934615769,15,1,13,0.9,0.5226
WINA,0.04633327508079925,66,0,0,0.15,0.2047
WING,0.06539106204470062,70,0,0,0.35,0.4317
WIT,-0.19551070489188432,15,1,1,0.3,0.4317
WIW,-0.0426845713356936,38,1,3,0.6,0.1367
WIX,-0.33923340182281525,5,0,0,0.95,0.5589
WK,-0.09893907787419458,28,0,0,0.8,0.4891
WKC,0.20356328974762816,88,0,0,0.0,0.0265
WKEY,-0.11450672080967356,25,1,22,1.0,0.3383
WKHS,-0.1440526808438023,21,1,19,0.95,0.5366
WKSP,-0.0008792659155391347,55,0,0,0.55,0.6448
WLDN,-0.1087311495826626,26,1,11,0.55,0.4634
WLDS,-0.4972902866629719,2,1,11,0.95,0.8722
WLFC,0.2453771544785605,90,0,0,0.1,0.0656
WLK,-0.2973216960276035,7,1,55,1.0,0.4765
WLKP,-0.05214042904518915,36,1,3,0.55,0.1157
WLTH,-0.18101501688665877,16,0,0,0.95,0.3703
WLY,0.1936915260294333,87,0,0,0.05,0.0
WLYB,0.21057982488565247,88,0,0,0.0,0.0
WM,-0.01918408606164357,49,0,0,0.4,0.1764
WMB,-0.0219227446808038,48,1,2,0.6,0.1551
WMG,-0.07630727857709149,31,1,24,1.0,0.2038
WMK,0.0795191721591491,73,0,0,0.15,0.0564
WMS,0.04590087121243962,66,0,0,0.4,0.2051
WMT,-0.13673420149812746,22,1,6,0.9,0.258
WNC,0.5999943520300556,97,0,0,0.05,0.0781
WNEB,0.07588532746717953,72,0,0,0.2,0.056
WNW,-0.18230901079325584,16,1,2,0.9,
WOK,-0.9288553714176466,0,1,33,1.0,
WOLF,0.3846523543828612,94,1,7,0.8,0.3914
WOOF,-0.10744073709197201,26,1,2,0.7,0.3362
WOR,-0.05208975687464751,36,1,6,0.3,0.1608
WPC,-0.03659344584352119,40,1,3,0.55,0.1088
WPM,-0.16720710666334687,18,1,9,0.9,0.3825
WPP,-0.10696655312286744,26,1,9,0.6,0.3485
WPRT,0.054964587544959156,68,0,0,0.55,0.161
WRAP,-0.0062249630526867855,53,0,0,0.85,0.5592
WRB,0.05427916697249624,68,0,0,0.25,0.1093
WRBY,0.24455772895111016,90,0,0,0.3,0.0657
WRD,-0.30628249803619956,7,1,19,0.95,0.4683
WRLD,0.3918118124311426,94,0,0,0.0,0.0253
WRN,-0.23697375879442206,11,1,20,1.0,0.4893
WS,-0.1924894719277236,15,1,12,0.6,0.3837
WSBC,0.14776443906902081,83,0,0,0.1,0.0117
WSBCO,-0.030644969706906302,43,1,3,0.45,0.1428
WSBF,0.11630068482010207,79,0,0,0.1,0.0208
WSBK,-0.007350281395575569,53,0,0,0.25,0.1389
WSC,0.18950311714714896,87,1,1,0.05,0.0733
WSFS,0.0911613316043735,74,0,0,0.1,0.0085
WSHP,0.0678464638970805,71,0,0,0.8,
WSM,0.15841255565844237,84,0,0,0.0,0.0676
WSO,0.037263135516164184,64,0,0,0.3,0.1466
WSR,0.00726375609947718,57,1,3,0.45,0.0818
WST,0.2015210999205101,88,0,0,0.0,0.0
WSTN,-0.030599925661323416,43,1,3,0.5,0.1454
WT,-0.02155402017727672,48,1,6,0.85,0.1105
WTBA,0.12588941221288386,80,0,0,0.1,0.0237
WTF,-0.1485282873471328,20,1,33,1.0,0.4907
WTFC,0.07929591217690148,73,0,0,0.05,0.0671
WTFCN,-0.020610600466238818,48,0,0,0.4,0.1159
WTG,-0.021218335640597254,48,1,3,0.5,0.1383
WTGUU,-0.08785254851491921,29,1,14,0.95,0.1861
WTI,-0.2479099923801813,10,1,12,0.85,0.3789
WTM,-0.0690795904116143,33,1,2,0.9,0.2048
WTO,-0.3913964987160696,4,0,0,0.95,
WTRG,-0.01830885019079376,49,0,0,0.4,0.2097
WTS,0.23094047106726673,89,0,0,0.0,0.0249
WTTR,0.07265446368526542,71,0,0,0.25,0.0691
WTW,0.015216781186961209,59,0,0,0.35,0.2539
WU,-0.08456528345110435,30,0,0,0.8,0.2554
WULF,0.07693723801174766,72,1,5,0.3,0.1941
WVE,-0.15917683673825517,19,1,7,0.95,0.6664
WVVI,-0.04561052821578495,37,0,0,0.7,0.2239
WVVIP,-0.051387061870633126,36,0,0,0.9,0.3124
WW,0.14662805025719194,83,1,5,0.25,0.5667
WWD,0.1645529151882486,85,0,0,0.1,0.0504
WWR,-0.22814493395229868,11,1,35,1.0,0.6367
WWW,-0.0872587167236189,29,1,3,0.45,0.2491
WXM,-0.040290708059691024,39,1,3,0.55,
WY,-0.04853775578980732,37,1,3,0.25,0.1965
WYFI,0.7900405074407955,98,0,0,0.3,0.2321
WYHG,0.536213881861276,96,1,5,0.3,0.3641
WYNN,-0.12411804466090522,24,1,5,0.4,0.282
WYY,1.1226209684468549,98,0,0,0.0,0.2055
XAIR,-0.1522204450120226,20,0,0,0.65,
XBIO,-0.08029172834474374,30,1,11,0.8,0.225
XBIT,-0.08747218672344964,29,1,40,1.0,0.2127
XBP,-0.16081253279061625,19,0,0,0.75,0.7358
XCH,-0.15979916088328855,19,1,1,0.65,
XCUR,-0.46774260030171466,2,1,21,1.0,0.717
XEL,-0.016842921199740846,50,1,2,0.55,0.1427
XELB,-0.1514744598441587,20,1,9,0.85,0.2672
XENE,0.05980820776248788,69,0,0,0.55,0.1308
XERS,0.2914651388193534,92,0,0,0.1,0.095
XFLT,-0.04630621362843762,37,1,3,0.95,0.2638
XFOR,-0.03900752040496443,39,1,1,0.45,0.2082
XGN,0.20653568987679977,88,0,0,0.1,0.3122
XHG,-0.101362845178494,27,1,13,0.85,
XHLD,0.4840098056453121,96,0,0,0.6,
XHR,0.1765588301943397,86,0,0,0.0,0.0588
XIFR,0.02348922090961922,61,0,0,0.5,0.043
XLO,0.09240051149526086,75,0,0,0.35,0.1634
XMAX,0.09248108710008777,75,0,0,0.35,0.0
XMTR,0.49738417428041765,96,0,0,0.2,0.0079
XNCR,0.25861640861198976,90,0,0,0.15,0.0607
XNET,-0.048368425638914726,37,0,0,0.75,0.346
XOM,-0.15028847415438795,20,1,14,0.9,0.3237
XOMA,0.06029641550111495,69,0,0,0.2,0.0287
XOMAO,-0.027062543309986167,45,1,3,0.45,0.1449
XOMAP,-0.03073354560299242,43,1,3,0.5,0.1596
XOS,0.45804877047914694,95,1,9,0.5,
XP,-0.11244899249035609,25,1,1,0.85,0.3433
XPEL,0.04278510416023862,65,0,0,0.3,0.1861
XPER,0.21496895946928551,88,0,0,0.2,0.0
XPEV,-0.23026564866941512,11,1,19,0.95,0.4192
XPL,-0.15888120039839415,19,1,9,0.95,0.3154
XPO,-0.07182758045299449,32,1,12,0.6,0.1433
XPOF,0.1251597861526751,80,0,0,0.2,0.2848
XPON,-0.23273588225774855,11,1,45,1.0,0.5416
XPRO,-0.16886416743754368,18,1,12,0.7,0.3281
XRAY,-0.007143578333471803,53,0,0,0.55,0.3088
XRN,0.07361954110887049,72,0,0,0.35,0.0372
XRPN,-0.02802658093354944,45,1,3,0.5,0.1441
XRPNU,-0.022676851658103472,47,1,3,0.55,0.161
XRTX,-0.1277025987225886,23,1,3,0.9,0.3624
XRX,0.3717725378640543,94,1,2,0.2,0.1298
XTIA,-0.20456464798721247,14,1,1,0.85,0.4988
XTLB,-0.11796517065608275,25,1,1,0.65,
XTNT,-0.186063202295414,16,1,37,1.0,0.4897
XWEL,-0.1536339359079723,20,1,17,0.9,
XXI,-0.298068084190605,7,1,35,1.0,0.5015
XXII,-0.7881721857295743,0,1,118,1.0,0.9863
XYF,0.027686132262239385,62,1,2,0.4,0.2463
XYL,0.002315223539131321,56,0,0,0.5,0.2542
XYZ,0.056371988697548545,68,0,0,0.4,0.0312
XZO,0.15961382345420105,84,0,0,0.65,0.2797
YAAS,-0.2519782909051668,10,1,9,0.7,
YALA,-0.1208617251518882,24,0,0,0.85,0.2955
YB,-0.00316739962057435,54,0,0,0.55,0.3079
YCBD,-0.18537951213198656,16,1,23,1.0,0.4658
YCY,-0.029347378181535967,44,1,3,0.5,0.1455
YDDL,-0.5727049698782438,1,1,57,1.0,
YDES,-0.46217503491128115,2,1,63,1.0,0.8329
YDKG,-0.11322594561711412,25,1,8,0.45,0.3508
YELP,0.022103367514751726,60,0,0,0.65,0.2123
YETI,0.12776187201255196,81,0,0,0.0,0.1056
YEXT,0.13013911044746013,81,0,0,0.45,0.4466
YHC,-0.97514609438306,0,1,2,0.65,
YHGJ,-0.044316852997011574,38,1,13,0.7,0.4002
YHNA,-0.0306140265508607,43,1,3,0.5,0.1437
YHNAU,-0.053815487441621804,36,1,3,0.65,0.1275
YI,-0.3270614759369773,6,1,53,1.0,0.5503
YIBO,0.022540455632140632,61,0,0,0.55,0.2114
YJ,-0.09654703813312582,28,1,12,0.75,0.3091
YMAT,0.32747008671084354,93,1,18,0.9,
YMM,-0.066556438743712,33,0,0,0.9,0.3201
YMT,-0.6787741348747003,1,1,100,1.0,0.9838
YOOV,-0.3340673857077148,5,0,0,0.9,
YORW,0.019166595294573402,60,0,0,0.4,0.1522
YOU,-0.004689743904171862,53,0,0,0.75,0.1076
YOUL,-0.36097549907143983,5,0,0,0.85,
YPF,-0.1310048216444345,22,1,12,0.6,0.2127
YQ,-0.0008550447071212081,55,1,3,0.95,0.4436
YRD,-0.45323446806466683,3,1,72,1.0,0.8062
YSG,0.045042829053766525,66,0,0,0.2,0.3101
YSXT,-0.002187435367403401,54,1,5,0.5,0.4199
YTRA,-0.103914934217699,27,1,1,0.65,0.5463
YUM,0.02684111170187828,62,0,0,0.25,0.1165
YUMC,-0.13327237725942037,22,1,12,0.9,0.341
YXT,-0.28899623771260485,8,1,12,0.85,0.6732
YYAI,-0.5826404711630815,1,1,57,1.0,0.8957
YYGH,-0.8994722395835076,0,1,97,1.0,0.9967
Z,-0.19674221663022468,14,1,48,1.0,0.5659
ZBAO,-0.4333269401343325,3,1,22,1.0,
ZBH,-0.032312327702885085,42,1,2,0.2,0.2296
ZBIO,0.4568358546315599,95,0,0,0.4,
ZBRA,0.11225537634993311,78,0,0,0.55,0.1122
ZCMD,-0.7942188808821333,0,1,38,1.0,
ZD,0.11622142934162892,79,0,0,0.2,0.0108
ZDAI,-0.33425393255865804,5,1,9,0.45,0.8408
ZDGE,-0.0008566511238971147,55,0,0,0.45,0.2125
ZENA,-0.26265215494306116,9,1,2,0.9,0.7351
ZEO,-0.2794845916432307,8,1,20,1.0,0.6245
ZEPP,-0.5115945533969575,2,1,38,1.0,0.8534
ZETA,-0.02050570974374221,48,0,0,0.65,0.2093
ZG,-0.2095586655694185,13,1,45,1.0,0.5619
ZGN,-0.01578958279704852,50,1,10,0.5,0.1398
ZH,-0.024316037640351243,47,1,2,0.5,0.3051
ZIM,-0.046807232477173735,37,1,1,0.35,0.1894
ZION,0.1281028287370426,81,0,0,0.05,0.0004
ZIONP,-0.06657943622401194,33,1,14,0.85,0.1781
ZIP,0.2871543518649045,92,0,0,0.45,0.0573
ZJK,-0.232541937256855,11,1,14,0.95,0.3682
ZJYL,-0.1917484335510488,15,1,5,0.65,0.6695
ZKH,-0.3391286055482372,5,1,14,0.9,0.4913
ZKIN,-0.00690987922947333,53,1,5,0.65,0.3613
ZLAB,-0.005527766335407511,53,0,0,0.55,0.2811
ZM,-0.12860270596733758,23,1,17,0.85,0.2003
ZNB,-0.6864108085002022,1,1,104,1.0,
ZNTL,0.21025063948993838,88,0,0,0.7,
ZONE,0.7795007505959237,98,0,0,0.2,0.1818
ZOOZ,-0.15795757223625717,19,1,2,0.8,0.5481
ZS,-0.019642635554140454,49,0,0,0.8,0.4173
ZSQR,-0.025563709957892724,46,1,3,0.45,0.3001
ZSTK,-0.451600804988289,3,1,11,0.85,
ZTEK,-0.12445471262689767,24,1,3,0.95,0.5889
ZTG,-0.3363967307580731,5,1,18,0.95,0.439
ZTO,-0.07545304124398353,31,0,0,0.95,0.2002
ZTS,-0.25567391754370933,9,1,63,1.0,0.4921
ZUMZ,-0.2680029974840461,9,1,23,1.0,0.3868
ZURA,0.01912588300395148,60,0,0,0.6,0.3568
ZVIA,0.3240453376648315,93,0,0,0.45,0.1894
ZVRA,0.26979136788218677,91,0,0,0.1,0.0357
ZWS,-0.007625164103867311,52,1,1,0.3,0.1407
ZYBT,-0.27061455457763806,8,1,13,0.85,0.4823
ZYME,-0.02524468889854272,46,0,0,0.65,0.1448
