ticker,raw_score,rs_percentile,rs_below_ma,rs_days_below_ma,rs_frac_below_ma,rs_pct_off_high
A,0.03928422014393756,67,0,0,0.2,0.1662
AA,-0.24828679041537657,10,1,13,0.65,0.3486
AACB,-0.031552845025365574,45,1,1,0.45,0.137
AACBU,-0.02871397927687902,47,1,1,0.7,0.1522
AACG,-0.19056806092135825,16,1,23,1.0,0.2848
AAL,0.38168472070472637,94,0,0,0.1,0.0135
AAME,-0.3095216369448935,7,1,40,1.0,0.4801
AAMI,0.04274469904979764,67,1,7,0.35,0.1419
AAOI,0.03802917821230766,66,1,9,0.6,
AAON,0.1396507241377156,83,1,2,0.45,0.1385
AAP,0.0417857433349653,67,0,0,0.15,0.0373
AAPG,-0.2100497387632597,14,1,49,1.0,0.4281
AAPL,-0.04976784873850925,38,1,14,0.7,0.0899
AARD,0.14675784786013632,84,0,0,0.7,
AAT,0.12747923733604352,81,0,0,0.0,0.0295
AAUC,-0.2255090809087624,12,1,8,0.95,0.3566
AB,-0.08439372395072081,31,1,12,0.95,0.2117
ABAT,-0.24177012399824832,11,1,11,0.7,0.5323
ABBV,0.17269428061678205,86,0,0,0.2,0.0125
ABCB,0.04934117116829755,69,0,0,0.2,0.0232
ABCL,0.751028276981794,98,0,0,0.25,0.0
ABEO,0.030543621715904794,64,0,0,0.4,0.0806
ABEV,0.014310377087742618,61,0,0,0.55,0.089
ABG,-0.015128772829015615,52,0,0,0.25,0.2695
ABLV,0.2641930153866158,91,0,0,0.0,0.0147
ABM,0.09503926796690099,77,0,0,0.2,0.1292
ABNB,0.06445987084347773,72,0,0,0.45,0.0249
ABOS,0.08847699625833022,76,0,0,0.7,0.2552
ABR,-0.2118222009563303,13,1,1,0.95,0.408
ABSI,1.4108160757448194,99,0,0,0.0,0.0
ABT,-0.02684979986344659,48,0,0,0.4,0.3185
ABTC,-0.34964762423570955,5,1,36,1.0,0.6732
ABTS,0.08186372658022995,75,1,15,0.75,
ABUS,0.02545447708752644,63,0,0,0.55,0.1123
ABVC,0.2711883280170406,91,0,0,0.1,0.3832
ABVX,-0.21829845973162829,13,1,19,0.95,0.359
ABX,0.1416676204056494,83,0,0,0.35,0.0522
ACA,0.17834490900414898,87,0,0,0.25,0.0154
ACAD,0.11916005328763288,80,0,0,0.45,0.1528
ACB,-0.21473404445888467,13,1,19,0.95,0.3985
ACCL,0.11952419764447517,80,0,0,0.15,0.5228
ACCO,0.17134220627976524,86,0,0,0.35,0.0228
ACCS,-0.1036500770085976,28,0,0,0.75,0.4228
ACDC,-0.1483313048908088,21,1,10,0.7,0.2875
ACEL,0.05768857044188482,70,0,0,0.15,0.088
ACET,0.05505102270361586,70,0,0,0.5,0.11
ACFN,-0.05354859720463412,37,0,0,0.8,0.3037
ACGL,0.014040467411310376,60,0,0,0.65,0.1276
ACGLN,-0.05732161319536342,36,0,0,0.9,0.1546
ACGLO,-0.0653790329569527,35,1,1,0.95,0.16
ACH,0.15752814266528067,85,0,0,0.4,0.1371
ACHC,0.0858908488747879,76,0,0,0.5,0.0683
ACHR,-0.27182297493554003,9,1,17,0.85,0.5196
ACHV,0.455893202875303,95,0,0,0.2,0.0078
ACI,-0.2132334266578125,13,1,14,0.9,0.334
ACIC,-0.040872011540966494,40,0,0,0.65,0.1651
ACIU,-0.09569644514565762,29,0,0,0.75,0.3348
ACIW,0.13043208622085967,82,0,0,0.25,0.052
ACLS,0.2825272182148455,91,0,0,0.1,0.066
ACM,-0.12540080088682895,24,1,1,0.95,0.3736
ACMR,0.9137772150889888,98,0,0,0.0,0.0
ACN,-0.3489657524817999,5,1,18,0.9,0.596
ACNB,0.12819879839727266,82,0,0,0.15,0.0242
ACNT,0.013307242153697073,60,0,0,0.5,0.2542
ACOG,0.1311224753675569,82,0,0,0.35,0.1318
ACON,-0.13484710340151754,23,1,14,0.7,0.6726
ACP,-0.023270562310614386,49,0,0,0.75,0.0996
ACR,-0.13902359812875786,22,1,1,0.95,0.227
ACRE,-0.1320125032383767,23,1,11,0.75,0.2377
ACRS,0.15159722851934765,84,0,0,0.55,
ACRV,0.0549978414199935,70,0,0,0.7,0.4508
ACT,0.04143490278674799,67,0,0,0.35,0.0524
ACTG,-0.06900531203069912,34,1,1,0.55,0.1939
ACTU,-0.3495034787807927,5,1,31,1.0,0.7797
ACU,0.09598425866910984,77,0,0,0.15,0.0699
ACV,0.020122806797107116,62,0,0,0.1,0.0455
ACVA,0.308053566876369,92,0,0,0.25,0.2549
ACXP,-0.2836037814628799,8,0,0,0.95,
AD,-0.10098557423856794,28,1,10,0.7,0.1803
ADACU,-0.021071609663098047,50,0,0,0.3,0.1306
ADAG,0.0809590878516675,75,0,0,0.55,0.1907
ADAM,0.12676436457264822,81,0,0,0.2,0.0234
ADAML,-0.021254124339597547,50,0,0,0.4,0.0982
ADAMM,-0.027069391761987804,47,1,1,0.5,0.0977
ADAMN,-0.007753359857861762,55,1,1,0.4,0.0638
ADAMZ,-0.0009615604348700776,56,0,0,0.25,0.1129
ADBE,-0.18179165282967627,17,1,15,0.75,0.4601
ADC,-0.010494776268563946,54,0,0,0.55,0.1374
ADCT,-0.7528223195408277,1,1,48,1.0,
ADEA,0.16833030382672073,86,0,0,0.2,0.0499
ADGM,-0.30487506819507354,7,1,44,1.0,0.6267
ADI,-0.00787575154124169,55,1,2,0.4,0.1165
ADIL,0.2860520600792509,91,0,0,0.0,0.6321
ADM,-0.02642710940427523,48,1,10,0.55,0.0857
ADMA,-0.10065351077049325,28,1,1,0.6,0.5883
ADNT,-0.21977549812523836,13,1,9,0.55,0.3858
ADP,0.04246754350878485,67,0,0,0.3,0.2037
ADPT,0.46682269874989535,95,0,0,0.0,0.0
ADSE,-0.007638517836239034,55,0,0,0.75,0.1343
ADSK,-0.2152960468100098,13,1,19,0.95,0.3989
ADT,-0.08218799320917147,31,1,10,0.9,0.2585
ADTN,-0.165468756943076,19,1,16,0.8,0.284
ADUR,0.10251334951024374,78,0,0,0.5,0.1031
ADUS,-0.011961577394157943,53,0,0,0.3,0.2364
ADV,0.3120776546834221,92,0,0,0.3,0.0
ADVB,0.045074825786992866,68,0,0,0.55,0.394
ADX,0.02011710825090627,62,0,0,0.35,0.0036
ADXN,-0.15368671872614523,20,1,4,0.85,0.365
AEAQU,-0.036264004810392804,42,1,1,0.45,0.1434
AEBI,0.05854282804540303,71,0,0,0.3,0.2484
AEC,-0.2300173900101104,12,1,5,0.9,0.6016
AEE,0.010785670429753466,60,0,0,0.35,0.105
AEF,0.05643429623641643,70,0,0,0.3,0.0262
AEG,0.04196374604205535,67,0,0,0.3,0.0309
AEHL,0.14088775907278814,83,1,26,1.0,
AEHR,0.3619132906597046,94,1,5,0.45,0.1717
AEI,-0.18074609776778666,17,1,1,0.95,0.6599
AEIS,0.016465400301417042,61,1,1,0.45,0.161
AEM,-0.20292318464316572,14,1,7,0.9,0.4368
AEMD,-0.6975039721696741,1,1,19,0.95,0.7602
AENT,-0.16287353478383765,19,0,0,0.8,0.3236
AEO,-0.05554209517828329,36,1,1,0.3,0.4313
AEON,-0.169780478538085,18,0,0,0.85,0.4994
AEP,0.021343115001913618,62,0,0,0.5,0.0984
AER,0.03657556207187363,66,0,0,0.4,0.1173
AERO,0.09880292398047927,78,0,0,0.15,0.2506
AERT,0.6212556810429732,97,0,0,0.15,0.024
AES,-0.023356318743063154,49,1,1,0.45,0.2107
AESI,-0.001645520654941189,56,1,1,0.9,0.1548
AEVA,0.3525054175780563,93,0,0,0.2,0.1147
AEXA,0.02298883840954182,63,0,0,0.7,0.0717
AEYE,-0.23835720939672844,11,1,18,0.9,0.493
AFB,0.01027858928796923,60,0,0,0.2,0.0491
AFBI,-0.002281971058937911,56,0,0,0.4,0.1112
AFCG,-0.027683709793559177,47,1,11,0.55,0.1224
AFG,0.03355197776387036,65,0,0,0.35,0.0577
AFJK,-0.30291241993327495,7,1,13,0.95,
AFJKU,-0.3464103226693436,5,1,18,0.9,
AFL,0.0315798530553514,65,0,0,0.3,0.0604
AFRI,-0.024732181687120713,49,1,1,0.55,0.1659
AFRM,0.2935814641094245,92,0,0,0.35,0.0884
AFYA,0.0043448631109580735,58,0,0,0.45,0.1522
AG,-0.20976089164500525,14,1,8,0.95,0.516
AGCC,-0.16119999121629863,19,1,22,1.0,0.4003
AGCO,0.00594611035037336,58,0,0,0.55,0.221
AGD,-0.007054173771353221,55,1,4,0.8,0.0861
AGEN,-0.14772961686902825,21,1,11,0.95,0.3855
AGI,-0.2842829280146655,8,1,8,0.95,0.4871
AGIG,-0.2584195555079495,10,1,12,0.85,0.8019
AGIO,0.30418339170900044,92,0,0,0.25,0.046
AGM,0.12045019151331049,81,0,0,0.15,0.0187
AGMH,0.03224027126843786,65,1,8,0.55,0.566
AGNC,0.02723806933944683,64,0,0,0.55,0.1081
AGNCL,-0.031337451077585635,45,1,1,0.5,0.1256
AGNCM,-0.03078361950546362,46,1,1,0.45,0.1174
AGNCN,-0.034765901514766245,43,1,1,0.45,0.116
AGNCO,-0.031211420662411296,46,1,1,0.5,0.1095
AGNCP,-0.02665864153727836,48,1,1,0.45,0.0977
AGNCZ,-0.032752645314524355,45,1,1,0.45,0.1232
AGNT,-0.025762730058330803,48,0,0,0.8,0.4532
AGO,-0.0064580263951590985,55,0,0,0.55,0.1767
AGPU,0.8823883938379282,98,0,0,0.2,
AGRO,-0.3052065773870356,7,1,37,1.0,0.4564
AGRZ,-0.15241917102315175,21,0,0,0.6,
AGX,0.20062331610075831,88,0,0,0.35,0.0
AGYS,0.3464318188544758,93,0,0,0.05,0.2048
AHCO,-0.1352543152107467,23,0,0,0.8,0.269
AHG,-0.2593803073406388,9,0,0,0.9,0.4843
AHMA,0.4955400801552604,96,0,0,0.3,
AHR,0.017805065893324333,61,0,0,0.75,0.117
AHRT,0.137677516159501,83,0,0,0.3,0.0334
AHT,0.0565955469814395,70,0,0,0.25,0.3752
AI,-0.08051945212394898,31,1,8,0.4,0.4179
AIFA,-0.20242566224087227,14,1,20,1.0,0.4666
AIFC,-0.3825656393125524,4,1,29,1.0,0.7885
AIFF,-0.4111688800452285,4,1,38,1.0,
AIFU,0.24823769619106426,90,1,1,0.15,0.3914
AIG,-0.018321827992280795,51,1,1,0.5,0.1861
AIHS,0.05687826891146091,70,0,0,0.15,0.3104
AII,0.03016242779955993,64,0,0,0.6,0.156
AIIA,-0.036751107198453335,42,1,1,0.4,0.1392
AIIO,3.1426373642868537,99,0,0,0.2,
AIIR,-0.2813177145485347,8,1,29,1.0,0.5649
AIM,-0.44003587873557826,3,1,14,0.7,
AIMD,-0.1572065953778086,20,1,7,0.7,
AIN,0.2573424022621152,90,0,0,0.0,0.0265
AIO,0.08828109652219024,76,0,0,0.0,0.0167
AIOS,0.006121541990818803,58,1,1,0.75,
AIOT,0.10450721377206115,79,1,4,0.2,0.3816
AIP,0.7292816551299015,97,0,0,0.1,0.0
AIR,0.232600976106538,89,0,0,0.15,0.0251
AIRE,-0.4505076203901308,3,1,49,1.0,0.8643
AIRG,-0.09901021365843739,28,1,14,0.8,0.1595
AIRI,-0.05403111848427887,37,1,1,0.45,0.2154
AIRJ,0.19284637611719155,87,0,0,0.25,0.1904
AIRO,-0.23545996585700335,11,1,11,0.55,0.5236
AIRS,0.23217646263685174,89,1,9,0.45,
AIRT,0.08260828192641614,75,0,0,0.25,0.1101
AIRTP,-0.009334258030508205,54,0,0,0.55,0.1144
AISP,-0.11831463613128029,25,1,3,0.25,0.5014
AIT,0.09192268618973118,77,0,0,0.15,0.0361
AIV,-0.00883611631780079,54,0,0,0.7,0.1188
AIXC,-0.20179797851991146,14,1,5,0.55,0.6387
AIZ,0.09856370520541688,78,0,0,0.2,0.003
AJG,0.06288825887251145,72,0,0,0.2,0.2003
AKA,0.013131692039368648,60,0,0,0.8,0.2088
AKAM,-0.0856690757054703,31,1,15,0.75,0.2944
AKAN,0.525633391523535,96,1,7,0.85,
AKBA,-0.11098606037139874,26,0,0,0.6,0.3689
AKR,-0.027727343203379596,47,1,1,0.5,0.073
AKTX,0.07273225295576427,73,1,8,0.4,
ALAB,1.1702066119044447,98,0,0,0.0,0.0
ALAR,-0.012522317974712531,53,1,6,0.3,0.2537
ALB,-0.31724934310994246,7,1,10,0.95,0.4303
ALBT,-0.31786877052706997,6,1,4,0.85,
ALC,-0.06928784284554358,34,0,0,0.6,0.2823
ALCO,-0.04905402864221753,38,0,0,0.6,0.1642
ALDF,-0.036256287037408,42,1,1,0.5,0.1413
ALDFU,-0.03672825064526868,42,1,1,0.5,0.1373
ALDX,0.16933619838083372,86,0,0,0.15,
ALEC,-0.08692748344498105,30,0,0,0.75,0.2749
ALF,-0.035204529208606554,43,0,0,0.5,0.1422
ALFUU,-0.02936380971929873,47,1,1,0.65,0.1399
ALG,0.00818328337482327,59,0,0,0.45,0.2922
ALGM,0.5345975661025613,96,0,0,0.2,0.0
ALGN,-0.0372573188926237,42,1,1,0.3,0.1844
ALGS,-0.1487787396063124,21,1,1,0.75,0.5135
ALGT,0.31756426986247255,92,0,0,0.2,0.0821
ALH,0.0565299149314142,70,0,0,0.2,0.0471
ALHC,0.29185786600411984,92,0,0,0.3,0.0962
ALIS,-0.03066853707432118,46,1,1,0.45,0.1348
ALISU,-0.017677414851631924,51,0,0,0.35,0.1259
ALIT,-0.32150934238979717,6,1,19,0.95,0.7427
ALK,0.19632620764513936,88,0,0,0.1,0.1966
ALKS,0.4369430328984707,95,0,0,0.0,0.0618
ALKT,-0.020095941328547917,50,0,0,0.7,0.337
ALL,0.1213878552950268,81,0,0,0.2,0.0089
ALLE,-0.006799152895390487,55,0,0,0.5,0.2824
ALLO,-0.04583310686348374,39,0,0,0.7,0.33
ALLR,-0.12285250451398536,25,1,13,0.7,0.2628
ALLT,0.1484701959857672,84,0,0,0.7,0.3021
ALLY,0.08537413275078512,76,0,0,0.2,0.0545
ALM,-0.20025749544546756,15,1,5,0.65,0.3423
ALMS,0.15221441718529236,84,0,0,0.45,
ALMU,0.1587377625308145,85,1,7,0.55,0.2946
ALNT,0.35213895659598304,93,0,0,0.0,0.033
ALNY,-0.08220448637371663,31,0,0,0.65,0.3569
ALOT,1.1063944693089338,98,0,0,0.0,
ALOY,0.4520674840650936,95,1,1,0.1,0.4943
ALP,-0.27199118338634043,9,1,4,0.9,0.8195
ALRM,0.011533256106177926,60,0,0,0.35,0.1788
ALRS,0.12641750826631512,81,0,0,0.05,0.0095
ALSN,-0.06272251498016049,35,1,1,0.45,0.1891
ALT,-0.044309023488596146,39,0,0,0.7,0.5558
ALTG,0.013714274604828408,60,1,1,0.2,0.1985
ALTI,0.011999956891397871,60,0,0,0.75,0.3414
ALTO,0.014927269026789182,61,0,0,0.35,
ALUB,-0.036416443907221964,42,1,1,0.5,0.1442
ALV,-0.052377907065628136,37,1,10,0.5,0.1516
ALVO,0.058811598604434794,71,1,6,0.45,0.3605
ALX,0.11225367535883407,79,0,0,0.1,0.0
ALXO,0.16039970695036576,85,0,0,0.75,0.2225
ALZN,0.0019276151415390519,57,1,2,0.25,0.564
AM,0.013851955766957962,60,0,0,0.5,0.1524
AMAL,0.10910409611774863,79,0,0,0.15,0.0225
AMAT,0.6926714906194853,97,0,0,0.0,0.0
AMBA,-0.0940318588487784,29,1,21,1.0,0.2764
AMBO,-0.07237348036865249,33,1,7,0.6,0.2967
AMBP,0.12143512162380493,81,0,0,0.3,0.0929
AMBQ,0.9211749275851375,98,0,0,0.0,0.0527
AMBR,-0.22576229045305382,12,1,46,1.0,0.4864
AMC,0.40137870667962816,95,1,1,0.2,0.2771
AMCI,-0.20372924760775366,14,0,0,0.95,0.5581
AMCR,0.07316436758495898,73,0,0,0.25,0.199
AMCX,0.13154490504428815,82,0,0,0.3,0.0474
AMD,0.5158402123450154,96,0,0,0.05,0.0175
AME,0.02778807666015546,64,0,0,0.45,0.0901
AMG,0.1313869637991766,82,0,0,0.05,0.0496
AMGN,0.025288186661579275,63,0,0,0.25,0.1382
AMH,0.07386248501624157,74,0,0,0.4,0.0191
AMIX,-0.34290977717998417,5,1,7,0.45,0.5578
AMKR,0.26168006648872855,91,0,0,0.15,0.1158
AMLX,0.23776396886775322,90,0,0,0.4,0.0264
AMN,0.3465100626005436,93,0,0,0.0,0.0276
AMOD,-0.6425074010319693,1,1,98,1.0,0.9158
AMP,-0.04352535739012722,40,1,3,0.55,0.2406
AMPG,1.577250102735527,99,0,0,0.05,0.2772
AMPH,-0.0005836425984806631,57,0,0,0.4,0.3438
AMPL,0.06681027761539376,72,0,0,0.65,0.4066
AMPX,-0.3417807597648432,5,1,15,0.75,0.4296
AMPY,-0.29004850818486205,8,1,37,1.0,0.4757
AMR,-0.2560982725816483,10,1,10,0.6,0.3902
AMRC,-0.190359962188288,16,1,17,0.85,0.2809
AMRN,0.07512433656007528,74,0,0,0.3,0.1305
AMRX,0.32694849449392,93,0,0,0.15,0.0128
AMRZ,-0.0595053139385691,36,1,1,0.25,0.248
AMS,0.004994672869653001,58,0,0,0.65,0.3433
AMSC,-0.16395893996819125,19,1,5,0.95,0.325
AMSF,0.05240669129981166,69,0,0,0.25,0.2068
AMST,-0.2361180519808773,11,1,21,1.0,
AMT,-0.0944120443174502,29,1,10,0.6,0.1836
AMTB,0.08930943330616425,76,0,0,0.3,0.0443
AMTD,-0.08272395348101899,31,1,3,0.75,0.2116
AMTM,-0.2245460461118801,12,1,96,1.0,0.5003
AMTX,-0.43165554938001033,3,1,19,0.95,0.5629
AMWL,0.2504798662130876,90,0,0,0.15,0.0366
AMX,0.0010461946918472118,57,0,0,0.5,0.1002
AMZE,-0.22234299118027792,12,1,2,0.85,0.8232
AMZN,-0.08318476062204583,31,1,21,1.0,0.1469
AN,-0.07401580113848934,33,1,1,0.6,0.2123
ANAB,0.1829006762118303,87,0,0,0.45,0.0863
ANDE,-0.1003355774741795,28,1,1,0.65,0.1957
ANDG,0.07357276123801851,74,0,0,0.4,0.0351
ANET,0.05829456478281849,70,0,0,0.25,0.1161
ANF,0.019357042482686077,62,0,0,0.25,0.3628
ANGH,-0.10520730571436177,27,1,2,0.15,
ANGI,-0.09636434992714477,29,0,0,0.6,0.6116
ANGO,0.12291780682884729,81,0,0,0.15,0.0789
ANGX,0.25803737935149,90,0,0,0.25,0.3241
ANIK,-0.030735629291720457,46,0,0,0.65,0.1164
ANIP,0.03133200564873025,65,0,0,0.3,0.1079
ANIX,-0.004375905119061149,55,0,0,0.65,0.2287
ANL,0.09964719783948647,78,0,0,0.9,
ANNA,-0.29904849196532035,7,1,11,0.9,
ANNX,-0.019814195506643883,51,0,0,0.75,0.2598
ANPA,-0.43797006908168146,3,1,94,1.0,
ANRO,0.27236787979984384,91,0,0,0.45,0.032
ANSC,-0.02982778564853119,46,1,1,0.5,0.1388
ANSCU,-0.030784748567263612,46,1,9,0.65,0.1323
ANTA,-0.37833040762558634,5,1,30,1.0,0.5146
ANTX,0.11738300409675537,80,0,0,0.35,
ANVS,-0.06538966223071425,34,0,0,0.95,0.577
ANY,0.6162146355951351,97,1,5,0.3,
AOD,0.01596830226226354,61,0,0,0.45,0.0688
AOMR,0.03889802041169383,66,0,0,0.3,0.0322
AON,-0.009454995065247739,54,0,0,0.45,0.1503
AORT,-0.23194384144254754,12,0,0,0.8,0.551
AOS,-0.020745062971272113,50,0,0,0.45,0.2944
AOSL,0.17123902022454876,86,0,0,0.3,0.1331
AOUT,0.3309106813595266,93,0,0,0.15,0.0
AP,-0.13447068930483316,23,1,8,0.6,0.2846
APA,-0.18326985890036754,17,1,12,0.95,0.362
APAC,-0.0330843368509918,45,1,1,0.5,0.14
APACU,-0.021108708233901187,50,0,0,0.4,0.1314
APAM,-0.08333182652835275,31,1,1,0.9,0.2531
APD,-0.10616459932794778,27,1,4,0.95,0.2033
APEI,-0.05698675089240556,36,1,1,0.75,0.2093
APG,-0.08844979293633193,30,1,5,0.85,0.2009
APGE,0.6191130363065978,97,0,0,0.1,0.0158
APH,0.14212034544829633,83,0,0,0.0,0.0622
API,0.06542507011735085,72,1,4,0.5,0.1982
APLD,0.011436332568938952,60,1,4,0.5,0.2273
APLE,0.20918110104349,88,0,0,0.0,0.0249
APLM,0.4575916918000642,95,0,0,0.5,0.127
APM,-0.1478582867441654,21,1,13,0.65,0.4364
APO,-0.09678323789634016,29,1,5,0.5,0.2958
APOG,0.23397344224775565,89,0,0,0.0,0.0729
APP,-0.02912280273654541,47,0,0,0.65,0.3369
APPF,-0.06849383586847826,34,1,1,0.65,0.3872
APPN,-0.02629433697068513,48,0,0,0.4,0.4212
APPS,1.7344517603921936,99,0,0,0.0,0.0
APRE,-0.06651390094923501,34,0,0,0.7,0.2171
APT,0.06276379047228653,72,0,0,0.95,0.1682
APTV,-0.09734482318053436,29,1,10,0.5,0.3776
APUS,-0.4551976547640241,3,1,65,1.0,
APVO,-0.0933339673278237,29,1,16,0.85,0.579
APWC,0.01954719183189029,62,1,1,0.65,0.255
APXT,-0.035930954857889864,43,1,1,0.5,0.1416
APXTU,-0.025512954738581617,48,0,0,0.4,0.135
APYX,0.16639506966271908,86,0,0,0.5,0.0426
AQB,0.0822428899885734,75,0,0,0.25,0.0915
AQMS,-0.31630508381821165,7,1,31,1.0,0.5615
AQN,-0.054044525828081426,37,1,1,0.65,0.206
AQST,-0.010223673850040325,54,1,1,0.4,0.4105
AR,-0.1382912974118876,22,1,1,0.95,0.3489
ARAI,-0.4729378528659361,3,1,50,1.0,
ARAY,-0.4188170716260312,3,1,18,0.9,0.7303
ARBB,0.0025520240910725037,57,1,9,0.45,0.3456
ARBE,-0.18331856815168926,16,1,16,0.8,0.6225
ARBK,0.0026622893584905757,57,1,1,0.6,0.3666
ARCB,0.16362571940276321,85,1,1,0.3,0.1649
ARCC,-0.016563055938042436,52,0,0,0.6,0.1448
ARCO,-0.10336057393893447,28,1,1,0.75,0.1807
ARCT,-0.17674033124570573,17,1,6,0.9,0.2889
ARDC,-0.014119796304550805,52,0,0,0.45,0.1094
ARDT,0.023101436005615116,63,0,0,0.5,0.0693
ARDX,-0.16764621740830818,18,1,2,0.7,0.3977
ARE,0.17349349009384968,86,0,0,0.05,0.1247
AREC,-0.07465103035490384,33,0,0,0.75,0.5304
AREN,-0.5690155590732136,1,1,33,1.0,0.8104
ARES,-0.11541096291697081,26,1,6,0.35,0.4198
ARGX,0.12151512092688083,81,0,0,0.1,0.0145
ARHS,0.16805659835633815,86,0,0,0.3,0.289
ARI,-0.06913982681987486,34,1,1,0.65,0.1303
ARIS,-0.1776055076419471,17,1,7,0.85,0.3922
ARKO,0.12789905429537687,82,0,0,0.15,0.0839
ARKR,-0.18579480618518804,16,1,2,0.8,0.3205
ARL,0.5369875758448945,96,0,0,0.25,0.0
ARLO,-0.07447485752532787,33,0,0,0.85,0.2341
ARLP,-0.1180833723338359,25,1,1,0.7,0.2767
ARM,0.4682931635063816,95,1,3,0.15,0.2121
ARMK,0.1426747858171165,83,0,0,0.0,0.0132
ARMP,-0.28902656700062646,8,1,1,0.95,0.5863
AROC,0.09528554733756309,77,0,0,0.5,0.0514
AROW,0.10334840104331774,78,0,0,0.2,0.0143
ARQ,-0.057943882171515776,36,1,6,0.35,0.3967
ARQQ,0.8129175691254465,98,0,0,0.4,0.0957
ARQT,0.1812431283552874,87,0,0,0.2,0.182
ARR,0.007845303295234425,59,0,0,0.45,0.0978
ARRY,-0.17736658161561486,17,1,5,0.75,0.4424
ARTCU,-0.03380456010279869,44,1,1,0.5,0.1382
ARTL,-0.5497140405067765,2,1,56,1.0,
ARTNA,0.022952329419239838,62,0,0,0.45,0.1003
ARTV,0.2890026416280904,92,0,0,0.4,0.3175
ARTW,-0.020889589588987123,50,1,1,0.6,0.1943
ARVN,-0.16334003840161945,19,0,0,0.75,0.4551
ARW,0.11601159783383358,80,1,2,0.1,0.0806
ARWR,0.09243880081206204,77,0,0,0.4,0.0138
ARX,-0.17467899989537708,17,1,1,0.9,0.2929
AS,-0.07886362033788367,32,1,3,0.55,0.2655
ASA,-0.19353409039675537,15,1,8,0.95,0.4031
ASAN,0.044447257352820894,68,1,10,0.5,0.5356
ASB,0.10678045277228956,79,0,0,0.2,0.0269
ASBP,9.673830551476627,99,0,0,0.05,
ASC,-0.14420419954163588,22,1,3,0.75,0.2529
ASG,0.015636509196353905,61,0,0,0.2,0.0517
ASGI,-0.0362993673812414,42,0,0,0.85,0.1369
ASH,0.10847813112770885,79,0,0,0.1,0.0708
ASIC,0.19989674389198317,88,0,0,0.2,0.039
ASIX,-0.1950245593644471,15,1,10,0.95,0.307
ASLE,-0.07774781271357026,32,1,1,0.75,0.2527
ASM,-0.09778528364316913,29,1,7,0.75,0.4793
ASMB,-0.059407527555927854,36,0,0,0.75,0.2744
ASML,0.24443597464490338,90,0,0,0.0,0.0195
ASND,0.1148123385657959,80,0,0,0.55,0.0202
ASO,-0.1762429178912647,17,1,3,0.8,0.2924
ASPC,-0.06062959255006668,36,1,1,0.8,0.6399
ASPCU,-0.15446662477108833,20,1,12,0.95,0.6441
ASPI,0.0012962396615975869,57,1,3,0.4,0.3214
ASPN,0.2890287265413335,92,0,0,0.2,0.0569
ASPS,0.04884382893551747,68,0,0,0.4,0.2001
ASR,-0.027122333790389242,47,0,0,0.5,0.2392
ASRV,-0.010423717411040978,54,0,0,0.45,0.0958
ASST,-0.24937095411079396,10,1,9,0.95,0.5071
ASTC,1.2761087493544196,99,1,11,0.55,
ASTE,0.09805284985024562,78,0,0,0.45,0.1187
ASTH,0.3071535367990782,92,0,0,0.2,0.0047
ASTI,-0.11033848433474183,27,1,8,0.45,
ASTL,-0.21620978299960977,13,1,16,0.8,0.2941
ASTS,-0.13101621137096556,23,0,0,0.7,0.3379
ASUR,-0.14805928888822437,21,1,12,0.75,0.2856
ASX,0.2911927049399226,92,0,0,0.15,0.0297
ASYS,0.16820232820300754,86,1,5,0.5,0.1431
ATAI,0.2593361942899809,90,0,0,0.55,0.0032
ATAT,-0.10666949779533508,27,1,45,1.0,0.2803
ATCH,-0.18164631880192716,17,1,38,1.0,0.3867
ATEC,0.04093798441682441,67,0,0,0.4,0.6123
ATEN,0.2957280867358219,92,0,0,0.0,0.0
ATER,0.3827530577421924,94,0,0,0.2,
ATEX,0.8470309410063979,98,0,0,0.0,0.0
ATGL,-0.2541546875176825,10,1,7,0.9,0.6542
ATHE,0.18932781628056825,87,0,0,0.35,0.0942
ATHM,0.04614076555963182,68,0,0,0.3,0.246
ATHR,0.3574734111278751,93,0,0,0.8,0.3032
ATI,0.2125233840607074,88,0,0,0.0,0.0268
ATII,-0.04466873472264859,39,1,1,0.7,0.1166
ATIIU,-0.025887857335167453,48,1,1,0.85,0.2499
ATKR,-0.0361679000867083,42,1,2,0.5,0.1113
ATLC,0.3661994367185302,94,0,0,0.1,0.0709
ATLCP,0.01382554413679691,60,0,0,0.3,0.0957
ATLN,-0.3883267667925361,4,0,0,0.85,
ATLO,0.017805144418454995,61,1,1,0.2,0.0789
ATLX,-0.1708515010613732,18,1,32,1.0,0.4595
ATMU,-0.08044056196439459,31,1,1,0.55,0.2825
ATNI,-0.06184556642458359,35,0,0,0.5,0.1422
ATNM,-0.16748857700603914,18,1,20,1.0,0.3827
ATO,-0.060660131953617046,35,0,0,0.75,0.1916
ATOM,0.020172162623652228,62,1,6,0.75,
ATOS,-0.6568897306132018,1,1,36,1.0,0.8221
ATPC,-0.21643497101872258,13,1,1,0.65,
ATR,0.006610126146248452,59,0,0,0.35,0.2093
ATRA,0.6514342221796048,97,0,0,0.05,
ATRC,-0.027807342258651384,47,0,0,0.5,0.3736
ATRO,0.3502061292577855,93,0,0,0.0,0.026
ATS,-0.13026745768305134,23,1,22,1.0,0.2312
ATXG,-0.18414257986508328,16,1,5,0.55,0.5037
ATYR,-0.09424157781900491,29,0,0,0.75,0.5047
AU,-0.15990248011887923,19,1,7,0.85,0.3953
AUB,0.10182721985282067,78,0,0,0.2,0.0504
AUBN,0.08949071511666531,76,0,0,0.1,0.0717
AUC,-0.05850996765903951,36,0,0,0.9,0.2081
AUDC,-0.0011358245503321693,56,0,0,0.35,0.0983
AUGO,-0.205994120402509,14,1,46,1.0,0.4467
AUID,-0.16782783233729628,18,1,12,0.75,
AUNA,0.01958197173435574,62,0,0,0.3,0.2593
AUPH,0.05651562840778348,70,0,0,0.15,0.1077
AUR,0.1510105139933163,84,0,0,0.7,0.2125
AURA,-0.06506007061455168,35,0,0,0.7,0.2469
AURE,-0.08549657949478734,31,1,11,0.7,0.356
AUST,-0.22682614372565713,12,1,16,0.9,0.6457
AUTL,0.03355219178642301,65,0,0,0.65,0.241
AUUD,-0.3189464510441946,6,1,28,1.0,
AVA,-0.026863122300356944,48,0,0,0.45,0.122
AVAH,0.2141057454596982,88,0,0,0.35,0.1755
AVAL,0.09844652767916179,78,1,1,0.05,0.1044
AVAT,-0.9713496738870533,0,1,59,1.0,
AVAV,-0.34802235990431357,5,1,15,0.75,0.6715
AVB,0.03859023916998929,66,0,0,0.4,0.0206
AVBC,0.05422469374380858,70,0,0,0.3,0.0648
AVBH,0.04839856350901411,68,0,0,0.1,0.017
AVBP,0.2614608444729612,91,0,0,0.0,0.0055
AVD,0.006795533141236203,59,0,0,0.7,0.5397
AVGO,-0.07446259777154293,33,1,6,0.8,0.2097
AVIR,-0.12449358202884797,24,0,0,0.8,0.3281
AVK,0.03272930701483578,65,0,0,0.1,0.0214
AVNS,0.13613781469894456,83,0,0,0.15,
AVNT,-0.01596383444278715,52,0,0,0.3,0.2035
AVNW,0.014177332475543238,61,0,0,0.15,0.2908
AVO,-0.06719834358859791,34,0,0,0.7,0.288
AVPT,0.06551425987830439,72,0,0,0.25,0.2704
AVR,0.41127430749161875,95,0,0,0.0,0.0695
AVT,0.09672425832667086,77,1,2,0.1,0.0478
AVTR,0.16189088684726002,85,0,0,0.0,0.2586
AVTX,0.2859717897082751,91,0,0,0.65,0.1694
AVX,-0.15910768289831673,19,1,1,0.7,0.7908
AVXL,-0.18170819997080284,17,1,1,0.95,0.5486
AVY,-0.03774564992702114,41,0,0,0.45,0.2304
AWF,-0.03204529044394897,45,0,0,0.6,0.1018
AWI,-0.06309167169574151,35,0,0,0.8,0.2683
AWK,-0.0014843405238485832,56,0,0,0.4,0.1823
AWP,0.009740547347271436,59,0,0,0.55,0.0886
AWR,0.038848605263405576,66,0,0,0.4,0.0759
AWRE,-0.06794694029345118,34,1,4,0.4,0.3815
AWX,-0.07670618659411704,32,1,1,0.75,0.1951
AX,0.03683333971657159,66,0,0,0.25,0.1157
AXG,-0.1561807858606258,20,1,11,0.9,0.3539
AXGN,0.11889346287800076,80,0,0,0.15,0.0208
AXIA,-0.06647269328612469,34,0,0,0.75,0.2525
AXIL,-0.10405545421147594,28,0,0,0.95,0.2563
AXIN,-0.03135282620113673,45,1,1,0.45,0.1313
AXINU,-0.023839354812730997,49,1,1,0.15,0.1104
AXON,0.15591346493741642,85,0,0,0.3,0.2587
AXP,0.058861029804918356,71,0,0,0.2,0.1735
AXR,-0.09266550700567476,29,1,2,0.7,0.2174
AXS,0.0748073687662198,74,0,0,0.25,0.0765
AXSM,0.17750804220999966,87,0,0,0.15,0.0565
AXTA,0.13411093787021022,82,0,0,0.0,0.1191
AYA,0.06155052384992853,71,1,1,0.45,0.2009
AYI,0.23196705326932823,89,0,0,0.1,0.0978
AYTU,-0.12478829610025585,24,1,4,0.65,0.3028
AZ,-0.22935500250328808,12,1,18,0.95,0.4063
AZI,1.12330531159453,98,0,0,0.5,
AZN,-0.015026576455215213,52,0,0,0.65,0.1716
AZO,-0.059680782340651176,36,0,0,0.9,0.2519
AZTA,0.09950449483186499,78,0,0,0.05,0.4247
AZTR,-0.2472758691982283,10,1,3,0.65,
AZZ,0.07629169578374848,74,0,0,0.3,0.0566
B,-0.11871735969883054,25,1,7,0.75,0.341
BA,-0.06600076286999558,34,1,3,0.75,0.2158
BABA,-0.27962250768475616,8,1,31,1.0,0.4969
BAC,0.11243403109887048,79,0,0,0.15,0.0509
BACC,-0.03385317116197254,44,1,1,0.45,0.1352
BACCU,0.014329868046076569,61,0,0,0.2,0.0945
BAER,-0.2332817864700834,12,1,18,0.9,0.4861
BAFN,-0.30625672634777995,7,1,40,1.0,0.4502
BAH,-0.2490185794994515,10,1,12,0.75,0.4301
BAK,-0.39683709990898286,4,1,23,1.0,0.5391
BALL,0.027716630937823374,64,0,0,0.35,0.1509
BALY,0.0016662629966237921,57,1,1,0.15,0.287
BAM,-0.0932102383589225,29,1,4,0.75,0.2433
BANC,0.07359618543551966,74,0,0,0.15,0.0969
BAND,0.9739254983605916,98,0,0,0.4,
BANF,-0.02521540795195475,48,1,1,0.45,0.1273
BANL,-0.24103380991041076,11,1,7,0.95,0.6661
BANR,-0.01247931003747067,53,0,0,0.35,0.0612
BANX,-0.025013598731467093,49,0,0,0.55,0.1437
BAOS,-0.060306198964938884,36,1,7,0.55,0.2802
BAP,0.15039739735633137,84,0,0,0.2,0.0146
BARK,-0.06532368599936925,35,0,0,0.45,0.5307
BATL,-0.41732591044845846,3,1,12,0.95,
BATRA,0.04570163885254614,68,0,0,0.25,0.0169
BATRK,0.0310645882042399,65,0,0,0.3,0.0272
BAX,0.17683832612498476,86,0,0,0.2,0.0806
BAYA,-0.05516134878204213,37,1,1,0.7,0.1387
BAYAU,-0.24618834094557243,10,1,15,0.85,0.4197
BB,1.1892479627254544,98,0,0,0.05,0.0
BBAI,-0.18392848416920707,16,1,16,0.8,0.4784
BBAR,0.1968597061339998,88,0,0,0.0,0.1224
BBCP,0.5094030681011055,96,0,0,0.1,0.0
BBD,-0.06920985488486397,34,0,0,0.8,0.2137
BBDC,-0.03187112491829945,45,0,0,0.75,0.1118
BBDO,-0.09852351389489325,28,0,0,0.9,0.244
BBGI,1.7989151914116086,99,0,0,0.15,
BBIO,0.002794795272654131,58,0,0,0.4,0.1666
BBLG,0.051284434362179214,69,0,0,0.4,0.2802
BBN,-0.010238238301067671,54,0,0,0.35,0.1044
BBNX,0.48468061294699416,96,0,0,0.0,0.5096
BBOT,-0.17281943984120354,18,1,20,1.0,0.4745
BBSI,0.11038079188675512,79,0,0,0.05,0.1466
BBT,0.00046843741796859933,57,0,0,0.25,0.113
BBUC,-0.15283507753991507,20,1,3,0.8,0.2766
BBVA,0.08018103101574792,75,0,0,0.25,0.0889
BBW,-0.2420513991717314,11,1,21,1.0,0.5983
BBWI,0.19696837763451444,88,0,0,0.25,0.1096
BBY,0.13570046869493874,83,0,0,0.0,0.0171
BC,0.03929553082152342,67,0,0,0.25,0.1055
BCAB,-0.19955673657422926,15,0,0,0.8,0.9015
BCAL,0.08609069967472374,76,0,0,0.2,0.0143
BCAR,-0.042138619818175474,40,1,4,0.65,0.1258
BCARU,-0.0298671550198947,46,1,3,0.3,0.1278
BCAT,0.05060037896964149,69,0,0,0.1,0.0007
BCAX,0.35573149241003227,93,0,0,0.4,0.0
BCBP,0.042579419922036114,67,1,3,0.25,0.0612
BCC,0.027771566605821592,64,0,0,0.3,0.1881
BCDA,0.14491426143477584,84,0,0,0.55,0.2103
BCE,-0.12074299258346496,25,1,10,0.75,0.2398
BCG,-0.16230963310118596,19,1,33,1.0,0.5042
BCH,-0.002744640169356889,56,0,0,0.35,0.1729
BCHT,0.15990844450467864,85,0,0,0.0,0.5613
BCIC,-0.0868462818259922,30,1,12,0.95,0.4358
BCML,0.05187994938884668,69,0,0,0.15,0.0754
BCO,-0.17108699638507513,18,1,48,1.0,0.3695
BCPC,-0.022761738672598276,49,0,0,0.3,0.1555
BCRX,0.013068477179372519,60,0,0,0.45,0.1405
BCS,0.1277932992781714,81,0,0,0.0,0.0857
BCSF,-0.05039562156103045,38,0,0,0.85,0.1322
BCSS,-0.029494549877617814,46,1,1,0.4,0.135
BCTX,-0.21237795832159068,13,1,51,1.0,
BCV,0.019326026685737255,62,0,0,0.2,0.0165
BCX,-0.11925317869250729,25,1,53,1.0,0.2432
BCYC,-0.13737688911988025,22,1,36,1.0,0.4684
BDC,0.012272540442627947,60,0,0,0.35,0.2803
BDCI,-0.03593928692937816,43,1,1,0.5,0.1421
BDCIU,-0.027588499683751988,47,0,0,0.45,0.1384
BDJ,0.029473070306660028,64,0,0,0.25,0.0655
BDL,0.4175939889700235,95,0,0,0.1,0.0
BDMD,-0.36253401342518854,5,1,65,1.0,
BDN,0.07577465448245854,74,0,0,0.25,0.0591
BDRX,-0.18222624406011612,17,1,17,0.95,0.7904
BDSX,0.7577971638207698,98,0,0,0.05,0.0
BDTX,-0.28398908648848903,8,1,25,1.0,0.515
BDX,0.0026597696169813265,57,0,0,0.55,0.2184
BE,0.21166743141636254,88,1,2,0.45,0.2012
BEAG,-0.03324297228461577,44,0,0,0.45,0.1397
BEAGU,-0.010910081914966032,54,0,0,0.45,0.1257
BEAM,0.15114052466575034,84,0,0,0.3,0.0853
BEAT,-0.3362698405016523,6,1,30,1.0,0.78
BEEM,-0.2572163014487115,10,1,5,0.95,0.4023
BEEP,-0.38190480453500186,4,1,17,0.85,0.5765
BEKE,-0.12515031118910025,24,1,10,0.95,0.2861
BELFA,0.16168700308499193,85,0,0,0.2,0.0
BELFB,0.21943123421021624,89,0,0,0.15,0.0003
BEN,0.13700302037584092,83,0,0,0.15,0.0184
BENF,0.049079739475047755,68,0,0,0.4,0.5125
BEP,-0.026397948274864514,48,1,1,0.35,0.0728
BEPC,-0.09666763823600927,29,1,1,0.5,0.2159
BESS,0.17692717933498628,86,1,3,0.45,0.6626
BETA,-0.04518191820973094,39,1,1,0.65,0.485
BETR,-0.20752646327961521,14,1,6,0.85,0.474
BFAM,-0.021568576047070787,50,0,0,0.65,0.3659
BFC,0.011379755906723195,60,0,0,0.4,0.0887
BFH,0.25757659204055716,90,0,0,0.05,0.0
BFLY,0.8992562662512442,98,0,0,0.1,
BFRG,-0.010664697320442729,54,0,0,0.65,
BFRI,0.07558554506760123,74,0,0,0.3,0.1359
BFS,0.0685147494874537,73,0,0,0.2,0.0256
BFST,0.07161224773858321,73,0,0,0.2,0.0505
BG,-0.16763608508982084,18,1,10,0.5,0.2722
BGB,-0.0210028791807352,50,0,0,0.45,0.1056
BGC,-0.0407102478175453,40,1,2,0.3,0.1826
BGDE,1.1581940207440231,98,0,0,0.05,
BGH,-0.01722561306015793,51,0,0,0.65,0.1169
BGI,-0.19181349606717402,15,1,10,0.9,0.5137
BGIN,-0.41941626669200754,3,1,27,1.0,0.563
BGL,-0.7577858260380156,1,1,37,1.0,
BGLC,-0.14970355267004734,21,1,4,0.35,0.5395
BGM,0.04485946567641982,68,0,0,0.4,0.9127
BGMS,-0.32787902017806736,6,1,14,0.7,0.5822
BGR,-0.11933052755485454,25,1,12,0.95,0.2646
BGS,-0.15406921386979763,20,0,0,0.9,0.3311
BGSF,0.03368093146274093,65,0,0,0.6,0.2157
BGSI,-0.22243894213116142,12,1,1,0.95,0.5176
BGT,-0.04030714300181101,40,1,1,0.7,0.1178
BGX,-0.026389454070242048,48,0,0,0.45,0.1209
BGY,-0.01732980447751986,51,1,1,0.45,0.1309
BH,0.4524063895184107,95,0,0,0.0,0.1563
BHB,0.0847266739929744,76,0,0,0.15,0.0343
BHC,-0.14165137880322265,22,1,2,0.9,0.4317
BHE,0.28122027433042596,91,0,0,0.0,0.0297
BHF,-0.012562168774594998,53,0,0,0.35,0.1024
BHFAM,-0.07770669576057304,32,1,4,0.9,0.1923
BHFAN,-0.05368240848293848,37,1,1,0.7,0.1707
BHFAO,-0.08458895286935272,31,1,12,0.95,0.1922
BHFAP,-0.06738864981389536,34,1,7,0.9,0.181
BHK,-0.013644640219051051,53,0,0,0.45,0.1115
BHM,-0.15289518220672607,20,1,33,1.0,0.3226
BHP,-0.025121804932038784,49,1,7,0.55,0.1076
BHR,-0.22827285457380234,12,1,11,0.75,0.4201
BHRB,0.1011858277860399,78,0,0,0.2,0.0425
BHST,-0.358226106603123,5,1,61,1.0,0.5528
BHV,0.11320133682722497,80,0,0,0.0,0.001
BHVN,0.5141738235729386,96,0,0,0.05,0.0709
BIAF,-0.6652231466320542,1,1,56,1.0,
BIDU,-0.1398577461769048,22,1,18,0.95,0.364
BIIB,0.10186149803059172,78,0,0,0.2,0.0175
BILI,-0.16348718369943935,19,1,90,1.0,0.5618
BILL,-0.04433720112843503,39,0,0,0.85,0.4093
BIO,-0.036076637727448534,42,0,0,0.4,0.1575
BIOA,0.4300995221622641,95,0,0,0.45,0.0
BIOX,-0.27852059093259884,8,1,18,0.9,0.7985
BIP,-0.0492819590913676,38,1,11,0.65,0.1438
BIPC,-0.07624243868782424,32,1,12,0.75,0.2837
BIRD,-0.08266919063234543,31,1,3,0.75,
BIRK,0.0398638676617507,67,1,1,0.15,0.1109
BIT,-0.03067672235579886,46,0,0,0.45,0.1103
BIVI,0.3354142119272656,93,0,0,0.0,0.0
BIXI,-0.037618910182598296,41,1,1,0.5,0.1416
BIXIU,-0.034730311547569205,43,1,1,0.5,0.14
BIYA,-0.804275423750276,0,1,11,0.9,
BJ,-0.050212401030206646,38,0,0,0.7,0.2345
BJDX,-0.33868798919537146,6,1,4,0.25,
BJRI,0.41807130097555867,95,0,0,0.1,0.0241
BKD,0.13487397266570314,82,0,0,0.3,0.1263
BKE,-0.23832797060658575,11,1,42,1.0,0.3132
BKH,-0.000903144910596336,56,0,0,0.55,0.0778
BKHA,-0.02629797612990317,48,1,1,0.4,0.1258
BKHAU,-0.026514737403802148,48,1,6,0.4,0.1929
BKKT,-0.14763260935153744,21,1,6,0.9,0.6409
BKNG,0.04018963386635641,67,0,0,0.4,0.2227
BKR,-0.17543287669390661,17,1,14,0.95,0.2372
BKSY,-0.24931288008610522,10,1,20,1.0,0.4423
BKT,-0.00925704165067507,54,0,0,0.45,0.1095
BKTI,-0.027812177746024288,47,0,0,0.85,0.1825
BKU,0.007114635605763156,59,0,0,0.25,0.117
BKV,-0.12011824365350168,25,0,0,0.8,0.2588
BL,-0.10283029468163116,28,0,0,0.8,0.5488
BLBD,0.1759319935752634,86,0,0,0.05,0.0222
BLCO,0.027380427798105643,64,0,0,0.7,0.1681
BLD,-0.1576796574916466,20,1,1,0.55,0.4024
BLDP,-0.06534217206243031,35,1,16,0.8,0.4022
BLDR,0.08333796353283729,75,0,0,0.35,0.3478
BLFS,0.23134466002802093,89,0,0,0.1,0.0289
BLIN,0.05287078596829422,69,0,0,0.45,0.0843
BLIV,-0.17323604293229777,18,1,7,0.8,0.4477
BLK,-0.10548714217576774,27,1,5,0.7,0.233
BLKB,-0.1659705837365517,19,0,0,0.9,0.5754
BLLN,0.3837468655067346,94,0,0,0.0,0.0
BLMN,0.31475489034499315,92,0,0,0.4,0.0
BLND,0.010936840606899915,60,0,0,0.2,0.5278
BLNE,-0.15361568368261583,20,0,0,0.9,0.651
BLNK,-0.18427963345834694,16,1,19,0.95,0.3622
BLRKU,-0.032862558050234573,45,1,1,0.45,0.1425
BLRX,0.007234180917415289,59,1,1,0.3,0.1649
BLSH,-0.39296431179921587,4,1,32,1.0,0.491
BLTE,-0.021588071331711665,50,0,0,0.6,0.2516
BLUW,-0.033403817454188724,44,1,1,0.5,0.1452
BLUWU,-0.03972159619454916,41,1,1,0.65,0.1428
BLW,-0.036686498168259064,42,0,0,0.7,0.1455
BLX,0.10389861407190343,79,0,0,0.2,0.0289
BLZE,1.8661365670202654,99,0,0,0.05,
BLZR,-0.036502713577027834,42,1,1,0.5,0.14
BLZRU,-0.043528177644287284,40,1,1,0.5,0.1477
BMA,0.13499921797157405,82,0,0,0.05,0.151
BMBL,-0.12482878806251624,24,0,0,0.9,0.3215
BME,0.06617226233310178,72,0,0,0.35,0.0483
BMEA,-0.05295795498889877,37,0,0,0.9,0.3988
BMEZ,0.052993666512719924,69,0,0,0.2,0.0643
BMGL,-0.07148345328235309,33,1,5,0.75,0.4101
BMHL,0.5115753957257356,96,0,0,0.0,0.0236
BMI,0.05941424583978253,71,0,0,0.15,0.2876
BMN,-0.028156904295921124,47,1,1,0.5,0.1542
BMNR,-0.33847563846259393,6,1,33,1.0,0.618
BMO,0.1253036067105381,81,0,0,0.0,0.0107
BMR,-0.18908459534727529,16,1,18,0.9,0.3365
BMRA,-0.2558413214964258,10,1,21,1.0,0.4311
BMRC,0.03697502208154043,66,0,0,0.45,0.0697
BMRN,0.04463935040398256,68,0,0,0.2,0.1671
BMY,-0.021563585208412773,50,0,0,0.7,0.1574
BN,-0.0790738701269722,32,1,8,0.8,0.2014
BNAI,-0.29033260490341173,8,1,4,0.65,
BNBX,-0.2951245469942664,8,1,7,0.55,0.8054
BNC,0.041856137695466804,67,0,0,0.75,0.58
BNED,0.3334976172368661,93,0,0,0.0,0.0291
BNGO,-0.07505413455956514,33,1,17,0.95,0.352
BNKK,-0.31092360743340697,7,1,45,1.0,0.7814
BNL,0.030271301462579038,64,0,0,0.35,0.0285
BNR,-0.3953731417647685,4,1,30,1.0,0.818
BNRG,-0.7068129320958059,1,1,46,1.0,0.9653
BNS,0.09741320876348028,78,0,0,0.05,0.0112
BNT,-0.08683868575810894,30,1,11,0.85,0.2084
BNTC,0.06995890864200704,73,0,0,0.5,0.1592
BNTX,-0.03824803248288141,41,0,0,0.7,0.265
BNY,0.04666261912816901,68,0,0,0.05,0.0335
BNZI,-0.46290631977744157,3,1,63,1.0,0.9226
BOC,0.01908349860466465,62,0,0,0.2,0.0553
BODI,-0.1683363644298764,18,0,0,0.9,0.3882
BOE,0.005672092503773672,58,0,0,0.4,0.0573
BOF,0.18493727614227146,87,0,0,0.2,0.1665
BOH,0.026065372372658623,63,0,0,0.35,0.062
BOKF,0.032142105230761754,65,0,0,0.3,0.0613
BOLD,0.7511629790393914,98,0,0,0.75,
BOLT,-0.2509840600038682,10,1,18,0.9,0.4858
BON,-0.0965808643967661,29,1,10,0.75,0.3555
BOOM,-0.12737753340536667,24,1,5,0.65,0.3863
BOOT,-0.045228721433106266,39,1,1,0.15,0.2499
BORR,-0.27798613565393976,8,1,26,1.0,0.4061
BOSC,-0.0509219878878574,38,0,0,0.75,0.2364
BOTJ,0.062440578819380664,71,0,0,0.2,0.0243
BOW,0.16659208116452515,86,0,0,0.3,0.0374
BOX,0.04209176740128711,67,0,0,0.45,0.1942
BOXL,-0.27478792286707826,9,0,0,0.85,
BP,-0.18434069950800716,16,1,12,0.9,0.3213
BPOP,0.09822403890691764,78,0,0,0.15,0.0229
BPRE,-0.18438147870609747,16,1,63,1.0,0.3368
BPRN,0.03245226088203441,65,0,0,0.2,0.0558
BPYPM,-0.07588362017894101,32,1,7,0.8,0.1792
BPYPN,-0.005740573564862017,55,0,0,0.3,0.0899
BPYPO,-0.015386592109432762,52,0,0,0.2,0.0999
BPYPP,-0.016880225830254048,52,0,0,0.5,0.1415
BQ,-0.03938409494815434,41,1,4,0.35,0.6537
BR,-0.15356533924060675,20,1,15,0.9,0.4386
BRAG,-0.07928857703760567,32,1,1,0.95,0.3801
BRBI,-0.21613797692803008,13,1,7,0.95,0.3621
BRBR,0.05572122739306445,70,0,0,0.65,0.5945
BRBS,0.005201634363019979,58,0,0,0.4,0.138
BRC,0.03542136427229083,66,0,0,0.25,0.1424
BRCB,-0.22756191307377596,12,0,0,0.8,0.6728
BRCC,-0.0311252554635491,46,1,18,0.9,0.326
BRFH,-0.194127598803129,15,1,53,1.0,0.4423
BRIA,-0.14836919804138665,21,1,11,0.95,0.4064
BRID,-0.1660374858890532,19,1,26,1.0,0.2796
BRKR,0.35855880297485154,94,0,0,0.0,0.0356
BRKRP,0.30568782482876083,92,0,0,0.0,0.0387
BRLS,0.09156258090618666,77,0,0,0.45,
BRLT,-0.18444155011414998,16,1,12,0.95,0.4313
BRN,-0.10449598487803524,28,1,27,1.0,0.2643
BRNS,0.009603962808988974,59,1,1,0.4,0.1929
BRO,0.02994503718839265,64,0,0,0.35,0.2616
BROS,0.28945809611937606,92,0,0,0.05,0.0184
BRR,-0.33429020144546,6,1,18,0.9,0.6312
BRSL,-0.11603988557183914,26,1,1,0.75,0.3296
BRSP,-0.08762362886232102,30,1,1,0.85,0.1446
BRT,0.05141143041446796,69,0,0,0.25,0.0351
BRTX,0.09345682913687711,77,0,0,0.0,
BRUN,0.7317378403392385,97,0,0,0.0,0.1154
BRW,-0.04237536548623214,40,1,1,0.8,0.1167
BRX,0.030632126738246605,64,0,0,0.35,0.0353
BRZE,-0.12782135586171142,24,1,18,0.9,0.4438
BSAA,-0.012529559600235697,53,1,3,0.25,0.2127
BSAAU,-0.04743148405696366,39,1,1,0.2,0.2871
BSAC,-0.005241375454356635,55,0,0,0.35,0.1534
BSBK,0.051280743909083056,69,0,0,0.05,0.0787
BSBR,-0.10426470601875282,28,1,52,1.0,0.31
BSET,0.21045353865354685,88,0,0,0.25,0.0
BSIN,0.0041911431383913275,58,0,0,0.2,0.3166
BSL,-0.030477114926560734,46,1,1,0.6,0.1209
BSM,-0.022446189203058988,50,0,0,0.3,0.2034
BSRR,0.06966071677483454,73,0,0,0.15,0.026
BST,0.09700230820229228,78,0,0,0.2,0.0056
BSTZ,0.08070588415424346,75,1,2,0.15,0.058
BSVN,0.09167663779094615,77,0,0,0.15,0.0293
BSX,-0.248172185885028,10,1,63,1.0,0.592
BSY,-0.12957012191245273,24,1,12,0.7,0.3247
BTAI,0.1342679882335382,82,0,0,0.5,0.3647
BTBD,-0.26252298339370256,9,1,39,1.0,0.5294
BTBT,0.051576276519242424,69,1,1,0.45,0.2844
BTCS,-0.3527607912279802,5,1,30,1.0,0.667
BTCT,-0.44948937692250446,3,1,4,0.45,0.6391
BTDR,0.1917454722506485,87,1,1,0.1,0.1831
BTE,-0.20073303185024646,15,1,16,0.9,0.253
BTG,-0.1861824426241663,16,1,8,0.95,0.4303
BTI,-0.0021644645844568697,56,0,0,0.6,0.0839
BTMD,-0.1547255418774396,20,1,5,0.3,0.4122
BTO,0.061717949340625126,71,0,0,0.2,0.055
BTOC,-0.051639626375018746,38,1,7,0.55,0.5234
BTOG,-0.39094499715812986,4,1,4,0.55,0.9086
BTQ,0.6502218787459557,97,0,0,0.05,0.0863
BTSG,0.28892410040456695,91,0,0,0.05,0.0193
BTSGU,0.2757446702604516,91,0,0,0.05,0.0141
BTT,-0.04195869745121496,40,1,1,0.5,0.135
BTU,-0.2610421576192903,9,1,10,0.65,0.4954
BTX,0.07703826090973023,74,1,2,0.15,0.0562
BTZ,-0.0150889828256342,52,0,0,0.45,0.0989
BUD,0.06644109279649446,72,0,0,0.45,0.0321
BUI,0.025922748285096185,63,0,0,0.3,0.1127
BULL,0.058733398968744154,71,0,0,0.45,0.2753
BUR,-0.15594571396125578,20,1,6,0.95,0.6239
BURL,-0.022464414126611123,50,1,3,0.25,0.1752
BURU,-0.37266000308286124,5,1,37,1.0,0.877
BUSE,0.07828388832607908,74,0,0,0.15,0.0251
BUSEP,-0.03960432959569937,41,0,0,0.55,0.1422
BUUU,0.2480459848547181,90,0,0,0.35,0.1123
BV,0.11054630140170832,79,0,0,0.25,0.0596
BVC,0.007270298045701791,59,1,5,0.5,
BVFL,0.044926522623763725,68,0,0,0.3,0.054
BVN,-0.1804508864272458,17,1,7,0.8,0.3798
BVS,0.024930539898651842,63,0,0,0.65,0.1274
BW,-0.19246448663062118,15,1,5,0.8,0.3575
BWA,0.03172019394333923,65,1,4,0.2,0.1357
BWAY,-0.04367853548777997,39,0,0,0.9,0.1262
BWB,0.09407017375443505,77,0,0,0.2,0.032
BWBBP,-0.02696265711793815,48,1,1,0.5,0.1393
BWEN,0.6517235969281925,97,0,0,0.0,
BWFG,0.12072524323498138,81,0,0,0.15,0.0155
BWG,-0.012052699460593438,53,0,0,0.35,0.1135
BWIN,0.20207136583775936,88,0,0,0.65,0.0908
BWLP,-0.11087982436156252,26,1,10,0.7,0.2045
BWMN,-0.09588868983270696,29,1,13,0.85,0.2559
BWMX,0.0352642800484687,66,0,0,0.3,0.1067
BWXT,-0.11481730835638002,26,1,1,0.65,0.2565
BX,-0.04435229737561227,39,1,4,0.5,0.3339
BXC,0.13869769424819778,83,0,0,0.25,0.2623
BXMT,-0.11264152933627389,26,1,4,0.8,0.2118
BXP,0.11787637978992596,80,0,0,0.05,0.0856
BXSL,0.008266674589141161,59,0,0,0.55,0.1294
BY,0.11471534402178732,80,0,0,0.2,0.0146
BYAH,-0.001149318489186514,56,1,4,0.5,
BYD,0.033773079362416254,65,0,0,0.1,0.0662
BYFC,0.15202535004509396,84,0,0,0.45,0.0456
BYND,-0.13748761165597662,22,1,36,1.0,0.4169
BYRN,-0.11368746244666667,26,0,0,0.45,0.671
BYSI,0.059991731180979634,71,0,0,0.35,0.1121
BZ,-0.07692569355806256,32,1,9,0.8,0.4386
BZAI,-0.22834164961227074,12,1,5,0.7,0.4765
BZFD,0.5568209443340055,96,0,0,0.4,
BZH,0.24320385822214033,90,0,0,0.0,0.0336
BZUN,0.09110090576736996,77,0,0,0.15,0.1324
C,0.13249310033486264,82,0,0,0.0,0.0269
CAAP,-0.029914829814481205,46,1,3,0.4,0.2095
CAAS,-0.05446171742596252,37,1,1,0.8,0.144
CABA,-0.0689560644315343,34,1,18,0.9,0.2699
CABO,-0.29128953360923676,8,0,0,0.9,0.5845
CABR,0.0424101032227373,67,0,0,0.3,0.1465
CAC,0.057473514395641405,70,0,0,0.15,0.0288
CACC,0.20448037033220504,88,0,0,0.2,0.0015
CACI,-0.17098077464266448,18,1,10,0.5,0.3614
CADL,0.5326199603375043,96,0,0,0.15,0.0
CAE,-0.058029305273343726,36,1,1,0.7,0.3128
CAF,0.06070110745667021,71,0,0,0.45,0.0008
CAG,-0.03248533292963422,45,0,0,0.6,0.3427
CAH,0.12516952666330913,81,0,0,0.15,0.0519
CAI,0.023966765545563297,63,0,0,0.25,0.4108
CAKE,0.2544765042541471,90,0,0,0.0,0.0287
CAL,-0.07041881313107823,33,1,1,0.45,0.1541
CALC,0.3876011306791005,94,0,0,0.25,
CALM,-0.004981311222683506,55,0,0,0.3,0.2005
CALX,-0.18873574106692398,16,1,62,1.0,0.4326
CALY,0.2281907777722059,89,0,0,0.25,0.0183
CAMP,-0.02732782176183668,47,0,0,0.8,0.3558
CAMT,-0.1230355051987265,25,1,5,0.5,0.2552
CAN,-0.3498768286969034,5,1,36,1.0,0.6844
CANF,-0.11819419086384017,25,1,4,0.95,0.5539
CANG,-0.5682503258003071,2,1,29,1.0,0.8874
CAPL,0.009092401410349768,59,0,0,0.45,0.0908
CAPN,-0.03407476045858093,44,1,1,0.45,0.1408
CAPNU,-0.015716979948037647,52,1,1,0.3,0.1425
CAPR,-0.25611252734854284,10,1,2,0.7,0.3636
CAPS,-0.37421849774109617,5,1,26,1.0,0.7197
CAR,-0.1312164108241578,23,1,4,0.45,0.794
CARE,0.27495852634074003,91,0,0,0.0,0.0244
CARG,-0.009325485216630219,54,0,0,0.55,0.1884
CARL,0.029084941575772537,64,0,0,0.4,0.2972
CARR,0.1638897307230689,85,0,0,0.05,0.0426
CARS,0.08704553152090763,76,0,0,0.55,0.1776
CART,0.15149114566527014,84,0,0,0.1,0.0388
CASH,-0.027044315158980693,47,0,0,0.6,0.1745
CASS,0.08290582754048023,75,0,0,0.25,0.021
CASY,-0.023034710250753165,49,1,4,0.6,0.1679
CAT,0.21892745069812183,89,0,0,0.1,0.0314
CATO,0.03262618481391131,65,0,0,0.1,0.152
CATX,-0.15739722247573332,20,0,0,0.95,
CATY,0.08911121600302105,76,0,0,0.15,0.0197
CAVA,-0.029383952324676974,47,1,1,0.5,0.198
CB,0.03333273800163656,65,0,0,0.3,0.0996
CBAN,-0.012987643526312875,53,1,1,0.3,0.1192
CBAT,-0.32979946262859583,6,1,21,1.0,0.4945
CBC,0.11180407480490759,79,0,0,0.3,0.0
CBFV,0.008617724253420285,59,0,0,0.35,0.0861
CBIO,-0.15770397616243784,20,1,1,0.95,0.3613
CBK,0.11415629989134066,80,0,0,0.15,0.0225
CBL,0.16648641003999382,86,0,0,0.25,0.0192
CBLL,0.007344043897602882,59,0,0,0.55,0.205
CBNA,0.08421138702205219,76,0,0,0.3,0.0343
CBNK,0.10089862192811866,78,0,0,0.1,0.0187
CBOE,-0.3035949453091179,7,1,23,1.0,0.3702
CBRE,-0.017066802807292645,51,0,0,0.5,0.2647
CBRL,0.681161836838489,97,0,0,0.0,0.0
CBSH,0.10171607169754224,78,0,0,0.2,0.0198
CBT,0.07794473817273112,74,0,0,0.1,0.0482
CBU,0.04014444038277678,67,0,0,0.4,0.0639
CBUS,-0.09239246946244391,30,0,0,0.7,0.6794
CBZ,0.006488131731699792,59,0,0,0.35,0.4498
CC,-0.1682763448372062,18,1,7,0.95,0.291
CCAP,-0.1080294832031986,27,1,37,1.0,0.2714
CCAQ,-0.033362159856214046,44,1,1,0.5,0.1403
CCAQU,-0.02305753524330221,49,1,1,0.45,0.129
CCB,-0.018429614655369783,51,0,0,0.5,0.4013
CCBG,0.0517230552720414,69,0,0,0.25,0.0225
CCC,-0.027303470470365125,47,0,0,0.7,0.4695
CCCC,0.3900673301895565,94,0,0,0.1,0.0203
CCD,0.04150758973431718,67,0,0,0.15,0.0036
CCEC,-0.08686650267753979,30,1,12,0.65,0.1738
CCEL,-0.09353674954186597,29,1,2,0.4,0.2167
CCEP,0.049244865198483125,69,0,0,0.2,0.1456
CCG,-0.3200188070624675,6,1,57,1.0,0.556
CCHH,-0.1469392592681375,21,1,6,0.75,
CCI,-0.12371306403414561,24,1,10,0.65,0.1963
CCID,-0.02640263229956701,48,0,0,0.4,0.1242
CCIF,-0.1384144586978378,22,1,28,1.0,0.4255
CCII,-0.032043604202890257,45,0,0,0.4,0.1415
CCIIU,-0.034440314869716014,43,1,1,0.6,0.1428
CCIX,-0.02839522185292558,47,0,0,0.45,0.1294
CCIXU,-0.001974838592674756,56,1,1,0.6,0.1088
CCJ,-0.10608074081868069,27,1,3,0.8,0.2796
CCK,0.08814709738772522,76,0,0,0.35,0.1122
CCL,0.06045592263888073,71,0,0,0.05,0.1953
CCLD,-0.24666311038625657,10,1,43,1.0,0.5077
CCM,0.06043552168910079,71,1,5,0.75,0.1818
CCNE,0.0806386428093471,75,0,0,0.15,0.0194
CCNEP,-0.03179354959590404,45,0,0,0.6,0.1384
CCO,-0.03422564749348149,44,1,1,0.45,0.1349
CCOI,-0.3958998016867909,4,1,21,1.0,0.5614
CCRN,0.130897851308838,82,0,0,0.0,0.0213
CCS,0.26949149635500536,91,0,0,0.15,0.1054
CCSI,0.2987289639587725,92,0,0,0.0,0.0
CCTG,0.49677163878322883,96,1,2,0.5,
CCU,-0.059794468762489374,36,1,1,0.7,0.3061
CCXIU,0.6202032321269968,97,0,0,0.3,0.0
CD,-0.24339885498201302,11,1,17,0.85,0.545
CDE,-0.13488585318737828,23,1,8,0.8,0.4455
CDIO,0.11157569412362789,79,0,0,0.0,
CDLR,-0.17786774856228252,17,1,28,1.0,0.2764
CDLX,-0.4322786032935284,3,1,48,1.0,0.7034
CDNA,0.35509742267697847,93,0,0,0.0,0.0005
CDNL,0.9485012693344486,98,0,0,0.0,0.0
CDNS,0.0767646299695994,74,1,1,0.15,0.0848
CDP,0.10839426900782229,79,0,0,0.2,0.0075
CDRE,-0.15110002211414808,21,1,10,0.8,0.451
CDRO,0.026338287419960672,63,1,1,0.15,0.054
CDT,-0.6469430366780191,1,1,4,0.9,0.9859
CDTG,-0.7765264657860359,1,1,22,1.0,0.8413
CDW,0.11759584281412186,80,0,0,0.1,0.0866
CDXS,-0.07329083278714948,33,1,6,0.7,0.2085
CDZI,-0.17697484467383645,17,1,18,0.9,0.4794
CDZIP,0.08505377302545145,76,0,0,0.0,0.0587
CE,-0.2505646433060008,10,1,37,1.0,0.3916
CECO,0.1601121309571857,85,1,1,0.25,0.0922
CEE,-0.012696398052426474,53,1,4,0.45,0.0784
CEG,-0.15970567935747762,19,1,2,0.75,0.3488
CELC,-0.1986214674068274,15,0,0,0.9,0.3166
CELH,-0.14184360928200596,22,0,0,0.8,0.522
CELU,-0.45983248038144675,3,1,16,0.8,0.6228
CELZ,-0.6688416785490434,1,1,7,0.85,0.6939
CENN,-0.270481526314577,9,1,14,0.85,0.6735
CENT,0.12456426238605262,81,0,0,0.15,0.023
CENTA,0.10236343736765899,78,0,0,0.2,0.0257
CENX,-0.2721042452133902,9,1,14,0.8,0.3744
CEPF,-0.030855306819998443,46,0,0,0.45,0.1343
CEPO,-0.05195905754414169,38,1,1,0.6,0.1534
CEPT,0.028266760582392435,64,0,0,0.85,0.1103
CEPU,-0.03129532111594489,45,1,5,0.45,0.2212
CEPV,-0.03243608863723639,45,1,1,0.45,0.1325
CERS,0.26353508443376483,91,0,0,0.5,0.0
CERT,0.05307694804934535,69,0,0,0.55,0.4182
CET,-0.031378186452297195,45,1,1,0.75,0.0858
CETX,-0.6829885915728663,1,1,19,0.95,
CETY,0.003834618662049795,58,1,2,0.35,0.362
CEV,-0.0012867608196338795,56,0,0,0.3,0.1023
CEVA,0.4674937996832882,95,1,2,0.1,0.1278
CF,-0.17267723916542285,18,1,27,1.0,0.3457
CFBK,0.05317668737460298,69,0,0,0.15,0.1231
CFFI,0.0753402479174185,74,0,0,0.25,0.049
CFFN,0.07550238789223918,74,0,0,0.2,0.0185
CFG,0.09750743237751647,78,0,0,0.15,0.0346
CFND,-0.2366299382851539,11,1,4,0.75,0.4757
CFR,0.09195464409509152,77,0,0,0.2,0.0197
CG,-0.15505662653909502,20,1,7,0.85,0.4226
CGAU,-0.10354164864204313,28,1,7,0.85,0.2887
CGBD,-0.054894093374619146,37,1,1,0.85,0.1962
CGC,-0.1140614651033687,26,0,0,0.95,0.3104
CGEM,0.2779474993221843,91,0,0,0.55,0.0151
CGEN,-0.20211962045958584,14,1,28,1.0,0.3304
CGNT,-0.16441544288814577,19,1,18,0.9,0.3026
CGNX,0.1478649593647259,84,0,0,0.35,0.0
CGO,0.01607025205673463,61,1,3,0.45,0.0378
CGON,0.1329276180078448,82,0,0,0.6,0.0628
CGTL,-0.5560074266031035,2,1,33,1.0,
CGTX,-0.02765412477935255,47,1,4,0.5,0.3482
CHA,0.12909062784773637,82,0,0,0.1,0.1712
CHAI,-0.4244215918411903,3,1,9,0.75,
CHAR,-0.02964728931840013,46,1,1,0.5,0.1316
CHARU,-0.05201743468846529,38,1,1,0.45,0.1406
CHCI,-0.06208177811881998,35,0,0,0.75,0.2807
CHCO,0.024957155505161845,63,0,0,0.3,0.0587
CHCT,0.06185076555186208,71,0,0,0.4,0.0193
CHD,-0.02737662151585343,47,0,0,0.3,0.1452
CHDN,-0.03698907403405247,42,0,0,0.7,0.269
CHE,0.06098475000337198,71,0,0,0.4,0.1184
CHEC,-0.03309080493174199,45,1,1,0.45,0.1392
CHECU,-0.031236025581822438,46,1,1,0.45,0.1359
CHEF,0.33700074589958084,93,0,0,0.2,0.0227
CHGG,-0.0320506761182743,45,1,1,0.85,0.2812
CHH,-0.04264428171324784,40,0,0,0.45,0.125
CHI,0.07009783341180012,73,0,0,0.0,0.0068
CHKP,-0.08679434102135293,30,0,0,0.65,0.3774
CHMG,0.11259401628248364,80,0,0,0.15,0.029
CHMI,-0.0694196126534322,34,1,1,0.8,0.2068
CHNR,-0.0630494445361468,35,1,3,0.55,0.3312
CHOW,0.0007843248121017429,57,1,7,0.7,
CHPG,-0.03566371967617343,43,1,1,0.45,0.1441
CHPGU,-0.021271723963223167,50,0,0,0.35,0.1336
CHPT,-0.11380788526716717,26,1,5,0.45,0.2603
CHR,-0.09156633453357144,30,1,11,0.7,0.6723
CHRD,-0.19541134371613197,15,1,12,0.9,0.3195
CHRN,0.6474140238008445,97,0,0,0.0,0.1235
CHRS,-0.17666541233318198,17,1,1,0.85,0.4607
CHRW,0.014053640853859607,60,0,0,0.25,0.143
CHSCL,-0.03678240684608275,42,1,1,0.45,0.1381
CHSCM,-0.04997965550656246,38,1,3,0.55,0.1369
CHSCN,-0.03778895777525126,41,1,1,0.45,0.136
CHSCO,-0.03964358933699846,41,1,1,0.45,0.1418
CHSCP,-0.05153846512144953,38,1,4,0.7,0.1592
CHSN,-0.4624871044112504,3,1,56,1.0,
CHT,-0.010916723742371248,54,1,1,0.15,0.0993
CHTR,-0.15672091586573603,20,0,0,0.9,0.4528
CHW,0.023818314100088604,63,1,1,0.25,0.02
CHWY,-0.2092080551118994,14,1,47,1.0,0.4682
CHY,0.06613860152479065,72,0,0,0.05,0.0031
CHYM,0.07897535766012453,75,0,0,0.8,0.3031
CI,-0.03748715594308564,42,1,1,0.5,0.1148
CIA,0.14678317038657016,84,0,0,0.1,0.0878
CIB,0.11768248908690557,80,0,0,0.0,0.1047
CIEN,-0.07793116130861469,32,1,1,0.8,0.219
CIFR,0.25801472517668994,90,1,1,0.1,0.1425
CIG,-0.10883486406322637,27,1,1,0.95,0.2778
CIGI,-0.11766275509616819,25,1,12,0.85,0.4281
CII,0.03433943609165816,65,0,0,0.55,0.0
CIIT,-0.5484208730598013,2,1,9,0.8,
CIK,-0.05271384525279403,37,1,1,0.8,0.1831
CIM,-0.007204229697490579,55,0,0,0.55,0.0774
CINF,0.12920966252072777,82,0,0,0.2,0.0051
CING,0.08070285764736118,75,0,0,0.3,0.5892
CINT,-0.18395906372371673,16,1,7,0.45,0.4587
CION,-0.12103188339479265,25,1,8,0.65,0.3641
CISO,-0.23905986869533438,11,1,12,0.75,0.5
CISS,-0.48732117730995206,2,1,89,1.0,0.954
CIVB,0.10544718758470042,79,0,0,0.1,0.0244
CIX,0.05338211116067396,70,0,0,0.1,0.0488
CJMB,-0.15263638782839803,21,0,0,0.95,
CKX,-0.015762586237298058,52,1,1,0.35,0.1509
CL,0.008473256699879132,59,0,0,0.35,0.1364
CLAR,0.08675944957847895,76,0,0,0.3,0.1997
CLB,-0.3284448849991246,6,1,41,1.0,0.4864
CLBK,0.059299028575431977,71,0,0,0.45,0.0113
CLBT,0.051870124592068086,69,0,0,0.65,0.3011
CLDI,-0.2816078208987354,8,1,117,1.0,
CLDT,0.37238273812317707,94,0,0,0.0,0.0343
CLDX,0.13593655635049412,83,0,0,0.45,0.0
CLF,-0.18017745827949905,17,1,8,0.4,0.4249
CLFD,0.07244917198496728,73,1,16,0.8,0.2364
CLGN,-0.18671385655075554,16,0,0,0.95,
CLH,0.0029067966000979398,58,0,0,0.6,0.1126
CLIK,-0.2822222714723197,8,1,17,0.85,
CLIR,-0.24108291924439612,11,1,25,1.0,0.5718
CLLS,-0.22336843547534715,12,1,30,1.0,0.4439
CLM,-0.006522476212895485,55,1,1,0.6,0.1086
CLMB,0.04819227368878271,68,0,0,0.05,0.3458
CLMT,0.04074083919380821,67,0,0,0.45,0.1302
CLNE,-0.1761623107248146,17,1,38,1.0,0.3739
CLNN,0.027740801213012388,64,0,0,0.9,0.2426
CLOV,0.8056974681808011,98,0,0,0.0,0.0344
CLPR,-0.16114138848803486,19,1,4,0.45,0.2878
CLPS,-0.09139146541251525,30,1,4,0.35,0.3583
CLPT,0.7085014557116329,97,0,0,0.0,0.0
CLRB,-0.12844342432388473,24,1,6,0.95,0.4006
CLRO,-0.050947903505648866,38,0,0,0.5,0.5595
CLS,-0.020994611409917673,50,1,9,0.65,0.2571
CLSK,0.12997270029935806,82,1,1,0.25,0.1657
CLST,-0.01222054134523385,53,0,0,0.3,0.1519
CLVT,-0.1629781986464413,19,1,18,0.9,0.4158
CLW,0.006947189654473052,59,1,1,0.15,0.2748
CLWT,0.10250394877908883,78,1,1,0.3,0.235
CLX,-0.04089199783360009,40,0,0,0.4,0.2895
CLYM,0.36278514445538956,94,0,0,0.2,0.0
CM,0.041837278103555885,67,0,0,0.35,0.0144
CMBT,0.000988257533320297,57,1,3,0.45,0.1514
CMC,-0.11631810599219139,26,1,2,0.35,0.2778
CMCL,-0.19935572673460597,15,1,31,1.0,0.4459
CMCM,-0.45274040234337254,3,1,66,1.0,0.6415
CMCO,-0.10799925660005172,27,0,0,0.65,0.4203
CMCSA,-0.12256377285504766,25,0,0,0.95,0.307
CMCT,-0.4265771752193101,3,1,107,1.0,
CMDB,0.05481277433058087,70,0,0,0.55,0.1677
CME,-0.2625062519839891,9,1,27,1.0,0.3759
CMG,-0.016666375417414538,52,0,0,0.5,0.255
CMI,0.06573495616062891,72,0,0,0.3,0.0588
CMMB,-0.0970225261820584,29,1,11,0.8,0.3201
CMND,-0.42021462810201476,3,1,15,0.95,
CMP,0.07093183799361605,73,0,0,0.45,0.0475
CMPR,0.08212343524696905,75,0,0,0.75,0.0495
CMPS,0.6893244614309738,97,0,0,0.15,0.0
CMPX,-0.15651204024353407,20,0,0,0.95,
CMRC,0.007729934749868418,59,0,0,0.75,0.348
CMRE,-0.16835726360741532,18,1,10,0.9,0.288
CMS,0.009227334467428204,59,0,0,0.4,0.1347
CMT,-0.09677575262837187,29,1,1,0.65,0.2109
CMTG,-0.08614053999870738,31,1,4,0.4,0.3144
CMTL,-0.5568683720223283,2,1,10,0.75,0.6842
CMTV,-0.01059366966992746,54,1,1,0.35,0.1909
CNA,0.06350553289185326,72,0,0,0.25,0.0856
CNC,0.3020227200572007,92,0,0,0.15,0.0355
CNCK,0.1957656810924913,87,0,0,0.65,0.2724
CNDT,-0.257363705930784,10,1,18,0.9,0.4277
CNET,0.6655191538263389,97,0,0,0.2,
CNEY,-0.42325544777652957,3,1,21,1.0,
CNF,-0.16681104718779532,18,1,12,0.85,0.6043
CNH,0.06289379943747878,72,0,0,0.5,0.1947
CNI,0.024039357432763107,63,0,0,0.3,0.018
CNK,0.13082926889242527,82,0,0,0.0,0.0452
CNL,-0.2632310668318743,9,1,43,1.0,0.4442
CNM,-0.06140640837079712,35,1,1,0.5,0.2487
CNMD,-0.07575191493409622,32,1,1,0.75,0.3112
CNNE,0.04915025670064684,69,0,0,0.25,0.155
CNO,0.14307084033629405,83,0,0,0.15,0.0235
CNOB,0.10700280075834775,79,0,0,0.1,0.0183
CNOBP,-0.02284804605841595,49,1,1,0.4,0.124
CNP,0.01648228377673317,61,0,0,0.35,0.1089
CNQ,-0.19036161782524463,16,1,24,1.0,0.323
CNR,-0.21243712749331856,13,1,10,0.55,0.403
CNS,0.08764870684080275,76,0,0,0.15,0.0541
CNSP,0.27443198335063335,91,1,15,0.85,
CNTB,-0.10426519021761971,28,0,0,0.9,0.4399
CNTN,-0.16466927430596906,19,1,4,0.55,0.5264
CNTX,-0.8242726083637334,0,1,19,0.95,
CNTY,-0.08568029192468979,31,1,10,0.65,0.2924
CNVS,0.13087606111166586,82,0,0,0.2,0.1611
CNX,-0.13013086287769954,23,1,1,0.8,0.2998
CNXC,-0.06770919561209368,34,1,13,0.65,0.4578
CNXN,0.08774537456986672,76,0,0,0.1,0.0476
COCH,-0.021586446812245134,50,0,0,0.85,
COCO,0.15920137007235186,85,1,2,0.15,0.1351
COCP,-0.16168185588171602,19,1,3,0.9,0.3978
CODA,-0.2442463068590384,10,1,16,0.8,0.482
CODI,-0.033397389199192294,44,1,1,0.9,0.1925
CODX,-0.01754391021735225,51,1,12,0.65,
COE,-0.42721399174396424,3,1,25,1.0,0.5815
COF,0.04903475106012633,68,0,0,0.45,0.2658
COFS,0.08848225271858642,76,0,0,0.25,0.0
COGT,0.04218719780139251,67,0,0,0.6,0.1189
COHN,-0.11136529128744255,26,0,0,0.65,0.5671
COHR,0.186659480743996,87,0,0,0.25,0.0763
COHU,0.5077339601551469,96,0,0,0.05,0.0234
COIN,-0.2010759572972624,14,1,30,1.0,0.4508
COKE,0.0101206393061367,60,0,0,0.4,0.2109
COLA,-0.04459498159183243,39,1,1,0.65,0.1376
COLAU,-0.03778306026982468,41,1,1,0.6,0.2087
COLB,0.0774820393034549,74,0,0,0.2,0.0578
COLD,0.15786914784118175,85,0,0,0.45,0.0076
COLL,0.050180742458394344,69,0,0,0.45,0.3173
COLM,-0.05396301433609271,37,1,1,0.25,0.1268
COMP,0.4732239933151816,95,0,0,0.2,0.1783
CON,0.2266435333668734,89,0,0,0.2,0.0296
COO,0.08915550771408748,76,0,0,0.2,0.218
COOK,0.759615303233083,98,0,0,0.0,0.0
COOT,-0.08767909547578578,30,1,7,0.7,0.3866
COP,-0.17642441156745187,17,1,12,0.9,0.3304
COPL,-0.037980909725128,41,1,1,0.5,0.1419
COR,-0.06155074838493488,35,0,0,0.3,0.3059
CORT,0.6359952218839964,97,0,0,0.0,
CORZ,0.1604542353465576,85,1,1,0.05,0.1193
COSM,-0.4523141867352903,3,1,39,1.0,0.7035
COSO,0.01934119009329576,62,0,0,0.2,0.0589
COST,-0.08525908027703948,31,1,12,0.95,0.1908
COTY,-0.16427431990408212,19,1,10,0.95,0.4736
COUR,-0.03616793100895302,42,0,0,0.7,0.2935
COYA,0.3226586451452177,93,0,0,0.3,0.042
CP,-0.03517479863490047,43,1,1,0.45,0.1003
CPA,0.21003623108639374,88,0,0,0.1,0.0418
CPAC,0.08682002940332448,76,0,0,0.45,0.0549
CPAY,-0.005629716344148654,55,1,7,0.4,0.1258
CPB,0.062453294158425286,71,0,0,0.35,0.2733
CPBI,0.027247243513086987,64,0,0,0.1,0.0604
CPF,0.0782028483586279,74,0,0,0.2,0.0201
CPHC,0.0027723513444267225,58,0,0,0.45,0.0935
CPHI,-0.09088752672780837,30,1,7,0.6,
CPIX,0.4572120185507551,95,0,0,0.0,0.0031
CPK,-0.038594110784951376,41,0,0,0.65,0.1652
CPNG,-0.04349009168711121,40,0,0,0.4,0.3281
CPOP,-0.7103275209249222,1,1,11,0.7,
CPRI,-0.05114675263834757,38,1,1,0.45,0.328
CPRT,-0.19141494626623043,15,1,1,0.95,0.3741
CPRX,0.052453391023405994,69,0,0,0.2,0.0198
CPS,-0.17199585305113826,18,1,5,0.65,0.4746
CPSH,-0.13126585283617628,23,1,10,0.65,
CPSS,0.014742542923976594,61,1,1,0.6,0.0862
CPT,0.07467898249846575,74,0,0,0.25,0.0191
CPZ,-0.03448181337144164,43,0,0,0.65,0.1632
CQP,-0.06513128090414917,35,1,1,0.65,0.2317
CR,0.20883254166930929,88,0,0,0.05,0.0332
CRAC,-0.0360451879235973,42,1,1,0.5,0.14
CRACU,-0.03688888479640451,42,1,1,0.5,0.1468
CRAI,-0.08521472520197584,31,1,1,0.6,0.3939
CRANU,-0.03274420125990292,45,1,1,0.45,0.1367
CRAQ,-0.033460823595847504,44,1,1,0.5,0.1376
CRAQU,-0.029056633800792687,47,1,1,0.45,0.214
CRBG,0.09210997869324189,77,0,0,0.2,0.1341
CRBP,0.028497942514621045,64,0,0,0.85,0.2615
CRBU,-0.20245444974341859,14,1,18,0.9,0.282
CRC,-0.21316133868035514,13,1,37,1.0,0.3461
CRCL,-0.28511935088587625,8,1,25,1.0,0.4923
CRCT,0.035511713020022616,66,0,0,0.15,0.1646
CRDF,-0.3039708394300698,7,1,20,1.0,0.6338
CRDL,-0.24704503047620355,10,1,46,1.0,0.4011
CRDO,0.472857839172927,95,0,0,0.05,0.1842
CRE,0.05809212131976132,70,1,3,0.2,
CREG,-0.3172340776021049,7,1,28,1.0,
CRESY,-0.08558917367688537,31,1,7,0.6,0.2602
CREX,0.0927078830500315,77,0,0,0.25,0.0728
CRF,-0.004609855917336848,55,0,0,0.4,0.1098
CRGO,-0.3035504506028276,7,1,23,1.0,0.5307
CRGY,-0.23771786660400013,11,1,26,1.0,0.3712
CRH,-0.028623399874733634,47,1,1,0.5,0.2224
CRI,0.05921230643599739,71,0,0,0.0,0.1156
CRIS,-0.23193020778400414,12,0,0,0.95,
CRK,-0.15261757484592564,21,0,0,0.85,0.4831
CRL,0.2713934687024193,91,0,0,0.0,0.0848
CRM,-0.1513233139326504,21,1,15,0.75,0.4515
CRMD,-0.05556060169313113,36,1,4,0.25,0.4354
CRML,-0.045902877752294506,39,0,0,0.85,0.5392
CRMT,-0.8397831467172322,0,1,21,1.0,
CRNC,0.14802301110012445,84,0,0,0.6,0.2042
CRNT,-0.07489912605991009,33,1,9,0.45,0.2134
CRNX,-0.016914398684100374,52,0,0,0.7,0.3967
CRON,0.012665829230403804,60,0,0,0.4,0.0515
CROX,0.17043238616819759,86,0,0,0.05,0.0349
CRS,0.3648082781395225,94,0,0,0.0,0.0
CRSP,0.031057962293624584,65,0,0,0.5,0.1555
CRSR,0.10983563537085517,79,0,0,0.5,0.2241
CRT,-0.20419109245467124,14,1,10,0.7,0.3021
CRTO,-0.02635870700154589,48,0,0,0.5,0.1924
CRUS,-0.14568967944410033,21,1,16,0.9,0.1925
CRVL,0.009844612880623015,60,0,0,0.4,0.2075
CRVO,-0.11407202804595895,26,1,1,0.65,
CRVS,0.024278239919170365,63,0,0,0.7,
CRWD,0.4057188292001971,95,0,0,0.0,0.0302
CRWS,0.0077618577544129805,59,0,0,0.35,0.1047
CRWV,-0.06598764591453826,34,1,5,0.7,0.3163
CSAI,-0.47016977750940636,3,1,38,1.0,0.6937
CSAN,-0.23078058468070584,12,1,1,0.9,0.5057
CSBR,0.060274185537432766,71,0,0,0.45,0.2194
CSCO,0.15895901247304392,85,1,2,0.15,0.0773
CSGP,-0.19381329464457103,15,1,12,0.85,0.6015
CSIQ,-0.1578102741118339,20,1,16,0.8,0.4673
CSL,0.06478316667524728,72,0,0,0.35,0.1641
CSPI,-0.20317442457631893,14,1,3,0.75,0.4252
CSQ,0.02236575140935918,62,0,0,0.3,0.0104
CSR,-0.1585562281664313,20,1,32,1.0,0.1998
CSTE,0.4188206212485327,95,0,0,0.05,0.1969
CSTL,0.012460217930392599,60,0,0,0.4,0.4745
CSTM,-0.01873110818644093,51,1,2,0.4,0.1261
CSV,-0.18120287122051354,17,1,1,0.95,0.2791
CSW,-0.08149040415975514,31,1,1,0.7,0.2529
CSWC,2.4176859629673753e-05,57,0,0,0.45,0.0587
CSX,0.04808644793358583,68,0,0,0.3,0.009
CTAS,-0.05467213555655648,37,1,1,0.55,0.2484
CTBI,0.07732294839636028,74,0,0,0.15,0.0178
CTEV,0.5159740250673444,96,0,0,0.0,0.282
CTGO,-0.2553665883445379,10,1,31,1.0,0.5621
CTKB,-0.027209693597151675,47,0,0,0.55,0.3017
CTM,-0.060974182212796026,35,1,3,0.65,0.3687
CTMX,-0.09787625700365937,29,0,0,0.8,0.5024
CTNM,0.10748910037259912,79,0,0,0.8,0.1386
CTNT,-0.46412536468836774,3,1,52,1.0,
CTO,0.08277432572713292,75,0,0,0.2,0.0076
CTOR,-0.10258513771166655,28,1,29,1.0,0.4816
CTOS,0.3390647379688135,93,0,0,0.05,0.0154
CTRE,-0.02299469635347136,49,0,0,0.75,0.0915
CTRI,-0.07621476148538428,32,1,1,0.75,0.2849
CTRM,0.07525617214284577,74,0,0,0.2,0.2518
CTRN,0.11862834373024428,80,0,0,0.2,0.1279
CTS,0.08611889733413952,76,1,1,0.05,0.0548
CTSH,-0.33706573136976054,6,1,13,0.75,0.5809
CTSO,-0.3348191432785802,6,1,2,0.8,0.5706
CTVA,4.017922628236914e-05,57,0,0,0.6,0.1431
CTW,-0.07171106411278333,33,1,1,0.75,0.2037
CTXR,-0.16810997100731923,18,0,0,0.95,0.4649
CUB,-0.040378969434713884,40,1,1,0.45,0.1462
CUBE,0.0002546065226447028,57,1,1,0.4,0.0906
CUBI,0.02671661171472791,63,0,0,0.45,0.0989
CUBWU,-0.01694790940883153,52,0,0,0.2,0.179
CUE,1.2140776163250977,98,0,0,0.3,
CULP,-0.011576839839938513,53,1,4,0.75,0.2539
CUPR,0.5023121286522503,96,0,0,0.2,
CURB,0.0732272284152648,73,0,0,0.15,0.0283
CURI,-0.09431323424242088,29,0,0,0.75,0.3183
CURR,-0.1698069532998747,18,1,16,0.95,0.406
CURV,0.024752399337127647,63,1,1,0.25,0.2384
CURX,-0.3546991646054262,5,1,7,0.85,0.554
CUZ,0.16238466186585276,85,0,0,0.05,0.01
CV,0.06160830450352763,71,0,0,0.45,0.4388
CVBF,0.07535159475200551,74,0,0,0.25,0.0209
CVCO,0.13713633648123166,83,0,0,0.0,0.1902
CVE,-0.12929959257896464,24,1,12,0.85,0.2195
CVEO,0.04358176287558912,68,0,0,0.4,0.0249
CVGI,-0.011898208034100917,53,1,7,0.5,0.1885
CVI,-0.2010278331807281,14,1,17,0.85,0.3138
CVKD,-0.446712885239229,3,1,34,1.0,0.6761
CVLG,0.2654746498433843,91,0,0,0.0,0.0279
CVLT,0.4317862694119542,95,0,0,0.0,0.0
CVM,-0.5007923826428506,2,1,49,1.0,0.8451
CVNA,-0.16006693535354208,19,1,3,0.8,0.3841
CVR,-0.056329118313401885,36,1,1,0.4,0.3684
CVRX,-0.14063650137498776,22,0,0,0.9,0.4503
CVS,0.19924915700601611,88,0,0,0.15,0.0234
CVSA,0.015956032008045427,61,0,0,0.5,0.0805
CVU,0.1921648730467957,87,0,0,0.1,0.0
CVV,0.1261839923538516,81,0,0,0.35,0.1818
CVX,-0.1476968663995647,21,1,12,0.8,0.3136
CW,-0.010737333901715863,54,1,1,0.3,0.0792
CWBC,0.08962001704995678,76,0,0,0.15,0.03
CWCO,-0.10568607101347721,27,1,1,0.85,0.2953
CWD,-0.40056094602977993,4,1,30,1.0,0.6047
CWEN,-0.15580781469694213,20,1,13,0.7,0.2234
CWH,0.06781114341558236,72,0,0,0.4,0.4964
CWK,0.01582222899306108,61,0,0,0.5,0.2583
CWST,0.1352835810384795,82,0,0,0.4,0.1841
CWT,0.05515363837097175,70,0,0,0.2,0.0895
CX,-0.04647829706339265,39,1,8,0.8,0.1356
CXAI,0.03451369781388983,66,1,4,0.35,
CXDO,-0.09245660026210101,30,1,18,0.9,0.2715
CXM,-0.07196323213907244,33,1,1,0.6,0.3893
CXT,0.14993220711524885,84,0,0,0.4,0.1806
CXW,0.4093313054524484,95,0,0,0.1,0.0316
CYCN,0.2647122156537952,91,0,0,0.35,
CYCU,-0.4319391648251194,3,1,24,1.0,0.82
CYD,-0.04197574112050012,40,1,14,0.7,0.2391
CYH,0.15580890996789654,85,0,0,0.3,0.1429
CYN,-0.1740294594123372,18,0,0,0.95,0.5707
CYPH,-0.35245394597952845,5,1,17,0.9,0.553
CYRX,0.39396695582855096,94,0,0,0.05,0.0
CYTK,0.23886043860200915,90,0,0,0.55,0.0
CZFS,0.06600231209744792,72,0,0,0.3,0.0469
CZNC,0.02780634535628288,64,0,0,0.3,0.0969
CZR,0.03127528792863494,65,0,0,0.0,0.0687
CZWI,0.10467967937087544,79,0,0,0.25,0.0212
D,0.04161282240695046,67,0,0,0.15,0.0388
DAAQ,-0.03127274095923114,45,1,1,0.45,0.1369
DAAQU,-0.03380331471482869,44,1,1,0.5,0.1371
DAC,-0.022922434884525257,49,1,4,0.6,0.0884
DAIC,-0.6127834037020703,1,1,46,1.0,0.8873
DAIO,0.19105323684669157,87,0,0,0.0,0.0512
DAKT,-0.02360805230439842,49,0,0,0.55,0.3278
DAL,0.23010699879904287,89,0,0,0.0,0.0098
DAN,-0.29857281277184494,7,1,12,0.65,0.3441
DAO,0.03264505951638807,65,0,0,0.6,0.1369
DAR,-0.15469105358507573,20,1,37,1.0,0.2742
DARE,-0.020570961004436797,50,1,1,0.9,
DASH,0.12454800647806769,81,0,0,0.5,0.2578
DAVA,-0.2813771727644725,8,1,47,1.0,0.632
DAVE,0.4765510177316895,96,0,0,0.05,0.0
DB,0.06553978132073729,72,0,0,0.05,0.1888
DBD,0.001828573687466424,57,0,0,0.0,0.1014
DBGI,-0.05358800100789909,37,1,11,0.8,
DBI,-0.18889163300756914,16,1,14,0.7,0.32
DBL,-0.024224864640393685,49,1,1,0.45,0.1211
DBRG,-0.026524736518345617,48,0,0,0.4,0.1267
DBVT,-0.227692612686251,12,1,53,1.0,0.3968
DBX,0.07341102047724529,74,0,0,0.4,0.0978
DC,-0.24194858087304885,11,1,18,0.9,0.4371
DCBO,-0.07345269884117067,33,1,1,0.65,0.2994
DCGO,-0.25226489616658815,10,1,20,1.0,0.488
DCH,-0.2061474746446243,14,1,8,0.6,0.4729
DCI,0.00704667863500856,59,0,0,0.25,0.2619
DCO,0.2579315492769476,90,0,0,0.1,0.0
DCOM,0.08822506286443793,76,0,0,0.15,0.0186
DCOY,0.39638240932361624,94,0,0,0.8,
DCTH,0.20857465641281706,88,0,0,0.25,0.0154
DCX,-0.5174010453572885,2,1,11,0.55,0.8118
DD,-0.06418062135466943,35,1,5,0.8,0.1817
DDC,-0.44871238051500195,3,1,20,1.0,0.7642
DDD,0.05216849430676935,69,1,4,0.6,0.2464
DDI,0.031303217653943595,65,1,1,0.6,0.0703
DDL,-0.28965514100855455,8,1,12,0.95,0.4473
DDOG,0.5131765665304484,96,0,0,0.2,0.0854
DDS,-0.12791044245136424,24,1,1,0.35,0.2849
DE,0.09677063583592724,77,0,0,0.1,0.1277
DEA,0.04246878447809319,67,0,0,0.4,0.0174
DEC,-0.16697716760531142,18,1,27,1.0,0.3609
DECK,-0.09519997490649529,29,1,9,0.5,0.2273
DEFT,-0.21536474163023422,13,1,30,1.0,0.5639
DEI,0.05369478312445055,70,1,1,0.45,0.0715
DELL,0.7022570118636757,97,0,0,0.0,0.0915
DEO,-0.004882440919219598,55,0,0,0.6,0.2408
DERM,0.19193739719721817,87,0,0,0.1,0.3218
DFDV,-0.27464616386799273,9,1,29,1.0,0.6558
DFH,0.13354524180468103,82,0,0,0.3,0.2435
DFIN,-0.09326864021491751,29,0,0,0.7,0.3017
DFLI,-0.002255287498791149,56,0,0,0.75,0.5495
DFNS,-0.6752391146939505,1,1,117,1.0,0.9624
DFP,-0.029568902806666287,46,0,0,0.65,0.1145
DFSC,-0.35486203446157266,5,1,9,0.7,0.5754
DFTX,1.128784992869278,98,0,0,0.05,
DG,0.0009008636899833708,57,0,0,0.35,0.3041
DGICA,0.055656900819104065,70,0,0,0.25,0.1188
DGICB,0.22034150758633883,89,0,0,0.3,0.0326
DGII,0.2065555036976436,88,0,0,0.0,0.0
DGNX,-0.31432641373403486,7,0,0,0.95,
DGX,0.04768663499708226,68,0,0,0.3,0.0785
DGXX,0.3227670917517467,93,1,4,0.7,0.3634
DH,-0.2854277036434341,8,1,18,0.9,0.771
DHC,0.17866625363328995,87,0,0,0.15,0.0038
DHF,-0.021186503771442225,50,0,0,0.5,0.1121
DHI,0.0806385350464559,75,0,0,0.25,0.1015
DHR,0.031651598523060716,65,0,0,0.4,0.2641
DHT,-0.03155659271937278,45,1,2,0.5,0.1701
DHX,0.207015003418101,88,0,0,0.2,0.0335
DHY,-0.03880903446481694,41,0,0,0.6,0.1718
DIBS,0.07154428735646248,73,0,0,0.7,0.1686
DIN,0.23366570534369233,89,0,0,0.15,0.1212
DINO,0.04366640248817364,68,0,0,0.35,0.0676
DIOD,0.06024442038252215,71,1,2,0.3,0.1497
DIS,-0.059277226815849765,36,1,3,0.8,0.2076
DIT,-0.19049311985253045,16,1,12,0.95,0.311
DJCO,0.11195055548815996,79,0,0,0.1,0.1744
DJT,-0.19678452329211393,15,1,19,0.95,0.5316
DK,0.13906879652352513,83,0,0,0.3,0.0667
DKL,-0.02854578424564689,47,0,0,0.5,0.1617
DKNG,0.06595440349490561,72,1,1,0.45,0.3428
DKS,0.03292099670932389,65,0,0,0.35,0.0443
DLB,-0.13743611666352765,22,1,1,0.95,0.2949
DLHC,-0.10510268430398892,27,1,2,0.75,0.2242
DLNG,-0.16955509013439451,18,1,11,0.9,0.3077
DLO,0.012019859900526397,60,0,0,0.35,0.1985
DLPN,-0.17161195837137055,18,1,3,0.9,0.3986
DLR,-0.02411251366434112,49,0,0,0.6,0.1024
DLTH,0.31317306426320957,92,0,0,0.2,0.0319
DLTR,0.10655301546301604,79,0,0,0.05,0.1931
DLX,-0.12257114417736262,25,0,0,0.85,0.2609
DLXY,-0.18316849204390576,17,1,1,0.75,
DLY,-0.02393746011163349,49,0,0,0.65,0.1089
DMA,-0.006776836238828944,55,0,0,0.0,0.1914
DMAA,-0.03404896535463988,44,1,1,0.5,0.1372
DMAAU,-0.04146457295153646,40,1,8,0.55,0.1404
DMAC,0.10719993933090466,79,0,0,0.65,0.2393
DMB,0.0003987372540051465,57,0,0,0.35,0.0772
DMII,-0.03613441581481456,42,1,1,0.5,0.1417
DMIIU,-0.031890877051432745,45,1,1,0.5,0.1386
DMLP,-0.11156791098079427,26,1,12,0.7,0.2165
DMO,-0.041446721446239045,40,1,1,0.8,0.1082
DMRA,-0.06278267958413311,35,0,0,0.75,0.3026
DMRC,-0.09047600006378032,30,1,14,0.7,0.5103
DNA,0.23444623899394665,89,0,0,0.45,0.1175
DNLI,0.2504841024866115,90,0,0,0.2,0.0039
DNMX,-0.03811281271280607,41,1,1,0.5,0.1407
DNMXU,-0.03636914238871607,42,1,1,0.5,0.1434
DNN,-0.14966705247840303,21,1,4,0.75,0.3422
DNOW,-0.026638065845904182,48,1,1,0.35,0.2755
DNP,-0.004855375337716079,55,0,0,0.4,0.0776
DNTH,0.06571851551938765,72,0,0,0.7,0.0586
DNUT,-0.04216876616589329,40,1,3,0.5,0.2726
DOC,0.20446181954889295,88,0,0,0.25,0.0016
DOCN,0.29798325137833886,92,1,6,0.3,0.1601
DOCS,-0.12589403054590204,24,1,1,0.85,0.59
DOCU,-0.09330159219303497,29,1,1,0.8,0.4027
DOGZ,-0.0572489872794718,36,1,1,0.6,
DOLE,-0.08476358251790075,31,1,1,0.75,0.2152
DOMH,0.008776512888980272,59,1,6,0.8,0.3424
DOMO,-0.2624806580816521,9,1,1,0.85,0.6929
DOO,0.03033379143065979,64,0,0,0.1,0.2925
DORM,0.1025075322498824,78,0,0,0.05,0.0794
DOUG,-0.06101267325511373,35,0,0,0.75,0.4052
DOV,0.006514711853202515,59,0,0,0.2,0.1155
DOW,-0.2733675495045546,9,1,37,1.0,0.427
DOX,-0.22090311168092078,13,1,19,0.95,0.4285
DOYU,-0.09414169942849218,29,1,11,0.7,0.394
DPG,-0.015708380290095872,52,0,0,0.6,0.1116
DPRO,-0.19381551396484362,15,1,11,0.7,0.5125
DPZ,-0.13239038339023299,23,1,8,0.8,0.3588
DQ,-0.3534233878620192,5,1,44,1.0,0.5979
DRCT,-0.15911608725330076,19,1,29,1.0,
DRD,-0.26522775096570106,9,1,32,1.0,0.4995
DRDB,-0.037601574091375524,41,1,1,0.5,0.1445
DRDBU,-0.037362033763429815,42,1,9,0.6,0.1453
DRH,0.13317089813400482,82,0,0,0.0,0.0328
DRI,-0.007327840446521641,55,1,1,0.3,0.131
DRIO,-0.14423864217442398,22,1,1,0.95,0.5315
DRMA,-0.02839197132721677,47,0,0,0.7,
DRS,-0.1273596436570289,24,1,4,0.4,0.2342
DRTS,0.3022739806822549,92,0,0,0.4,0.0046
DRUG,-0.22262016153539305,12,0,0,0.95,0.3328
DRVN,0.0076708056266972455,59,0,0,0.6,0.2469
DSACU,-0.010263364379230679,54,0,0,0.4,0.1265
DSGN,0.22716084814954526,89,0,0,0.6,0.1362
DSGR,-0.042177508321083836,40,1,1,0.4,0.1996
DSGX,-0.06151184507960222,35,1,1,0.5,0.274
DSL,-0.0235635781137463,49,0,0,0.5,0.0974
DSM,-0.005054383007080061,55,0,0,0.4,0.0877
DSP,0.14183533075307228,83,0,0,0.5,0.0697
DSS,-0.01617953964515715,52,0,0,0.5,0.6158
DSU,-0.02524837253110908,48,0,0,0.6,0.0945
DSWL,0.16138765263273527,85,0,0,0.55,0.0207
DSX,-0.22325876268722677,12,1,30,1.0,0.3083
DSY,0.19401899118498123,87,1,5,0.6,
DT,0.12146471862424768,81,0,0,0.3,0.0748
DTCX,-0.20237260751961153,14,1,4,0.9,0.5205
DTE,0.030018547212790576,64,0,0,0.2,0.0958
DTF,-0.028907254481473334,47,0,0,0.4,0.1283
DTI,-0.41020524509636186,4,1,57,1.0,0.6187
DTIL,0.13028894454131532,82,0,0,0.65,0.0511
DTM,0.021524983020944806,62,0,0,0.6,0.0626
DTSQ,-0.030880234359793125,46,1,1,0.45,0.1387
DTSQU,-0.14059183210503975,22,1,10,0.75,0.227
DTSS,-0.18029551427589105,17,1,10,0.65,0.4947
DTST,-0.17858398540697112,17,1,3,0.95,0.4046
DUK,-0.018273648305996783,51,0,0,0.45,0.164
DUO,-0.44872290650116153,3,1,35,1.0,0.6267
DUOL,0.06514977464186167,72,1,1,0.2,0.4215
DUOT,0.11395829509287245,80,1,4,0.4,0.1875
DV,0.060342632874196354,71,0,0,0.15,0.1262
DVA,0.24132029916640976,90,0,0,0.15,0.0042
DVLT,-0.45644671906994894,3,1,19,0.95,
DVN,-0.14155305880042438,22,1,12,0.95,0.3068
DWSN,0.5388683654904494,96,0,0,0.05,0.0
DWTX,0.06855144233263757,73,0,0,0.9,0.615
DX,-0.006668737080622829,55,0,0,0.5,0.1118
DXC,-0.18127922449138417,17,1,19,0.95,0.4647
DXCM,0.02269833729185452,62,1,1,0.35,0.1294
DXF,-0.471927142923869,3,1,12,0.9,
DXLG,0.006673454768879858,59,1,7,0.6,0.3458
DXPE,0.032421177426819416,65,1,1,0.15,0.1143
DXR,-0.06586333999240482,34,1,1,0.65,0.3726
DXST,-0.05390553287424286,37,1,7,0.5,
DXYZ,-0.34142391714191583,6,1,20,1.0,0.634
DY,0.10699021644531229,79,0,0,0.15,0.0382
DYAI,0.1647315617965064,85,0,0,0.55,0.1827
DYN,0.13228703078502876,82,0,0,0.25,0.0344
DYNC,-0.033066425719073186,45,1,1,0.5,0.1225
DYNCU,-0.0363911142420692,42,1,1,0.5,0.1517
DYOR,-0.030828224426366593,46,0,0,0.45,0.1375
DYORU,-0.03992935308668579,40,1,1,0.5,0.182
E,-0.16558175420119847,19,1,11,0.8,0.2812
EA,-0.02282022399259154,49,0,0,0.4,0.1381
EAD,-0.03324462597267093,44,0,0,0.7,0.1122
EAF,-0.37276143187302785,5,1,16,0.8,0.7021
EARN,-0.047297992299649406,39,0,0,0.75,0.194
EAT,0.19908315858417314,88,0,0,0.2,0.0879
EBAY,0.04040246407956594,67,0,0,0.65,0.0681
EBC,0.08637495085740604,76,0,0,0.2,0.0551
EBF,0.007547966789994677,59,0,0,0.5,0.1432
EBMT,0.048808350277087985,68,0,0,0.2,0.0666
EBON,0.012630213622527732,60,1,2,0.5,0.4428
EBS,-0.05720096528616488,36,0,0,0.75,0.4366
EC,-0.015006941653342178,52,1,4,0.2,0.1321
ECAT,0.04925676737226383,69,0,0,0.05,0.0
ECBK,0.07951475706685177,75,0,0,0.2,0.0173
ECC,-0.0976608601710592,29,1,15,0.95,0.3518
ECCC,-0.020363154305598853,50,0,0,0.45,0.1198
ECF,0.025235570740922773,63,0,0,0.25,0.0227
ECG,0.11309715384686866,80,0,0,0.3,0.0733
ECHO,-0.23544264647594695,11,1,11,0.95,0.3082
ECL,0.024676437200262046,63,0,0,0.2,0.1635
ECO,-0.03510930551016618,43,1,2,0.45,0.134
ECOR,0.07288837699705078,73,1,9,0.45,0.209
ECPG,0.13899672007714856,83,0,0,0.2,0.0
ECVT,-0.12480269971329214,24,1,29,1.0,0.2129
ECX,0.09618657821359033,77,0,0,0.3,0.4742
ED,0.001096764693774309,57,0,0,0.4,0.1505
EDBL,-0.627179793390126,1,1,112,1.0,0.9827
EDD,0.0704569540926672,73,0,0,0.3,0.0818
EDF,0.05726398896762524,70,0,0,0.2,0.0047
EDHL,0.3221203522278405,93,1,4,0.3,
EDIT,0.027457107412322594,64,0,0,0.65,0.1449
EDN,-0.06862573305006583,34,1,6,0.3,0.2684
EDRY,0.015601707964271891,61,1,2,0.35,0.1193
EDSA,-0.12688840351864408,24,0,0,0.75,
EDTK,-0.03173621955060264,45,0,0,0.85,0.1577
EDU,-0.10581239029622364,27,1,1,0.95,0.3188
EDUC,0.04265290120738193,67,0,0,0.55,0.0305
EE,0.07295417679848723,73,0,0,0.45,0.1958
EEA,0.030479683541019285,64,0,0,0.2,0.064
EEFT,-0.018207384012673276,51,0,0,0.75,0.1298
EEIQ,-0.10043694920246571,28,1,4,0.4,
EEX,-0.010999463001710175,53,0,0,0.3,0.1184
EFC,0.025857344710937126,63,0,0,0.4,0.0603
EFOI,-0.05388912163441185,37,1,16,0.9,
EFOR,-0.238320961017979,11,1,1,0.85,
EFR,-0.017947339630177875,51,0,0,0.4,0.1138
EFSC,0.09666307244436187,77,0,0,0.15,0.0272
EFSCP,-0.05845989952119714,36,1,1,0.7,0.1301
EFSI,0.04555311400683603,68,1,1,0.05,0.0548
EFT,-0.032127219507051205,45,1,1,0.65,0.1246
EFTY,-0.03973621192120811,41,1,1,0.5,0.1493
EFX,-0.09264129419850195,30,1,12,0.75,0.345
EFXT,-0.018720953817966034,51,1,1,0.85,0.1388
EG,0.04690104879806387,68,0,0,0.5,0.0451
EGAN,-0.18085945923213084,17,1,6,0.55,0.4752
EGBN,0.04305255226541068,68,0,0,0.15,0.0525
EGG,-0.15043802405816264,21,1,1,0.7,0.3383
EGHA,-0.03854006469285775,41,1,1,0.5,0.1414
EGHAU,-0.1077769240510058,27,1,13,0.65,0.2263
EGHT,-0.15420732747986587,20,1,19,0.95,0.4369
EGO,-0.07666635568034671,32,1,1,0.7,0.4133
EGP,0.0006712394264116739,57,0,0,0.45,0.0322
EGY,-0.19028835374103917,16,1,7,0.9,0.3482
EH,-0.4038360624922557,4,1,18,0.95,0.6059
EHC,-0.05599942394802402,36,1,1,0.75,0.1749
EHGO,0.3127185678829402,92,0,0,0.6,
EHI,-0.025613621893883897,48,0,0,0.45,0.1199
EHLD,-0.08847722073036507,30,1,11,0.7,0.1057
EHTH,-0.11567928149301651,26,1,3,0.65,0.7075
EIC,-0.04201624056186772,40,1,13,0.85,0.1449
EICA,-0.033048181187120385,45,1,1,0.5,0.1372
EIG,0.16504933201896385,85,0,0,0.1,0.0075
EIIA,-0.02516726148971156,48,0,0,0.4,0.1191
EIM,-0.013382617358013382,53,0,0,0.55,0.097
EIX,0.04759432697963573,68,0,0,0.35,0.0957
EJH,-0.08209742088990221,31,1,3,0.6,
EL,-0.05427022936097688,37,1,8,0.6,0.3845
ELA,0.3002978945071164,92,0,0,0.0,0.0
ELAB,-0.4368084478655503,3,1,59,1.0,
ELAN,0.025110661471863048,63,0,0,0.1,0.1423
ELBM,-0.1541155716200814,20,1,15,0.75,0.5912
ELDN,0.07024353648185475,73,0,0,0.65,0.1059
ELE,-0.1014816323479916,28,0,0,0.8,0.3965
ELF,0.13116611245374774,82,0,0,0.3,0.3198
ELLO,-0.2990689060820099,7,1,22,1.0,0.4321
ELMD,0.3339016047633995,93,0,0,0.0,0.0
ELME,-0.3340864309137378,6,1,3,0.7,0.5805
ELOG,-0.11696294730689147,26,1,7,0.45,0.5272
ELPC,-0.038595062728855635,41,0,0,0.7,0.1796
ELPW,-0.2212703786013722,13,1,33,1.0,
ELS,0.0073040046187641886,59,0,0,0.4,0.138
ELSE,0.11542103502965434,80,0,0,0.1,
ELTK,-0.01888189402447992,51,1,1,0.05,0.1134
ELTX,-0.6634953273418219,1,1,10,0.5,
ELUT,-0.14652555895691752,21,1,4,0.85,0.2836
ELV,0.0505692785507428,69,1,1,0.45,0.0893
ELVA,0.014830129736397961,61,0,0,0.65,0.1488
ELVN,0.20256839376024421,88,0,0,0.4,
ELVR,-0.21084079704965913,13,1,6,0.75,0.3397
ELWT,-0.10313376674437125,28,0,0,0.9,0.2585
EMA,-0.019566220328205652,51,0,0,0.5,0.1165
EMBC,-0.354955453431463,5,1,1,0.95,
EMBJ,0.009789008999303295,59,0,0,0.45,0.2736
EMD,0.003617350504439898,58,0,0,0.35,0.0837
EME,-0.05458624453913029,37,1,2,0.8,0.1498
EMF,0.06838590713310339,73,1,2,0.2,0.0612
EMIS,-0.03645407244665855,42,1,1,0.5,0.1396
EML,0.18052159672793874,87,0,0,0.3,0.0
EMN,-0.12306079988341886,25,1,9,0.8,0.2238
EMO,-0.04475976228720862,39,0,0,0.65,0.1891
EMPD,-0.20402208948647507,14,1,30,1.0,0.3273
EMPG,-0.03973621192120811,41,1,1,0.5,0.1493
EMR,0.0033868614901448185,58,1,1,0.3,0.1728
ENB,-0.018246783877547114,51,1,1,0.45,0.1226
ENGN,-0.4071251053654421,4,1,36,1.0,
ENGS,0.9270423950057807,98,0,0,0.0,0.0
ENIC,0.021332751463834933,62,0,0,0.45,0.0504
ENLT,-0.0655036330697617,34,1,3,0.65,0.1812
ENLV,-0.33902512469728063,6,1,17,0.85,0.5727
ENOV,-0.07773074727677265,32,1,1,0.8,0.3087
ENPH,-0.01367075356373635,53,1,16,0.8,0.3167
ENR,0.14033594098354812,83,0,0,0.05,0.1289
ENS,0.04035490867614284,67,1,2,0.55,0.0683
ENSC,-0.20124366962631038,14,0,0,0.85,
ENSG,-0.16728047909612623,18,1,1,0.85,0.3291
ENTA,0.0644036353014446,72,0,0,0.6,0.1584
ENTG,0.2341714967109392,89,0,0,0.35,0.0662
ENTX,0.3665817587525495,94,0,0,0.65,0.2392
ENVA,0.4750002613301898,95,0,0,0.15,0.0
ENVB,-0.5195858088989483,2,1,39,1.0,
ENVX,-0.12048967359755433,25,1,5,0.6,0.3549
EOD,0.025262806645424178,63,0,0,0.2,0.0315
EOG,-0.08029413018850526,32,1,3,0.6,0.2454
EOI,-0.033781006722789775,44,1,1,0.95,0.1121
EOLS,0.2643750619404785,91,0,0,0.1,0.027
EONR,-0.3857722416558421,4,1,41,1.0,
EOS,-0.036479655265274455,42,1,25,1.0,0.1125
EOSE,-0.18212728674479142,17,1,5,0.7,0.6909
EOT,0.005673493865419148,58,0,0,0.2,0.1064
EP,-0.08998442802228919,30,1,2,0.5,0.3484
EPAC,-0.01309951645335724,53,1,1,0.3,0.245
EPAM,-0.3165028548391894,7,1,19,0.95,0.665
EPC,0.39711199656424817,95,0,0,0.15,0.0141
EPD,-0.07159467915158864,33,1,4,0.9,0.192
EPM,-0.18331225108082283,16,1,12,0.9,0.3023
EPOW,-0.2099008395962127,14,0,0,0.8,0.4763
EPR,0.03678352586427563,66,0,0,0.4,0.0839
EPRT,-0.05293015152170252,37,0,0,0.65,0.1896
EPRX,-0.11906920774458149,25,0,0,0.8,0.3355
EPSM,-0.0722637062315192,33,1,7,0.5,
EPSN,-0.1189515067579367,25,1,12,0.9,0.2574
EQ,0.2809085859806012,91,0,0,0.0,0.0098
EQBK,0.03628391569509961,66,0,0,0.35,0.0741
EQH,0.07236999773955113,73,0,0,0.25,0.1604
EQIX,-0.0019542287824071206,56,1,1,0.55,0.0675
EQNR,-0.21612144766873395,13,1,12,0.95,0.368
EQR,0.03718457944943756,66,0,0,0.4,0.0097
EQS,-0.15321389818194187,20,1,18,0.9,0.4535
EQT,-0.1523266440542647,21,1,1,0.95,0.3411
EQX,-0.2868161339976455,8,1,49,1.0,0.5214
ERAS,0.5084518598901311,96,0,0,0.05,0.2265
ERC,-0.010995041368593906,54,0,0,0.6,0.0879
ERH,-0.025850178880474285,48,0,0,0.75,0.1221
ERIC,-0.10299603834411253,28,1,16,0.8,0.1789
ERIE,0.01276469074920241,60,0,0,0.4,0.2426
ERII,-0.11246385541392515,26,0,0,0.55,0.4979
ERNA,-0.013078201349603212,53,1,2,0.95,
ERO,-0.10313639393359611,28,1,5,0.5,0.3643
ES,0.04154472029283527,67,0,0,0.35,0.0949
ESAB,-0.0006461871002917882,56,0,0,0.45,0.3324
ESBA,-0.042407027272355624,40,0,0,0.8,0.2579
ESCA,-0.016098077139211256,52,0,0,0.5,0.1007
ESE,0.10282904317366773,78,0,0,0.3,0.0343
ESEA,-0.020192999276963584,50,1,2,0.4,0.1529
ESI,0.15050262592240418,84,0,0,0.3,0.0525
ESLA,-0.18983057070491102,16,1,40,1.0,0.5118
ESLT,-0.19607743014908183,15,1,10,0.6,0.348
ESNT,0.04954995794358196,69,0,0,0.6,0.0857
ESOA,0.16631504745750914,86,0,0,0.5,0.0074
ESP,0.04498839271969827,68,0,0,0.5,0.1106
ESPR,0.18815010808542573,87,0,0,0.0,
ESQ,0.06010101752292995,71,0,0,0.2,0.0639
ESRT,-0.07626383683281326,32,1,1,0.85,0.2635
ESS,0.0766039841695183,74,0,0,0.35,0.0142
ESTA,0.2825401568875948,91,0,0,0.1,0.0274
ESTC,0.04934739897857226,69,1,3,0.3,0.3283
ET,-0.05218697962117932,38,1,1,0.85,0.1587
ETB,-0.016949478321091983,52,0,0,0.65,0.0641
ETD,-0.008867146117272507,54,0,0,0.2,0.1547
ETG,0.03046881415839258,64,0,0,0.25,0.0525
ETJ,-0.03646970221971521,42,1,1,0.9,0.1089
ETN,-0.005430182690224224,55,0,0,0.25,0.0854
ETO,0.01971214968252851,62,0,0,0.3,0.0419
ETON,0.3088692695477443,92,0,0,0.25,0.0
ETOR,0.08414323342879448,76,0,0,0.75,0.0164
ETR,0.013852324681252436,60,0,0,0.4,0.1041
ETS,0.4439790732830986,95,0,0,0.35,0.0396
ETSY,0.2715305599064569,91,0,0,0.0,0.0
ETV,-0.006193125085723221,55,1,1,0.25,0.0576
ETW,-0.0033243148644011428,56,0,0,0.3,0.0525
ETX,-0.04168559991200943,40,1,1,0.6,0.132
ETY,-0.03845606620232514,41,1,38,1.0,0.1111
EU,-0.2586654395551922,10,1,6,0.75,0.6589
EUDA,-0.015155855417333254,52,1,1,0.6,
EURK,0.009152566397268441,59,0,0,0.4,0.1036
EURKU,0.024542923725866993,63,0,0,0.2,0.1073
EVAC,-0.0350864622924745,43,1,1,0.5,0.1409
EVAX,-0.24545189237392817,10,1,37,1.0,0.4504
EVC,1.642163912296592,99,0,0,0.0,
EVCM,-0.1898055378978089,16,0,0,0.85,0.3003
EVER,0.31806852402160435,93,0,0,0.1,
EVEX,-0.23239437718352363,12,1,18,0.9,0.5134
EVF,-0.019528179437415118,51,0,0,0.4,0.1152
EVG,-0.019140077688168833,51,0,0,0.45,0.1043
EVGN,-0.4729559187475388,3,1,63,1.0,0.6528
EVGO,-0.12115768066426466,25,1,15,0.75,0.473
EVH,0.7003561013662603,97,0,0,0.05,0.0
EVI,-0.22913871052719006,12,1,12,0.95,0.4845
EVLV,-0.1658656874331901,19,1,18,0.9,0.2915
EVMN,-0.40497719915077485,4,1,1,0.75,
EVN,0.02673977480027776,64,0,0,0.2,0.0724
EVO,-0.05347911763050794,37,0,0,0.85,0.3262
EVOX,-0.037431858569027754,42,1,1,0.5,0.1442
EVOXU,-0.04047157713945209,40,1,1,0.5,0.151
EVR,-0.019935203360386775,50,1,3,0.3,0.184
EVRG,0.023720532382609426,63,0,0,0.35,0.0852
EVT,0.026609844403779358,63,0,0,0.3,0.0188
EVTC,0.005174912070232053,58,0,0,0.4,0.1622
EVTL,-0.33906794873486024,6,1,19,0.95,0.7569
EVTV,-0.23741219855526044,11,1,21,1.0,
EVV,-0.025374569311551843,48,0,0,0.6,0.1148
EW,0.05292317400172713,69,0,0,0.15,0.0365
EWBC,0.0467394566308919,68,0,0,0.2,0.0282
EXC,-0.017127563245016766,51,0,0,0.3,0.1756
EXE,-0.14437755686251363,22,1,27,1.0,0.3377
EXEL,0.11159803307254954,79,0,0,0.15,0.025
EXFY,0.6705636235993112,97,0,0,0.0,0.0
EXG,0.022949570683539845,62,0,0,0.25,0.0569
EXK,-0.16452041203333334,19,1,8,0.95,0.4607
EXLS,-0.17880036988550815,17,1,12,0.75,0.4485
EXOD,-0.2823805072418631,8,1,8,0.95,0.7351
EXOZ,-0.12643525621414084,24,0,0,0.9,0.3427
EXP,0.059807179604884374,71,0,0,0.05,0.1139
EXPD,0.034323643290195265,65,0,0,0.1,0.0958
EXPE,0.10795245896139274,79,0,0,0.4,0.1816
EXPO,-0.07097660598063324,33,0,0,0.7,0.2998
EXR,0.025457155398413582,63,0,0,0.25,0.0849
EXTR,0.5521692375713823,96,0,0,0.0,0.0088
EYE,-0.11584065538302363,26,0,0,0.65,0.415
EYPT,0.022870246136529764,62,0,0,0.5,0.2966
EZGO,-0.5544832396662019,2,1,37,1.0,
EZPW,0.05275275570300466,69,0,0,0.7,0.0431
EZRA,-0.3606827247717793,5,1,50,1.0,
F,-0.02552357007936759,48,1,10,0.55,0.1814
FA,0.27164933393577684,91,0,0,0.0,0.0
FABC,0.15219218737914728,84,0,0,0.75,0.3342
FAC,-0.19164037522459448,15,1,5,0.25,0.5594
FACTU,-0.04477465577617229,39,1,4,0.45,0.1479
FAF,0.013567250065965437,60,0,0,0.45,0.0869
FAMI,-0.8251534339146942,0,1,1,0.7,
FANG,-0.12266662018217428,25,1,12,0.85,0.2323
FAST,0.020042464690592253,62,0,0,0.3,0.1136
FATE,0.3924766466336429,94,0,0,0.55,0.1323
FATN,0.8195162579981783,98,0,0,0.3,
FAX,-0.030243378745104677,46,0,0,0.7,0.1301
FBGL,-0.1295041920962367,24,1,7,0.75,0.6397
FBIN,0.2482616278022041,90,0,0,0.0,0.2562
FBIO,0.0940322498351801,77,0,0,0.15,0.3766
FBIOP,0.19540264965674572,87,0,0,0.0,0.0356
FBIZ,0.07901600826001035,75,0,0,0.15,0.0255
FBK,-0.001534728104153782,56,0,0,0.35,0.171
FBLA,0.041909672283218465,67,0,0,0.2,0.0633
FBLG,-0.4722433124417187,3,1,74,1.0,0.9175
FBNC,0.0615256051937848,71,0,0,0.2,0.0433
FBP,0.08306224344969687,75,0,0,0.15,0.0255
FBRT,-0.10214620840683031,28,1,39,1.0,0.2734
FBRX,-0.11686984142112775,26,0,0,0.85,0.4443
FBYD,0.16377881647577278,85,0,0,0.15,0.1154
FC,0.17081194725089266,86,0,0,0.2,0.0328
FCAP,0.09664497752077389,77,0,0,0.0,0.0489
FCBC,0.008995460527013034,59,0,0,0.3,0.0818
FCCO,0.0612053442418909,71,0,0,0.2,0.0399
FCEL,1.383276803921543,99,0,0,0.4,0.0
FCF,0.05877924331174702,71,0,0,0.2,0.0277
FCFS,-0.029537299726448484,46,1,4,0.6,0.079
FCHL,-0.5230381445414548,2,1,64,1.0,
FCN,-0.13743381494753582,22,1,1,0.7,0.282
FCNCA,0.020089228602431723,62,0,0,0.2,0.1253
FCNCO,-0.07744488275949707,32,1,12,0.95,0.1721
FCNCP,-0.07480488568844465,33,1,6,0.85,0.1865
FCPT,-0.01797446684075147,51,0,0,0.5,0.1069
FCRS,-0.03557488595993075,43,1,1,0.6,0.1358
FCT,-0.03089994153987389,46,1,1,0.55,0.115
FCUV,-0.1890534998055294,16,0,0,0.75,
FCX,-0.03480765471363334,43,1,5,0.45,0.1669
FDBC,0.10035420686477728,78,0,0,0.1,0.0276
FDMT,0.36450218551502833,94,0,0,0.4,0.0
FDS,-0.004869025219822139,55,0,0,0.45,0.2594
FDSB,0.03434969358855728,65,0,0,0.2,0.0707
FDUS,0.0232012841249448,63,0,0,0.45,0.0729
FDX,0.00020745753750458368,57,0,0,0.25,0.0404
FE,-0.03158537892772835,45,0,0,0.35,0.1808
FEAM,-0.19364420524651238,15,1,16,0.95,0.6795
FEBO,-0.19948088557168148,15,1,7,0.8,0.4172
FEDU,-0.055424717260518355,36,1,1,0.45,0.1957
FEED,-0.5741150760292436,1,1,60,1.0,
FEIM,0.033220485789212224,65,1,4,0.2,0.2049
FELE,0.034419424297956615,65,0,0,0.2,0.1194
FEMY,-0.5656880738104754,2,1,23,1.0,0.7495
FENC,0.3850439800889704,94,0,0,0.3,0.0153
FENG,-0.13029152757156356,23,1,11,0.9,0.2841
FER,-0.013126775121093236,53,1,1,0.45,0.145
FERA,-0.03354524035089317,44,1,1,0.5,0.1394
FERAU,-0.019812109558113612,51,0,0,0.35,0.1324
FERG,-0.02151035341072477,50,0,0,0.5,0.1661
FET,-0.15010569936517137,21,1,40,1.0,0.3108
FF,0.08143953500876555,75,0,0,0.55,0.0985
FFA,-0.020086618677853718,50,1,12,0.95,0.0523
FFAI,-0.214832567805018,13,1,18,0.9,
FFBC,0.09790876508115734,78,0,0,0.2,0.0127
FFC,-0.0076884471061241105,55,0,0,0.55,0.0951
FFIN,0.04907317883296391,68,0,0,0.25,0.0714
FFIV,0.1922777276525903,87,0,0,0.15,0.0
FG,-0.036063145612998185,42,1,1,0.55,0.2019
FGBI,0.10442627540347277,79,0,0,0.2,0.0208
FGBIP,0.00041588951924908385,57,1,2,0.45,0.0579
FGI,-0.26236171028286515,9,1,10,0.7,
FGL,-0.34201936737985844,5,1,22,1.0,
FGMC,-0.003774326144851785,56,0,0,0.55,0.2849
FGMCU,0.06263790006587566,72,1,1,0.65,
FGNX,-0.24411418430391116,11,1,18,0.9,0.6897
FGNXP,-0.006668454396918613,55,0,0,0.35,0.1152
FHB,0.07047239983405004,73,0,0,0.2,0.0262
FHI,-0.027994204853275285,47,1,1,0.3,0.1392
FHN,0.038170373635015596,66,0,0,0.2,0.0863
FHTX,0.027362072244316867,64,0,0,0.55,0.3224
FIBK,0.06927618530905183,73,0,0,0.2,0.0562
FICO,-0.003059050117854102,56,0,0,0.6,0.3779
FIEE,-0.3325420567203522,6,1,47,1.0,0.4946
FIG,-0.11090402257687121,26,1,17,0.85,0.5348
FIGR,-0.23901994870629947,11,1,28,1.0,0.6599
FIGS,-0.2158069851594512,13,1,6,0.85,0.4037
FIGX,-0.037371059863783085,42,1,1,0.5,0.1392
FIGXU,-0.03113543299815158,46,0,0,0.35,0.1432
FINS,-0.029472883569335376,47,1,1,0.5,0.1149
FINV,-0.08493724040315934,31,1,10,0.85,0.2671
FINW,-0.06479414755139468,35,0,0,0.45,0.2739
FIP,-0.1443883656256418,22,1,1,0.45,0.3658
FIRY,0.8793959441825088,98,0,0,0.25,
FIS,-0.15584561652322254,20,1,62,1.0,0.4591
FISI,0.0962387358342828,77,0,0,0.1,0.0187
FISK,0.02001574959940631,62,0,0,0.65,0.2292
FITB,0.12527554312994674,81,0,0,0.15,0.0357
FIVE,-0.252788463839967,10,1,45,1.0,0.3316
FIVN,0.10323840754076716,78,0,0,0.6,0.1718
FIX,0.11091621178624658,79,0,0,0.3,0.0527
FIZZ,-0.14708296146482489,21,1,7,0.6,0.2258
FJET,-0.15186462183290722,21,1,12,0.6,0.6052
FKWL,-0.23940072228613282,11,1,57,1.0,0.4491
FLC,-0.029328701212696564,47,0,0,0.7,0.1176
FLD,-0.6383405841377656,1,1,30,1.0,0.8442
FLEX,0.552706374858158,96,0,0,0.0,0.0196
FLG,0.038518371406477424,66,0,0,0.2,0.0368
FLGT,0.1889609287195634,87,0,0,0.2,0.3341
FLL,0.10930050710962014,79,0,0,0.55,0.1459
FLNA,-0.26546461315317105,9,1,13,0.85,0.5405
FLNC,0.1443850991991887,84,1,5,0.25,0.45
FLNG,-0.06828944336124616,34,1,3,0.75,0.1577
FLNT,0.33728188613588833,93,0,0,0.45,0.1902
FLO,-0.03886586802428564,41,0,0,0.5,0.3579
FLOC,-0.13806646194053693,22,1,23,1.0,0.2477
FLR,0.08615980161404424,76,0,0,0.05,0.0738
FLS,-0.08844979150845583,30,1,4,0.2,0.2549
FLUT,-0.0015252010329954366,56,0,0,0.4,0.5659
FLUX,-0.3313331119122979,6,1,35,1.0,0.5624
FLWS,-0.12406773233158744,24,1,10,0.6,0.3036
FLX,-0.19771282885088856,15,1,41,1.0,0.5163
FLXS,0.28676554788623027,91,0,0,0.0,0.0143
FLY,-0.24572040189436678,10,1,20,1.0,0.5009
FLYE,0.1211184837839139,81,0,0,0.35,0.7565
FLYW,0.2141350849099052,88,0,0,0.45,0.0225
FLYX,-0.19103559640160384,15,1,14,0.75,
FLZH,-0.7013108133953216,1,1,54,1.0,
FMAO,0.0863326129633328,76,0,0,0.25,0.0457
FMBH,0.07534096655743314,74,0,0,0.15,0.0217
FMC,-0.24051894911367838,11,1,50,1.0,0.4261
FMFC,-0.2806480795305338,8,1,11,0.75,0.5957
FMN,0.0008434674668722428,57,0,0,0.25,0.0752
FMNB,0.01711389540153596,61,0,0,0.35,0.0407
FMS,0.013827659363033803,60,1,1,0.2,0.1203
FMST,-0.1587189975623324,20,1,18,0.9,0.4419
FMX,0.09705891980282261,78,0,0,0.2,0.0
FMY,-0.008763678893705218,54,0,0,0.45,0.1145
FN,-0.2044415435244647,14,1,16,0.85,0.2951
FNB,0.07554284512881856,74,0,0,0.2,0.0482
FND,0.11783403669106504,80,0,0,0.25,0.2887
FNF,-0.049276599853685335,38,0,0,0.7,0.2241
FNGR,-0.582915972017854,1,1,17,0.95,0.7474
FNKO,0.29617446103349654,92,0,0,0.05,0.0026
FNLC,0.17076726559912156,86,0,0,0.2,0.0323
FNRN,0.030638658366930117,65,1,1,0.25,0.0546
FNUC,-0.37443836248094076,5,1,17,0.85,0.6367
FNV,-0.1336935634720424,23,1,7,0.85,0.3173
FNWB,0.05447588530002936,70,0,0,0.15,0.1123
FNWD,0.04256590950817749,67,0,0,0.25,0.1775
FOA,0.37314647373943,94,0,0,0.35,0.0
FOCL,0.32053507745614707,93,0,0,0.0,0.0237
FOF,-0.023863016985038208,49,0,0,0.7,0.1239
FOFO,0.3360702782843752,93,0,0,0.45,
FOR,0.14275906621263643,83,0,0,0.0,0.0344
FORM,0.13059745431256914,82,0,0,0.45,0.1066
FORR,0.2677915897083461,91,0,0,0.15,0.0633
FORTY,-0.21435513436488726,13,1,16,0.9,0.3948
FOSL,-0.06525481985871259,35,0,0,0.6,0.2713
FOUR,0.04029778739672615,67,0,0,0.7,0.334
FOX,-0.24024015017911254,11,1,11,0.7,0.3739
FOXA,-0.2471298914953561,10,1,11,0.7,0.3822
FOXF,-0.03801147321146307,41,1,1,0.15,0.1611
FOXX,-0.1387399481066121,22,1,12,0.75,
FPF,-0.026493842817246205,48,0,0,0.65,0.1139
FPH,0.059593934647772094,71,0,0,0.35,0.1362
FPI,-0.13544315551106484,23,1,1,0.95,0.3045
FR,-0.005385630474671221,55,0,0,0.4,0.0724
FRA,-0.030563526862125413,46,1,1,0.7,0.1213
FRAF,0.0920869938552212,77,0,0,0.2,0.0039
FRBA,0.07918725210305164,75,0,0,0.2,0.0748
FRD,0.48732200200337195,96,0,0,0.0,0.1266
FRGT,-0.14278215187583784,22,0,0,0.4,0.6591
FRHC,-0.14669039299002726,21,1,15,0.75,0.252
FRME,0.05752569051003,70,0,0,0.25,0.0468
FRMEP,-0.021480867585037804,50,0,0,0.5,0.1481
FRMI,0.4989084695994078,96,0,0,0.25,0.2542
FRMM,0.40577619906677426,95,0,0,0.0,
FRO,0.022717011922691065,62,1,2,0.4,0.1818
FROG,0.5890528520289458,97,0,0,0.05,0.0
FRPH,0.09742809962046003,78,0,0,0.05,0.041
FRPT,0.025317783817314192,63,0,0,0.45,0.349
FRSH,0.15643365084500543,85,0,0,0.2,0.237
FRST,0.12749856893072228,81,0,0,0.1,0.0215
FRSX,-0.22415814605590254,12,1,3,0.9,0.6395
FRT,0.0596872210328576,71,0,0,0.2,0.0135
FSBC,0.15259227033862924,84,0,0,0.1,0.0215
FSBW,0.018104543013268963,61,0,0,0.25,0.0765
FSCO,-0.0471419977771022,39,0,0,0.85,0.2533
FSEA,0.16592088504340222,86,0,0,0.0,0.0185
FSHP,-0.017110441859123183,51,0,0,0.45,0.1283
FSHPU,-0.0653808455106267,35,1,1,0.7,0.153
FSI,0.045233098702378745,68,0,0,0.4,0.1266
FSK,0.00029265373218832075,57,0,0,0.7,0.2886
FSLR,-0.05479855580978987,37,1,9,0.55,0.2573
FSLY,-0.1579613399325858,20,1,17,0.9,
FSM,-0.17554301543472164,17,1,7,0.9,0.4357
FSP,-0.16253596517949168,19,1,7,0.55,0.4836
FSS,0.09808159315319309,78,0,0,0.5,0.0351
FSTR,0.2697564459939358,91,0,0,0.0,0.0125
FSUN,0.03413713804024331,65,0,0,0.45,0.1253
FSV,-0.018208519468131366,51,0,0,0.35,0.2061
FT,-0.02569544201289047,48,0,0,0.65,0.1125
FTAI,0.04954150694290648,69,0,0,0.5,0.2106
FTAIM,0.0017385605160702422,57,0,0,0.4,0.119
FTCI,-0.04701463804531742,39,0,0,0.45,0.6388
FTDR,0.22383042694481745,89,0,0,0.2,0.0
FTEK,0.37069264819264364,94,0,0,0.6,0.0574
FTF,-0.03240555005768607,45,0,0,0.65,0.1143
FTFT,-0.488069556844333,2,1,37,1.0,0.7942
FTH,0.027371630587724925,64,0,0,0.6,
FTHM,0.5014437757225179,96,0,0,0.55,
FTHY,-0.01780369127406134,51,0,0,0.4,0.1004
FTI,-0.11505702531880788,26,1,10,0.85,0.2174
FTK,0.17554437601929623,86,0,0,0.1,0.081
FTLF,-0.0018509493585547251,56,0,0,0.3,0.3874
FTNT,0.5008430246561235,96,0,0,0.0,0.0
FTRE,0.41906822091186646,95,0,0,0.1,0.1115
FTRK,-0.03713244805567437,42,1,2,0.5,0.587
FTS,-0.006327568333822378,55,0,0,0.35,0.1161
FTV,-0.00635026092648857,55,1,1,0.3,0.0878
FTW,0.02603744507178287,63,1,1,0.15,0.2139
FUBO,-0.13535999076433822,23,1,1,0.8,0.7259
FUFU,-0.271631046750956,9,1,33,1.0,0.5867
FUL,-0.08615718449303225,31,1,1,0.35,0.1948
FULC,-0.5050256272396859,2,1,45,1.0,
FULT,0.10122011680662396,78,0,0,0.15,0.0186
FULTP,-0.05225747923232386,38,1,1,0.7,0.153
FUN,0.053279641981603156,69,1,2,0.15,0.1755
FUNC,0.13497243693956337,82,0,0,0.1,0.027
FUND,-0.07770510831238381,32,1,10,0.7,0.1318
FURY,-0.06565229678149342,34,0,0,0.9,0.4468
FUSB,0.043054966181270755,68,0,0,0.35,0.0574
FUSE,-0.32655865165678055,6,1,29,1.0,
FUTU,-0.24126562859192033,11,1,36,1.0,0.5102
FVCB,0.08128703234104931,75,0,0,0.15,0.0207
FVN,-0.01983518718657176,51,0,0,0.35,0.1247
FVNNU,-0.028169060504780054,47,1,1,0.55,0.3182
FVR,0.14559151931454997,84,0,0,0.1,0.0059
FVRR,-0.02806088511188902,47,0,0,0.8,0.5062
FWDI,-0.07897586983105936,32,0,0,0.8,0.5514
FWONA,0.02972024140209261,64,0,0,0.55,0.1177
FWONK,0.028526652637903903,64,0,0,0.55,0.1313
FWRD,0.027574459347573542,64,0,0,0.25,0.5553
FWRG,0.06917796061753162,73,0,0,0.4,0.3145
FXNC,0.043609997460096216,68,0,0,0.15,0.0485
G,-0.20705360191720906,14,1,12,0.8,0.4563
GAB,0.003006517854929648,58,0,0,0.5,0.126
GABC,0.061550959363761516,71,0,0,0.2,0.0282
GAIA,-0.2435321002254758,11,1,10,0.8,0.4927
GAIN,-0.037382911953209086,42,0,0,0.9,0.1094
GALT,0.9407577450627332,98,0,0,0.2,0.0202
GAM,-0.03333895038412847,44,1,7,0.95,0.0772
GAMB,-0.3264800644703316,6,1,32,1.0,0.6429
GAME,-0.02656950132647954,48,1,8,0.7,0.3721
GANX,-0.012162673002396273,53,0,0,0.65,0.4371
GAP,-0.28273242029674317,8,1,21,1.0,0.401
GASS,-0.1870016596063981,16,1,10,0.9,0.2888
GATX,-0.029247703158242468,47,0,0,0.45,0.1625
GAU,-0.21375421458919394,13,1,7,0.9,0.5174
GAUZ,-0.3251445946785151,6,1,9,0.9,
GBAB,-0.009065264210402702,54,0,0,0.25,0.1159
GBCI,0.0595034520496484,71,0,0,0.25,0.0944
GBDC,-0.03238831233392849,45,0,0,0.65,0.1187
GBFH,0.036468485735332325,66,0,0,0.45,0.1976
GBLI,-0.0976544696245058,29,1,57,1.0,0.2304
GBR,-0.19046708487858172,16,1,7,0.9,0.4127
GBTG,0.28538152051380783,91,0,0,0.0,
GBX,-0.0342873573489368,44,1,1,0.45,0.2288
GCBC,0.3055596058240255,92,0,0,0.0,0.0081
GCL,-0.27673715903652146,8,1,21,1.0,
GCMG,0.1328818481641616,82,0,0,0.2,0.0531
GCO,-0.022854885166227884,49,1,1,0.4,0.191
GCT,-0.22963564959182975,12,1,45,1.0,0.4019
GCTK,-0.6248779368025854,1,1,35,1.0,0.9274
GCTS,0.35591900401380494,93,1,4,0.55,0.3029
GCV,0.022953773882325938,63,0,0,0.05,0.0436
GD,-0.0064331366134508655,55,1,1,0.45,0.1453
GDC,-0.9819210348378854,0,1,36,1.0,
GDDY,-0.03060901382345239,46,0,0,0.8,0.3765
GDEV,-0.22377124486941224,12,1,30,1.0,0.5092
GDHG,-0.29268132226487864,8,1,7,0.9,0.4786
GDL,-0.021679676776633162,50,0,0,0.4,0.1226
GDO,-0.030023905482866542,46,0,0,0.6,0.1123
GDOT,0.05172652039108703,69,0,0,0.3,0.0467
GDRX,0.10241064272271402,78,0,0,0.5,0.0873
GDS,-0.26782160888874124,9,1,31,1.0,0.4273
GDTC,-0.07363161035069532,33,1,9,0.55,0.3459
GDV,-0.00855485411024046,54,0,0,0.5,0.0633
GDYN,-0.18214239877300364,17,1,17,0.85,0.4924
GE,0.1946425484228169,87,0,0,0.0,0.0037
GECC,-0.0226012873793079,49,1,2,0.45,0.2392
GEF,0.11193495850513946,79,0,0,0.3,0.1001
GEG,0.052963666086976106,69,1,1,0.25,0.1887
GEHC,-0.04941027896901011,38,0,0,0.45,0.3164
GEL,-0.17324092266289556,18,1,12,0.95,0.3254
GELS,0.13145168869995896,82,1,5,0.5,
GEMI,-0.1432733835830251,22,1,9,0.95,0.6665
GEN,0.13709622799999002,83,0,0,0.5,0.15
GENC,-0.008178904708501557,54,0,0,0.25,0.1414
GENI,0.2594536696523889,91,0,0,0.25,0.4858
GENK,0.002424161923322926,57,1,4,0.55,0.329
GEO,0.41986019850028716,95,0,0,0.0,0.0454
GEOS,-0.35521100562065444,5,1,58,1.0,0.7411
GERN,-0.075743811076681,32,0,0,0.6,0.3849
GETY,-0.044720321960067734,39,0,0,0.65,
GEV,0.07649731581598654,74,0,0,0.55,0.0849
GEVO,-0.29524381885819184,7,1,21,1.0,0.5502
GF,-0.028253644172760318,47,1,4,0.6,0.1237
GFAI,-0.25514905831831974,10,1,16,0.8,0.4647
GFF,0.09773059272314427,78,0,0,0.3,0.0531
GFI,-0.2375834227449173,11,1,7,0.85,0.4796
GFL,-0.038209064059758026,41,0,0,0.6,0.2718
GFR,-0.09184400458687264,30,0,0,0.85,0.2759
GFS,0.25015704480079737,90,1,2,0.25,0.0912
GGAL,0.08241457904336924,75,0,0,0.1,0.139
GGB,-0.07543071608563284,33,1,10,0.75,0.1661
GGG,-0.07566844159344167,32,1,1,0.8,0.2651
GGN,-0.10522952402574995,27,1,7,0.95,0.225
GGR,-0.0026957496763186234,56,0,0,0.6,0.2136
GGRP,0.1721629570304003,86,1,3,0.25,0.4179
GGT,-0.028418168148847567,47,1,7,0.55,0.074
GGZ,0.012472395162300635,60,0,0,0.3,0.0746
GH,0.4557727495148721,95,0,0,0.0,0.0
GHC,-0.012083428148151675,53,0,0,0.3,0.1128
GHG,-0.12607095189659676,24,1,4,0.85,0.4008
GHI,0.1395223959637318,83,0,0,0.55,0.2913
GHM,0.2531527401320619,90,0,0,0.15,0.0333
GHRS,0.46065694282551195,95,0,0,0.4,0.0068
GHY,-0.007150671833835977,55,0,0,0.6,0.1143
GIB,-0.12821140450680166,24,1,1,0.75,0.3739
GIBO,-0.11390433240758072,26,1,3,0.7,0.4464
GIC,0.038527792741353074,66,0,0,0.2,0.074
GIFT,-0.021556497661633568,50,0,0,0.45,0.29
GIGM,-0.047164410926946676,39,0,0,0.6,0.172
GIII,0.02528199590774704,63,1,1,0.05,0.0808
GIL,-0.15755666153942346,20,1,9,0.8,0.3427
GILD,-0.08842561267842877,30,1,1,0.95,0.245
GILT,-0.2685495984366311,9,1,21,1.0,0.3926
GIPR,-0.42532145977779734,3,1,23,1.0,
GIS,0.014057447297944538,60,0,0,0.5,0.3043
GITS,0.30979366298923555,92,0,0,0.3,
GIW,-0.033938842579918485,44,1,1,0.5,0.1404
GIWWU,-0.034466640012075514,43,1,1,0.5,0.1493
GKOS,0.25988705184599414,91,0,0,0.2,0.0426
GL,0.16123366228465094,85,0,0,0.2,0.0165
GLAD,0.025397037206669727,63,0,0,0.5,0.1084
GLBE,0.13593215730018654,83,0,0,0.1,0.2
GLBS,0.4808456161679431,96,0,0,0.05,0.0261
GLDG,-0.23450637974916896,11,1,49,1.0,0.6046
GLE,0.03125704022463855,65,1,3,0.5,
GLIBA,-0.2639689344315897,9,1,1,0.95,0.496
GLIBK,-0.2823413935951973,8,1,59,1.0,0.5077
GLMD,-0.10167424171514428,28,1,15,0.75,0.3809
GLNG,-0.06917771338656295,34,1,4,0.95,0.226
GLO,0.018191682808254027,61,0,0,0.35,0.0425
GLOB,-0.3079565397960597,7,1,18,0.9,0.6043
GLOO,-0.23423504320473817,11,1,36,1.0,0.4622
GLP,-0.03221128915302439,45,0,0,0.55,0.1274
GLPI,-0.0428511313813249,40,1,1,0.7,0.1272
GLQ,0.025620804124835216,63,0,0,0.3,0.0151
GLRE,-0.05099074113951599,38,0,0,0.7,0.1881
GLSI,-0.12457476440258147,24,0,0,0.9,0.3533
GLU,-0.05436729336567887,37,0,0,0.8,0.172
GLUE,0.26452398869239874,91,0,0,0.5,0.126
GLV,0.0403047272238875,67,0,0,0.05,0.0249
GLW,0.5363744356669462,96,0,0,0.4,0.0
GLXG,0.14812570708481226,84,1,5,0.45,
GLXY,0.07540872075876331,74,1,4,0.4,0.2279
GM,-0.07336844319978933,33,1,8,0.4,0.1707
GMAB,-0.0656705990999534,34,0,0,0.7,0.3177
GME,-0.0688860044836491,34,0,0,0.75,0.2044
GMED,-0.05280023910640656,37,0,0,0.65,0.1969
GMEX,-0.7898983882917562,0,1,75,1.0,0.9867
GMHS,-0.03506458984398335,43,0,0,0.7,0.2244
GMM,-0.8618866955847471,0,1,26,1.0,
GNE,-0.005913594012488234,55,0,0,0.45,0.1128
GNK,-0.0071848431839766705,55,0,0,0.8,0.0967
GNL,-0.08898075020124532,30,1,10,0.7,0.1638
GNLN,-0.31395806065979615,7,1,33,1.0,0.8446
GNLX,0.01032102408223988,60,1,4,0.5,0.4155
GNPX,-0.5028478751969468,2,1,70,1.0,0.8578
GNRC,0.15219760779569294,84,0,0,0.3,0.0471
GNS,-0.3854593316835506,4,1,16,0.9,0.7398
GNSS,-0.14100518881851648,22,1,17,0.9,0.3007
GNT,-0.03685140992758478,42,1,1,0.5,0.1545
GNTA,1.2239357449313963,99,0,0,0.0,
GNTX,0.03640274819599509,66,0,0,0.0,0.0708
GNW,0.06774702818664974,72,0,0,0.35,0.0352
GO,0.16861532111664015,86,0,0,0.05,0.1347
GOF,-0.03795321110364047,41,1,1,0.85,0.1602
GOGO,-0.3436715675082572,5,1,20,1.0,0.4718
GOLD,-0.07906746101823953,32,1,1,0.55,0.3979
GOLF,0.2393871369409469,90,0,0,0.2,0.0223
GOOD,-0.019907880887858494,50,0,0,0.65,0.0777
GOODN,-0.030107813766562155,46,1,1,0.4,0.1359
GOOG,-0.024344126013408927,49,1,25,1.0,0.1244
GOOGL,-0.024746003251471534,49,1,25,1.0,0.1244
GOOS,-0.13862783014191135,22,1,1,0.9,0.3854
GORO,-0.053873329187454286,37,0,0,0.55,0.2945
GOSS,-0.41397740283344253,4,1,100,1.0,
GOTU,-0.10748057434841438,27,0,0,0.65,0.3908
GOVX,-0.24112152620560284,11,1,19,0.95,
GP,0.36250195930039525,94,0,0,0.05,
GPACU,-0.0376385830076192,41,1,1,0.5,0.1417
GPAT,-0.03530016363311022,43,1,1,0.5,0.1454
GPATU,-0.04008187307500203,40,1,1,0.6,0.1407
GPC,0.11968280179536159,80,0,0,0.25,0.2594
GPCR,0.184776770178126,87,0,0,0.3,0.4929
GPGI,0.11172038870270931,79,0,0,0.45,0.4562
GPI,-0.1395454211970077,22,1,3,0.7,0.323
GPK,-0.0074110584994202325,55,0,0,0.15,0.3651
GPMT,-0.026583864769572474,48,0,0,0.45,0.4337
GPN,-0.024878390248113336,49,0,0,0.7,0.1962
GPOR,-0.14150506370335791,22,1,57,1.0,0.3453
GPRE,-0.10548171825093633,27,0,0,0.9,0.2299
GPRK,-0.08150010587874777,31,1,10,0.5,0.2015
GPRO,-0.33616229292285765,6,1,20,1.0,0.5711
GPUS,-0.0032989602681353924,56,1,4,0.3,
GRAB,-0.011290219564682256,53,0,0,0.7,0.3409
GRAF,-0.02815131955169064,47,1,1,0.45,0.1342
GRAL,0.09798322698614995,78,0,0,0.6,
GRAN,0.32482872470639557,93,0,0,0.35,0.7322
GRBK,0.15342466472437735,84,0,0,0.0,0.0899
GRC,0.21818645162769926,89,0,0,0.1,0.0161
GRCE,-0.13941270223391508,22,1,1,0.7,0.6042
GRDN,0.0415837636154126,67,1,1,0.2,0.0895
GRDX,0.41539621984806985,95,1,6,0.45,0.3303
GREE,0.28283670508510067,91,0,0,0.15,0.055
GRF,-0.03059356993462241,46,0,0,0.6,0.1619
GRFS,-0.11224468026082726,26,1,26,1.0,0.3053
GRI,-0.19728045721299173,15,1,7,0.65,0.8009
GRML,-0.3321369548950051,6,1,35,1.0,
GRMN,-0.05475246263773231,37,1,2,0.75,0.171
GRND,0.07442948203491115,74,0,0,0.5,0.0499
GRNQ,-0.16924145263118537,18,1,1,0.9,0.5455
GRNT,-0.19171326657048363,15,1,12,0.95,0.3529
GRO,-0.26341470620442914,9,1,43,1.0,0.4865
GROV,0.054580968858425456,70,0,0,0.35,0.2381
GROW,0.18458749260175056,87,0,0,0.15,0.1706
GROY,-0.2052556329130649,14,1,31,1.0,0.5199
GRPN,0.4631307637027241,95,0,0,0.65,0.0
GRRR,0.31738128096629126,92,0,0,0.2,0.1184
GRVY,0.06140443178318745,71,0,0,0.6,0.1455
GRWG,-0.057528843121152466,36,1,6,0.7,0.2038
GRX,0.016523871852376623,61,0,0,0.35,0.0963
GS,0.05539979169529529,70,1,2,0.1,0.0772
GSAT,-0.006933714333027773,55,0,0,0.85,0.0786
GSBC,0.11111467410446552,79,0,0,0.1,0.0205
GSBD,0.02787212109272357,64,0,0,0.3,0.0689
GSHD,0.1688120968215598,86,0,0,0.65,0.4066
GSHR,-0.0342436731211115,44,1,1,0.5,0.1428
GSHRU,-0.03052882500545389,46,1,1,0.6,0.1404
GSIT,-0.1688461574779129,18,1,17,0.85,0.4417
GSIW,0.004014980937679512,58,1,6,0.55,
GSK,-0.03293889451289504,45,0,0,0.4,0.191
GSL,-0.023139459606197198,49,1,3,0.7,0.1459
GSM,-0.3376197639921396,6,1,18,0.9,0.4606
GSRF,-0.03358198971257844,44,1,1,0.5,0.1383
GSRFU,-0.03722392955762114,42,1,1,0.5,0.1386
GSUN,-0.36816510781181117,5,1,4,0.7,0.7844
GT,-0.01787239562503633,51,0,0,0.5,0.416
GTBP,0.13623583941962414,83,1,3,0.15,0.5061
GTE,-0.30751630807521657,7,1,27,1.0,0.4283
GTEC,-0.1883036904564036,16,1,11,0.6,0.6465
GTEN,-0.029247538105777716,47,1,1,0.5,0.1319
GTENU,-0.03128712624787211,45,0,0,0.45,0.1316
GTERA,-0.03378000761464835,44,1,1,0.5,0.1402
GTERU,-0.03492533375111575,43,1,1,0.45,0.1469
GTES,0.10334625945557482,78,0,0,0.0,0.0789
GTIM,0.047667408864041035,68,0,0,0.3,0.0162
GTLB,0.1870656908045287,87,0,0,0.4,0.2786
GTLS,-0.034136250760556444,44,0,0,0.5,0.1408
GTM,-0.3410620560394817,6,1,35,1.0,0.7445
GTN,-0.17455318399578043,17,1,3,0.95,0.3867
GTX,0.40424096171670243,95,0,0,0.0,0.017
GTY,0.004298546975889828,58,0,0,0.45,0.0879
GUG,-0.016152785046748264,52,0,0,0.5,0.0724
GURE,-0.1234679632734122,24,1,12,0.65,0.5579
GUT,0.04934675341417493,69,0,0,0.25,0.0302
GUTS,0.1520999988002726,84,0,0,0.55,
GV,-0.20166072452586586,14,1,19,0.95,
GVA,0.1906818032860602,87,0,0,0.1,0.025
GVH,0.11767615093177361,80,1,19,0.95,
GWAV,-0.1896391592003283,16,1,7,0.95,0.4989
GWH,-0.11940241341935842,25,0,0,0.8,0.5501
GWRE,-0.1859495866375604,16,1,1,0.75,0.4496
GWRS,-0.053690091075962156,37,0,0,0.65,0.268
GWW,0.10992136772012073,79,0,0,0.05,0.0245
GXAI,-0.1015175281156327,28,1,12,0.7,0.4678
GXO,-0.07249018963897111,33,0,0,0.7,0.2948
GYRE,-0.03534243430659275,43,0,0,0.7,0.3216
GYRO,-0.21985178372252748,13,1,68,1.0,0.3946
H,0.13182114882950371,82,0,0,0.0,0.0279
HAE,0.17514691131821006,86,0,0,0.0,0.1726
HAFC,0.06577401117023932,72,0,0,0.15,0.024
HAFN,-0.14780080093609418,21,1,4,0.95,0.2664
HAIN,-0.23397279568550558,11,1,17,0.85,0.577
HAL,-0.1834453851446917,16,1,12,0.85,0.2771
HALO,0.1393023610323689,83,0,0,0.3,0.1209
HAO,-0.5360450944724048,2,1,64,1.0,
HAPN,0.2198347031367298,89,0,0,0.05,0.1231
HAS,-0.08745328734376245,30,1,1,0.9,0.2484
HASI,-0.06563156967663074,34,1,1,0.8,0.1169
HAVA,-0.032169196057468624,45,1,1,0.5,0.1391
HAVAU,-0.035810187970518846,43,1,1,0.45,0.1392
HAYW,0.14175452243941675,83,0,0,0.2,0.0695
HBAN,0.08239616289509377,75,0,0,0.15,0.1313
HBANL,-0.0468104292939918,39,1,1,0.55,0.1349
HBANM,-0.07332335749926902,33,1,1,0.95,0.1697
HBANP,-0.06965701155029888,34,1,1,0.95,0.1721
HBB,0.06321779089370935,72,0,0,0.25,0.0407
HBCP,0.051914159732425476,69,0,0,0.2,0.0301
HBIO,0.012251547945163387,60,0,0,0.35,0.175
HBM,-0.06780410914389792,34,1,5,0.45,0.2401
HBNB,-0.25598315610687333,10,1,62,1.0,0.5351
HBNC,0.08014144823160335,75,0,0,0.15,0.0274
HBT,0.09532646866681552,77,0,0,0.2,0.0131
HCA,-0.08870981524326796,30,0,0,0.7,0.3433
HCACU,-0.04088426638381994,40,1,1,0.4,0.1543
HCAI,0.293047525407496,92,0,0,0.65,
HCAT,0.4554334169583416,95,0,0,0.1,0.2743
HCC,-0.21925515714684954,13,1,10,0.6,0.3038
HCHL,0.6957634713192722,97,0,0,0.0,
HCI,0.11454863908805515,80,0,0,0.2,0.1436
HCKT,-0.11734625645273236,25,0,0,0.85,0.4918
HCM,-0.17135963002253093,18,1,49,1.0,0.3869
HCMA,-0.03022297558294225,46,1,1,0.45,0.1322
HCMAU,-0.03130220599382978,45,1,1,0.4,0.1369
HCSG,0.1569539826864971,85,0,0,0.3,0.0085
HCTI,-0.28160809745582593,8,1,11,0.8,0.9644
HCWB,0.2524766163372531,90,1,15,0.75,
HCWC,-0.347421943497745,5,1,16,0.8,0.493
HD,0.052431303338953815,69,0,0,0.25,0.1673
HDB,0.027252743237866618,64,0,0,0.45,0.3509
HDL,-0.13471535342861635,23,1,10,0.9,0.3515
HDRN,-0.6350533040340688,1,1,59,1.0,0.8481
HDSN,-0.07991035437871771,32,1,1,0.2,0.3376
HE,-0.08464166987137153,31,0,0,0.85,0.2735
HEI,0.12281952473850394,81,0,0,0.0,0.0905
HELE,0.2691896319613123,91,0,0,0.25,0.041
HELP,0.4308356367877891,95,0,0,0.6,0.2596
HEPS,0.011449942693020243,60,0,0,0.35,0.1079
HEQ,-0.021656514980059407,50,1,3,0.5,0.069
HERE,-0.15015459102081471,21,0,0,0.95,0.5964
HERZ,-0.08293012846281633,31,1,15,0.95,0.296
HESM,-0.05875204611042376,36,1,1,0.6,0.1824
HFBL,0.06463421657044674,72,0,0,0.4,0.0181
HFFG,-0.26470097821811384,9,1,12,0.95,0.3879
HFRO,0.14069046418459968,83,0,0,0.0,0.0262
HFWA,0.05609765953468266,70,0,0,0.25,0.042
HG,0.08224727711628643,75,0,0,0.2,0.0135
HGBL,-0.11845095304325678,25,1,11,0.75,0.2343
HGLB,-0.07116525387483136,33,1,79,1.0,0.1995
HGTY,0.09545307141944886,77,0,0,0.3,0.199
HGV,0.11651091606996883,80,0,0,0.1,0.0326
HHH,0.09022532360292349,77,0,0,0.15,0.2099
HHS,-0.17998003059909146,17,1,38,1.0,0.3486
HIFS,0.042168835854216914,67,0,0,0.4,0.1496
HIG,-0.02712130046241277,47,0,0,0.65,0.1513
HIHO,0.012724490758247421,60,0,0,0.5,0.5279
HII,-0.2284679619315509,12,1,58,1.0,0.4343
HIMS,0.32155088238851326,93,0,0,0.0,0.1283
HIMX,0.06990845365704865,73,1,14,0.7,0.3885
HIND,-0.08225893536604309,31,1,1,0.55,0.4498
HIO,-0.03248240234223669,45,1,1,0.5,0.1063
HIPO,-0.0183624966216977,51,0,0,0.6,0.2066
HIT,-0.17469684818507605,17,1,1,0.9,0.5527
HITI,-0.10945635004406509,27,1,7,0.9,0.2532
HIVE,0.28635730699083883,91,1,1,0.25,0.2291
HIW,0.20885525485854453,88,0,0,0.0,0.0242
HIX,-0.01800454996342108,51,0,0,0.3,0.1116
HKD,-0.1150467854012297,26,1,17,0.85,0.1703
HKIT,-0.9034645561386296,0,1,19,0.95,
HKPD,-0.42381402181059213,3,1,38,1.0,0.6184
HL,-0.1711401514598277,18,1,8,0.95,0.5519
HLF,-0.12152488263331451,25,0,0,0.8,0.408
HLI,-0.138114837045531,22,1,4,0.95,0.3563
HLIO,0.1711968886601055,86,0,0,0.0,0.0462
HLIT,0.22290274374796273,89,0,0,0.15,0.0695
HLLY,-0.17640260367682534,17,0,0,0.9,0.4494
HLMN,0.018036932283516195,61,0,0,0.3,0.2856
HLN,-0.04472356731112326,39,0,0,0.55,0.2283
HLNE,-0.19198835661805952,15,1,8,0.95,0.543
HLP,-0.19625684448559544,15,0,0,0.9,0.5882
HLT,-0.012204937682800121,53,1,2,0.2,0.0744
HLX,-0.1422593924754362,22,1,11,0.85,0.2639
HMC,0.022420151860762592,62,0,0,0.3,0.2294
HMN,0.11508055912467768,80,0,0,0.2,0.0074
HMR,0.19807610114532595,88,1,3,0.5,0.2685
HMY,-0.1178514440019609,25,1,6,0.8,0.4453
HNGE,0.6975666580957843,97,0,0,0.0,0.0
HNI,0.1495446364024699,84,0,0,0.3,0.2828
HNNA,0.007587686664189804,59,0,0,0.55,0.0848
HNRG,-0.09053859301231335,30,1,1,0.5,0.2439
HNST,0.01850691230868986,62,0,0,0.3,0.0364
HNVR,-0.02589263680947127,48,1,1,0.45,0.1029
HOFT,0.3225431698957945,93,0,0,0.35,0.0226
HOG,0.030371218914446003,64,1,1,0.3,0.0652
HOLO,-0.2575797527989322,10,1,18,0.9,0.5214
HOMB,0.03652690443334427,66,0,0,0.2,0.1168
HON,-0.0004532297930416526,57,0,0,0.4,0.1181
HOOD,0.2411068103026959,90,0,0,0.0,0.2372
HOPE,0.07244498594217091,73,0,0,0.15,0.0177
HOUR,-0.07943155398947696,32,1,4,0.75,0.3373
HOV,0.25498518782834784,90,0,0,0.1,0.0322
HOVR,-0.10189043528144223,28,1,20,1.0,0.3703
HOWL,-0.4982788159237443,2,1,46,1.0,0.7373
HP,-0.15977622187398494,19,1,10,0.8,0.2169
HPAI,-0.5398117712104433,2,1,77,1.0,0.8723
HPE,0.39325816977224626,94,1,2,0.1,0.189
HPF,-0.02542177860076782,48,0,0,0.5,0.0884
HPI,-0.011901483877257,53,0,0,0.3,0.0812
HPK,-0.0719839860748892,33,1,7,0.45,0.2511
HPP,0.6228045362171066,97,0,0,0.0,0.013
HPQ,0.0025898636249178653,57,1,10,0.5,0.2025
HPS,-0.03090969831359055,46,0,0,0.6,0.0977
HQH,0.12599935218366423,81,0,0,0.5,0.0007
HQI,0.09447494881633015,77,0,0,0.3,0.0686
HQL,0.1229352936393541,81,0,0,0.6,0.0
HQY,-0.017357260406721635,51,0,0,0.5,0.1749
HR,0.05847690785081421,70,0,0,0.35,0.0149
HRB,0.08021781545315018,75,0,0,0.4,0.1921
HRI,0.11858028514833682,80,0,0,0.15,0.2422
HRL,0.1196410365282185,80,0,0,0.0,0.0457
HRMY,0.12795320597413476,82,0,0,0.05,0.1459
HROW,0.0898833654200202,77,0,0,0.35,0.3068
HRTG,0.021926489550715925,62,0,0,0.55,0.1772
HRTX,-0.5706337766435843,1,1,34,1.0,0.7263
HRZN,0.13335396397186727,82,0,0,0.25,0.309
HSAI,-0.262304165148579,9,1,30,1.0,0.4963
HSBC,0.03197977263884113,65,0,0,0.35,0.0375
HSCS,0.38322496392929295,94,0,0,0.5,
HSDT,-0.171184158953162,18,0,0,0.9,0.5326
HSHP,-0.051272614245564854,38,1,4,0.65,0.1549
HSIC,0.07849146222178835,74,0,0,0.1,0.0669
HST,0.11987100892976219,80,0,0,0.0,0.0217
HSTM,0.14525825699006306,84,0,0,0.0,0.0015
HSY,-0.1156379376968206,26,0,0,0.85,0.2869
HTB,0.04276642852975759,67,0,0,0.15,0.0159
HTCO,-0.1298534393687235,24,1,11,0.95,
HTCR,-0.12214710086249589,25,1,1,0.55,0.5701
HTD,-0.010658037987097125,54,0,0,0.5,0.0959
HTFL,0.1339549610670042,82,0,0,0.3,0.1292
HTGC,0.02452149930142284,63,0,0,0.65,0.1786
HTH,0.010912660323134336,60,0,0,0.3,0.0993
HTHT,-0.11325330561062574,26,1,48,1.0,0.2671
HTLD,0.11944957763016167,80,0,0,0.25,0.0522
HTLM,0.025208476249375437,63,0,0,0.35,0.3763
HTO,0.016328656684357297,61,0,0,0.6,0.1132
HTOO,-0.25106744878982146,10,1,18,0.9,0.5132
HTT,-0.07997064494460371,32,1,3,0.15,0.3908
HTZ,-0.6102644431699966,1,1,36,1.0,0.7191
HUBB,0.0039214932963612115,58,0,0,0.45,0.1191
HUBC,-0.6863080046224056,1,1,114,1.0,
HUBG,0.028380725165508457,64,0,0,0.05,0.2238
HUBS,-0.1710136539955436,18,1,17,0.85,0.5808
HUDI,-0.24402437790343035,11,1,29,1.0,0.4694
HUHU,-0.06124569051708294,35,1,1,0.65,0.2709
HUIZ,-0.30511935172932525,7,1,24,1.0,0.653
HUM,0.5618037870193998,96,0,0,0.0,0.0032
HUMA,-0.20857117359597066,14,1,12,0.6,0.4535
HUN,-0.2680420583343199,9,1,9,0.65,0.3015
HURA,0.023071708671518552,63,1,2,0.7,
HURC,0.35597665712065063,93,0,0,0.15,0.0095
HURN,-0.21575623562918442,13,1,12,0.85,0.5216
HUT,0.42725452490377047,95,0,0,0.05,0.0909
HUYA,-0.15361362795338018,20,1,59,1.0,0.5314
HVII,-0.03645483421652358,42,1,1,0.5,0.1419
HVIIU,-0.033103474357673676,45,1,1,0.5,0.1332
HVMC,-0.03507703080398743,43,1,1,0.5,0.1409
HVMCU,-0.04164016899088357,40,1,1,0.5,0.1493
HVT,0.09279321825738981,77,0,0,0.0,0.1105
HWBK,0.059393018857744666,71,0,0,0.25,0.0544
HWC,0.0916588663293002,77,0,0,0.15,0.0635
HWH,0.1586856289340357,85,1,4,0.45,0.3362
HWKN,-0.15566167414785734,20,1,1,0.45,0.2057
HWM,0.04801779986233607,68,0,0,0.3,0.0662
HXHX,-0.23580005258725667,11,1,9,0.75,
HXL,0.07219906803065332,73,0,0,0.2,0.0363
HY,-0.08447386636399318,31,1,1,0.45,0.1993
HYFM,-0.22391370304279842,12,1,7,0.95,0.6549
HYFT,0.13584418391906694,83,0,0,0.4,0.4473
HYI,-0.029458983242958113,47,0,0,0.4,0.1163
HYLN,0.6195102154701475,97,1,5,0.25,0.4041
HYMC,-0.3491357489856741,5,1,31,1.0,0.6135
HYNE,0.03448775019311654,66,0,0,0.1,0.0508
HYPD,-0.16761834090380412,18,1,3,0.7,0.3366
HYPR,0.0020309833817213005,57,1,1,0.7,0.253
HYT,-0.02535936861775029,48,0,0,0.4,0.0973
HZO,0.14328254903094936,83,0,0,0.2,0.0376
IAE,0.06684195011805241,72,1,1,0.05,0.0352
IAF,-0.043435670385769544,40,1,1,0.7,0.1694
IAG,-0.11093405084834723,26,1,7,0.85,0.4026
IART,0.46037762175487296,95,0,0,0.0,0.0173
IAUX,-0.10224485554964347,28,1,6,0.7,0.3625
IBAC,-0.03505632063907628,43,1,1,0.5,0.143
IBCP,0.03134200321958854,65,0,0,0.45,0.0963
IBEX,-0.0175274540929914,51,1,1,0.65,0.286
IBG,0.10948379336100444,79,0,0,0.15,
IBIO,-0.07655384156103193,32,0,0,0.65,0.4786
IBKR,0.10827720867726337,79,1,1,0.05,0.0849
IBM,0.08383876400315121,75,0,0,0.35,0.1646
IBN,0.08061959667363738,75,0,0,0.25,0.1411
IBO,-0.14684368250319224,21,1,7,0.7,
IBOC,0.027107354374101715,64,0,0,0.25,0.0564
IBP,-0.09082049928826053,30,0,0,0.7,0.3895
IBRX,0.14395565896307141,83,0,0,0.7,0.2994
IBTA,-0.01526261371613179,52,0,0,0.65,0.0914
ICCC,0.12080445887638247,81,0,0,0.2,0.0583
ICCM,-0.3697513595740684,5,1,1,0.65,
ICE,-0.22540078685273424,12,1,56,1.0,0.3435
ICFI,0.061390343574368365,71,0,0,0.4,0.2871
ICG,-0.43230532541080585,3,1,48,1.0,0.718
ICHR,0.6537397954782891,97,0,0,0.2,0.0
ICL,-0.19220518833099087,15,1,19,0.95,0.2599
ICLR,0.43782906421743784,95,0,0,0.0,0.2108
ICMB,-0.2274633131841726,12,1,3,0.95,0.6348
ICON,-0.1968181717648275,15,1,20,1.0,0.7435
ICU,-0.023955804471651312,49,0,0,0.9,0.3125
ICUI,0.09785420348266602,78,0,0,0.2,0.137
IDA,0.034902729220914815,66,0,0,0.35,0.0836
IDAI,-0.33280160666267733,6,1,16,0.9,0.6458
IDCC,-0.06749404978146607,34,1,1,0.55,0.3246
IDE,-0.011673622630804847,53,1,1,0.5,0.0934
IDN,-0.21713472024395075,13,1,1,0.95,0.5442
IDR,-0.13633142921512897,23,1,8,0.9,0.3817
IDT,0.07527976398004127,74,0,0,0.25,0.0057
IDXX,-0.09310009129152186,29,1,1,0.65,0.31
IDYA,0.20070306922547207,88,0,0,0.45,0.1063
IE,-0.311935883428542,7,1,18,0.9,0.5635
IEP,-0.0693428083478632,34,1,37,1.0,0.136
IESC,0.14346353754732696,83,0,0,0.1,0.0654
IEX,0.07257116377578637,73,0,0,0.1,0.0313
IFBD,0.07861194982839156,74,0,0,0.5,0.1152
IFF,-0.004341678646968682,55,0,0,0.3,0.147
IFN,-0.012204665327717322,53,0,0,0.5,0.1978
IFRX,0.3488361928483886,93,0,0,0.8,0.1593
IFS,0.1578236463243378,85,0,0,0.15,0.0243
IGA,-0.015742880781392486,52,0,0,0.4,0.0846
IGAC,-0.0357008718484052,43,1,1,0.5,0.1407
IGACU,-0.04217733228102627,40,1,1,0.5,0.1464
IGC,-0.10523628413161135,27,1,14,0.95,0.2615
IGD,-0.017596160555782524,51,1,3,0.5,0.0478
IGI,-0.027362703875961826,47,0,0,0.5,0.1211
IGIC,0.008003347145512797,59,0,0,0.45,0.0896
IGR,-0.010587563386970221,54,0,0,0.6,0.1075
IH,-0.15237594002425092,21,1,18,0.95,0.3275
IHD,0.0452926128925377,68,0,0,0.05,0.0271
IHG,0.14032837456447333,83,0,0,0.05,0.012
IHRT,-0.0038881827050299203,56,0,0,0.85,0.3119
IHS,-0.04839363033781982,38,1,1,0.5,0.1514
IHT,0.4265176898363796,95,0,0,0.15,0.0
IIF,0.01461474940325351,61,0,0,0.35,0.173
III,-0.06280310762954339,35,1,1,0.75,0.3626
IIIN,0.050661795700522046,69,0,0,0.05,0.2648
IIIV,-0.040578874424953976,40,0,0,0.55,0.2885
IIM,0.01836265806520649,62,0,0,0.25,0.1011
IIPR,0.10241922569890169,78,0,0,0.1,0.011
IKT,0.043202140756356956,68,0,0,0.65,0.1608
ILAG,0.016020991419652443,61,0,0,0.7,0.2906
ILLR,0.6746835934744598,97,0,0,0.7,
ILMN,0.26671216283490273,91,0,0,0.0,0.0
ILPT,0.18584306823108146,87,0,0,0.2,0.0077
IMA,0.03199574099175533,65,0,0,0.45,0.2492
IMAX,0.025919526421042442,63,1,2,0.1,0.1299
IMCC,-0.5476845490264304,2,1,14,0.75,0.9071
IMCR,0.00893235112855615,59,0,0,0.65,0.2069
IMDX,0.06690870893087972,72,1,2,0.6,0.3385
IMKTA,-0.053301891868078356,37,1,1,0.5,0.1635
IMMP,-0.08852100523134308,30,0,0,0.9,
IMMR,0.08815357916653774,76,0,0,0.1,0.0576
IMMX,0.1769430844047792,86,0,0,0.6,0.1506
IMNM,-0.09220918340178624,30,0,0,0.75,0.2779
IMNN,-0.3197152989086634,6,1,56,1.0,0.5821
IMO,-0.13400728171454163,23,1,27,1.0,0.2571
IMOS,0.14421016626581842,83,1,1,0.25,0.1559
IMPP,-0.08546965361574735,31,1,4,0.6,0.1571
IMPPP,-0.020148166314243612,50,0,0,0.55,0.1451
IMRN,0.0680716717874428,73,1,5,0.45,0.2416
IMRX,-0.04742032925722638,39,0,0,0.75,0.4388
IMSR,-0.080726810441866,31,1,4,0.6,0.5114
IMTE,-0.23264810541215505,12,1,9,0.8,0.583
IMTX,-0.1707587200880704,18,1,3,0.9,0.2098
IMUX,0.18775864062902045,87,0,0,0.2,0.0351
IMVT,0.284271604774866,91,0,0,0.15,0.0248
IMXI,-0.08734373378392143,30,0,0,0.95,0.2102
INAB,-0.15928496513067905,19,1,3,0.9,0.4874
INAC,-0.03343379787798813,44,1,1,0.5,0.1443
INACU,-0.03806748030738616,41,1,1,0.45,0.1418
INBK,0.17251238215904494,86,0,0,0.2,0.0
INBS,-0.18582361563141317,16,1,27,1.0,
INBX,-0.03413947712681114,44,1,1,0.95,0.3349
INCR,0.0776379349814727,74,0,0,0.2,0.1192
INCY,0.1541510153491365,85,0,0,0.35,0.0401
INDB,0.04160914976440857,67,0,0,0.2,0.0946
INDI,-0.1581896196701442,20,1,16,0.8,0.2848
INDO,-0.1567789955882628,20,0,0,0.9,0.6172
INDP,0.6481790373893636,97,1,1,0.15,
INDV,0.16812941783407542,86,0,0,0.15,0.0296
INEO,0.0011680792750155197,57,0,0,0.6,0.2119
INFU,0.003804648306646105,58,0,0,0.65,0.1265
INFY,-0.1712619532856397,18,1,18,0.9,0.4765
ING,0.05801731534098511,70,0,0,0.4,0.0373
INGM,-0.007716232135787725,55,1,9,0.45,0.1544
INGN,-0.0031530447864843783,56,0,0,0.7,0.1236
INGR,-0.15278895801891706,21,1,12,0.95,0.2729
INHD,22.679016744428285,99,0,0,0.25,
INKT,-0.00706829047018067,55,1,3,0.25,0.2039
INLF,-1.0225290378937502,0,1,11,0.75,
INLX,-0.15411315179878102,20,1,2,0.85,0.351
INM,0.5780815981953831,97,0,0,0.0,
INMB,0.16711492019045726,86,0,0,0.65,0.1597
INMD,0.016008233441612778,61,0,0,0.75,0.1721
INN,0.3201290834263085,93,0,0,0.0,0.019
INNV,0.4479463645296448,95,0,0,0.3,0.0
INO,-0.17766260903394449,17,1,24,1.0,0.4532
INOD,0.3078990464286009,92,1,7,0.35,
INR,-0.21010598833189206,14,1,38,1.0,0.4345
INSE,0.07005936337789459,73,0,0,0.15,0.2341
INSG,-0.29091033809744765,8,1,18,0.95,0.5262
INSM,-0.17945469668093647,17,0,0,0.75,0.4577
INSP,-0.09430595244427636,29,0,0,0.8,0.58
INSW,0.029477426662913052,64,1,2,0.3,0.1439
INTA,0.08560405724775078,76,0,0,0.35,0.5107
INTC,0.5833954519515808,97,0,0,0.25,0.0611
INTG,0.16442311967147297,85,0,0,0.55,0.0
INTJ,-0.6645438340279208,1,1,27,1.0,0.7191
INTR,-0.26896389947726723,9,1,55,1.0,0.5019
INTS,-0.2153181845255993,13,1,1,0.85,0.6558
INTT,0.0031753848544890176,58,1,2,0.55,0.1206
INTU,-0.2862297788890682,8,1,28,1.0,0.6314
INTZ,-0.20389919143073826,14,1,7,0.85,0.5778
INUV,-0.27857077188272483,8,1,68,1.0,0.6558
INV,-0.06957725068842535,34,1,6,0.75,0.2929
INVA,-0.013912803273270546,53,0,0,0.35,0.1408
INVE,-0.40472241846847257,4,1,16,0.95,0.5145
INVH,0.06820995887718287,73,0,0,0.4,0.012
INVX,-0.12704232769095763,24,1,10,0.75,0.2188
INVZ,-0.10706150200143422,27,0,0,0.85,0.5091
IONQ,0.1112737782974452,79,1,4,0.65,0.2387
IONR,0.014977589623710715,61,1,1,0.65,0.415
IONS,0.04290057269330944,67,0,0,0.55,0.1352
IOR,-0.00938417423058462,54,0,0,0.65,0.136
IOSP,-0.0034785675152699744,56,1,1,0.25,0.1421
IOT,0.012788873209445127,60,0,0,0.45,0.1816
IOTR,-0.12509929204053138,24,1,6,0.35,
IOVA,0.06335332701988836,72,0,0,0.25,0.2915
IP,0.09499912701766719,77,0,0,0.05,0.2711
IPAR,0.14081032796365273,83,0,0,0.2,0.007
IPCX,-0.03539576140078604,43,1,1,0.5,0.1393
IPCXU,-0.02105750353554075,50,0,0,0.4,0.1291
IPDN,-0.21792582731443974,13,0,0,0.9,0.7086
IPEX,-0.03465116366627652,43,1,1,0.5,0.1412
IPEXU,-0.030164499289599724,46,1,1,0.5,0.1866
IPGP,-0.07950019801820318,32,1,5,0.6,0.3406
IPHA,0.14014251266159852,83,0,0,0.2,
IPI,-0.2051208399524403,14,1,27,1.0,0.3882
IPM,-0.0792129536188183,32,1,16,0.8,0.2815
IPSC,0.03275513859451403,65,0,0,0.45,0.2536
IPST,-0.515191471970712,2,1,28,1.0,
IPW,-0.651382821689871,1,1,117,1.0,0.9675
IPWR,0.0770768381358462,74,1,16,0.8,0.4033
IPX,-0.2031533992075363,14,1,16,0.8,0.5853
IQ,-0.15152726745546144,21,1,51,1.0,0.5611
IQI,0.006320684971331626,58,0,0,0.2,0.0873
IQST,-0.025589215984965642,48,0,0,0.6,0.6061
IQV,0.09456931325021503,77,0,0,0.3,0.2676
IR,0.03384235321221472,65,0,0,0.35,0.248
IRD,-0.1261361987551775,24,1,16,0.95,0.3331
IRDM,0.3260349642139089,93,0,0,0.5,0.0
IREN,-0.10975085850632535,27,1,6,0.5,0.3191
IRHOU,-0.026480340187614828,48,1,1,0.45,0.1262
IRIX,0.07281104173494932,73,0,0,0.0,0.3276
IRM,0.09097321400586408,77,0,0,0.25,0.0346
IRMD,-0.0010660423379105916,56,0,0,0.4,0.181
IRON,0.06664768486280964,72,0,0,0.2,0.1595
IRS,-0.0029350959988469136,56,1,1,0.15,0.2234
IRT,0.018419517578773317,62,0,0,0.45,0.1055
IRTC,-0.043830294426459096,39,0,0,0.55,0.4208
IRWD,0.14567470668376165,84,0,0,0.5,0.2622
ISBA,-0.0669946708471329,34,1,11,0.75,0.2855
ISD,-0.03396501154137689,44,0,0,0.75,0.1661
ISOU,-0.14032251373002289,22,1,6,0.7,0.2877
ISPC,-0.340454913550692,6,1,37,1.0,0.8457
ISPR,-0.3131465153182271,7,1,3,0.7,0.6946
ISRG,-0.1202134265396492,25,1,13,0.95,0.3655
ISSC,-0.06492019004680993,35,0,0,0.75,0.4682
ISTR,0.03142170003888487,65,0,0,0.2,0.086
IT,-0.19155885020293495,15,1,14,0.7,0.519
ITGR,0.003887706521964948,58,1,1,0.45,0.0926
ITHAU,-0.023833512866985342,49,0,0,0.35,0.1318
ITIC,0.1406306097250964,83,0,0,0.2,0.0835
ITOC,-0.15229021418976635,21,1,8,0.75,
ITP,-0.028625111847993726,47,1,11,0.85,0.275
ITRG,-0.20880636230800104,14,1,5,0.75,0.5545
ITRI,-0.054661435347353106,37,0,0,0.75,0.2632
ITRN,0.041404495139781776,67,1,4,0.2,0.0578
ITT,-0.07181432610545657,33,1,1,0.7,0.2
ITUB,-0.0205688259487683,50,0,0,0.55,0.1865
ITW,0.002672419778011602,57,0,0,0.2,0.1778
IVA,-0.36364735765799133,5,1,32,1.0,0.5406
IVDA,-0.002736220856937338,56,1,2,0.45,
IVF,0.0017973029738113863,57,0,0,0.85,
IVR,-0.02315274330427929,49,0,0,0.4,0.1508
IVT,0.0793390018775812,75,0,0,0.2,0.014
IVVD,-0.2790094799913286,8,1,48,1.0,0.6635
IVZ,-0.03511342351115403,43,1,5,0.45,0.1573
IX,0.0739944563296964,74,1,1,0.1,0.0435
IXHL,-0.04024381670932617,40,0,0,0.6,0.724
IZEA,-0.08060409704668997,31,1,1,0.95,0.2695
IZM,-0.31068392788814336,7,1,7,0.5,
J,-0.027389246008605084,47,0,0,0.15,0.2346
JACK,0.4036018458133648,95,0,0,0.3,0.3441
JACS,-0.034920085720736085,43,1,1,0.5,0.1416
JAGX,-0.43529975674189436,3,1,1,0.95,
JAKK,0.053464590963294194,70,0,0,0.5,0.0327
JANX,0.02972602212839833,64,0,0,0.6,0.0902
JAZZ,0.07510111428366073,74,0,0,0.5,0.0112
JBDI,0.15071188451409662,84,0,0,0.5,0.4665
JBGS,-0.05240226294686735,37,0,0,0.6,0.215
JBHT,0.11338157434366031,80,0,0,0.25,0.0112
JBI,0.016896833911359037,61,0,0,0.4,0.2925
JBIO,0.07175554853231805,73,0,0,0.7,0.2073
JBL,0.09898284398657345,78,0,0,0.15,0.0307
JBLU,0.08812265843390407,76,0,0,0.4,0.1971
JBS,-0.16736035858837994,18,1,52,1.0,0.3575
JBSS,0.12091351818965348,81,0,0,0.3,0.0372
JBTM,0.0411331901794063,67,0,0,0.55,0.2219
JCAP,0.0259802629402101,63,0,0,0.65,0.2021
JCE,-0.01281834949006392,53,1,1,0.65,0.046
JCI,-0.0094170210399964,54,1,2,0.25,0.105
JCSE,0.09277894825637575,77,0,0,0.4,
JCTC,0.04537398779677906,68,0,0,0.45,0.1631
JD,-0.16945860170944665,18,1,26,1.0,0.2529
JDZG,1.3427400362439368,99,0,0,0.0,
JEF,-0.02185733532099516,50,1,3,0.15,0.3059
JELD,-0.20002847400494073,15,1,6,0.55,0.5967
JEM,-0.3170379319842982,7,1,2,0.2,
JENA,-0.025504200007221978,48,0,0,0.45,0.1335
JF,-0.009517613634116892,54,0,0,0.3,0.2002
JFB,-0.2895181666154496,8,1,16,0.85,0.7397
JFIN,-0.36028447761326204,5,1,35,1.0,0.6012
JFR,0.0026120268644417924,57,0,0,0.3,0.0804
JFU,-0.21562057027072623,13,1,26,1.0,0.6811
JG,-0.3372900235841142,6,1,62,1.0,0.5071
JGH,-0.018359732494523807,51,1,1,0.4,0.0795
JHG,-0.03318102677111421,45,1,1,0.5,0.1391
JHI,-0.006082811941512993,55,0,0,0.4,0.0925
JHS,-0.025876626298133854,48,0,0,0.5,0.1224
JHX,0.19233632175831578,87,0,0,0.0,0.0657
JILL,0.1507986425602654,84,0,0,0.0,0.1536
JJSF,-0.11092942028851757,26,1,1,0.7,0.303
JKHY,-0.08678043177755773,31,0,0,0.9,0.3367
JKS,-0.2928446938794287,8,1,31,1.0,0.4644
JL,-0.22492171378601786,12,1,8,0.9,0.3402
JLHL,0.297481239635652,92,1,6,0.6,
JLL,-0.0030295070890455356,56,0,0,0.5,0.1876
JLS,-0.056601528117409663,36,1,12,0.95,0.1387
JMIA,-0.1078296474000437,27,1,9,0.85,0.5822
JMM,-0.017911304440268228,51,0,0,0.35,0.1278
JMSB,-0.0004989073532421576,57,0,0,0.3,0.0849
JNJ,0.07896890879293181,75,0,0,0.35,0.0879
JOB,-0.16032319108956894,19,1,12,0.95,0.321
JOBY,-0.18591518555685313,16,1,16,0.8,0.5083
JOE,-0.07577973435414306,32,1,1,0.4,0.2061
JOF,0.029960657086313243,64,0,0,0.3,0.1205
JOUT,-0.08055624848215875,31,1,1,0.5,0.1833
JOYY,0.06815188340137049,73,0,0,0.05,0.0877
JPC,-0.023854855325002578,49,0,0,0.6,0.1109
JPM,0.06668559971679736,72,0,0,0.15,0.0811
JQC,-0.01621014703533712,52,0,0,0.45,0.1069
JRI,-0.0020797356123791744,56,0,0,0.5,0.0927
JRS,0.05031795436478217,69,0,0,0.3,0.0219
JRSH,0.45135414461739065,95,0,0,0.0,0.0
JRVR,-0.11806689173287138,25,0,0,0.75,0.4226
JSPR,-0.5882972924846894,1,1,38,1.0,0.8103
JTAI,-0.21453427451800586,13,1,1,0.7,0.954
JUNS,-0.3864716024966855,4,1,1,0.9,0.8205
JVA,-0.290572639220582,8,1,16,0.9,0.3661
JWEL,-0.05299299392052681,37,1,3,0.5,0.189
JXG,1.040201409887262,98,0,0,0.0,0.0107
JXN,-0.041359140677852436,40,1,1,0.35,0.1848
JYD,-0.3448115676936032,5,1,28,1.0,
JYNT,-0.10969313895777591,27,1,2,0.45,0.2649
JZ,-0.8539715990896277,0,1,19,0.95,
JZXN,-0.02060052417896836,50,1,6,0.35,
KAI,-0.033482374483893344,44,0,0,0.7,0.1692
KALA,-0.4268608745281543,3,1,3,0.75,0.9425
KALU,0.12217116219730881,81,0,0,0.1,0.0197
KAPA,-0.3961850581853822,4,1,25,1.0,0.6593
KARO,-0.02728852508458586,47,0,0,0.55,0.151
KAZR,-0.16893859629968036,18,1,7,0.9,0.3664
KB,-0.05120523461906097,38,1,7,0.7,0.2032
KBDC,-0.06979085835886092,33,1,12,0.95,0.1212
KBH,0.19169271972889826,87,0,0,0.0,0.1318
KBONU,-0.038169292291783674,41,1,1,0.5,0.1443
KBR,-0.08279591945565029,31,1,10,0.5,0.2972
KBSX,-0.3446622570901751,5,1,12,0.85,0.4811
KC,-0.38287856465223985,4,1,30,1.0,0.5328
KCHV,-0.034782422736828786,43,1,1,0.45,0.1394
KCHVU,-0.03645325242718847,42,1,1,0.4,0.1722
KD,-0.1318775830917777,23,1,19,0.95,
KDK,-0.33265657798937487,6,1,35,1.0,0.5607
KDP,0.13064346758657452,82,0,0,0.05,0.0133
KE,-0.0852499743670577,31,1,4,0.75,0.2638
KEEL,0.6673192125042653,97,0,0,0.0,0.133
KELYA,0.19956300710741057,88,0,0,0.1,0.0069
KELYB,0.10064689199394761,78,0,0,0.45,
KEN,-0.2671639056821961,9,1,20,1.0,0.3106
KEP,-0.1567344746913607,20,1,7,0.85,0.5103
KEQU,-0.13046905878584,23,1,18,0.9,0.255
KEX,-0.0724381235533206,33,1,10,0.9,0.1373
KEY,0.06783927388007086,72,0,0,0.15,0.0569
KEYS,0.012575449100993265,60,1,2,0.45,0.0848
KF,0.16090260077671792,85,1,1,0.3,0.0834
KFFB,0.10767256980697232,79,0,0,0.15,0.0672
KFII,-0.0335287649788357,44,1,1,0.5,0.1396
KFIIU,-0.040163866017377516,40,1,1,0.6,0.1396
KFRC,0.1944424819054196,87,0,0,0.1,0.0182
KFY,0.005294376905467503,58,1,1,0.15,0.0606
KG,-0.24302803075521504,11,1,4,0.55,0.4923
KGC,-0.2340048455185388,11,1,8,0.95,0.4154
KGEI,-0.15772421973750161,20,1,12,0.9,0.3018
KGS,0.09405183984372464,77,0,0,0.6,0.0399
KHC,0.015806747318747358,61,0,0,0.45,0.0941
KIDS,0.18064130650870547,87,0,0,0.15,0.0682
KIDZ,-0.9276783992910748,0,1,57,1.0,0.9935
KIM,0.06464448406212026,72,0,0,0.25,0.0185
KINS,0.1898173913357159,87,0,0,0.2,0.017
KIO,-0.010966650399695646,54,0,0,0.4,0.0774
KITT,-0.4944469602334277,2,1,76,1.0,0.8953
KKR,-0.10176080858424343,28,1,5,0.55,0.3896
KLAC,0.5309252483192837,96,0,0,0.0,0.0
KLAR,0.3098125739267732,92,0,0,0.1,0.4004
KLC,0.27986182309932606,91,0,0,0.1,0.1991
KLIC,0.44527036904131123,95,0,0,0.05,0.0269
KLRS,-0.2520810864228494,10,1,6,0.95,0.6473
KLTR,-0.16825712699194087,18,1,9,0.8,0.3124
KLXE,-0.17073518677222668,18,1,27,1.0,0.3869
KMB,0.08200521613055137,75,0,0,0.2,0.0679
KMDA,-0.12000905550011273,25,1,59,1.0,0.2421
KMI,-0.03534045354973743,43,1,1,0.7,0.1831
KMPR,-0.07202950316680434,33,0,0,0.8,0.3703
KMRK,-0.627718860436073,1,1,41,1.0,0.7984
KMT,-0.060790600739148326,35,1,1,0.5,0.2293
KMTS,0.16837687206479823,86,0,0,0.65,0.1557
KMX,0.23842879344201776,90,0,0,0.0,0.0089
KN,0.2243192985755876,89,0,0,0.0,0.0405
KNDI,-0.13015900097840583,23,0,0,0.8,0.4184
KNF,0.013685462578985431,60,0,0,0.5,0.1612
KNOP,-0.1268850624464965,24,1,12,0.95,0.1765
KNRX,-0.4824064780563875,2,1,52,1.0,
KNSA,0.19457077207332055,87,0,0,0.4,0.0
KNSL,0.0052761476431804274,58,0,0,0.55,0.2631
KNTK,0.00038445796807797666,57,0,0,0.6,0.1202
KNX,0.12367485204726505,81,0,0,0.25,0.0584
KO,0.015761028341215115,61,0,0,0.4,0.0722
KOD,-0.06409232755371701,35,0,0,0.65,
KODK,-0.15352354893601663,20,1,5,0.95,0.3582
KOF,0.006326978314198373,58,0,0,0.5,0.1316
KOP,0.07944931272639019,75,0,0,0.1,0.011
KOPN,0.11601387718066186,80,1,14,0.7,0.311
KORE,-0.017983519216949052,51,0,0,0.4,
KOS,-0.3064080660070038,7,1,12,0.85,0.4049
KOSS,-0.05072685896416946,38,1,1,0.75,0.2327
KOYN,-0.03526345845644372,43,1,1,0.5,0.1407
KOYNU,-0.029533732521601654,46,1,1,0.45,0.1385
KPLT,-0.01102154554337691,53,0,0,0.45,0.1904
KPRX,0.035105587680567214,66,0,0,0.45,0.1696
KPTI,0.23364443937206017,89,0,0,0.2,0.0789
KR,-0.19515885472610656,15,1,10,0.9,0.3514
KRC,0.13651575492693593,83,0,0,0.1,0.09
KREF,0.06788517114019912,72,0,0,0.1,0.1883
KRG,0.059588777982990775,71,0,0,0.25,0.0273
KRKR,-0.2573310067992339,10,1,12,0.95,0.5086
KRMD,0.011423605202107924,60,0,0,0.7,0.3115
KRMN,-0.36911435232933243,5,1,65,1.0,0.6186
KRNT,0.004213325540240585,58,0,0,0.25,0.129
KRNY,0.12154433455589897,81,0,0,0.2,0.0194
KRO,-0.15004204898276072,21,1,7,0.8,0.2152
KROS,-0.06550679494083239,34,0,0,0.7,0.5086
KRP,-0.04888998274164783,38,1,1,0.5,0.1503
KRRO,0.015622341154351509,61,0,0,0.55,0.168
KRSP,-0.026394725820254396,48,0,0,0.45,0.1337
KRT,0.15016099092282317,84,0,0,0.15,0.0
KRUS,-0.006856671721988471,55,0,0,0.75,0.3043
KRYS,0.29910251020714057,92,0,0,0.15,0.0006
KSCP,-0.4077116322569977,4,1,61,1.0,0.6828
KSPI,-0.01118872838406177,53,0,0,0.7,0.0915
KSS,0.23177369595930533,89,0,0,0.0,0.2112
KT,-0.1378869277810343,22,1,54,1.0,0.3423
KTB,0.1130821779078722,80,0,0,0.2,0.034
KTCC,0.37071836219441634,94,0,0,0.0,0.0
KTF,-0.0031125681709665218,56,0,0,0.35,0.0901
KTOS,-0.3206794366486788,6,1,16,0.85,0.6681
KTTA,-0.2850321282027175,8,1,35,1.0,0.6267
KULR,0.2196001845154905,89,0,0,0.55,0.22
KURA,0.1665834797310615,86,0,0,0.5,0.0335
KUST,-0.6323589111608331,1,1,35,1.0,0.9172
KVAC,-0.02548828000800234,48,0,0,0.45,0.1266
KVACU,-0.01714561272293589,51,1,10,0.6,0.1557
KVHI,-0.05525405439464687,36,0,0,0.6,0.1758
KVUE,0.051212794904970986,69,0,0,0.2,0.0705
KVYO,-0.14873154764642868,21,0,0,0.8,0.5791
KWM,-0.5409388000344554,2,1,55,1.0,0.8278
KWR,0.0830655404742825,75,0,0,0.25,0.2015
KWY,-0.046763928311562966,39,1,1,0.55,0.31
KXIN,-0.30656652493674746,7,1,16,0.8,
KYIV,0.200443816556195,88,0,0,0.3,0.0
KYMR,0.30212885145735036,92,0,0,0.35,0.0698
KYN,-0.039621509525461174,41,1,1,0.65,0.1646
KYNB,0.013834157969428398,60,0,0,0.65,0.3031
KYTX,-0.004334943212163607,55,0,0,0.75,0.2555
KZIA,0.30088965434074655,92,0,0,0.4,0.0255
L,0.024908720711694914,63,0,0,0.3,0.0856
LAB,-0.29955695533582594,7,1,15,0.75,0.5792
LAC,-0.2505054313948388,10,1,18,0.9,0.4584
LAD,0.0020819576466628367,57,1,1,0.2,0.2122
LADR,-0.031247921277117674,46,1,1,0.6,0.142
LAES,0.0014096532597536252,57,0,0,0.6,0.4269
LAFA,-0.031142757823934365,46,1,1,0.45,0.1374
LAFAU,-0.03605110166251291,42,1,1,0.5,0.1434
LAKE,0.0652037565301706,72,0,0,0.6,0.0697
LAMR,0.0864449633446844,76,0,0,0.25,0.0144
LAND,-0.1517618694022934,21,1,70,1.0,0.3464
LANDO,-0.0332484886476555,44,0,0,0.55,0.1321
LANDP,-0.02410021058066332,49,0,0,0.45,0.113
LANV,-0.07720237020277906,32,1,4,0.8,0.3705
LAR,-0.151127393413656,21,1,9,0.8,0.3273
LARK,0.12556621710327037,81,0,0,0.1,0.0239
LASE,0.8800882849428413,98,1,4,0.2,
LASR,-0.13000683522869644,23,1,17,0.95,0.2381
LATA,-0.03692866867745522,42,1,1,0.5,0.1408
LATAU,-0.0331937330929363,44,1,1,0.4,0.1468
LAUR,0.07634406289805967,74,0,0,0.1,0.1084
LAW,-0.1021972458634888,28,0,0,0.8,0.5542
LAWR,-0.03973621192120811,41,1,1,0.5,0.1493
LAZ,-0.1663118857135322,19,1,13,0.8,0.3347
LB,-0.07157141338477033,33,0,0,0.85,0.2001
LBGJ,0.22286706953775345,89,0,0,0.45,
LBRDA,-0.15315784043099634,20,0,0,0.9,0.4467
LBRDK,-0.15355392871001786,20,0,0,0.9,0.448
LBRDP,-0.051396640496962465,38,0,0,0.6,0.1996
LBRT,-0.1658282946678482,19,1,27,1.0,0.2687
LBRX,0.13894299628847998,83,0,0,0.45,0.0329
LBTYA,-0.07299953457808803,33,1,10,0.85,0.1887
LBTYB,-0.1567690288506255,20,1,37,1.0,0.3308
LBTYK,-0.08647879441135689,31,1,10,0.85,0.1985
LCCC,-0.03334832989860832,44,1,1,0.5,0.1402
LCCCU,-0.05300216721411225,37,1,1,0.6,0.1453
LCFY,-0.17690146501925177,17,1,3,0.75,0.3422
LCID,-0.06464687292302236,35,0,0,0.85,0.4859
LCII,-0.16793584695284525,18,0,0,0.9,0.4053
LCNB,0.05221598267126581,69,0,0,0.2,0.0604
LCTX,-0.09139396788712456,30,0,0,0.75,0.3633
LCUT,0.22338922047721407,89,0,0,0.4,0.0417
LDI,-0.1273800900007172,24,0,0,0.85,0.6286
LDOS,-0.3202335098755891,6,1,73,1.0,0.5253
LDP,-0.0019114979259119633,56,0,0,0.25,0.0808
LE,-0.0824325276940184,31,1,1,0.45,0.4442
LEA,-0.029640870724965532,46,1,9,0.45,0.1098
LECO,-0.01118389119238146,53,1,1,0.4,0.1816
LEDS,-0.12533225674365323,24,1,20,1.0,0.3213
LEE,-0.08330995310684511,31,1,11,0.55,0.1855
LEG,0.08300632136253294,75,0,0,0.3,0.1588
LEGH,0.13378792127959707,82,0,0,0.05,0.003
LEGN,0.204373650851751,88,1,7,0.4,0.1955
LEN,-0.03598793449387835,42,0,0,0.5,0.3164
LENZ,-0.3561362885355927,5,1,34,1.0,0.7495
LEO,-0.003761229454999973,56,0,0,0.4,0.086
LESL,3.9945278116719907,99,0,0,0.0,
LEU,-0.1986307938719869,15,1,4,0.8,0.5571
LEVI,0.07535503655269504,74,0,0,0.15,0.0186
LEXX,-0.23395855543358277,11,1,12,0.85,0.5239
LFACU,-0.0374491524510322,42,1,1,0.5,0.1459
LFCR,0.020921032589906303,62,1,2,0.2,0.4771
LFMD,-0.07949041567832335,32,1,7,0.35,0.2128
LFMDP,-0.02696697644966719,48,0,0,0.45,0.1248
LFS,-0.054884854033983244,37,0,0,0.6,
LFST,0.35388367672352494,93,0,0,0.25,0.0105
LFT,-0.16476184010667455,19,1,2,0.85,0.3646
LFUS,0.050827957748576395,69,1,2,0.15,0.0777
LFVN,0.0179089064819261,61,1,10,0.5,0.4234
LFWD,-0.06659632911869731,34,0,0,0.7,0.2499
LGCL,-0.5725663797000489,1,1,7,0.55,0.6603
LGCY,0.0032389905013630246,58,0,0,0.85,0.2324
LGHL,-0.6943706707108572,1,1,18,0.9,0.8929
LGI,0.01552897031082029,61,0,0,0.35,0.1182
LGIH,0.3353729687094992,93,0,0,0.0,0.0524
LGL,-0.06777175571170876,34,0,0,0.85,0.1761
LGN,0.038793375160860004,66,1,5,0.7,0.2215
LGND,0.35623040906429815,93,0,0,0.05,0.0
LGO,-0.406117080201939,4,1,48,1.0,0.6722
LGPS,-0.013060963238396457,53,0,0,0.45,0.3356
LGVN,-0.20885536505046273,14,1,4,0.75,
LH,0.029991101818800693,64,0,0,0.45,0.1071
LHAI,-0.33685956559556157,6,1,34,1.0,0.9216
LHSW,-0.4383417301904895,3,1,29,1.0,
LHX,-0.14049997644901657,22,1,7,0.8,0.2997
LI,-0.32035936382518726,6,1,30,1.0,0.4339
LICN,-0.5692498753895323,1,1,7,0.8,
LIDR,-0.36240347548737717,5,1,18,0.9,0.5281
LIEN,0.020970451008620557,62,0,0,0.25,0.0977
LIF,0.35169164686311133,93,0,0,0.0,0.2177
LII,0.13746790903375905,83,0,0,0.05,0.0786
LILA,0.35966573379556444,94,0,0,0.6,0.0
LILAK,0.31542044262862434,92,0,0,0.6,0.0
LIMN,-0.46601905562342427,3,1,18,0.95,
LIN,-0.018901228710642197,51,1,1,0.3,0.1265
LINC,0.09250492504520866,77,0,0,0.3,0.0529
LIND,0.38940791012616727,94,0,0,0.0,0.0568
LINE,0.13194735005058128,82,0,0,0.25,0.0066
LINK,-0.0020664246966392366,56,1,6,0.6,0.2886
LIQT,-0.4650780955430287,3,1,31,1.0,0.6762
LITB,0.2120914306452392,88,1,9,0.45,0.173
LITE,0.019976090501806244,62,1,9,0.75,0.1954
LITS,-0.18872951859741097,16,0,0,0.75,0.4581
LIVE,-0.18124754549360897,17,1,1,0.7,0.5573
LIVN,0.2040005658476483,88,0,0,0.05,0.0206
LIXT,0.8217707174935742,98,0,0,0.05,0.0
LKFN,-0.01723061317618709,51,0,0,0.4,0.1008
LKFT,0.002409269058082357,57,0,0,0.35,0.2108
LKQ,-0.12520788472406463,24,1,1,0.85,0.2933
LKSP,-0.035389231687852,43,1,1,0.5,0.1413
LKSPU,-0.022928092123917845,49,0,0,0.45,0.13
LLY,0.2094975471090713,88,0,0,0.05,0.0
LLYVA,0.07003575212356081,73,0,0,0.4,0.0596
LLYVK,0.0821562838920841,75,0,0,0.4,0.0478
LMAT,-0.09463003315711155,29,0,0,0.85,0.2426
LMB,-0.09763376278306922,29,1,1,0.35,0.3268
LMFA,-0.45771975964538303,3,1,19,0.95,0.7564
LMND,-0.015569950420221135,52,0,0,0.4,0.4045
LMNR,-0.03360086706039724,44,0,0,0.4,0.1797
LMRI,0.3691917500448305,94,0,0,0.25,0.432
LMT,-0.10932370491205592,27,1,7,0.65,0.321
LNAI,0.023166374028603255,63,0,0,0.3,
LNC,-0.00808557173170471,54,1,1,0.3,0.2526
LND,-0.1046850782235928,28,1,58,1.0,0.2582
LNG,-0.06679990935600671,34,0,0,0.65,0.297
LNKS,-0.16617622939256407,19,1,6,0.95,
LNN,0.07390102898070933,74,0,0,0.05,0.1598
LNSR,-0.05385404268339277,37,1,2,0.65,0.5826
LNT,0.037434407930314155,66,0,0,0.35,0.0747
LNTH,0.198011731174515,88,0,0,0.05,0.0182
LNZA,-0.2964798741817395,7,0,0,0.95,
LOAN,0.005490836605703327,58,0,0,0.25,0.1505
LOAR,0.28102277807208625,91,0,0,0.05,0.0283
LOB,0.07933564459268969,75,0,0,0.25,0.0922
LOBO,-0.014473227055076109,52,1,4,0.25,0.2259
LOCL,-0.2943999639232262,8,1,24,1.0,
LOCO,0.1570293601648545,85,0,0,0.2,0.0332
LODE,0.1467091985134556,84,0,0,0.1,0.1497
LOGI,-0.0732202196613203,33,1,13,0.65,0.205
LOMA,-0.0047583866385283655,55,1,1,0.4,0.1873
LONA,-0.07677649336286414,32,0,0,0.85,0.3269
LOOP,-0.32197501400378964,6,1,19,0.95,0.4294
LOPE,-0.14543884026693488,22,1,57,1.0,0.2822
LOT,-0.12608227695884217,24,1,25,1.0,0.3017
LOVE,0.0366496153419378,66,0,0,0.45,0.0923
LOW,-0.06991147641572096,33,0,0,0.5,0.2972
LPA,0.037821552471767834,66,0,0,0.5,0.1508
LPAA,-0.032943643331216646,45,1,1,0.5,0.1398
LPAAU,-0.036898595187660636,42,1,1,0.5,0.1594
LPBB,-0.03334376900812706,44,1,1,0.45,0.1413
LPBBU,-0.023811311687272664,49,0,0,0.45,0.1317
LPCN,-0.09582427012091849,29,0,0,0.5,
LPCVU,-0.03413617872195207,44,1,1,0.5,0.1425
LPG,-0.11878179842911521,25,1,9,0.65,0.2632
LPL,-0.1587634080548697,20,1,16,0.8,0.3417
LPLA,-0.10952151857619039,27,1,4,0.55,0.3611
LPRO,0.680093945924491,97,0,0,0.05,0.0162
LPSN,-0.2825672754406329,8,1,19,0.95,0.5902
LPTH,0.012874489081267863,60,0,0,0.6,0.1846
LPX,0.03727182631679513,66,0,0,0.3,0.2328
LQDA,0.593232571933413,97,0,0,0.1,0.0546
LQDT,0.09239612923706322,77,0,0,0.0,0.0162
LRCX,0.4868339638655673,96,0,0,0.05,0.0
LRE,-0.011777225003191297,53,0,0,0.55,0.3056
LRHC,-0.40355777144593374,4,1,115,1.0,0.9892
LRMR,-0.22457352355162347,12,1,1,0.65,
LRN,-0.08874885882588157,30,1,10,0.5,0.1898
LSAK,-0.05812905113995263,36,0,0,0.8,0.2102
LSBK,0.047122585781016225,68,0,0,0.25,0.0437
LSCC,0.1698036312465067,86,0,0,0.15,0.0504
LSE,-0.10936477552463378,27,0,0,0.9,0.3298
LSF,0.673109173474727,97,0,0,0.05,0.0221
LSH,-0.2680293261445054,9,1,18,0.9,0.6609
LSPD,0.09774584764410282,78,0,0,0.2,0.2231
LSTA,-0.07322755422065166,33,1,3,0.25,
LSTR,0.08552157600319768,76,1,1,0.2,0.0788
LTBR,-0.28765892851876207,8,1,32,1.0,0.558
LTC,-0.015101151852051055,52,0,0,0.7,0.1096
LTH,0.36786624569385806,94,0,0,0.15,0.0093
LTM,0.12196145369030698,81,0,0,0.35,0.1975
LTRN,0.8135674322596217,98,0,0,0.0,0.0069
LTRX,-0.23092541748716883,12,1,11,0.75,0.3208
LU,-0.2748438879078375,9,1,88,1.0,0.605
LUCD,-0.04935160849499505,38,0,0,0.6,0.3452
LUCK,-0.08496806353612667,31,1,9,0.75,0.215
LUCY,-0.25386142692201463,10,1,60,1.0,0.5632
LUD,-0.2085009838270955,14,1,3,0.55,0.5745
LULU,-0.20709189534880368,14,1,1,0.95,0.5083
LUMN,-0.1552397246663544,20,1,17,0.85,0.2625
LUNG,-0.09216216109209002,30,1,3,0.6,0.4699
LUNR,-0.31498182264336405,7,1,18,0.9,0.5339
LUV,0.24504764489532907,90,0,0,0.1,0.125
LUXE,-0.056983399023868564,36,1,1,0.65,0.3469
LVLU,-0.251015475465915,10,0,0,0.95,
LVO,0.12185347309024652,81,0,0,0.4,0.0444
LVS,-0.14777870281888839,21,1,12,0.85,0.3407
LVWR,-0.24958771352645298,10,0,0,0.9,0.7479
LW,-0.00920783675756065,54,1,1,0.35,0.191
LWAC,-0.038999122445189084,41,1,1,0.5,0.1493
LWACU,-0.03532876078253875,43,1,1,0.5,0.1418
LWAY,0.23682911977731755,89,0,0,0.4,0.0224
LWLG,-0.1473861696722864,21,1,30,1.0,0.4966
LX,-0.12634308606933173,24,1,11,0.7,0.4118
LXEH,-0.10540120985369097,27,1,1,0.5,
LXEO,-0.14175565311371446,22,1,1,0.7,0.5748
LXFR,0.2038998014445154,88,0,0,0.0,0.0387
LXP,0.056358893636951866,70,0,0,0.2,0.022
LXRX,0.3546573490028501,93,0,0,0.6,0.0
LXU,-0.27631556874275315,9,1,32,1.0,0.4475
LYB,-0.281296419423772,8,1,37,1.0,0.4405
LYEL,-0.3533195231132248,5,1,46,1.0,0.6278
LYFT,0.07089988984676607,73,0,0,0.4,0.2933
LYG,0.05632839142238886,70,0,0,0.35,0.1276
LYTS,0.1356122422559355,83,0,0,0.2,0.0183
LYV,0.11124510140457033,79,0,0,0.3,0.0005
LZ,-0.05120459339862979,38,0,0,0.75,0.4544
LZB,0.07293372043529958,73,0,0,0.2,0.0582
LZM,-0.20570597804238358,14,1,6,0.85,0.4116
LZMH,-0.34494891288021023,5,1,56,1.0,
M,0.16449362147526256,85,0,0,0.0,0.0731
MA,-0.011598844232750594,53,0,0,0.5,0.1842
MAA,0.057633819738602036,70,0,0,0.25,0.0511
MAAS,0.3053839879021982,92,1,2,0.15,0.4137
MAC,0.16811274739454232,86,0,0,0.2,0.0196
MACI,-0.03344245858737127,44,0,0,0.55,0.1422
MACIU,-0.11756856659873915,25,1,14,0.7,0.4087
MAGH,-0.03973621192120811,41,1,1,0.5,0.1493
MAGN,0.087047287099449,76,1,1,0.05,0.2835
MAIA,0.11506143912023228,80,0,0,0.45,0.5316
MAIN,-0.03987453507225504,41,0,0,0.65,0.2324
MAKO,-0.08019065831049131,32,1,5,0.7,0.1989
MAMA,0.3965021020517905,94,0,0,0.25,0.0
MAMK,-0.03973621192120811,41,1,1,0.5,0.1493
MAMO,-0.0907655251844301,30,1,7,0.8,
MAN,0.1780812096279702,87,0,0,0.05,0.0875
MANH,-0.04542487508161802,39,1,1,0.55,0.2756
MANU,0.2147414381162732,88,0,0,0.1,0.0247
MAR,-0.00278158845428373,56,1,3,0.25,0.0702
MARA,0.19065951102701809,87,0,0,0.1,0.0551
MARPS,-0.13371085831811885,23,0,0,0.9,0.3264
MAS,0.12794939462938665,82,0,0,0.2,0.0419
MASK,-0.14635321976326274,21,1,12,0.6,
MASS,0.15052569436564592,84,0,0,0.0,0.0281
MAT,-0.1108755949215724,26,1,11,0.9,0.4282
MATH,-0.13425116376756355,23,1,4,0.55,0.6385
MATV,-0.19739129064009048,15,1,1,0.9,0.5167
MATW,-0.049639568278203657,38,0,0,0.75,0.122
MATX,0.07829159768170216,74,0,0,0.05,0.0384
MAX,0.3016512433403404,92,0,0,0.15,0.1242
MAYS,-0.07685378594172765,32,1,5,0.7,0.3279
MAZE,0.03568140698936569,66,0,0,0.65,0.4998
MB,-0.2969241600577956,7,1,15,0.85,0.4752
MBAI,-0.2668658641743358,9,1,24,1.0,
MBAV,-0.036581395954601505,42,0,0,0.35,0.1454
MBAVU,-0.06026940992698786,36,1,10,0.75,0.1861
MBBC,0.05333909336186184,70,0,0,0.2,0.055
MBC,0.07658885973586357,74,0,0,0.15,0.3237
MBI,0.08402358570365726,76,0,0,0.3,0.1938
MBIN,0.036765152668051186,66,0,0,0.15,0.0349
MBINL,-0.011945472313721651,53,0,0,0.4,0.101
MBINM,-0.031730940840889385,45,1,1,0.55,0.1204
MBINN,-0.03885125869850797,41,1,1,0.6,0.1215
MBIO,-0.015533549513054381,52,1,1,0.4,0.4378
MBLY,-0.11928616981476134,25,1,16,0.8,0.3723
MBNKO,-0.01723181543047747,51,0,0,0.4,0.1049
MBOT,-0.1316520198356898,23,0,0,0.9,0.4043
MBRX,0.32270594265739067,93,0,0,0.25,0.3162
MBUU,0.011730937222566948,60,0,0,0.45,0.2511
MBVI,-0.03626345180132802,42,1,1,0.5,0.1417
MBVIU,-0.035013095967172815,43,1,1,0.5,0.1423
MBWM,0.07137571503038659,73,0,0,0.2,0.039
MBX,0.7385040071281914,98,0,0,0.35,0.0
MC,-0.06152289039409848,35,1,4,0.35,0.233
MCB,0.0882275288183075,76,0,0,0.2,0.0482
MCBS,0.08862248731585534,76,0,0,0.2,0.0209
MCD,-0.10402305074035045,28,1,7,0.65,0.2697
MCFT,0.06581319455714002,72,0,0,0.65,0.0724
MCGA,-0.03657802507186294,42,1,1,0.5,0.1409
MCGAU,-0.04060731187451685,40,1,1,0.45,0.1456
MCHB,0.061790381717601116,71,0,0,0.2,0.0205
MCHP,0.031338414167483196,65,1,2,0.45,0.141
MCHPP,0.014190075811817734,61,1,2,0.45,0.1341
MCHX,-0.05166810260420294,38,0,0,0.9,0.143
MCI,-0.028500469603252157,47,0,0,0.3,0.2127
MCK,-0.10255747856581585,28,1,1,0.4,0.3136
MCN,-0.0814450204733683,31,1,12,0.9,0.1534
MCO,-0.026305041090697933,48,0,0,0.55,0.2168
MCRB,-0.02315368301966219,49,0,0,0.75,0.551
MCRI,0.13590688878110918,83,0,0,0.05,0.0214
MCRP,-0.3814422355059082,4,1,28,1.0,0.6595
MCS,0.24759364366347067,90,0,0,0.0,0.0621
MCTA,-0.03973621192120811,41,1,1,0.5,0.1493
MCY,0.09573245748845954,77,0,0,0.25,0.0187
MD,0.09500969177615767,77,0,0,0.2,0.0158
MDAI,-0.19102906859750737,16,1,22,1.0,0.3671
MDB,0.1595718449085654,85,0,0,0.35,0.2895
MDBH,-0.1268706645386843,24,0,0,0.9,0.227
MDCX,0.40679402556169186,95,0,0,0.25,
MDGL,-0.016116442355223005,52,0,0,0.55,0.1857
MDIA,0.04288974320486493,67,0,0,0.8,0.0851
MDLN,-0.04141605882916033,40,0,0,0.75,0.2691
MDLZ,-0.04119682495786926,40,1,1,0.5,0.114
MDRR,-0.05833862014582265,36,1,1,0.45,0.1938
MDT,-0.012896584565662887,53,0,0,0.35,0.2726
MDU,-0.034516893675975754,43,1,1,0.75,0.116
MDV,0.009404009750830535,59,1,3,0.5,0.076
MDWD,-0.04829200584061381,38,0,0,0.8,0.2793
MDXG,0.043210685698676664,68,0,0,0.4,0.4744
MDXH,-0.6828738050765886,1,1,71,1.0,0.9109
MEC,0.6171036093708144,97,0,0,0.0,0.0018
MED,-0.11645767110745114,26,1,12,0.9,0.1994
MEDP,0.18550373038503842,87,0,0,0.1,0.2072
MEGI,-0.0009655174544921999,56,0,0,0.55,0.0731
MEGL,-0.00032022760298372477,57,1,8,0.4,0.2075
MEI,1.2167747441154904,98,0,0,0.1,0.0029
MELI,-0.05116293812834587,38,0,0,0.8,0.3153
MENS,-0.01989572916171868,51,0,0,0.85,0.5192
MEOH,-0.23724333606671816,11,1,17,0.95,0.3593
MERC,-0.4271142265451963,3,1,9,0.95,0.7837
MESHU,-0.027457831255732916,47,0,0,0.35,0.1331
MESO,-0.12087312423168547,25,1,3,0.85,0.395
MET,0.07290107354896527,73,0,0,0.15,0.0336
META,-0.13066663588962604,23,1,22,1.0,0.2888
METC,-0.23516652960460813,11,1,15,0.75,0.5768
METCB,-0.22838214887333957,12,1,10,0.55,0.4315
MFA,-0.02069642162084588,50,0,0,0.7,0.1058
MFC,0.059755215177560196,71,0,0,0.2,0.0067
MFG,0.08434012621174067,76,1,1,0.1,0.1275
MFI,-0.0896859795470806,30,0,0,0.65,0.5532
MFIC,-0.10098682529940717,28,1,37,1.0,0.204
MFIN,0.08700242602237715,76,0,0,0.25,0.0809
MFM,0.01776355016720093,61,0,0,0.25,0.0741
MG,0.0184994519527533,62,1,1,0.15,0.0828
MGA,0.006747522673200133,59,1,1,0.3,0.1237
MGEE,0.005352782140581609,58,0,0,0.45,0.1196
MGF,-0.04219453265401837,40,1,1,0.55,0.1591
MGIH,-0.06475784659703936,35,1,1,0.5,0.2143
MGLD,0.019846238891559537,62,0,0,0.5,0.1815
MGM,0.18773314141975014,87,0,0,0.0,0.0062
MGN,-0.054544175603563796,37,1,1,0.8,
MGNI,0.3917652050911026,94,0,0,0.0,0.0
MGNX,0.35358696114059207,93,0,0,0.35,0.006
MGPI,-0.154993295496809,20,1,1,0.85,0.4081
MGRC,0.031695176886776914,65,0,0,0.3,0.0762
MGRX,-0.20782541861665887,14,1,1,0.9,
MGTX,0.33071483121866485,93,0,0,0.4,0.0
MGX,-0.17934657720317085,17,1,1,0.95,0.3829
MGY,-0.15178142224489283,21,1,12,0.95,0.3174
MGYR,0.00853277120746803,59,0,0,0.55,0.124
MH,-0.2737451373134591,9,1,11,0.75,0.4852
MHD,-0.010141117698779012,54,0,0,0.25,0.0901
MHF,0.008505684343128372,59,0,0,0.55,0.0885
MHH,0.22946345302322915,89,0,0,0.35,0.0287
MHK,0.09387461243561482,77,0,0,0.25,0.1939
MHO,0.19903515332722818,88,0,0,0.0,0.0262
MIAX,-0.22314141581009694,12,1,26,1.0,0.3475
MICC,0.13573148870874643,83,0,0,0.1,0.1791
MIDD,0.15653170702238148,85,0,0,0.0,0.0564
MIMI,-0.1338430996085829,23,1,2,0.85,
MIN,-0.022711408460234672,49,0,0,0.5,0.1293
MIND,-0.3421653852268271,5,1,23,1.0,0.5965
MIR,-0.05361025973719912,37,1,1,0.65,0.4001
MIRA,-0.13327718093005178,23,1,1,0.9,0.4241
MIRM,0.24844154200714033,90,0,0,0.4,0.0223
MIST,-0.1064857315558512,27,1,36,1.0,0.4379
MITK,0.2589928826592711,90,0,0,0.2,0.0009
MITQ,-0.11992969994747937,25,1,10,0.75,0.3336
MITT,0.0010556303913122553,57,0,0,0.3,0.1602
MIY,-0.010441345851440166,54,0,0,0.45,0.1171
MKC,0.019443531077461863,62,0,0,0.45,0.3296
MKDW,0.5796773013178989,97,0,0,0.05,
MKL,0.006883696562482992,59,0,0,0.35,0.1701
MKLY,-0.03791047628476484,41,1,1,0.5,0.1392
MKLYU,-0.030524983852792988,46,1,1,0.45,0.1325
MKSI,0.44316782600099713,95,0,0,0.05,0.0063
MKTW,-0.030062124250223702,46,0,0,0.65,0.2088
MKTX,-0.2779738508813627,8,1,57,1.0,0.4786
MKZR,-0.4372964520549578,3,1,13,0.95,0.6894
MLAB,-0.012574500785242557,53,1,1,0.45,0.0943
MLCI,-0.045185797743622844,39,0,0,0.85,0.608
MLCO,-0.07190674175511452,33,1,12,0.6,0.3494
MLEC,0.037252025010712654,66,0,0,0.55,
MLGO,-0.10608341661934559,27,1,8,0.65,0.356
MLI,-0.04915522794364354,38,1,1,0.35,0.1209
MLKN,0.2264250041378897,89,0,0,0.45,0.1512
MLM,-0.04544833925429742,39,1,1,0.4,0.2354
MLP,0.06709123292198421,72,0,0,0.1,0.1046
MLR,0.06782566367823906,72,0,0,0.1,0.0264
MLSS,-0.1117901316554496,26,1,12,0.65,0.3295
MLTX,0.08161772092954542,75,0,0,0.3,0.0974
MLYS,-0.07511205745199359,33,0,0,0.7,0.322
MMA,-0.0841907491273789,31,1,12,0.75,0.6063
MMD,0.0028169794775973547,58,0,0,0.25,0.0799
MMI,0.07871212631823354,74,0,0,0.3,0.0225
MMLP,-0.1275055512504544,24,1,9,0.6,0.3116
MMM,0.055304978452181026,70,0,0,0.2,0.141
MMS,-0.1871485101542549,16,1,10,0.8,0.4857
MMSI,0.029005173191394985,64,0,0,0.2,0.3038
MMT,-0.05170727131817368,38,1,1,0.5,0.1534
MMTX,-0.03351012843414461,44,1,1,0.5,0.1383
MMTXU,-0.042199228617744035,40,1,1,0.5,0.1535
MMU,0.0019437613639791962,57,0,0,0.35,0.0917
MMYT,0.17170641892390773,86,0,0,0.4,0.4004
MNDO,-0.02461946557863508,49,0,0,0.65,0.2418
MNDR,-0.36696554408216936,5,1,29,1.0,0.7157
MNDY,-0.015055812301094776,52,1,12,0.6,0.5456
MNKD,0.37052509153981306,94,0,0,0.05,0.368
MNOV,-0.0828084072870614,31,1,1,0.8,0.352
MNPR,0.5643631138368329,96,0,0,0.4,0.0
MNR,-0.10223074092901818,28,1,12,0.8,0.2321
MNRO,0.007730495338787842,59,0,0,0.6,0.328
MNSB,0.022241930550412854,62,0,0,0.3,0.0446
MNSBP,-0.027185486063722286,47,0,0,0.3,0.1353
MNSO,-0.1652688494035103,19,1,71,1.0,0.4406
MNST,0.1664428826459143,86,0,0,0.0,0.0033
MNTK,-0.013412122236338059,53,1,9,0.45,0.2492
MNTN,-0.052770920694535164,37,0,0,0.6,0.3347
MNTS,-0.047568819145575515,39,1,11,0.6,
MNY,-0.40696382944889453,4,1,14,0.9,0.4877
MO,0.04106801159896196,67,0,0,0.45,0.046
MOB,-0.2910846311708077,8,1,10,0.75,0.4959
MOBX,-0.2824051944401042,8,1,21,1.0,
MOD,-0.0022463117428113202,56,1,2,0.35,0.146
MODD,-0.018134143929541498,51,0,0,0.25,0.7064
MOGU,-0.3124901372964325,7,1,7,0.9,0.4709
MOH,0.3187906813772414,93,0,0,0.1,0.0171
MOLN,-0.07212625955521584,33,0,0,0.8,0.2881
MOMO,-0.05550654053899334,36,0,0,0.9,0.1952
MORN,-0.1532442376784357,20,1,12,0.65,0.3416
MOS,-0.09880813906225025,28,0,0,0.75,0.3537
MOV,0.28855139956262355,91,0,0,0.0,0.0202
MOVE,0.106351961681864,79,1,1,0.35,
MP,-0.15267940090298882,21,1,7,0.8,0.2721
MPA,-0.0228551094094245,49,0,0,0.45,0.1031
MPAA,0.32403141450381967,93,0,0,0.25,0.0377
MPB,0.004080760699052055,58,0,0,0.2,0.0851
MPC,0.018173437506889288,61,0,0,0.35,0.1184
MPLT,0.24545686398490865,90,0,0,0.4,0.0
MPLX,-0.02377116242113493,49,1,1,0.35,0.1584
MPT,-0.09953329160463978,28,1,12,0.9,0.2678
MPTI,0.28112456499462835,91,0,0,0.05,0.0
MPU,-0.4404028613389298,3,1,11,0.9,
MPV,-0.043852236954023315,39,0,0,0.5,0.184
MPWR,-0.12615069491823105,24,1,9,0.7,0.227
MQ,-0.003378411850398916,56,0,0,0.8,0.2011
MQY,-0.0027984113559381893,56,0,0,0.35,0.0812
MRAM,0.36146805311333463,94,1,6,0.8,0.4913
MRBK,0.055378339931631305,70,0,0,0.15,0.103
MRCY,0.21082773089479548,88,0,0,0.1,0.0852
MRDN,0.57795141072814,96,0,0,0.05,0.0075
MREO,0.00152026592907787,57,0,0,0.25,0.5709
MRK,0.0768728054252229,74,0,0,0.4,0.0703
MRKR,-0.0232263672976062,49,0,0,0.8,0.3866
MRLN,-0.523199215655301,2,1,15,0.95,0.7124
MRM,-0.18915055571999506,16,1,7,0.4,0.5342
MRNA,0.4177158693053111,95,0,0,0.3,0.0
MRNO,-0.35760661670693294,5,1,16,0.8,
MRP,0.02792013468057985,64,0,0,0.35,0.0977
MRSH,-0.026344874176447763,48,0,0,0.5,0.1871
MRT,-0.389507678751136,4,1,4,0.95,0.494
MRTN,0.08964699711195265,76,0,0,0.2,0.0434
MRVI,0.6341776770902241,97,0,0,0.0,0.0
MRVL,0.7678249257130785,98,0,0,0.0,0.1055
MRX,0.14033002759780294,83,1,1,0.2,0.1227
MS,0.08395255032141846,75,1,1,0.05,0.0727
MSA,-0.015860337447645326,52,0,0,0.75,0.2207
MSAI,-0.17840462212039443,17,1,6,0.8,0.6984
MSB,-0.17235349864164845,18,1,31,1.0,0.4538
MSBI,0.17397258741042074,86,0,0,0.05,0.0197
MSBIP,-0.025186082567674385,48,1,1,0.35,0.1272
MSC,-0.3222480502865516,6,1,12,0.95,0.5616
MSCI,-0.09796295432994317,29,1,12,0.6,0.1599
MSD,-0.022457615043747194,50,0,0,0.65,0.1286
MSDL,0.011352359159048156,60,0,0,0.55,0.1143
MSEX,0.03173366125034748,65,0,0,0.45,0.09
MSFT,-0.14293379707915033,22,1,18,0.9,0.2996
MSGE,0.20641197940854628,88,0,0,0.0,0.0082
MSGM,-0.1022070136745517,28,1,10,0.9,0.2529
MSGS,0.1269318673602693,81,0,0,0.25,0.0
MSGY,-0.009535153051715553,54,1,4,0.35,
MSI,-0.06254217021753286,35,0,0,0.65,0.2203
MSIF,-0.08016946896768704,32,1,1,0.95,0.2053
MSLE,0.08739558388464991,76,0,0,0.85,0.4412
MSM,0.09273122212797597,77,0,0,0.0,0.0315
MSN,-0.16640527779458766,18,1,22,1.0,0.2573
MSS,-0.47481774292353174,2,1,11,0.8,0.8217
MSTR,-0.41928083105195557,3,1,29,1.0,0.5293
MSW,-0.08761110774147626,30,1,8,0.95,0.3418
MT,-0.059402915013310416,36,1,8,0.45,0.18
MTA,0.03564971306731495,66,0,0,0.4,0.2338
MTB,0.09419795307831577,77,0,0,0.1,0.0569
MTC,-0.6406036822865272,1,1,20,1.0,0.7317
MTCH,0.06884252316146672,73,0,0,0.65,0.0285
MTD,0.0047038991744634065,58,0,0,0.45,0.2184
MTDR,-0.17859235946381485,17,1,27,1.0,0.3467
MTEK,-0.19132226073027617,15,1,11,0.85,0.5383
MTEN,0.35692637838085245,93,1,5,0.5,
MTEX,-0.10033619718194295,28,1,4,0.4,0.4738
MTG,0.028272338971898063,64,0,0,0.45,0.1104
MTH,0.2568551978846336,90,0,0,0.0,0.0291
MTLS,0.21634922124781567,89,0,0,0.0,0.0037
MTN,0.014922830288144166,61,0,0,0.1,0.129
MTNB,-0.05117786929606913,38,1,10,0.5,0.2225
MTR,-0.2963442332607721,7,1,62,1.0,0.4737
MTRN,0.5117730842252965,96,0,0,0.0,0.0076
MTRX,0.036993513522851844,66,0,0,0.0,0.1138
MTSI,0.18798796182216967,87,1,1,0.2,0.0811
MTUS,-0.0327228303812007,45,1,1,0.2,0.1862
MTVA,-0.27922540454766426,8,1,15,0.75,
MTW,0.10793378142140692,79,0,0,0.4,0.1322
MTX,-0.002658052560398118,56,1,1,0.4,0.0646
MTZ,0.13470825811363832,82,0,0,0.6,0.0445
MU,0.9031360885595359,98,0,0,0.0,0.0648
MUA,-6.368208488858468e-05,57,0,0,0.4,0.0897
MUC,-0.005846593327653249,55,0,0,0.35,0.0879
MUFG,0.07751821473418208,74,1,1,0.15,0.0732
MUJ,-0.007974015680807356,55,0,0,0.35,0.0988
MUR,-0.1527412443675881,21,1,10,0.6,0.3071
MUSA,0.0038450746319548673,58,1,7,0.6,0.1464
MUX,-0.19224783505729776,15,1,30,1.0,0.4235
MVBF,0.0787442497688581,74,0,0,0.05,0.072
MVIS,-0.5597311305711417,2,1,23,1.0,0.7143
MVO,-0.265802298093104,9,0,0,0.95,0.5051
MVST,-0.3529215830750942,5,1,33,1.0,0.7029
MWA,-0.05239453471055514,37,0,0,0.45,0.2051
MWG,-0.16918099944694664,18,1,7,0.65,0.5716
MWYN,0.48189761138288567,96,0,0,0.0,0.1888
MX,-0.0929792195345768,29,1,14,0.7,0.4748
MXC,-0.24227721372675995,11,1,12,0.95,0.5607
MXCT,0.27692476946762334,91,0,0,0.0,0.2677
MXE,-0.054962846809174605,37,1,5,0.8,0.1482
MXF,-0.016750826322792924,52,0,0,0.55,0.105
MXL,1.4168266165042047,99,0,0,0.4,
MYE,0.36296067882685495,94,0,0,0.05,0.0554
MYFW,0.12009353222165889,80,0,0,0.2,0.0076
MYGN,0.28935952989203295,92,0,0,0.15,0.1832
MYI,0.0010474561943834906,57,0,0,0.35,0.0761
MYN,-0.010236876319222078,54,0,0,0.3,0.09
MYND,0.16838880465047926,86,1,1,0.2,
MYO,0.1935489122244126,87,1,5,0.25,0.2962
MYPS,0.020387064182638782,62,1,7,0.45,0.316
MYRG,0.3041752538847704,92,0,0,0.35,0.0
MYSE,0.21886683846901558,89,0,0,0.4,
MYSZ,-0.21075800732284414,13,1,19,0.95,0.6095
MZTI,-0.08352811582762672,31,0,0,0.75,0.3702
NA,-0.23759843197866146,11,1,19,0.95,0.545
NAAS,0.05760839683372312,70,1,1,0.15,0.2021
NABL,-0.13485972807232877,23,0,0,0.8,0.5487
NAC,-0.008113998415878836,54,0,0,0.4,0.0851
NAD,0.0035928982242979107,58,0,0,0.3,0.0907
NAGE,-0.2483604013759525,10,1,38,1.0,0.5466
NAII,-0.1482212016395234,21,1,6,0.95,0.5499
NAK,0.030892323942816734,65,1,7,0.65,0.2561
NAKA,-0.402461042694026,4,1,49,1.0,0.8092
NAMI,-0.6733964060328707,1,1,62,1.0,0.8709
NAMM,0.05702879772797489,70,0,0,0.4,
NAMS,0.018129396103898965,61,0,0,0.75,0.1486
NAN,2.6770589141085488e-05,57,0,0,0.3,0.075
NAT,0.093313211343203,77,0,0,0.35,0.1347
NATH,-0.03430317524627693,44,1,1,0.45,0.1446
NATL,-0.07685079417122938,32,1,12,0.9,0.1852
NATR,-0.12693608241963322,24,0,0,0.8,0.2854
NAUT,-0.3852959671495898,4,1,19,0.95,0.6016
NAVI,-0.014934023219962414,52,0,0,0.65,0.375
NAVN,0.3721957515419046,94,0,0,0.15,0.0
NAZ,-0.04449186709147588,39,1,10,0.6,0.1216
NB,-0.21192606330439448,13,1,16,0.85,0.4509
NBB,-0.021394561235259735,50,0,0,0.45,0.1098
NBBK,0.018556266204129104,62,0,0,0.3,0.1404
NBH,0.009535246558217449,59,0,0,0.4,0.0735
NBHC,0.03947272295869075,67,0,0,0.3,0.0349
NBIS,0.6333625589089802,97,0,0,0.1,0.082
NBIX,0.16680371080935996,86,0,0,0.2,0.0076
NBN,0.05018305615032561,69,0,0,0.3,0.022
NBP,-0.10588337147233129,27,0,0,0.9,0.5817
NBR,-0.1353968743376212,23,1,10,0.75,0.2472
NBTB,0.06657215477857206,72,0,0,0.15,0.0245
NBTX,-0.028938666537743716,47,1,27,1.0,0.3424
NBXG,0.0661670237115814,72,0,0,0.1,0.0517
NC,-0.04264518789204952,40,1,1,0.4,0.2106
NCA,-0.02895027370297295,47,0,0,0.7,0.1347
NCDL,-0.05643463444074111,36,0,0,0.85,0.1506
NCEL,0.14433045148364884,83,0,0,0.55,0.2833
NCEW,0.0501554568967914,69,1,2,0.1,0.1741
NCI,0.033054147779564745,65,0,0,0.0,
NCL,-0.025171089057082163,48,1,4,0.4,0.5139
NCLH,0.1665731211211676,86,0,0,0.0,0.1893
NCMI,0.15155884258279625,84,0,0,0.1,0.1131
NCNA,-0.24553917022188618,10,1,19,0.95,0.6058
NCNO,-0.04334652726149792,40,0,0,0.85,0.4404
NCPL,-0.11223118837466009,26,1,12,0.6,
NCRA,-0.5673829461005374,2,1,21,1.0,0.9012
NCSM,-0.2434164845008164,11,1,8,0.45,0.5072
NCT,-0.024996932954076005,49,0,0,0.4,
NCTY,-0.10170448901102111,28,0,0,0.7,0.3728
NCV,0.03860578854202117,66,0,0,0.25,0.0
NCZ,0.03076495765522181,65,0,0,0.2,0.007
NDAQ,-0.1732600270497215,18,1,9,0.9,0.2886
NDLS,0.3471049909738422,93,0,0,0.0,
NDMO,-0.011773406356840835,53,0,0,0.3,0.0933
NDRA,-0.02979883757412768,46,0,0,0.65,0.2532
NDSN,0.04161346119509388,67,0,0,0.2,0.0672
NE,-0.2500741024239242,10,1,26,1.0,0.3397
NEA,-0.0013246153847472839,56,0,0,0.3,0.0899
NECB,0.09950440028742191,78,0,0,0.2,0.0176
NEE,-0.05489217499586683,37,0,0,0.75,0.1747
NEGG,-0.3642447048014742,5,1,46,1.0,0.7215
NEM,-0.15896376796864298,20,1,7,0.9,0.3284
NEN,-0.09026055569351546,30,1,1,0.55,0.2068
NEO,0.5298093576531688,96,0,0,0.0,0.0107
NEOG,-0.04900224592923674,38,1,1,0.4,0.2567
NEON,-0.5208073278924165,2,1,16,0.9,0.6056
NEOV,-0.07517206636622005,33,0,0,0.8,0.6253
NEPH,0.015292381611023635,61,0,0,0.6,0.3855
NERV,-0.06805777410688393,34,0,0,0.95,0.404
NESR,0.15360397497425776,85,0,0,0.5,0.0075
NET,0.08543517158135563,76,0,0,0.55,0.0859
NEU,0.0658170805674256,72,0,0,0.15,0.0624
NEUP,-0.1568417847184788,20,1,1,0.9,0.2054
NEWP,-0.18438106998143647,16,1,8,0.9,0.3428
NEWT,0.16387595953373002,85,0,0,0.2,0.0051
NEWTP,-0.001204385234814788,56,0,0,0.35,0.0984
NEXA,-0.12708872049194417,24,1,7,0.7,0.2793
NEXM,-0.15664573495643574,20,1,28,1.0,0.5331
NEXN,0.1487160336867231,84,0,0,0.0,0.0
NEXR,-0.524357286086373,2,1,2,0.9,
NEXT,-0.10315716605723788,28,1,10,0.7,0.2528
NFBK,0.007486059095761298,59,0,0,0.35,0.0641
NFE,-0.4848863675050004,2,1,31,1.0,0.8192
NFG,-0.10670647711030867,27,0,0,0.9,0.2923
NFGC,-0.2551035540401683,10,1,31,1.0,0.596
NFJ,0.0554527977493686,70,0,0,0.05,0.0123
NFLX,-0.21475149085160392,13,1,50,1.0,0.3546
NG,-0.3113782923370318,7,1,7,0.85,0.61
NGEN,-0.30993212437392986,7,1,55,1.0,0.6961
NGG,-0.028476766459095894,47,0,0,0.75,0.1592
NGL,0.02234772261725307,62,1,1,0.8,0.1133
NGNE,0.2172078581970002,89,0,0,0.25,0.0137
NGS,0.018624232320112385,62,0,0,0.4,0.0798
NGVC,0.07939508719433422,75,0,0,0.25,0.0477
NGVT,0.006530224439048306,59,0,0,0.3,0.1155
NHC,0.1301096447818701,82,0,0,0.2,0.0172
NHI,-0.02982431763135967,46,0,0,0.7,0.2097
NHPAP,0.049148591600919715,69,0,0,0.2,0.0222
NHPBP,0.061208550917103914,71,0,0,0.0,0.0176
NHS,-0.04621407192903891,39,1,1,0.8,0.2231
NHTC,-0.4353162385337498,3,1,33,1.0,0.5847
NI,-0.014484938187910613,52,0,0,0.3,0.1136
NIC,0.09785648399018707,78,0,0,0.25,0.0613
NICE,-0.0940186762704251,29,0,0,0.85,0.3502
NIE,0.02061855253267402,62,0,0,0.3,0.0035
NIM,-0.025136415187912566,48,0,0,0.5,0.1425
NIO,-0.1738590735538705,18,1,18,0.95,0.3195
NIPG,-0.5125700965360073,2,1,11,0.9,0.7839
NIU,-0.2927842194163782,8,1,38,1.0,0.571
NIVF,-0.6503390713029567,1,1,50,1.0,
NIXX,1.1570106173850208,98,0,0,0.0,0.0
NJR,-0.006054508790440609,55,0,0,0.6,0.1188
NKE,-0.1562266502169846,20,1,6,0.6,0.41
NKLR,-0.22586355682405032,12,1,18,0.9,0.4207
NKSH,-0.0010157055627530581,56,0,0,0.4,0.1128
NKTR,-0.1122736624209704,26,0,0,0.75,
NKTX,-0.02255475903537027,49,0,0,0.6,0.221
NKX,-0.020754374533954068,50,0,0,0.5,0.113
NL,-0.06977112484322008,33,0,0,0.95,0.2476
NLOP,-0.12080185046869465,25,1,12,0.95,0.1889
NLY,0.030855659865532827,65,0,0,0.3,0.0891
NMAI,0.013776192343117888,60,0,0,0.5,0.0347
NMAX,0.058969766086978785,71,0,0,0.5,0.1939
NMCO,-0.011855607732719521,53,0,0,0.4,0.0933
NMFC,-0.11424186748721571,26,1,12,0.95,0.2355
NMG,-0.29294200778512935,8,1,40,1.0,0.5471
NMI,0.03005436496854446,64,0,0,0.1,0.0705
NMIH,0.05012208325200843,69,0,0,0.45,0.0912
NML,-0.04575693215354572,39,0,0,0.65,0.1805
NMM,-0.037501552188473355,42,1,4,0.6,0.131
NMP,-0.030496184530766017,46,1,1,0.5,0.1376
NMPAU,-0.03577154068423586,43,1,1,0.5,0.1327
NMR,0.07393337660099825,74,0,0,0.05,0.1587
NMRA,-0.20531656522449324,14,0,0,0.9,
NMRK,-0.010398037030522913,54,0,0,0.45,0.2043
NMS,-0.03792870536552171,41,1,1,0.65,0.1373
NMT,-0.02462330062891337,49,1,4,0.5,0.0983
NMTC,-0.2281838392796808,12,1,46,1.0,0.473
NMZ,0.0016542335576403416,57,0,0,0.25,0.0948
NN,-0.12520479175252466,24,1,10,0.65,0.2668
NNBR,0.4549553562886215,95,0,0,0.25,0.0
NNDM,-0.2047743984067231,14,1,18,0.95,0.3792
NNE,-0.18774704966742078,16,1,5,0.75,0.4536
NNI,-0.039907750646738585,41,0,0,0.55,0.1238
NNN,0.04368876810953281,68,0,0,0.3,0.0521
NNNN,-0.5835525070667337,1,1,18,0.95,0.693
NNOX,-0.41989379643734936,3,1,15,0.85,0.6608
NNVC,-0.03068833814876524,46,1,19,0.95,0.2518
NNY,-0.003783850035314097,56,0,0,0.25,0.0931
NOA,-0.07452673313364386,33,1,1,0.9,0.2655
NOAH,-0.07441267818599304,33,1,4,0.85,0.2477
NOC,-0.18893779385424386,16,1,11,0.9,0.4053
NODK,0.14007373032958984,83,0,0,0.05,0.0451
NOEM,-0.03800263755382551,41,1,1,0.5,0.1444
NOEMU,-0.05084048252660558,38,1,1,0.75,0.1425
NOG,-0.30329940503389363,7,1,41,1.0,0.4886
NOK,0.05913373152052983,71,1,5,0.65,0.2094
NOMA,-0.08165963734058967,31,0,0,0.65,0.3915
NOMD,0.09888542697699187,78,0,0,0.3,0.1933
NOV,-0.11892970151302987,25,1,10,0.65,0.2017
NOVT,0.10105628656769378,78,0,0,0.35,0.0449
NOVTU,0.05979703139261169,71,1,1,0.4,0.0455
NOW,-0.047463949681296275,39,1,14,0.7,0.4026
NP,0.11437497863667248,80,0,0,0.35,0.0583
NPAC,-0.033812259698244994,44,1,1,0.5,0.1385
NPACU,-0.0357735642065987,43,1,1,0.5,0.1452
NPB,0.06695655624139132,72,0,0,0.3,0.0636
NPCE,-0.022845308646424548,49,0,0,0.75,0.1561
NPCT,-0.03328664908652109,44,0,0,0.7,0.1139
NPFD,-0.03385404184910431,44,0,0,0.7,0.1195
NPK,-0.13538846129475418,23,1,26,1.0,0.2319
NPKI,0.00614896077120166,58,0,0,0.6,0.0729
NPO,0.24350757409645254,90,0,0,0.05,0.0347
NPT,0.28034545988274123,91,1,1,0.35,
NPV,-0.021077210892971057,50,0,0,0.4,0.1095
NPWR,-0.13436317784842922,23,1,2,0.8,0.4485
NRC,0.15811753581187776,85,0,0,0.35,0.0991
NRDS,-0.04985297032856314,38,0,0,0.75,0.3792
NRDY,0.03821958692563967,66,0,0,0.4,0.2681
NREF,0.059377989598565044,71,0,0,0.35,0.0034
NRG,-0.005206157627573059,55,0,0,0.6,0.2501
NRGV,-0.024029324884538565,49,1,15,0.75,0.313
NRIM,0.10719216454856176,79,0,0,0.2,0.1268
NRIX,0.3772182089561409,94,0,0,0.35,0.0
NRK,-0.0074611903823986955,55,0,0,0.3,0.0746
NRO,0.013790554458930467,60,0,0,0.45,0.0629
NRP,-0.15036474819577048,21,1,12,0.95,0.3129
NRSN,-0.16940309817640967,18,1,1,0.8,0.3934
NRT,-0.1978309613375833,15,1,15,0.9,0.3496
NRXP,0.182790681274311,87,0,0,0.2,0.116
NRXS,-0.06159603185220978,35,0,0,0.8,0.201
NSA,0.06564343615062879,72,0,0,0.2,0.0179
NSC,0.00029790328170473807,57,0,0,0.55,0.0845
NSIT,0.39678710465128164,94,0,0,0.0,0.0086
NSP,0.2938117673129076,92,0,0,0.05,0.1279
NSPR,-0.39747645731424724,4,1,64,1.0,0.6747
NSRX,0.16721357851102733,86,0,0,0.2,0.6548
NSSC,-0.08901537216145348,30,0,0,0.5,0.2597
NSTS,0.026410740584244148,63,0,0,0.2,0.0259
NSYS,0.08617264240221534,76,0,0,0.05,0.0714
NTAP,0.23890575811619,90,1,2,0.1,0.1306
NTB,0.03799675942268995,66,0,0,0.1,0.0296
NTCL,-0.7959103085748984,0,1,12,0.6,
NTCT,0.1261808233405353,81,0,0,0.25,0.0016
NTES,0.07063440693454542,73,0,0,0.35,0.1845
NTGR,-0.10359144290892985,28,1,17,0.85,0.2022
NTHI,-0.14709115678850057,21,1,4,0.75,0.6172
NTIC,0.05171987763937486,69,0,0,0.35,0.1733
NTIP,-0.009349253691214622,54,0,0,0.5,0.1353
NTLA,0.2134074224850053,88,0,0,0.35,0.0404
NTNX,0.12573177753067688,81,0,0,0.5,0.1125
NTR,-0.1858898383764728,16,1,37,1.0,0.3436
NTRA,0.302975475403814,92,0,0,0.05,0.0091
NTRB,-0.1769687112874439,17,1,37,1.0,0.397
NTRP,-0.1626221502389978,19,1,15,0.95,0.5164
NTRS,0.0583661794927642,70,0,0,0.05,0.0303
NTRSO,-0.050377177324150736,38,0,0,0.65,0.1484
NTSK,0.002401305504927273,57,0,0,0.7,0.4602
NTST,0.04114703984968179,67,0,0,0.45,0.0563
NTWK,0.14297501520919098,83,0,0,0.15,0.0126
NTWO,-0.03556104019186151,43,1,1,0.5,0.1388
NTWOU,-0.03596618711938324,43,1,1,0.5,0.1461
NTZ,-0.30638971512694707,7,1,56,1.0,0.4725
NU,-0.07192767444690042,33,0,0,0.6,0.3479
NUAI,0.3980371214522621,95,0,0,0.15,0.2954
NUE,0.004117326410211251,58,1,2,0.3,0.1431
NUS,-0.23012907641542307,12,1,58,1.0,0.5687
NUTR,-0.03973621192120811,41,1,1,0.5,0.1493
NUTX,0.39620950904872915,94,0,0,0.05,0.1613
NUV,-0.014349151934789986,52,0,0,0.4,0.1012
NUVB,0.18386908498903823,87,0,0,0.1,0.4269
NUVL,0.14445757603152826,84,0,0,0.3,0.0223
NUW,-0.011628430101570265,53,0,0,0.35,0.1118
NUWE,-0.9444287237997446,0,1,52,1.0,
NVA,-0.3359870148563749,6,1,8,0.4,0.6324
NVAX,-0.01016394651327416,54,0,0,0.7,0.226
NVCR,0.07435196883647754,74,1,7,0.5,0.1599
NVCT,2.107925257649186,99,0,0,0.35,0.0
NVDA,-0.07645012213142946,32,1,18,0.9,0.1661
NVEC,0.13183021583676777,82,1,5,0.3,0.158
NVG,-0.0009765107370765871,56,0,0,0.3,0.0996
NVGS,-0.1308245758754391,23,1,4,0.75,0.2155
NVMI,0.02355921091643142,63,1,2,0.3,0.127
NVNI,-0.23030112805142763,12,1,19,0.95,0.7049
NVNO,-0.05728104825906831,36,0,0,0.75,0.2186
NVO,0.12169846718720986,81,0,0,0.5,0.2716
NVR,0.04298359944547204,67,0,0,0.2,0.2295
NVRI,0.09133881255338758,77,0,0,0.15,0.0294
NVS,0.018334935699242196,61,0,0,0.45,0.1132
NVST,0.05670554683657827,70,0,0,0.3,0.1706
NVT,0.0896824543467232,76,1,2,0.25,0.1098
NVTS,0.05186923607063506,69,1,5,0.6,0.4362
NVVE,-0.22877611908897186,12,1,9,0.9,
NVX,-0.4169103425503027,3,1,8,0.8,0.7394
NWBI,0.06585045341541898,72,0,0,0.15,0.0208
NWE,0.004647152156648952,58,0,0,0.55,0.0678
NWFL,0.03934869458213051,67,0,0,0.35,0.0678
NWG,0.08965354185606503,76,0,0,0.15,0.1166
NWGL,-0.7077352062127701,1,1,42,1.0,0.8272
NWL,0.6520119166510737,97,0,0,0.15,0.0
NWN,-0.05673335640269449,36,0,0,0.55,0.1997
NWPX,0.4873935631481462,96,0,0,0.0,0.0072
NWS,-0.07925549296904721,32,1,12,0.75,0.1472
NWSA,-0.06539712309745412,34,1,12,0.75,0.1329
NWTG,-0.21719122448213715,13,1,3,0.75,0.4983
NX,-0.07452264051992055,33,0,0,0.8,0.2464
NXB,-0.033842815882083585,44,0,0,0.9,0.3947
NXDR,0.2484034833142534,90,0,0,0.0,0.0486
NXDT,-0.0022353832865461346,56,0,0,0.45,0.0488
NXE,-0.19291279049116392,15,1,18,0.95,0.3495
NXG,0.04282484255584735,67,0,0,0.25,0.043
NXGL,-0.18886233859124635,16,1,5,0.8,0.7355
NXL,-0.2795021888569643,8,1,11,0.65,0.582
NXP,-0.01698079476161152,52,0,0,0.45,0.1275
NXPI,0.038283173608797356,66,1,5,0.55,0.1517
NXPL,-0.018317867030528845,51,0,0,0.5,0.1745
NXRT,-0.018559538227309692,51,0,0,0.65,0.1357
NXST,-0.16568497421052747,19,1,46,1.0,0.3785
NXT,-0.1671172919395934,18,1,5,0.75,0.2795
NXTC,-0.8112956730361711,0,1,25,1.0,0.8873
NXTS,-0.072511913029318,33,1,3,0.35,
NXTT,-0.3096913940329581,7,1,7,0.4,
NXXT,-0.3936563731406892,4,1,14,0.75,
NYAX,-0.08802966237054613,30,1,2,0.8,0.1447
NYC,0.05614693778143608,70,0,0,0.75,0.2337
NYT,-0.12749007279302862,24,1,15,0.95,0.2761
NYXH,-0.48234338128437637,2,1,33,1.0,0.7062
NZF,-0.005066378962127742,55,0,0,0.3,0.0849
O,-0.01585799325571611,52,0,0,0.55,0.1289
OABI,0.32380186651527965,93,0,0,0.25,0.0403
OACC,-0.03596969291515204,42,1,1,0.5,0.1397
OACCU,-0.049224369791551516,38,1,1,0.5,0.1453
OBA,-0.034327159786973316,44,1,1,0.5,0.1401
OBAWU,-0.0408036568090707,40,1,1,0.4,0.2054
OBDC,-0.03033023078033108,46,0,0,0.8,0.1598
OBE,-0.30839483530825773,7,1,28,1.0,0.4499
OBIO,0.14538674286460693,84,0,0,0.55,0.1197
OBK,0.08603918267787761,76,0,0,0.15,0.0255
OBT,0.0516610509381852,69,0,0,0.2,0.0249
OC,0.26440277018640584,91,0,0,0.3,0.0
OCC,0.7518086251553072,98,0,0,0.1,
OCCI,-0.1861596564415887,16,1,26,1.0,0.4695
OCCIM,-0.02151132083607534,50,0,0,0.35,0.1253
OCCIN,-0.030198655424408694,46,1,1,0.45,0.1312
OCFC,0.008871362840425619,59,0,0,0.6,0.0891
OCG,-0.09712871929332736,29,1,10,0.75,
OCGN,0.032879216291471634,65,0,0,0.75,0.4013
OCS,-0.5659908174036815,2,1,25,1.0,0.6018
OCSL,-0.00027225078475765635,57,0,0,0.65,0.1012
OCUL,0.08216856129604874,75,0,0,0.35,0.2535
ODC,0.3307317793080236,93,0,0,0.15,0.0137
ODD,6.718632893720766e-05,57,0,0,0.6,0.6762
ODFL,-0.010604968742862333,54,1,9,0.45,0.1237
ODV,-0.18979454605856516,16,1,8,0.95,0.5316
ODYS,-0.20751804058909265,14,0,0,0.9,0.4933
OEC,-0.09568616700058727,29,1,7,0.6,0.1981
OESX,0.21739010812227735,89,0,0,0.3,0.4058
OFAL,-0.49124024012007006,2,1,32,1.0,0.7796
OFG,0.06609123451904722,72,0,0,0.2,0.0115
OFIX,-0.1175490885635393,25,1,1,0.95,0.4469
OFLX,-0.03441436836865138,44,0,0,0.3,0.2106
OFS,-0.03672368335122719,42,1,6,0.65,0.342
OGC,-0.19649695116724797,15,1,8,0.95,0.4547
OGCP,0.10051839334782384,78,0,0,0.3,0.1767
OGE,-0.00115501546942514,56,0,0,0.45,0.118
OGEN,-0.035264160367235925,43,1,1,0.6,0.4527
OGI,-0.21807117068415674,13,1,1,0.95,0.4593
OGN,0.23812980660108032,90,0,0,0.0,0.0256
OGS,-0.08539635500599252,31,1,1,0.8,0.2168
OHI,-0.0004382011315593043,57,0,0,0.7,0.0984
OI,-0.04531251133335778,39,0,0,0.4,0.4691
OIA,-0.01399892922219699,52,0,0,0.55,0.1173
OII,0.009807057457235556,59,0,0,0.55,0.0713
OIO,-0.050764048405221036,38,1,3,0.6,
OIS,-0.21902045177044357,13,1,41,1.0,0.487
OKE,-0.03876895644703651,41,0,0,0.5,0.1843
OKLO,-0.2131416505219404,13,1,18,0.95,0.5332
OKTA,0.529003999484585,96,0,0,0.0,0.0409
OKUR,-0.009435082612142983,54,0,0,0.05,0.1742
OKYO,-0.10799138781272902,27,1,4,0.85,0.5448
OLB,-0.2689391549256373,9,1,13,0.95,
OLED,-0.10527584608080473,27,1,5,0.85,0.3874
OLLI,-0.19490435008256335,15,1,9,0.85,0.4352
OLMA,-0.13233001029522884,23,0,0,0.8,0.6116
OLN,-0.27095824886673264,9,1,37,1.0,0.3831
OLOX,-0.15167880150343924,21,1,12,0.6,
OLP,0.047832514810147685,68,0,0,0.25,0.0263
OLPX,-0.033810255448609695,44,1,1,0.4,
OM,-0.06364765694679991,35,1,1,0.3,0.2883
OMAB,0.0577475909109006,70,0,0,0.45,0.2007
OMC,-0.04146990605734886,40,1,3,0.5,0.198
OMCL,-0.06258679795389446,35,0,0,0.85,0.2625
OMDA,0.3794518098257322,94,0,0,0.1,0.0
OMER,-0.19207582015565325,15,1,2,0.85,0.472
OMEX,-0.13165617960567513,23,1,18,0.9,0.6609
OMF,0.10857449431772603,79,0,0,0.25,0.1577
OMH,-0.43863230173407075,3,1,22,1.0,0.7245
OMSE,-0.2033477117753729,14,1,27,1.0,0.3406
ON,-0.09356261683382028,29,1,2,0.35,0.3286
ONB,0.06801772710821596,73,0,0,0.2,0.0705
ONBPO,-0.03682059796733829,42,1,1,0.5,0.1349
ONBPP,-0.02417971680820719,49,0,0,0.4,0.1299
ONC,-0.04405364806740229,39,0,0,0.75,0.2833
ONCH,-0.03483060347820197,43,1,1,0.5,0.1402
ONCHU,-0.0335299445773104,44,0,0,0.45,0.139
ONCO,-0.5849432135206523,1,1,64,1.0,
ONCY,0.019473507755988613,62,0,0,0.5,0.3009
ONDS,-0.3252417756836731,6,1,16,0.8,0.4701
ONEG,-0.21165849290575098,13,1,3,0.7,
ONEW,0.05750732924565311,70,0,0,0.4,0.2687
ONFO,-0.6713912107688738,1,1,37,1.0,
ONIT,-0.01983967204975042,51,0,0,0.5,0.313
ONL,0.11387352845235438,80,0,0,0.7,0.0234
ONMD,-0.23486881070935536,11,0,0,0.9,0.4655
ONON,-0.07557686480199388,32,1,1,0.65,0.3525
ONT,0.09844771258455967,78,0,0,0.35,0.3568
ONTO,0.356774231059782,93,0,0,0.15,0.0
OOMA,0.14253945340475674,83,0,0,0.7,0.0154
OPAD,5.171556455105677,99,0,0,0.05,
OPAL,0.007063739316074395,59,0,0,0.65,0.2401
OPBK,0.025845689811790452,63,0,0,0.35,0.062
OPCH,-0.15907753295344654,20,1,1,0.55,0.4611
OPEN,-0.14259585500087923,22,0,0,0.8,0.4121
OPFI,0.08819989622489002,76,0,0,0.65,0.1978
OPHC,0.028359991084332452,64,0,0,0.2,0.0593
OPK,0.13225883749597034,82,0,0,0.0,0.0291
OPLN,0.21597651077063665,88,0,0,0.05,0.0474
OPP,-0.016011385872569606,52,0,0,0.7,0.1
OPRA,0.12772807810046957,81,0,0,0.2,0.0
OPRT,0.04272988457505179,67,0,0,0.6,0.124
OPRX,-0.08830658773777814,30,0,0,0.9,0.6396
OPTT,-0.29851739111331005,7,1,16,0.8,0.6399
OPTU,0.7186049301124632,97,0,0,0.0,
OPTX,0.11917305992554489,80,1,5,0.3,0.2554
OPXS,0.15622274814884435,85,0,0,0.0,0.2149
OPY,0.05136922211151259,69,0,0,0.15,0.137
OR,-0.15683090412940984,20,1,7,0.85,0.3817
ORA,-0.1476801981721515,21,1,9,0.45,0.2271
ORBS,-0.2839797520960336,8,1,6,0.6,0.672
ORC,-0.01659921832494964,52,0,0,0.75,0.161
ORCL,-0.197606877670925,15,1,13,0.65,0.392
ORGN,-0.5668053986853069,2,1,39,1.0,0.8847
ORGO,-0.06405039662904961,35,1,1,0.7,0.5723
ORI,0.039222341057195236,67,0,0,0.3,0.1148
ORIC,0.04525879576081445,68,0,0,0.55,0.3314
ORIO,-0.12786609971641766,24,1,47,1.0,0.4079
ORIQ,-0.0335818121497006,44,1,1,0.5,0.1393
ORIQU,-0.029956048877949316,46,0,0,0.35,0.1368
ORKA,0.5487488330510104,96,0,0,0.15,0.0
ORKT,-0.05264339057406923,37,1,4,0.2,
ORLA,-0.30124690545390975,7,1,52,1.0,0.5863
ORLY,-0.039033380196422184,41,0,0,0.65,0.1697
ORMP,0.1718942873383476,86,0,0,0.7,0.0804
ORN,0.31777594167461864,93,0,0,0.4,0.0
ORRF,0.07296538612604009,73,0,0,0.15,0.0426
OSBC,0.07724102170789018,74,0,0,0.2,0.0234
OSCR,0.6381608980366757,97,0,0,0.1,0.0274
OSG,0.23652289482696728,89,0,0,0.2,0.2517
OSIS,-0.17837144666927454,17,1,1,0.75,0.3494
OSK,0.08212951432356494,75,0,0,0.35,0.2011
OSPN,0.13672935884176093,83,0,0,0.3,0.0598
OSRH,-0.4233231601325104,3,1,31,1.0,
OSS,0.3923190314986266,94,1,4,0.3,
OST,-0.03973621192120811,41,1,1,0.5,0.1493
OSTX,0.25592079763438724,90,0,0,0.5,0.0
OSUR,0.24068366410708317,90,0,0,0.0,0.0074
OSW,0.1361115888224833,83,0,0,0.2,0.0277
OTEX,-0.054680035919926664,37,0,0,0.8,0.372
OTF,-0.07081144649354926,33,1,10,0.65,0.3011
OTGA,-0.03527237965034531,43,1,1,0.5,0.14
OTGAU,-0.03405032896538489,44,1,1,0.5,0.1427
OTIS,-0.05004981665823337,38,0,0,0.55,0.278
OTLK,3.662270335247204,99,0,0,0.0,
OTLY,-0.10496853379672608,27,0,0,0.85,0.3225
OTTR,-0.022203175855556666,50,0,0,0.4,0.1125
OUST,0.8320611042068458,98,0,0,0.05,0.0
OUT,0.062496071354483755,72,0,0,0.7,0.0221
OVBC,-0.09678151035587984,29,1,4,0.5,0.126
OVID,0.014159254764191435,61,0,0,0.8,0.141
OVLY,-0.020999344432782886,50,1,1,0.55,0.1118
OVV,-0.113885473873096,26,1,12,0.85,0.2647
OWL,-0.11815611305471174,25,1,16,0.9,0.4851
OWLS,-0.06975257484123845,34,1,1,0.85,0.2257
OWLT,0.018432920575081266,62,0,0,0.7,0.6798
OXBR,0.006810919191343509,59,0,0,0.6,0.3286
OXLC,-0.11517485597513658,26,1,39,1.0,0.3609
OXLCN,-0.032112669567186315,45,1,1,0.45,0.1236
OXLCO,-0.022672164945065767,49,0,0,0.45,0.1089
OXM,-0.23184943512970488,12,1,12,0.65,0.2985
OXSQ,-0.12627767945517288,24,1,2,0.95,0.3155
OXY,-0.20611609455668342,14,1,12,0.9,0.3667
OYSE,-0.03610924808927769,42,1,1,0.5,0.1401
OYSEU,0.02621910561763887,63,0,0,0.05,0.1427
OZ,-0.14108393166057387,22,1,4,0.95,0.3737
OZK,0.04877243130953773,68,0,0,0.25,0.0595
OZKAP,-0.05482426364579562,37,1,1,0.6,0.1424
P,0.006449680690765715,58,1,5,0.8,0.176
PAA,-0.05022795834063505,38,1,1,0.8,0.1471
PAAS,-0.2048231040317764,14,1,30,1.0,0.3977
PAC,0.00408805240384047,58,0,0,0.5,0.2158
PACB,0.15178334433031035,84,0,0,0.5,0.4007
PACH,-0.035275041283005314,43,1,1,0.5,0.1409
PACHU,-0.03779451253101349,41,1,1,0.5,0.1477
PACK,0.39884819814732014,95,0,0,0.0,0.0713
PACS,0.10847818911415391,79,0,0,0.5,0.1171
PAG,0.07765754338938222,74,0,0,0.05,0.0547
PAGP,-0.041682047587220016,40,0,0,0.75,0.1459
PAGS,-0.09099323772114748,30,0,0,0.9,0.2781
PAHC,-0.24284198640070528,11,1,36,1.0,0.5052
PAI,-0.025227384367799078,48,0,0,0.5,0.1207
PAII,-0.035307061867575575,43,1,1,0.5,0.1443
PAL,0.11711660320818462,80,1,1,0.1,0.3809
PALI,0.06760286319453554,72,0,0,0.7,0.2452
PAM,-0.058521419664100696,36,1,6,0.5,0.1978
PAMT,0.27297767051675537,91,0,0,0.1,0.0664
PANL,-0.1281826381945442,24,1,4,0.9,0.3283
PANW,0.6061946130540896,97,0,0,0.0,0.0
PAPL,-0.03510467684810877,43,0,0,0.9,
PAR,0.16616985991375974,86,0,0,0.3,0.5973
PARK,0.1320617738133254,82,0,0,0.6,0.0363
PARR,-0.09392590811550913,29,0,0,0.85,0.2635
PASG,-0.21127500141235642,13,1,3,0.55,0.7724
PASW,0.03730612745729069,66,1,5,0.35,
PATH,-0.07537428899681105,33,0,0,0.6,0.4458
PATK,-0.06743698640676885,34,0,0,0.8,0.401
PAVM,-0.30879344432285116,7,0,0,0.95,
PAVS,-0.9845545655145952,0,1,72,1.0,
PAX,-0.12205318318130515,25,1,7,0.8,0.4199
PAXS,-0.010513300549611748,54,0,0,0.55,0.1289
PAY,-0.07014211665678421,33,0,0,0.85,0.3042
PAYC,-0.05050755347515414,38,1,1,0.7,0.2655
PAYO,0.3626323513432632,94,0,0,0.1,0.0217
PAYS,0.215418323918427,88,0,0,0.1,0.0
PAYX,0.036623420163029725,66,0,0,0.25,0.1725
PB,0.041978980687381616,67,0,0,0.2,0.0859
PBA,-0.013568988375401062,53,1,1,0.4,0.1196
PBF,0.06472011900974975,72,0,0,0.4,0.2212
PBFS,0.13532821049221125,82,0,0,0.0,0.0237
PBH,-0.1368068529856501,22,0,0,0.75,0.3685
PBHC,0.16951748825837512,86,0,0,0.15,0.0317
PBI,0.20116841768674193,88,0,0,0.0,0.0271
PBK,-0.061435272755864516,35,1,9,0.55,
PBM,-0.29956025883580273,7,1,37,1.0,
PBR,-0.2133993346641476,13,1,37,1.0,0.3255
PBT,-0.05740748750923402,36,1,10,0.55,0.1991
PBYI,0.12114145002001983,81,0,0,0.4,0.039
PC,-0.03973621192120811,41,1,1,0.5,0.1493
PCAP,-0.03562473833941069,43,1,1,0.5,0.1406
PCAPU,-0.0355673181955485,43,1,1,0.5,0.1427
PCAR,0.006862046030003753,59,0,0,0.15,0.1413
PCB,0.1265428144155227,81,0,0,0.15,0.0176
PCF,-0.05320907943692946,37,1,11,0.8,0.1445
PCG,0.008895362456205896,59,0,0,0.45,0.1664
PCLA,0.9319972618286656,98,0,0,0.4,
PCM,-0.039117456228519844,41,1,1,0.75,0.1251
PCN,-0.017060113881324335,51,0,0,0.35,0.1187
PCOR,-0.23592213750089147,11,1,18,0.9,0.4914
PCQ,-0.008079556583634663,55,0,0,0.35,0.091
PCRX,0.005575898567884263,58,0,0,0.6,0.1125
PCSA,-0.3080717670321441,7,1,16,0.85,0.5141
PCSC,-0.06151677751865157,35,1,10,0.7,0.2902
PCT,-0.13263662960178857,23,1,14,0.7,0.4433
PCTTU,0.7167155103915874,97,1,1,0.35,
PCTY,-0.05216463539018814,38,1,1,0.65,0.3653
PCVX,0.037477742959044776,66,0,0,0.6,0.1561
PCYO,-0.018503494376172103,51,0,0,0.35,0.1559
PD,0.3215365677401989,93,0,0,0.1,0.352
PDC,-0.046725917931484076,39,0,0,0.75,0.3067
PDCC,-0.013016301046611826,53,0,0,0.7,0.2765
PDD,-0.18943101266099607,16,1,56,1.0,0.4205
PDEX,-0.028550769675350883,47,1,2,0.3,0.1212
PDFS,0.5210689349467926,96,0,0,0.0,0.0487
PDI,-0.03269194542316121,45,0,0,0.7,0.1421
PDLB,0.07163461768715598,73,0,0,0.05,0.0048
PDM,0.12841224074283542,82,0,0,0.05,0.0338
PDO,-0.010581377400896576,54,0,0,0.5,0.1132
PDPA,-0.0392321092052066,41,1,1,0.45,0.1376
PDS,-0.22765077353958266,12,1,10,0.7,0.3494
PDSB,-0.03757307514884723,41,1,11,0.85,0.3772
PDT,-0.034879699598435385,43,0,0,0.55,0.1343
PDX,-0.05925917613229029,36,1,2,0.8,0.1827
PDYN,-0.22562998328061432,12,1,6,0.7,0.4665
PEB,0.30907684278857106,92,0,0,0.0,0.0018
PEBK,0.030028835801006647,64,0,0,0.35,0.0495
PEBO,0.07377399793541761,74,0,0,0.15,0.0318
PECO,0.027616083256772665,64,0,0,0.25,0.0314
PED,-0.034734919333966524,43,0,0,0.85,0.2718
PEG,0.0007970897234659477,57,0,0,0.25,0.131
PEGA,-0.1846068737755878,16,1,18,0.9,0.5415
PEN,-0.06661968428148683,34,1,1,0.75,0.1965
PENG,1.1274858795455596,98,0,0,0.0,0.0341
PENN,0.215723910579574,88,0,0,0.0,0.0081
PEO,-0.09981890957282166,28,1,12,0.85,0.2463
PEP,-0.10862072685991928,27,1,12,0.95,0.2398
PEPG,-0.029667158179253313,46,0,0,0.55,
PERF,-0.054582600410902106,37,1,1,0.8,0.1655
PERI,-0.017382288663523385,51,0,0,0.75,0.2026
PESI,0.169822944744741,86,0,0,0.45,0.2259
PETS,-0.2202044688092882,13,1,92,1.0,0.5266
PETZ,0.1020220004100488,78,1,2,0.1,0.2523
PEW,-0.21814568045588978,13,1,32,1.0,0.4186
PFAI,0.04462494508435113,68,0,0,0.8,0.0941
PFBC,0.07907152130472667,75,0,0,0.2,0.016
PFD,-0.015160200076045238,52,0,0,0.4,0.0999
PFE,-0.10971288935218418,27,1,7,0.7,0.2412
PFG,0.06890763366360414,73,0,0,0.2,0.0439
PFGC,0.19556356710508746,87,0,0,0.1,0.0
PFIS,0.11249277229504498,79,0,0,0.15,0.0271
PFL,-0.03354925517124065,44,0,0,0.7,0.122
PFLT,-0.11828075543098904,25,1,36,1.0,0.2323
PFN,0.0023866749225814263,57,0,0,0.65,0.0879
PFO,-0.012655185466280992,53,0,0,0.45,0.1042
PFS,0.030402569201878886,64,0,0,0.25,0.0738
PFSA,-0.7694307765420579,1,1,55,1.0,
PFSI,-0.05432188734518086,37,0,0,0.8,0.495
PFX,-0.015510815256160715,52,1,1,0.35,0.1649
PG,-0.022869410822670477,49,1,1,0.3,0.1762
PGAC,-0.03365670663094891,44,1,1,0.45,0.1404
PGACU,-0.02700524272999088,48,1,11,0.55,0.3124
PGC,0.11999252910169364,80,0,0,0.1,0.0234
PGEN,0.38098990752617734,94,0,0,0.4,0.0061
PGNY,0.3272376643118441,93,0,0,0.0,0.0524
PGP,-0.05258222610693472,37,1,1,0.8,0.1412
PGR,0.07155287007682679,73,0,0,0.2,0.0708
PGY,0.2240345670760047,89,0,0,0.05,0.4047
PGZ,0.020913837872902068,62,0,0,0.25,0.0722
PH,0.04393989731436319,68,0,0,0.2,0.1288
PHAR,-0.1401133088520661,22,0,0,0.75,0.4093
PHAT,-0.019786928212998534,51,0,0,0.65,0.4435
PHG,-0.0015156724558486531,56,0,0,0.25,0.2019
PHGE,-0.7838984250230265,1,1,20,1.0,
PHI,-0.09967776220378927,28,0,0,0.85,0.2829
PHIN,0.06846995536339592,73,0,0,0.1,0.0567
PHIO,-0.20511945277185462,14,1,51,1.0,0.4537
PHK,-0.008898904974131507,54,0,0,0.4,0.1036
PHM,0.11906997271615266,80,0,0,0.2,0.1107
PHOE,0.09907809795468,78,0,0,0.7,
PHR,0.019846945102507972,62,0,0,0.7,0.4563
PHUN,-0.062369262830332124,35,1,30,1.0,0.1844
PHVS,0.16429053655381373,85,0,0,0.15,0.0
PI,-0.008298348189166901,54,0,0,0.85,0.4082
PII,0.06173507687437923,71,0,0,0.0,0.0872
PIII,1.3722915395370676,99,0,0,0.1,
PIM,-0.025544676823994042,48,0,0,0.5,0.1502
PINE,0.085635561662084,76,0,0,0.35,0.0227
PINS,0.06662333143289526,72,0,0,0.35,0.2632
PIPR,-0.13203073519394293,23,1,3,0.6,0.2737
PJT,-0.07600756305158872,32,1,4,0.65,0.3
PK,0.22868624944979746,89,0,0,0.0,0.0328
PKBK,0.0573803450110534,70,0,0,0.25,0.0072
PKE,0.08074348205457807,75,0,0,0.7,0.0
PKG,0.05641848467705892,70,0,0,0.05,0.1059
PKOH,0.2463628060011477,90,0,0,0.0,0.0374
PKX,-0.26962236358111974,9,1,30,1.0,0.4229
PL,-0.26484940250597944,9,1,18,0.9,0.3819
PLAB,-0.22705487872049773,12,1,22,1.0,0.4336
PLAG,0.2516657410483636,90,0,0,0.6,0.5452
PLAY,-0.092520953946789,30,1,1,0.65,0.5076
PLBC,0.09399830398135842,77,0,0,0.15,0.0279
PLBL,0.07334987944750115,74,0,0,0.4,0.3268
PLBY,-0.1644207137169272,19,1,4,0.55,0.5476
PLCE,-0.22221330998997574,12,1,11,0.75,0.4526
PLD,-0.045844010929871226,39,1,4,0.55,0.0896
PLG,-0.24013388568216346,11,1,31,1.0,0.632
PLGO,0.15507737764160726,85,0,0,0.2,0.0146
PLMK,-0.04057504171226015,40,1,1,0.5,0.1461
PLMKU,-0.04542031259569948,39,1,1,0.45,0.2026
PLMR,0.05082765776262,69,0,0,0.5,0.1429
PLNT,-0.1723735216537505,18,1,1,0.75,0.5689
PLOW,0.19771143730363713,88,0,0,0.2,0.0105
PLPC,0.13123573837290062,82,0,0,0.1,0.0098
PLRX,-0.09803106969972472,29,1,7,0.9,0.2708
PLRZ,-0.20905439373938992,14,0,0,0.8,0.2664
PLSE,0.23733948734980334,90,0,0,0.15,0.0
PLTK,0.12834791998051384,82,0,0,0.6,0.1109
PLTR,-0.2285436596205604,12,1,18,0.9,0.4105
PLTS,-0.03973621192120811,41,1,1,0.5,0.1493
PLUG,-0.2313655240212348,12,1,18,0.9,0.368
PLUR,-0.2581786359337068,10,1,32,1.0,0.4771
PLUS,-0.07897272658215382,32,1,11,0.85,0.1616
PLUT,-0.06854431481685783,34,1,5,0.55,0.1764
PLX,0.07196092311834648,73,0,0,0.5,0.3145
PLXS,0.13692925064496736,83,0,0,0.0,0.0484
PM,0.0354913829723334,66,0,0,0.45,0.0996
PMAX,-0.2002129216171887,15,1,1,0.75,
PMCB,-0.11834788220617565,25,1,1,0.5,0.3133
PMEC,-0.01192843974847451,53,1,2,0.6,0.4279
PMI,-0.38162837203396116,4,1,13,0.85,
PML,-0.005408135749554836,55,0,0,0.45,0.1065
PMM,0.01624759147242138,61,0,0,0.3,0.0756
PMN,-0.10215936998253172,28,0,0,0.6,0.6034
PMO,0.011934554916060366,60,0,0,0.25,0.0785
PMT,-0.04756780414331513,39,0,0,0.8,0.2377
PMTR,-0.0362174735558092,42,1,1,0.45,0.1386
PMTRU,-0.043760256977626026,39,1,1,0.45,0.1752
PMTS,0.17704240106301947,86,0,0,0.15,0.007
PMVP,-0.028237668180149292,47,0,0,0.8,0.3397
PN,-0.05916750507930316,36,1,10,0.85,
PNBK,-0.23959646289220612,11,1,2,0.7,0.5272
PNC,0.10235883000276755,78,0,0,0.15,0.0518
PNFP,0.03106882164291954,65,0,0,0.5,0.0819
PNI,-0.01524970549442746,52,0,0,0.4,0.0961
PNNT,-0.19183165321598414,15,1,37,1.0,0.4263
PNR,-0.048402054632516504,38,0,0,0.7,0.3438
PNRG,-0.17423425533023792,17,1,24,1.0,0.3946
PNTG,0.0867180267473632,76,0,0,0.35,0.0469
PNW,0.029899969253077384,64,0,0,0.3,0.0794
POAS,-0.9130494219484094,0,1,21,1.0,
POCI,0.04052751145158729,67,1,6,0.3,0.2144
PODC,0.27029731941935126,91,0,0,0.35,0.0689
PODD,-0.0765576403175231,32,0,0,0.75,0.5119
POET,0.07925275752433808,75,1,9,0.75,0.5178
POLA,-0.08335090629475686,31,1,16,0.8,0.3122
POLE,-0.032425562546333775,45,1,1,0.5,0.1405
POLEU,-0.12662747561607543,24,1,13,0.65,0.2127
POM,-0.5268571333419818,2,1,35,1.0,
PONY,-0.3337357533321066,6,1,17,0.85,0.6274
POOL,0.043419183050911754,68,0,0,0.3,0.2724
POR,-0.008223973405725539,54,0,0,0.4,0.1471
POST,-0.12559252954288272,24,1,12,0.95,0.2742
POWI,0.09432309117631346,77,1,1,0.2,0.0919
POWL,0.09039789410638899,77,1,2,0.2,0.1328
POWW,0.12128675320787896,81,0,0,0.45,0.0078
POWWP,-0.05503584680956112,37,1,1,0.8,0.1659
PPBT,-0.5283342370939907,2,1,43,1.0,0.7728
PPC,-0.11057047002381976,27,0,0,0.6,0.3941
PPCB,-0.2736817799274394,9,1,8,0.8,
PPG,0.06942390419427685,73,0,0,0.0,0.1492
PPIH,-0.17330411122867734,18,1,16,0.95,0.2763
PPL,-0.033909181756906735,44,0,0,0.45,0.1714
PPLI,0.03047217598605454,64,0,0,0.65,0.0213
PPSI,-0.13217528558573774,23,1,6,0.8,0.352
PPT,-0.030290700035792862,46,0,0,0.6,0.1448
PPTA,-0.27198419476164365,9,1,8,0.9,0.4895
PR,-0.11831743785872093,25,1,4,0.9,0.2656
PRAA,0.044908149440801605,68,0,0,0.65,0.1898
PRAX,0.025700706689516163,63,0,0,0.7,0.0623
PRCH,0.6081078182907788,97,0,0,0.35,0.0
PRCT,-0.15920444700543543,19,1,11,0.7,0.3959
PRDO,-0.0904719126844466,30,1,1,0.7,0.2601
PRE,-0.09484670948757326,29,1,2,0.1,0.2625
PRFX,-0.182207820762664,17,1,7,0.75,
PRG,0.3850270529706521,94,0,0,0.1,0.0166
PRGO,-0.103905892977906,28,1,10,0.75,0.3645
PRGS,0.1244626722533152,81,0,0,0.35,0.2874
PRHI,0.15477642406869346,85,0,0,0.5,0.1996
PRI,0.038331800005902104,66,0,0,0.3,0.0299
PRIM,-0.3474387878804093,5,1,37,1.0,
PRK,0.03534550779385701,66,0,0,0.25,0.0405
PRKS,0.2783527891573654,91,0,0,0.0,0.0256
PRLB,0.15477496903156426,85,0,0,0.0,0.0272
PRLD,0.24767094964042577,90,0,0,0.45,0.1585
PRM,0.08567262519210164,76,1,1,0.3,0.127
PRMB,0.11235728295979044,79,0,0,0.1,0.0237
PRME,0.02987995993274662,64,0,0,0.5,0.2645
PROF,-0.054201259437883176,37,1,6,0.85,0.2891
PROK,0.028449298800476412,64,0,0,0.45,0.3072
PROP,-0.41375988339615205,4,1,56,1.0,0.7533
PROV,-0.01631168562132706,52,0,0,0.45,0.0803
PRPL,-0.2601423039562245,9,1,4,0.95,0.561
PRPO,-0.10319677470055938,28,0,0,0.9,0.2692
PRQR,0.18116556991710772,87,0,0,0.65,0.2157
PRSO,-0.244376756246422,10,1,16,0.85,
PRSU,0.26565651787595124,91,0,0,0.15,0.0191
PRT,-0.0606361353323487,35,0,0,0.6,0.4153
PRTA,-0.06504141173737822,35,0,0,0.7,0.1702
PRTH,0.23698956758990172,89,0,0,0.1,0.0391
PRTS,-0.1269701905048545,24,1,8,0.85,0.362
PRU,0.08290568879920487,75,0,0,0.15,0.1253
PRVA,0.11579250072679251,80,0,0,0.3,0.0509
PRZO,-0.33638861114383695,6,1,16,0.8,0.7034
PSA,0.06653270145377971,72,0,0,0.2,0.031
PSBD,-0.021164056477529634,50,0,0,0.5,0.1556
PSEC,-0.08435687023186325,31,0,0,0.75,0.2452
PSF,-0.009172204298129191,54,0,0,0.25,0.0914
PSFE,-0.09025633336382399,30,0,0,0.9,0.2403
PSHG,-0.0772678937956709,32,1,9,0.7,0.3553
PSIG,-0.8436572517152172,0,1,2,0.1,
PSIX,-0.3251404519983773,6,1,34,1.0,0.6622
PSKY,-0.07745807593796314,32,1,11,0.85,0.324
PSMT,0.17385557984324637,86,0,0,0.0,0.0187
PSN,-0.11110593383237424,26,1,10,0.5,0.3505
PSNL,0.7701561804767099,98,0,0,0.0,0.0
PSNY,-0.16422236411643473,19,1,3,0.75,0.3058
PSNYW,-0.35325075298188724,5,1,60,1.0,0.6935
PSO,0.051133087569829615,69,0,0,0.35,0.013
PSQH,-0.3910932084783293,4,1,33,1.0,0.6862
PSTL,0.1203652030421847,80,0,0,0.4,0.0123
PSTV,-0.34062375499303155,6,1,21,1.0,0.7396
PSX,-0.042535131348484856,40,1,1,0.45,0.2053
PTA,-0.031187223434482526,46,1,1,0.8,0.0915
PTC,-0.21472022853609185,13,1,24,1.0,0.4016
PTCT,0.12928409035605673,82,0,0,0.15,0.0495
PTEN,-0.1991517081177283,15,1,12,0.8,0.276
PTGX,0.17224977499358604,86,0,0,0.25,0.0182
PTHS,0.0701734868339263,73,1,1,0.35,0.1865
PTLE,0.2325426633779978,89,0,0,0.25,
PTLO,-0.06445181236970185,35,0,0,0.55,0.3004
PTN,-0.4207469871067165,3,1,43,1.0,0.6108
PTNM,-0.03973621192120811,41,1,1,0.5,0.1493
PTON,0.02749685643147836,64,0,0,0.4,0.2323
PTRN,0.5730468708502534,96,0,0,0.05,0.0
PTY,-0.01675157055538419,52,0,0,0.5,0.122
PUBM,0.2515950294891155,90,0,0,0.0,0.0
PUK,-0.13069560459832838,23,1,35,1.0,0.2601
PULM,0.1725806350885519,86,0,0,0.15,0.5484
PUMP,-0.09906157071805202,28,1,25,1.0,0.2243
PURR,0.22833695470418328,89,1,1,0.3,0.2106
PUSA,-0.024289231720588132,49,1,11,0.55,0.353
PVH,-0.20294521971705473,14,1,17,0.85,0.2968
PVL,-0.13830973072429104,22,1,11,0.9,0.221
PVLA,0.2728573263371422,91,0,0,0.6,0.0341
PW,0.284924140920732,91,0,0,0.0,0.2533
PWP,-0.2078342394642331,14,1,1,0.95,0.4055
PWR,0.04911403358065155,68,0,0,0.6,0.1013
PXED,0.08238809389891,75,0,0,0.15,0.0977
PXLW,-0.08287018319495204,31,1,9,0.7,0.2427
PXS,-0.0787561366656326,32,1,4,0.6,0.191
PYPD,0.05113438152417806,69,0,0,0.55,0.0473
PYPL,-0.06559945049435308,34,0,0,0.85,0.3065
PYXS,0.7049816321552281,97,0,0,0.6,0.0
PZG,-0.26740395758753566,9,1,75,1.0,0.613
PZZA,0.0039058117074557766,58,0,0,0.6,0.1626
Q,0.08669808111987992,76,0,0,0.45,0.095
QBTS,0.10193102710249272,78,1,4,0.65,0.2923
QCLS,-0.14231368549413578,22,1,5,0.85,0.3962
QCOM,0.026416684308212916,63,1,5,0.6,0.2316
QCRH,0.035609573123812126,66,0,0,0.15,0.0625
QDEL,0.35933876875938,94,0,0,0.2,0.5212
QETA,-0.01079191184197488,54,0,0,0.45,0.1227
QETAU,-0.10691201221915758,27,1,7,0.8,0.1344
QFIN,0.09181750160658911,77,0,0,0.0,0.218
QGEN,0.057817153669589,70,0,0,0.2,0.3473
QLYS,0.34840161860835056,93,0,0,0.0,0.1206
QMCO,0.6314216250711371,97,1,2,0.1,0.2457
QNCX,-0.20956886361649632,14,1,55,1.0,
QNRX,-0.18678545934229032,16,1,12,0.95,0.7114
QNST,0.12050388176239732,81,0,0,0.3,0.1215
QNTM,-0.4143632556291588,4,1,20,1.0,
QQQX,-0.030427051769241122,46,1,9,0.7,0.0509
QRHC,0.022324263090393835,62,1,2,0.1,0.528
QRVO,-0.02774260175427292,47,1,4,0.45,0.1268
QS,-0.054895736713004226,37,0,0,0.7,0.3816
QSEA,-0.02646165141043948,48,0,0,0.4,0.1337
QSEAU,-0.05216640306942942,38,1,1,0.75,0.1315
QSI,-0.1441628375164942,22,1,16,0.8,0.3724
QSR,-0.05179609074955277,38,1,1,0.7,0.1511
QTEX,0.9631454260561263,98,1,3,0.35,
QTI,-0.31973392700594605,6,1,32,1.0,0.4946
QTRX,0.36594181492373656,94,0,0,0.3,0.4752
QTTB,0.7776831866843159,98,0,0,0.05,
QTWO,-0.027642125799360727,47,0,0,0.8,0.4078
QUAD,0.11307174685724042,80,0,0,0.25,0.0185
QUBT,0.010648355306285398,60,1,4,0.6,0.2748
QUCY,0.912168270348749,98,1,16,0.85,
QUIK,0.21955357336613177,89,1,5,0.4,0.1857
QUMS,-0.030768158801967663,46,1,1,0.5,0.1384
QUMSU,-0.0406057024770914,40,1,1,0.5,0.1485
QURE,1.3431364734164826,99,0,0,0.0,
QXL,0.6226729769157615,97,0,0,0.0,0.1802
QXO,-0.07518626474564213,33,0,0,0.75,0.3975
R,0.08223533196514388,75,0,0,0.05,0.063
RA,-0.015803569915771323,52,0,0,0.5,0.1019
RAAQ,-0.0659313780363734,34,1,3,0.8,0.1215
RAAQU,0.016655192042865766,61,1,1,0.5,0.1235
RAC,-0.04021560926489146,40,1,1,0.45,0.1534
RACE,0.04922196223988625,69,0,0,0.15,0.129
RADX,-0.1155368321562591,26,1,4,0.9,0.2757
RAIL,0.1727773089171375,86,0,0,0.25,0.3898
RAIN,-0.05199811603504963,38,0,0,0.45,0.7391
RAL,0.40084899644823363,95,0,0,0.0,0.0243
RAMP,0.12663849866549984,81,0,0,0.0,0.0297
RAND,-0.09141330715317178,30,1,4,0.9,0.2483
RANG,-0.02894924538440671,47,0,0,0.45,0.1352
RANGU,-0.06750762186346296,34,1,1,0.75,0.1478
RANI,-0.18489360964719898,16,1,24,1.0,0.5209
RAPP,0.12094569597636803,81,0,0,0.5,0.0352
RARE,0.3115941787305001,92,0,0,0.35,0.0191
RAVE,0.15919205808755663,85,0,0,0.1,0.0951
RAY,-0.07409045305624501,33,1,7,0.9,0.4579
RAYA,-0.21733460080964884,13,1,14,0.8,
RBA,0.06521425552733828,72,0,0,0.2,0.1087
RBB,0.13853217565976464,83,0,0,0.2,0.0057
RBBN,-0.21474203339716808,13,1,14,0.75,0.3204
RBC,0.06845562824397541,73,0,0,0.2,0.0306
RBCAA,0.1448394430056225,84,0,0,0.05,0.0061
RBKB,0.056662558715970694,70,0,0,0.0,0.0388
RBLX,0.03874527132762353,66,0,0,0.55,0.4219
RBNE,-0.566735186159694,2,1,57,1.0,
RBRK,0.2596014939302235,91,0,0,0.25,0.0938
RC,-0.039917149371825986,40,0,0,0.7,0.3371
RCAT,-0.23928002414546035,11,1,11,0.65,0.461
RCEL,-0.038711154586741514,41,0,0,0.95,0.2906
RCG,-0.05357533585141386,37,0,0,0.5,0.2545
RCI,-0.12575901110608315,24,1,8,0.4,0.2377
RCKT,-0.008257200951997272,54,0,0,0.6,0.422
RCKY,0.004679947745600176,58,0,0,0.1,0.1897
RCL,0.16023202321304875,85,0,0,0.05,0.1346
RCMT,0.18504341456727408,87,0,0,0.3,0.1516
RCON,-0.4831758235942109,2,1,41,1.0,0.7857
RCS,-0.016559514558918333,52,1,7,0.55,0.1654
RCT,-0.5189137429577966,2,1,4,0.65,
RCUS,0.277544337147752,91,0,0,0.55,0.0137
RDAC,-0.20904739607382936,14,1,20,1.0,
RDACU,0.2817969588516528,91,1,1,0.45,
RDAG,-0.03455553586487994,43,1,1,0.5,0.141
RDAGU,-0.03722415093617959,42,1,1,0.5,0.1386
RDCM,-0.08515020439722853,31,0,0,0.8,0.1711
RDDT,0.12016232654012485,80,0,0,0.25,0.3728
RDGT,-0.2206981768897002,13,1,67,1.0,
RDHL,-0.13232593131781384,23,1,3,0.75,0.4329
RDI,0.14149638707243117,83,0,0,0.0,0.0493
RDIB,-0.10552427910219306,27,1,6,0.85,0.4394
RDN,0.06192648997364646,71,0,0,0.55,0.0244
RDNT,0.014504403750350087,61,0,0,0.35,0.3
RDNW,-0.08400251278996193,31,1,10,0.75,0.1331
RDVT,0.3779586615700381,94,0,0,0.0,0.0
RDW,-0.13959847251836455,22,1,14,0.7,0.5415
RDWR,0.0483996605606152,68,0,0,0.5,0.0484
RDY,0.0480424318756786,68,0,0,0.55,0.0741
RDZN,-0.02583537085596504,48,1,16,0.8,0.4151
REAL,0.1784861967375624,87,0,0,0.4,0.3271
REAX,-0.09187264596125393,30,0,0,0.75,0.5891
REBN,-0.35297563526520503,5,1,39,1.0,0.5195
RECT,-0.08786053829803733,30,0,0,0.75,
REE,-0.6532505194595868,1,1,55,1.0,0.7789
REED,-0.48595123399551865,2,1,47,1.0,0.7652
REFI,-0.08247149564027298,31,1,1,0.8,0.1839
REFR,-0.37876666484802257,4,1,45,1.0,0.6252
REG,0.010332322723123608,60,0,0,0.4,0.0678
REGCO,-0.05599342684307022,36,1,4,0.65,0.1331
REGCP,-0.048781113149868036,38,1,4,0.75,0.1342
REGN,-0.1005060064612402,28,0,0,0.85,0.2831
REI,-0.29053329433129493,8,1,32,1.0,0.4588
REKR,-0.19795607318336297,15,1,18,0.9,0.6345
RELL,0.22286593988325545,89,0,0,0.15,0.0058
RELX,-0.1017172958717549,28,1,12,0.7,0.311
RELY,0.15005935111150856,84,0,0,0.55,0.0738
RENT,-0.3072450288693583,7,1,49,1.0,0.6866
RENX,-0.034478041260556536,43,0,0,0.8,
REPL,1.774487327188468,99,0,0,0.0,
REPX,-0.10598390934504512,27,1,12,0.95,0.2541
RERE,-0.16539351466086172,19,1,25,1.0,0.3979
RES,-0.2253728216495835,12,1,10,0.75,0.3185
RETO,-0.0171766244301432,51,1,1,0.5,0.7106
REVB,-0.11397266117914043,26,0,0,0.75,0.7468
REX,-0.10589569818578934,27,1,27,1.0,0.202
REXR,-0.06522406360062191,35,1,1,0.8,0.2286
REYN,0.22916890831612066,89,0,0,0.2,0.0052
REZI,-0.15421103777805328,20,1,2,0.75,0.3123
RF,0.07582293950430874,74,0,0,0.2,0.0798
RFAI,-0.03250908555094654,45,1,1,0.5,0.1392
RFAIU,-0.026399557447925638,48,1,1,0.65,0.1305
RFI,-0.017419906691968023,51,0,0,0.45,0.1078
RFIL,0.372424389493188,94,0,0,0.25,0.0213
RFL,1.337438254488583,99,0,0,0.05,0.0
RFM,0.004092616705371532,58,0,0,0.3,0.0676
RFMZ,0.014882260616411715,61,0,0,0.25,0.0534
RGA,0.010795027790202714,60,0,0,0.3,0.117
RGC,-0.7992144690213552,0,1,35,1.0,
RGCO,0.025827427876336025,63,1,1,0.3,0.0818
RGEN,0.1172147226423077,80,0,0,0.0,0.2614
RGLD,-0.15948263418314026,19,1,7,0.9,0.3869
RGNT,0.5287250707692054,96,0,0,0.45,
RGNX,0.5320517388588831,96,0,0,0.55,0.3153
RGP,0.03311143388452648,65,0,0,0.5,0.2058
RGR,-0.10805713707691847,27,1,4,0.7,0.2283
RGS,-0.040987441212544606,40,0,0,0.7,0.0928
RGT,-0.03389849678616792,44,1,1,0.65,0.1139
RGTI,-0.03241711398969522,45,1,4,0.7,0.2995
RH,0.12506869451008898,81,0,0,0.2,0.3494
RHI,0.15763942855782745,85,0,0,0.1,0.0889
RHLD,0.055152968858255665,70,0,0,0.25,0.4299
RHP,0.2059059266540784,88,0,0,0.0,0.0181
RIBB,-0.042129604981839,40,1,1,0.65,0.1299
RIBBU,0.10973760519777967,79,0,0,0.3,0.203
RICK,0.06426952536165861,72,0,0,0.15,0.0428
RIG,-0.26645654689450066,9,1,26,1.0,0.3793
RIGL,0.2956123524837374,92,0,0,0.1,0.2316
RILY,-0.08018076600018428,32,1,5,0.85,0.2427
RILYL,-0.016103595535366395,52,1,4,0.25,
RILYP,0.005029201077068161,58,1,4,0.45,0.1732
RIME,-0.3770267826708663,5,1,7,0.9,
RIO,-0.09206930827290985,30,1,8,0.7,0.1591
RIOT,0.39645179133823805,94,0,0,0.05,0.0444
RITM,-0.03257265785892344,45,0,0,0.6,0.2513
RITR,-0.04573895186163278,39,1,7,0.65,0.6632
RIV,-0.010652184640934294,54,0,0,0.5,0.0672
RIVN,0.05330138423970195,70,0,0,0.35,0.2243
RJET,-0.10635222577785683,27,1,1,0.95,0.2413
RJF,-0.015771513226592926,52,1,3,0.35,0.1974
RKDA,-0.36506336775842185,5,1,10,0.85,0.758
RKLB,-0.012843399841446133,53,1,20,1.0,0.341
RKT,0.028955251587349858,64,0,0,0.65,0.3855
RKTO,-0.12489735614330644,24,1,11,0.55,
RL,0.06687225285508394,72,0,0,0.15,0.0529
RLAY,0.5360753640070578,96,0,0,0.15,0.0
RLGT,0.12015660792156033,80,0,0,0.05,0.0099
RLI,0.1197396176074475,80,0,0,0.2,0.1268
RLJ,0.31380308582810174,92,0,0,0.0,0.0317
RLMD,-0.05202305511399753,38,0,0,0.75,
RLTY,0.008972870106783097,59,0,0,0.45,0.0628
RLX,-0.14295988953026198,22,1,61,1.0,0.2846
RLYB,0.45154825743005117,95,0,0,0.0,
RM,0.11980292549063501,80,0,0,0.15,0.035
RMAX,0.0948875592995409,77,0,0,0.3,0.1557
RMBI,0.07407724536145313,74,0,0,0.3,0.0186
RMBS,-0.010997563879439981,54,1,10,0.55,0.2629
RMCF,-0.6403848828288103,1,1,30,1.0,0.7297
RMCO,0.06921760278845945,73,0,0,0.35,0.4358
RMD,-0.09649433696821824,29,0,0,0.8,0.3266
RMI,-0.016978923181868978,52,0,0,0.4,0.1216
RMM,0.010292733071380587,60,0,0,0.25,0.07
RMMZ,-0.01485363515505338,52,0,0,0.25,0.1221
RMNI,0.1578165425433488,85,0,0,0.0,0.0344
RMR,0.09163215228909616,77,0,0,0.1,0.0379
RMSG,-0.49097307679584773,2,1,15,0.95,
RMT,0.07872130005852959,74,0,0,0.0,0.0
RMTI,-0.23960232639996779,11,1,57,1.0,0.5193
RNAC,0.3836465459673042,94,0,0,0.3,0.0625
RNAZ,-0.23796686137774256,11,1,70,1.0,0.6051
RNG,-0.053858588939154406,37,0,0,0.75,0.2012
RNGR,-0.06615432261793891,34,1,1,0.85,0.2304
RNGT,-0.03464533166725905,43,1,1,0.5,0.1417
RNGTU,-0.05431577159250671,37,1,1,0.5,0.1465
RNP,-0.028973345723507286,47,0,0,0.65,0.1153
RNR,0.06032229283618667,71,0,0,0.3,0.0691
RNST,0.05438915542883146,70,0,0,0.2,0.0473
RNTX,-0.18969537395234612,16,0,0,0.85,0.4729
RNW,0.11283154552113883,80,0,0,0.0,0.028
RNXT,-0.031231856674813947,46,0,0,0.5,0.2739
ROAD,-0.010895190864916193,54,0,0,0.45,0.2013
ROCK,0.08414738320106269,76,0,0,0.25,0.2877
ROG,0.21089203836314704,88,0,0,0.05,0.0237
ROIV,0.17852633121245323,87,0,0,0.35,0.0
ROK,0.12751432159240017,81,0,0,0.0,0.0048
ROKU,0.1591281266294346,85,0,0,0.4,0.0511
ROL,-0.22190209399996066,12,1,45,1.0,0.3996
ROLR,0.07992991453804604,75,0,0,0.6,
ROMA,0.09707955525689235,78,1,2,0.35,
ROOT,0.09097660593585347,77,0,0,0.6,0.3232
ROP,-0.03766017758327103,41,0,0,0.35,0.3108
ROST,-0.10323471262969008,28,1,4,0.3,0.161
RPAY,0.11696562529835589,80,0,0,0.75,0.0092
RPC,-0.07326524126923968,33,1,8,0.65,0.3635
RPD,0.1856684115834851,87,0,0,0.45,0.5383
RPGL,-0.9034939989940896,0,1,35,1.0,
RPID,-0.24327004696605917,11,1,32,1.0,0.6556
RPM,0.025691620003962405,63,0,0,0.15,0.1537
RPRX,0.07889826390326021,74,0,0,0.3,0.0012
RPT,0.0049122687153963646,58,0,0,0.45,0.1639
RQI,-0.061708091863442324,35,1,12,0.85,0.1171
RR,-0.29064779982214356,8,1,18,0.9,0.6645
RRBI,-0.0481204470262219,39,0,0,0.45,0.1302
RRC,-0.1697395519933021,18,1,27,1.0,0.3472
RRGB,0.9661822065018901,98,0,0,0.0,0.0
RRR,0.13579164528839663,83,0,0,0.0,0.0617
RRX,0.05724205329663475,70,0,0,0.15,0.0912
RS,0.01754186841699288,61,1,2,0.1,0.0957
RSF,-0.020569869058747803,50,0,0,0.35,0.1336
RSG,-0.0038480615609742808,56,0,0,0.45,0.1739
RSI,0.24419048520363437,90,0,0,0.2,0.0237
RSKD,0.08904504955607975,76,0,0,0.15,0.0754
RSSS,-0.043979911596363865,39,0,0,0.7,0.2878
RSVR,-0.012967959355781478,53,1,3,0.55,0.0879
RTAC,-0.030162204575790243,46,0,0,0.5,0.1336
RTACU,-0.030699783631206692,46,1,1,0.5,0.1362
RTB,1.9047062977603297,99,0,0,0.45,0.0
RTO,-0.11906829267171884,25,1,51,1.0,0.2207
RTX,0.0031890976791363115,58,0,0,0.25,0.1906
RUBI,-0.8215479950207623,0,1,123,1.0,0.9975
RUM,-0.18481691115168328,16,1,18,0.9,0.3587
RUN,-0.08980541669160585,30,1,1,0.65,0.4122
RUSHA,-0.021500882657017883,50,0,0,0.4,0.1054
RUSHB,0.0656974487268393,72,0,0,0.2,0.0703
RVLV,0.02282583676559604,62,0,0,0.3,0.3014
RVMD,0.3985279169360503,95,0,0,0.15,0.0
RVP,0.0020537914333647045,57,0,0,0.45,0.1605
RVSB,-0.07453677987379295,33,1,3,0.5,0.1961
RVSN,-0.3101758727024938,7,1,105,1.0,
RVT,0.0016605332413225857,57,0,0,0.65,0.0578
RVTY,0.16659691384619288,86,0,0,0.2,0.1258
RWAY,-0.18330563780947204,17,1,38,1.0,0.4168
RWT,-0.11376858248647079,26,1,51,1.0,0.2848
RXO,0.29581471649237834,92,0,0,0.25,0.0758
RXRX,0.07225483189494239,73,0,0,0.6,0.3119
RXST,-0.20723609446355096,14,1,1,0.8,0.5641
RXT,2.1796954791984877,99,0,0,0.05,
RY,0.10862647416804957,79,0,0,0.05,0.0068
RYAAY,0.05995890881290449,71,0,0,0.35,0.1903
RYAM,-0.22424536937865816,12,1,6,0.8,0.3938
RYAN,0.16262337522312537,85,0,0,0.3,0.3129
RYDE,-0.32464226312915784,6,1,22,1.0,
RYET,-0.023181280653329653,49,1,3,0.45,0.2446
RYM,0.035357418804824924,66,0,0,0.45,
RYN,0.001811641497766893,57,0,0,0.2,0.1683
RYOJ,-0.11923072163385381,25,1,1,0.7,
RYTM,0.23443001458187493,89,0,0,0.35,0.1002
RYZ,-0.06443827318496978,35,1,1,0.2,0.2315
RZLT,0.5795887451079929,97,0,0,0.0,0.0052
RZLV,-0.045013320240367014,39,0,0,0.5,0.4782
S,0.0330417938626859,65,0,0,0.8,0.1025
SA,-0.182801501693561,17,1,7,0.7,0.4065
SABA,-0.043201130587779815,40,0,0,0.75,0.1073
SABR,0.21959381489562987,89,0,0,0.35,0.0202
SABS,0.040524481612591305,67,0,0,0.5,0.2403
SACH,-0.16232690387960183,19,1,16,0.8,0.3118
SAFE,0.047686740804096954,68,0,0,0.3,0.0682
SAFT,0.004178078798733116,58,0,0,0.45,0.1296
SAFX,-0.02807831469781519,47,1,2,0.6,
SAGT,-0.14130671129880473,22,0,0,0.7,0.5845
SAH,0.07897687757390184,75,0,0,0.15,0.0143
SAIA,-0.04332784886873173,40,1,10,0.5,0.1322
SAIC,0.09527131175735501,77,0,0,0.3,0.0713
SAIH,0.16498188216321166,85,0,0,0.3,0.0748
SAIL,-0.034807930068557924,43,1,14,0.7,0.392
SAM,-0.1458454257351352,21,0,0,0.6,0.3581
SAMG,-0.1794520389620747,17,1,1,0.95,0.3787
SAN,0.11317576567417867,80,0,0,0.2,0.0267
SANA,0.06943470143666686,73,0,0,0.6,0.3618
SANG,-0.06452911398893574,35,0,0,0.65,0.3139
SANM,0.1189758608381715,80,1,2,0.35,0.1367
SAP,-0.13365195159660365,23,1,13,0.65,0.409
SAR,-0.01940912356304988,51,0,0,0.45,0.1092
SARO,0.04023576878188446,67,0,0,0.35,0.1963
SATA,-0.09722653644853022,29,1,7,0.6,0.1847
SATL,-0.2881006478154387,8,1,20,1.0,0.4694
SB,-0.06161423221600561,35,1,3,0.6,0.148
SBAC,-0.13594705466994414,23,1,12,0.85,0.2618
SBC,-0.10732908811633152,27,0,0,0.75,0.4023
SBCF,0.05263278406132157,69,0,0,0.3,0.1203
SBET,-0.27030183718190426,9,1,33,1.0,0.5847
SBEV,-0.40225871758250076,4,1,12,0.7,
SBFG,0.08511258428191953,76,0,0,0.2,0.0277
SBFM,-0.600964285497016,1,1,35,1.0,
SBGI,-0.06306260450082334,35,0,0,0.6,0.196
SBH,0.008255097887450144,59,0,0,0.35,0.2195
SBI,-0.012122267820079458,53,0,0,0.4,0.1023
SBLK,-0.04669046528946175,39,1,4,0.45,0.1262
SBR,-0.07339521953374162,33,1,1,0.7,0.1746
SBRA,-0.06691653051998886,34,0,0,0.8,0.1496
SBS,-0.0578826066987775,36,0,0,0.8,0.2225
SBSI,0.03872637411807391,66,0,0,0.25,0.0307
SBSW,-0.31913755906018304,6,1,31,1.0,0.6079
SBUX,0.04062734006109175,67,0,0,0.55,0.0658
SBXD,-0.04076063322723539,40,1,1,0.5,0.1406
SCAG,-0.3351840681028327,6,0,0,0.8,
SCCO,-0.09555103840467662,29,1,5,0.45,0.28
SCD,0.009547660543183893,59,0,0,0.2,0.0744
SCHL,0.10276758097392538,78,0,0,0.1,0.0143
SCHW,-0.012340855578402789,53,1,1,0.35,0.2077
SCI,-0.08002121407678926,32,0,0,0.7,0.1992
SCIIU,-0.03986523916848789,41,1,1,0.45,0.1517
SCKT,-0.4078105975121827,4,1,10,0.75,0.5965
SCL,0.028884961860861362,64,0,0,0.2,0.2395
SCLX,0.7644690421945134,98,0,0,0.25,0.1314
SCM,-0.0939977392850394,29,1,10,0.95,0.3732
SCNI,-0.5124792562200274,2,1,39,1.0,
SCNX,-0.16286441024779016,19,1,4,0.9,0.406
SCOR,-0.10252026894986976,28,1,6,0.45,0.2724
SCPQU,-0.025789349656439843,48,1,1,0.4,0.1289
SCSC,0.18250958501759795,87,0,0,0.0,0.0083
SCWO,-0.35463725505152016,5,1,13,0.8,0.5251
SCYX,-0.4444653184953462,3,1,45,1.0,0.5894
SCZM,-0.22259680288133896,12,1,8,0.95,0.6239
SD,-0.12584836633688742,24,1,12,0.8,0.2982
SDA,-0.2695216507809999,9,1,13,0.65,0.6889
SDEV,-0.24897286965611812,10,1,29,1.0,
SDGR,0.31444183677868537,92,0,0,0.0,0.1424
SDHC,0.14478095319461115,84,0,0,0.0,0.3683
SDHI,-0.034224970189617836,44,1,1,0.5,0.1427
SDHIU,-0.03126509817875474,45,1,1,0.5,0.1396
SDHY,-0.011123434594585029,53,0,0,0.3,0.0964
SDOT,5.214999303172798,99,0,0,0.4,
SDRL,-0.23298160757962416,12,1,25,1.0,0.2982
SDST,-0.37386247900878083,5,1,24,1.0,0.6723
SE,0.02845045563069399,64,0,0,0.45,0.3959
SEAT,-0.1307367314997659,23,1,11,0.65,0.3547
SEB,-0.18326719974315817,17,1,10,0.6,0.3135
SEDG,-0.0726490507328027,33,1,14,0.7,0.2791
SEED,-0.16335773399550643,19,0,0,0.95,0.3819
SEER,-0.15165330550229414,21,1,21,1.0,0.2671
SEG,0.13279142771479938,82,0,0,0.15,0.0129
SEGG,-0.29470019546785353,8,1,13,0.65,
SEI,0.13302259433329516,82,0,0,0.25,0.0361
SEIC,-0.03380421052672979,44,1,3,0.5,0.0893
SELF,-0.024007042430988723,49,0,0,0.55,0.1224
SEM,-0.03278812574115091,45,1,1,0.45,0.1335
SENEA,0.16364685576887902,85,0,0,0.2,0.054
SENEB,0.07068442512001388,73,0,0,0.1,0.1213
SENS,-0.16848492048449523,18,1,8,0.4,0.343
SEPN,0.2401945149694936,90,0,0,0.0,0.0844
SER,-0.04158026590967194,40,0,0,0.4,
SERA,-0.1469209698607105,21,1,13,0.65,0.543
SERV,-0.35051444056087294,5,1,19,0.95,0.6186
SES,-0.22387184283071732,12,1,16,0.8,0.656
SEVN,-0.016535021587825428,52,0,0,0.5,0.0913
SEZL,0.8623234881304775,98,0,0,0.0,0.0154
SF,-0.09934767593224293,28,1,3,0.6,0.2848
SFBC,-0.031327207399847345,45,0,0,0.3,0.1694
SFBS,0.09234938617936536,77,0,0,0.2,0.0783
SFD,-0.09119822909278547,30,1,10,0.7,0.2164
SFHG,-0.1616733676414562,19,1,9,0.8,0.5362
SFIX,0.16815971198480326,86,0,0,0.15,0.275
SFL,-0.10491346768976464,28,1,4,0.85,0.1808
SFM,-0.009036891133257143,54,1,3,0.6,0.1423
SFNC,0.052244268130230774,69,0,0,0.2,0.0274
SFST,0.03296972294969596,65,0,0,0.35,0.0724
SFWL,-0.07829696292116473,32,1,1,0.65,0.2483
SG,0.12280076430050357,81,1,1,0.45,0.1494
SGA,-0.19202628937275734,15,1,59,1.0,0.361
SGC,0.07668600708783566,74,0,0,0.1,0.0476
SGHC,0.10362690626829332,78,0,0,0.25,0.0157
SGHT,0.24020469589741386,90,0,0,0.3,0.3268
SGI,0.03373987683464703,65,0,0,0.3,0.2556
SGLY,-0.3137746206709451,7,1,37,1.0,0.6546
SGML,-0.26448023581814095,9,1,10,0.95,0.5049
SGMT,0.08172232520980688,75,0,0,0.7,0.1471
SGRP,0.1678313177445036,86,0,0,0.0,0.1428
SGRY,0.2013099114734509,88,0,0,0.2,0.0508
SGU,-0.009171347566622658,54,0,0,0.5,0.1024
SHAK,-0.29993048881319706,7,1,40,1.0,0.5016
SHBI,0.13304535685872232,82,0,0,0.1,0.0276
SHC,0.12154799523900497,81,0,0,0.35,0.1586
SHEL,-0.14703262904900488,21,1,11,0.75,0.2883
SHEN,-0.0568607026705448,36,0,0,0.6,0.1289
SHFS,-0.6274314159646547,1,1,44,1.0,0.8203
SHG,-0.05205458727721217,38,1,7,0.55,0.1886
SHIM,0.05320171558706347,69,0,0,0.85,0.3823
SHIP,-0.044469467539551916,39,1,9,0.6,0.1937
SHLS,-0.014020126894148839,52,1,4,0.5,0.2586
SHMD,-0.07948617300795616,32,0,0,0.65,0.4537
SHO,0.1169670308552141,80,0,0,0.0,0.0377
SHOE,-0.15346688008247375,20,1,10,0.85,0.3227
SHOO,0.054076033102702876,70,1,1,0.3,0.135
SHOP,-0.05835135957389255,36,0,0,0.6,0.3718
SHPH,-0.546795251829581,2,1,40,1.0,0.8797
SHW,0.06270058101701373,72,0,0,0.25,0.1509
SIBN,0.23037172707635697,89,0,0,0.15,0.2698
SID,-0.3447641457806078,5,1,18,0.95,0.5993
SIDU,-0.23030030827185335,12,1,11,0.8,0.5444
SIEB,-0.15943233696748269,19,1,2,0.4,0.5772
SIF,0.24173379754074112,90,0,0,0.1,0.0261
SIFY,0.002306246842066255,57,0,0,0.5,0.0908
SIG,-0.0335261551567842,44,0,0,0.35,0.1946
SIGA,-0.27059179727762295,9,1,21,1.0,0.4565
SIGI,0.1276624059787396,81,0,0,0.2,0.0014
SIGIP,-0.04635273600484581,39,0,0,0.8,0.1409
SII,-0.1676346587143098,18,1,7,0.85,0.3827
SILA,0.03024305763390591,64,0,0,0.35,0.0406
SILC,0.29947509285943147,92,1,5,0.35,0.1717
SILO,-0.03152705489584158,45,0,0,0.5,0.4089
SIM,-0.04792067787414932,39,1,1,0.5,0.2018
SIMA,-0.027913464422148662,47,1,1,0.45,0.1358
SIMAU,-0.13695489300495414,22,1,12,0.6,0.3462
SIMO,0.8212195985840662,98,0,0,0.15,0.0102
SINT,-0.18068037888866162,17,1,52,1.0,0.5548
SION,0.025528265965495046,63,0,0,0.7,0.1058
SIRI,0.04574250844568017,68,0,0,0.35,0.0057
SITC,-0.26285448841510917,9,1,84,1.0,0.4325
SITE,-0.10934314791607191,27,0,0,0.8,0.347
SITM,0.2948147761289274,92,0,0,0.6,0.2157
SJ,-0.3154880242143685,7,1,15,0.9,0.5198
SJM,0.12051692279225004,81,0,0,0.25,0.0694
SJT,-0.3428572982261038,5,1,62,1.0,0.5546
SKE,-0.12044725983772653,25,1,7,0.85,0.3528
SKIL,-0.0730509957917149,33,1,3,0.65,0.4342
SKIN,-0.15316978739832746,20,0,0,0.95,0.5773
SKK,0.812602839635088,98,0,0,0.2,
SKM,-0.12030115313046277,25,1,13,0.7,0.2812
SKT,0.07375564711501306,74,0,0,0.2,0.0351
SKWD,0.3142856088695848,92,0,0,0.2,0.0
SKY,0.1278512833457728,81,0,0,0.15,0.1742
SKYA,-0.3938703757161553,4,1,30,1.0,0.5997
SKYE,-0.19599641108875487,15,1,11,0.9,0.4404
SKYH,-0.02028326405142207,50,0,0,0.55,0.1686
SKYQ,0.1652418030460918,85,0,0,0.8,
SKYT,0.023476156759721763,63,1,4,0.5,0.088
SKYW,0.1102680749061434,79,0,0,0.25,0.1598
SKYX,-0.13123427411583752,23,1,18,0.95,0.7016
SLAB,-0.020976798839739796,50,1,1,0.4,0.0949
SLAI,-0.28718692873127943,8,0,0,0.95,0.5301
SLB,-0.1911818107582952,15,1,10,0.65,0.2562
SLBT,-0.6214121342050168,1,1,8,0.5,
SLDB,0.2777227271610696,91,0,0,0.35,0.0
SLDE,0.03831232517365086,66,0,0,0.75,0.0732
SLDP,-0.2546775381022846,10,1,16,0.8,0.5838
SLE,-0.19061065889981701,16,1,25,1.0,
SLF,0.09255993285127825,77,0,0,0.15,0.0137
SLG,0.2108402827721473,88,0,0,0.0,0.0017
SLGB,-0.1534660227309154,20,1,6,0.6,
SLGL,-0.04282523211585432,40,0,0,0.5,0.3064
SLGN,0.17657545283312626,86,0,0,0.3,0.1298
SLI,-0.3063142012399535,7,1,18,0.9,0.5431
SLM,0.1549090980611358,85,0,0,0.3,0.1279
SLMBP,-0.026037445076271773,48,1,1,0.35,0.1353
SLMT,-0.31143366195560146,7,1,6,0.85,0.7878
SLN,0.604824746417053,97,0,0,0.35,0.0
SLND,-0.40966064200623853,4,1,18,0.9,0.7984
SLNG,-0.05644385349344843,36,1,4,0.4,0.3695
SLNH,0.18327919267113887,87,1,4,0.75,0.3725
SLNHP,0.20861182512151302,88,0,0,0.15,0.0661
SLP,0.20293897743258502,88,0,0,0.0,0.184
SLQT,-0.15146304187389156,21,1,3,0.75,
SLRC,-0.12547742235086248,24,1,38,1.0,0.2537
SLS,1.4586558969558254,99,0,0,0.15,0.0
SLSN,-0.38569925928729254,4,1,4,0.55,0.5555
SLSR,-0.17335959087286945,18,1,8,0.75,0.2873
SLVM,-0.11647623777250996,26,1,1,0.55,0.3664
SLXN,-0.5763353366915985,1,1,75,1.0,
SM,-0.1868550896772552,16,1,12,0.65,0.3134
SMA,0.016345842348847325,61,0,0,0.2,0.1228
SMBC,0.08298430856190236,75,0,0,0.2,0.0247
SMBK,0.10284961063111131,78,0,0,0.2,0.0332
SMC,-0.06756687382373158,34,1,1,0.75,0.2466
SMCI,-0.13277038718435397,23,1,5,0.6,0.4263
SMFG,0.08072527135374846,75,0,0,0.05,0.0887
SMG,0.05969013627040758,71,0,0,0.3,0.1057
SMHI,0.009870080681386832,60,0,0,0.55,0.0909
SMID,-0.13657425415885863,22,1,2,0.8,0.3169
SMJF,0.3107764480027201,92,0,0,0.0,
SMMT,-0.253670475548302,10,1,43,1.0,0.4855
SMP,-0.025507353898869056,48,1,1,0.35,0.1892
SMPL,-0.013961330331730453,53,0,0,0.3,0.4311
SMR,-0.15927003098199513,19,1,5,0.8,0.5402
SMRT,-0.13608813113373042,23,0,0,0.9,0.4471
SMSI,-0.3288595133064529,6,1,11,0.9,0.4342
SMTC,0.35860003034151683,94,1,2,0.15,0.1023
SMTI,0.16105742036199397,85,0,0,0.4,0.0925
SMTK,-0.10952838508465643,27,1,11,0.55,
SMWB,0.8748767406181879,98,0,0,0.0,0.2447
SMX,0.6221784357986784,97,1,2,0.75,
SMXT,-0.48316611491404293,2,1,60,1.0,0.7051
SN,0.2428059617115437,90,0,0,0.0,0.0075
SNA,0.03430651143309473,65,0,0,0.1,0.0514
SNAL,-0.15188005780639371,21,1,20,1.0,
SNAP,-0.2180001847446571,13,1,15,0.9,0.533
SND,-0.029797040833682245,46,0,0,0.5,0.204
SNDA,0.07568729181524572,74,0,0,0.55,0.0296
SNDL,-0.08432929018090798,31,1,4,0.7,0.2727
SNDR,0.13081259327465225,82,0,0,0.25,0.0518
SNES,-0.13892758604720576,22,1,5,0.8,0.4296
SNEX,0.10375653524866527,79,1,1,0.15,0.1686
SNFCA,-0.012574817291001895,53,0,0,0.5,0.1224
SNGX,-0.4770398874970835,2,1,18,0.9,
SNN,-0.04748924343657305,39,1,1,0.6,0.2361
SNOA,-0.015381492259735195,52,0,0,0.85,0.6994
SNOW,0.34523932625131304,93,0,0,0.0,0.0829
SNPS,-0.06206124757587995,35,1,22,1.0,0.2176
SNT,-0.3330802145597048,6,1,94,1.0,0.6361
SNTG,0.04059224655126522,67,1,4,0.3,0.193
SNTI,0.1449675595118061,84,0,0,0.6,0.115
SNWV,-0.4777502841286133,2,1,31,1.0,0.7038
SNX,0.21593997836720283,88,1,2,0.1,0.0786
SNY,-0.05418897143707433,37,0,0,0.6,0.1671
SNYR,-0.47634477363870575,2,1,61,1.0,0.9066
SO,-0.002706603503117952,56,0,0,0.4,0.1439
SOAR,-0.07580080959684554,32,1,14,0.7,0.791
SOBO,-0.013813313214002719,53,1,1,0.5,0.0959
SOBR,-0.1897004803354643,16,1,24,1.0,
SOC,-0.5678120358732668,2,1,20,1.0,0.6776
SOCA,-0.03286182009456347,45,1,1,0.5,0.1376
SOCAU,-0.03696192218634993,42,1,1,0.5,0.1444
SOFI,0.032302497475787485,65,0,0,0.3,0.4265
SOGP,-0.2435429724781674,11,1,37,1.0,0.409
SOHU,-0.1869380908488642,16,1,64,1.0,0.3376
SOLS,-0.020597667711115264,50,1,2,0.5,0.0981
SOLV,0.07241988004082803,73,0,0,0.4,0.1557
SOMN,-0.05160731981541927,38,0,0,0.6,0.1757
SON,0.07324584094909117,73,0,0,0.3,0.0997
SONM,0.37057425263957916,94,0,0,0.15,0.2848
SONO,-0.1161331892448223,26,1,10,0.65,0.3074
SONY,-0.057298431524759476,36,1,14,0.8,0.276
SOPH,0.16211457335030802,85,0,0,0.35,0.0
SOR,-0.027405204219701208,47,0,0,0.55,0.1287
SORA,-0.24826153976754975,10,1,7,0.85,
SORNU,-0.0359330170400048,43,1,1,0.45,0.1468
SOS,-0.08031847110824444,32,1,1,0.75,0.47
SOTK,0.11171215386712413,79,0,0,0.2,0.0574
SOUL,-0.034975019131277964,43,1,1,0.5,0.1402
SOUN,-0.2107419060552098,13,1,18,0.9,0.4925
SOWG,1.0214120761667396,98,0,0,0.4,0.7492
SPAI,-0.1240020547860528,24,1,11,0.55,0.4188
SPB,0.049400550246803,69,0,0,0.2,0.04
SPCB,0.1332090432283688,82,0,0,0.45,0.089
SPCE,-0.08446768737732158,31,1,11,0.55,0.6008
SPE,-0.06575452197771756,34,1,62,1.0,0.1449
SPEG,-0.03278306853654842,45,1,1,0.5,0.1401
SPEGU,-0.021073848274407905,50,0,0,0.35,0.1313
SPFI,0.007101787738314248,59,0,0,0.35,0.1087
SPG,0.11232698487120304,79,0,0,0.2,0.0133
SPGI,-0.06448652674993938,35,1,1,0.75,0.3024
SPH,-0.1466043261723586,21,1,12,0.95,0.2554
SPHL,0.014506053575907146,61,1,8,0.6,
SPHR,0.3160870572769269,92,0,0,0.0,0.0018
SPIR,-0.05598002733058236,36,1,6,0.85,0.3003
SPKL,0.035690164930360695,66,0,0,0.35,0.0675
SPKLU,0.005930171990895579,58,1,4,0.35,0.1598
SPMA,-0.02768216014947751,47,1,1,0.5,0.1269
SPMC,-0.049858795010286505,38,1,11,0.55,0.3054
SPME,-0.022622100808747783,49,0,0,0.4,0.113
SPNT,0.046993467060629436,68,0,0,0.35,0.0708
SPOK,-0.06941434972865677,34,1,1,0.55,0.2675
SPOT,-0.07730162938816507,32,1,12,0.65,0.2808
SPPL,0.5269079037545008,96,0,0,0.0,0.1621
SPRB,0.011629679992841056,60,0,0,0.6,0.435
SPRC,-0.2851043486181192,8,1,10,0.5,
SPRO,-0.2021570561809978,14,1,9,0.65,0.256
SPRU,-0.21663265321889938,13,1,12,0.9,0.6185
SPRY,-0.048847555291207094,38,1,3,0.15,0.3893
SPSC,0.023988666244648328,63,0,0,0.45,0.4362
SPT,0.16380692293293617,85,0,0,0.35,0.3803
SPWH,-0.025612320370721243,48,0,0,0.75,0.2099
SPWR,-0.412609786443239,4,1,16,0.95,0.7097
SPXC,0.08580448125829329,76,0,0,0.0,0.0962
SPXX,0.023458481831476204,63,0,0,0.05,0.0366
SQFT,-0.19149468935465472,15,1,3,0.85,0.4334
SQFTP,-0.15147360029040044,21,1,1,0.8,
SQM,-0.21623836676956038,13,1,7,0.75,0.2998
SQNS,-0.09710746627081529,29,0,0,0.8,0.4517
SR,-0.11980773077700857,25,1,1,0.9,0.2545
SRAD,0.08244539671628567,75,0,0,0.25,0.4235
SRBK,0.008534105187874362,59,0,0,0.3,0.035
SRCE,0.09156220185312772,77,0,0,0.2,0.0163
SRE,-0.011741000209690534,53,0,0,0.45,0.1669
SRFM,-0.24697261208150445,10,1,6,0.95,0.7327
SRG,-0.06963594326259712,34,1,1,0.4,0.3738
SRI,0.12082105477811708,81,0,0,0.35,0.232
SRL,-0.08694085314019318,30,1,1,0.75,0.4458
SRPT,-0.1350378849840389,23,0,0,0.65,0.3669
SRRK,0.12271309997724678,81,0,0,0.6,0.0298
SRTA,-0.08328004125622979,31,1,6,0.5,0.193
SRTS,-0.16649200607847872,18,0,0,0.8,0.4639
SRV,0.006575786423743589,59,0,0,0.3,0.0698
SRXH,-0.25791271564022483,10,1,7,0.55,0.6494
SRZN,-0.12108902169579003,25,0,0,0.75,0.2575
SSB,0.01917597697131397,62,0,0,0.25,0.1363
SSBI,-0.010501652412770946,54,0,0,0.6,0.1112
SSD,0.0848238881382114,76,0,0,0.2,0.0838
SSEA,-0.03649212553526482,42,1,1,0.45,0.1409
SSEAU,-0.039147706383508576,41,1,1,0.5,0.1452
SSII,-0.20340492933991458,14,1,2,0.9,0.4473
SSL,-0.28095677863675467,8,1,11,0.75,0.3706
SSM,-0.10491906256029027,27,0,0,0.8,0.472
SSNC,-0.094256251798397,29,1,11,0.65,0.3399
SSP,-0.2951131448542803,8,1,36,1.0,0.4731
SSRM,-0.063219811310741,35,1,1,0.7,0.2638
SSSS,-0.03288437484429113,45,1,11,0.55,0.1243
SST,-0.2885527823741454,8,1,16,0.8,
SSTI,0.2305511054423112,89,0,0,0.1,0.0936
SSTK,-0.13997956317139476,22,1,1,0.75,0.3092
SSYS,-0.1299579397950642,23,1,16,0.8,0.345
ST,0.03555059472924978,66,1,2,0.25,0.111
STAA,0.12200551435365267,81,1,1,0.65,0.1145
STAG,-0.007999361057738484,55,0,0,0.45,0.0861
STAK,3.6609307670245888,99,0,0,0.2,
STBA,0.08169188945296188,75,0,0,0.15,0.0206
STC,-0.016579884508511167,52,0,0,0.5,0.1265
STE,-0.056335198079627544,36,0,0,0.65,0.2589
STEL,0.0217240726355286,62,0,0,0.2,0.075
STEM,-0.29115780387850326,8,1,19,0.95,0.6619
STEP,-0.21168756860265966,13,1,8,0.95,0.4974
STEW,-0.011220461075500721,53,0,0,0.3,0.0998
STEX,-0.3716518350636047,5,1,19,0.95,
STFS,1.5301362344692797,99,0,0,0.3,
STG,0.26797045090453786,91,0,0,0.5,
STGW,-0.0036408895510583114,56,0,0,0.4,0.0895
STHO,0.03907488090232907,66,0,0,0.15,0.0789
STI,0.9601300522475247,98,1,6,0.45,
STIM,-0.13854454055749163,22,0,0,0.8,0.4332
STK,0.06067430608717277,71,1,2,0.4,0.0717
STKE,-0.1702946959752678,18,1,25,1.0,0.5773
STKH,-0.6716661702411061,1,1,41,1.0,0.8199
STKS,0.06076573569890783,71,0,0,0.65,0.2529
STLA,-0.32148575587029554,6,1,20,1.0,0.5527
STLD,-0.006174746947854942,55,1,7,0.35,0.173
STM,0.4104741838661733,95,0,0,0.05,0.0587
STN,-0.19136511124707026,15,1,67,1.0,0.3719
STNE,-0.08309342878158851,31,1,1,0.7,0.3174
STNG,-0.11998968664579521,25,1,3,0.65,0.2069
STOK,-0.03865983468363712,41,0,0,0.6,0.2322
STRA,-0.04993917737327437,38,1,1,0.6,0.1986
STRC,-0.18105346124728255,17,1,12,0.95,0.2667
STRD,-0.24986513569497873,10,1,59,1.0,0.3273
STRF,-0.08912331501700191,30,1,59,1.0,0.1626
STRK,-0.21046032029655343,13,1,39,1.0,0.3383
STRL,0.3476291586177773,93,1,2,0.15,
STRO,0.08447459121887149,76,0,0,0.6,0.19
STRR,-0.014856352904068382,52,1,1,0.25,0.1074
STRRP,-0.04109422998366793,40,1,1,0.5,0.1641
STRS,-0.07045217919492247,33,1,1,0.6,0.2285
STRT,0.010819390725224219,60,0,0,0.0,0.1723
STRW,0.03858161550515928,66,0,0,0.2,0.0566
STRZ,0.5443976677746423,96,0,0,0.05,0.0064
STT,0.11462057045871701,80,0,0,0.0,0.0302
STTK,0.0344487463132536,65,0,0,0.7,0.1707
STUB,0.5389954070230054,96,0,0,0.0,0.2514
STVN,0.00900822458015197,59,1,1,0.55,0.2643
STWD,-0.0619988474900498,35,1,1,0.85,0.1458
STX,0.5226900593155162,96,0,0,0.05,0.11
STXS,-0.15472866174518576,20,1,5,0.9,0.4238
STZ,-0.09127252785760182,30,1,1,0.6,0.2276
SU,-0.20015367783905882,15,1,27,1.0,0.3064
SUGP,-0.6759895516530958,1,1,26,1.0,0.8885
SUI,-0.07653128915056587,32,1,1,0.7,0.1924
SUIG,-0.2753457114401097,9,1,24,1.0,0.4825
SUN,-0.004164009151304104,55,0,0,0.75,0.1138
SUNC,0.01929937570356225,62,0,0,0.75,0.0657
SUNE,0.5751814195137444,96,1,1,0.3,
SUNS,0.002628641592546256,57,0,0,0.1,0.1648
SUPN,-0.06290038520580624,35,0,0,0.85,0.2268
SUPV,0.04314650494351351,68,1,4,0.2,0.2799
SUPX,-0.19721695440747883,15,1,11,0.8,0.6256
SURG,-0.4802562121413333,2,1,19,0.95,0.844
SUZ,-0.16208414000463672,19,1,6,0.9,0.3806
SVAC,-0.05827910363773499,36,1,1,0.9,0.1756
SVACU,-0.09466880016462245,29,1,11,0.75,0.2059
SVAQU,0.004457120430148856,58,0,0,0.25,0.1085
SVC,-0.049934029248374937,38,0,0,0.55,0.3358
SVCC,-0.033536178165034715,44,1,1,0.5,0.1387
SVCCU,-0.017043700784269845,52,0,0,0.3,0.1276
SVCO,0.3328422469850252,93,0,0,0.0,
SVM,-0.10778935317529215,27,1,7,0.8,0.3047
SVRA,0.14759065251436293,84,0,0,0.3,0.1367
SVRE,-0.33495746903318896,6,1,9,0.9,0.6299
SVRN,-0.10924209305819768,27,1,8,0.5,
SVV,0.13127672027695517,82,0,0,0.0,0.2088
SW,0.10541566024837334,79,0,0,0.05,0.1701
SWAG,0.2281291496058527,89,0,0,0.0,0.062
SWBI,-0.020577863039623414,50,0,0,0.65,0.1034
SWIM,0.11297674571212918,80,0,0,0.35,0.1838
SWK,0.1948575892514758,87,0,0,0.15,0.0382
SWKS,-0.03326747898458539,44,1,4,0.5,0.1799
SWVL,-0.19668992078035544,15,1,6,0.95,0.5268
SWX,-0.019459308493372185,51,0,0,0.45,0.1204
SXC,0.021012209810607613,62,1,8,0.4,0.1494
SXI,0.28454593919769905,91,0,0,0.0,0.0
SXT,0.03321064634292049,65,0,0,0.4,0.0811
SXTC,0.214600095445126,88,1,1,0.35,
SXTP,0.1286625300774935,82,0,0,0.55,
SY,-0.4129869662979737,4,1,36,1.0,0.6394
SYBT,0.04295244980829558,67,0,0,0.25,0.0279
SYF,0.05891110662532902,71,0,0,0.35,0.1706
SYK,0.008379013268610416,59,0,0,0.55,0.213
SYM,-0.21942788264493343,13,1,36,1.0,0.463
SYNA,0.12012147366033477,80,1,4,0.25,0.1964
SYNX,-0.16746557234778123,18,1,4,0.9,
SYPR,-0.3389750724363098,6,1,18,0.9,0.4821
SYRE,0.3606788527028924,94,0,0,0.1,0.0972
SYY,0.05598670991937179,70,0,0,0.2,0.1512
SZZL,-0.03370752649388971,44,1,1,0.5,0.1398
SZZLU,-0.05144908929231405,38,1,1,0.5,0.159
T,-0.19850662985160172,15,1,59,1.0,0.3533
TAC,-0.022032696541604547,50,0,0,0.25,0.1143
TACH,-0.031904723633392834,45,1,1,0.5,0.1419
TACHU,-0.008092878233591373,54,0,0,0.25,0.1207
TACO,-0.032879692967310234,45,0,0,0.5,0.1294
TACOU,-0.04020366298212093,40,1,1,0.55,0.114
TACT,0.3631505524134551,94,0,0,0.0,0.047
TAK,-0.07441264734685339,33,0,0,0.75,0.256
TAL,-0.11478263057823637,26,1,1,0.95,0.3066
TALK,-0.03625308791370341,42,1,1,0.5,0.146
TALO,-0.16687841858917982,18,1,12,0.95,0.3118
TANH,-0.09707209082887142,29,1,4,0.3,0.6342
TAOP,0.09794033271453662,78,0,0,0.3,0.249
TAOX,-0.23249108608308933,12,1,32,1.0,0.4716
TAP,-0.07505632198001483,33,1,1,0.65,0.3165
TARA,-0.18678013668996465,16,1,36,1.0,0.4871
TARS,-0.044366635179988824,39,1,1,0.45,0.3151
TASK,-0.28486852109386374,8,1,18,0.9,0.4293
TATT,0.1110849254463927,79,0,0,0.0,0.3297
TAVI,-0.03576877032903734,43,1,1,0.45,0.1413
TAVIU,-0.06898520716677684,34,1,9,0.55,0.1421
TAYD,-0.052570248435723714,37,0,0,0.3,0.4129
TBBB,0.1810963145657294,87,0,0,0.0,0.0294
TBBK,0.06444783592786074,72,0,0,0.45,0.1998
TBCH,0.01620336042041428,61,1,5,0.3,0.1955
TBH,-0.08778836014100155,30,1,22,1.0,0.4096
TBI,0.3871709222364259,94,0,0,0.05,0.0204
TBLA,0.18550189100106568,87,0,0,0.45,0.0587
TBLD,-0.019424541930893137,51,0,0,0.8,0.0828
TBN,-0.1559081475524287,20,1,7,0.75,0.4402
TBPH,0.018112040722344826,61,0,0,0.25,0.2401
TBRG,0.1422759622177509,83,0,0,0.15,0.0308
TC,-0.18667483148318523,16,1,5,0.7,0.4124
TCBI,0.0048796797019216714,58,0,0,0.4,0.101
TCBIO,-0.06661777436651299,34,1,1,0.9,0.1804
TCBK,0.04017687446057026,67,0,0,0.25,0.0541
TCBS,0.016823717453225612,61,0,0,0.2,0.1485
TCBX,0.020826759623384365,62,0,0,0.35,0.1437
TCI,0.23006212943519924,89,0,0,0.4,0.2605
TCMD,0.16779382325051584,86,0,0,0.15,0.1562
TCOM,-0.22149385170526636,12,1,12,0.95,0.5277
TCPC,-0.1299116375172417,23,1,35,1.0,0.4219
TCRT,-0.2189035570735766,13,0,0,0.85,0.4088
TCRX,-0.15632579451036366,20,0,0,0.9,0.3476
TCX,-0.15244699679105964,21,0,0,0.9,0.4857
TD,0.09910391800999624,78,0,0,0.05,0.0104
TDAC,-0.039782881951590576,41,1,1,0.5,0.1405
TDACU,-0.007184088013490721,55,1,1,0.4,
TDAY,0.1264335739127723,81,0,0,0.25,0.0
TDC,0.1733632271713483,86,0,0,0.5,0.1584
TDF,-0.057453473315808,36,1,31,1.0,0.1635
TDG,0.05954468203493853,71,0,0,0.25,0.169
TDIC,-0.6241516293460763,1,1,31,1.0,
TDOC,0.31145792714689546,92,0,0,0.0,0.0
TDS,-0.12090450323774835,25,1,12,0.95,0.2703
TDTH,-0.5676684889931192,2,1,10,0.75,0.919
TDUP,0.6354612852207121,97,0,0,0.05,0.0063
TDW,-0.20183267926600576,14,1,40,1.0,0.3148
TDWD,-0.03331507931501487,44,1,1,0.5,0.1382
TDWDU,-0.045612844574736335,39,1,1,0.55,0.156
TDY,-0.018253173681393342,51,0,0,0.65,0.1467
TE,0.2226217972876772,89,0,0,0.4,0.2459
TEAD,-0.20999153998584735,14,1,3,0.3,0.3926
TEAM,-0.030405464743848296,46,1,13,0.65,0.5525
TECH,0.33460820059785085,93,0,0,0.1,0.0832
TECK,-0.05642044375862538,36,1,7,0.55,0.1557
TECX,0.10628673315082848,79,0,0,0.35,0.1674
TEI,0.031526839681304285,65,0,0,0.25,0.093
TEL,-0.07906006812091412,32,1,5,0.45,0.2392
TELA,-0.13426227611846964,23,1,8,0.8,0.4329
TELO,-0.09283426985692325,29,1,6,0.9,0.2255
TEM,0.14465438767271305,84,0,0,0.4,0.2302
TEN,-0.11300922974826752,26,1,3,0.85,0.2209
TENB,0.502037076428068,96,0,0,0.05,0.0
TENX,-0.003714284457283966,56,0,0,0.6,0.3152
TEO,0.002725230313039846,58,1,7,0.35,0.1996
TER,0.24474582108849122,90,0,0,0.15,0.0274
TEVA,-0.009425732588206004,54,1,1,0.55,0.1495
TEX,0.20276123050091235,88,0,0,0.1,0.0245
TFC,0.018707081008670502,62,0,0,0.4,0.1483
TFII,0.008293685388596109,59,1,10,0.5,0.1209
TFIN,0.10396745544657526,79,0,0,0.05,0.0308
TFPM,-0.08250899847855309,31,0,0,0.75,0.3274
TFSL,0.14066940012881313,83,0,0,0.05,0.014
TFX,-0.04518963585928083,39,1,1,0.6,0.1185
TG,-0.08828690443137066,30,1,1,0.75,0.2431
TGB,-0.12256068598568215,25,1,7,0.6,0.3405
TGE,-0.05853179605966472,36,0,0,0.5,0.3885
TGEN,0.15135720033223035,84,1,5,0.6,0.2276
TGHL,0.5384959310514053,96,0,0,0.5,
TGL,-0.09068379794188451,30,1,10,0.7,0.5699
TGLS,0.019819835375779297,62,0,0,0.1,0.2044
TGS,-0.08195027804833169,31,1,5,0.5,0.2639
TGT,0.025339012244567825,63,0,0,0.3,0.0615
TGTX,0.5123280412789479,96,0,0,0.1,0.0181
TH,0.40676507642905796,95,0,0,0.35,0.0139
THC,0.01204756641912394,60,0,0,0.5,0.2968
THCH,-0.20587878128817244,14,1,51,1.0,0.4464
THFF,0.11922099132044991,80,0,0,0.15,0.017
THG,0.14794649623448006,84,0,0,0.2,0.0073
THH,-0.24541189865244664,10,1,1,0.85,
THM,-0.18483973789428512,16,1,18,0.9,0.4844
THO,-0.045192803887313684,39,0,0,0.65,0.3918
THQ,0.01706736419691051,61,0,0,0.3,0.0913
THRM,0.03393353351558039,65,1,1,0.05,0.1946
THRY,0.14682654170703524,84,0,0,0.2,0.3726
THW,0.047460337186460914,68,0,0,0.65,0.0059
TIC,-0.026652699569800264,48,1,1,0.95,0.3478
TIGO,0.09892260716442364,78,0,0,0.2,0.0176
TIGR,-0.23732121047082058,11,1,49,1.0,0.6247
TII,-0.2011662716681024,14,1,4,0.9,0.6223
TIL,-0.10201740600882536,28,1,12,0.9,0.4344
TILE,0.23055016508095208,89,0,0,0.15,0.0447
TIMB,-0.1238560350646575,24,1,1,0.9,0.2889
TIPT,-0.003567074459144552,56,0,0,0.4,0.1008
TISI,0.00253178627291719,57,1,1,0.3,0.1241
TITN,-0.00048716699526890617,57,0,0,0.45,0.1267
TJGC,0.7918453847908531,98,1,10,0.6,
TJX,-0.06637574850641681,34,1,3,0.25,0.1741
TK,-0.14933888319335417,21,1,3,0.6,0.2276
TKC,-0.031355166927314625,45,1,1,0.5,0.2359
TKLF,-0.06514774798634414,35,0,0,0.6,0.4527
TKNO,0.5072665954121066,96,0,0,0.1,0.0299
TKO,0.05980881193097174,71,0,0,0.25,0.1264
TKR,0.2254038168811199,89,0,0,0.0,0.0126
TLF,-0.024969103430695562,49,0,0,0.7,0.1363
TLIH,0.579682005781601,97,0,0,0.0,
TLK,-0.1649250742984826,19,1,60,1.0,0.4098
TLN,0.06148761105934351,71,0,0,0.3,0.1145
TLNC,-0.036416057485216126,42,0,0,0.5,0.1427
TLNCU,-0.02016858808273925,50,0,0,0.35,0.1313
TLPH,0.29876510485498925,92,0,0,0.25,0.2286
TLRY,-0.27506235033348786,9,1,46,1.0,0.5685
TLS,-0.05482210089964057,37,0,0,0.65,0.2783
TLSA,-0.12491623678044331,24,0,0,0.95,0.3382
TLSI,0.24797194699712313,90,0,0,0.35,0.3784
TLX,0.12349329804573977,81,0,0,0.6,0.0715
TLYS,-0.11841702317423364,25,1,9,0.5,0.3115
TM,-0.16094225220373623,19,1,82,1.0,0.3684
TMC,-0.2474750627445059,10,1,16,0.8,0.5854
TMCI,1.024126237789435,98,0,0,0.0,0.0585
TMDE,-0.22760392104844615,12,0,0,0.85,
TMDX,-0.20848790155038005,14,1,2,0.5,0.5848
TME,-0.11507539167064065,26,1,11,0.8,0.5666
TMHC,0.16429163284956477,85,0,0,0.0,0.046
TMO,0.018090574751291402,61,0,0,0.35,0.2663
TMP,0.07903616378280995,75,0,0,0.15,0.0221
TMQ,-0.175018095776101,17,1,17,0.85,0.5203
TMS,-0.2070144029930566,14,1,2,0.5,0.3086
TMUS,-0.1300572748191486,23,1,1,0.75,0.3045
TNC,0.044496103674638375,68,1,1,0.15,0.0584
TNDM,-0.16067767983581732,19,1,1,0.6,0.4869
TNET,0.14969020730889057,84,0,0,0.1,0.2574
TNGX,0.5009180839085672,96,0,0,0.2,
TNK,-0.1272738775362676,24,1,3,0.55,0.2393
TNL,0.1292621297160721,82,0,0,0.0,0.0697
TNMG,0.022896684176442382,62,0,0,0.95,
TNON,-0.41583711528359074,4,1,32,1.0,
TNXP,-0.036459457526476634,42,0,0,0.65,0.3797
TNYA,-0.0396308881774666,41,1,19,0.95,0.3014
TOI,0.42149404692980635,95,0,0,0.05,0.0
TOL,0.15315698081571003,84,0,0,0.15,0.09
TOMZ,0.038662967394311444,66,0,0,0.55,0.2357
TONX,-0.11723281887602854,26,1,9,0.75,0.3676
TOON,0.07822276337470846,74,1,6,0.3,0.4045
TOP,0.9219650431589441,98,0,0,0.05,0.0
TOPP,-0.17439815998861244,17,1,6,0.65,
TOPS,-0.45417946469816173,3,1,86,1.0,0.8683
TORO,-0.013793484146929123,53,1,4,0.85,
TOST,0.03543399216879254,66,0,0,0.65,0.2889
TOUR,-0.2508384502811235,10,1,24,1.0,0.3745
TOVX,-0.14371475511982298,22,1,10,0.9,
TOWN,0.03559256649926854,66,0,0,0.35,0.0784
TOYO,-0.4382589031007614,3,1,15,0.75,0.5699
TPB,-0.03440448572970483,44,0,0,0.75,0.4486
TPC,0.01722393604187429,61,0,0,0.5,0.1796
TPCS,0.22994299165976104,89,0,0,0.75,0.1475
TPET,-0.3883962076855606,4,1,12,0.95,
TPG,-0.09092174120353186,30,1,7,0.65,0.4654
TPL,-0.058457639764983325,36,0,0,0.8,0.3091
TPR,-0.016003664303280464,52,0,0,0.25,0.1503
TPST,-0.39938323216878774,4,1,30,1.0,0.6686
TPVG,-0.0759257326043907,32,1,10,0.85,0.2713
TR,-0.05480332239142717,37,0,0,0.8,0.2144
TRAK,-0.027021947157600874,48,1,12,0.6,0.3166
TRAW,-0.4735117739689641,3,1,28,1.0,0.7285
TRC,-0.07948291349742641,32,1,1,0.8,0.1574
TRDA,-0.16579155402601667,19,0,0,0.65,
TREE,-0.023775376963624764,49,0,0,0.7,0.4162
TREX,0.18949427934002847,87,0,0,0.15,0.0168
TRGP,0.025223270741780483,63,0,0,0.4,0.0698
TRI,-0.07918490725736055,32,0,0,0.85,0.4086
TRIB,-0.3931788603566151,4,1,9,0.5,0.5829
TRIN,0.0840091852635872,76,0,0,0.15,0.0
TRIP,0.2689578329816358,91,0,0,0.0,0.1249
TRLV,0.06617859328406595,72,1,6,0.5,0.2928
TRMB,-0.18771060643774026,16,1,64,1.0,0.4218
TRMD,-0.12059401093572875,25,1,5,0.85,0.2478
TRMK,0.012227136084174403,60,0,0,0.35,0.0652
TRN,0.06164994346700264,71,0,0,0.25,0.0818
TRNO,-0.024664586242367392,49,0,0,0.55,0.0746
TRNR,-0.41139940432560035,4,1,28,1.0,0.9527
TRNS,0.156090365369567,85,0,0,0.0,0.0263
TRON,-0.3188957813232361,6,1,23,1.0,0.5042
TROO,-0.25847926523174164,10,1,20,1.0,0.5185
TROW,0.1255238102739637,81,0,0,0.15,0.0
TROX,-0.3112818159047687,7,1,10,0.95,0.4197
TRP,0.011157558070765523,60,1,1,0.45,0.0694
TRS,0.11115844069466316,79,0,0,0.25,0.0175
TRSG,0.23422841990160695,89,0,0,0.0,0.0197
TRST,0.09094796603507516,77,0,0,0.1,0.0323
TRT,0.08107574103969509,75,1,4,0.75,
TRTX,0.01636613321369678,61,0,0,0.3,0.1021
TRU,-0.01223682373201469,53,0,0,0.65,0.2363
TRUG,-0.36246178666994383,5,1,83,1.0,0.8808
TRUP,0.041069798141296514,67,0,0,0.35,0.3849
TRV,0.08259489988932608,75,0,0,0.25,0.0285
TRVG,0.5916894187153088,97,0,0,0.05,0.031
TRVI,0.33759132010670856,93,0,0,0.45,0.0
TRX,-0.3076364885220123,7,1,53,1.0,0.641
TS,-0.10611828220004879,27,1,10,0.55,0.1641
TSAT,-0.0966874421569658,29,1,11,0.9,0.2014
TSBK,0.058573616755428486,71,0,0,0.2,0.0518
TSCO,-0.13711775048469715,22,0,0,0.75,0.4746
TSEM,0.1176266360214184,80,1,2,0.35,0.1897
TSHA,0.17986464390965978,87,0,0,0.5,0.0552
TSI,-0.03673202674542838,42,0,0,0.5,0.1468
TSLA,-0.01773815305533311,51,0,0,0.95,0.1642
TSLX,-0.05781165262166807,36,0,0,0.85,0.2656
TSM,0.12513273203704403,81,0,0,0.0,0.0224
TSN,-0.10094514860790502,28,0,0,0.9,0.2109
TSQ,0.09394039257673076,77,0,0,0.45,0.1432
TSSI,-0.15479014992776302,20,1,5,0.7,0.3109
TT,0.027671734769825408,64,0,0,0.3,0.0599
TTAM,0.12498656680086759,81,0,0,0.3,0.102
TTAN,0.07333486617167254,73,0,0,0.5,0.4012
TTC,0.027794082773963426,64,0,0,0.45,0.1061
TTD,-0.18270357626348707,17,1,19,0.95,0.5707
TTE,-0.16354848775552666,19,1,12,0.95,0.2705
TTEC,-0.24793117011557056,10,1,24,1.0,0.4635
TTEK,-0.047127478386208704,39,0,0,0.65,0.3676
TTGT,-0.19045786640062212,16,1,33,1.0,0.4034
TTI,0.12087953660378223,81,0,0,0.45,0.145
TTMI,0.2562520701673324,90,1,1,0.1,0.1527
TTRX,0.5861782023984666,97,0,0,0.0,0.019
TTWO,0.13612511793259063,83,0,0,0.55,0.1163
TU,-0.15526466344112244,20,1,12,0.95,0.2782
TULP,-0.12989638874972312,24,1,3,0.8,0.363
TURB,-0.07842333606994054,32,0,0,0.3,
TUSK,-0.0726801521842812,33,1,10,0.55,0.2277
TUYA,-0.20901544677120892,14,1,11,0.95,0.3664
TV,-0.05595475276724583,36,1,6,0.6,0.2575
TVA,-0.03335702268377945,44,0,0,0.5,0.1354
TVACU,-0.04234299870384808,40,1,1,0.6,0.1722
TVAI,-0.03183043540812702,45,0,0,0.45,0.1385
TVAIU,-0.0971183687406943,29,1,1,0.9,0.1403
TVGN,-0.06961042498416761,34,1,2,0.25,0.7014
TVRD,-0.4665300279120468,3,1,26,1.0,0.6343
TVTX,0.42623003061000264,95,0,0,0.05,0.0254
TW,-0.17248500304516154,18,1,56,1.0,0.3566
TWAV,-0.15931931160134433,19,1,7,0.55,0.4587
TWFG,0.2413930702162662,90,0,0,0.2,0.2329
TWG,-0.3204588432841531,6,1,60,1.0,
TWI,0.020703974413372343,62,0,0,0.5,0.3604
TWIN,0.3641198519814753,94,0,0,0.05,0.0426
TWLO,0.24941900159248195,90,0,0,0.45,0.144
TWLVU,-0.023877944981268696,49,0,0,0.45,0.1367
TWN,0.03535330127502564,66,1,2,0.3,0.066
TWO,0.027690816849625648,64,0,0,0.4,0.1575
TWST,0.6133445552546111,97,0,0,0.0,0.0308
TX,-0.05519414821814633,37,1,8,0.4,0.1316
TXG,0.5268360549657818,96,0,0,0.0,0.0055
TXMD,0.024402863757158853,63,0,0,0.7,0.248
TXN,0.03837964040882293,66,1,2,0.35,0.1369
TXNM,-0.07475028362766412,33,1,1,0.8,0.1685
TXO,-0.05722360153499939,36,1,12,0.65,0.1729
TXRH,0.11194542867264431,79,0,0,0.6,0.0868
TXT,-0.03618085078523349,42,1,1,0.5,0.1746
TY,0.01766949733724825,61,0,0,0.25,0.0143
TYG,-0.10377983272030114,28,1,2,0.85,0.247
TYGO,-0.4976168419008974,2,1,37,1.0,0.5601
TYL,-0.13443295540842848,23,1,1,0.9,0.4147
TYRA,-0.09673623478689453,29,0,0,0.7,0.2844
TZOO,0.25040179384530714,90,0,0,0.1,0.0
U,0.044155562108683995,68,0,0,0.45,0.4414
UA,-0.025494241128254002,48,0,0,0.3,0.2977
UAA,-0.01720599512241674,51,0,0,0.3,0.2962
UAL,0.30205104839709296,92,0,0,0.0,0.0229
UAMY,-0.3050784481334557,7,1,18,0.95,0.4548
UAN,-0.15300180694036933,20,1,32,1.0,0.2863
UAVS,-0.23486019940296635,11,1,18,0.9,
UBCP,-0.022666348061566446,49,0,0,0.1,0.1552
UBER,0.01645165011585694,61,0,0,0.75,0.2022
UBS,0.12007323938350259,80,0,0,0.0,0.0376
UBSI,0.035114301022880025,66,0,0,0.2,0.0529
UBXG,0.2266807360658725,89,0,0,0.45,
UCAR,-0.0035867503405622794,56,1,3,0.95,
UCB,0.046226826191261415,68,0,0,0.4,0.0943
UCFI,-0.03973621192120811,41,1,1,0.5,0.1493
UCL,-0.24442300059149966,10,1,6,0.75,0.5424
UCTT,0.654033139880568,97,0,0,0.15,0.0
UDR,0.06444891716700774,72,0,0,0.35,0.051
UE,0.02612809961551294,63,0,0,0.4,0.0402
UEC,-0.2477693728944558,10,1,18,0.95,0.498
UEIC,0.053444745446327026,70,0,0,0.6,0.1051
UFCS,0.22255315028804093,89,0,0,0.2,0.0143
UFG,0.011192770292001004,60,0,0,0.45,
UFI,0.2469258819600875,90,0,0,0.25,0.0
UFPI,0.0159447088154094,61,0,0,0.3,0.2642
UFPT,0.22180132573226588,89,0,0,0.15,0.0858
UG,-0.009244927249063586,54,0,0,0.45,0.1007
UGI,-0.05776256057972804,36,0,0,0.45,0.1875
UGP,-0.11844690528979551,25,0,0,0.9,0.2314
UHAL,0.20280421123496156,88,0,0,0.0,0.0171
UHS,-0.1176665260508411,25,1,85,1.0,0.4256
UHT,0.04885597806321738,68,0,0,0.65,0.0637
UI,-0.271031013702233,9,1,36,1.0,0.5184
UIS,0.25010141504798844,90,0,0,0.4,0.1904
UK,-0.4118665391917555,4,1,38,1.0,0.7833
UL,0.026273272490112222,63,0,0,0.3,0.2361
ULBI,-0.20485131760177236,14,1,18,0.9,0.2764
ULCC,0.6265289201920483,97,0,0,0.0,0.0779
ULH,-0.2438190908647754,11,1,9,0.45,0.4233
ULS,0.04289577178574543,67,0,0,0.7,0.0678
ULTA,-0.1625314041825536,19,1,1,0.85,0.4046
UMAC,0.009717068404751804,59,1,6,0.3,
UMBF,0.10503709327566299,79,0,0,0.2,0.0361
UMBFO,-0.032262154024342043,45,0,0,0.7,0.1178
UMC,0.8477266240988681,98,0,0,0.0,0.0518
UMH,-0.025903366982499856,48,0,0,0.5,0.1141
UNB,-0.030154085777654792,46,0,0,0.5,0.1386
UNCY,0.0718741092366813,73,0,0,0.65,0.0959
UNF,-0.0264032543790808,48,1,1,0.55,0.1403
UNFI,-0.11003680969076782,27,1,3,0.45,0.174
UNH,0.18350451931267905,87,0,0,0.15,0.0348
UNIT,0.04594163627511063,68,1,8,0.55,0.1073
UNM,0.09720242808596322,78,0,0,0.15,0.0345
UNP,0.010324459255331209,60,0,0,0.55,0.0583
UNTY,0.043463923211649984,68,0,0,0.25,0.0541
UONE,-0.1172409492121293,26,1,7,0.85,0.6652
UONEK,-0.15893031942299307,20,1,32,1.0,0.5381
UP,0.01046251454645191,60,0,0,0.5,0.655
UPB,-0.2447962977737151,10,0,0,0.95,0.802
UPBD,0.0850332942004032,76,0,0,0.25,0.1156
UPC,3.173575360517642,99,0,0,0.45,
UPLD,-0.4074572298432927,4,1,17,0.85,0.7341
UPS,0.015257427529963084,61,0,0,0.1,0.1453
UPST,0.09870798996289654,78,0,0,0.2,0.3621
UPWK,-0.16296290374395817,19,1,103,1.0,0.6523
UPXI,-0.34068468599831386,6,1,25,1.0,0.6873
URBN,-0.021711567859147695,50,1,1,0.5,0.1906
URG,-0.21618072010144745,13,1,9,0.75,0.3839
URGN,0.45766325652826956,95,0,0,0.3,0.0
URI,0.18515225405230343,87,0,0,0.0,0.0237
UROY,-0.2374991018872096,11,1,18,0.95,0.5178
USA,-0.023784189703438107,49,0,0,0.7,0.1105
USAC,-0.1108601480140248,27,1,11,0.9,0.196
USAR,-0.11645500759314303,26,1,5,0.7,0.2993
USAS,-0.23407890271370443,11,1,7,0.8,0.5692
USAU,-0.07190801553230561,33,1,6,0.8,0.3863
USB,0.09355242509343856,77,0,0,0.2,0.0542
USBC,-0.13210502652006822,23,1,4,0.8,0.552
USCB,0.05053436756333712,69,0,0,0.2,0.0832
USEA,0.15213591296046217,84,0,0,0.0,0.0
USFD,0.1569613913530278,85,0,0,0.2,0.0813
USGO,-0.26991579245930625,9,1,36,1.0,0.5061
USIO,0.5857698592809086,97,0,0,0.05,0.0118
USLM,-0.1828506042557061,17,1,5,0.85,0.3388
USNA,0.08909876454200785,76,0,0,0.35,0.1372
USPH,-0.028949034031752134,47,0,0,0.5,0.2714
UTF,0.019880350005037892,62,0,0,0.35,0.0562
UTG,-0.05584328834440226,36,1,2,0.65,0.1024
UTHR,-0.0593109437711137,36,1,1,0.9,0.2121
UTI,0.06139942760573853,71,0,0,0.25,0.0782
UTL,-0.010821691484061625,54,0,0,0.4,0.1418
UTMD,0.08329528844526041,75,0,0,0.4,0.0362
UTSI,-0.12154452624354414,25,1,7,0.4,0.2816
UTZ,-0.00341607336315386,56,0,0,0.75,0.3378
UUU,-0.32986452315062925,6,1,15,0.8,0.3868
UUUU,-0.26584861944966875,9,1,18,0.95,0.5087
UVE,0.07176312647378108,73,0,0,0.45,0.0249
UVSP,0.13504485056263776,82,0,0,0.1,0.0209
UVV,-0.023778233114850257,49,1,1,0.65,0.1659
UWMC,-0.38104145799164535,4,1,48,1.0,0.6564
UXIN,-0.4649601720124352,3,1,38,1.0,0.6564
UYSC,-0.0313106297189228,45,1,1,0.5,0.1248
UYSCU,-0.10619999649795572,27,1,12,0.75,0.167
UZX,-0.5404425856759405,2,1,17,0.85,
V,0.04972322098385234,69,0,0,0.4,0.109
VABK,0.020534956712933906,62,0,0,0.25,0.0666
VAC,0.31761659244908624,93,0,0,0.0,0.0
VACI,-0.03751017026639554,41,1,1,0.65,0.1245
VAL,-0.2724155931703654,9,1,26,1.0,0.3778
VALE,-0.11901069707344866,25,1,46,1.0,0.2053
VALN,-0.18136351218285193,17,1,20,1.0,0.6021
VALU,0.14511027476768415,84,0,0,0.35,0.0375
VANI,-0.06852551024693981,34,0,0,0.6,0.2627
VATE,0.8403740340107398,98,0,0,0.0,0.0797
VBF,-0.022417775694669895,50,0,0,0.5,0.1186
VBIO,-0.4073249757590145,4,1,32,1.0,0.6769
VBNK,0.15321961643724386,84,0,0,0.15,0.0
VC,-0.16418182886243718,19,1,3,0.35,0.2173
VCEL,0.3049084111414747,92,0,0,0.15,0.0409
VCIG,0.4782209388333516,96,1,7,0.55,
VCTR,0.029011856491131492,64,1,4,0.45,0.0832
VCV,-0.01394606617582457,53,0,0,0.35,0.1059
VCYT,0.5286500762046431,96,0,0,0.0,0.0211
VECO,0.37736148050183227,94,1,1,0.1,0.15
VEEA,-0.5858226291707032,1,1,21,1.0,0.6678
VEEE,-0.3881244715546564,4,1,12,0.95,
VEEV,0.03404486396387569,65,0,0,0.65,0.3237
VEL,-0.05310150064987676,37,0,0,0.65,0.2059
VELO,0.13227642977702128,82,1,5,0.45,0.4031
VENU,-0.37559513837134917,5,1,3,0.95,0.7669
VEON,-0.0482218139029576,39,1,1,0.85,0.1457
VERA,0.13281616539928234,82,0,0,0.55,0.2223
VERI,-0.40433417742532596,4,1,25,1.0,0.7629
VERU,0.33997578674872264,93,0,0,0.05,
VERX,-0.11694484407956132,26,1,15,0.85,0.4774
VET,-0.28354044687442886,8,1,27,1.0,0.4293
VFC,-0.09762168797733797,29,1,1,0.65,0.266
VFF,-0.3374237170394239,6,1,46,1.0,0.5352
VFL,0.002737787397075288,58,0,0,0.3,0.0769
VFS,-0.21152172996220533,13,1,44,1.0,0.4108
VG,-0.19169913091027138,15,1,10,0.9,0.4564
VGAS,-0.39686823760540135,4,1,4,0.95,0.6031
VGI,-0.020437874043400518,50,0,0,0.5,0.099
VGM,0.012785450426205602,60,0,0,0.35,0.0753
VGZ,-0.1596371440689169,19,1,6,0.6,0.4274
VHC,-0.15201670510522128,21,1,1,0.7,0.4919
VHCPU,-0.03504724845497942,43,1,1,0.45,0.1417
VHI,-0.018775487854517638,51,0,0,0.35,0.1313
VIA,0.24151186327196636,90,0,0,0.65,0.4159
VIASP,-0.036046543296798864,42,1,1,0.55,0.1282
VIAV,0.05232216800579905,69,1,2,0.55,0.1688
VICI,-0.05486542711488358,37,1,1,0.75,0.1506
VICR,0.41821554936767696,95,0,0,0.2,0.0
VIK,0.23049829260662044,89,0,0,0.0,0.0001
VINP,-0.0986096804013716,28,1,7,0.95,0.3108
VIOT,-0.23515045018715186,11,1,16,0.95,0.6071
VIPS,-0.14972689076392523,21,1,62,1.0,0.3229
VIR,0.05378045083572832,70,0,0,0.6,0.1071
VIRC,-0.03045373827452116,46,1,1,0.3,0.1746
VIRT,0.19215227341487864,87,0,0,0.2,0.0921
VISN,0.1652783279288139,85,0,0,0.05,0.0262
VIST,-0.16389760530493994,19,1,12,0.65,0.2862
VITL,-0.06549834861893067,34,0,0,0.4,0.6841
VIV,-0.09411744356489421,29,1,1,0.8,0.2594
VIVK,-0.8424699814319989,0,1,42,1.0,
VIVO,0.367668687595496,94,0,0,0.3,0.1739
VIVS,-0.29086906743091134,8,1,82,1.0,
VKI,0.0559365265076175,70,0,0,0.2,0.0855
VKQ,0.014829652617524343,61,0,0,0.25,0.0708
VKTX,0.1838273111057453,87,0,0,0.6,0.0139
VLGEA,-0.09334805348781619,29,0,0,0.75,0.1563
VLN,0.06918628412267402,73,1,16,0.8,
VLO,0.04864473097068831,68,0,0,0.35,0.102
VLRS,0.2131293482225526,88,0,0,0.15,0.1898
VLT,-0.01855504425595519,51,0,0,0.4,0.115
VLTO,0.0068383646616733545,59,0,0,0.65,0.2043
VLY,0.07037806931619961,73,0,0,0.15,0.0209
VLYPN,-0.020716128506936715,50,0,0,0.45,0.1153
VLYPO,-0.03225374735937543,45,1,1,0.45,0.1308
VLYPP,-0.03676139911585642,42,1,1,0.5,0.1347
VMAR,-0.7955083953983907,0,1,118,1.0,0.9781
VMC,0.05537933492134193,70,0,0,0.2,0.1481
VMD,0.11546514263924301,80,0,0,0.15,0.0365
VMI,0.14645774073874143,84,0,0,0.0,0.025
VMO,-0.0016425064810025244,56,0,0,0.3,0.0801
VNCE,1.1308479394492008,98,0,0,0.05,0.0191
VNDA,-0.1303751225219745,23,0,0,0.9,0.4162
VNET,-0.24334772258236945,11,1,17,0.85,0.5105
VNME,-0.03735599910830372,42,1,1,0.45,0.1409
VNMEU,-0.03613746476685507,42,1,1,0.5,0.1941
VNO,0.25484559467676815,90,0,0,0.0,0.0061
VNOM,-0.11898175138442285,25,1,27,1.0,0.2327
VNRX,-0.5689710465180859,2,1,21,1.0,0.8122
VNT,-0.13527777582872347,23,1,1,0.65,0.3754
VNTG,-0.11629713055441615,26,1,2,0.55,0.3388
VOC,-0.14945806888114108,21,0,0,0.95,0.3011
VOD,-0.11011335491963331,27,1,10,0.85,0.1953
VOR,0.22479577196200987,89,0,0,0.55,0.0903
VOXR,-0.1642382877972088,19,1,23,1.0,0.3147
VOYA,0.13940279105104755,83,0,0,0.1,0.0228
VOYG,-0.14328145770089074,22,1,11,0.6,0.4079
VPG,0.9565333727700829,98,0,0,0.0,0.0114
VPV,0.018681435794123645,62,0,0,0.1,0.0547
VRA,0.07921430863644804,75,0,0,0.4,0.1056
VRAX,-0.27622358742501935,9,1,14,0.8,
VRCA,0.09421445236451467,77,0,0,0.85,0.3235
VRDN,0.0500433549552261,69,0,0,0.6,0.4845
VREX,-0.13132813197160323,23,1,3,0.7,0.3572
VRM,-0.41196098982099966,4,1,6,0.9,0.6568
VRME,-0.17447112729710154,17,1,12,0.9,
VRNS,0.4456330243919362,95,0,0,0.0,0.0184
VRRM,-0.3587552245333471,5,1,113,1.0,
VRSK,-0.01801308357123941,51,0,0,0.3,0.2628
VRSN,-0.12796823904459287,24,1,12,0.9,0.1825
VRT,-0.004557738402213372,55,1,2,0.7,0.1781
VRTS,-0.002952427912427176,56,0,0,0.4,0.21
VRTX,0.09717367182685327,78,0,0,0.2,0.0901
VRXA,-0.8464014014072887,0,1,9,0.65,
VS,0.1521072875132633,84,0,0,0.45,0.1651
VSA,-0.1737497855933374,18,1,8,0.8,
VSAT,0.1281324522950276,82,0,0,0.9,0.1014
VSEC,0.2384839666569684,90,0,0,0.25,0.0902
VSEE,-0.4679455912831342,3,1,20,1.0,0.7672
VSH,0.7947253303024231,98,1,1,0.05,0.1261
VSME,0.8854633905665575,98,0,0,0.4,
VSNT,-0.14397788704290673,22,1,14,0.95,0.2859
VST,-0.020538059500933036,50,0,0,0.45,0.1602
VSTD,-0.4768168340706465,2,1,22,1.0,0.6336
VSTM,-0.23303736568012798,12,1,4,0.85,0.5507
VSTS,0.3867298642179613,94,0,0,0.0,0.0
VSXY,0.5939795013485187,97,0,0,0.0,0.039
VTAK,0.006771153130537104,59,1,1,0.3,0.6058
VTEX,0.06099165774834157,71,0,0,0.65,0.0864
VTGN,0.21010503504833808,88,0,0,0.5,0.0493
VTMX,-0.05054551308827073,38,0,0,0.85,0.1386
VTN,0.023220380493048552,63,0,0,0.2,0.0973
VTOL,-0.10893982300877295,27,1,4,0.7,0.2363
VTR,0.006089672643738102,58,0,0,0.6,0.0862
VTRS,0.04550578781181363,68,0,0,0.45,0.0742
VTS,-0.13007977184226854,23,1,12,0.95,0.3212
VTSI,-0.21106148330005828,13,1,43,1.0,0.4165
VTVT,0.030324087129905926,64,0,0,0.6,0.2223
VUZI,-0.14495596516362297,22,1,16,0.8,0.4669
VVOS,-0.4118816885083512,4,1,14,0.9,0.8213
VVR,-0.049483659468056496,38,1,1,0.65,0.1612
VVV,0.14521956878164385,84,0,0,0.1,0.0661
VVX,-0.06306482882703444,35,1,4,0.25,0.219
VWAV,-0.2881497287559916,8,1,7,0.8,0.696
VYGR,-0.11507316676346682,26,1,1,0.7,0.3491
VYNE,-0.04508113314683068,39,1,1,0.65,0.102
VYX,0.1466932729920926,84,0,0,0.25,0.3289
VZ,-0.1224477557675723,25,1,1,0.75,0.243
VZLA,-0.11273539131723745,26,1,7,0.6,0.555
W,0.27486029661435313,91,0,0,0.15,0.2519
WAB,0.002887888574245691,58,1,1,0.3,0.0935
WABC,0.040538831764510584,67,0,0,0.15,0.0241
WAFD,0.06508216070273909,72,0,0,0.2,0.0136
WAFDP,-0.01838825785388607,51,0,0,0.45,0.1309
WAFU,-0.11561334453289257,26,1,11,0.75,0.2326
WAI,-0.11604676847563225,26,1,7,0.6,0.3229
WAL,0.04380864884035831,68,0,0,0.3,0.1889
WALD,0.3955204965773044,94,1,6,0.3,0.3058
WASH,0.08981323744045197,76,0,0,0.15,0.0746
WAT,0.08637041274935886,76,0,0,0.25,0.148
WATT,-0.06324290420545003,35,1,7,0.7,0.3497
WAVE,0.1373010512382878,83,0,0,0.5,0.1179
WAY,-0.1171942641169525,26,0,0,0.75,0.4604
WB,-0.12800725429614274,24,1,73,1.0,0.3536
WBD,-0.03562505933821414,43,0,0,0.6,0.1481
WBI,0.11166455502797074,79,0,0,0.35,0.0
WBS,0.026544903687865724,63,0,0,0.2,0.0426
WBTN,0.02335478527445064,63,0,0,0.7,0.1996
WBUY,-0.24811368347138785,10,1,12,0.95,0.5603
WBX,0.27084894913091007,91,0,0,0.4,0.0714
WCC,0.03149730863339651,65,1,2,0.4,0.069
WCN,0.03547732187546392,66,0,0,0.35,0.131
WCT,-0.42421697482572046,3,1,11,0.8,
WD,0.061512389849229486,71,0,0,0.25,0.2193
WDAY,-0.059489810253688324,36,1,12,0.6,0.4746
WDC,0.5479781984906884,96,0,0,0.1,0.1197
WDFC,0.149515526921524,84,0,0,0.2,0.113
WDH,-0.3441274575508881,5,1,55,1.0,0.4605
WDI,-0.023379819832945948,49,0,0,0.6,0.0871
WDS,-0.20119757975761632,14,1,10,0.9,0.3425
WEA,-0.020826809050613317,50,0,0,0.4,0.1128
WEAV,0.14220815800663233,83,0,0,0.7,0.2607
WEC,0.009007548885175458,59,0,0,0.4,0.1189
WELL,0.05516875008256938,70,0,0,0.45,0.0347
WEN,0.13918318127656185,83,0,0,0.75,0.0769
WENN,-0.034987487737529514,43,1,1,0.5,0.1393
WENNU,-0.038459601168734946,41,1,1,0.5,0.1402
WERN,0.17537666726893128,86,0,0,0.15,0.0224
WES,-0.012005637840277274,53,1,1,0.65,0.0992
WEST,0.32683754979767554,93,1,1,0.2,0.1659
WETH,-0.2702288384878784,9,1,14,0.95,0.4543
WETO,0.3722660274831588,94,0,0,0.2,
WEX,-0.11184745740629026,26,1,1,0.8,0.2922
WEYS,0.09615798768454548,77,0,0,0.05,0.0
WF,-0.13486587566259742,23,1,7,0.8,0.3656
WFC,0.03178111220510665,65,0,0,0.05,0.1916
WFCF,-0.04611800044961888,39,0,0,0.55,0.3418
WFF,0.5311547124436812,96,0,0,0.0,0.151
WFG,-0.006173290891112293,55,1,1,0.05,0.1787
WFRD,-0.2604138551735532,9,1,25,1.0,0.2995
WGO,-0.014350655527754032,52,0,0,0.75,0.4041
WGRX,-0.3770098307543188,5,1,26,1.0,
WGS,0.20538935085357787,88,0,0,0.0,0.5346
WH,0.013502443120497823,60,0,0,0.4,0.075
WHD,-0.14107433403217146,22,1,10,0.7,0.2207
WHF,-0.07336634622654672,33,0,0,0.85,0.1927
WHG,0.19207249413071947,87,0,0,0.05,0.0048
WHLR,-0.819736179575049,0,1,106,1.0,0.9838
WHLRD,-0.06618782879394194,34,1,2,0.55,0.1793
WHLRP,0.1985905848457107,88,0,0,0.05,0.0662
WHR,-0.25570313327385646,10,1,89,1.0,0.6147
WHWK,0.02101369290221438,62,0,0,0.75,0.1292
WIA,-0.024160826473048402,49,0,0,0.5,0.1198
WILC,-0.022136695213917888,50,1,10,0.85,0.1342
WIMI,-0.13453207143617255,23,1,11,0.8,0.5067
WINA,0.02424717086905303,63,0,0,0.25,0.2096
WING,-0.012285901711416268,53,0,0,0.4,0.4591
WIT,-0.06389061876577741,35,1,1,0.25,0.3363
WIW,-0.03610886895876508,42,1,1,0.6,0.1259
WIX,-0.31745995137265876,6,1,35,1.0,0.5936
WK,-0.07627070762954383,32,0,0,0.75,0.5057
WKC,0.21642021648987556,89,0,0,0.0,0.0197
WKEY,-0.13783172378411435,22,1,20,1.0,0.3331
WKHS,-0.11004880747100618,27,1,17,0.85,0.5178
WKSP,0.30720806308546583,92,0,0,0.65,0.5395
WLDN,-0.08474021523362907,31,1,9,0.45,0.4519
WLDS,-0.4831074694203321,2,1,9,0.95,0.8766
WLFC,0.19714754330149278,88,0,0,0.2,0.0677
WLK,-0.27653555881464265,9,1,53,1.0,0.4594
WLKP,-0.030993045646866068,46,1,1,0.55,0.1004
WLTH,-0.2018082124720726,14,1,18,0.9,0.3904
WLY,0.12431442732649331,81,0,0,0.05,0.0372
WLYB,0.11375926850006898,80,0,0,0.05,0.0162
WM,-0.02117604719616243,50,0,0,0.5,0.1738
WMB,-0.006647980173400854,55,0,0,0.6,0.1229
WMG,-0.12286204757160907,25,1,22,1.0,0.2308
WMK,0.06448757313653986,72,0,0,0.1,0.0622
WMS,0.05638315742378718,70,0,0,0.5,0.1814
WMT,-0.10098335407882549,28,1,4,0.9,0.2136
WNC,0.6209911230437064,97,0,0,0.15,0.0372
WNEB,0.024689543685389802,63,0,0,0.3,0.0745
WNW,0.031612827957841046,65,0,0,0.9,
WOK,-0.9257664287422613,0,1,31,1.0,
WOLF,0.38679054511386846,94,1,5,0.75,0.3919
WOOF,-0.09820025650120155,28,0,0,0.6,0.3246
WOR,-0.05722482917626932,36,1,4,0.2,0.1592
WPC,-0.020609422043801406,50,1,1,0.55,0.0809
WPM,-0.17734379879297915,17,1,7,0.9,0.3813
WPP,-0.09368607449322927,29,1,7,0.55,0.3459
WPRT,0.14812371153733578,84,0,0,0.65,0.072
WRAP,-0.14007830577872818,22,0,0,0.95,0.6043
WRB,0.05901670052194729,71,0,0,0.35,0.0992
WRBY,0.2427505491821396,90,0,0,0.4,0.036
WRD,-0.27171319742212685,9,1,17,0.85,0.4649
WRLD,0.42959260739877964,95,0,0,0.0,0.0
WRN,-0.23283093447661737,12,1,18,0.95,0.4883
WS,-0.08919504099177264,30,1,10,0.5,0.3215
WSBC,0.09912846613884854,78,0,0,0.2,0.0342
WSBCO,-0.04381459438106529,39,1,1,0.45,0.141
WSBF,0.07997183998387247,75,0,0,0.2,0.0281
WSBK,-0.009569866978732324,54,0,0,0.35,0.1273
WSC,0.23308797067319234,89,0,0,0.0,0.02
WSFS,0.052558798552446155,69,0,0,0.2,0.0246
WSHP,0.17575894573606468,86,0,0,0.9,
WSM,0.20392959454085818,88,0,0,0.0,0.0122
WSO,0.04142659207437432,67,0,0,0.4,0.1348
WSR,0.004557806398637454,58,1,1,0.45,0.0764
WST,0.16757855615641096,86,0,0,0.1,0.0055
WSTN,-0.03325009776645791,44,1,1,0.5,0.1382
WT,-0.0294009113406904,47,1,4,0.8,0.1378
WTBA,0.07424978400972021,74,0,0,0.2,0.045
WTF,-0.19769653720053504,15,1,31,1.0,0.513
WTFC,0.05670321844601276,70,0,0,0.15,0.0751
WTFCN,-0.026307771561477924,48,0,0,0.45,0.113
WTG,-0.03089997450654083,46,1,1,0.5,0.1373
WTGUU,-0.114629854004243,26,1,12,0.95,0.1998
WTI,-0.17871622270995927,17,1,10,0.85,0.3506
WTM,-0.06688237111315398,34,0,0,0.9,0.1892
WTO,-0.5657622856669642,2,1,63,1.0,
WTRG,-0.03014160509238957,46,0,0,0.5,0.1963
WTS,0.1507954233556837,84,0,0,0.1,0.0517
WTTR,0.11182947028657109,79,0,0,0.3,0.0326
WTW,-0.053324931135901366,37,0,0,0.4,0.2799
WU,-0.10929675734765087,27,0,0,0.9,0.2716
WULF,0.15726210131152066,85,1,3,0.2,0.1201
WVE,-0.19585552960361835,15,1,5,0.95,0.6946
WVVI,-0.09722078623356512,29,1,6,0.75,0.2594
WVVIP,-0.09828150875485309,28,1,4,0.95,0.3253
WW,0.17241667815152326,86,1,3,0.15,0.5591
WWD,0.14709669450295113,84,0,0,0.2,0.0388
WWR,-0.20009804990685898,15,1,33,1.0,0.6269
WWW,-0.08707084792609632,30,1,1,0.4,0.2386
WXM,-0.04253038344327045,40,1,1,0.55,
WY,-0.02594230878851942,48,1,1,0.25,0.155
WYFI,0.8849043564163088,98,0,0,0.3,0.2028
WYHG,0.26428602189808326,91,1,3,0.2,0.4291
WYNN,-0.06218965121252683,35,1,3,0.3,0.2525
WYY,1.2750725356241601,99,0,0,0.0,0.1763
XAIR,-0.11438862669359778,26,0,0,0.75,
XBIO,-0.09435214379830353,29,1,9,0.7,0.2439
XBIT,-0.08179403822771564,31,1,38,1.0,0.1973
XBP,-0.19603874580843955,15,0,0,0.8,0.7286
XCH,-0.05531448793683427,36,0,0,0.7,
XCUR,-0.37950385325836317,4,1,19,0.95,0.6836
XEL,0.004639396212458076,58,0,0,0.55,0.1125
XELB,-0.16792760035478552,18,1,7,0.75,0.2827
XENE,0.06054561373948026,71,0,0,0.65,0.1276
XERS,0.24055294596680812,90,0,0,0.2,0.1188
XFLT,-0.04224350940527356,40,1,1,0.95,0.2678
XFOR,-0.011450965726943686,53,0,0,0.5,0.1748
XGN,0.30423910158123335,92,0,0,0.1,0.3019
XHG,-0.11460361748838921,26,1,11,0.85,
XHLD,0.17880192499065356,87,0,0,0.7,
XHR,0.21668849847115482,89,0,0,0.0,0.0247
XIFR,0.0355195640710125,66,0,0,0.45,0.0512
XLO,0.07825080545348284,74,0,0,0.45,0.1535
XMAX,0.09336075905765437,77,0,0,0.35,0.0
XMTR,0.5642982963266994,96,0,0,0.2,0.0175
XNCR,0.2702829773892614,91,0,0,0.25,0.0673
XNET,-0.1320552284718265,23,0,0,0.85,0.3903
XOM,-0.1436491753236784,22,1,12,0.9,0.3204
XOMA,0.05454750125451207,70,0,0,0.3,0.0332
XOMAO,-0.03031228195921487,46,1,1,0.45,0.1399
XOMAP,-0.034812187100865866,43,1,1,0.5,0.1555
XOS,0.4328863845462215,95,1,7,0.4,
XP,-0.10878240807929782,27,0,0,0.9,0.3338
XPEL,0.0399562491911603,67,0,0,0.4,0.1827
XPER,0.14975737100427455,84,0,0,0.2,0.0
XPEV,-0.2614600400728387,9,1,17,0.85,0.4498
XPL,-0.11587377918746078,26,1,7,0.95,0.2728
XPO,-0.06153331112011706,35,1,10,0.5,0.1417
XPOF,0.15475075630646393,85,0,0,0.3,0.2584
XPON,-0.24255234576235218,11,1,43,1.0,0.5396
XPRO,-0.1627611320603489,19,1,10,0.7,0.3214
XRAY,-0.0497652095111137,38,0,0,0.65,0.3213
XRN,0.0316551162744186,65,0,0,0.45,0.0447
XRPN,-0.03373682516161236,44,1,1,0.5,0.1411
XRPNU,-0.027520456379862314,47,1,1,0.5,0.1556
XRTX,-0.08255339979724086,31,1,1,0.9,0.3341
XRX,0.5416368161216194,96,0,0,0.1,0.1115
XTIA,-0.17899519978419692,17,1,11,0.8,0.4837
XTLB,-0.06418756315773211,35,1,2,0.7,
XTNT,-0.19138030570252332,15,1,35,1.0,0.4954
XWEL,-0.21674896852787628,13,1,15,0.85,
XXI,-0.31197295465934144,7,1,33,1.0,0.5048
XXII,-0.8164707152079829,0,1,111,1.0,0.9876
XYF,0.10552025528181078,79,0,0,0.3,0.2244
XYL,-0.007957037776733601,55,0,0,0.6,0.2529
XYZ,0.10026998197516435,78,0,0,0.4,0.0137
XZO,0.13812479031770997,83,0,0,0.7,0.3568
YAAS,-0.24197658021719842,11,1,7,0.7,
YALA,-0.12913057973852915,24,0,0,0.9,0.2885
YB,-0.058570531268956484,36,1,4,0.65,0.3638
YCBD,-0.1907937392630397,16,1,21,1.0,0.5253
YCY,-0.032396177900173885,45,1,1,0.5,0.1392
YDDL,-0.5875569507935776,1,1,55,1.0,
YDES,-0.49341962785541643,2,1,61,1.0,0.8238
YDKG,-0.044928336502196825,39,1,6,0.35,0.3389
YELP,-0.042612452047360895,40,0,0,0.75,0.2581
YETI,0.16276429545948404,85,0,0,0.0,0.0812
YEXT,0.1334567082948182,82,0,0,0.45,0.4703
YHC,0.015325137747852553,61,0,0,0.65,0.2482
YHGJ,-0.016820943890325016,52,1,11,0.6,0.3847
YHNA,-0.03489794005949021,43,1,1,0.5,0.1382
YHNAU,-0.050144185108406326,38,1,1,0.65,0.1219
YI,-0.3406903673567981,6,1,51,1.0,0.5485
YIBO,-0.08282491085864072,31,0,0,0.65,0.2368
YJ,-0.21589600807617412,13,1,10,0.75,0.3553
YMAT,0.3302540799158715,93,1,16,0.8,
YMM,-0.10068488869280497,28,1,17,0.85,0.3464
YMT,-0.6660511508674998,1,1,98,1.0,0.9826
YOOV,-0.6244876167592981,1,1,53,1.0,
YORW,-0.007315843718623795,55,0,0,0.5,0.1556
YOU,0.0059535911742437525,58,0,0,0.85,0.0959
YOUL,-0.42390743602380193,3,1,13,0.95,
YPF,-0.09142572213627051,30,1,10,0.5,0.2025
YQ,-0.10950008120105184,27,1,1,0.95,0.4527
YRD,-0.3744399806714422,5,1,70,1.0,0.7621
YSG,-0.006168329231880619,55,0,0,0.15,0.3538
YSXT,-0.06456610759621265,35,1,3,0.5,0.4376
YTRA,-0.10270271456805657,28,1,2,0.7,0.5583
YUM,-0.0009113664457745183,56,0,0,0.35,0.1292
YUMC,-0.13875889551221499,22,1,10,0.9,0.3385
YXT,-0.3166469757622851,7,1,11,0.8,0.6723
YYAI,-0.587998353284287,1,1,55,1.0,0.8943
YYGH,-0.9323770495174741,0,1,95,1.0,0.9968
Z,-0.23150151877502861,12,1,46,1.0,0.5848
ZBAO,-0.487072022243737,2,1,20,1.0,
ZBH,0.05115630231543831,69,0,0,0.2,0.1595
ZBIO,0.35478390189198505,93,0,0,0.5,
ZBRA,0.07873614636055865,74,0,0,0.55,0.1466
ZCMD,-1.0338021180644923,0,1,35,1.0,
ZD,0.12179284283933245,81,0,0,0.2,0.0
ZDAI,-0.17126756818691774,18,1,7,0.35,0.8248
ZDGE,-0.009688062028173836,54,0,0,0.4,0.2461
ZENA,-0.1858494922934248,16,0,0,0.9,0.715
ZEO,-0.21727871101755916,13,1,18,0.9,0.5966
ZEPP,-0.5903202082018737,1,1,36,1.0,0.8653
ZETA,0.05340631585292507,70,0,0,0.6,0.2466
ZG,-0.23628477217213234,11,1,43,1.0,0.5825
ZGN,-0.017225536020287723,51,1,8,0.4,0.1422
ZH,0.019755275366136964,62,0,0,0.5,0.2962
ZIM,-0.007934848938532468,55,0,0,0.4,0.1622
ZION,0.10424394327064904,79,0,0,0.15,0.0108
ZIONP,-0.06621910054334065,34,1,12,0.85,0.1679
ZIP,0.39250326258282175,94,0,0,0.45,0.0916
ZJK,-0.2440011044579822,11,1,12,0.95,0.3798
ZJYL,-0.0012315518137195683,56,1,3,0.55,0.6076
ZKH,-0.2734558434178836,9,1,12,0.9,0.4507
ZKIN,-0.1292433914219065,24,1,3,0.65,0.4184
ZLAB,-0.08761658985563386,30,0,0,0.65,0.3044
ZM,-0.10577050500689483,27,1,15,0.75,0.2308
ZNB,-0.6662858106694274,1,1,102,1.0,
ZNTL,0.3099287072188542,92,0,0,0.8,
ZONE,0.738600551951734,98,0,0,0.2,0.1816
ZOOZ,-0.09355928884603609,29,0,0,0.75,0.5152
ZS,-0.0006262484127127974,57,0,0,0.9,0.449
ZSQR,0.06669693417809097,72,1,1,0.4,0.3162
ZSTK,-0.38561143846087165,4,1,9,0.85,
ZTEK,-0.18564998655091422,16,1,1,0.95,0.595
ZTG,-0.3018616123076232,7,1,16,0.85,0.4288
ZTO,-0.09404922726618865,29,1,47,1.0,0.2163
ZTS,-0.2536127540353105,10,1,61,1.0,0.4832
ZUMZ,-0.30793228559464497,7,1,21,1.0,0.3911
ZURA,0.13906313318220856,83,0,0,0.7,0.2719
ZVIA,0.10865061527200076,79,0,0,0.55,0.3805
ZVRA,0.30517818732924495,92,0,0,0.15,0.0
ZWS,0.004731507885247191,58,0,0,0.35,0.1192
ZYBT,-0.22348143947737778,12,1,11,0.85,0.4674
ZYME,-0.10870917256711782,27,0,0,0.75,0.1936
